instances,row_original,class,ih,n_wrong,feature_kDN,feature_DS,feature_DCP,feature_TD_P,feature_TD_U,feature_CL,feature_CLD,feature_N1,feature_N2,feature_LSC,feature_LSR,feature_Harmfulness,feature_Usefulness,feature_F2,feature_F3,feature_F4,algo_knn,algo_tree,algo_nb,algo_logreg,algo_svm_rbf,algo_rf
1,0,2,0.4049140491239141,3,0.4,0.98,0.7183098591549295,1.0,0.3684210526315789,0.4579003865855029,0.4579003865855029,0.0,0.4542102028272895,0.9887640449438202,0.9200994258270958,0.0,1.0,0.1583793738489871,0.5344194553081352,0.7027027027027026,0.6,0.0,1.0,0.9709578638973432,0.5395578413591723,0.46
2,1,2,0.5430536826755781,3,0.6,1.0,0.3949579831932773,1.0,0.4736842105263157,0.5074260711613037,0.5074260711613037,0.0,0.3873266813528573,0.9887640449438202,0.9520562183429584,0.0,0.99438202247191,0.6666666666666666,0.7795803066989508,0.8190476190476191,0.2,0.0,0.7517448040509703,0.6315146356023206,0.8284184642932402,0.33
3,2,2,0.3989378078419495,2,0.3,0.9,0.3949579831932773,1.0,0.2105263157894736,0.4652785931790635,0.4652785931790635,0.0,0.3978412455821951,0.9887640449438202,0.947188968660205,0.0,0.9887640449438202,0.6842105263157894,0.8216122821385978,0.8686868686868686,0.6,0.0,0.928637021183465,0.6542317519642685,0.9235043798005694,0.5
4,3,2,0.1009735879564367,0,0.1,0.9,0.3949579831932773,1.0,0.2105263157894736,0.4581503715633186,0.4581503715633186,0.0,0.2310018610421836,0.9550561797752808,0.8396392084318374,0.0,0.9831460674157304,0.7027027027027026,0.8858269105793857,0.9504950495049505,1.0,1.0,0.9945326362106448,0.7148518419961442,0.8347739940545909,0.85
5,4,1,0.6044385279394915,5,0.5,0.86,0.2816901408450704,1.0,0.4210526315789473,0.5420954219306185,0.5420954219306185,0.5,0.4150030248033878,0.9964912280701754,0.9460453943446482,0.0112359550561797,0.9964912280701754,0.6842105263157894,0.8493206502141899,0.9662921348314606,0.4,1.0,9.63680863233898e-07,0.2466543521742421,0.3067135165079461,0.42
6,5,1,0.6703346552869871,3,0.6,0.98,0.2542372881355932,0.6666666666666666,0.631578947368421,0.2383778573853482,0.2383778573853482,1.0,0.999999999999951,0.9982456140350876,1.0,0.0056179775280898,1.0,0.6760563380281691,0.7043218661562873,0.7428571428571428,0.0,0.0,0.7631512886298513,0.5951123925889523,0.5820299743608608,0.0376984126984126
7,6,2,0.6215855783455275,4,0.3,1.0,0.3949579831932773,1.0,0.4736842105263157,0.7151870744345831,0.7151870744345831,0.0,0.4302533172496984,0.9719101123595506,0.974205048889821,0.0,1.0,0.7027027027027026,0.7250152250152251,0.7350427350427351,0.6,0.0,0.2480145289343066,0.4775996176874393,0.4195152404479463,0.5253571428571429
8,7,1,0.7766590689835412,6,0.8,0.98,0.6050420168067228,1.0,0.4736842105263157,0.4636197652677503,0.4636197652677503,1.0,0.6807530326482127,0.9982456140350876,0.9747081989465788,0.0056179775280898,1.0,0.6842105263157894,0.7891380066736682,0.8648648648648649,0.2,0.0,0.3955220960781397,0.4573838148131287,0.1471396752074841,0.14
9,8,2,0.5019147319655348,2,0.3,0.98,0.3949579831932773,1.0,0.631578947368421,0.6514103985121382,0.6514103985121382,0.5,0.4674512257105994,0.9887640449438202,0.9682532653384672,0.0035087719298245,1.0,0.7027027027027026,0.7497550362237773,0.7741935483870969,0.6,0.0,0.4274039128565931,0.5113948465040209,0.8697128488461773,0.58
10,9,2,0.3843968454885812,2,0.4,0.98,0.7183098591549295,1.0,0.3684210526315789,0.4579003865855029,0.4579003865855029,0.5,0.6252115059221658,0.99438202247191,0.9575385795073326,0.0017543859649122,0.99438202247191,0.1560798548094374,0.5585172362956071,0.7647058823529411,0.6,0.0,1.0,0.9282273957870296,0.8153915312814827,0.35
11,10,1,0.712087336638318,4,0.6,1.0,0.2816901408450704,1.0,0.5263157894736842,0.5420878832823547,0.5420878832823547,0.6666666666666666,0.5362413599850551,0.9982456140350876,0.914870147684148,0.0224719101123595,0.9982456140350876,0.7428571428571428,0.9107363900467348,0.9885057471264368,0.6,0.0,0.0005640086431541,0.3061823646116896,0.5207296069152484,0.3
12,11,1,0.3586757836239459,1,0.5,0.98,0.2542372881355932,0.6666666666666666,0.4210526315789473,0.2342516228207576,0.2342516228207576,0.6666666666666666,0.6016260162601625,0.9982456140350876,0.990058289197266,0.0112359550561797,1.0,0.6666666666666666,0.679680751173709,0.6880000000000001,0.6,1.0,0.7813685086504357,0.5296761365690377,0.6719006530368511,0.265
13,12,2,0.3147256105957007,1,0.4,0.9,0.3949579831932773,1.0,0.5263157894736842,0.6120405338602412,0.6120405338602412,0.2,0.3983739837398374,0.9775280898876404,0.9827182718271829,0.0035087719298245,0.9775280898876404,0.7027027027027026,0.7664528935715377,0.8135593220338984,0.6,1.0,0.4408798536121995,0.5251932278853146,0.7155732549282822,0.83
14,13,1,0.7345188947617958,6,0.6,0.98,0.6050420168067228,1.0,0.4736842105263157,0.4909047230451054,0.4909047230451054,1.0,0.6602105717057746,0.9982456140350876,0.9706159281805554,0.0112359550561797,1.0,0.6842105263157894,0.8230006835269994,0.9696969696969696,0.4,0.0,0.177068032576234,0.4574615329306031,0.2933570659223886,0.265
15,14,2,0.3583157484069275,3,0.3,0.92,0.3949579831932773,1.0,0.4210526315789473,0.7364907949658293,0.7364907949658293,0.0,0.0,0.9775280898876404,0.9859260778957144,0.0,0.9775280898876404,0.7027027027027026,0.7202263203610307,0.7328244274809159,0.8,1.0,0.2155982481838005,0.436237161649776,0.5155478775026365,0.8827222222222221
16,15,2,0.4520984253877492,3,0.4,0.96,0.3949579831932773,1.0,0.3157894736842105,0.7503423456102924,0.7503423456102924,0.5,0.3695980122459845,0.9831460674157304,0.985119739595443,0.0,0.9887640449438202,0.7027027027027026,0.7088253542798998,0.7111111111111111,0.6,1.0,0.1961120370386072,0.4259366643679265,0.4023845557907806,0.6629761904761905
17,16,2,0.4654122407770701,1,0.6,1.0,0.3949579831932773,1.0,0.5789473684210527,0.486945748398402,0.486945748398402,0.6666666666666666,0.4417418012483899,0.9887640449438202,0.9674676813108772,0.0017543859649122,0.9887640449438202,0.7027027027027026,0.8380493630146889,0.9795918367346936,0.6,0.0,0.8149458702079432,0.5274243319162747,0.6851563532133618,0.58
18,17,2,0.2085386059283586,0,0.6,0.9,0.3949579831932773,1.0,0.2105263157894736,0.4734600018594904,0.4734600018594904,0.0,0.3063945297735628,0.9887640449438202,0.9401855533858604,0.0,0.9887640449438202,0.7027027027027026,0.8488409303454726,0.9896907216494848,0.6,1.0,0.958134517489928,0.5852344858926166,0.7953993610473027,0.81
19,18,2,0.392021546812048,3,0.3,0.92,0.3949579831932773,1.0,0.4210526315789473,0.7364907949658293,0.7364907949658293,0.0,0.0,0.9775280898876404,0.9859260778957144,0.0,0.9775280898876404,0.7027027027027026,0.7202263203610307,0.7328244274809159,0.8,1.0,0.2156106045041241,0.4428968306155219,0.3440061411509229,0.8453571428571428
20,19,2,0.4561495643972508,3,0.5,0.96,0.7457627118644068,0.6666666666666666,0.631578947368421,0.759994966702431,0.759994966702431,0.5,0.0,0.9887640449438202,0.9906724038785668,0.0,0.99438202247191,0.6760563380281691,0.688689760182718,0.7027027027027026,0.6,1.0,0.1817169458642709,0.4010414858365571,0.2445108485823333,0.8358333333333334
21,20,2,0.4551905690728537,4,0.5,0.96,0.7457627118644068,0.6666666666666666,0.631578947368421,0.759994966702431,0.759994966702431,1.0,0.0,0.9887640449438202,0.9906724038785668,0.0017543859649122,0.99438202247191,0.6760563380281691,0.688689760182718,0.7027027027027026,0.4,1.0,0.2318604439240785,0.4221195518927578,0.3161623040317561,0.8987142857142857
22,21,1,0.4171082030440103,1,0.6,0.94,0.6050420168067228,1.0,0.4736842105263157,0.4262984910137646,0.4262984910137646,0.5,0.3983739837398374,0.9964912280701754,0.9805926031154556,0.0,0.9929824561403509,0.7428571428571428,0.7835995290667969,0.8135593220338984,0.6,1.0,0.5000461616825835,0.5292028685138666,0.2181017515394877,0.65
23,22,2,0.4621561232695669,3,0.4,0.92,0.3949579831932773,1.0,0.4210526315789473,0.7365847083649231,0.7365847083649231,0.25,0.0,0.9719101123595506,0.9845981068506338,0.0,0.9775280898876404,0.7027027027027026,0.7216355981061864,0.7384615384615385,0.6,0.6666666666666666,0.2155249297117068,0.4316498152128013,0.5097218487914237,0.8035
24,23,2,0.4621561232695669,3,0.4,0.92,0.3949579831932773,1.0,0.4210526315789473,0.7365847083649231,0.7365847083649231,0.0,0.0,0.9719101123595506,0.9845981068506338,0.0,0.9775280898876404,0.7027027027027026,0.7216355981061864,0.7384615384615385,0.6,0.6666666666666666,0.2155249297117068,0.4316498152128013,0.5097218487914237,0.8035
25,24,1,0.1936022135408528,0,0.5,1.0,0.1076115485564304,0.3333333333333333,0.4736842105263157,0.2873091322463472,0.2873091322463472,1.0,0.5053101988384505,0.9982456140350876,0.9339198105227542,0.0,0.9982456140350876,0.7384615384615385,0.7818130247333787,0.8666666666666667,1.0,1.0,0.7717035238846549,0.5867791048060973,0.6399040900641305,0.84
26,25,1,0.790042895384301,6,0.7,0.98,0.6050420168067228,1.0,0.5789473684210527,0.5132107696853515,0.5132107696853515,0.6666666666666666,0.5614733943149406,0.9982456140350876,0.9723913083863296,0.0112359550561797,0.9982456140350876,0.7428571428571428,0.8296051082092483,0.9056603773584908,0.2,0.0,0.1498540599475487,0.4953270517654534,0.3145615159811923,0.1
27,26,1,0.6699952821548318,3,0.9,0.98,0.6050420168067228,1.0,0.4736842105263157,0.2598708668904312,0.2598708668904312,1.0,0.0,0.9964912280701754,0.9915071624647498,0.0112359550561797,0.9982456140350876,0.7226890756302521,0.7288770053475935,0.7428571428571428,0.0,0.0,0.790206278547884,0.6080218544542828,0.5368001740688418,0.045
28,27,2,0.5100472739631845,2,0.5,0.92,0.3949579831932773,1.0,0.5789473684210527,0.5372661504752205,0.5372661504752205,1.0,0.6350656297576431,0.99438202247191,0.9772990212138586,0.0017543859649122,1.0,0.7428571428571428,0.8018691588785046,0.8571428571428572,0.6,0.0,0.6681955331202432,0.5143942790303668,0.7571265440702831,0.4
29,28,2,0.3177600312324516,3,0.3,0.96,0.3949579831932773,1.0,0.3157894736842105,0.7538751331316629,0.7538751331316629,0.0,0.260752519877293,0.9606741573033708,0.9755079182352758,0.0,0.9831460674157304,0.7107438016528926,0.7188639643185097,0.7428571428571428,1.0,1.0,0.2547274779292098,0.3987123346760802,0.5,0.94
30,29,1,0.5935029327388694,3,0.7,1.0,0.6050420168067228,1.0,0.4210526315789473,0.3086813208977665,0.3086813208977665,1.0,0.5873287671232877,0.9982456140350876,0.9777102304967642,0.0056179775280898,1.0,0.7428571428571428,0.7516273291925464,0.7679999999999999,0.4,0.0,0.7063712271930135,0.576974745891973,0.583136430481797,0.1725
31,30,1,0.6541630358294084,4,0.4,0.86,0.2816901408450704,1.0,0.4210526315789473,0.5107190410045214,0.5107190410045214,1.0,0.8299930609412629,0.9982456140350876,0.985869860225268,0.0056179775280898,1.0,0.6842105263157894,0.819297590503518,0.9230769230769232,0.4,0.0,0.2047143747122594,0.5016668305211462,0.4786405797901436,0.49
32,31,2,0.2419288905427986,2,0.4,0.9,0.3949579831932773,1.0,0.5263157894736842,0.6157672536828346,0.6157672536828346,0.0,0.0,0.9775280898876404,0.9829137945133656,0.0017543859649122,0.9775280898876404,0.7428571428571428,0.7764915036101476,0.8135593220338984,1.0,1.0,0.4097946681132055,0.4418522992266542,0.726779689403349,0.97
33,32,2,0.2646926084062263,2,0.4,0.9,0.3949579831932773,1.0,0.5263157894736842,0.6157672536828346,0.6157672536828346,0.0,0.0,0.9775280898876404,0.9829137945133656,0.0,0.9775280898876404,0.7428571428571428,0.7764915036101476,0.8135593220338984,0.8,1.0,0.4926250988510403,0.4615932461810584,0.7476260045305438,0.91
34,33,2,0.4149167205883236,3,0.2,0.98,0.3949579831932773,1.0,0.631578947368421,0.6564371476660635,0.6564371476660635,0.25,0.5,0.99438202247191,0.9914983212349708,0.0,0.99438202247191,0.7428571428571428,0.766245259165613,0.8,0.6,1.0,0.3578351950800673,0.4272981179320237,0.4569854110770152,0.6683809523809522
35,34,1,0.6790381443447284,5,0.5,0.86,0.2816901408450704,1.0,0.4210526315789473,0.5335291447596399,0.5335291447596399,0.5,0.3131446707220312,0.9964912280701754,0.9470061285429576,0.0,0.9982456140350876,0.7027027027027026,0.8282009282009282,0.8727272727272728,0.6,0.0,0.0181814420390624,0.4701885245257363,0.3774011673668303,0.46
36,35,2,0.597814384126705,4,0.5,0.98,0.3949579831932773,1.0,0.7368421052631579,0.689048506803345,0.689048506803345,0.5,0.6016260162601625,0.99438202247191,0.9889389999012412,0.0,1.0,0.7027027027027026,0.7529785496624111,0.8135593220338984,0.6,0.0,0.293669826491975,0.4364501851332625,0.4379936836145321,0.645
37,36,2,0.4470111461855411,4,0.5,1.0,0.3949579831932773,1.0,0.631578947368421,0.5389248086557279,0.5389248086557279,0.75,0.5,0.9887640449438202,0.9753956100051048,0.0017543859649122,1.0,0.7027027027027026,0.8199690769784227,0.9696969696969696,0.6,0.5,0.7028219274136852,0.4824325888944386,0.5885119399119626,0.4441666666666666
38,37,2,0.5132895643228208,4,0.2,0.92,0.3949579831932773,1.0,0.4210526315789473,0.74029915251111,0.74029915251111,0.6666666666666666,0.5647058823529412,0.99438202247191,0.9922179823413012,0.0035087719298245,0.9887640449438202,0.7226890756302521,0.7316742081447963,0.7428571428571428,0.6,1.0,0.1591005581163537,0.4044282292109371,0.3867338267357844,0.37
39,38,2,0.3764064272025186,4,0.6,0.96,0.7183098591549295,1.0,0.3157894736842105,0.4885489228692798,0.4885489228692798,0.6666666666666666,0.775120133902057,0.99438202247191,0.9873817321412882,0.0070175438596491,1.0,0.7027027027027026,0.8261611125688796,0.9320388349514562,0.4,1.0,0.906632384130036,0.4966361683522781,0.5882928843025749,0.35
40,39,2,0.7023438259094844,6,0.5,1.0,0.3949579831932773,1.0,0.8947368421052632,0.7202279389909729,0.7202279389909729,1.0,0.6211340206185567,0.99438202247191,0.9878583993356608,0.0017543859649122,1.0,0.7350427350427351,0.7467840403324275,0.7741935483870969,0.4,0.0,0.238482359142615,0.3842127184359621,0.5232419669645163,0.24
41,40,2,0.5776605491315892,5,0.5,0.96,0.7183098591549295,1.0,0.3157894736842105,0.5099227297854877,0.5099227297854877,0.5,0.6168521462639109,0.99438202247191,0.9741110753034696,0.0017543859649122,1.0,0.7027027027027026,0.8276237276237277,0.9696969696969696,0.4,0.0,0.7426458842868353,0.4580574875902957,0.5,0.4333333333333333
42,41,1,0.4857099129146374,3,0.6,0.94,0.6050420168067228,1.0,0.4736842105263157,0.2493609847575681,0.2493609847575681,1.0,0.0,0.9964912280701754,1.0,0.0056179775280898,0.9982456140350876,0.7027027027027026,0.7156629611175066,0.7384615384615385,0.4,0.3333333333333333,0.8041671694076876,0.5967223138300211,0.6200891345125622,0.3314285714285714
43,42,2,0.5492001169804679,4,0.4,0.94,0.3949579831932773,1.0,0.4736842105263157,0.7506390152424318,0.7506390152424318,0.0,0.0,0.99438202247191,1.0,0.0,1.0,0.7027027027027026,0.7156629611175066,0.7384615384615385,0.6,0.5,0.1820106332965894,0.4213206247322316,0.4341347067550379,0.5673333333333334
44,43,1,0.450799883019532,2,0.6,0.94,0.6050420168067228,1.0,0.4736842105263157,0.2493609847575681,0.2493609847575681,1.0,0.0,0.9964912280701754,1.0,0.0393258426966292,0.9982456140350876,0.7027027027027026,0.7156629611175066,0.7384615384615385,0.4,0.5,0.8179893667034107,0.5786793752677684,0.565865293244962,0.4326666666666666
45,44,2,0.2943374457834218,2,0.5,0.92,0.7183098591549295,1.0,0.5263157894736842,0.4582061465525963,0.4582061465525963,0.5,0.2033607190908309,0.9831460674157304,0.8970824812038417,0.0017543859649122,0.9887640449438202,0.7428571428571428,0.8669374104156712,0.9450549450549448,0.4,1.0,0.9980448729806984,0.5359304523187712,0.5,0.8
46,45,2,0.5965446465365274,4,0.3,0.98,0.3949579831932773,1.0,0.7894736842105263,0.6570343276718265,0.6570343276718265,0.0,0.999999999999808,0.99438202247191,1.0,0.0017543859649122,1.0,0.7428571428571428,0.7696350896740877,0.8135593220338984,0.6,0.0,0.4185738103584201,0.4309191280346956,0.7112391823877192,0.26
47,46,1,0.6863096554079051,4,0.8,1.0,0.6050420168067228,1.0,0.7368421052631579,0.3439440068749142,0.3439440068749142,1.0,0.5893719806763286,0.9982456140350876,0.9773526836933883,0.0168539325842696,1.0,0.7027027027027026,0.7743884673088212,0.8727272727272726,0.2,0.0,0.6579735418427974,0.5740813221603076,0.3800872035494645,0.07
48,47,1,0.208149952705367,0,0.3,0.96,0.2542372881355932,0.6666666666666666,0.2631578947368421,0.2437537735496582,0.2437537735496582,0.5,0.0,0.9912280701754386,0.9924329693812816,0.0,0.9964912280701754,0.6666666666666666,0.6809250195076967,0.7027027027027026,0.6,1.0,0.8136862870032454,0.6087339433433616,0.8007082472266793,0.9279718061945113
49,48,1,0.1512200300215802,0,0.3,0.96,0.2542372881355932,0.6666666666666666,0.2631578947368421,0.2437537735496582,0.2437537735496582,0.0,0.0,0.9912280701754386,0.9924329693812816,0.0,0.9964912280701754,0.6666666666666666,0.6809250195076967,0.7027027027027026,1.0,1.0,0.7695685591079375,0.5975896372501142,0.7681251588660027,0.9573964646464648
50,49,1,0.1693721301342686,0,0.3,0.96,0.2542372881355932,0.6666666666666666,0.2631578947368421,0.2437537735496582,0.2437537735496582,0.0,0.0,0.9912280701754386,0.9924329693812816,0.0,0.9964912280701754,0.6666666666666666,0.6809250195076967,0.7027027027027026,0.8,1.0,0.8144328534144244,0.6178611853334322,0.7918427052384702,0.9596304752080612
51,50,1,0.7265011889987767,5,0.5,0.98,0.6050420168067228,1.0,0.631578947368421,0.4228670635314949,0.4228670635314949,0.6666666666666666,0.9999999999999444,0.9982456140350876,1.0,0.0224719101123595,0.9982456140350876,0.7027027027027026,0.8101710885197124,0.9600000000000002,0.2,0.0,0.4447928589488119,0.5547519947950196,0.4014480122635088,0.04
52,51,2,0.6025231886743445,4,0.6,0.98,0.3949579831932773,1.0,0.631578947368421,0.577132936468505,0.577132936468505,0.0,0.999999999999922,0.99438202247191,1.0,0.0052631578947368,0.9887640449438202,0.7027027027027026,0.8101710885197124,0.9600000000000002,0.6,0.0,0.5029361215593245,0.4373631100515132,0.5645616363430949,0.28
53,52,1,0.6305701798778638,4,0.7,0.98,0.6050420168067228,1.0,0.8947368421052632,0.2625217699203754,0.2625217699203754,0.0,0.9999999999998328,0.9982456140350876,1.0,0.0056179775280898,1.0,0.7027027027027026,0.730568600587576,0.7741935483870969,0.4,0.0,0.718359363397781,0.581011813080772,0.3738744109209304,0.1433333333333333
54,53,1,0.6617504785358146,4,0.5,0.98,0.2816901408450704,1.0,0.3684210526315789,0.4590369141111003,0.4590369141111003,1.0,0.6144000000000001,0.9982456140350876,0.9719144298789898,0.0056179775280898,0.9982456140350876,0.7027027027027026,0.8224427937378538,0.979591836734694,0.4,0.0,0.3654626876922641,0.5558097317892567,0.4882247093035912,0.22
55,54,2,0.5631359830492009,4,0.3,1.0,0.3949579831932773,1.0,0.4210526315789473,0.7540061932265802,0.7540061932265802,0.0,0.3379310344827585,0.9662921348314608,0.9850967953075044,0.0,0.9719101123595506,0.7107438016528926,0.7229043683589138,0.7428571428571428,1.0,0.0,0.1385601615341528,0.3795475407330682,0.3130763994375735,0.79
56,55,2,0.2812824261471185,1,0.7,0.92,0.7183098591549295,1.0,0.5263157894736842,0.4586844796616458,0.4586844796616458,0.0,0.2552732760789105,0.9831460674157304,0.9253166609610638,0.0,0.99438202247191,0.7428571428571428,0.856775529286048,0.9247311827956988,0.6,1.0,0.9852617755654997,0.5214467231639796,0.3655969443878091,0.84
57,56,2,0.4749119305693563,4,0.5,0.98,0.3949579831932773,1.0,0.8421052631578947,0.6925156171118494,0.6925156171118494,0.5,0.6620689655172414,0.99438202247191,0.991637608162211,0.0052631578947368,1.0,0.7428571428571428,0.7596273291925464,0.8,0.4,1.0,0.3592979453951606,0.4110913552761419,0.6801391159125603,0.3
58,57,2,0.7044967549441896,6,0.5,0.98,0.3949579831932773,1.0,0.7368421052631579,0.7178482679855943,0.7178482679855943,0.5,0.7966804979253113,0.99438202247191,0.9958069484853672,0.0035087719298245,1.0,0.7027027027027026,0.7465868737055178,0.8135593220338984,0.4,0.0,0.2461673242202997,0.4073441676691961,0.3651746451120329,0.3543333333333334
59,58,1,0.3587320651382185,1,0.3,0.86,0.2816901408450704,1.0,0.4210526315789473,0.5320988426853771,0.5320988426853771,0.0,0.3790123456790124,0.9947368421052633,0.9145965799823282,0.0,0.9947368421052633,0.7027027027027026,0.7989954879718658,0.8686868686868686,0.6,1.0,0.1066707698098012,0.586217946508441,0.7747188928524468,0.78
60,59,1,0.5447619012783869,3,0.8,1.0,0.6050420168067228,1.0,0.4736842105263157,0.2621093265680907,0.2621093265680907,0.6666666666666666,0.5,0.9982456140350876,0.9899388601561953,0.0056179775280898,1.0,0.7222222222222222,0.7339000933706815,0.7679999999999999,0.4,0.0,0.7829889405672612,0.6107339557294387,0.6880390293663128,0.2496666666666666
61,60,1,0.6763904088435638,4,0.7,1.0,0.6050420168067228,1.0,0.6842105263157895,0.2818380785481692,0.2818380785481692,1.0,0.7823529411764706,0.9982456140350876,0.9954067892367364,0.0168539325842696,1.0,0.7027027027027026,0.7483252483252483,0.8205128205128205,0.2,0.0,0.6870206402940195,0.5872529883362156,0.3438839183083819,0.1235
62,61,2,0.3780721364729406,3,0.1,0.8200000000000001,0.3949579831932773,1.0,0.631578947368421,0.6916880095945522,0.6916880095945522,0.0,0.3788659793814433,0.9775280898876404,0.97838758855708,0.0,0.9831460674157304,0.7027027027027026,0.7658049353701527,0.8648648648648649,0.8,1.0,0.2489585300728005,0.4045236891019589,0.4280849619875967,0.85
63,62,1,0.4322338749681154,0,0.3,1.0,0.6050420168067228,1.0,0.4736842105263157,0.3783080880476723,0.3783080880476723,0.0,0.3024691358024691,0.9947368421052633,0.962795981503288,0.0056179775280898,0.9947368421052633,0.7027027027027026,0.8104857434754342,0.9896907216494848,0.6,0.5,0.5724082370879291,0.6061462320570412,0.6212089477130035,0.5068333333333335
64,63,2,0.3967210062621839,3,0.3,0.96,0.3949579831932773,1.0,0.4736842105263157,0.7541674944860703,0.7541674944860703,0.4,0.0,0.9775280898876404,0.9900560194482612,0.0,0.9719101123595506,0.7107438016528926,0.7257015711561166,0.7428571428571428,0.8,1.0,0.1903705226663286,0.3559332625542379,0.3467035105396637,0.9266666666666667
65,64,2,0.5084526554458102,4,0.6,0.96,0.7457627118644068,0.6666666666666666,0.631578947368421,0.7597751671311685,0.7597751671311685,0.5,0.7109144542772861,0.99438202247191,0.9926783713111692,0.0017543859649122,1.0,0.6880000000000001,0.6948581574275006,0.7027027027027026,0.4,1.0,0.1724021116281526,0.3933999712466762,0.2422518257201515,0.7412301587301587
66,65,1,0.3104490776926475,1,0.4,0.86,0.2816901408450704,1.0,0.4210526315789473,0.5327098999293914,0.5327098999293914,0.5,0.610337972166998,0.9982456140350876,0.964891501433,0.0056179775280898,0.9964912280701754,0.7222222222222222,0.8148989898989898,0.8686868686868686,1.0,1.0,0.0590363291039644,0.5833887654975758,0.7048804392425753,0.79
67,66,2,0.6324006048072925,5,0.7,0.96,0.7457627118644068,0.6666666666666666,0.631578947368421,0.7581293157736716,0.7581293157736716,0.7777777777777778,0.0,0.99438202247191,1.0,0.0035087719298245,0.99438202247191,0.6991869918699187,0.7070873534288169,0.7272727272727273,0.4,0.5,0.1333012295814505,0.383432530152413,0.2607435638033332,0.5281190476190475
68,67,1,0.2239516064191226,0,0.3,0.98,0.2542372881355932,0.6666666666666666,0.4210526315789473,0.2380842467513519,0.2380842467513519,0.0,0.5,0.9964912280701754,0.990205346248506,0.0,1.0,0.6666666666666666,0.6742634283390633,0.6771653543307087,0.8,1.0,0.8227537459399178,0.5784949958717014,0.7999662228482487,0.6550753968253968
69,68,1,0.6181207324583355,3,0.7,1.0,0.6050420168067228,1.0,0.8947368421052632,0.2790831268360978,0.2790831268360978,0.6666666666666666,0.5663265306122449,0.9982456140350876,0.9895849222682614,0.0112359550561797,1.0,0.7350427350427351,0.7515827606736698,0.7933884297520662,0.2,0.0,0.8088315528215558,0.6130045448717376,0.5994395075566938,0.07
70,69,1,0.2096608555372007,0,0.2,0.96,0.2816901408450704,1.0,0.4210526315789473,0.3331004011891711,0.3331004011891711,0.0,0.3115427848812702,0.987719298245614,0.942855226826758,0.0,0.9947368421052633,0.6842105263157894,0.7990062854426458,0.9896907216494844,1.0,1.0,0.6198849409010923,0.6171957241694365,0.5849542017062671,0.92
71,70,1,0.2370993304853258,0,0.4,0.9,0.2542372881355932,0.6666666666666666,0.631578947368421,0.2417122993334581,0.2417122993334581,0.6666666666666666,0.0,0.9947368421052633,1.0,0.0,1.0,0.6991869918699187,0.7098845562260196,0.7384615384615385,0.8,0.8,0.8152285640302509,0.6244617830213977,0.7241184319411591,0.8135952380952378
72,71,1,0.2973097330830875,0,0.4,0.9,0.2542372881355932,0.6666666666666666,0.631578947368421,0.2417122993334581,0.2417122993334581,1.0,0.0,0.9929824561403509,1.0,0.0,1.0,0.6991869918699187,0.7098845562260196,0.7384615384615385,0.6,0.75,0.8281963750903732,0.6149908699680706,0.7020019754906499,0.720952380952381
73,72,2,0.6150751700944588,5,0.6,0.92,0.7183098591549295,1.0,0.5263157894736842,0.4622942982722008,0.4622942982722008,0.3333333333333333,0.5777504211481146,0.99438202247191,0.9773783613977722,0.0035087719298245,0.9831460674157304,0.7428571428571428,0.8341414599146557,0.8865979381443299,0.2,0.0,0.9723076596885448,0.436615837721809,0.3606254820228932,0.34
74,73,1,0.3139111975338252,0,0.3,0.88,0.2542372881355932,0.6666666666666666,0.631578947368421,0.2439458558098621,0.2439458558098621,0.2307692307692307,0.0,0.9982456140350876,1.0,0.0168539325842696,1.0,0.6760563380281691,0.6832724373480723,0.7027027027027026,0.6,0.6,0.8603336468920324,0.6299138236071973,0.8019083601708352,0.6243769841269842
75,74,2,0.672911779531489,6,0.8,0.88,0.7457627118644068,0.6666666666666666,0.631578947368421,0.7560541441901378,0.7560541441901378,1.0,0.0,0.9831460674157304,1.0,0.0052631578947368,1.0,0.6760563380281691,0.6832724373480723,0.7027027027027026,0.4,0.4,0.1855857030426977,0.3733595928553474,0.2023102173892119,0.4012738095238095
76,75,2,0.6380678262623367,5,0.8,0.88,0.7457627118644068,0.6666666666666666,0.631578947368421,0.7560541441901378,0.7560541441901378,1.0,0.0,0.9887640449438202,1.0,0.0070175438596491,0.9887640449438202,0.6760563380281691,0.6832724373480723,0.7027027027027026,0.4,0.5,0.1814003595419162,0.3891303783788266,0.1994511933941263,0.501611111111111
77,76,2,0.8290648181886879,6,0.7,0.9,0.7457627118644068,0.6666666666666666,0.631578947368421,0.7582877006665418,0.7582877006665418,0.0,0.999999999999808,0.99438202247191,1.0,0.0087719298245614,1.0,0.6991869918699187,0.7098845562260196,0.7384615384615385,0.2,0.0,0.1851142270407836,0.3802376738375971,0.2302591899894915,0.03
78,77,1,0.3619321737376634,1,0.3,0.88,0.2542372881355932,0.6666666666666666,0.631578947368421,0.2439458558098621,0.2439458558098621,0.0,0.0,0.9982456140350876,1.0,0.0,1.0,0.6760563380281691,0.6832724373480723,0.7027027027027026,0.6,0.5,0.8185996404580838,0.6108696216211734,0.8005488066058737,0.498388888888889
79,78,1,0.3619321737376634,1,0.3,0.88,0.2542372881355932,0.6666666666666666,0.631578947368421,0.2439458558098621,0.2439458558098621,0.0,0.0,0.9982456140350876,1.0,0.0,0.9929824561403509,0.6760563380281691,0.6832724373480723,0.7027027027027026,0.6,0.5,0.8185996404580838,0.6108696216211734,0.8005488066058737,0.498388888888889
80,79,1,0.3270882204685111,0,0.3,0.88,0.2542372881355932,0.6666666666666666,0.631578947368421,0.2439458558098621,0.2439458558098621,0.0,0.0,0.9982456140350876,1.0,0.0,0.9947368421052633,0.6760563380281691,0.6832724373480723,0.7027027027027026,0.6,0.6,0.8144142969573019,0.6266404071446525,0.7976897826107882,0.5987261904761906
81,80,2,0.7223262210189475,6,0.5,0.98,0.3949579831932773,1.0,0.7894736842105263,0.7413832134893015,0.7413832134893015,0.5,0.5215686274509803,0.99438202247191,0.9868109563049496,0.0,1.0,0.7226890756302521,0.742180774748924,0.7804878048780488,0.4,0.0,0.1573277725961746,0.3625344085892343,0.3381804927009059,0.408
82,81,1,0.1709351818113119,0,0.4,0.9,0.2542372881355932,0.6666666666666666,0.631578947368421,0.2417122993334581,0.2417122993334581,1.0,0.0,0.9947368421052633,1.0,0.0056179775280898,0.9947368421052633,0.6991869918699187,0.7098845562260196,0.7384615384615385,0.8,1.0,0.8148857729592163,0.6197623261624028,0.7697408100105085,0.97
83,82,1,0.2240779217713181,0,0.4,0.9,0.2542372881355932,0.6666666666666666,0.631578947368421,0.2417122993334581,0.2417122993334581,1.0,0.0,0.9947368421052633,1.0,0.0,0.9929824561403509,0.6991869918699187,0.7098845562260196,0.7384615384615385,0.8,0.8,0.8671007472699711,0.6284728159822826,0.7476096997706317,0.8123492063492063
84,83,1,0.2973097330830875,0,0.4,0.9,0.2542372881355932,0.6666666666666666,0.631578947368421,0.2417122993334581,0.2417122993334581,1.0,0.0,0.9947368421052633,1.0,0.0,0.9929824561403509,0.6991869918699187,0.7098845562260196,0.7384615384615385,0.6,0.75,0.8281963750903732,0.6149908699680706,0.7020019754906499,0.720952380952381
85,84,2,0.5222209512084832,4,0.6,0.96,0.3949579831932773,1.0,0.8421052631578947,0.7389335862233216,0.7389335862233216,0.25,0.0,0.9887640449438202,1.0,0.0,1.0,0.7027027027027026,0.7404100439992763,0.8135593220338984,0.6,0.5,0.2779426137621021,0.3880815433420467,0.5423168023116175,0.5583333333333333
86,85,1,0.6012878764491254,3,0.5,0.96,0.6050420168067228,1.0,0.8421052631578947,0.2610664137766784,0.2610664137766784,0.0,0.999999999999808,0.9982456140350876,1.0,0.0112359550561797,1.0,0.7027027027027026,0.7404100439992763,0.8135593220338984,0.2,0.0,0.837784410257526,0.6270295196728817,0.6657921447081734,0.0616666666666666
87,86,1,0.3759196991407494,1,0.4,0.84,0.2542372881355932,0.6666666666666666,0.631578947368421,0.2404988980957347,0.2404988980957347,0.0,0.0,0.9912280701754386,1.0,0.0,1.0,0.6760563380281691,0.6933110473866823,0.7428571428571428,0.4,0.5714285714285714,0.771894991238802,0.6532791480067495,0.7780578601601462,0.5698212343212343
88,87,1,0.2823905291387212,0,0.4,0.84,0.2542372881355932,0.6666666666666666,0.631578947368421,0.2404988980957347,0.2404988980957347,0.0,0.0,0.9929824561403509,1.0,0.0168539325842696,0.9912280701754386,0.6760563380281691,0.6933110473866823,0.7428571428571428,0.6,0.7142857142857143,0.8196548836913821,0.6724007504552876,0.7963148107346226,0.7030006660006659
89,88,1,0.3759196991407494,1,0.4,0.84,0.2542372881355932,0.6666666666666666,0.631578947368421,0.2404988980957347,0.2404988980957347,0.0,0.0,0.9912280701754386,1.0,0.0,1.0,0.6760563380281691,0.6933110473866823,0.7428571428571428,0.4,0.5714285714285714,0.771894991238802,0.6532791480067495,0.7780578601601462,0.5698212343212343
90,89,2,0.3932767502166303,3,0.3,0.8200000000000001,0.3949579831932773,1.0,0.631578947368421,0.7203854989343407,0.7203854989343407,0.0,0.3333333333333333,0.9719101123595506,0.9740809309706426,0.0,0.9887640449438202,0.7027027027027026,0.7594132594132594,0.8648648648648649,0.8,1.0,0.2252667221058066,0.3726162767792269,0.4471231664818514,0.7953333333333333
91,90,2,0.7176094708612788,6,0.7,0.84,0.7457627118644068,0.6666666666666666,0.631578947368421,0.7595011019042652,0.7595011019042652,1.0,0.0,0.99438202247191,1.0,0.0105263157894736,1.0,0.6760563380281691,0.6933110473866823,0.7428571428571428,0.4,0.2857142857142857,0.1803451163086176,0.3275992495447124,0.2036851892653774,0.2969993339993338
92,91,1,0.2981536562470102,0,0.4,0.84,0.2542372881355932,0.6666666666666666,0.631578947368421,0.2404988980957347,0.2404988980957347,0.0,0.0,0.9929824561403509,1.0,0.0,0.9912280701754386,0.6760563380281691,0.6933110473866823,0.7428571428571428,0.6,0.6666666666666666,0.8278223910627408,0.6578906769185605,0.8003334427550861,0.658364885114885
93,92,1,0.2718006342422562,0,0.4,0.84,0.2542372881355932,0.6666666666666666,0.631578947368421,0.2404988980957347,0.2404988980957347,0.0,0.0,0.9929824561403509,1.0,0.0,0.9912280701754386,0.6760563380281691,0.6933110473866823,0.7428571428571428,0.8,0.625,0.8658843071180566,0.6689412401076902,0.8010273794774484,0.6083432678432678
94,93,1,0.2981536562470102,0,0.4,0.84,0.2542372881355932,0.6666666666666666,0.631578947368421,0.2404988980957347,0.2404988980957347,0.0,0.0,0.9929824561403509,1.0,0.0,0.9912280701754386,0.6760563380281691,0.6933110473866823,0.7428571428571428,0.6,0.6666666666666666,0.8278223910627408,0.6578906769185605,0.8003334427550861,0.658364885114885
95,94,1,0.1525848672069848,0,0.0,0.84,0.1076115485564304,0.3333333333333333,0.3157894736842105,0.3100716213879264,0.3100716213879264,0.0,0.4020169216306298,0.9789473684210528,0.9111891289502878,0.0,1.0,0.7804878048780488,0.8303581048042896,0.9629629629629632,1.0,1.0,0.7404872518732761,0.6960371538027739,0.727966391082042,0.92
96,95,1,0.5822661905373321,3,0.5,0.98,0.6050420168067228,1.0,0.7894736842105263,0.2782474513718965,0.2782474513718965,0.5,0.536231884057971,0.9982456140350876,0.9880748969482483,0.0056179775280898,0.9982456140350876,0.7350427350427351,0.7566254837441279,0.8135593220338984,0.2,0.0,0.809826873250938,0.6308719682599542,0.6283706819317816,0.2373333333333333
97,96,1,0.4199774893604997,2,0.4,0.86,0.2816901408450704,1.0,0.4210526315789473,0.5371382618029066,0.5371382618029066,0.0,0.3853083132229341,0.9912280701754386,0.902295543827626,0.0,0.9947368421052633,0.7222222222222222,0.8056727064459024,0.8865979381443299,0.4,1.0,0.0208213245425186,0.6153430200070344,0.7539707192874491,0.69
98,97,2,0.5530226275939314,5,0.5,1.0,0.3949579831932773,1.0,0.7894736842105263,0.6610545808765462,0.6610545808765462,1.0,0.7474226804123711,0.99438202247191,0.9910413393024796,0.0035087719298245,1.0,0.7428571428571428,0.7884674813878353,0.8888888888888888,0.4,1.0,0.3163556907792759,0.3824608116681465,0.4037143986556556,0.1793333333333333
99,98,2,0.7228663564454916,5,0.6,1.0,0.7457627118644068,0.6666666666666666,0.631578947368421,0.7615435888482297,0.7615435888482297,0.5,0.5647058823529412,0.99438202247191,0.9925048575798916,0.0035087719298245,1.0,0.6991869918699187,0.717125963467427,0.7428571428571428,0.6,0.0,0.1831165915910004,0.3440685588298924,0.2264738537633011,0.3091428571428571
100,99,2,0.7377876517985347,6,0.5,0.98,0.3949579831932773,1.0,0.8421052631578947,0.7270414225607672,0.7270414225607672,1.0,0.6942221569635122,0.99438202247191,0.9905995522091616,0.0035087719298245,1.0,0.7350427350427351,0.7586978381096028,0.8,0.4,0.0,0.2103298398953796,0.3575736429492702,0.4653706063641422,0.14
101,100,2,0.4115231692960713,3,0.2,0.8200000000000001,0.3949579831932773,1.0,0.631578947368421,0.6953185475334931,0.6953185475334931,0.0,0.3746478873239436,0.9775280898876404,0.9740446285408872,0.0,0.99438202247191,0.7428571428571428,0.7739130434782607,0.8571428571428572,0.8,1.0,0.2871710128254478,0.3600188491475492,0.346171122250574,0.7375
102,101,2,0.659781453287124,5,0.8,1.0,0.7183098591549295,1.0,0.4210526315789473,0.5193455572197678,0.5193455572197678,0.5,0.5,0.9887640449438202,0.9406013199706672,0.0035087719298245,0.99438202247191,0.7027027027027026,0.7819207966748951,0.8190476190476191,0.4,0.0,0.6625988676908595,0.3511878646358664,0.2075245479505299,0.42
103,102,1,0.5795248888266347,3,0.7,0.98,0.6050420168067228,1.0,0.6842105263157895,0.3379337514804332,0.3379337514804332,0.6666666666666666,0.75,0.9982456140350876,0.9898855781622212,0.0112359550561797,1.0,0.7428571428571428,0.7926603535052358,0.9056603773584908,0.4,0.0,0.6743838382511831,0.6353032643336713,0.5364968977886713,0.2766666666666666
104,103,1,0.189101299682482,0,0.3,0.96,0.6050420168067228,1.0,0.631578947368421,0.2476482490265398,0.2476482490265398,0.0,0.0,0.9947368421052633,0.988647552852592,0.0,0.9964912280701754,0.7027027027027026,0.731047576502122,0.8,0.8,1.0,0.805753420327982,0.6394428912255752,0.7461958903515507,0.8740000000000001
105,104,1,0.2154737973150644,0,0.3,0.96,0.6050420168067228,1.0,0.631578947368421,0.2476482490265398,0.2476482490265398,0.0,0.0,0.9947368421052633,0.988647552852592,0.0,0.9982456140350876,0.7027027027027026,0.731047576502122,0.8,0.8,1.0,0.8051909559924977,0.6407409094511363,0.6870586839993125,0.7741666666666667
106,105,1,0.4179450614854834,1,0.5,0.96,0.2816901408450704,1.0,0.4210526315789473,0.5371512649833212,0.5371512649833212,1.0,0.7666583121486626,0.9982456140350876,0.9767956076510048,0.0168539325842696,1.0,0.787878787878788,0.8471652177659998,0.8865979381443299,0.6,1.0,0.0307133060965531,0.6063420663509721,0.655274258639574,0.6
107,106,1,0.4266954353601732,2,0.1,0.84,0.2816901408450704,1.0,0.3684210526315789,0.2862045933422199,0.2862045933422199,0.0,0.4899075010298468,0.9964912280701754,0.9596920008404282,0.0,1.0,0.6666666666666666,0.769151138716356,0.9142857142857144,0.8,0.0,0.7648326477272128,0.6659383465003186,0.7690563936114296,0.44
108,107,1,0.236847978307881,0,0.4,0.96,0.6050420168067228,1.0,0.631578947368421,0.2470798665774636,0.2470798665774636,0.3333333333333333,0.5,0.9964912280701754,0.9942913729830488,0.0056179775280898,0.9964912280701754,0.7107438016528926,0.7359274563820017,0.8,0.6,1.0,0.8600916337418033,0.6703332009547917,0.7401539621227852,0.7083333333333333
109,108,1,0.2206345711480857,0,0.4,0.98,0.2542372881355932,0.6666666666666666,0.5789473684210527,0.240084200484115,0.240084200484115,0.5,0.0,0.9964912280701754,0.9919480196480756,0.0,0.9982456140350876,0.6880000000000001,0.7014938574938576,0.7272727272727273,0.6,1.0,0.8185449133975022,0.6428791021742513,0.7856018908730656,0.8291666666666666
110,109,1,0.3878199743139151,1,0.2,0.84,0.2816901408450704,1.0,0.3684210526315789,0.3668151143592921,0.3668151143592921,0.5,0.5742256517506221,0.9982456140350876,0.9619030411749144,0.0,0.9964912280701754,0.7027027027027026,0.7812448812448813,0.8727272727272728,0.8,0.0,0.6162835229648816,0.6984225280102023,0.8008741031414259,0.7575
111,110,2,0.6800035580654791,5,0.7,0.98,0.3949579831932773,1.0,0.8421052631578947,0.7551955040695564,0.7551955040695564,0.0,0.999999999999872,0.99438202247191,1.0,0.0017543859649122,1.0,0.7107438016528926,0.7362081377602441,0.7804878048780488,0.4,0.0,0.1365676463014828,0.3275099062641735,0.2659010990414697,0.79
112,111,1,0.2845569809023019,0,0.3,0.98,0.6050420168067228,1.0,0.6842105263157895,0.3344818102123716,0.3344818102123716,0.3333333333333333,0.6049382716049383,0.9982456140350876,0.9795638916057764,0.0056179775280898,0.9929824561403509,0.7428571428571428,0.8062452591656131,0.9600000000000002,0.6,1.0,0.6631773761517,0.6682866508416327,0.6971940875928547,0.664
113,112,1,0.3199964419345208,1,0.4,0.98,0.6050420168067228,1.0,0.8421052631578947,0.2448044959304436,0.2448044959304436,1.0,0.9999999999999106,0.9982456140350876,1.0,0.0056179775280898,1.0,0.7107438016528926,0.7362081377602441,0.7804878048780488,0.6,1.0,0.8634323536985173,0.6724900937358265,0.7340989009585306,0.21
114,113,2,0.5784127259578138,4,0.3,0.8200000000000001,0.3949579831932773,1.0,0.631578947368421,0.6981331322767632,0.6981331322767632,0.5,0.5397175068031619,0.99438202247191,0.9825978747066576,0.0,0.9887640449438202,0.7428571428571428,0.7860424235321691,0.9056603773584908,0.8,0.0,0.2765470953759345,0.3337749485492445,0.3792016003279385,0.74
115,114,1,0.485347485659271,3,0.3,0.9,0.2816901408450704,1.0,0.3157894736842105,0.4397324192615437,0.4397324192615437,0.6666666666666666,0.5540266666666667,0.9982456140350876,0.9523268365361226,0.0112359550561797,0.9894736842105264,0.7027027027027026,0.7650448345541803,0.8037383177570093,0.6,0.0,0.4622492243987812,0.7040062656185271,0.8316595960270654,0.49
116,115,1,0.4378620273375748,2,0.4,0.74,0.1076115485564304,0.3333333333333333,0.4210526315789473,0.5420906298817527,0.5420906298817527,0.0,0.389700308854974,0.9929824561403509,0.8363805664577887,0.0,1.0,0.8727272727272728,0.9334707427404056,0.9662921348314606,0.6,1.0,5.8214526461409496e-05,0.4919146849326581,0.480854936515431,0.8
117,116,2,0.5946883079785177,5,0.6,0.8200000000000001,0.3949579831932773,1.0,0.631578947368421,0.7259565838875466,0.7259565838875466,1.0,0.5697466827503015,0.99438202247191,0.977693446871529,0.0,1.0,0.7027027027027026,0.7831970431970432,0.9600000000000002,0.2,1.0,0.2130442534767437,0.3070940096606442,0.2667318889915064,0.445
118,117,1,0.4966109403381792,3,0.2,0.98,0.2816901408450704,1.0,0.3684210526315789,0.4104026901557562,0.4104026901557562,1.0,0.7602486114784448,0.9982456140350876,0.9822380860631512,0.0056179775280898,1.0,0.7428571428571428,0.804508763978883,0.8971962616822431,0.8,0.0,0.4601673404893366,0.6795286576832584,0.7406383597983297,0.34
119,118,1,0.4240223178142698,2,0.2,0.96,0.2816901408450704,1.0,0.4210526315789473,0.264672980668458,0.264672980668458,0.5,0.6804511278195489,0.9982456140350876,0.9879728906356032,0.0056179775280898,0.9982456140350876,0.6842105263157894,0.771583707838179,0.9320388349514562,0.8,0.0,0.7921487706614034,0.7041638258266653,0.7895534966263125,0.37
120,119,2,0.8207782191076719,6,0.8,1.0,0.7183098591549295,1.0,0.4736842105263157,0.6021445102570466,0.6021445102570466,1.0,0.750917290934108,0.99438202247191,0.9790788531731636,0.0175438596491228,1.0,0.7027027027027026,0.7621710885197123,0.7889908256880733,0.2,0.0,0.4515796591887648,0.2519969057584452,0.1500874537400916,0.0216666666666666
121,120,2,0.8685006451439262,6,0.9,1.0,0.7457627118644068,0.6666666666666666,0.631578947368421,0.7600728746585019,0.7600728746585019,0.8333333333333334,0.5647058823529412,0.99438202247191,0.99248581505904,0.0087719298245614,1.0,0.6880000000000001,0.7042910602910604,0.7384615384615385,0.0,0.0,0.1838835241968767,0.3525353136507628,0.2004939579554696,0.0520833333333333
122,121,2,0.7756552784730247,6,0.7,1.0,0.3949579831932773,1.0,0.8421052631578947,0.7558550364863019,0.7558550364863019,0.75,0.6981132075471699,0.99438202247191,0.9948298601951991,0.0070175438596491,1.0,0.7107438016528926,0.7410861865407319,0.8,0.4,0.0,0.1687594846460466,0.3129393759492936,0.2903694685665116,0.174
123,122,2,0.4823559602811511,3,0.7,0.98,0.3949579831932773,1.0,0.4210526315789473,0.7439708529109861,0.7439708529109861,0.0,0.3934426229508196,0.9887640449438202,0.9825638288408504,0.0017543859649122,1.0,0.7027027027027026,0.7655916420622303,0.9142857142857144,0.6,1.0,0.2641113325744112,0.3243826279724452,0.3398702777662366,0.5775
124,123,2,0.8089385031582148,6,0.7,1.0,0.3949579831932773,1.0,0.6842105263157895,0.7544242599746415,0.7544242599746415,0.5,0.7218045112781954,0.99438202247191,0.9958562367864694,0.0035087719298245,1.0,0.7027027027027026,0.7434369570330954,0.8495575221238937,0.2,0.0,0.1395367524452869,0.3097583763390193,0.2270738522664049,0.27
125,124,1,0.2609089357623885,0,0.3,0.9,0.2542372881355932,0.6666666666666666,0.4210526315789473,0.240055611115895,0.240055611115895,0.4,0.0,0.9964912280701754,0.9888389043904106,0.0,0.9964912280701754,0.6991869918699187,0.725269171610635,0.8,0.6,1.0,0.7623488727031884,0.659464534535068,0.7161615496159844,0.6965714285714286
126,125,1,0.4067514699285226,2,0.5,0.96,0.6050420168067228,1.0,0.6842105263157895,0.2452221362552811,0.2452221362552811,0.5,0.7218045112781954,0.9982456140350876,0.9954658677123764,0.0056179775280898,0.9982456140350876,0.7027027027027026,0.7453332907878363,0.8571428571428572,0.8,0.0,0.8273871293755114,0.6891972696891477,0.7545734480308719,0.4883333333333333
127,126,2,0.5115763900923902,4,0.7,0.8200000000000001,0.3949579831932773,1.0,0.631578947368421,0.7015516898777612,0.7015516898777612,0.5,0.3379310344827585,0.9887640449438202,0.9821214653150389,0.0017543859649122,0.99438202247191,0.7428571428571428,0.7996273291925464,0.9600000000000002,0.4,1.0,0.2492126929310071,0.2961511193391154,0.2901778471755367,0.695
128,127,1,0.2609089357623885,0,0.3,0.9,0.2542372881355932,0.6666666666666666,0.4210526315789473,0.240055611115895,0.240055611115895,1.0,0.0,0.9964912280701754,0.9888389043904106,0.0056179775280898,0.9964912280701754,0.6991869918699187,0.725269171610635,0.8,0.6,1.0,0.7623488727031884,0.659464534535068,0.7161615496159844,0.6965714285714286
129,128,2,0.5147244520943208,4,0.7,0.8200000000000001,0.3949579831932773,1.0,0.631578947368421,0.7028239650885382,0.7028239650885382,0.5,0.3775510204081632,0.9887640449438202,0.9848166980763076,0.0105263157894736,0.99438202247191,0.7428571428571428,0.8045252883762198,0.9795918367346936,0.4,1.0,0.2704409432120007,0.2972189782043282,0.2539933660177465,0.69
130,129,2,0.7827855459692593,6,0.6,0.98,0.7457627118644068,0.6666666666666666,0.6842105263157895,0.7558296330345247,0.7558296330345247,0.5555555555555556,0.999999999999616,0.99438202247191,1.0,0.0017543859649122,1.0,0.6771653543307087,0.6907289410763242,0.7058823529411765,0.4,0.0,0.1386184878229945,0.3354032104524239,0.1834082438022433,0.2458567821067821
131,130,1,0.5292865643045086,3,0.4,1.0,0.6050420168067228,1.0,0.7894736842105263,0.2436330731244114,0.2436330731244114,1.0,0.6224489795918366,0.9982456140350876,0.991127315437884,0.0,1.0,0.7107438016528926,0.7444760170492065,0.8135593220338984,0.4,0.0,0.8646742405032971,0.6997558936721642,0.7598504799974864,0.1
132,131,1,0.1584036846376539,1,0.1,0.9,0.2816901408450704,1.0,0.3157894736842105,0.426761894408495,0.426761894408495,0.0,0.1308993766696349,0.9824561403508772,0.8735401542927781,0.0,0.9929824561403509,0.6808510638297872,0.7477576005116271,0.8037383177570093,1.0,1.0,0.4770224930620591,0.7962136181782532,0.8363417809337647,0.94
133,132,1,0.4903765227776626,2,0.5,0.98,0.2542372881355932,0.6666666666666666,0.6842105263157895,0.2441703669654753,0.2441703669654753,0.0,0.999999999999616,0.9982456140350876,1.0,0.0056179775280898,1.0,0.6771653543307087,0.6907289410763242,0.7058823529411765,0.6,0.0,0.8145022513626032,0.6524631052893965,0.8146088400153573,0.1761666666666666
134,133,1,0.3892893673786102,1,0.6,0.96,0.6050420168067228,1.0,0.8421052631578947,0.2550135700337472,0.2550135700337472,1.0,0.0,0.9982456140350876,1.0,0.0112359550561797,0.9982456140350876,0.7226890756302521,0.7632750397456279,0.8648648648648649,0.4,0.5,0.7921827500716767,0.6972862317426405,0.7498186234378312,0.5249761904761905
135,134,1,0.2464345740210159,0,0.2,0.9,0.2816901408450704,1.0,0.3157894736842105,0.3876080182649384,0.3876080182649384,0.0,0.4198399999999999,0.9947368421052633,0.9386038846203052,0.0,0.9859649122807016,0.7027027027027026,0.7492755661316526,0.7889908256880733,0.8,1.0,0.5839195670983233,0.7538172910588421,0.8436556977167378,0.54
136,135,1,0.1686732407781428,0,0.2,0.78,0.2542372881355932,0.6666666666666666,0.2105263157894736,0.2395838530378295,0.2395838530378295,0.5,0.3999999999999999,0.9929824561403509,0.9876739058013548,0.0,0.9912280701754386,0.6880000000000001,0.7086520536284316,0.7559055118110237,0.8,1.0,0.8297437412344234,0.6680019693349379,0.8102148447617816,0.88
137,136,1,0.4596629710181306,2,0.5,0.96,0.6050420168067228,1.0,0.6842105263157895,0.244076480193515,0.244076480193515,0.0,0.3648068669527897,0.9947368421052633,0.9816133685921246,0.0,0.9982456140350876,0.7027027027027026,0.7512310627406541,0.8807339449541286,0.4,0.0,0.755632750400503,0.6840048659231237,0.7090512242342563,0.6933333333333335
138,137,1,0.1526327216698701,0,0.1,0.9,0.2816901408450704,1.0,0.3157894736842105,0.4232922132650831,0.4232922132650831,0.0,0.1410565626701937,0.987719298245614,0.8861855670103093,0.0,0.9929824561403509,0.6666666666666666,0.7442115012208469,0.8037383177570093,1.0,1.0,0.5367700205809895,0.7693341174694434,0.8080995319303461,0.97
139,138,1,0.1713280722584192,0,0.5,0.84,0.1076115485564304,0.3333333333333333,0.3157894736842105,0.2012220529859519,0.2012220529859519,0.0,0.2747933884297521,0.9947368421052633,0.960620221775994,0.0,0.9982456140350876,0.7107438016528926,0.7610149454458689,0.8666666666666667,0.8,1.0,0.8733822711538155,0.7542320397587721,0.7844172555368971,0.76
140,139,1,0.4482191540215891,3,0.4,0.88,0.2542372881355932,0.6666666666666666,0.631578947368421,0.2441564068582127,0.2441564068582127,0.3333333333333333,0.0,0.9947368421052633,1.0,0.0,0.9912280701754386,0.6771653543307087,0.6920361306188079,0.7111111111111111,0.4,0.3333333333333333,0.7672083426409236,0.6429324548705974,0.8176474529621195,0.349563492063492
141,140,1,0.1308555096001556,0,0.2,0.84,0.2816901408450704,1.0,0.3684210526315789,0.3142031225819031,0.3142031225819031,0.0,0.0722713864306785,0.987719298245614,0.9221430483072394,0.0,0.9912280701754386,0.7027027027027026,0.756206649127003,0.8,1.0,1.0,0.6779798123590293,0.7441575649695712,0.8527295650704652,0.94
142,141,1,0.2590208615964483,1,0.0,0.96,0.2816901408450704,1.0,0.4210526315789473,0.4995359543961064,0.4995359543961064,0.0,0.0678944633681657,0.9789473684210528,0.8831748650486982,0.0,0.9894736842105264,0.7272727272727273,0.790470380561757,0.8349514563106797,0.8,1.0,0.2037394277062282,0.7550491013866634,0.8270863013284184,0.86
143,142,1,0.3251138465173188,0,0.3,0.96,0.2542372881355932,0.6666666666666666,0.631578947368421,0.2365441868783648,0.2365441868783648,0.5,0.0,0.9964912280701754,1.0,0.0056179775280898,0.9964912280701754,0.6880000000000001,0.7143296703296703,0.7428571428571428,0.6,0.5,0.8743771583106741,0.7010519361268291,0.8018878264585845,0.5720000000000001
144,143,1,0.3880248928892492,2,0.3,0.96,0.2542372881355932,0.6666666666666666,0.631578947368421,0.2365441868783648,0.2365441868783648,1.0,0.0,0.9964912280701754,1.0,0.0,0.9964912280701754,0.6880000000000001,0.7143296703296703,0.7428571428571428,0.4,0.5,0.8376283911556283,0.6947170587601252,0.8016718594154177,0.4378333333333333
145,144,2,0.8062362142910107,6,0.6,0.98,0.7457627118644068,0.6666666666666666,0.6842105263157895,0.7592807922470779,0.7592807922470779,0.0,0.9999999999998932,0.99438202247191,1.0,0.0052631578947368,1.0,0.6771653543307087,0.6994794446314648,0.7428571428571428,0.2,0.0,0.2294048886407822,0.3228881447024406,0.1942023793234116,0.2160873015873015
146,145,2,0.8208925142935579,6,0.8,0.96,0.7457627118644068,0.6666666666666666,0.631578947368421,0.7634558131216351,0.7634558131216351,0.0,0.999999999999852,0.99438202247191,1.0,0.0052631578947368,1.0,0.6880000000000001,0.7143296703296703,0.7428571428571428,0.2,0.0,0.2300072802609604,0.3172967073799492,0.2273409265977425,0.1
147,146,1,0.1559530394631032,0,0.3,1.0,0.2542372881355932,0.6666666666666666,0.4736842105263157,0.2246370731585136,0.2246370731585136,0.0,0.4585987261146497,0.9929824561403509,0.9816100175731404,0.0,0.9982456140350876,0.6880000000000001,0.7227878787878788,0.787878787878788,0.8,1.0,0.835328361647363,0.7235263211566361,0.7994032708935714,0.9060238095238096
148,147,1,0.4482191540215891,3,0.4,0.88,0.2542372881355932,0.6666666666666666,0.631578947368421,0.2441564068582127,0.2441564068582127,1.0,0.0,0.9947368421052633,1.0,0.0112359550561797,0.9947368421052633,0.6771653543307087,0.6920361306188079,0.7111111111111111,0.4,0.3333333333333333,0.7672083426409236,0.6429324548705974,0.8176474529621195,0.349563492063492
149,148,2,0.551780845978411,3,0.7,0.88,0.7457627118644068,0.6666666666666666,0.631578947368421,0.7558435931417873,0.7558435931417873,0.0,0.0,0.99438202247191,1.0,0.0070175438596491,1.0,0.6771653543307087,0.6920361306188079,0.7111111111111111,0.6,0.6666666666666666,0.2327916573590767,0.3570675451294026,0.1823525470378805,0.6504365079365076
150,149,1,0.4482191540215891,3,0.4,0.88,0.2542372881355932,0.6666666666666666,0.631578947368421,0.2441564068582127,0.2441564068582127,1.0,0.0,0.9929824561403509,1.0,0.0,1.0,0.6771653543307087,0.6920361306188079,0.7111111111111111,0.4,0.3333333333333333,0.7672083426409236,0.6429324548705974,0.8176474529621195,0.349563492063492
151,150,2,0.8940902914166414,6,1.0,1.0,0.7183098591549295,1.0,0.4210526315789473,0.7341478715650218,0.7341478715650218,1.0,0.8393194706994329,0.99438202247191,0.9889812482803868,0.0175438596491228,1.0,0.7027027027027026,0.773966273966274,0.9230769230769232,0.0,0.0,0.1848292664957879,0.2451949259261014,0.165434059078262,0.04
152,151,1,0.5664874230322021,3,0.5,1.0,0.6050420168067228,1.0,0.5789473684210527,0.2533345434870885,0.2533345434870885,1.0,0.8,0.9982456140350876,0.9952492381224404,0.0056179775280898,1.0,0.7226890756302521,0.7713578889499724,0.8971962616822429,0.4,0.0,0.7367353734645496,0.708088609572654,0.689584812102916,0.0666666666666666
153,152,1,0.4497008655120131,3,0.4,0.98,0.2816901408450704,1.0,0.4736842105263157,0.3953058278569976,0.3953058278569976,0.5,0.5445205479452055,0.9982456140350876,0.9763358944937472,0.0056179775280898,0.9947368421052633,0.7428571428571428,0.7737580856550965,0.7889908256880733,0.8,0.0,0.4757240350194361,0.7653562725430885,0.8207144993653964,0.44
154,153,2,0.7607495520995744,6,0.7,0.36,0.7457627118644068,0.6666666666666666,0.2631578947368421,0.746286456867346,0.746286456867346,0.5,0.0,0.99438202247191,1.0,0.0,1.0,0.6666666666666666,0.6756756756756755,0.7027027027027026,0.4,0.125,0.2373966834197802,0.3729448824614312,0.1754013139032513,0.1247598076180906
155,154,1,0.2084780291559141,0,0.3,0.36,0.2542372881355932,0.6666666666666666,0.2631578947368421,0.253713543132654,0.253713543132654,1.0,0.0,0.9947368421052633,1.0,0.0,1.0,0.6666666666666666,0.6756756756756755,0.7027027027027026,0.8,0.8148148148148148,0.8435577586165076,0.6539094962934046,0.8148599318039814,0.8219898235358062
156,155,1,0.2657965038276707,0,0.3,0.36,0.2542372881355932,0.6666666666666666,0.2631578947368421,0.253713543132654,0.253713543132654,1.0,0.0,0.9947368421052633,1.0,0.0,1.0,0.6666666666666666,0.6756756756756755,0.7027027027027026,0.6,0.7777777777777778,0.8028914800516994,0.6450116195355023,0.8107655380931664,0.7687745615758295
157,156,1,0.2084780291559141,0,0.3,0.36,0.2542372881355932,0.6666666666666666,0.2631578947368421,0.253713543132654,0.253713543132654,1.0,0.0,0.9929824561403509,1.0,0.0,1.0,0.6666666666666666,0.6756756756756755,0.7027027027027026,0.8,0.8148148148148148,0.8435577586165076,0.6539094962934046,0.8148599318039814,0.8219898235358062
158,157,1,0.2261195551393705,0,0.3,0.36,0.2542372881355932,0.6666666666666666,0.2631578947368421,0.253713543132654,0.253713543132654,1.0,0.0,0.9947368421052633,1.0,0.0,1.0,0.6666666666666666,0.6756756756756755,0.7027027027027026,0.8,0.8076923076923077,0.7966758546750464,0.6367688776776409,0.8039578883193036,0.7981877407994787
159,158,1,0.2084780291559141,0,0.0,0.36,0.2542372881355932,0.6666666666666666,0.2631578947368421,0.253713543132654,0.253713543132654,1.0,0.0,0.980701754385965,1.0,0.0,1.0,0.6666666666666666,0.6756756756756755,0.7027027027027026,0.8,0.8148148148148148,0.8435577586165076,0.6539094962934046,0.8148599318039814,0.8219898235358062
160,159,1,0.2261195551393705,0,0.1,0.36,0.2542372881355932,0.6666666666666666,0.2631578947368421,0.253713543132654,0.253713543132654,1.0,0.0,0.9824561403508772,1.0,0.0,1.0,0.6666666666666666,0.6756756756756755,0.7027027027027026,0.8,0.8076923076923077,0.7966758546750464,0.6367688776776409,0.8039578883193036,0.7981877407994787
161,160,1,0.2084780291559141,0,0.0,0.36,0.2542372881355932,0.6666666666666666,0.2631578947368421,0.253713543132654,0.253713543132654,1.0,0.0,0.980701754385965,1.0,0.0,0.9964912280701754,0.6666666666666666,0.6756756756756755,0.7027027027027026,0.8,0.8148148148148148,0.8435577586165076,0.6539094962934046,0.8148599318039814,0.8219898235358062
162,161,1,0.2392504479004257,0,0.0,0.36,0.2542372881355932,0.6666666666666666,0.2631578947368421,0.253713543132654,0.253713543132654,1.0,0.0,0.980701754385965,1.0,0.0,0.9771929824561404,0.6666666666666666,0.6756756756756755,0.7027027027027026,0.6,0.875,0.7626033165802194,0.6270551175385688,0.8245986860967487,0.875240192381909
163,162,1,0.2392504479004257,0,0.1,0.36,0.2542372881355932,0.6666666666666666,0.2631578947368421,0.253713543132654,0.253713543132654,1.0,0.0,0.9824561403508772,1.0,0.0337078651685393,0.9596491228070176,0.6666666666666666,0.6756756756756755,0.7027027027027026,0.6,0.875,0.7626033165802194,0.6270551175385688,0.8245986860967487,0.875240192381909
164,163,2,0.7607495520995744,6,1.0,0.36,0.7457627118644068,0.6666666666666666,0.2631578947368421,0.746286456867346,0.746286456867346,0.0,0.0,0.99438202247191,1.0,0.0228070175438596,1.0,0.6666666666666666,0.6756756756756755,0.7027027027027026,0.4,0.125,0.2373966834197802,0.3729448824614312,0.1754013139032513,0.1247598076180906
165,164,2,0.8187051763056487,6,1.0,0.36,0.7457627118644068,0.6666666666666666,0.2631578947368421,0.746286456867346,0.746286456867346,0.0,0.0,0.99438202247191,1.0,0.0,1.0,0.6666666666666666,0.6756756756756755,0.7027027027027026,0.0,0.1785714285714285,0.2008499622752702,0.3661588363514022,0.17021068906217,0.1719780259058368
166,165,2,0.7915219708440858,6,1.0,0.36,0.7457627118644068,0.6666666666666666,0.2631578947368421,0.746286456867346,0.746286456867346,0.0,0.0,0.99438202247191,1.0,0.0245614035087719,1.0,0.6666666666666666,0.6756756756756755,0.7027027027027026,0.2,0.1851851851851851,0.1564422413834921,0.3460905037065954,0.1851400681960184,0.1780101764641939
167,166,1,0.2261195551393705,0,0.1,0.36,0.2542372881355932,0.6666666666666666,0.2631578947368421,0.253713543132654,0.253713543132654,1.0,0.0,0.9824561403508772,1.0,0.0,0.9771929824561404,0.6666666666666666,0.6756756756756755,0.7027027027027026,0.8,0.8076923076923077,0.7966758546750464,0.6367688776776409,0.8039578883193036,0.7981877407994787
168,167,1,0.2657965038276707,0,0.1,0.36,0.2542372881355932,0.6666666666666666,0.2631578947368421,0.253713543132654,0.253713543132654,1.0,0.0,0.9824561403508772,1.0,0.0,0.9771929824561404,0.6666666666666666,0.6756756756756755,0.7027027027027026,0.6,0.7777777777777778,0.8028914800516994,0.6450116195355023,0.8107655380931664,0.7687745615758295
169,168,1,0.2657965038276707,0,0.1,0.36,0.2542372881355932,0.6666666666666666,0.2631578947368421,0.253713543132654,0.253713543132654,1.0,0.0,0.9824561403508772,1.0,0.0,0.9771929824561404,0.6666666666666666,0.6756756756756755,0.7027027027027026,0.6,0.7777777777777778,0.8028914800516994,0.6450116195355023,0.8107655380931664,0.7687745615758295
170,169,1,0.2261195551393705,0,0.1,0.36,0.2542372881355932,0.6666666666666666,0.2631578947368421,0.253713543132654,0.253713543132654,1.0,0.0,0.9824561403508772,1.0,0.0,0.9771929824561404,0.6666666666666666,0.6756756756756755,0.7027027027027026,0.8,0.8076923076923077,0.7966758546750464,0.6367688776776409,0.8039578883193036,0.7981877407994787
171,170,1,0.2392504479004257,0,0.1,0.36,0.2542372881355932,0.6666666666666666,0.2631578947368421,0.253713543132654,0.253713543132654,1.0,0.0,0.9824561403508772,1.0,0.0,0.9771929824561404,0.6666666666666666,0.6756756756756755,0.7027027027027026,0.6,0.875,0.7626033165802194,0.6270551175385688,0.8245986860967487,0.875240192381909
172,171,1,0.1812948236943512,0,0.1,0.36,0.2542372881355932,0.6666666666666666,0.2631578947368421,0.253713543132654,0.253713543132654,1.0,0.0,0.9824561403508772,1.0,0.0,0.9771929824561404,0.6666666666666666,0.6756756756756755,0.7027027027027026,1.0,0.8214285714285714,0.7991500377247301,0.6338411636485979,0.82978931093783,0.8280219740941628
173,172,1,0.1812948236943512,0,0.1,0.36,0.2542372881355932,0.6666666666666666,0.2631578947368421,0.253713543132654,0.253713543132654,1.0,0.0,0.9824561403508772,1.0,0.0056179775280898,0.9771929824561404,0.6666666666666666,0.6756756756756755,0.7027027027027026,1.0,0.8214285714285714,0.7991500377247301,0.6338411636485979,0.82978931093783,0.8280219740941628
174,173,1,0.2261195551393705,0,0.1,0.36,0.2542372881355932,0.6666666666666666,0.2631578947368421,0.253713543132654,0.253713543132654,1.0,0.0,0.9824561403508772,1.0,0.0,0.9771929824561404,0.6666666666666666,0.6756756756756755,0.7027027027027026,0.8,0.8076923076923077,0.7966758546750464,0.6367688776776409,0.8039578883193036,0.7981877407994787
175,174,1,0.2657965038276707,0,0.1,0.36,0.2542372881355932,0.6666666666666666,0.2631578947368421,0.253713543132654,0.253713543132654,1.0,0.0,0.9824561403508772,1.0,0.0,0.9771929824561404,0.6666666666666666,0.6756756756756755,0.7027027027027026,0.6,0.7777777777777778,0.8028914800516994,0.6450116195355023,0.8107655380931664,0.7687745615758295
176,175,1,0.1288839215501248,0,0.2,0.74,0.1076115485564304,0.3333333333333333,0.4210526315789473,0.2823858548118041,0.2823858548118041,0.0,0.3234655733751356,0.987719298245614,0.9404599878489772,0.0,0.9912280701754386,0.7747747747747747,0.8357464607464608,0.9285714285714286,1.0,1.0,0.7585997267236699,0.7002449180609417,0.7978518259146397,0.97
177,176,2,0.9142414287933912,6,0.8,0.98,0.8923884514435696,0.3333333333333333,0.631578947368421,0.8273440087044651,0.8273440087044651,0.6666666666666666,0.751269035532995,0.99438202247191,0.9952639654623876,0.0035087719298245,1.0,0.6991869918699187,0.7663517376932012,0.9285714285714286,0.0,0.0,0.0707387345647256,0.2007573943797733,0.1813886316284868,0.0616666666666666
178,177,2,0.721076850155779,6,0.6,1.0,0.3949579831932773,1.0,0.7368421052631579,0.7578963286659172,0.7578963286659172,0.5,0.6666666666666667,0.99438202247191,0.9959003140906636,0.0,1.0,0.7107438016528926,0.7534755670717054,0.8495575221238937,0.4,0.0,0.2451447695592959,0.2927975350153682,0.2915965944906616,0.444
179,178,2,0.8617637952095906,6,0.7,0.98,0.3949579831932773,1.0,0.4210526315789473,0.7475921924217788,0.7475921924217788,0.6666666666666666,0.5647058823529412,0.99438202247191,0.9913794128205676,0.0070175438596491,0.99438202247191,0.7226890756302521,0.7756302521008402,0.9142857142857144,0.0,0.0,0.1518120250513358,0.2649532281027528,0.212651975588368,0.2
180,179,1,0.1598708252200089,0,0.2,0.78,0.2542372881355932,0.6666666666666666,0.2105263157894736,0.2391119703271249,0.2391119703271249,0.0,0.0,0.9842105263157894,0.9767266302601992,0.0,0.9859649122807016,0.6880000000000001,0.71322406277245,0.7741935483870969,0.8,1.0,0.8308991622526193,0.685464091127252,0.8244117953000746,0.9
181,180,2,0.7901257215540027,6,0.7,0.98,0.7457627118644068,0.6666666666666666,0.631578947368421,0.7633294203803102,0.7633294203803102,1.0,0.999999999999902,0.99438202247191,1.0,0.0070175438596491,0.99438202247191,0.6991869918699187,0.735307781649245,0.8,0.4,0.0,0.1785912115433175,0.2897667092943146,0.2208877498383512,0.17
182,181,1,0.466761385999524,2,0.2,1.0,0.1076115485564304,0.3333333333333333,0.631578947368421,0.1841996217117754,0.1841996217117754,1.0,0.827325453344101,0.9982456140350876,0.9947923355223828,0.0056179775280898,0.9982456140350876,0.6991869918699187,0.7583468115848268,0.896551724137931,0.6,0.0,0.8554537342403662,0.7734251904181189,0.7805527593443713,0.19
183,182,1,0.1592067818742638,0,0.5,0.9,0.2542372881355932,0.6666666666666666,0.4210526315789473,0.2373556228636477,0.2373556228636477,0.5,0.0,0.9964912280701754,0.9839144804231552,0.0,0.9982456140350876,0.6991869918699187,0.7414853878268512,0.8648648648648649,0.8,1.0,0.8202336149517321,0.7059353572682088,0.7985903365344759,0.92
184,183,1,0.1767856560898928,1,0.0,0.9,0.2816901408450704,1.0,0.3157894736842105,0.4311394953196436,0.4311394953196436,0.0,0.2752596181101348,0.980701754385965,0.8951209325567,0.0,0.9859649122807016,0.7164179104477613,0.7666879222047307,0.8037383177570093,1.0,1.0,0.4289204126021596,0.7541315692612581,0.8262340815972256,0.93
185,184,1,0.0785915455316829,0,0.1,0.96,0.1076115485564304,0.3333333333333333,0.4736842105263157,0.1830548350130354,0.1830548350130354,0.0,0.1,0.9859649122807016,0.948640307459384,0.0,0.9894736842105264,0.7478260869565216,0.8239130434782609,1.0,1.0,1.0,0.9169963979618122,0.7767250126666069,0.844729316181483,0.99
186,185,1,0.147270164554981,0,0.2,0.74,0.1076115485564304,0.3333333333333333,0.4210526315789473,0.2440554429439344,0.2440554429439344,0.0,0.3027924377045895,0.9912280701754386,0.9461554534596662,0.0,0.9929824561403509,0.7610619469026548,0.825063211125158,0.9285714285714286,0.8,1.0,0.8357581654509141,0.7463123593205007,0.8043084878986999,0.93
187,186,1,0.2631382661481499,0,0.5,1.0,0.6050420168067228,1.0,0.6842105263157895,0.2417554734718157,0.2417554734718157,1.0,0.7218045112781954,0.9982456140350876,0.9954423417263294,0.0112359550561797,1.0,0.7107438016528926,0.7553719008264462,0.8571428571428572,0.6,1.0,0.7558053244943838,0.711615859827708,0.717749218789008,0.6359999999999999
188,187,1,0.5714147716176547,3,0.4,0.98,0.2542372881355932,0.6666666666666666,0.631578947368421,0.2366705796196898,0.2366705796196898,0.0,0.999999999999852,0.9982456140350876,1.0,0.0056179775280898,1.0,0.6991869918699187,0.735307781649245,0.8,0.2,0.0,0.7655636701934226,0.7018542136816921,0.7440934864189572,0.16
189,188,1,0.5262262523151746,2,0.4,0.92,0.1076115485564304,0.3333333333333333,0.5263157894736842,0.5142093904258621,0.5142093904258621,0.0,0.4864981533886517,0.9964912280701754,0.9176863608929484,0.0,0.9964912280701754,0.7804878048780488,0.8305419448317766,0.8514851485148516,0.6,0.0,0.0669711841405172,0.7067587131306804,0.7589125888377544,0.71
190,189,2,0.7488328374945871,6,0.7,1.0,0.3949579831932773,1.0,0.631578947368421,0.7586066723691818,0.7586066723691818,1.0,0.6666666666666667,0.99438202247191,0.9958664213423072,0.0052631578947368,1.0,0.7107438016528926,0.7573024027569482,0.8648648648648649,0.4,0.0,0.243201983582916,0.2840105534560964,0.2731237713267984,0.3066666666666666
191,190,1,0.1463852923110314,0,0.3,0.72,0.2816901408450704,1.0,0.3157894736842105,0.2664234890109727,0.2664234890109727,0.0,0.0,0.987719298245614,0.9590938880182364,0.0,0.9929824561403509,0.7350427350427351,0.7981336124193268,0.979591836734694,0.8,1.0,0.8193547506995236,0.7584058227556156,0.8139276726786728,0.93
192,191,1,0.1215463535869685,0,0.3,0.72,0.2816901408450704,1.0,0.3157894736842105,0.2664234890109727,0.2664234890109727,0.0,0.0,0.987719298245614,0.9590938880182364,0.0,0.9929824561403509,0.7350427350427351,0.7981336124193268,0.979591836734694,1.0,1.0,0.7802493862657066,0.7429699554243216,0.7875025367881604,0.96
193,192,1,0.2254613986544617,0,0.5,0.9,0.2542372881355932,0.6666666666666666,0.4210526315789473,0.2373556228636477,0.2373556228636477,1.0,0.0,0.9964912280701754,0.9839144804231552,0.0056179775280898,0.9982456140350876,0.6991869918699187,0.7414853878268512,0.8648648648648649,0.6,1.0,0.7694583328156821,0.7013200405313074,0.7814532347262404,0.795
194,193,1,0.2058615435057982,0,0.4,0.74,0.1076115485564304,0.3333333333333333,0.4210526315789473,0.3281051624226336,0.3281051624226336,0.0,0.294234592445328,0.9929824561403509,0.951291973746108,0.0,0.9929824561403509,0.7889908256880733,0.8574075007561245,0.9285714285714286,0.8,1.0,0.6376416863638781,0.7335690981346679,0.8336199544666649,0.76
195,194,1,0.1242291988871135,0,0.3,0.92,0.2542372881355932,0.6666666666666666,0.4210526315789473,0.2440264603087418,0.2440264603087418,0.0,0.0,0.9912280701754386,0.9881096041344212,0.0,0.9912280701754386,0.6771653543307087,0.6960765346592119,0.7272727272727273,1.0,1.0,0.8087361412239105,0.6651948094728592,0.8131819512186442,0.9675119047619049
196,195,2,0.8481164366449205,6,0.8,1.0,0.3949579831932773,1.0,0.4736842105263157,0.7606362944473222,0.7606362944473222,1.0,0.7108439080663769,0.99438202247191,0.9841875271447046,0.0035087719298245,1.0,0.7027027027027026,0.7734718189263644,0.9696969696969696,0.2,0.0,0.1906753144988955,0.2747277413093844,0.1758983243221965,0.07
197,196,2,0.8038451607762941,6,0.5,0.98,0.8923884514435696,0.3333333333333333,0.3684210526315789,0.7521347621753072,0.7521347621753072,1.0,0.7089041095890412,0.99438202247191,0.9901678894837728,0.0087719298245614,1.0,0.7478260869565216,0.8128019323671497,0.8888888888888888,0.2,0.0,0.1906682690410657,0.2392326453697902,0.2370281209313792,0.31
198,197,1,0.1219117752579888,0,0.3,0.92,0.6050420168067228,1.0,0.4210526315789473,0.2492869416546761,0.2492869416546761,0.0,0.1428571428571429,0.987719298245614,0.9703692808054064,0.0,0.9947368421052633,0.7226890756302521,0.7894830659536541,0.9696969696969696,1.0,1.0,0.7957725670200954,0.7417905312253876,0.8009662502065846,0.93
199,198,1,0.1002805653869874,0,0.1,0.74,0.1076115485564304,0.3333333333333333,0.6842105263157895,0.19674862808095,0.19674862808095,0.0,0.3132288885766474,0.9824561403508772,0.9522112472593146,0.0,0.9859649122807016,0.7350427350427351,0.8047924297924298,0.9285714285714286,1.0,1.0,0.8816253330637316,0.7869684264428467,0.7833895148381637,0.9463333333333334
200,199,1,0.1232775445400392,0,0.2,0.88,0.1076115485564304,0.3333333333333333,0.4736842105263157,0.2772498097411784,0.2772498097411784,0.0,0.399703946332399,0.9859649122807016,0.9472304280536998,0.0,1.0,0.7610619469026548,0.8348214024942316,0.9504950495049505,1.0,1.0,0.7890778924331567,0.7677133544922585,0.7985434858343491,0.905
201,200,1,0.1053058008746267,0,0.0,0.72,0.2816901408450704,1.0,0.3157894736842105,0.2463078727233433,0.2463078727233433,0.0,0.2626538987688098,0.9719298245614036,0.9443016975093144,0.0,0.987719298245614,0.7226890756302521,0.7919567827130852,0.979591836734694,1.0,1.0,0.810046810846985,0.7650981816234367,0.8030202022818176,0.99
202,201,1,0.1451042888197649,0,0.1,0.72,0.2816901408450704,1.0,0.3157894736842105,0.2621092262857706,0.2621092262857706,0.25,0.0,0.9964912280701754,0.98616763508904,0.0,0.9824561403508772,0.7350427350427351,0.7840048840048841,0.9230769230769232,0.8,1.0,0.7899751004000287,0.765618058995881,0.8037811076855013,0.97
203,202,2,0.7484072419201881,6,0.6,1.0,0.7457627118644068,0.6666666666666666,0.4736842105263157,0.7716074863002227,0.7716074863002227,1.0,0.5414012738853502,0.99438202247191,0.9861138171062188,0.0017543859649122,1.0,0.6771653543307087,0.7133301519128291,0.787878787878788,0.2,0.5,0.1710420113936653,0.2649765994842524,0.1930855566485728,0.1804523809523809
204,203,1,0.1314508956145293,0,0.1,0.72,0.2816901408450704,1.0,0.3157894736842105,0.2621092262857706,0.2621092262857706,1.0,0.0,0.9964912280701754,0.98616763508904,0.0,0.9824561403508772,0.7350427350427351,0.7840048840048841,0.9230769230769232,0.8,1.0,0.8221452203234992,0.7851541431550408,0.8339952628342844,0.97
205,204,1,0.1514278734936178,0,0.3,0.74,0.1076115485564304,0.3333333333333333,0.4210526315789473,0.242159016613618,0.242159016613618,0.0,0.2848837209302326,0.9929824561403509,0.9688104218834196,0.0,0.987719298245614,0.7610619469026548,0.8348960528164068,0.9285714285714286,0.8,1.0,0.8395347497104032,0.7706703288909462,0.8212276804369425,0.86
206,205,1,0.0862927973096713,0,0.1,0.74,0.1076115485564304,0.3333333333333333,0.4210526315789473,0.1841436033973996,0.1841436033973996,0.0,0.0925047196285525,0.9842105263157894,0.957818695808906,0.0,0.9894736842105264,0.7226890756302521,0.7934873949579833,0.9285714285714286,1.0,1.0,0.897945105304805,0.7969637528998366,0.7873343579373312,1.0
207,206,1,0.1262210719504944,0,0.4,0.92,0.2542372881355932,0.6666666666666666,0.4210526315789473,0.2438665320365542,0.2438665320365542,0.0,0.3379310344827585,0.9947368421052633,0.9843455956562552,0.0,0.9912280701754386,0.6771653543307087,0.6988737374564147,0.7384615384615385,1.0,1.0,0.8199487284731448,0.6835884315698622,0.8486739262915448,0.890462481962482
208,207,1,0.3461974160788804,1,0.0,0.84,0.2816901408450704,1.0,0.3684210526315789,0.2498428381730298,0.2498428381730298,0.0,0.0565819861431871,0.980701754385965,0.9023301949583524,0.0,0.987719298245614,0.7027027027027026,0.739918354672453,0.7868852459016392,1.0,0.0,0.7722407824308174,0.782270789862545,0.848303931233355,0.52
209,208,1,0.0853176422520763,0,0.1,0.74,0.1076115485564304,0.3333333333333333,0.4210526315789473,0.1839844572019637,0.1839844572019637,0.0,0.1019341054762172,0.9842105263157894,0.9619548259706604,0.0,0.9894736842105264,0.7226890756302521,0.7951680672268907,0.9285714285714286,1.0,1.0,0.898024729061092,0.7999689265351664,0.7901004908912833,1.0
210,209,1,0.2294664143641251,0,0.3,0.96,0.1076115485564304,0.3333333333333333,0.2631578947368421,0.1717525239713765,0.1717525239713765,0.25,0.3333333333333333,0.9964912280701754,0.9921975193878516,0.0,0.9964912280701754,0.6880000000000001,0.757961038961039,0.9285714285714286,0.6,1.0,0.8815252429866118,0.8032487756128153,0.8084274952158216,0.53
211,210,1,0.2122847308511893,0,0.4,0.3199999999999999,0.2542372881355932,0.6666666666666666,0.3157894736842105,0.2503207922575892,0.2503207922575892,1.0,0.0,0.9964912280701754,1.0,0.0,1.0,0.6666666666666666,0.6880617035546612,0.7428571428571428,0.8,0.8,0.8089589874831714,0.6910204569582308,0.8298737614807279,0.7964384089707339
212,211,1,0.2243493302126985,0,0.4,0.3199999999999999,0.2542372881355932,0.6666666666666666,0.3157894736842105,0.2503207922575892,0.2503207922575892,1.0,0.0,0.9964912280701754,1.0,0.0,1.0,0.6666666666666666,0.6880617035546612,0.7428571428571428,0.8,0.7407407407407407,0.849994546166005,0.7023447637946445,0.8149637483733566,0.7458602196490625
213,212,1,0.2251046402766405,0,0.4,0.3199999999999999,0.2542372881355932,0.6666666666666666,0.3157894736842105,0.2503207922575892,0.2503207922575892,1.0,0.0,0.9982456140350876,1.0,0.0,1.0,0.6666666666666666,0.6880617035546612,0.7428571428571428,0.8,0.7931034482758621,0.764978594103129,0.6808446987175265,0.8247336118967101,0.7857118053469292
214,213,1,0.2314812771095399,0,0.4,0.3199999999999999,0.2542372881355932,0.6666666666666666,0.3157894736842105,0.2503207922575892,0.2503207922575892,1.0,0.0,0.9982456140350876,1.0,0.0449438202247191,0.9596491228070176,0.6666666666666666,0.6880617035546612,0.7428571428571428,0.8,0.75,0.797253644676912,0.6898794433291047,0.8040464554619422,0.7699327938748013
215,214,1,0.2314812771095399,0,0.4,0.3199999999999999,0.2542372881355932,0.6666666666666666,0.3157894736842105,0.2503207922575892,0.2503207922575892,1.0,0.0,0.9964912280701754,1.0,0.0,1.0,0.6666666666666666,0.6880617035546612,0.7428571428571428,0.8,0.75,0.797253644676912,0.6898794433291047,0.8040464554619422,0.7699327938748013
216,215,2,0.76851872289046,6,0.6,0.3199999999999999,0.7457627118644068,0.6666666666666666,0.3157894736842105,0.7496792077424108,0.7496792077424108,0.0,0.0,0.99438202247191,1.0,0.0,1.0,0.6666666666666666,0.6880617035546612,0.7428571428571428,0.2,0.25,0.2027463553230884,0.3101205566708954,0.1959535445380577,0.2300672061251987
217,216,1,0.2251046402766405,0,0.4,0.3199999999999999,0.2542372881355932,0.6666666666666666,0.3157894736842105,0.2503207922575892,0.2503207922575892,1.0,0.0,0.9964912280701754,1.0,0.0,1.0,0.6666666666666666,0.6880617035546612,0.7428571428571428,0.8,0.7931034482758621,0.764978594103129,0.6808446987175265,0.8247336118967101,0.7857118053469292
218,217,1,0.2251046402766405,0,0.4,0.3199999999999999,0.2542372881355932,0.6666666666666666,0.3157894736842105,0.2503207922575892,0.2503207922575892,1.0,0.0,0.9964912280701754,1.0,0.0,1.0,0.6666666666666666,0.6880617035546612,0.7428571428571428,0.8,0.7931034482758621,0.764978594103129,0.6808446987175265,0.8247336118967101,0.7857118053469292
219,218,1,0.1910101758468884,0,0.4,0.3199999999999999,0.2542372881355932,0.6666666666666666,0.3157894736842105,0.2503207922575892,0.2503207922575892,1.0,0.0,0.9964912280701754,1.0,0.0,1.0,0.6666666666666666,0.6880617035546612,0.7428571428571428,1.0,0.7666666666666667,0.8083618724886029,0.6975729170992242,0.8108431681722155,0.7704943204919604
220,219,1,0.2243493302126985,0,0.4,0.3199999999999999,0.2542372881355932,0.6666666666666666,0.3157894736842105,0.2503207922575892,0.2503207922575892,1.0,0.0,0.9964912280701754,1.0,0.0,1.0,0.6666666666666666,0.6880617035546612,0.7428571428571428,0.8,0.7407407407407407,0.849994546166005,0.7023447637946445,0.8149637483733566,0.7458602196490625
221,220,1,0.2243493302126985,0,0.4,0.3199999999999999,0.2542372881355932,0.6666666666666666,0.3157894736842105,0.2503207922575892,0.2503207922575892,1.0,0.0,0.9964912280701754,1.0,0.0,1.0,0.6666666666666666,0.6880617035546612,0.7428571428571428,0.8,0.7407407407407407,0.849994546166005,0.7023447637946445,0.8149637483733566,0.7458602196490625
222,221,2,0.7877152691488106,6,0.7,0.3199999999999999,0.7457627118644068,0.6666666666666666,0.3157894736842105,0.7496792077424108,0.7496792077424108,0.0,0.0,0.99438202247191,1.0,0.0,1.0,0.6666666666666666,0.6880617035546612,0.7428571428571428,0.2,0.2,0.1910410125168287,0.3089795430417693,0.1701262385192724,0.2035615910292659
223,222,2,0.7748953597233595,6,0.7,0.3199999999999999,0.7457627118644068,0.6666666666666666,0.3157894736842105,0.7496792077424108,0.7496792077424108,0.0,0.0,0.99438202247191,1.0,0.0,1.0,0.6666666666666666,0.6880617035546612,0.7428571428571428,0.2,0.2068965517241379,0.2350214058968708,0.3191553012824734,0.1752663881032899,0.2142881946530708
224,223,1,0.2314812771095399,0,0.4,0.3199999999999999,0.2542372881355932,0.6666666666666666,0.3157894736842105,0.2503207922575892,0.2503207922575892,1.0,0.0,0.9964912280701754,1.0,0.0,1.0,0.6666666666666666,0.6880617035546612,0.7428571428571428,0.8,0.75,0.797253644676912,0.6898794433291047,0.8040464554619422,0.7699327938748013
225,224,2,0.76851872289046,6,0.7,0.3199999999999999,0.7457627118644068,0.6666666666666666,0.3157894736842105,0.7496792077424108,0.7496792077424108,0.0,0.0,0.99438202247191,1.0,0.0052631578947368,1.0,0.6666666666666666,0.6880617035546612,0.7428571428571428,0.2,0.25,0.2027463553230884,0.3101205566708954,0.1959535445380577,0.2300672061251987
226,225,2,0.8089898241531117,6,0.7,0.3199999999999999,0.7457627118644068,0.6666666666666666,0.3157894736842105,0.7496792077424108,0.7496792077424108,0.0,0.0,0.99438202247191,1.0,0.0421052631578947,1.0,0.6666666666666666,0.6880617035546612,0.7428571428571428,0.0,0.2333333333333333,0.1916381275113966,0.3024270829007757,0.1891568318277846,0.2295056795080394
227,226,1,0.2243493302126985,0,0.4,0.3199999999999999,0.2542372881355932,0.6666666666666666,0.3157894736842105,0.2503207922575892,0.2503207922575892,1.0,0.0,0.9964912280701754,1.0,0.0,1.0,0.6666666666666666,0.6880617035546612,0.7428571428571428,0.8,0.7407407407407407,0.849994546166005,0.7023447637946445,0.8149637483733566,0.7458602196490625
228,227,1,0.4416663284317353,2,0.2,0.78,0.2542372881355932,0.6666666666666666,0.2105263157894736,0.2353631238827295,0.2353631238827295,0.5,0.7218045112781954,0.9982456140350876,0.995784995233999,0.0056179775280898,0.987719298245614,0.6880000000000001,0.7264355971896955,0.7868852459016392,0.6,0.0,0.840480051691162,0.7379152488536117,0.8349400621981473,0.3366666666666667
229,228,1,0.2122847308511893,0,0.4,0.3199999999999999,0.2542372881355932,0.6666666666666666,0.3157894736842105,0.2503207922575892,0.2503207922575892,1.0,0.0,0.9982456140350876,1.0,0.0,1.0,0.6666666666666666,0.6880617035546612,0.7428571428571428,0.8,0.8,0.8089589874831714,0.6910204569582308,0.8298737614807279,0.7964384089707339
230,229,1,0.2314812771095399,0,0.3,0.3199999999999999,0.2542372881355932,0.6666666666666666,0.3157894736842105,0.2503207922575892,0.2503207922575892,1.0,0.0,0.9964912280701754,1.0,0.0,1.0,0.6666666666666666,0.6880617035546612,0.7428571428571428,0.8,0.75,0.797253644676912,0.6898794433291047,0.8040464554619422,0.7699327938748013
231,230,1,0.1910101758468884,0,0.3,0.3199999999999999,0.2542372881355932,0.6666666666666666,0.3157894736842105,0.2503207922575892,0.2503207922575892,1.0,0.0,0.9964912280701754,1.0,0.0,1.0,0.6666666666666666,0.6880617035546612,0.7428571428571428,1.0,0.7666666666666667,0.8083618724886029,0.6975729170992242,0.8108431681722155,0.7704943204919604
232,231,2,0.7748953597233595,6,0.7,0.3199999999999999,0.7457627118644068,0.6666666666666666,0.3157894736842105,0.7496792077424108,0.7496792077424108,0.0,0.0,0.99438202247191,1.0,0.0,1.0,0.6666666666666666,0.6880617035546612,0.7428571428571428,0.2,0.2068965517241379,0.2350214058968708,0.3191553012824734,0.1752663881032899,0.2142881946530708
233,232,1,0.2314812771095399,0,0.3,0.3199999999999999,0.2542372881355932,0.6666666666666666,0.3157894736842105,0.2503207922575892,0.2503207922575892,1.0,0.0,0.9964912280701754,1.0,0.0,1.0,0.6666666666666666,0.6880617035546612,0.7428571428571428,0.8,0.75,0.797253644676912,0.6898794433291047,0.8040464554619422,0.7699327938748013
234,233,1,0.1917183777324448,0,0.3,1.0,0.1076115485564304,0.3333333333333333,0.5789473684210527,0.2307922874204928,0.2307922874204928,1.0,0.7301412465984191,0.9982456140350876,0.9890833414148932,0.0112359550561797,0.9947368421052633,0.7478260869565216,0.8223500399333044,0.8971962616822429,0.8,1.0,0.8570947137035152,0.7838471604086414,0.8087478594931748,0.6
235,234,1,0.0756554617662345,0,0.0,0.74,0.1076115485564304,0.3333333333333333,0.4210526315789473,0.1564140013848977,0.1564140013848977,0.0,0.2848664688427299,0.980701754385965,0.9577000436424356,0.0,0.987719298245614,0.7350427350427351,0.8082621082621084,0.9629629629629632,1.0,1.0,0.9077904546721632,0.811501859017372,0.8534415823797238,0.9733333333333332
236,235,1,0.1723022609160404,0,0.2,0.88,0.1076115485564304,0.3333333333333333,0.4736842105263157,0.3228779107853174,0.3228779107853174,0.0,0.327325453344101,0.9929824561403509,0.94257340106486,0.0,0.9947368421052633,0.7747747747747747,0.8172482929807582,0.8807339449541284,0.8,1.0,0.6761920812993568,0.785913700608883,0.8140806525955183,0.89
237,236,1,0.1230091047620277,0,0.3,0.96,0.1076115485564304,0.3333333333333333,0.2631578947368421,0.171713050752065,0.171713050752065,0.5,0.5,0.9964912280701754,0.9960834804098412,0.0056179775280898,0.9964912280701754,0.6880000000000001,0.7593489640130862,0.9285714285714286,0.8,1.0,0.92943276012268,0.8184589362236203,0.8290536750815328,0.885
238,237,1,0.179023844741606,0,0.3,0.92,0.2542372881355932,0.6666666666666666,0.4210526315789473,0.2405782491576769,0.2405782491576769,0.0,0.1666666666666666,0.9894736842105264,0.9800928487978848,0.0,0.9947368421052633,0.6771653543307087,0.7061151446978218,0.7428571428571428,0.8,1.0,0.8286350978664442,0.7150477504642007,0.8383696099152459,0.7438044733044733
239,238,1,0.1346944865004217,0,0.4,0.9,0.2542372881355932,0.6666666666666666,0.4210526315789473,0.2340318219309168,0.2340318219309168,1.0,0.6390977443609023,0.9982456140350876,0.9879583148808504,0.0,1.0,0.6991869918699187,0.7582788803484991,0.9320388349514565,0.8,1.0,0.8445395595411389,0.766179440139781,0.8611140813165503,0.92
240,239,1,0.173051670906808,0,0.2,0.88,0.1076115485564304,0.3333333333333333,0.4736842105263157,0.2847712293047973,0.2847712293047973,0.0,0.3481476111070832,0.9894736842105264,0.9463659357178648,0.0,0.9912280701754386,0.7610619469026548,0.8209776235753969,0.9230769230769232,0.8,1.0,0.7563464849368903,0.7924648957441363,0.802878593878125,0.81
241,240,2,0.5791886714210068,5,0.7,0.98,0.8923884514435696,0.3333333333333333,0.3684210526315789,0.7444943839937695,0.7444943839937695,0.5,0.3503823617042408,0.9887640449438202,0.9669544657697572,0.0035087719298245,0.99438202247191,0.7478260869565216,0.828488422016773,0.979591836734694,0.4,1.0,0.2565988900096189,0.2130625173872846,0.1818732307437225,0.4733333333333334
242,241,1,0.2472311645474306,1,0.2,0.98,0.1076115485564304,0.3333333333333333,0.5789473684210527,0.5419730815622988,0.5419730815622988,0.0,0.4567519858781994,0.9947368421052633,0.8284320557491289,0.0,1.0,0.6666666666666666,0.8930623973727422,0.9885057471264368,1.0,1.0,0.0003514387789396,0.6997271039476785,0.886534469988798,0.93
243,242,2,0.8911347449311503,6,0.9,1.0,0.7457627118644068,0.6666666666666666,0.2631578947368421,0.7648473363633904,0.7648473363633904,1.0,0.8310344827586207,0.99438202247191,0.9961502608607022,0.0228070175438596,1.0,0.6880000000000001,0.7280613931523022,0.7933884297520662,0.0,0.0,0.1753622143574847,0.2700152404420944,0.1811474089468526,0.0266666666666666
244,243,2,0.7606590222529986,5,0.9,1.0,0.8923884514435696,0.3333333333333333,0.5789473684210527,0.469004219567641,0.469004219567641,1.0,0.6597217784026757,0.99438202247191,0.9449296148555234,0.0087719298245614,1.0,0.7679999999999999,0.8674418262150221,0.9285714285714286,0.0,0.0,0.9511672135706006,0.2506212466194903,0.1742574062919168,0.06
245,244,1,0.3374911940355952,1,0.2,0.92,0.1076115485564304,0.3333333333333333,0.3157894736842105,0.1976282457085982,0.1976282457085982,0.2,0.3999999999999999,0.9912280701754386,0.9850686575123316,0.0056179775280898,0.9929824561403509,0.6771653543307087,0.7330271216097989,0.8666666666666667,0.8,0.0,0.8768173617799945,0.788583620887518,0.8054851864522495,0.7041666666666666
246,245,1,0.390191238907675,1,0.3,1.0,0.6050420168067228,1.0,0.4736842105263157,0.2365127551420847,0.2365127551420847,0.5,0.5215476103076133,0.9982456140350876,0.9826692125222052,0.0056179775280898,0.9947368421052633,0.7107438016528926,0.7810861865407319,0.9600000000000002,0.6,0.0,0.8464999741262497,0.7889572800224647,0.8433953124052351,0.58
247,246,1,0.193870280631768,0,0.1,0.74,0.1076115485564304,0.3333333333333333,0.4210526315789473,0.3726155714376333,0.3726155714376333,0.0,0.0771729500935132,0.9894736842105264,0.9123875445460664,0.0,0.9947368421052633,0.8037383177570093,0.8647812467905927,0.9285714285714286,0.8,1.0,0.616215298368801,0.7798547022229682,0.8307083156176226,0.81
248,247,1,0.1565613668436611,0,0.1,0.92,0.1076115485564304,0.3333333333333333,0.5263157894736842,0.4121433199548518,0.4121433199548518,0.0,0.2853631822188976,0.987719298245614,0.8974444495560565,0.0,0.987719298245614,0.7272727272727273,0.7868123406966865,0.8125,1.0,1.0,0.5346756905510073,0.8084811747583256,0.8374749336287,0.88
249,248,1,0.0839584218092538,0,0.0,0.92,0.1076115485564304,0.3333333333333333,0.3157894736842105,0.1740221570441366,0.1740221570441366,0.125,0.0,0.9789473684210528,0.985115249954428,0.0,0.9912280701754386,0.6771653543307087,0.7485033120859893,0.9285714285714286,1.0,1.0,0.8818788142935731,0.8125505090236256,0.8157197184768508,0.9861004273504274
250,249,1,0.0703476643830346,0,0.0,0.92,0.1076115485564304,0.3333333333333333,0.3157894736842105,0.1740221570441366,0.1740221570441366,0.0,0.0,0.9789473684210528,0.985115249954428,0.0,0.9912280701754386,0.6771653543307087,0.7485033120859893,0.9285714285714286,1.0,1.0,0.9249379462808544,0.8249829857982564,0.8298112634408636,0.9981818181818182
251,250,1,0.0839584218092538,0,0.0,0.92,0.1076115485564304,0.3333333333333333,0.3157894736842105,0.1740221570441366,0.1740221570441366,0.0,0.0,0.9789473684210528,0.985115249954428,0.0,0.9912280701754386,0.6771653543307087,0.7485033120859893,0.9285714285714286,1.0,1.0,0.8818788142935731,0.8125505090236256,0.8157197184768508,0.9861004273504274
252,251,1,0.3096615749065282,1,0.1,0.84,0.2816901408450704,1.0,0.3684210526315789,0.2319144216449641,0.2319144216449641,0.0,0.2949816401468788,0.9894736842105264,0.9330693206121494,0.0,0.9859649122807016,0.7027027027027026,0.7353673209288183,0.7933884297520662,1.0,0.0,0.8002103963744758,0.798505011067757,0.8483151431185977,0.695
253,252,2,0.8708048710220908,6,0.8,1.0,0.8923884514435696,0.3333333333333333,0.5789473684210527,0.7872006664390508,0.7872006664390508,1.0,0.6291793313069909,0.99438202247191,0.9858635016801576,0.0052631578947368,1.0,0.7478260869565216,0.8346273291925465,0.9285714285714286,0.2,0.0,0.1185077234761991,0.19109329515573,0.1655697552355258,0.1
254,253,2,0.9112624708684822,6,0.8,0.98,0.8923884514435696,0.3333333333333333,0.631578947368421,0.8283343650344605,0.8283343650344605,0.5,0.7966804979253113,0.99438202247191,0.9964007925006252,0.0087719298245614,1.0,0.6880000000000001,0.7607582417582418,0.9285714285714286,0.0,0.0,0.0704496995268548,0.1776204177425485,0.1693550575197035,0.115
255,254,1,0.2307655503019066,1,0.3,0.74,0.1076115485564304,0.3333333333333333,0.4210526315789473,0.4058938345791274,0.4058938345791274,0.0,0.1956317519962424,0.987719298245614,0.8910800092860255,0.0,0.9929824561403509,0.8190476190476191,0.8788359788359789,0.9629629629629632,0.8,1.0,0.3988900885943056,0.7459213669368057,0.800595242657449,0.87
256,255,1,0.1027525121893392,0,0.3,1.0,0.2542372881355932,0.6666666666666666,0.4736842105263157,0.2356074351004271,0.2356074351004271,0.3333333333333333,0.5450819672131146,0.9982456140350876,0.9868065814273344,0.0056179775280898,0.9964912280701754,0.6880000000000001,0.735891891891892,0.8648648648648649,1.0,1.0,0.8384996436730482,0.7549062768322775,0.8700790063586389,0.92
257,256,1,0.0772721524652079,0,0.0,0.8200000000000001,0.1076115485564304,0.3333333333333333,0.3684210526315789,0.1438052932453803,0.1438052932453803,0.0,0.2144927536231883,0.980701754385965,0.9373986361295724,0.0,0.9929824561403509,0.7478260869565216,0.8014408050212182,0.896551724137931,1.0,1.0,0.961922753319668,0.8037959830240631,0.858981682198354,0.9116666666666668
258,257,1,0.1868870093772586,0,0.3,1.0,0.1076115485564304,0.3333333333333333,1.0,0.1947540282658122,0.1947540282658122,0.0,0.4395342138830597,0.9929824561403509,0.965482287530188,0.0,0.9964912280701754,0.7350427350427351,0.8198477109027569,0.9285714285714286,0.6,1.0,0.8380926507076311,0.802572125009198,0.8213465013529522,0.8166666666666668
259,258,1,0.2801818090147652,1,0.3,0.94,0.2542372881355932,0.6666666666666666,0.4210526315789473,0.2344385144327686,0.2344385144327686,0.5,0.5714285714285714,0.9982456140350876,0.9871381344028302,0.0,0.9947368421052633,0.6880000000000001,0.7331041162227603,0.8135593220338984,1.0,0.0,0.8250145432551864,0.7408846678306886,0.8263432681588669,0.9266666666666664
260,259,1,0.1474539975378946,0,0.1,0.74,0.1076115485564304,0.3333333333333333,0.4210526315789473,0.3478437505516007,0.3478437505516007,0.0,0.0716439733162752,0.987719298245614,0.9057513421241434,0.0,0.9894736842105264,0.8037383177570093,0.8733791303884761,0.9629629629629632,1.0,1.0,0.5673542538906784,0.769720066705866,0.8182016941760876,0.96
261,260,1,0.4497611946450184,2,0.3,1.0,0.2542372881355932,0.6666666666666666,0.5789473684210527,0.2316424460892865,0.2316424460892865,1.0,0.6967213114754098,0.9982456140350876,0.9907548348440228,0.0056179775280898,0.9982456140350876,0.6991869918699187,0.7638792102206736,0.9142857142857144,0.6,0.0,0.8239173863650916,0.7643448625678446,0.8331705831969533,0.28
262,261,2,0.7868901229993471,5,0.7,0.98,0.8923884514435696,0.3333333333333333,0.4210526315789473,0.5358373217065588,0.5358373217065588,1.0,0.6847862753602236,0.99438202247191,0.9594025515381536,0.0052631578947368,1.0,0.8067226890756303,0.8512992575671046,0.9285714285714286,0.2,0.0,0.6245302578259003,0.206722100756814,0.1874069034212023,0.06
263,262,1,0.0974878150869958,0,0.0,0.78,0.2542372881355932,0.6666666666666666,0.2105263157894736,0.2428473375819306,0.2428473375819306,0.0,0.1051197309677045,0.9789473684210528,0.9650110743100944,0.0,0.9912280701754386,0.6771653543307087,0.7093803040605422,0.7804878048780488,1.0,1.0,0.8225644867655649,0.722439694636541,0.8700689280759183,1.0
264,263,2,0.8961191215789033,6,1.0,1.0,0.7457627118644068,0.6666666666666666,0.5263157894736842,0.7655294385690976,0.7655294385690976,1.0,0.7779909384056491,0.99438202247191,0.9877131394182548,0.0070175438596491,1.0,0.6880000000000001,0.741897897897898,0.8888888888888888,0.0,0.0,0.1591811228027088,0.2306244279037388,0.1234797198201323,0.11
265,264,1,0.0741248957510013,0,0.1,0.72,0.2816901408450704,1.0,0.3157894736842105,0.2294282082036058,0.2294282082036058,0.0,0.0,0.9842105263157894,0.946618493846675,0.0,0.987719298245614,0.7107438016528926,0.7718554173099628,0.9230769230769232,1.0,1.0,0.8739926763492589,0.8328741691920628,0.8483837799526706,1.0
266,265,2,0.8289278965517523,6,0.7,1.0,0.7457627118644068,0.6666666666666666,0.5263157894736842,0.7692518125117662,0.7692518125117662,1.0,0.8181818181818181,0.99438202247191,0.991590967595309,0.0052631578947368,1.0,0.6991869918699187,0.7683174903871092,0.9320388349514565,0.4,0.0,0.1473191820590582,0.1994394092537894,0.1396740293766384,0.14
267,266,1,0.1201961723733009,0,0.1,0.78,0.2542372881355932,0.6666666666666666,0.2105263157894736,0.2422906735739011,0.2422906735739011,0.0,0.1523908254503044,0.9859649122807016,0.9701840873919396,0.0,0.9894736842105264,0.6771653543307087,0.7142601839404221,0.7804878048780488,1.0,1.0,0.7690593297290866,0.7196330581932263,0.8601305778378818,0.93
268,267,1,0.2047744295339768,0,0.3,0.98,0.1076115485564304,0.3333333333333333,0.5263157894736842,0.2107329413549151,0.2107329413549151,0.3333333333333333,0.2857142857142857,0.9947368421052633,0.975578413095251,0.0,0.9912280701754386,0.7478260869565216,0.8460559006211179,0.9600000000000002,0.6,1.0,0.8165855875774003,0.8132031513580189,0.8415646838607191,0.7
269,268,1,0.0996721366584564,0,0.1,0.72,0.2816901408450704,1.0,0.3157894736842105,0.2402136077215892,0.2402136077215892,0.0,0.2885131170899337,0.9824561403508772,0.8855037766387914,0.0,0.9947368421052633,0.7350427350427351,0.7407356532356533,0.7499999999999999,1.0,1.0,0.7961141038186765,0.8432409175720842,0.8626121586585,0.9
270,269,1,0.2350364743305776,1,0.5,0.84,0.1076115485564304,0.3333333333333333,0.3157894736842105,0.1514446931302144,0.1514446931302144,1.0,0.6942221569635122,0.9982456140350876,0.9907368898635108,0.0056179775280898,1.0,0.6991869918699187,0.7915934959349593,1.0,0.6,1.0,0.9431505633917154,0.8466658580028643,0.814964732621955,0.385
271,270,1,0.0918615926563517,0,0.2,0.8200000000000001,0.1076115485564304,0.3333333333333333,0.3684210526315789,0.1954936068849735,0.1954936068849735,0.0,0.255011135857461,0.9842105263157894,0.9120006227953849,0.0,0.9929824561403509,0.7889908256880733,0.8450484382181421,0.9056603773584908,1.0,1.0,0.8611564961688373,0.8112379204852089,0.9064360274078436,0.87
272,271,1,0.1075402980717324,0,0.1,0.96,0.1076115485564304,0.3333333333333333,0.5263157894736842,0.137104606916826,0.137104606916826,0.0,0.2730627306273062,0.9824561403508772,0.9552575670828936,0.0,0.9912280701754386,0.7350427350427351,0.7950491290643249,0.896551724137931,0.8,1.0,0.9718959624557276,0.827109497729484,0.8475860847177269,0.9081666666666668
273,272,1,0.2198306988108282,0,0.2,0.98,0.1076115485564304,0.3333333333333333,0.3684210526315789,0.2191608480461683,0.2191608480461683,0.0,0.3333333333333333,0.9964912280701754,0.9897470324372158,0.0,1.0,0.6771653543307087,0.726323061780739,0.8125,0.6,1.0,0.8635670289339299,0.7820512872673504,0.84039749093375,0.595
274,273,1,0.0720452085506262,0,0.1,0.72,0.2816901408450704,1.0,0.3157894736842105,0.2294282082036058,0.2294282082036058,0.0,0.0,0.9842105263157894,0.946618493846675,0.0,0.987719298245614,0.7107438016528926,0.7718554173099628,0.9230769230769232,1.0,1.0,0.8595178637927599,0.8372618949004059,0.8709489900030765,1.0
275,274,1,0.0741248957510013,0,0.1,0.72,0.2816901408450704,1.0,0.3157894736842105,0.2294282082036058,0.2294282082036058,0.0,0.0,0.9842105263157894,0.946618493846675,0.0,0.987719298245614,0.7107438016528926,0.7718554173099628,0.9230769230769232,1.0,1.0,0.8739926763492589,0.8328741691920628,0.8483837799526706,1.0
276,275,1,0.1341557511215657,0,0.2,1.0,0.2542372881355932,0.6666666666666666,0.4736842105263157,0.2293126864061603,0.2293126864061603,0.5,0.5663716814159292,0.9982456140350876,0.9858041446990656,0.0,1.0,0.6991869918699187,0.7753077816492451,0.9600000000000002,0.8,1.0,0.8553907857016997,0.8130022855052101,0.866672422063695,0.86
277,276,1,0.1531753737541509,0,0.2,0.74,0.1076115485564304,0.3333333333333333,0.4210526315789473,0.3525306540289459,0.3525306540289459,0.0,0.1908012277245865,0.987719298245614,0.8905511786629324,0.0,0.9894736842105264,0.8190476190476191,0.8832742590024144,0.9629629629629632,0.8,1.0,0.6635748139910921,0.807565774829824,0.8298071686541785,0.98
278,277,1,0.2092796992952207,0,0.2,0.94,0.2542372881355932,0.6666666666666666,0.4210526315789473,0.2326427937613076,0.2326427937613076,0.0,0.4784523896923868,0.9964912280701754,0.982757281553398,0.0,0.9929824561403509,0.6880000000000001,0.744,0.8571428571428572,0.6,1.0,0.7795981049302474,0.7598009603510332,0.8449227389473956,0.76
279,278,1,0.4768160872933675,2,0.1,0.98,0.1076115485564304,0.3333333333333333,0.5789473684210527,0.5321849986441747,0.5321849986441747,0.5,0.5647446727342089,0.9982456140350876,0.9443022525978102,0.0056179775280898,0.9982456140350876,0.7741935483870969,0.8869207067848834,0.9629629629629632,0.8,0.0,0.0928620958462889,0.7755567221796791,0.8206846582138267,0.65
280,279,1,0.2103402794121119,0,0.5,0.98,0.1076115485564304,0.3333333333333333,0.5263157894736842,0.209831237626948,0.209831237626948,0.5,0.3333333333333333,0.9964912280701754,0.9802699952661048,0.0056179775280898,0.9964912280701754,0.7478260869565216,0.8509538598047913,0.9795918367346936,0.6,1.0,0.8599938558518082,0.8241728066036663,0.837124994405186,0.6166666666666667
281,280,1,0.2842694915172165,1,0.4,0.74,0.1076115485564304,0.3333333333333333,0.4210526315789473,0.4993245521553744,0.4993245521553744,0.3333333333333333,0.3667375676476131,0.9947368421052633,0.9153652392947104,0.0,0.9982456140350876,0.8275862068965518,0.8819807268083131,0.9629629629629632,0.8,1.0,0.0838691104837014,0.7430595241190935,0.7974544162939058,0.87
282,281,2,0.5859717712326746,4,0.6,0.98,0.8923884514435696,0.3333333333333333,0.3684210526315789,0.857314936197692,0.857314936197692,0.5,0.3032786885245901,0.9887640449438202,0.9915482268524908,0.0017543859649122,0.99438202247191,0.6991869918699187,0.7838826237724744,0.9629629629629632,0.4,1.0,0.0445112575908105,0.1384792759545631,0.1811788390585787,0.72
283,282,1,0.1557700296479881,0,0.3,0.74,0.1076115485564304,0.3333333333333333,0.4210526315789473,0.1447081356943031,0.1447081356943031,0.25,0.5,0.9964912280701754,0.991679975035336,0.0,0.9929824561403509,0.7107438016528926,0.7961126415671871,0.9629629629629632,0.8,1.0,0.9301800131491016,0.8465951760378803,0.8377712995917557,0.6508333333333333
284,283,1,0.4372628243221527,2,0.2,0.98,0.1076115485564304,0.3333333333333333,0.3684210526315789,0.2087734574830209,0.2087734574830209,0.5,0.5,0.9982456140350876,0.9948996630134492,0.0056179775280898,0.9982456140350876,0.6771653543307087,0.7328754811355777,0.8387096774193549,0.6,0.0,0.8217513587676432,0.7825966977664915,0.8320749975329496,0.34
285,284,1,0.1043276899424617,0,0.1,0.74,0.1076115485564304,0.3333333333333333,0.6842105263157895,0.1748210277053725,0.1748210277053725,0.0,0.3333333333333333,0.9947368421052633,0.9825701986930052,0.0,0.9929824561403509,0.7107438016528926,0.7999041385002769,0.9285714285714286,0.8,1.0,0.9376303466510792,0.8282448044236722,0.8181587092704775,0.99
286,285,1,0.0730879544173997,0,0.1,1.0,0.1076115485564304,0.3333333333333333,0.3684210526315789,0.1739492203835221,0.1739492203835221,0.0,0.3394495412844036,0.9842105263157894,0.9850453978992344,0.0,0.9894736842105264,0.6771653543307087,0.7525437161263933,0.9285714285714286,1.0,1.0,0.9134779903542944,0.8334297710884202,0.8145645120528874,1.0
287,286,1,0.1433269237616539,0,0.1,0.78,0.2542372881355932,0.6666666666666666,0.2105263157894736,0.2394175824709344,0.2394175824709344,0.0,0.1797890230851551,0.9912280701754386,0.9755607030682364,0.0,0.987719298245614,0.6771653543307087,0.7194189140991523,0.7804878048780488,0.8,1.0,0.7727013085103385,0.7389000339166115,0.8584371150031266,0.97
288,287,2,0.9238085803298104,6,0.9,1.0,0.8923884514435696,0.3333333333333333,0.5263157894736842,0.8025853284334865,0.8025853284334865,1.0,0.8338983050847457,0.99438202247191,0.9953528991033782,0.0087719298245614,1.0,0.6771653543307087,0.7398647284474057,0.8666666666666667,0.0,0.0,0.0847961465447004,0.1921215608411147,0.1802308106353229,0.0
289,288,2,0.8852604239702512,6,0.9,0.98,0.8923884514435696,0.3333333333333333,0.7894736842105263,0.855449785068801,0.855449785068801,1.0,0.999999999999902,0.99438202247191,1.0,0.0175438596491228,1.0,0.7107438016528926,0.7995024720756617,0.9629629629629632,0.2,0.0,0.0327908898262468,0.1539563599795864,0.1750235397059927,0.1266666666666666
290,289,2,0.8584620694628957,6,0.6,1.0,0.8923884514435696,0.3333333333333333,0.4210526315789473,0.8576985543041687,0.8576985543041687,1.0,0.6967213114754098,0.99438202247191,0.992824618721294,0.0017543859649122,1.0,0.6880000000000001,0.7737171186934967,0.9629629629629632,0.4,0.0,0.0395350775748609,0.1354460635610399,0.1942464420867247,0.08
291,290,2,0.8308364237309747,6,0.8,0.98,0.8923884514435696,0.3333333333333333,0.3684210526315789,0.8573700783367144,0.8573700783367144,0.6666666666666666,0.2781954887218044,0.9887640449438202,0.9904192202174006,0.0017543859649122,0.99438202247191,0.6991869918699187,0.7854561878952124,0.9629629629629632,0.4,0.0,0.0343150877454444,0.1332804572944126,0.1573859125742951,0.29
292,291,1,0.1965799273863323,0,0.2,0.8200000000000001,0.1076115485564304,0.3333333333333333,0.3684210526315789,0.2311849367581017,0.2311849367581017,0.0,0.4850993041608341,0.9929824561403509,0.9269148813637412,0.0,0.9912280701754386,0.8037383177570093,0.8760070899129874,1.0,1.0,0.5,0.7840548190934743,0.7936667393838411,0.8577988772046905,0.885
293,292,1,0.1223801747206866,0,0.1,0.96,0.1076115485564304,0.3333333333333333,0.6842105263157895,0.1714589870523957,0.1714589870523957,0.3333333333333333,0.2044198895027624,0.9964912280701754,0.9836756601687032,0.0,0.9929824561403509,0.6991869918699187,0.7851261835862912,0.9285714285714286,1.0,1.0,0.9169923751165912,0.8350048400706592,0.8037217364886291,0.71
294,293,1,0.1170237701763546,0,0.1,0.74,0.1076115485564304,0.3333333333333333,0.6842105263157895,0.1744144794878002,0.1744144794878002,0.3333333333333333,0.0,0.9947368421052633,0.9912084821417748,0.0,0.9947368421052633,0.7107438016528926,0.8037309741855196,0.9285714285714286,0.8,1.0,0.9292408424080284,0.8502047758155393,0.8384117607183044,0.88
295,294,1,0.0725378248463011,0,0.1,0.74,0.1076115485564304,0.3333333333333333,0.6842105263157895,0.1744144794878002,0.1744144794878002,0.0,0.0,0.9947368421052633,0.9912084821417748,0.0,0.9947368421052633,0.7107438016528926,0.8037309741855196,0.9285714285714286,1.0,1.0,0.9092452312556524,0.8391891687176912,0.8163386509488502,1.0
296,295,1,0.1575643010930384,0,0.1,0.9,0.2542372881355932,0.6666666666666666,0.4210526315789473,0.2171401831668986,0.2171401831668986,0.0,0.4572339711312521,0.9964912280701754,0.9526796061950528,0.0,0.987719298245614,0.6991869918699187,0.7321657233347729,0.8275862068965518,0.8,1.0,0.8619222349604378,0.8304695459980659,0.8122224124832654,0.75
297,296,1,0.1147395760297488,0,0.2,0.98,0.1076115485564304,0.3333333333333333,0.7894736842105263,0.144550214931199,0.144550214931199,0.0,0.999999999999808,0.9982456140350876,1.0,0.0056179775280898,0.987719298245614,0.7107438016528926,0.7995024720756617,0.9629629629629632,0.8,1.0,0.9672091101737532,0.8460436400204135,0.8249764602940073,0.8733333333333334
298,297,1,0.0597044445613536,0,0.1,0.84,0.1076115485564304,0.3333333333333333,0.3684210526315789,0.1436157240616071,0.1436157240616071,0.0,0.0,0.9912280701754386,1.0,0.0,0.9719298245614036,0.6771653543307087,0.761141599724277,0.9629629629629632,1.0,1.0,0.955187186363358,0.8712415766256597,0.8153445696428608,1.0
299,298,1,0.0597044445613536,0,0.1,0.84,0.1076115485564304,0.3333333333333333,0.3684210526315789,0.1436157240616071,0.1436157240616071,0.0,0.0,0.9912280701754386,1.0,0.0,0.9421052631578948,0.6771653543307087,0.761141599724277,0.9629629629629632,1.0,1.0,0.955187186363358,0.8712415766256597,0.8153445696428608,1.0
300,299,1,0.0597044445613536,0,0.1,0.84,0.1076115485564304,0.3333333333333333,0.3684210526315789,0.1436157240616071,0.1436157240616071,0.0,0.0,0.9912280701754386,1.0,0.0,0.9719298245614036,0.6771653543307087,0.761141599724277,0.9629629629629632,1.0,1.0,0.955187186363358,0.8712415766256597,0.8153445696428608,1.0
301,300,1,0.0597044445613536,0,0.1,0.84,0.1076115485564304,0.3333333333333333,0.3684210526315789,0.1436157240616071,0.1436157240616071,0.0,0.0,0.9912280701754386,1.0,0.0,0.9421052631578948,0.6771653543307087,0.761141599724277,0.9629629629629632,1.0,1.0,0.955187186363358,0.8712415766256597,0.8153445696428608,1.0
302,301,1,0.1084279118382506,0,0.1,0.84,0.1076115485564304,0.3333333333333333,0.3684210526315789,0.1436157240616071,0.1436157240616071,0.0,0.0,0.9929824561403509,1.0,0.0056179775280898,0.9280701754385964,0.6771653543307087,0.761141599724277,0.9629629629629632,1.0,0.8571428571428571,0.9586087767381368,0.8665882150554913,0.8050455049868361,0.8620471750471748
303,302,1,0.094444918893342,0,0.1,0.84,0.1076115485564304,0.3333333333333333,0.3684210526315789,0.1436157240616071,0.1436157240616071,0.0,0.0,0.9929824561403509,1.0,0.0,0.9298245614035088,0.6771653543307087,0.761141599724277,0.9629629629629632,1.0,0.875,0.9630000179642526,0.8737714118785114,0.8344293890792815,0.8871296677179026
304,303,1,0.3640922736849465,1,0.2,1.0,0.2542372881355932,0.6666666666666666,0.5789473684210527,0.2276388132105362,0.2276388132105362,0.0,0.4643517244091392,0.9964912280701754,0.9642896468552552,0.0,1.0,0.6880000000000001,0.7645736348593493,0.979591836734694,0.8,0.0,0.8248169090365631,0.7854224894556401,0.8652069593981169,0.54
305,304,1,0.1274167105684805,0,0.2,0.74,0.1076115485564304,0.3333333333333333,0.6842105263157895,0.1482804422096634,0.1482804422096634,0.3333333333333333,0.5,0.9964912280701754,0.9842663589307789,0.0,0.9964912280701754,0.7226890756302521,0.8163709928415811,0.9629629629629632,0.8,1.0,0.9620308722682372,0.8456409605800754,0.8311612370741369,0.796666666666667
306,305,2,0.9288324384223774,6,1.0,1.0,0.8923884514435696,0.3333333333333333,1.0,0.826022708384485,0.826022708384485,1.0,0.904639175257732,0.99438202247191,0.9959839713273716,0.0122807017543859,1.0,0.7107438016528926,0.8076982442078355,0.9285714285714286,0.0,0.0,0.0905494470309092,0.1558339226600024,0.1806219997748241,0.0
307,306,1,0.11897730396281,0,0.1,0.72,0.2816901408450704,1.0,0.3157894736842105,0.2175363273484787,0.2175363273484787,0.0,0.3965818435916846,0.9929824561403509,0.9362840945424138,0.0,0.9859649122807016,0.7107438016528926,0.7410861865407319,0.8,0.8,1.0,0.8620762285822019,0.8517672142518755,0.8122927333890624,0.96
308,307,1,0.0769453325768284,0,0.0,0.84,0.1076115485564304,0.3333333333333333,0.3157894736842105,0.1711131075383514,0.1711131075383514,0.0,0.0,0.9771929824561404,0.9716975872365952,0.0,0.987719298245614,0.6880000000000001,0.7712648083623694,0.9285714285714286,1.0,1.0,0.930708342216378,0.8479789444131381,0.8396407179095136,0.92
309,308,1,0.1429737971976586,0,0.3,0.98,0.1076115485564304,0.3333333333333333,0.3684210526315789,0.1293440499820614,0.1293440499820614,0.5,0.6016260162601625,0.9982456140350876,0.9896173379861078,0.0056179775280898,1.0,0.6991869918699187,0.7688533781889544,0.896551724137931,0.6,1.0,0.9810557630273552,0.8884691967342098,0.8451322570524827,0.8275
310,309,1,0.391913918242141,2,0.3,1.0,0.1076115485564304,0.3333333333333333,0.4210526315789473,0.1291581358084699,0.1291581358084699,0.6666666666666666,0.5,0.9982456140350876,0.992242506188238,0.0,1.0,0.6880000000000001,0.7571143089872387,0.896551724137931,0.6,0.0,0.9827097225095832,0.876276380778108,0.8190303872594629,0.3705
311,310,1,0.329635551383475,1,0.1,0.98,0.1076115485564304,0.3333333333333333,0.8947368421052632,0.173747395300349,0.173747395300349,0.3333333333333333,0.5647058823529412,0.9982456140350876,0.9955454983243408,0.0056179775280898,0.9929824561403509,0.7107438016528926,0.8097369801915256,0.9285714285714286,0.8,0.0,0.9303652005087386,0.8600907400733133,0.841730751117098,0.59
312,311,1,0.1127851515794992,0,0.2,1.0,0.1076115485564304,0.3333333333333333,0.5789473684210527,0.1738595022228798,0.1738595022228798,0.3333333333333333,0.2781954887218044,0.9947368421052633,0.9899530544508568,0.0,0.9964912280701754,0.6771653543307087,0.7553409189235961,0.9285714285714286,1.0,1.0,0.9128177862668896,0.834205626252121,0.8062656780039938,0.77
313,312,1,0.1685086994631629,0,0.3,0.74,0.1076115485564304,0.3333333333333333,0.4210526315789473,0.2107967862595895,0.2107967862595895,0.0,0.3923540036122818,0.9912280701754386,0.9408128918001256,0.0,0.9894736842105264,0.7610619469026548,0.8476868085316908,0.9629629629629632,0.6,1.0,0.8560785295608179,0.8523178636650627,0.8530514099951422,0.8275
314,313,1,0.093864576264775,0,0.1,0.96,0.1076115485564304,0.3333333333333333,0.3684210526315789,0.2050835572001299,0.2050835572001299,1.0,0.0,0.987719298245614,0.9827640789334834,0.0,0.9964912280701754,0.6666666666666666,0.7251824817518248,0.8666666666666667,1.0,1.0,0.8357716102353411,0.79458504595284,0.8252374809725052,0.9812184052506632
315,314,1,0.0936641184506362,0,0.1,0.96,0.1076115485564304,0.3333333333333333,0.3684210526315789,0.2050835572001299,0.2050835572001299,1.0,0.0,0.987719298245614,0.9827640789334834,0.0,0.9964912280701754,0.6666666666666666,0.7251824817518248,0.8666666666666667,1.0,1.0,0.8651190180350503,0.8013934906327622,0.8037856679919023,0.9677171126364672
316,315,1,0.103997829009201,0,0.1,0.88,0.2542372881355932,0.6666666666666666,0.3684210526315789,0.2380041435611585,0.2380041435611585,0.0,0.1121281464530892,0.987719298245614,0.9664711831076048,0.0,0.9929824561403509,0.6771653543307087,0.7294251680078452,0.8205128205128205,1.0,1.0,0.8213969678241488,0.7660160476588501,0.848600010461794,0.94
317,316,1,0.178973390661247,0,0.2,0.84,0.1076115485564304,0.3333333333333333,0.3157894736842105,0.1738023580874808,0.1738023580874808,0.0,0.2176470588235294,0.9947368421052633,0.9860266858780976,0.0,0.9964912280701754,0.6771653543307087,0.7567720459361185,0.9285714285714286,0.6,1.0,0.9127804791849452,0.8370048951524399,0.8063742816951328,0.77
318,317,1,0.4303555687898116,3,0.3,0.74,0.1076115485564304,0.3333333333333333,0.4210526315789473,0.1424396964549923,0.1424396964549923,0.6666666666666666,0.0,0.9964912280701754,0.9918134200307052,0.0,0.9929824561403509,0.6991869918699187,0.7903342366757002,0.9629629629629632,0.4,0.0,0.9698715164747492,0.8591591037940164,0.8213359669923642,0.3675
319,318,2,0.8792873336071809,6,1.0,0.98,0.8923884514435696,0.3333333333333333,0.4210526315789473,0.7791240893637392,0.7791240893637392,1.0,0.8198874296435272,0.99438202247191,0.9802430681091304,0.0175438596491228,1.0,0.7610619469026548,0.8160636611026592,0.9285714285714286,0.2,0.0,0.151587539278039,0.1255505830367413,0.1771378760421341,0.07
320,319,1,0.3256575837125884,1,0.3,0.88,0.1076115485564304,0.3333333333333333,0.7368421052631579,0.1730134590149631,0.1730134590149631,0.0,0.4285714285714286,0.9947368421052633,0.981940657178788,0.0,0.9982456140350876,0.7107438016528926,0.816086186540732,0.9285714285714286,0.8,0.0,0.9388001243372532,0.8551905058364813,0.822063867550735,0.63
321,320,1,0.1724479470384712,1,0.1,0.8200000000000001,0.1076115485564304,0.3333333333333333,0.3684210526315789,0.4803353277220304,0.4803353277220304,0.0,0.3421541596739391,0.9929824561403509,0.9222081254252664,0.0,0.9929824561403509,0.7499999999999999,0.8539862914862915,0.9285714285714286,1.0,1.0,0.2628838737242284,0.849668329068921,0.8527601149760231,1.0
322,321,2,0.8972867164907404,6,1.0,1.0,0.8923884514435696,0.3333333333333333,0.631578947368421,0.8075213739132202,0.8075213739132202,1.0,0.7844408427876823,0.99438202247191,0.9845332320727178,0.0140350877192982,1.0,0.7107438016528926,0.8194612479054841,0.9896907216494844,0.0,0.0,0.1119310695237133,0.1451184701646804,0.1892301613671634,0.17
323,322,1,0.0946970347683441,0,0.1,0.74,0.1076115485564304,0.3333333333333333,0.6842105263157895,0.1704447912159719,0.1704447912159719,0.0,0.4155172413793103,0.987719298245614,0.970232105562939,0.0,0.9947368421052633,0.6991869918699187,0.7960220673635309,0.9285714285714286,0.8,1.0,0.9333816285121356,0.8653647756785408,0.8430713871992589,0.99
324,323,2,0.9445179810827934,6,0.8,0.98,0.8923884514435696,0.3333333333333333,0.5263157894736842,0.8369781877327095,0.8369781877327095,1.0,0.9999999999999348,0.99438202247191,1.0,0.0122807017543859,1.0,0.7478260869565216,0.8646537842190016,1.0,0.0,0.0,0.0563812422657469,0.1205917713125981,0.1359190999248947,0.02
325,324,1,0.0528129823522037,0,0.2,0.96,0.1076115485564304,0.3333333333333333,0.5263157894736842,0.1362979547408983,0.1362979547408983,0.0,0.1262886597938144,0.9912280701754386,0.9689956396642244,0.0,0.987719298245614,0.7350427350427351,0.8138815207780725,0.896551724137931,1.0,1.0,0.9645377402977616,0.8784580431727402,0.8501263224162751,0.99
326,325,1,0.1419529802221868,0,0.1,1.0,0.1076115485564304,0.3333333333333333,0.3157894736842105,0.143567926162353,0.143567926162353,0.0909090909090909,0.5,0.9964912280701754,0.9923704598344478,0.0,0.9666666666666668,0.6771653543307087,0.7639388025214797,0.9629629629629632,0.8,0.8888888888888888,0.9373537733407954,0.8660604295825955,0.8279865536415375,0.8279924732130614
327,326,1,0.152293375194405,0,0.3,0.88,0.2542372881355932,0.6666666666666666,0.3684210526315789,0.2370272686186862,0.2370272686186862,0.0,0.2727430857540442,0.9964912280701754,0.9692932527412804,0.0,0.9964912280701754,0.6771653543307087,0.7428297814124586,0.9142857142857144,0.8,1.0,0.8186024461271199,0.7749961710732972,0.8166411316331531,0.8760000000000001
328,327,1,0.1902721680737643,1,0.2,0.92,0.1076115485564304,0.3333333333333333,0.5263157894736842,0.4855717668877015,0.4855717668877015,0.3333333333333333,0.4984326018808777,0.9964912280701754,0.9238420889027044,0.0056179775280898,0.9929824561403509,0.6666666666666666,0.8417508417508417,0.9629629629629632,0.8,1.0,0.3463823872520252,0.8712046033150943,0.8407800009902946,1.0
329,328,2,0.9049864620044932,6,0.9,1.0,0.8923884514435696,0.3333333333333333,0.7894736842105263,0.8577075257249618,0.8577075257249618,1.0,0.6620689655172414,0.99438202247191,0.9924758983893526,0.0245614035087719,1.0,0.6991869918699187,0.7937240671841748,0.9629629629629632,0.2,0.0,0.0638981443444924,0.1329489574368866,0.1632341261916623,0.01
330,329,1,0.0912493477104735,0,0.2,0.96,0.1076115485564304,0.3333333333333333,0.5263157894736842,0.1362001785562381,0.1362001785562381,0.0,0.1121281464530892,0.9912280701754386,0.9643544394315978,0.0,0.9929824561403509,0.7350427350427351,0.815958363976411,0.8971962616822429,0.8,1.0,0.9737883661733386,0.8857486341856963,0.8679669133781244,0.925
331,330,1,0.0977353271222206,0,0.1,0.88,0.1076115485564304,0.3333333333333333,0.7368421052631579,0.1530971401648083,0.1530971401648083,0.0,0.2242562929061785,0.9929824561403509,0.967296335406156,0.0,0.9947368421052633,0.7350427350427351,0.8506863506863508,0.9696969696969696,0.8,1.0,0.9485972436402924,0.8750898887908848,0.8199009048354993,0.97
332,331,1,0.0515424314554341,0,0.2,0.98,0.1076115485564304,0.3333333333333333,0.6842105263157895,0.1324844339983225,0.1324844339983225,0.0,0.9999999999998932,0.9982456140350876,1.0,0.0056179775280898,0.9964912280701754,0.7226890756302521,0.8016986850658251,0.896551724137931,1.0,1.0,0.969786773165005,0.8847891618831654,0.838669476219225,0.9975
333,332,2,0.948457568544566,6,0.9,0.98,0.8923884514435696,0.3333333333333333,0.6842105263157895,0.8675155660016775,0.8675155660016775,1.0,0.9999999999999568,0.99438202247191,1.0,0.0122807017543859,1.0,0.7226890756302521,0.8016986850658251,0.896551724137931,0.0,0.0,0.0302132268349948,0.1152108381168346,0.1613305237807751,0.0025
334,333,2,0.8956944728451097,6,0.9,1.0,0.8923884514435696,0.3333333333333333,0.3684210526315789,0.8152286084846228,0.8152286084846228,1.0,0.8549019607843138,0.99438202247191,0.9907478285720118,0.0122807017543859,1.0,0.7350427350427351,0.821886446886447,0.9285714285714286,0.2,0.0,0.1129031596048083,0.1275230889574797,0.1554069143670539,0.03
335,334,1,0.0640942422544373,0,0.0,0.6,0.1076115485564304,0.3333333333333333,0.3157894736842105,0.1298754142611755,0.1298754142611755,0.0,0.0,0.9614035087719298,0.982644459353032,0.0,0.968421052631579,0.6771653543307087,0.7473359928152218,0.896551724137931,1.0,1.0,0.9639208086894736,0.887134540401173,0.8271493994029304,0.937229797979798
336,335,2,0.941524412252239,6,0.7,0.98,0.8923884514435696,0.3333333333333333,0.4210526315789473,0.8708915769414803,0.8708915769414803,1.0,0.9999999999999164,0.99438202247191,1.0,0.0052631578947368,1.0,0.6880000000000001,0.7601379310344828,0.896551724137931,0.0,0.0,0.0248143480857928,0.1064773934350897,0.1812284516323499,0.0383333333333333
337,336,1,0.073647260299524,0,0.0,0.96,0.1076115485564304,0.3333333333333333,0.6842105263157895,0.1704860883803859,0.1704860883803859,0.0,0.2038682109524345,0.9789473684210528,0.9677699832931976,0.0,0.9824561403508772,0.6880000000000001,0.7795326876513318,0.9285714285714286,1.0,1.0,0.8845310241670128,0.8463756737955028,0.8372097402403399,0.99
338,337,1,0.3439633944134649,1,0.1,0.7,0.1076115485564304,0.3333333333333333,0.3157894736842105,0.1837653187593608,0.1837653187593608,0.5,0.7643312101910829,0.9982456140350876,0.98950986234949,0.0056179775280898,0.987719298245614,0.7350427350427351,0.817846042846043,0.9285714285714286,0.8,0.0,0.8693655033889522,0.878734105955637,0.8481200241746214,0.54
339,338,2,0.8964804342423738,6,0.9,0.74,0.8923884514435696,0.3333333333333333,0.3684210526315789,0.8202741046566114,0.8202741046566114,1.0,0.0,0.99438202247191,1.0,0.0122807017543859,1.0,0.6666666666666666,0.7432539682539683,0.9285714285714286,0.0,0.0833333333333333,0.0956682939108739,0.1633904323125756,0.1961491446674278,0.0825761903215463
340,339,1,0.155650567738665,0,0.1,0.74,0.1076115485564304,0.3333333333333333,0.6842105263157895,0.1916469084185849,0.1916469084185849,0.0,0.3942857142857142,0.987719298245614,0.963229186331886,0.0,0.9982456140350876,0.6880000000000001,0.7749523809523811,0.8666666666666667,0.6,1.0,0.9222303402098792,0.850330433004639,0.823535820353491,0.87
341,340,1,0.1592518473973349,0,0.1,0.74,0.1076115485564304,0.3333333333333333,0.6842105263157895,0.1421292008786887,0.1421292008786887,1.0,0.6666666666666667,0.9982456140350876,0.99167714865448,0.0056179775280898,0.9947368421052633,0.6991869918699187,0.7972307883998381,0.9629629629629632,0.8,1.0,0.9557768426098544,0.8784018381857723,0.8203102348203644,0.59
342,341,1,0.5958292720732912,3,0.6,0.62,0.1076115485564304,0.3333333333333333,0.2631578947368421,0.5420996134143593,0.5420996134143593,1.0,0.5654867256637168,0.9982456140350876,0.8546046787089132,0.0056179775280898,1.0,0.6666666666666666,0.7147435897435898,0.7350427350427351,0.0,1.0,4.059910731617518e-17,0.2955279295065991,0.429496438053654,0.7
343,342,1,0.1695612389012898,0,0.2,0.8,0.1076115485564304,0.3333333333333333,0.4736842105263157,0.174934196983215,0.174934196983215,0.5,0.4974093264248704,0.9964912280701754,0.960521394786052,0.0,0.9929824561403509,0.7226890756302521,0.8242566257272139,0.9285714285714286,0.6,1.0,0.931822811969933,0.8860974450650814,0.8247123095572462,0.74
344,343,1,0.1092774639972075,0,0.2,0.74,0.1076115485564304,0.3333333333333333,0.3684210526315789,0.1797258953433885,0.1797258953433885,0.0,0.0,0.9964912280701754,1.0,0.0,0.9929824561403509,0.6666666666666666,0.7432539682539683,0.9285714285714286,1.0,0.8888888888888888,0.9301527509200878,0.8370251239738413,0.815027762368246,0.8732406898656897
345,344,1,0.1891066679011451,0,0.2,0.74,0.1076115485564304,0.3333333333333333,0.3684210526315789,0.1797258953433885,0.1797258953433885,0.0,0.0,0.9964912280701754,1.0,0.0,0.987719298245614,0.6666666666666666,0.7432539682539683,0.9285714285714286,0.6,0.8461538461538461,0.9073169297097278,0.8416837002605174,0.8107065542599371,0.8594989622091012
346,345,1,0.118692077971632,0,0.2,0.74,0.1076115485564304,0.3333333333333333,0.3684210526315789,0.1797258953433885,0.1797258953433885,0.0,0.0,0.9964912280701754,1.0,0.0,0.987719298245614,0.6666666666666666,0.7432539682539683,0.9285714285714286,1.0,0.8461538461538461,0.9156299264235328,0.8457260404653333,0.8310322890484594,0.8493054300790365
347,346,1,0.1035195657576263,0,0.2,0.74,0.1076115485564304,0.3333333333333333,0.3684210526315789,0.1797258953433885,0.1797258953433885,0.0,0.0,0.9964912280701754,1.0,0.0,0.987719298245614,0.6666666666666666,0.7432539682539683,0.9285714285714286,1.0,0.9166666666666666,0.9043317060891256,0.8366095676874243,0.8038508553325722,0.9174238096784532
348,347,1,0.1868984206554312,0,0.2,0.74,0.1076115485564304,0.3333333333333333,0.3684210526315789,0.1797258953433885,0.1797258953433885,0.0,0.0,0.9964912280701754,1.0,0.0,0.9929824561403509,0.6666666666666666,0.7432539682539683,0.9285714285714286,0.8,0.7777777777777778,0.8777691727778343,0.8307343269321135,0.8253458563605027,0.7669823422191838
349,348,1,0.1868984206554312,0,0.2,0.74,0.1076115485564304,0.3333333333333333,0.3684210526315789,0.1797258953433885,0.1797258953433885,0.0,0.0,0.9964912280701754,1.0,0.0,1.0,0.6666666666666666,0.7432539682539683,0.9285714285714286,0.8,0.7777777777777778,0.8777691727778343,0.8307343269321135,0.8253458563605027,0.7669823422191838
350,349,1,0.1868984206554312,0,0.2,0.74,0.1076115485564304,0.3333333333333333,0.3684210526315789,0.1797258953433885,0.1797258953433885,0.0,0.0,0.9982456140350876,1.0,0.0112359550561797,0.9824561403508772,0.6666666666666666,0.7432539682539683,0.9285714285714286,0.8,0.7777777777777778,0.8777691727778343,0.8307343269321135,0.8253458563605027,0.7669823422191838
351,350,1,0.1868984206554312,0,0.2,0.74,0.1076115485564304,0.3333333333333333,0.3684210526315789,0.1797258953433885,0.1797258953433885,0.0,0.0,0.9964912280701754,1.0,0.0,0.987719298245614,0.6666666666666666,0.7432539682539683,0.9285714285714286,0.8,0.7777777777777778,0.8777691727778343,0.8307343269321135,0.8253458563605027,0.7669823422191838
352,351,1,0.0904777107135178,0,0.1,0.84,0.1076115485564304,0.3333333333333333,0.3157894736842105,0.1734923842713716,0.1734923842713716,0.3333333333333333,0.0,0.9947368421052633,0.9846320379320334,0.0,0.9859649122807016,0.6771653543307087,0.7627255343082114,0.9285714285714286,1.0,1.0,0.9128395993938546,0.8478223172369674,0.806471819088071,0.89
353,352,1,0.132076453545706,0,0.1,0.88,0.1076115485564304,0.3333333333333333,0.7368421052631579,0.1704343631700189,0.1704343631700189,0.5,0.5198555956678701,0.9982456140350876,0.983083624055154,0.0056179775280898,0.9859649122807016,0.7107438016528926,0.8375147579693034,1.0,0.8,1.0,0.911088227435518,0.8735081648505095,0.8329448864397354,0.79
354,353,1,0.0889163899486003,0,0.1,0.84,0.1076115485564304,0.3333333333333333,0.3157894736842105,0.1734923842713716,0.1734923842713716,0.0,0.0,0.9947368421052633,0.9846320379320334,0.0056179775280898,0.9859649122807016,0.6771653543307087,0.7627255343082114,0.9285714285714286,1.0,1.0,0.8827652965401336,0.8430052249867949,0.8390644721148036,0.9016666666666666
355,354,1,0.0515428821297919,0,0.1,0.0,0.1076115485564304,0.3333333333333333,0.2105263157894736,0.1291530592434979,0.1291530592434979,1.0,0.0,0.9964912280701754,0.9894053576817914,0.0,0.9964912280701754,0.6991869918699187,0.7771212574779167,0.896551724137931,1.0,1.0,0.963178949419382,0.8879894482564789,0.839574309545387,1.0
356,355,1,0.1877497997512095,0,0.3,0.88,0.2542372881355932,0.6666666666666666,0.3684210526315789,0.2336923784843589,0.2336923784843589,0.0,0.2142954762880963,0.9929824561403509,0.957562873234862,0.0,0.9982456140350876,0.6771653543307087,0.7528683914510685,0.9142857142857144,0.6,1.0,0.7874380934623036,0.8062187029997505,0.8798444050306881,0.8
357,356,1,0.2570000740301638,0,0.2,1.0,0.1076115485564304,0.3333333333333333,0.6842105263157895,0.132089820110176,0.132089820110176,0.3333333333333333,0.556581986143187,0.9982456140350876,0.9825896861536048,0.0,0.9912280701754386,0.7226890756302521,0.8118975631892316,0.9056603773584908,0.6,0.5,0.97860201468408,0.9025276055236126,0.8553699356113249,0.6214999999999999
358,357,1,0.0684832722851043,0,0.1,0.74,0.1076115485564304,0.3333333333333333,0.4210526315789473,0.1419221836171177,0.1419221836171177,0.0,0.0,0.9824561403508772,0.9761568271914388,0.0,0.9824561403508772,0.6880000000000001,0.7847407407407407,0.9629629629629632,1.0,1.0,0.960756768483166,0.8804066970665093,0.8052702340730322,0.9426666666666668
359,358,1,0.1183910616562432,0,0.0,0.74,0.1076115485564304,0.3333333333333333,0.4210526315789473,0.1961849951341026,0.1961849951341026,0.0,0.2060085836909871,0.9736842105263158,0.9592920910348296,0.0,0.9929824561403509,0.6771653543307087,0.7552493438320211,0.8666666666666667,1.0,1.0,0.8769061592102255,0.835081909145869,0.8076655617064464,0.77
360,359,1,0.3088650356384693,1,0.1,0.62,0.1076115485564304,0.3333333333333333,0.2631578947368421,0.2828044361006956,0.2828044361006956,0.3333333333333333,0.4887678557178199,0.9964912280701754,0.916050215894274,0.0056179775280898,0.9964912280701754,0.7647058823529411,0.8437017231134878,0.8727272727272728,0.8,0.0,0.7274192039562538,0.8655072398194138,0.8438833423935167,0.91
361,360,1,0.0856574925328437,0,0.2,1.0,0.1076115485564304,0.3333333333333333,0.631578947368421,0.1455743035563456,0.1455743035563456,0.0,0.2891560919336232,0.9894736842105264,0.958211937285302,0.0,0.9912280701754386,0.7226890756302521,0.8495079589682379,0.9896907216494844,1.0,1.0,0.9636829308753746,0.8939254410824642,0.8231133395117658,0.8053333333333333
362,361,1,0.0698506937076887,0,0.1,0.74,0.1076115485564304,0.3333333333333333,0.4210526315789473,0.1731752408511536,0.1731752408511536,0.0,0.1267123287671232,0.9842105263157894,0.9724596537785046,0.0,0.9859649122807016,0.6771653543307087,0.7674468457836213,0.9285714285714286,1.0,1.0,0.9139291568891958,0.8577696027970345,0.8191970780676374,0.99
363,362,1,0.1576660851321771,0,0.1,0.94,0.2542372881355932,0.6666666666666666,0.4210526315789473,0.2119106009148352,0.2119106009148352,0.5,0.5325487742894006,0.9982456140350876,0.9653367892171786,0.0,0.9842105263157894,0.6880000000000001,0.7348424908424909,0.8205128205128205,0.8,1.0,0.8357906344207134,0.8645512881445644,0.8336615666416599,0.72
364,363,1,0.1209720219465105,0,0.2,0.62,0.1076115485564304,0.3333333333333333,0.2631578947368421,0.1458139995035985,0.1458139995035985,0.0,0.345330984142965,0.9912280701754386,0.9079956963256643,0.0,0.9929824561403509,0.7647058823529411,0.833709988849909,0.9320388349514562,0.8,1.0,0.918078109928936,0.8579417677280965,0.8381479906639038,0.86
365,364,1,0.0964733222574013,0,0.1,0.7,0.1076115485564304,0.3333333333333333,0.3157894736842105,0.1692135088015862,0.1692135088015862,0.0,0.3830207305034551,0.9824561403508772,0.9319994942232652,0.0,0.9789473684210528,0.7226890756302521,0.7986156000861884,0.9285714285714286,0.8,1.0,0.92838091932963,0.9054268807885734,0.807352266337389,0.98
366,365,2,0.8943772442299003,6,0.7,1.0,0.8923884514435696,0.3333333333333333,0.4736842105263157,0.8566275610729902,0.8566275610729902,1.0,0.6032834813898571,0.99438202247191,0.9861325388106136,0.0122807017543859,1.0,0.6771653543307087,0.771323417906095,0.9629629629629632,0.2,0.0,0.0315920235194191,0.1200630791836874,0.1815866211726805,0.1004948107448107
367,366,1,0.1409158599353336,0,0.1,0.62,0.1076115485564304,0.3333333333333333,0.2631578947368421,0.1577564498309254,0.1577564498309254,0.0,0.3449332457868242,0.9929824561403509,0.8910781492140801,0.0,0.9947368421052633,0.7222222222222222,0.8393078385508453,0.9320388349514562,0.8,1.0,0.8445293044165432,0.8401945106569457,0.8097810253145095,0.86
368,367,1,0.0747912753746281,0,0.0,0.98,0.1076115485564304,0.3333333333333333,0.7894736842105263,0.1413212099016418,0.1413212099016418,0.0,0.1902413431269676,0.980701754385965,0.9633539428821076,0.0,0.9964912280701754,0.6991869918699187,0.8125564588979224,0.9629629629629632,1.0,1.0,0.970683052614199,0.8920951720454087,0.8184741230926237,0.87
369,368,1,0.0619750984586277,0,0.0,0.74,0.1076115485564304,0.3333333333333333,0.4210526315789473,0.1729240333076602,0.1729240333076602,0.0,0.1010928961748633,0.9719298245614036,0.9641812865497076,0.0,0.9842105263157894,0.6771653543307087,0.7707255343082116,0.9285714285714286,1.0,1.0,0.9273565952980372,0.8754093979396799,0.8453834160105176,0.98
370,369,2,0.9499328884521094,6,1.0,1.0,0.8923884514435696,0.3333333333333333,0.631578947368421,0.8703038296239133,0.8703038296239133,1.0,0.6947535771065183,0.99438202247191,0.9844810185205412,0.0087719298245614,1.0,0.7107438016528926,0.8059249262005518,0.9056603773584908,0.0,0.0,0.0267026242693556,0.0954645627437755,0.1732354822742123,0.005
371,370,2,0.9123609042074254,6,1.0,1.0,0.7457627118644068,0.6666666666666666,0.4210526315789473,0.7713290933471659,0.7713290933471659,1.0,0.9406060606060608,0.99438202247191,0.99579259561808,0.0122807017543859,1.0,0.6771653543307087,0.7717196432920111,0.9896907216494844,0.0,0.0,0.1741172915872752,0.168427757163626,0.1432895260045462,0.04
372,371,1,0.0483000600388573,0,0.0,0.74,0.1076115485564304,0.3333333333333333,0.6842105263157895,0.1415307490815988,0.1415307490815988,0.0,0.2242562929061785,0.9789473684210528,0.9715551785993708,0.0,0.9859649122807016,0.6880000000000001,0.7934363929146538,0.9629629629629632,1.0,1.0,0.9668597561124812,0.9034483796029128,0.8398915040514618,1.0
373,372,1,0.1700927404427067,0,0.1,0.98,0.2542372881355932,0.6666666666666666,0.4210526315789473,0.22810184815278,0.22810184815278,0.25,0.8571428571428572,0.9982456140350876,0.9953088208657852,0.0056179775280898,0.9912280701754386,0.6771653543307087,0.7691949220633135,0.979591836734694,0.8,1.0,0.8023640388208624,0.8403891028034703,0.8766904157194262,0.66
374,373,1,0.0789652863766917,0,0.0,0.7,0.1076115485564304,0.3333333333333333,0.3157894736842105,0.1809230889823,0.1809230889823,0.0,0.2754140655594204,0.9719298245614036,0.9127348086990535,0.0,0.9771929824561404,0.6991869918699187,0.7824763788178423,0.8666666666666667,1.0,1.0,0.8885395962657409,0.8935895512710007,0.8340791342031078,0.91
375,374,1,0.0566239524016168,0,0.2,0.98,0.1076115485564304,0.3333333333333333,0.7894736842105263,0.1410820990771246,0.1410820990771246,0.0,0.2349358559025528,0.9929824561403509,0.9717199392630133,0.0,0.9947368421052633,0.6991869918699187,0.8167493310153229,0.9629629629629632,1.0,1.0,0.9682896383987528,0.9108990921662246,0.8410675550253216,0.94
376,375,2,0.9001404713866534,6,0.9,1.0,0.8923884514435696,0.3333333333333333,0.8421052631578947,0.83176967363665,0.83176967363665,1.0,0.6636155606407322,0.99438202247191,0.9881814823667456,0.0157894736842105,1.0,0.6880000000000001,0.8025579514824799,0.9285714285714286,0.2,0.0,0.0642085220279452,0.102363082501247,0.1525855671508869,0.08
377,376,1,0.0991288980447501,0,0.1,0.88,0.1076115485564304,0.3333333333333333,0.7368421052631579,0.1417500606143518,0.1417500606143518,0.0,0.3420427553444179,0.9929824561403509,0.9654018312329214,0.0,0.9912280701754386,0.7107438016528926,0.8461126415671871,1.0,0.8,1.0,0.9683905537932608,0.9198120386876988,0.8420240192505398,0.875
378,377,1,0.0536284923887123,0,0.0,0.7,0.1076115485564304,0.3333333333333333,0.3157894736842105,0.1466708071673917,0.1466708071673917,0.0,0.0,0.9596491228070176,0.9853823551198796,0.0,0.9438596491228072,0.6666666666666666,0.7558922558922558,0.9629629629629632,1.0,1.0,0.9581985514661252,0.8895065151072471,0.830523979094353,1.0
379,378,1,0.058926912696862,0,0.0,0.7,0.1076115485564304,0.3333333333333333,0.3157894736842105,0.1466708071673917,0.1466708071673917,0.0,0.0,0.9596491228070176,0.9853823551198796,0.0,0.9438596491228072,0.6666666666666666,0.7558922558922558,0.9629629629629632,1.0,1.0,0.951882842291918,0.8837760463453518,0.8107796351815585,1.0
380,379,1,0.058926912696862,0,0.0,0.7,0.1076115485564304,0.3333333333333333,0.3157894736842105,0.1466708071673917,0.1466708071673917,0.0,0.0,0.9596491228070176,0.9853823551198796,0.0,0.9438596491228072,0.6666666666666666,0.7558922558922558,0.9629629629629632,1.0,1.0,0.951882842291918,0.8837760463453518,0.8107796351815585,1.0
381,380,1,0.0536284923887123,0,0.0,0.7,0.1076115485564304,0.3333333333333333,0.3157894736842105,0.1466708071673917,0.1466708071673917,0.0,0.0,0.9596491228070176,0.9853823551198796,0.0,0.9438596491228072,0.6666666666666666,0.7558922558922558,0.9629629629629632,1.0,1.0,0.9581985514661252,0.8895065151072471,0.830523979094353,1.0
382,381,1,0.058926912696862,0,0.0,0.7,0.1076115485564304,0.3333333333333333,0.3157894736842105,0.1466708071673917,0.1466708071673917,0.0,0.0,0.9596491228070176,0.9853823551198796,0.0,0.9438596491228072,0.6666666666666666,0.7558922558922558,0.9629629629629632,1.0,1.0,0.951882842291918,0.8837760463453518,0.8107796351815585,1.0
383,382,1,0.058926912696862,0,0.0,0.7,0.1076115485564304,0.3333333333333333,0.3157894736842105,0.1466708071673917,0.1466708071673917,0.0,0.0,0.9596491228070176,0.9853823551198796,0.0,0.9438596491228072,0.6666666666666666,0.7558922558922558,0.9629629629629632,1.0,1.0,0.951882842291918,0.8837760463453518,0.8107796351815585,1.0
384,383,1,0.0607937368183538,0,0.0,0.7,0.1076115485564304,0.3333333333333333,0.3157894736842105,0.1466708071673917,0.1466708071673917,0.0,0.0,0.9596491228070176,0.9853823551198796,0.0,0.9438596491228072,0.6666666666666666,0.7558922558922558,0.9629629629629632,1.0,1.0,0.9349580087531169,0.8752196005955859,0.8250599697411736,1.0
385,384,1,0.0536284923887123,0,0.0,0.7,0.1076115485564304,0.3333333333333333,0.3157894736842105,0.1466708071673917,0.1466708071673917,0.0,0.0,0.9596491228070176,0.9853823551198796,0.0,0.9438596491228072,0.6666666666666666,0.7558922558922558,0.9629629629629632,1.0,1.0,0.9581985514661252,0.8895065151072471,0.830523979094353,1.0
386,385,1,0.0551192028371216,0,0.1,0.7,0.1076115485564304,0.3333333333333333,0.3157894736842105,0.1465929810757412,0.1465929810757412,0.0,0.0785630714564284,0.9824561403508772,0.9371278199934951,0.0,0.980701754385965,0.7350427350427351,0.811651938770583,0.9629629629629632,1.0,1.0,0.9369151206008364,0.9201672517661782,0.8322024106102545,0.98
387,386,1,0.0603696574605155,0,0.0,0.7,0.1076115485564304,0.3333333333333333,0.3157894736842105,0.1466708071673917,0.1466708071673917,0.0,0.0,0.9596491228070176,0.9853823551198796,0.0,0.9438596491228072,0.6666666666666666,0.7558922558922558,0.9629629629629632,1.0,1.0,0.954083101963668,0.879795744655975,0.8039032086172628,1.0
388,387,1,0.0572710109767636,0,0.0,0.7,0.1076115485564304,0.3333333333333333,0.3157894736842105,0.1466708071673917,0.1466708071673917,0.0,0.0,0.9596491228070176,0.9853823551198796,0.0,0.9438596491228072,0.6666666666666666,0.7558922558922558,0.9629629629629632,1.0,1.0,0.9637168571718564,0.8775668350160126,0.8150902419515487,1.0
389,388,1,0.103698760375484,0,0.2,0.8,0.1076115485564304,0.3333333333333333,0.4736842105263157,0.18569435585797,0.18569435585797,0.0,0.3072,0.9912280701754386,0.959038775228443,0.0,0.9824561403508772,0.6880000000000001,0.8055646258503403,0.979591836734694,1.0,1.0,0.8643677010828955,0.8834011185800807,0.8500386180841185,0.78
390,389,1,0.059451510701428,0,0.1,0.7,0.1076115485564304,0.3333333333333333,0.3157894736842105,0.1462927975764684,0.1462927975764684,0.0,0.0728404981920449,0.9824561403508772,0.9313995071299684,0.0,0.980701754385965,0.7350427350427351,0.809942780531016,0.9629629629629632,1.0,1.0,0.957448375659871,0.9264725215553514,0.8143700385762089,0.945
391,390,1,0.0613135018086947,0,0.0,0.8,0.1076115485564304,0.3333333333333333,0.4736842105263157,0.1639542025679425,0.1639542025679425,0.0,0.0689039221647915,0.9736842105263158,0.9351617581673054,0.0,0.975438596491228,0.6991869918699187,0.8125055838470474,0.9285714285714286,1.0,1.0,0.9306170900891004,0.9031622522926004,0.8083396467661305,0.99
392,391,1,0.0608998860135816,0,0.0,0.8,0.1076115485564304,0.3333333333333333,0.4736842105263157,0.1636111828553406,0.1636111828553406,0.0,0.0644622222222223,0.9719298245614036,0.9300277899663596,0.0,0.975438596491228,0.6991869918699187,0.8103077816492451,0.9285714285714286,1.0,1.0,0.9312936279283422,0.9049299437844424,0.8083771122057256,0.99
393,392,1,0.0854660206498949,0,0.1,0.98,0.2542372881355932,0.6666666666666666,0.4210526315789473,0.2238002914707998,0.2238002914707998,0.0,0.4666666666666667,0.9964912280701754,0.9611963218907428,0.0,0.9964912280701754,0.6771653543307087,0.7528683914510685,0.9142857142857144,1.0,1.0,0.8281689605028008,0.8514747845626829,0.8475601310351468,0.96
394,393,1,0.0612368905907801,0,0.1,0.8,0.1076115485564304,0.3333333333333333,0.4736842105263157,0.1629106658984301,0.1629106658984301,0.0,0.1355463347164592,0.9824561403508772,0.9379042933978502,0.0,0.9736842105263158,0.6991869918699187,0.8060354184983773,0.9285714285714286,1.0,1.0,0.9045651339507792,0.9079439316536304,0.8400695908509085,0.98
395,394,1,0.0923202667595489,0,0.1,0.0,0.1076115485564304,0.3333333333333333,0.2105263157894736,0.128468722587389,0.128468722587389,0.25,0.3983739837398374,0.9964912280701754,0.9831755249359372,0.0056179775280898,0.980701754385965,0.6991869918699187,0.8001465213090648,0.9056603773584908,0.8,1.0,0.9825148726503968,0.9260543066919412,0.8375092201003682,0.9
396,395,1,0.0553252107629931,0,0.2,0.8200000000000001,0.1076115485564304,0.3333333333333333,0.3684210526315789,0.1516800636275712,0.1516800636275712,1.0,0.5313286976132305,0.9982456140350876,0.91423786285899,0.0,0.9964912280701754,0.7111111111111111,0.789303096199648,0.896551724137931,1.0,1.0,0.9295266342546724,0.933723635042658,0.8147984661247109,0.99
397,396,2,0.9389931261406332,6,1.0,0.98,0.8923884514435696,0.3333333333333333,0.4736842105263157,0.8847707729272916,0.8847707729272916,1.0,0.999999999999902,0.99438202247191,1.0,0.0105263157894736,1.0,0.6771653543307087,0.7217591477535896,0.7679999999999999,0.0,0.0,0.0026229547997264,0.0626917374037099,0.1969713478225612,0.1037552031302031
398,397,1,0.3352477099828355,2,0.1,0.98,0.1076115485564304,0.3333333333333333,0.3157894736842105,0.1151044837778653,0.1151044837778653,0.0,0.999999999999902,0.9982456140350876,1.0,0.0056179775280898,0.987719298245614,0.6880000000000001,0.7351764705882353,0.8,0.8,0.0,0.9960498843453032,0.9384106036772848,0.814053252080399,0.44
399,398,1,0.0872582481564271,0,0.2,0.8200000000000001,0.1076115485564304,0.3333333333333333,0.3684210526315789,0.1359555717557171,0.1359555717557171,0.0,0.3515741384447314,0.987719298245614,0.9205132731511636,0.0,0.987719298245614,0.7478260869565216,0.7947722859881534,0.896551724137931,0.8,1.0,0.9760212996338532,0.9469337301720432,0.8334954812555414,0.92
400,399,2,0.9593768954713684,6,1.0,0.98,0.8923884514435696,0.3333333333333333,0.3157894736842105,0.8848955162221347,0.8848955162221347,1.0,0.9999999999999568,0.99438202247191,1.0,0.0280701754385964,1.0,0.6880000000000001,0.7351764705882353,0.8,0.0,0.0,0.0056989142809012,0.0666201108939503,0.1714196019969384,0.0
401,400,1,0.0944134057614091,0,0.1,0.6,0.1076115485564304,0.3333333333333333,0.3157894736842105,0.12124603094732,0.12124603094732,0.0,0.3977900552486187,0.987719298245614,0.9773674453096032,0.0,0.9964912280701754,0.6771653543307087,0.7433820477397053,0.8387096774193549,0.8,1.0,0.989846330572992,0.920516885270618,0.8044063495879357,0.91875
402,401,1,0.0566525196950609,0,0.0,0.62,0.1076115485564304,0.3333333333333333,0.2631578947368421,0.1137032047947025,0.1137032047947025,0.0,0.3431718274479493,0.9789473684210528,0.9387926435933044,0.0,0.9912280701754386,0.7107438016528926,0.7483168369129752,0.8495575221238937,1.0,1.0,0.997439270945164,0.9391498419395106,0.8318291022782931,0.8916666666666666
403,402,1,0.0712528186494297,0,0.1,0.62,0.1076115485564304,0.3333333333333333,0.2631578947368421,0.1144068495358058,0.1144068495358058,0.0,0.3605004387840057,0.987719298245614,0.9288454027420308,0.0,0.9982456140350876,0.7222222222222222,0.7944685990338163,0.9600000000000002,0.8,1.0,0.9980688115586924,0.9423299459698729,0.8520843305748557,0.98
404,403,1,0.0504600881491769,0,0.0,0.0,0.1076115485564304,0.3333333333333333,0.2105263157894736,0.1285632876070729,0.1285632876070729,0.0,0.1174679279512763,0.9789473684210528,0.9690589336337864,0.0,0.9666666666666668,0.6880000000000001,0.7824236453201971,0.896551724137931,1.0,1.0,0.9798953609530126,0.9134688036691188,0.8038753064828078,1.0
405,404,1,0.0554355325146357,0,0.0,0.7,0.1076115485564304,0.3333333333333333,0.3157894736842105,0.1391246150503476,0.1391246150503476,0.0,0.2220416328061512,0.9771929824561404,0.932165419353432,0.0,0.9736842105263158,0.7107438016528926,0.8142944597490054,0.9629629629629632,1.0,1.0,0.9474433423996954,0.9256485757328292,0.8309615534463269,0.9633333333333334
406,405,1,0.2566080791874664,1,0.1,0.88,0.1076115485564304,0.3333333333333333,0.7368421052631579,0.1404644705952867,0.1404644705952867,0.5,0.4235668789808917,0.9964912280701754,0.979024617516774,0.0,0.980701754385965,0.6880000000000001,0.8133121693121693,0.9629629629629632,1.0,0.0,0.9572933761473574,0.9088369497011314,0.8142211990267127,0.78
407,406,1,0.0468209992671216,0,0.0,0.6,0.1076115485564304,0.3333333333333333,0.3157894736842105,0.131608388525604,0.131608388525604,0.0,0.0,0.9298245614035088,0.9683123026448162,0.0,0.968421052631579,0.6666666666666666,0.7420866489832006,0.896551724137931,1.0,1.0,0.9769191367558564,0.9122861152279887,0.8298687524134248,1.0
408,407,1,0.0523042844981033,0,0.0,0.6,0.1076115485564304,0.3333333333333333,0.3157894736842105,0.131608388525604,0.131608388525604,0.0,0.0,0.9298245614035088,0.9683123026448162,0.0,0.968421052631579,0.6666666666666666,0.7420866489832006,0.896551724137931,1.0,1.0,0.9625443177819434,0.898982704006946,0.8246472712224907,1.0
409,408,1,0.0517660904504623,0,0.0,0.6,0.1076115485564304,0.3333333333333333,0.3157894736842105,0.131608388525604,0.131608388525604,0.0,0.0,0.9298245614035088,0.9683123026448162,0.0,0.968421052631579,0.6666666666666666,0.7420866489832006,0.896551724137931,1.0,1.0,0.9725626199970324,0.9061296905930468,0.8107111467071468,1.0
410,409,1,0.0529305038689754,0,0.0,0.6,0.1076115485564304,0.3333333333333333,0.3157894736842105,0.131608388525604,0.131608388525604,0.0,0.0,0.9298245614035088,0.9683123026448162,0.0,0.968421052631579,0.6666666666666666,0.7420866489832006,0.896551724137931,1.0,1.0,0.9757839838032908,0.9027960804890072,0.8038369124938489,1.0
411,410,1,0.0468209992671216,0,0.0,0.6,0.1076115485564304,0.3333333333333333,0.3157894736842105,0.131608388525604,0.131608388525604,0.0,0.0,0.9298245614035088,0.9683123026448162,0.0,0.968421052631579,0.6666666666666666,0.7420866489832006,0.896551724137931,1.0,1.0,0.9769191367558564,0.9122861152279887,0.8298687524134248,1.0
412,411,1,0.0468209992671216,0,0.0,0.6,0.1076115485564304,0.3333333333333333,0.3157894736842105,0.131608388525604,0.131608388525604,0.0,0.0,0.9298245614035088,0.9683123026448162,0.0,0.968421052631579,0.6666666666666666,0.7420866489832006,0.896551724137931,1.0,1.0,0.9769191367558564,0.9122861152279887,0.8298687524134248,1.0
413,412,1,0.0523042844981033,0,0.0,0.6,0.1076115485564304,0.3333333333333333,0.3157894736842105,0.131608388525604,0.131608388525604,0.0,0.0,0.9298245614035088,0.9683123026448162,0.0,0.968421052631579,0.6666666666666666,0.7420866489832006,0.896551724137931,1.0,1.0,0.9625443177819434,0.898982704006946,0.8246472712224907,1.0
414,413,1,0.0822139172402754,0,0.1,0.0,0.1076115485564304,0.3333333333333333,0.2105263157894736,0.1280967746769481,0.1280967746769481,0.0,0.3554572271386431,0.9894736842105264,0.9608666503701804,0.0,0.9894736842105264,0.6991869918699187,0.8113551893456797,0.9504950495049505,0.8,1.0,0.966562282745674,0.9194074483478984,0.8307467654647749,0.99
415,414,1,0.0529305038689754,0,0.0,0.6,0.1076115485564304,0.3333333333333333,0.3157894736842105,0.131608388525604,0.131608388525604,0.0,0.0,0.9298245614035088,0.9683123026448162,0.0,0.968421052631579,0.6666666666666666,0.7420866489832006,0.896551724137931,1.0,1.0,0.9757839838032908,0.9027960804890072,0.8038369124938489,1.0
416,415,1,0.0529305038689754,0,0.0,0.6,0.1076115485564304,0.3333333333333333,0.3157894736842105,0.131608388525604,0.131608388525604,0.0,0.0,0.9298245614035088,0.9683123026448162,0.0,0.968421052631579,0.6666666666666666,0.7420866489832006,0.896551724137931,1.0,1.0,0.9757839838032908,0.9027960804890072,0.8038369124938489,1.0
417,416,1,0.0523042844981033,0,0.0,0.6,0.1076115485564304,0.3333333333333333,0.3157894736842105,0.131608388525604,0.131608388525604,0.0,0.0,0.9298245614035088,0.9683123026448162,0.0,0.968421052631579,0.6666666666666666,0.7420866489832006,0.896551724137931,1.0,1.0,0.9625443177819434,0.898982704006946,0.8246472712224907,1.0
418,417,1,0.0468209992671216,0,0.0,0.6,0.1076115485564304,0.3333333333333333,0.3157894736842105,0.131608388525604,0.131608388525604,0.0,0.0,0.9298245614035088,0.9683123026448162,0.0,0.968421052631579,0.6666666666666666,0.7420866489832006,0.896551724137931,1.0,1.0,0.9769191367558564,0.9122861152279887,0.8298687524134248,1.0
419,418,1,0.0468209992671216,0,0.0,0.6,0.1076115485564304,0.3333333333333333,0.3157894736842105,0.131608388525604,0.131608388525604,0.0,0.0,0.9298245614035088,0.9683123026448162,0.0,0.968421052631579,0.6666666666666666,0.7420866489832006,0.896551724137931,1.0,1.0,0.9769191367558564,0.9122861152279887,0.8298687524134248,1.0
420,419,1,0.082718445992396,0,0.0,0.6,0.1076115485564304,0.3333333333333333,0.3157894736842105,0.1295933200910932,0.1295933200910932,0.0,0.1163522012578616,0.980701754385965,0.9701861282890748,0.0,0.9894736842105264,0.6771653543307087,0.7627206081998372,0.896551724137931,0.8,1.0,0.9646368022077592,0.9068606589083226,0.8321918629295422,1.0
421,420,1,0.043687728427208,0,0.1,0.84,0.1076115485564304,0.3333333333333333,0.4210526315789473,0.1152199002769266,0.1152199002769266,0.1666666666666666,0.0,0.9929824561403509,0.9924305525112154,0.0,0.9789473684210528,0.6771653543307087,0.7248810989731018,0.7804878048780488,1.0,1.0,0.997382120695785,0.939660904239324,0.8038987863198247,0.996931818181818
422,421,1,0.0499508691800962,0,0.0,0.0,0.1076115485564304,0.3333333333333333,0.2105263157894736,0.1295519483706464,0.1295519483706464,0.0,0.1042253521126761,0.9789473684210528,0.9661274860386202,0.0,0.9947368421052633,0.6771653543307087,0.7644012804687447,0.896551724137931,1.0,1.0,0.9746678217391416,0.9134095832734936,0.812217379906787,1.0
423,422,1,0.043687728427208,0,0.1,0.84,0.1076115485564304,0.3333333333333333,0.4210526315789473,0.1152199002769266,0.1152199002769266,1.0,0.0,0.9929824561403509,0.9924305525112154,0.0,0.9789473684210528,0.6771653543307087,0.7248810989731018,0.7804878048780488,1.0,1.0,0.997382120695785,0.939660904239324,0.8038987863198247,0.996931818181818
424,423,1,0.0769566198166353,0,0.1,0.84,0.1076115485564304,0.3333333333333333,0.4210526315789473,0.1152199002769266,0.1152199002769266,1.0,0.0,0.9929824561403509,0.9924305525112154,0.0,0.9789473684210528,0.6771653543307087,0.7248810989731018,0.7804878048780488,0.8,1.0,0.9959374632635613,0.9418256050213396,0.8121638794819533,0.9883333333333332
425,424,1,0.041877068474127,0,0.0,0.8,0.1076115485564304,0.3333333333333333,0.4736842105263157,0.1385227332733882,0.1385227332733882,0.0,0.179734686560578,0.9649122807017544,0.9230910459069552,0.0,0.9719298245614036,0.6991869918699187,0.8233439454135643,0.9629629629629632,1.0,1.0,0.9722091882243744,0.94142382367463,0.8351045772562337,1.0
426,425,1,0.0868641114949969,0,0.1,0.92,0.1076115485564304,0.3333333333333333,0.4736842105263157,0.1278172987733339,0.1278172987733339,0.0,0.3470694785871394,0.9859649122807016,0.9467216359883656,0.0,0.9719298245614036,0.7107438016528926,0.8059249262005517,0.9056603773584904,1.0,1.0,0.982140338994733,0.9338769841810148,0.8027980078542715,0.76
427,426,1,0.0359797309897637,0,0.0,0.84,0.1076115485564304,0.3333333333333333,0.4210526315789473,0.1136753054102144,0.1136753054102144,0.0,0.0,0.9666666666666668,0.9853142733108003,0.0,0.9912280701754386,0.6771653543307087,0.7142601839404221,0.7804878048780488,1.0,1.0,0.998821194420788,0.9563724529351793,0.8289279667054507,1.0
428,427,1,0.0526746000773891,0,0.0,0.7,0.1076115485564304,0.3333333333333333,0.3157894736842105,0.1369699881442768,0.1369699881442768,0.0,0.2059868808513231,0.950877192982456,0.8879045390949334,0.0,0.9719298245614036,0.7107438016528926,0.7961126415671871,0.9629629629629632,1.0,1.0,0.9562340373142004,0.935980101421662,0.8167382607998034,0.975
429,428,1,0.0998459377204937,0,0.1,0.0,0.1076115485564304,0.3333333333333333,0.2105263157894736,0.11362464673794,0.11362464673794,0.0,0.4602824931968382,0.9947368421052633,0.9821843333347592,0.0,0.980701754385965,0.6880000000000001,0.7279453860640301,0.8135593220338984,0.8,1.0,0.9983957747146311,0.9508407448179002,0.8116878541445058,0.84
430,429,1,0.0515411887159151,0,0.1,0.0,0.1076115485564304,0.3333333333333333,0.2105263157894736,0.1281892622307667,0.1281892622307667,0.0,0.35656836461126,0.9894736842105264,0.9726095037568768,0.0,0.9719298245614036,0.6880000000000001,0.7945530253741055,0.9056603773584908,1.0,1.0,0.9825903925882312,0.9357512766900214,0.8324111984262555,0.94
431,430,1,0.0963474017766098,0,0.2,0.8,0.1076115485564304,0.3333333333333333,0.4736842105263157,0.1883261930660233,0.1883261930660233,0.0,0.0,0.9912280701754386,0.965916681314818,0.0,0.9894736842105264,0.6771653543307087,0.8001473030156946,0.979591836734694,0.8,1.0,0.921714750462366,0.9127976637314508,0.8174031751465254,0.97
432,431,1,0.1130648838345985,0,0.2,0.8,0.1076115485564304,0.3333333333333333,0.4736842105263157,0.1883261930660233,0.1883261930660233,0.0,0.0,0.9912280701754386,0.965916681314818,0.0,0.9894736842105264,0.6771653543307087,0.8001473030156946,0.979591836734694,0.8,1.0,0.8913299239063889,0.895847340599551,0.8044334324864687,0.93
433,432,2,0.9562813925306026,6,1.0,1.0,0.8923884514435696,0.3333333333333333,0.4736842105263157,0.8710648301268233,0.8710648301268233,1.0,0.781916599839615,0.99438202247191,0.9696436096142522,0.019298245614035,1.0,0.7218045112781954,0.7721104263753992,0.896551724137931,0.0,0.0,0.0233145932394158,0.0447900562275199,0.1842069953494481,0.01
434,433,1,0.0489002666884292,0,0.0,0.7,0.1076115485564304,0.3333333333333333,0.3157894736842105,0.1372378752995413,0.1372378752995413,0.0,0.181697273517827,0.9666666666666668,0.9144604920513548,0.0,0.9649122807017544,0.6991869918699187,0.8085160548575183,0.9629629629629632,1.0,1.0,0.9581305753097208,0.9316521117107748,0.8168157128489286,1.0
435,434,1,0.3656000604461137,2,0.2,0.98,0.1076115485564304,0.3333333333333333,0.631578947368421,0.1422670208883609,0.1422670208883609,0.0,0.999999999999902,0.9982456140350876,1.0,0.0056179775280898,0.9929824561403509,0.6771653543307087,0.7955396341223113,0.9629629629629632,0.8,0.0,0.9693381288420913,0.9126555910797368,0.8144059174014904,0.31
436,435,1,0.3317233460361675,2,0.1,1.0,0.1076115485564304,0.3333333333333333,0.4736842105263157,0.1278386580384042,0.1278386580384042,0.5,0.5865764670112495,0.9982456140350876,0.964315823658891,0.0056179775280898,0.9982456140350876,0.6906474820143884,0.7643211690594474,0.896551724137931,0.8,0.0,0.9743667742022885,0.9564554234133298,0.8188377261673764,0.46
437,436,1,0.0790078525459775,0,0.1,0.84,0.1076115485564304,0.3333333333333333,0.4210526315789473,0.1152091177037226,0.1152091177037226,0.0,0.1999999999999999,0.987719298245614,0.9847456379297652,0.0,0.9789473684210528,0.6771653543307087,0.7281062551916062,0.7933884297520662,0.8,1.0,0.9969374899788668,0.9366480849076816,0.8157006431709198,0.9766666666666668
438,437,1,0.0421900581824278,0,0.0,0.8,0.1076115485564304,0.3333333333333333,0.4736842105263157,0.1388994571970914,0.1388994571970914,0.0,0.2306776328542549,0.9666666666666668,0.9310450102510388,0.0,0.9771929824561404,0.6880000000000001,0.8296386999244143,0.979591836734694,1.0,1.0,0.971073282845258,0.9424045820375196,0.8333817860226562,1.0
439,438,1,0.1262708173277524,0,0.1,0.62,0.1076115485564304,0.3333333333333333,0.2631578947368421,0.1297795939456985,0.1297795939456985,0.0,0.3472317244762285,0.9894736842105264,0.8351367828720654,0.0,0.9964912280701754,0.6906474820143884,0.7706931542144926,0.8349514563106797,0.8,1.0,0.9348862226789352,0.9385875770622436,0.8089012962923069,0.76
440,439,1,0.2565354193341173,1,0.2,1.0,0.1076115485564304,0.3333333333333333,0.3684210526315789,0.1222079327064974,0.1222079327064974,0.0,0.3697120682221051,0.9964912280701754,0.9119455181299466,0.0,1.0,0.6808510638297872,0.7538032287905463,0.8387096774193549,0.8,0.0,0.9909099427673894,0.973149507298737,0.8267280339291695,0.87
441,440,1,0.0402541785343993,0,0.1,0.0,0.1076115485564304,0.3333333333333333,0.2105263157894736,0.1277451653937997,0.1277451653937997,0.0,0.2426229508196721,0.9824561403508772,0.9459026735616582,0.0,0.9824561403508772,0.6880000000000001,0.808137931034483,0.9600000000000002,1.0,1.0,0.983290991544558,0.9447086148312438,0.8304753224178014,1.0
442,441,1,0.0815373052010017,0,0.1,0.7,0.1076115485564304,0.3333333333333333,0.3157894736842105,0.1563814392253919,0.1563814392253919,0.0,0.0,0.987719298245614,0.934771995753836,0.0,0.9771929824561404,0.6880000000000001,0.772864168618267,0.9285714285714286,1.0,1.0,0.9241678814856022,0.9390087651602858,0.827599522148101,0.82
443,442,1,0.0964741357084703,0,0.1,0.8,0.1076115485564304,0.3333333333333333,0.4736842105263157,0.166986306306649,0.166986306306649,0.0,0.2046908315565031,0.9894736842105264,0.9546402140300893,0.0,0.9859649122807016,0.6771653543307087,0.815623493491885,0.979591836734694,1.0,1.0,0.9375144368634648,0.933489419960208,0.8401513289255057,0.71
444,443,1,0.0570384184256597,0,0.1,0.7,0.1076115485564304,0.3333333333333333,0.3157894736842105,0.1563814392253919,0.1563814392253919,0.0,0.0,0.987719298245614,0.934771995753836,0.0,0.9771929824561404,0.6880000000000001,0.772864168618267,0.9285714285714286,1.0,1.0,0.944480096139281,0.93814117279238,0.8051482205143812,0.97
445,444,1,0.0814535107716691,0,0.1,0.62,0.1076115485564304,0.3333333333333333,0.2631578947368421,0.1186939960766261,0.1186939960766261,0.0,0.3405626455991087,0.9824561403508772,0.8254968573687667,0.0,0.9964912280701754,0.7222222222222222,0.7642428962522421,0.8037383177570093,0.8,1.0,0.9916475273382452,0.9526664260204278,0.826964982011313,0.94
446,445,1,0.0391918313555857,0,0.0,0.0,0.1076115485564304,0.3333333333333333,0.2105263157894736,0.1150380835783706,0.1150380835783706,0.0,0.0,0.9736842105263158,0.9637537735660447,0.0,0.9614035087719298,0.6880000000000001,0.7513926868044516,0.8648648648648649,1.0,1.0,0.9945214381825284,0.94440640412314,0.8259211695608172,1.0
447,446,1,0.037722046549126,0,0.0,0.84,0.1076115485564304,0.3333333333333333,0.4210526315789473,0.1136686821712493,0.1136686821712493,0.0,0.0,0.9771929824561404,0.9753123588740028,0.0,0.9842105263157894,0.6771653543307087,0.7191382327209099,0.8,1.0,1.0,0.997700263371402,0.9506970661783216,0.8252703911555194,1.0
448,447,1,0.0395948967078451,0,0.0,0.84,0.1076115485564304,0.3333333333333333,0.4210526315789473,0.1136686821712493,0.1136686821712493,0.0,0.0,0.9771929824561404,0.9753123588740028,0.0,0.9842105263157894,0.6771653543307087,0.7191382327209099,0.8,1.0,1.0,0.9987134605534068,0.9473742683254786,0.8163428908740434,1.0
449,448,1,0.0467096176476142,0,0.1,0.62,0.1076115485564304,0.3333333333333333,0.2631578947368421,0.1142101308515002,0.1142101308515002,0.0,0.2202434461478656,0.9929824561403509,0.9124974780384864,0.0,0.9912280701754386,0.7222222222222222,0.7726504172156345,0.8727272727272728,1.0,1.0,0.9974983952274228,0.9489536787633353,0.8132902201235565,0.96
450,449,1,0.0499814220674,0,0.0,0.0,0.1076115485564304,0.3333333333333333,0.2105263157894736,0.12741332818582,0.12741332818582,0.0,0.1952506596306069,0.9578947368421052,0.9273131395665538,0.0,0.9789473684210528,0.6880000000000001,0.8181379310344828,1.0,1.0,1.0,0.9760313333205444,0.9351620052443742,0.8089181290306807,0.98
451,450,1,0.0375914795031419,0,0.0,0.0,0.1076115485564304,0.3333333333333333,0.2105263157894736,0.1136100158578076,0.1136100158578076,0.0,0.1724941724941724,0.968421052631579,0.9620611514478704,0.0,0.9666666666666668,0.6880000000000001,0.736944936086529,0.8495575221238937,1.0,1.0,0.9977585918397442,0.9518874793993066,0.8248050517420976,1.0
452,451,1,0.0421164160220106,0,0.0,0.0,0.1076115485564304,0.3333333333333333,0.2105263157894736,0.115010166697358,0.115010166697358,0.0,0.0,0.9666666666666668,0.95108065081892,0.0,0.963157894736842,0.6880000000000001,0.7573986928104576,0.8888888888888888,1.0,1.0,0.9961008741407746,0.9501595825187652,0.8110410472083962,0.99
453,452,1,0.0348435963912873,0,0.0,0.0,0.1076115485564304,0.3333333333333333,0.2105263157894736,0.1136635583156464,0.1136635583156464,0.0,0.0,0.9771929824561404,0.9674847788990246,0.0,0.9771929824561404,0.6771653543307087,0.7225280632293845,0.8135593220338984,1.0,1.0,0.9988426257418352,0.9615991581352256,0.8304966377752161,1.0
454,453,1,0.0657760204980034,0,0.1,0.7,0.1076115485564304,0.3333333333333333,0.4736842105263157,0.1154914655212339,0.1154914655212339,1.0,0.0,0.9929824561403509,1.0,0.0,1.0,0.6666666666666666,0.7165098039215685,0.7679999999999999,1.0,0.9230769230769232,0.9964838275839072,0.9397639293978796,0.8153624301155394,0.9306567668377296
455,454,1,0.068553518249312,0,0.1,0.7,0.1076115485564304,0.3333333333333333,0.4736842105263157,0.1154914655212339,0.1154914655212339,1.0,0.0,0.9929824561403509,1.0,0.0,1.0,0.6666666666666666,0.7165098039215685,0.7679999999999999,1.0,0.9230769230769232,0.9956181152957432,0.9460239388371604,0.810782474962603,0.9131774383316984
456,455,1,0.0739224788115304,0,0.1,0.7,0.1076115485564304,0.3333333333333333,0.4736842105263157,0.1154914655212339,0.1154914655212339,1.0,0.0,0.9929824561403509,1.0,0.0,1.0,0.6666666666666666,0.7165098039215685,0.7679999999999999,1.0,0.9090909090909092,0.9970773301687704,0.9439673207310934,0.8043026357381131,0.9020269314019312
457,456,1,0.0952123636286036,0,0.1,0.7,0.1076115485564304,0.3333333333333333,0.4736842105263157,0.1154914655212339,0.1154914655212339,1.0,0.0,0.9929824561403509,1.0,0.0,1.0,0.6666666666666666,0.7165098039215685,0.7679999999999999,0.8,0.9285714285714286,0.9965992937038392,0.9517672107318365,0.8299208202257268,0.9218670649955476
458,457,1,0.068553518249312,0,0.1,0.7,0.1076115485564304,0.3333333333333333,0.4736842105263157,0.1154914655212339,0.1154914655212339,1.0,0.0,0.9929824561403509,1.0,0.0,1.0,0.6666666666666666,0.7165098039215685,0.7679999999999999,1.0,0.9230769230769232,0.9956181152957432,0.9460239388371604,0.810782474962603,0.9131774383316984
459,458,1,0.068553518249312,0,0.1,0.7,0.1076115485564304,0.3333333333333333,0.4736842105263157,0.1154914655212339,0.1154914655212339,1.0,0.0,0.9929824561403509,1.0,0.0,1.0,0.6666666666666666,0.7165098039215685,0.7679999999999999,1.0,0.9230769230769232,0.9956181152957432,0.9460239388371604,0.810782474962603,0.9131774383316984
460,459,1,0.0952123636286036,0,0.1,0.7,0.1076115485564304,0.3333333333333333,0.4736842105263157,0.1154914655212339,0.1154914655212339,1.0,0.0,0.9929824561403509,1.0,0.0,1.0,0.6666666666666666,0.7165098039215685,0.7679999999999999,0.8,0.9285714285714286,0.9965992937038392,0.9517672107318365,0.8299208202257268,0.9218670649955476
461,460,1,0.0739224788115304,0,0.1,0.7,0.1076115485564304,0.3333333333333333,0.4736842105263157,0.1154914655212339,0.1154914655212339,1.0,0.0,0.9947368421052633,1.0,0.0,1.0,0.6666666666666666,0.7165098039215685,0.7679999999999999,1.0,0.9090909090909092,0.9970773301687704,0.9439673207310934,0.8043026357381131,0.9020269314019312
462,461,1,0.0739224788115304,0,0.1,0.7,0.1076115485564304,0.3333333333333333,0.4736842105263157,0.1154914655212339,0.1154914655212339,1.0,0.0,0.9929824561403509,1.0,0.0,1.0,0.6666666666666666,0.7165098039215685,0.7679999999999999,1.0,0.9090909090909092,0.9970773301687704,0.9439673207310934,0.8043026357381131,0.9020269314019312
463,462,2,0.9600459170967084,6,1.0,0.7,0.8923884514435696,0.3333333333333333,0.4736842105263157,0.8845085344787661,0.8845085344787661,0.0,0.9999999999998328,0.99438202247191,1.0,0.0263157894736842,1.0,0.6666666666666666,0.7165098039215685,0.7679999999999999,0.0,0.0,0.0059830952647196,0.0583538867430057,0.175387515412024,0.0
464,463,1,0.0739224788115304,0,0.1,0.7,0.1076115485564304,0.3333333333333333,0.4736842105263157,0.1154914655212339,0.1154914655212339,1.0,0.0,0.9947368421052633,1.0,0.0,0.975438596491228,0.6666666666666666,0.7165098039215685,0.7679999999999999,1.0,0.9090909090909092,0.9970773301687704,0.9439673207310934,0.8043026357381131,0.9020269314019312
465,464,1,0.0399540829032916,0,0.1,0.7,0.1076115485564304,0.3333333333333333,0.4736842105263157,0.1154914655212339,0.1154914655212339,1.0,0.0,0.9947368421052633,1.0,0.0,0.975438596491228,0.6666666666666666,0.7165098039215685,0.7679999999999999,1.0,1.0,0.9940169047352804,0.9416461132569942,0.8246124845879759,1.0
466,465,1,0.0550263241599363,0,0.1,0.62,0.1076115485564304,0.3333333333333333,0.2631578947368421,0.1149336546869241,0.1149336546869241,0.0,0.2341729450129315,0.9824561403508772,0.9302628008539876,0.0,0.9719298245614036,0.7107438016528926,0.7729634657543042,0.9056603773584904,1.0,1.0,0.9978561787696276,0.9585688341101144,0.80341704216064,0.91
467,466,1,0.0381503311081609,0,0.0,0.0,0.1076115485564304,0.3333333333333333,0.2105263157894736,0.1135786699037045,0.1135786699037045,0.0,0.3694006773671034,0.980701754385965,0.9501630430987732,0.0,0.975438596491228,0.6991869918699187,0.7677728138667526,0.9504950495049505,1.0,1.0,0.9988189332227856,0.955282660321182,0.8169964198070666,1.0
468,467,1,0.039416771455087,0,0.0,0.0,0.1076115485564304,0.3333333333333333,0.2105263157894736,0.1148855963743201,0.1148855963743201,0.0,0.1621677526114385,0.9789473684210528,0.9410473358140528,0.0,0.9719298245614036,0.6991869918699187,0.7856679257068682,0.979591836734694,1.0,1.0,0.996098643382166,0.9565846866335098,0.8108160412538015,1.0
469,468,2,0.9345076832376068,6,1.0,1.0,0.8923884514435696,0.3333333333333333,0.4210526315789473,0.88553912524282,0.88553912524282,0.9375,0.5,0.99438202247191,0.992184626700993,0.0,1.0,0.6666666666666666,0.7125960061443932,0.7741935483870969,0.0,0.0714285714285714,0.0023023599639832,0.0542452792698089,0.1840835168679763,0.0808941730440182
470,469,1,0.0694958738932854,0,0.0,0.7,0.1076115485564304,0.3333333333333333,0.3157894736842105,0.16050875765711,0.16050875765711,0.0,0.2395258366091613,0.9666666666666668,0.899170942479071,0.0,0.9771929824561404,0.6771653543307087,0.7776220860323495,0.9285714285714286,1.0,1.0,0.919820163455678,0.9343773582713464,0.8088272349132627,0.92
471,470,1,0.0469792356735165,0,0.2,0.62,0.1076115485564304,0.3333333333333333,0.2631578947368421,0.1135749943021607,0.1135749943021607,0.0,0.2627511591962905,0.987719298245614,0.94141635419382,0.0,0.9736842105263158,0.7107438016528926,0.7666966871512326,0.9230769230769232,1.0,1.0,0.9992284509617924,0.964363014204148,0.80453312079296,0.95
472,471,1,0.0375466154898117,0,0.0,0.0,0.1076115485564304,0.3333333333333333,0.2105263157894736,0.1135842254317429,0.1135842254317429,0.0,0.0603588907014682,0.956140350877193,0.9366905183822704,0.0,0.9614035087719298,0.6880000000000001,0.7509706498951783,0.9056603773584908,1.0,1.0,0.9988237490138624,0.9564811732741312,0.8194153847731361,1.0
473,472,1,0.0335261753834394,0,0.0,0.0,0.1076115485564304,0.3333333333333333,0.2105263157894736,0.1135800618139175,0.1135800618139175,0.0,0.0569230769230769,0.950877192982456,0.9323486419953289,0.0,0.963157894736842,0.6880000000000001,0.7531269841269841,0.9142857142857144,1.0,1.0,0.9989846510890424,0.968185065490031,0.8316732311202895,1.0
474,473,1,0.0453417874617567,0,0.0,0.7,0.1076115485564304,0.3333333333333333,0.3157894736842105,0.1329457436741116,0.1329457436741116,0.0,0.152276163279019,0.9736842105263158,0.8835477943827647,0.0,0.9789473684210528,0.6880000000000001,0.7707872523686478,0.9629629629629632,1.0,1.0,0.9610333505707016,0.9562231604921628,0.8106927641665952,1.0
475,474,1,0.0517502306157329,0,0.0,0.0,0.1076115485564304,0.3333333333333333,0.2105263157894736,0.1151341060077424,0.1151341060077424,0.0,0.1804878048780487,0.9771929824561404,0.9639954075774972,0.0,0.9666666666666668,0.6771653543307087,0.7459753639698059,0.8648648648648649,1.0,1.0,0.9945398172764004,0.9505773377313292,0.8255005089169205,0.9188809523809524
476,475,2,0.9489578168057352,6,1.0,1.0,0.8923884514435696,0.3333333333333333,0.2105263157894736,0.8871352493323499,0.8871352493323499,1.0,0.7794975149688882,0.99438202247191,0.9757637671652704,0.0228070175438596,1.0,0.6666666666666666,0.7694612479054841,0.9896907216494848,0.0,0.0,0.0001427561659262,0.031958750845187,0.1941515921544756,0.08
477,476,1,0.0379525030907036,0,0.0,0.62,0.1076115485564304,0.3333333333333333,0.2631578947368421,0.1136102177202577,0.1136102177202577,0.0,0.2715745935958503,0.9614035087719298,0.8838933500491748,0.0,0.980701754385965,0.7222222222222222,0.7487966450948196,0.8275862068965518,1.0,1.0,0.999242752644318,0.9684232286040868,0.8046190002073732,1.0
478,477,1,0.0660917171898383,0,0.1,0.7,0.1076115485564304,0.3333333333333333,0.4210526315789473,0.1137788573211814,0.1137788573211814,1.0,0.0,0.9912280701754386,1.0,0.0,0.9649122807017544,0.6666666666666666,0.709010840108401,0.7804878048780488,1.0,0.9285714285714286,0.9989717872541034,0.9553125041501546,0.8053476332650235,0.9152463436202596
479,478,1,0.0638189881463353,0,0.1,0.7,0.1076115485564304,0.3333333333333333,0.4210526315789473,0.1137788573211814,0.1137788573211814,1.0,0.0,0.9912280701754386,1.0,0.0,0.968421052631579,0.6666666666666666,0.709010840108401,0.7804878048780488,1.0,0.9230769230769232,0.99821926219909,0.956987963245722,0.8114030628600621,0.9273988597401908
480,479,1,0.0346065908458873,0,0.1,0.7,0.1076115485564304,0.3333333333333333,0.4210526315789473,0.1137788573211814,0.1137788573211814,1.0,0.0,0.9894736842105264,1.0,0.0,0.9894736842105264,0.6666666666666666,0.709010840108401,0.7804878048780488,1.0,1.0,0.998661761690419,0.962255658287615,0.8314430349466418,1.0
481,480,1,0.0657775605055951,0,0.1,0.7,0.1076115485564304,0.3333333333333333,0.4210526315789473,0.1137788573211814,0.1137788573211814,1.0,0.0,0.9912280701754386,1.0,0.0056179775280898,0.9666666666666668,0.6666666666666666,0.709010840108401,0.7804878048780488,1.0,0.9230769230769232,0.9975882274674344,0.9534320741660144,0.8256591524525654,0.9055782598034916
482,481,1,0.0660917171898383,0,0.1,0.7,0.1076115485564304,0.3333333333333333,0.4210526315789473,0.1137788573211814,0.1137788573211814,1.0,0.0,0.9894736842105264,1.0,0.0,0.9894736842105264,0.6666666666666666,0.709010840108401,0.7804878048780488,1.0,0.9285714285714286,0.9989717872541034,0.9553125041501546,0.8053476332650235,0.9152463436202596
483,482,1,0.0657775605055951,0,0.1,0.7,0.1076115485564304,0.3333333333333333,0.4210526315789473,0.1137788573211814,0.1137788573211814,1.0,0.0,0.9894736842105264,1.0,0.0,0.9894736842105264,0.6666666666666666,0.709010840108401,0.7804878048780488,1.0,0.9230769230769232,0.9975882274674344,0.9534320741660144,0.8256591524525654,0.9055782598034916
484,483,1,0.0346065908458873,0,0.1,0.7,0.1076115485564304,0.3333333333333333,0.4210526315789473,0.1137788573211814,0.1137788573211814,1.0,0.0,0.9894736842105264,1.0,0.0,0.9894736842105264,0.6666666666666666,0.709010840108401,0.7804878048780488,1.0,1.0,0.998661761690419,0.962255658287615,0.8314430349466418,1.0
485,484,1,0.0346065908458873,0,0.1,0.7,0.1076115485564304,0.3333333333333333,0.4210526315789473,0.1137788573211814,0.1137788573211814,1.0,0.0,0.9894736842105264,1.0,0.0,0.9894736842105264,0.6666666666666666,0.709010840108401,0.7804878048780488,1.0,1.0,0.998661761690419,0.962255658287615,0.8314430349466418,1.0
486,485,1,0.0368545343918872,0,0.1,0.0,0.1076115485564304,0.3333333333333333,0.2105263157894736,0.1135373352999531,0.1135373352999531,0.0,0.0780624327233583,0.987719298245614,0.9484218462820708,0.0,0.9719298245614036,0.6991869918699187,0.7725732939147574,0.9696969696969696,1.0,1.0,0.997979012287146,0.9640466170501912,0.8268471643113391,0.99
487,486,1,0.2574112546832489,1,0.1,0.62,0.1076115485564304,0.3333333333333333,0.2631578947368421,0.1147015100650898,0.1147015100650898,0.0,0.4274043920135139,0.9964912280701754,0.9385337518876562,0.0,0.9859649122807016,0.7226890756302521,0.7343391902215433,0.7647058823529411,0.8,0.0,0.9980527070267536,0.981240679663606,0.8387390852101468,0.8375
488,487,1,0.040386360764734,0,0.0,0.0,0.1076115485564304,0.3333333333333333,0.2105263157894736,0.11354780502349,0.11354780502349,0.0,0.3521336327905671,0.975438596491228,0.9464950638293926,0.0,0.9649122807017544,0.6880000000000001,0.769453514739229,0.9795918367346936,1.0,1.0,0.9984376491808828,0.9656364549732624,0.8136077312574503,0.98
489,488,1,0.0385192926931973,0,0.0,0.0,0.1076115485564304,0.3333333333333333,0.2105263157894736,0.115073185206294,0.115073185206294,0.0,0.2459251496180258,0.963157894736842,0.9387495883708896,0.0,0.975438596491228,0.6771653543307087,0.7583305763250182,0.9142857142857144,1.0,1.0,0.9947395200285912,0.956274587553455,0.82537013625877,0.9925
490,489,1,0.0328258765417931,0,0.0,0.0,0.1076115485564304,0.3333333333333333,0.2105263157894736,0.1146678833438654,0.1146678833438654,0.0,0.1460583532052182,0.9333333333333332,0.8775082118945458,0.0,0.980701754385965,0.6880000000000001,0.7533582887700536,0.8727272727272728,1.0,1.0,0.9974025332310474,0.9714328345489962,0.834209372969198,1.0
491,490,1,0.1270772816933983,0,0.0,0.0,0.1076115485564304,0.3333333333333333,0.2105263157894736,0.1259185016664659,0.1259185016664659,0.0,0.1932398902344841,0.936842105263158,0.8714940061770402,0.0,0.9789473684210528,0.6771653543307087,0.7696171599239752,0.896551724137931,1.0,0.5,0.9845411910709232,0.9611988302064648,0.8142962885622211,0.9775
492,491,1,0.031480960416701,0,0.0,0.0,0.1076115485564304,0.3333333333333333,0.2105263157894736,0.1145692993484861,0.1145692993484861,0.0,0.1683093252463988,0.9192982456140352,0.8610013549995346,0.0,0.975438596491228,0.6880000000000001,0.7420730223123733,0.8275862068965518,1.0,1.0,0.996105431057864,0.972928010859658,0.8420807955822717,1.0
493,492,1,0.0388395065975659,0,0.1,0.0,0.1076115485564304,0.3333333333333333,0.2105263157894736,0.1133101857321561,0.1133101857321561,0.0,0.2212097472477632,0.987719298245614,0.8931356879163779,0.0,0.987719298245614,0.6991869918699187,0.7106001793100638,0.7222222222222222,1.0,1.0,0.9985492423873586,0.9810613778648822,0.8273523401623638,0.96
494,493,1,0.0309816516624167,0,0.1,0.0,0.1076115485564304,0.3333333333333333,0.2105263157894736,0.1132841681689756,0.1132841681689756,0.0,0.1811398473901007,0.9842105263157894,0.8641185747941721,0.0,0.987719298245614,0.6880000000000001,0.7023333333333334,0.7222222222222222,1.0,1.0,0.9994038185243304,0.9909227019331004,0.8537835695680689,0.97
495,494,1,0.0304386519313676,0,0.1,0.0,0.1076115485564304,0.3333333333333333,0.2105263157894736,0.1133243201801026,0.1133243201801026,0.0,0.1710941735497656,0.9824561403508772,0.8586250316151894,0.0,0.9859649122807016,0.6771653543307087,0.6995893605404587,0.7222222222222222,1.0,1.0,0.9993463035195088,0.9917611540445896,0.8562606308476968,0.97
496,495,1,0.2547932892458652,1,0.0,0.0,0.1076115485564304,0.3333333333333333,0.2105263157894736,0.1126636211521,0.1126636211521,0.0,0.3373190286059245,0.9771929824561404,0.8546624795016282,0.0,0.9894736842105264,0.1,0.5871818181818182,0.8727272727272728,0.8,0.0,0.9999990161282613,0.9912280594551764,0.810013188941372,0.87
497,496,1,0.0649702412345005,0,0.0,0.0,0.1076115485564304,0.3333333333333333,0.2105263157894736,0.1126632500157167,0.1126632500157167,0.0,0.0,0.9421052631578948,0.8747805276956009,0.0,0.9912280701754386,0.1011673151750972,0.5808473843493298,0.8888888888888888,0.8,1.0,0.9999999352354492,0.994289197037621,0.835889420319927,0.98
498,497,1,0.0348092313359168,0,0.0,0.0,0.1076115485564304,0.3333333333333333,0.2105263157894736,0.1126632500157167,0.1126632500157167,0.0,0.0,0.9421052631578948,0.8747805276956009,0.0,0.9912280701754386,0.1011673151750972,0.5808473843493298,0.8888888888888888,1.0,1.0,0.9999999878720836,0.9922228454266012,0.8071441119081469,0.9917776667776668
499,498,1,0.0352847618063273,0,0.0,0.0,0.1076115485564304,0.3333333333333333,0.2105263157894736,0.1126632082570385,0.1126632082570385,0.0,0.0555555555555555,0.9403508771929824,0.8583905664377343,0.0,0.9912280701754386,0.1019607843137254,0.5852386237513874,0.9056603773584908,1.0,1.0,0.9999999983251512,0.9938610610986892,0.7998749251827517,0.9945554445554444
500,499,1,0.0348701158785086,0,0.0,0.0,0.1076115485564304,0.3333333333333333,0.2105263157894736,0.1126631993161104,0.1126631993161104,0.0,0.0430057564728051,0.9385964912280702,0.6423789569538978,0.0,0.9982456140350876,0.1176470588235294,0.5627450980392157,0.8,1.0,1.0,1.0,0.9998224682861028,0.8109568364428463,0.98
501,500,2,0.3449373116470148,2,0.4,0.92,0.7183098591549295,1.0,0.3157894736842105,0.4579003865855029,0.4579003865855029,1.0,0.5547945205479452,0.99438202247191,0.9375296279701024,0.0,1.0,0.6771653543307087,0.6960765346592119,0.7272727272727273,0.8,0.0,0.9999999999999928,0.9477099574383564,0.7726661726795613,0.41
502,501,2,0.1934381874615968,1,0.3,0.9,0.3949579831932773,1.0,0.2105263157894736,0.457935537725279,0.457935537725279,0.0,0.3739549839228295,0.9719101123595506,0.8025296065387942,0.0,0.99438202247191,0.787878787878788,0.89461240104139,0.9885057471264368,0.8,1.0,0.9999242910220592,0.821153850585338,0.7982927336230224,0.42
503,502,2,0.2051138538976707,1,0.6,0.92,0.7183098591549295,1.0,0.3157894736842105,0.4579003865868752,0.4579003865868752,0.0,0.4046384853130856,0.9831460674157304,0.8077364392260417,0.0,0.99438202247191,0.7027027027027026,0.7652930397392246,0.7889908256880733,0.6,1.0,0.9999999999996376,0.9196728176733892,0.4496440589409483,0.8
504,503,1,0.9448827393413086,6,0.7,1.0,0.2816901408450704,1.0,0.3684210526315789,0.5420996134144971,0.5420996134144971,1.0,0.8122881355932203,0.9982456140350876,0.9589757836736584,0.0224719101123595,1.0,0.6666666666666666,0.6756756756756755,0.7027027027027026,0.2,0.0,3.5325016680603694e-23,0.0326435831079835,0.0980599808441645,0.0
505,504,2,0.5484682708468485,4,0.5,0.92,0.7183098591549295,1.0,0.3157894736842105,0.4579007344621861,0.4579007344621861,0.5,0.7751768189716356,0.99438202247191,0.9439480147047608,0.0035087719298245,0.99438202247191,0.6666666666666666,0.825753569539926,0.924731182795699,0.4,0.0,0.999953696884507,0.7677494611829486,0.2914872168514542,0.25
506,505,2,0.1241433852854233,0,0.4,0.92,0.7183098591549295,1.0,0.3157894736842105,0.4579003865855029,0.4579003865855029,0.6666666666666666,0.627906976744186,0.99438202247191,0.9546096390622903,0.0017543859649122,0.99438202247191,0.6666666666666666,0.6919358382773017,0.7027027027027026,0.8,1.0,1.0,0.9052773595284562,0.8498623287590037,0.7
507,506,2,0.1209368774235796,0,0.3,0.9,0.3949579831932773,1.0,0.2105263157894736,0.4579914946641699,0.4579914946641699,0.0,0.2463490068306236,0.9719101123595506,0.8529571210986913,0.0,0.9831460674157304,0.7222222222222222,0.8944708537405165,0.9662921348314606,1.0,1.0,0.9975098544142856,0.7329905541739066,0.83387832687033,0.71
508,507,1,0.4370273133299028,3,0.6,0.94,0.6050420168067228,1.0,0.4736842105263157,0.4304268404920306,0.4304268404920306,0.0,0.253448275862069,0.9929824561403509,0.95752369589713,0.0,0.9964912280701754,0.7027027027027026,0.7652930397392246,0.7889908256880733,0.6,1.0,0.4304631841229837,0.4007652374720684,0.0966076984255309,0.85
509,508,2,0.1691165182148367,0,0.2,0.96,0.7183098591549295,1.0,0.3157894736842105,0.457996094617337,0.457996094617337,0.5,0.3992134718160735,0.9831460674157304,0.897067868175002,0.0017543859649122,0.9831460674157304,0.7027027027027026,0.9037197022750796,0.979591836734694,0.8,1.0,0.9982241923614686,0.6906394138355377,0.7664372845139732,0.73
510,509,2,0.3075724468522748,1,0.6,0.92,0.3949579831932773,1.0,0.5789473684210527,0.5053275725611399,0.5053275725611399,0.6666666666666666,0.4452720569066328,0.9887640449438202,0.961059434361814,0.0017543859649122,0.99438202247191,0.7027027027027026,0.795725800988959,0.8421052631578947,0.4,1.0,0.7672497257155138,0.56458111352432,0.762734479646517,0.66
511,510,2,0.7377782099894923,5,0.5,0.98,0.7457627118644068,0.6666666666666666,0.631578947368421,0.7616221426146518,0.7616221426146518,0.0,0.999999999999941,0.99438202247191,1.0,0.0017543859649122,1.0,0.6760563380281691,0.7043218661562873,0.7428571428571428,0.6,0.0,0.1795067975707556,0.3913993251411795,0.2370079506844444,0.1654166666666666
512,511,1,0.4366099372807762,3,0.7,0.94,0.6050420168067228,1.0,0.4736842105263157,0.4298481599382426,0.4298481599382426,0.0,0.2525773195876288,0.9929824561403509,0.971135429444552,0.0,0.9947368421052633,0.7027027027027026,0.7701710885197124,0.8,0.6,1.0,0.4165864246228018,0.4481138987951705,0.1181400528973704,0.7975
513,512,1,0.4198669734596868,3,0.6,0.94,0.6050420168067228,1.0,0.4736842105263157,0.4293964261335594,0.4293964261335594,0.3333333333333333,0.3379310344827585,0.9947368421052633,0.9807014207709652,0.0112359550561797,0.9929824561403509,0.7027027027027026,0.7735609190281869,0.8135593220338984,0.6,1.0,0.4258800710734038,0.4363604107365204,0.2152243440986214,0.8033333333333332
514,513,1,0.8111011131104686,6,0.8,0.98,0.6050420168067228,1.0,0.5789473684210527,0.514541871059738,0.514541871059738,0.5,0.4339084828215264,0.9964912280701754,0.9551024099109282,0.0112359550561797,1.0,0.7222222222222222,0.8142474999271117,0.8648648648648649,0.2,0.0,0.1442699852009195,0.445393911666231,0.2337294244700375,0.11
515,514,2,0.439144276849665,2,0.4,0.9,0.3949579831932773,1.0,0.2105263157894736,0.4654901125102314,0.4654901125102314,0.5,0.4119819314847176,0.9887640449438202,0.9497662103543464,0.0,0.9775280898876404,0.7428571428571428,0.8422799422799422,0.8888888888888888,0.6,0.0,0.9271534515895106,0.5695014907427993,0.8484793965696995,0.42
516,515,1,0.6699952821548318,3,0.9,0.98,0.6050420168067228,1.0,0.4736842105263157,0.2598708668904312,0.2598708668904312,1.0,0.0,0.9964912280701754,0.9915071624647498,0.0168539325842696,0.9982456140350876,0.7226890756302521,0.7288770053475935,0.7428571428571428,0.0,0.0,0.790206278547884,0.6080218544542828,0.5368001740688418,0.045
517,516,2,0.4337023935264873,3,0.2,0.96,0.3949579831932773,1.0,0.3157894736842105,0.7509446677891229,0.7509446677891229,0.0,0.302491103202847,0.9719101123595506,0.9799058478920388,0.0,0.9831460674157304,0.7107438016528926,0.715031933993942,0.7222222222222222,0.8,1.0,0.1951047701974443,0.3970574690085818,0.3817186377302874,0.6239047619047617
518,517,2,0.228960511512987,1,0.5,0.92,0.7183098591549295,1.0,0.3157894736842105,0.4579003865959106,0.4579003865959106,0.0,0.3834374927933953,0.9831460674157304,0.8034074281050317,0.0,0.99438202247191,0.6666666666666666,0.754250111259457,0.8037383177570093,0.6,1.0,0.9999999999961702,0.8212932689946087,0.3849436619312988,0.82
519,518,2,0.2910324127658926,2,0.2,0.9,0.3949579831932773,1.0,0.5263157894736842,0.6142849504379722,0.6142849504379722,0.0,0.4339084828215264,0.9719101123595506,0.963163738973234,0.0017543859649122,1.0,0.7222222222222222,0.7803323234739163,0.8495575221238937,0.8,1.0,0.4387713020847213,0.4709584163201302,0.7290758049997914,0.815
520,519,2,0.3213334391900179,2,0.4,0.9,0.3949579831932773,1.0,0.5263157894736842,0.6157672536828346,0.6157672536828346,0.0,0.0,0.9775280898876404,0.9829137945133656,0.0017543859649122,0.9775280898876404,0.7428571428571428,0.7764915036101476,0.8135593220338984,0.6,1.0,0.4293321225090804,0.4823336357829167,0.6236669399012285,0.9366666666666668
521,520,2,0.5079017362293994,2,0.5,0.92,0.3949579831932773,1.0,0.5789473684210527,0.5744507110922508,0.5744507110922508,0.0,0.1428571428571429,0.9831460674157304,0.9715392061955468,0.0,0.99438202247191,0.7027027027027026,0.796586182859335,0.9056603773584908,0.6,0.0,0.5670161210405195,0.4879889487030695,0.6237511795466815,0.6738333333333333
522,521,2,0.2725576120860853,1,0.5,0.92,0.3949579831932773,1.0,0.5789473684210527,0.5748616693506903,0.5748616693506903,0.3333333333333333,0.1666666666666666,0.9887640449438202,0.9761696333041532,0.0,0.9887640449438202,0.7027027027027026,0.7987425170911409,0.9142857142857144,0.8,1.0,0.5478114522876086,0.4808251429208519,0.6886843989416941,0.8473333333333334
523,522,2,0.3580978750606646,2,0.4,0.92,0.3949579831932773,1.0,0.5789473684210527,0.5080607065709133,0.5080607065709133,1.0,0.644542772861357,0.99438202247191,0.9761907940585124,0.0017543859649122,1.0,0.7428571428571428,0.8195371606586559,0.8971962616822429,0.4,1.0,0.7436132944986331,0.4957711567097033,0.6820282984276766,0.53
524,523,2,0.5748825285282788,4,0.7,0.9,0.3949579831932773,1.0,0.5263157894736842,0.6201430100277885,0.6201430100277885,0.0,0.4971875950136819,0.9887640449438202,0.9657455330673412,0.0,1.0,0.6842105263157894,0.7914497277041989,0.9320388349514565,0.6,0.0,0.4694520370381673,0.4545714033754882,0.6666813884166721,0.36
525,524,1,0.6854321314628462,4,0.8,0.98,0.6050420168067228,1.0,0.7894736842105263,0.3429656723281735,0.3429656723281735,1.0,0.999999999999902,0.9982456140350876,1.0,0.0280898876404494,1.0,0.7428571428571428,0.7696350896740877,0.8135593220338984,0.2,0.0,0.6638814091211819,0.5867027789494876,0.3468230231522535,0.09
526,525,1,0.5405623699044064,2,0.3,0.98,0.2542372881355932,0.6666666666666666,0.5789473684210527,0.2419993789333236,0.2419993789333236,1.0,0.5,0.9964912280701754,0.9878772074114194,0.0112359550561797,1.0,0.6991869918699187,0.7030469493884128,0.7111111111111111,0.6,0.0,0.7583412346443328,0.584134881521351,0.5928798231380368,0.2212698412698412
527,526,2,0.6377554068907878,5,0.5,0.94,0.3949579831932773,1.0,0.4736842105263157,0.7506390152424318,0.7506390152424318,0.0,0.0,0.99438202247191,1.0,0.0035087719298245,1.0,0.7027027027027026,0.7156629611175066,0.7384615384615385,0.6,0.3333333333333333,0.1953590431106681,0.4087426491537858,0.276473009247962,0.3595595238095238
528,527,1,0.6881092714957717,4,0.7,0.86,0.2816901408450704,1.0,0.4210526315789473,0.5248980403549592,0.5248980403549592,0.5,0.264099037138927,0.9964912280701754,0.9310110479907991,0.0,0.9982456140350876,0.7027027027027026,0.8196000681149196,0.8727272727272728,0.4,0.0,0.0438429238763244,0.5089242172922424,0.4585772298568031,0.46
529,528,1,0.4808132805458421,2,0.5,0.96,0.2816901408450704,1.0,0.4210526315789473,0.5420950298610953,0.5420950298610953,0.0,0.2932877297990595,0.9964912280701754,0.9061763431866048,0.0,0.9964912280701754,0.7647058823529411,0.8663225380039655,0.9662921348314606,0.6,1.0,3.065478622828302e-05,0.4209272099612535,0.5241624519774651,0.57
530,529,2,0.7446278649256766,6,0.4,0.98,0.3949579831932773,1.0,0.8947368421052632,0.7374782300796245,0.7374782300796245,1.0,0.9999999999998932,0.99438202247191,1.0,0.0035087719298245,1.0,0.7027027027027026,0.730568600587576,0.7741935483870969,0.4,0.0,0.1639325719283361,0.409146607228905,0.3861536312886994,0.1729999999999999
531,530,2,0.3967210062621839,3,0.3,0.96,0.3949579831932773,1.0,0.4736842105263157,0.7541674944860703,0.7541674944860703,0.0,0.0,0.9775280898876404,0.9900560194482612,0.0017543859649122,0.9775280898876404,0.7107438016528926,0.7257015711561166,0.7428571428571428,0.8,1.0,0.1903705226663286,0.3559332625542379,0.3467035105396637,0.9266666666666667
532,531,2,0.4634781907416214,4,0.7,0.96,0.7457627118644068,0.6666666666666666,0.631578947368421,0.7581293157736716,0.7581293157736716,1.0,0.0,0.9887640449438202,1.0,0.0,1.0,0.6991869918699187,0.7070873534288169,0.7272727272727273,0.4,1.0,0.2416607779830676,0.4003520281562016,0.3838323351252881,0.7932857142857144
533,532,1,0.6185965475409303,4,0.6,0.98,0.6050420168067228,1.0,0.7894736842105263,0.3068858997314909,0.3068858997314909,1.0,0.6620689655172414,0.9982456140350876,0.9906391503467076,0.0168539325842696,1.0,0.7428571428571428,0.763017159701021,0.8135593220338984,0.4,0.0,0.7306184747770573,0.5954830096463086,0.4035097065215283,0.1588095238095238
534,533,1,0.5365218092583786,2,0.4,0.96,0.2542372881355932,0.6666666666666666,0.631578947368421,0.2418706842263284,0.2418706842263284,0.0,0.999999999999808,0.9982456140350876,1.0,0.0112359550561797,0.9982456140350876,0.6991869918699187,0.7070873534288169,0.7272727272727273,0.6,0.0,0.7583392220169325,0.5996479718437984,0.616167664874712,0.2067142857142857
535,534,1,0.4915506659106515,3,0.5,0.98,0.6050420168067228,1.0,0.8947368421052632,0.2616135296184795,0.2616135296184795,0.5,0.999999999999808,0.9982456140350876,1.0,0.0056179775280898,1.0,0.7027027027027026,0.7370202134908017,0.8,0.4,0.3333333333333333,0.7855743541547823,0.6134595849800073,0.5739477796870155,0.3443809523809523
536,535,2,0.3546569672740595,3,0.3,0.96,0.3949579831932773,1.0,0.4736842105263157,0.7541674944860703,0.7541674944860703,0.0,0.0,0.9775280898876404,0.9900560194482612,0.0,0.9775280898876404,0.7107438016528926,0.7257015711561166,0.7428571428571428,1.0,1.0,0.1727634034551014,0.3727835421728436,0.381511250727698,0.945
537,536,2,0.4417386311092922,3,0.3,0.8200000000000001,0.3949579831932773,1.0,0.631578947368421,0.7192007312227537,0.7192007312227537,0.3333333333333333,0.463768115942029,0.9831460674157304,0.9872062663185378,0.0,0.9887640449438202,0.7027027027027026,0.7537233589865169,0.8421052631578947,0.8,1.0,0.1960767396702907,0.3856251433438693,0.377866330330087,0.59
538,537,2,0.5084493340893486,3,0.6,0.98,0.3949579831932773,1.0,0.8947368421052632,0.7383864703815205,0.7383864703815205,0.0,0.999999999999808,0.99438202247191,1.0,0.0017543859649122,1.0,0.7027027027027026,0.7370202134908017,0.8,0.6,0.6666666666666666,0.2144256458452177,0.3865404150199927,0.4260522203129846,0.6556190476190474
539,538,2,0.4267350358070253,3,0.2,0.8200000000000001,0.3949579831932773,1.0,0.631578947368421,0.6930749096090972,0.6930749096090972,0.0,0.3363844393592677,0.9831460674157304,0.9736459469283896,0.0,0.99438202247191,0.7027027027027026,0.7718109413761587,0.8888888888888888,0.6,1.0,0.247556142943462,0.3863570520303132,0.3856765901840729,0.82
540,539,2,0.6860888024661749,6,0.8,0.88,0.7457627118644068,0.6666666666666666,0.631578947368421,0.7560541441901378,0.7560541441901378,1.0,0.0,0.9887640449438202,1.0,0.0017543859649122,0.9887640449438202,0.6760563380281691,0.6832724373480723,0.7027027027027026,0.4,0.4,0.1396663531079674,0.3700861763928028,0.1980916398291648,0.3756230158730158
541,540,2,0.5769347846832822,4,0.6,0.96,0.3949579831932773,1.0,0.8421052631578947,0.7389335862233216,0.7389335862233216,1.0,0.0,0.99438202247191,1.0,0.0017543859649122,0.99438202247191,0.7027027027027026,0.7404100439992763,0.8135593220338984,0.6,0.5,0.2137692694220466,0.3788742248336204,0.2990811309779727,0.5466666666666667
542,541,1,0.2509881669330518,0,0.2,0.96,0.2816901408450704,1.0,0.4210526315789473,0.3763259568078694,0.3763259568078694,0.0,0.2322274881516587,0.9894736842105264,0.9457886898481168,0.0,0.9929824561403509,0.7027027027027026,0.8079610222467366,0.979591836734694,0.8,1.0,0.5881645149891196,0.6272539656079299,0.6311525178046395,0.8475
543,542,2,0.6738393591331153,5,0.8,0.92,0.7183098591549295,1.0,0.5263157894736842,0.4672210459571548,0.4672210459571548,0.75,0.4814534852329787,0.9887640449438202,0.96766373516855,0.0070175438596491,1.0,0.7428571428571428,0.8269542717818579,0.8686868686868686,0.0,0.0,0.9429780870198204,0.4124360799208831,0.341549678260604,0.26
544,543,2,0.70184634375299,6,0.7,0.84,0.7457627118644068,0.6666666666666666,0.631578947368421,0.7595011019042652,0.7595011019042652,1.0,0.0,0.99438202247191,1.0,0.0,1.0,0.6760563380281691,0.6933110473866823,0.7428571428571428,0.4,0.3333333333333333,0.1721776089372589,0.3421093230814395,0.1996665572449135,0.3416351148851148
545,544,1,0.4511835312969268,2,0.1,0.86,0.2816901408450704,1.0,0.4210526315789473,0.4980409401920534,0.4980409401920534,0.0,0.3827751196172249,0.9912280701754386,0.9116148827787542,0.0,0.9912280701754386,0.6808510638297872,0.758741125691734,0.8349514563106797,0.8,0.0,0.2063963816409317,0.7229923857178367,0.8135100448596704,0.75
546,545,2,0.7645535168381368,6,0.7,0.84,0.7457627118644068,0.6666666666666666,0.631578947368421,0.7595011019042652,0.7595011019042652,1.0,0.0,0.99438202247191,1.0,0.0,1.0,0.6760563380281691,0.6933110473866823,0.7428571428571428,0.2,0.25,0.1857729899511345,0.3362207196040021,0.1980258879332118,0.2426593014828307
547,546,1,0.50005579912898,2,0.7,1.0,0.1076115485564304,0.3333333333333333,0.5263157894736842,0.5048780154515716,0.5048780154515716,1.0,0.6470588235294117,0.9982456140350876,0.9627293759705892,0.0,1.0,0.8125,0.8654986873390133,0.9795918367346936,0.2,1.0,0.1169588140849497,0.5533804421003763,0.4893259490407932,0.64
548,547,1,0.3825653321162693,1,0.4,0.98,0.2542372881355932,0.6666666666666666,0.5789473684210527,0.2402118327658594,0.2402118327658594,0.5,0.6,0.9982456140350876,0.9920441106452256,0.0056179775280898,1.0,0.6880000000000001,0.6974534534534536,0.7111111111111111,0.8,0.0,0.8278144527930802,0.6192265604477705,0.7684930402375793,0.689073953823954
549,548,2,0.6454722175097145,4,0.7,0.98,0.7183098591549295,1.0,0.4210526315789473,0.5509506309737937,0.5509506309737937,0.0,0.4525139664804469,0.9887640449438202,0.9321642824180896,0.0,0.99438202247191,0.7027027027027026,0.7844413862783182,0.8275862068965518,0.6,0.0,0.6868010479002569,0.3423216633728577,0.2480439836685989,0.25
550,549,2,0.5343954646732167,4,0.5,0.8200000000000001,0.3949579831932773,1.0,0.631578947368421,0.7230935443635068,0.7230935443635068,0.0,0.3934426229508196,0.9887640449438202,0.9831283704872114,0.0,0.9831460674157304,0.7350427350427351,0.7637619690251269,0.8421052631578947,0.4,1.0,0.2417708807919687,0.3421112242451672,0.3047451069235644,0.505
551,550,1,0.2768054744316747,0,0.4,1.0,0.2542372881355932,0.6666666666666666,0.631578947368421,0.2383005536408222,0.2383005536408222,0.5,0.5,0.9964912280701754,0.9917125682810322,0.0056179775280898,0.9982456140350876,0.6991869918699187,0.7199231662646297,0.7428571428571428,0.6,0.6666666666666666,0.8166255793211593,0.6650701909723247,0.7758047164498015,0.815
552,551,2,0.6478485137260663,4,0.4,1.0,0.3949579831932773,1.0,0.7894736842105263,0.7413306291412015,0.7413306291412015,0.5,0.5,0.99438202247191,0.9889783151161564,0.0,0.99438202247191,0.7027027027027026,0.753236429707018,0.8648648648648649,0.6,0.0,0.209729403816856,0.3459303854768004,0.2682253188261361,0.6890238095238094
553,552,2,0.6050754180775011,5,0.6,0.98,0.3949579831932773,1.0,0.7894736842105263,0.7426195374039071,0.7426195374039071,0.6666666666666666,0.6666666666666667,0.99438202247191,0.9947049685945204,0.0035087719298245,1.0,0.7226890756302521,0.7504486540378863,0.8135593220338984,0.2,1.0,0.1874700205762699,0.3343332377721463,0.374196614138958,0.273547619047619
554,553,1,0.2251778956602854,0,0.4,0.98,0.2542372881355932,0.6666666666666666,0.5789473684210527,0.240084200484115,0.240084200484115,1.0,0.0,0.9964912280701754,0.9919480196480756,0.0056179775280898,0.9982456140350876,0.6880000000000001,0.7014938574938576,0.7272727272727273,0.6,1.0,0.868728084120435,0.6525103793202345,0.7938608292642841,0.7338333333333332
555,554,1,0.1298328409589905,0,0.2,0.78,0.2542372881355932,0.6666666666666666,0.2105263157894736,0.2407030107095258,0.2407030107095258,0.0,0.3490566037735848,0.9894736842105264,0.9762405042831744,0.0,0.9929824561403509,0.6991869918699187,0.7203911228301472,0.7804878048780488,1.0,1.0,0.8152198349822889,0.6527584418989751,0.7796913440314589,0.9733333333333334
556,555,1,0.2276544793207313,0,0.3,0.78,0.2542372881355932,0.6666666666666666,0.2105263157894736,0.2380876982735762,0.2380876982735762,0.0,0.3333333333333333,0.9964912280701754,0.9832866256130388,0.0,0.9982456140350876,0.6991869918699187,0.7228077816492451,0.7499999999999999,0.6,1.0,0.8205964269910898,0.6785494124990242,0.7468558560140696,0.7880714285714285
557,556,1,0.5492685291645028,3,0.5,1.0,0.6050420168067228,1.0,0.631578947368421,0.2518813863855954,0.2518813863855954,0.5,0.7176470588235293,0.9982456140350876,0.994177035933036,0.0056179775280898,0.9947368421052633,0.7226890756302521,0.755910838911836,0.8135593220338984,0.4,0.0,0.7343002114530786,0.6787939638681879,0.5889613163583839,0.3023333333333333
558,557,1,0.4916538880842171,2,0.4,1.0,0.6050420168067228,1.0,0.8421052631578947,0.2567793425450653,0.2567793425450653,1.0,0.6224489795918366,0.9982456140350876,0.9908880735789316,0.0,1.0,0.7226890756302521,0.7539553752535496,0.8275862068965516,0.6,0.0,0.7891044118821949,0.6753575055206613,0.7314480874251741,0.2541666666666666
559,558,1,0.3556674051615367,1,0.2,1.0,0.1076115485564304,0.3333333333333333,0.3157894736842105,0.1452817483243236,0.1452817483243236,0.0,0.4635220940780096,0.9964912280701754,0.963808974325352,0.0,1.0,0.7107438016528926,0.777930823385369,0.9629629629629632,0.6,0.0,0.9625262290822326,0.8148392607792876,0.8375586505978307,0.6510714285714286
560,559,1,0.3019791242987036,1,0.4,0.72,0.2816901408450704,1.0,0.3157894736842105,0.2992104159829418,0.2992104159829418,1.0,0.6863588667366212,0.9982456140350876,0.9827814645836214,0.0056179775280898,0.9912280701754386,0.7222222222222222,0.8044685990338163,1.0,0.4,1.0,0.760904313788618,0.7010761884747432,0.7661447519444174,0.56
561,560,2,0.7792283418798324,5,0.8,0.98,0.7183098591549295,1.0,0.4210526315789473,0.5918880828885961,0.5918880828885961,1.0,0.8066133333333333,0.99438202247191,0.984161420143156,0.0052631578947368,1.0,0.7428571428571428,0.7983915167401405,0.8727272727272728,0.2,0.0,0.5041391642997862,0.3099208213661765,0.220569963055043,0.09
562,561,1,0.2196345812432091,0,0.2,0.72,0.2816901408450704,1.0,0.3157894736842105,0.3304033141703953,0.3304033141703953,0.0,0.2747663551401869,0.9859649122807016,0.9573679552892124,0.0,0.9912280701754386,0.7428571428571428,0.8111432183492866,0.979591836734694,0.6,1.0,0.69207981928553,0.6971542158149113,0.7529584774403041,0.94
563,562,2,0.7590693236841247,5,1.0,0.92,0.7183098591549295,1.0,0.5263157894736842,0.4704796835109054,0.4704796835109054,1.0,0.683377308707124,0.99438202247191,0.9181124074325524,0.0070175438596491,1.0,0.6666666666666666,0.7867243867243866,0.8686868686868686,0.0,0.0,0.910845202980923,0.284043604189005,0.1506952507253235,0.1
564,563,1,0.1906202982438668,0,0.5,0.88,0.1076115485564304,0.3333333333333333,0.4736842105263157,0.349799171844799,0.349799171844799,0.5,0.4992212848799481,0.9964912280701754,0.9553619717780304,0.0056179775280898,0.9982456140350876,0.7747747747747747,0.8329366298116299,0.9696969696969696,1.0,1.0,0.6376440948542115,0.6919726668688174,0.7349947821471039,0.7916666666666667
565,564,1,0.2969751756228028,1,0.1,1.0,0.2816901408450704,1.0,0.4736842105263157,0.5015625664463988,0.5015625664463988,0.0,0.0728398885103748,0.9842105263157894,0.89259833254409,0.0,0.987719298245614,0.7272727272727273,0.7850081956878074,0.8349514563106797,0.8,1.0,0.1074025881082249,0.714975932304122,0.7957704258508355,0.8
566,565,1,0.1792394468056316,0,0.2,0.84,0.2816901408450704,1.0,0.3684210526315789,0.3130848074041112,0.3130848074041112,0.0,0.0779014308426073,0.987719298245614,0.927770129953182,0.0,0.9894736842105264,0.7027027027027026,0.7545537565650196,0.7933884297520662,0.8,1.0,0.6754546365646948,0.7363079611647166,0.8428007214367985,0.87
567,566,1,0.1696097491504389,0,0.6,0.96,0.6050420168067228,1.0,0.8421052631578947,0.2550135700337472,0.2550135700337472,1.0,0.0,0.9964912280701754,1.0,0.0,1.0,0.7226890756302521,0.7632750397456279,0.8648648648648649,0.8,1.0,0.8462010734910941,0.704408674961343,0.751731756644929,0.88
568,567,1,0.1959394709422587,0,0.0,0.72,0.2816901408450704,1.0,0.3157894736842105,0.3281290751903312,0.3281290751903312,0.0,0.2155425219941349,0.9789473684210528,0.9402510692628802,0.0,0.9929824561403509,0.7428571428571428,0.8038690215418507,0.9504950495049506,0.8,1.0,0.6272308471759064,0.7018557503730934,0.745276576797447,0.95
569,568,2,0.830390250849561,6,0.5,0.96,0.3949579831932773,1.0,0.8421052631578947,0.7449864299662528,0.7449864299662528,0.0,0.999999999999852,0.99438202247191,1.0,0.0035087719298245,1.0,0.7226890756302521,0.7632750397456279,0.8648648648648649,0.2,0.0,0.153798926508906,0.295591325038657,0.248268243355071,0.12
570,569,1,0.2497553549881539,0,0.4,0.92,0.6050420168067228,1.0,0.4210526315789473,0.2539768998701514,0.2539768998701514,0.5,0.3333333333333333,0.9947368421052633,0.980547679911161,0.0056179775280898,0.9929824561403509,0.7027027027027026,0.7746439758670394,0.9504950495049505,0.6,1.0,0.7894706931337355,0.6935379808125735,0.7709591961247673,0.6475
571,570,1,0.2640666750727453,0,0.4,0.92,0.6050420168067228,1.0,0.4210526315789473,0.2528652597137426,0.2528652597137426,0.3333333333333333,0.3379310344827585,0.9929824561403509,0.9807575105029214,0.0056179775280898,0.9929824561403509,0.7027027027027026,0.7794444559150442,0.9696969696969696,0.6,1.0,0.7447848251237441,0.7031113914299043,0.7427037330098798,0.625
572,571,1,0.4674391923661746,2,0.5,0.98,0.2542372881355932,0.6666666666666666,0.6842105263157895,0.2407192077529221,0.2407192077529221,1.0,0.9999999999998932,0.9982456140350876,1.0,0.0056179775280898,0.9982456140350876,0.6771653543307087,0.6994794446314648,0.7428571428571428,0.6,0.0,0.8197119399538597,0.6926293974937965,0.8092345473163354,0.273788961038961
573,572,2,0.7350171142382904,6,0.7,0.88,0.7457627118644068,0.6666666666666666,0.631578947368421,0.7558435931417873,0.7558435931417873,0.0,0.0,0.99438202247191,1.0,0.0035087719298245,1.0,0.6771653543307087,0.6920361306188079,0.7111111111111111,0.2,0.3333333333333333,0.1854621547617347,0.3433142809079825,0.1826912252208867,0.3450963203463202
574,573,1,0.3463047422762711,1,0.4,0.88,0.2542372881355932,0.6666666666666666,0.631578947368421,0.2441564068582127,0.2441564068582127,1.0,0.0,0.9947368421052633,1.0,0.0056179775280898,0.9947368421052633,0.6771653543307087,0.6920361306188079,0.7111111111111111,0.6,0.5,0.8615703267799708,0.6702200399890417,0.8187617712039522,0.4716194083694082
575,574,2,0.7060163995268438,6,0.7,0.88,0.7457627118644068,0.6666666666666666,0.631578947368421,0.7558435931417873,0.7558435931417873,0.0,0.0,0.99438202247191,1.0,0.0,1.0,0.6771653543307087,0.6920361306188079,0.7111111111111111,0.4,0.3333333333333333,0.1905614671523407,0.3485550520664372,0.1891616237466998,0.3022901265401264
576,575,2,0.8496052844119373,6,0.5,1.0,0.3949579831932773,1.0,0.6842105263157895,0.7462237769138378,0.7462237769138378,1.0,0.75,0.99438202247191,0.9957447307890908,0.0017543859649122,1.0,0.7226890756302521,0.7692810457516339,0.8888888888888888,0.2,0.0,0.1528235012242603,0.2800162842963958,0.2295285080077199,0.04
577,576,2,0.8204914072290219,6,0.8,0.98,0.7457627118644068,0.6666666666666666,0.631578947368421,0.7612665952168567,0.7612665952168567,1.0,0.5,0.9887640449438202,0.9828480097218828,0.0,1.0,0.6991869918699187,0.73527725661872,0.8205128205128205,0.4,0.0,0.1284905158988952,0.2807426898340111,0.1984850175596291,0.0693333333333333
578,577,1,0.3564299933525711,1,0.3,0.88,0.1076115485564304,0.3333333333333333,0.4736842105263157,0.2809285776353305,0.2809285776353305,0.5,0.3983739837398374,0.9964912280701754,0.9809994543762236,0.0,0.9894736842105264,0.7610619469026548,0.8194198623402162,0.8888888888888888,0.8,0.0,0.7563045378661148,0.737109932465116,0.7705055695533427,0.7975
579,578,1,0.173913480001065,0,0.5,0.84,0.1076115485564304,0.3333333333333333,0.3157894736842105,0.1768438897021755,0.1768438897021755,0.3333333333333333,0.3778628167217487,0.9964912280701754,0.975793206757147,0.0,0.9964912280701754,0.7107438016528926,0.7750147579693034,0.9285714285714286,0.8,1.0,0.8672501681959967,0.7762625257195872,0.7796730927446923,0.7333333333333333
580,579,1,0.1722733619105784,0,0.2,0.78,0.2542372881355932,0.6666666666666666,0.2105263157894736,0.2392835055247882,0.2392835055247882,0.0,0.1666666666666666,0.9894736842105264,0.9792862969657224,0.0,0.9894736842105264,0.6880000000000001,0.7116756756756757,0.7679999999999999,0.8,1.0,0.7681284720729884,0.6632999456611153,0.7884314108024257,0.9465
581,580,1,0.2261195551393705,0,0.3,0.36,0.2542372881355932,0.6666666666666666,0.2631578947368421,0.253713543132654,0.253713543132654,1.0,0.0,0.9947368421052633,1.0,0.0,1.0,0.6666666666666666,0.6756756756756755,0.7027027027027026,0.8,0.8076923076923077,0.7966758546750464,0.6367688776776409,0.8039578883193036,0.7981877407994787
582,581,2,0.7607495520995744,6,0.7,0.36,0.7457627118644068,0.6666666666666666,0.2631578947368421,0.746286456867346,0.746286456867346,0.0,0.0,0.99438202247191,1.0,0.0,1.0,0.6666666666666666,0.6756756756756755,0.7027027027027026,0.4,0.125,0.2373966834197802,0.3729448824614312,0.1754013139032513,0.1247598076180906
583,582,1,0.2392504479004257,0,0.3,0.36,0.2542372881355932,0.6666666666666666,0.2631578947368421,0.253713543132654,0.253713543132654,1.0,0.0,0.9947368421052633,1.0,0.0,1.0,0.6666666666666666,0.6756756756756755,0.7027027027027026,0.6,0.875,0.7626033165802194,0.6270551175385688,0.8245986860967487,0.875240192381909
584,583,1,0.2392504479004257,0,0.3,0.36,0.2542372881355932,0.6666666666666666,0.2631578947368421,0.253713543132654,0.253713543132654,1.0,0.0,0.9947368421052633,1.0,0.0,1.0,0.6666666666666666,0.6756756756756755,0.7027027027027026,0.6,0.875,0.7626033165802194,0.6270551175385688,0.8245986860967487,0.875240192381909
585,584,1,0.2084780291559141,0,0.3,0.36,0.2542372881355932,0.6666666666666666,0.2631578947368421,0.253713543132654,0.253713543132654,1.0,0.0,0.9947368421052633,1.0,0.0,1.0,0.6666666666666666,0.6756756756756755,0.7027027027027026,0.8,0.8148148148148148,0.8435577586165076,0.6539094962934046,0.8148599318039814,0.8219898235358062
586,585,1,0.2657965038276707,0,0.3,0.36,0.2542372881355932,0.6666666666666666,0.2631578947368421,0.253713543132654,0.253713543132654,1.0,0.0,0.9947368421052633,1.0,0.0,1.0,0.6666666666666666,0.6756756756756755,0.7027027027027026,0.6,0.7777777777777778,0.8028914800516994,0.6450116195355023,0.8107655380931664,0.7687745615758295
587,586,2,0.7738804448606295,6,0.7,0.36,0.7457627118644068,0.6666666666666666,0.2631578947368421,0.746286456867346,0.746286456867346,0.0,0.0,0.99438202247191,1.0,0.0,1.0,0.6666666666666666,0.6756756756756755,0.7027027027027026,0.2,0.1923076923076923,0.2033241453249534,0.3632311223223591,0.1960421116806963,0.2018122592005217
588,587,1,0.1812948236943512,0,0.3,0.36,0.2542372881355932,0.6666666666666666,0.2631578947368421,0.253713543132654,0.253713543132654,1.0,0.0,0.9964912280701754,1.0,0.0,1.0,0.6666666666666666,0.6756756756756755,0.7027027027027026,1.0,0.8214285714285714,0.7991500377247301,0.6338411636485979,0.82978931093783,0.8280219740941628
589,588,1,0.2657965038276707,0,0.3,0.36,0.2542372881355932,0.6666666666666666,0.2631578947368421,0.253713543132654,0.253713543132654,1.0,0.0,0.9947368421052633,1.0,0.0,1.0,0.6666666666666666,0.6756756756756755,0.7027027027027026,0.6,0.7777777777777778,0.8028914800516994,0.6450116195355023,0.8107655380931664,0.7687745615758295
590,589,1,0.1812948236943512,0,0.3,0.36,0.2542372881355932,0.6666666666666666,0.2631578947368421,0.253713543132654,0.253713543132654,1.0,0.0,0.9947368421052633,1.0,0.0,1.0,0.6666666666666666,0.6756756756756755,0.7027027027027026,1.0,0.8214285714285714,0.7991500377247301,0.6338411636485979,0.82978931093783,0.8280219740941628
591,590,1,0.2392504479004257,0,0.3,0.36,0.2542372881355932,0.6666666666666666,0.2631578947368421,0.253713543132654,0.253713543132654,1.0,0.0,0.9947368421052633,1.0,0.0,1.0,0.6666666666666666,0.6756756756756755,0.7027027027027026,0.6,0.875,0.7626033165802194,0.6270551175385688,0.8245986860967487,0.875240192381909
592,591,1,0.1781436401788999,0,0.2,0.74,0.1076115485564304,0.3333333333333333,0.4210526315789473,0.3302061265786604,0.3302061265786604,0.0,0.1445578231292517,0.9859649122807016,0.9323590756902136,0.0,0.9912280701754386,0.7889908256880733,0.848860492209116,0.9285714285714286,0.8,1.0,0.6882064132240246,0.7130264072505723,0.7999053384520042,0.93
593,592,1,0.1046333850284878,0,0.2,0.78,0.2542372881355932,0.6666666666666666,0.2105263157894736,0.2391119703271249,0.2391119703271249,0.0,0.0,0.9842105263157894,0.9767266302601992,0.0,0.9859649122807016,0.6880000000000001,0.71322406277245,0.7741935483870969,1.0,1.0,0.8704051948264676,0.6969379634457789,0.8148565315568262,0.99
594,593,2,0.829352883420471,6,0.9,1.0,0.8923884514435696,0.3333333333333333,0.5263157894736842,0.6339712990763735,0.6339712990763735,1.0,0.5866298845649089,0.99438202247191,0.9596345823405876,0.0140350877192982,1.0,0.7889908256880733,0.8585847599230745,0.9896907216494848,0.0,0.0,0.42617605294968,0.2939057415306116,0.2338009049968828,0.07
595,594,1,0.2898643145052766,1,0.4,0.98,0.2816901408450704,1.0,0.4736842105263157,0.3928809559956758,0.3928809559956758,0.0,0.352549889135255,0.9964912280701754,0.9494750818363836,0.0,0.9964912280701754,0.7647058823529411,0.7840189908702885,0.7933884297520662,0.4,1.0,0.5670228415918126,0.7597628978764206,0.804028373500108,0.73
596,595,1,0.4313455367989103,1,0.4,0.96,0.6050420168067228,1.0,0.6842105263157895,0.2431078517898376,0.2431078517898376,0.0,0.3483606557377049,0.9964912280701754,0.9800359767534824,0.0,0.9982456140350876,0.7107438016528926,0.758149678604224,0.8888888888888888,0.6,0.0,0.7562468338530822,0.7091510560710858,0.7365288892823705,0.61
597,596,2,0.7321675904050444,6,0.9,1.0,0.7457627118644068,0.6666666666666666,0.2631578947368421,0.7467612360591666,0.7467612360591666,0.7941176470588235,0.5,0.99438202247191,0.9920314990156558,0.0,1.0,0.6666666666666666,0.6817210567210567,0.7222222222222222,0.4,0.2333333333333333,0.1961535716892621,0.3281696702553193,0.1891425110298054,0.2601953712620135
598,597,1,0.4599511274404126,2,0.4,0.92,0.6050420168067228,1.0,0.4210526315789473,0.2514238016135101,0.2514238016135101,0.5,0.6,0.9982456140350876,0.9903144207216904,0.0056179775280898,0.9947368421052633,0.7226890756302521,0.7800685322672758,0.9320388349514565,0.6,0.0,0.8248916598213661,0.7479728549274025,0.7874287206087549,0.28
599,598,1,0.186360892545044,0,0.1,0.78,0.2542372881355932,0.6666666666666666,0.2105263157894736,0.2387263545146416,0.2387263545146416,0.0,0.357487922705314,0.9912280701754386,0.984921123384406,0.0,0.987719298245614,0.6880000000000001,0.7163969871510856,0.7868852459016392,0.8,1.0,0.8317975499315936,0.6968244961785681,0.8332125986195741,0.72
600,599,1,0.242522181091755,0,0.3,0.74,0.1076115485564304,0.3333333333333333,0.4210526315789473,0.3041869587566863,0.3041869587566863,0.0,0.1419031719532555,0.987719298245614,0.9309819439382438,0.0,0.9912280701754386,0.7889908256880733,0.8595352190053382,0.9629629629629632,0.8,0.5,0.6797227766026975,0.740043830485539,0.8551003063612337,0.97
601,600,1,0.1220476336707608,0,0.3,0.92,0.2542372881355932,0.6666666666666666,0.4210526315789473,0.2440264603087418,0.2440264603087418,0.0,0.0,0.9912280701754386,0.9881096041344212,0.0,0.9912280701754386,0.6771653543307087,0.6960765346592119,0.7272727272727273,1.0,1.0,0.8146804686197733,0.6692036963568192,0.8251474933163019,0.9586825396825396
602,601,1,0.1566755463037848,0,0.3,0.92,0.6050420168067228,1.0,0.4210526315789473,0.2498420158401004,0.2498420158401004,0.0,0.1666666666666666,0.9894736842105264,0.9754290763609554,0.0,0.9929824561403509,0.7226890756302521,0.7870588235294118,0.9600000000000002,0.8,1.0,0.8280097058120816,0.7627228153211123,0.8092142010440956,0.86
603,602,1,0.2237854956930594,0,0.3,0.96,0.1076115485564304,0.3333333333333333,0.2631578947368421,0.1946417859232798,0.1946417859232798,0.0,0.3609022556390978,0.9929824561403509,0.9818920916481892,0.0,0.9982456140350876,0.6880000000000001,0.7424848484848485,0.8666666666666667,0.6,1.0,0.8404186587170719,0.7705625083620848,0.7963058587624865,0.65
604,603,1,0.0867283612492674,0,0.1,0.96,0.1076115485564304,0.3333333333333333,0.4736842105263157,0.167946766103611,0.167946766103611,0.0,0.0909090909090909,0.9824561403508772,0.9432574836431012,0.0,0.9912280701754386,0.7478260869565216,0.8146537842190016,0.9629629629629632,1.0,1.0,0.9291471862773472,0.8020914475102456,0.8383911987168022,0.91
605,604,1,0.1866532828692704,0,0.3,0.92,0.2542372881355932,0.6666666666666666,0.4210526315789473,0.2406353344268466,0.2406353344268466,0.0,0.1999999999999999,0.9929824561403509,0.9841374347353432,0.0,0.9982456140350876,0.6771653543307087,0.7047480906991889,0.7428571428571428,0.8,1.0,0.8284337314640698,0.709594565564188,0.8349141991183127,0.7071378066378067
606,605,1,0.2030202769978747,0,0.2,0.9,0.2816901408450704,1.0,0.3157894736842105,0.3746713568946067,0.3746713568946067,0.0,0.2686689419795222,0.9842105263157894,0.8825875880812265,0.0,0.9947368421052633,0.6808510638297872,0.7504224645157691,0.7889908256880733,0.8,1.0,0.620615993716007,0.8121703443278054,0.82909199996894,0.72
607,606,1,0.3425026331627238,1,0.0,0.84,0.2816901408450704,1.0,0.3684210526315789,0.2488380114583782,0.2488380114583782,0.0,0.0,0.9789473684210528,0.8958623805205906,0.0,0.9894736842105264,0.7027027027027026,0.7383189944165554,0.7804878048780488,1.0,0.0,0.772741509558143,0.7854348866465994,0.8468078048189147,0.54
608,607,1,0.3425026331627238,1,0.0,0.84,0.2816901408450704,1.0,0.3684210526315789,0.2488380114583782,0.2488380114583782,0.0,0.0,0.9789473684210528,0.8958623805205906,0.0,0.9894736842105264,0.7027027027027026,0.7383189944165554,0.7804878048780488,1.0,0.0,0.772741509558143,0.7854348866465994,0.8468078048189147,0.54
609,608,1,0.1910101758468884,0,0.4,0.3199999999999999,0.2542372881355932,0.6666666666666666,0.3157894736842105,0.2503207922575892,0.2503207922575892,1.0,0.0,0.9964912280701754,1.0,0.0,1.0,0.6666666666666666,0.6880617035546612,0.7428571428571428,1.0,0.7666666666666667,0.8083618724886029,0.6975729170992242,0.8108431681722155,0.7704943204919604
610,609,1,0.2314812771095399,0,0.4,0.3199999999999999,0.2542372881355932,0.6666666666666666,0.3157894736842105,0.2503207922575892,0.2503207922575892,1.0,0.0,0.9982456140350876,1.0,0.0,1.0,0.6666666666666666,0.6880617035546612,0.7428571428571428,0.8,0.75,0.797253644676912,0.6898794433291047,0.8040464554619422,0.7699327938748013
611,610,1,0.2251046402766405,0,0.4,0.3199999999999999,0.2542372881355932,0.6666666666666666,0.3157894736842105,0.2503207922575892,0.2503207922575892,1.0,0.0,0.9964912280701754,1.0,0.0,1.0,0.6666666666666666,0.6880617035546612,0.7428571428571428,0.8,0.7931034482758621,0.764978594103129,0.6808446987175265,0.8247336118967101,0.7857118053469292
612,611,1,0.2314812771095399,0,0.4,0.3199999999999999,0.2542372881355932,0.6666666666666666,0.3157894736842105,0.2503207922575892,0.2503207922575892,1.0,0.0,0.9964912280701754,1.0,0.0,1.0,0.6666666666666666,0.6880617035546612,0.7428571428571428,0.8,0.75,0.797253644676912,0.6898794433291047,0.8040464554619422,0.7699327938748013
613,612,2,0.7756506697873015,6,0.6,0.3199999999999999,0.7457627118644068,0.6666666666666666,0.3157894736842105,0.7496792077424108,0.7496792077424108,0.0,0.0,0.99438202247191,1.0,0.0,1.0,0.6666666666666666,0.6880617035546612,0.7428571428571428,0.2,0.2592592592592592,0.1500054538339954,0.2976552362053555,0.1850362516266433,0.2541397803509374
614,613,1,0.2243493302126985,0,0.4,0.3199999999999999,0.2542372881355932,0.6666666666666666,0.3157894736842105,0.2503207922575892,0.2503207922575892,1.0,0.0,0.9964912280701754,1.0,0.0,1.0,0.6666666666666666,0.6880617035546612,0.7428571428571428,0.8,0.7407407407407407,0.849994546166005,0.7023447637946445,0.8149637483733566,0.7458602196490625
615,614,1,0.2314812771095399,0,0.4,0.3199999999999999,0.2542372881355932,0.6666666666666666,0.3157894736842105,0.2503207922575892,0.2503207922575892,1.0,0.0,0.9964912280701754,1.0,0.0,1.0,0.6666666666666666,0.6880617035546612,0.7428571428571428,0.8,0.75,0.797253644676912,0.6898794433291047,0.8040464554619422,0.7699327938748013
616,615,1,0.2314812771095399,0,0.4,0.3199999999999999,0.2542372881355932,0.6666666666666666,0.3157894736842105,0.2503207922575892,0.2503207922575892,1.0,0.0,0.9964912280701754,1.0,0.0,1.0,0.6666666666666666,0.6880617035546612,0.7428571428571428,0.8,0.75,0.797253644676912,0.6898794433291047,0.8040464554619422,0.7699327938748013
617,616,1,0.1910101758468884,0,0.4,0.3199999999999999,0.2542372881355932,0.6666666666666666,0.3157894736842105,0.2503207922575892,0.2503207922575892,1.0,0.0,0.9964912280701754,1.0,0.0,1.0,0.6666666666666666,0.6880617035546612,0.7428571428571428,1.0,0.7666666666666667,0.8083618724886029,0.6975729170992242,0.8108431681722155,0.7704943204919604
618,617,1,0.2243493302126985,0,0.4,0.3199999999999999,0.2542372881355932,0.6666666666666666,0.3157894736842105,0.2503207922575892,0.2503207922575892,1.0,0.0,0.9964912280701754,1.0,0.0,1.0,0.6666666666666666,0.6880617035546612,0.7428571428571428,0.8,0.7407407407407407,0.849994546166005,0.7023447637946445,0.8149637483733566,0.7458602196490625
619,618,2,0.7877152691488106,6,0.6,0.3199999999999999,0.7457627118644068,0.6666666666666666,0.3157894736842105,0.7496792077424108,0.7496792077424108,0.0,0.0,0.99438202247191,1.0,0.0,1.0,0.6666666666666666,0.6880617035546612,0.7428571428571428,0.2,0.2,0.1910410125168287,0.3089795430417693,0.1701262385192724,0.2035615910292659
620,619,1,0.2243493302126985,0,0.4,0.3199999999999999,0.2542372881355932,0.6666666666666666,0.3157894736842105,0.2503207922575892,0.2503207922575892,1.0,0.0,0.9964912280701754,1.0,0.0,1.0,0.6666666666666666,0.6880617035546612,0.7428571428571428,0.8,0.7407407407407407,0.849994546166005,0.7023447637946445,0.8149637483733566,0.7458602196490625
621,620,1,0.0986924621880552,0,0.2,0.72,0.2816901408450704,1.0,0.3157894736842105,0.2589541804946029,0.2589541804946029,0.0,0.3775510204081632,0.9947368421052633,0.9640766780842498,0.0,0.9929824561403509,0.7350427350427351,0.7754578754578755,0.8888888888888888,1.0,1.0,0.8240896006670791,0.8017539049878097,0.8420017212167793,0.94
622,621,1,0.2122847308511893,0,0.4,0.3199999999999999,0.2542372881355932,0.6666666666666666,0.3157894736842105,0.2503207922575892,0.2503207922575892,1.0,0.0,0.9964912280701754,1.0,0.0,1.0,0.6666666666666666,0.6880617035546612,0.7428571428571428,0.8,0.8,0.8089589874831714,0.6910204569582308,0.8298737614807279,0.7964384089707339
623,622,2,0.7841197538627654,5,0.7,0.98,0.7457627118644068,0.6666666666666666,0.631578947368421,0.7656354798813836,0.7656354798813836,1.0,0.5777504211481146,0.99438202247191,0.98543752234537,0.0052631578947368,1.0,0.6991869918699187,0.7495934959349594,0.8571428571428572,0.6,0.0,0.1543714115932868,0.2404353144729341,0.1696414174238532,0.1308333333333333
624,623,1,0.1238512536397916,0,0.2,0.96,0.1076115485564304,0.3333333333333333,0.6842105263157895,0.1838162472295958,0.1838162472295958,0.0,0.1135040380642333,0.9894736842105264,0.966126833002416,0.0,0.9894736842105264,0.7226890756302521,0.7968772254664578,0.9285714285714286,0.8,1.0,0.8981079214767694,0.8029406183533878,0.7928439383310922,0.963
625,624,2,0.8555740552005817,6,0.8,1.0,0.8923884514435696,0.3333333333333333,0.3157894736842105,0.848921793123611,0.848921793123611,1.0,0.6967213114754098,0.99438202247191,0.9929186879457556,0.0035087719298245,1.0,0.6880000000000001,0.775818181818182,1.0,0.4,0.0,0.0558176685115216,0.1551637727056695,0.1855742275793186,0.07
626,625,1,0.2112501887086906,0,0.3,0.74,0.1076115485564304,0.3333333333333333,0.6842105263157895,0.2200248658625259,0.2200248658625259,0.5,0.556923076923077,0.9982456140350876,0.9824928356098106,0.0,1.0,0.7107438016528926,0.7747131170426625,0.8648648648648649,0.6,1.0,0.870097992002334,0.7908951141445257,0.8115057616009967,0.66
627,626,1,0.3640177852507477,1,0.3,0.88,0.1076115485564304,0.3333333333333333,0.4736842105263157,0.2714015230267496,0.2714015230267496,0.5,0.4233447941461695,0.9964912280701754,0.962067525719389,0.0056179775280898,0.9912280701754386,0.7610619469026548,0.837197640117994,0.96,0.8,0.0,0.7239946010099505,0.7896516273624135,0.8322470601231498,0.67
628,627,1,0.0719479464193826,0,0.0,0.92,0.1076115485564304,0.3333333333333333,0.3157894736842105,0.1740221570441366,0.1740221570441366,0.0,0.0,0.9789473684210528,0.985115249954428,0.0,0.9912280701754386,0.6771653543307087,0.7485033120859893,0.9285714285714286,1.0,1.0,0.9381691792330616,0.8147492169984172,0.8153939252522255,1.0
629,628,1,0.1645655599953851,0,0.1,0.84,0.2816901408450704,1.0,0.3684210526315789,0.2291833023861746,0.2291833023861746,0.0,0.3717131904324821,0.987719298245614,0.9329847183388572,0.0,0.9912280701754386,0.7027027027027026,0.7512310627406541,0.8807339449541284,0.8,1.0,0.8424397228394087,0.7903336670077048,0.8198332501805754,0.76
630,629,1,0.2077405140131802,0,0.2,0.92,0.1076115485564304,0.3333333333333333,0.5263157894736842,0.3570654075660333,0.3570654075660333,0.5,0.4688796680497925,0.9947368421052633,0.945876141389438,0.0056179775280898,0.987719298245614,0.7111111111111111,0.7753981906218145,0.8125,0.8,1.0,0.5876193284230016,0.8260659019337623,0.819871685564155,0.72
631,630,1,0.1535285566681911,0,0.3,0.88,0.1076115485564304,0.3333333333333333,0.4736842105263157,0.2796598661102801,0.2796598661102801,0.0,0.2925812908094628,0.987719298245614,0.9335376116697596,0.0,0.9929824561403509,0.7610619469026548,0.8083902109879844,0.8727272727272728,0.8,1.0,0.7688763555829784,0.8147068642119045,0.8252454401959705,0.87
632,631,1,0.1134983054347896,0,0.0,0.78,0.2542372881355932,0.6666666666666666,0.2105263157894736,0.243036481963673,0.243036481963673,0.0,0.0951206715634838,0.975438596491228,0.9610610398172148,0.0,0.9894736842105264,0.6771653543307087,0.7078067399378043,0.7741935483870969,1.0,1.0,0.8086420079352871,0.7004740284710148,0.8172274643182942,0.9926666666666668
633,632,1,0.2023307520609364,0,0.2,0.94,0.2542372881355932,0.6666666666666666,0.4210526315789473,0.2229813110999201,0.2229813110999201,1.0,0.5610561056105611,0.9982456140350876,0.9848866440325782,0.0,0.9964912280701754,0.6880000000000001,0.7409696969696971,0.8,0.6,1.0,0.8609771493467175,0.7843712450133197,0.842500426607678,0.6981666666666666
634,633,1,0.2240985926047362,1,0.5,0.74,0.1076115485564304,0.3333333333333333,0.4210526315789473,0.4899725416964886,0.4899725416964886,0.3333333333333333,0.5100924989701532,0.9982456140350876,0.9530247372408766,0.0056179775280898,0.9947368421052633,0.8205128205128205,0.8716115201263717,0.9629629629629632,0.8,1.0,0.2788901998202789,0.783025269493965,0.8034929750573385,0.99
635,634,1,0.4675336419088657,3,0.4,1.0,0.1076115485564304,0.3333333333333333,0.4210526315789473,0.1510195586440516,0.1510195586440516,1.0,0.642512077294686,0.9982456140350876,0.9922155765754548,0.0056179775280898,1.0,0.6880000000000001,0.7786153846153847,1.0,0.4,0.0,0.96157128347557,0.8353875117782023,0.8178393532930331,0.18
636,635,1,0.4504131332425909,2,0.2,0.92,0.1076115485564304,0.3333333333333333,0.5263157894736842,0.5160616501308501,0.5160616501308501,0.0,0.4668835696026029,0.9929824561403509,0.9116020164016548,0.0,0.9929824561403509,0.7111111111111111,0.8442640692640693,0.9285714285714286,0.8,0.0,0.1702825963708896,0.7985001183804776,0.8187384857930873,0.71
637,636,1,0.0882811483226535,0,0.1,0.72,0.2816901408450704,1.0,0.3157894736842105,0.2294282082036058,0.2294282082036058,0.0,0.0,0.9842105263157894,0.946618493846675,0.0,0.987719298245614,0.7107438016528926,0.7718554173099628,0.9230769230769232,1.0,1.0,0.8178089573922445,0.7985778461371112,0.8539263065347226,1.0
638,637,1,0.0624389283671923,0,0.1,0.74,0.1076115485564304,0.3333333333333333,0.6842105263157895,0.155281889826094,0.155281889826094,0.0,0.4302533172496984,0.9912280701754386,0.9708653782097308,0.0,0.9842105263157894,0.7350427350427351,0.8244783244783246,0.9629629629629632,1.0,1.0,0.9380215990284247,0.8482124848103365,0.8391323459580848,1.0
639,638,1,0.0911403946314223,0,0.1,0.74,0.1076115485564304,0.3333333333333333,0.4210526315789473,0.1716016808920474,0.1716016808920474,0.0,0.1697247706422018,0.9964912280701754,0.9795669172516592,0.0,0.9894736842105264,0.6991869918699187,0.7834170253467241,0.9285714285714286,1.0,1.0,0.9420455331383132,0.8286836717905403,0.8174284272826122,0.865
640,639,2,0.9040583791047696,6,0.9,1.0,0.8923884514435696,0.3333333333333333,0.4736842105263157,0.7338424012877406,0.7338424012877406,1.0,0.7329825220823154,0.99438202247191,0.955508375059889,0.0070175438596491,1.0,0.7111111111111111,0.7614337512291052,0.8125,0.0,0.0,0.1775126821639801,0.103082914989348,0.1550541282180547,0.14
641,640,2,0.8686820980557907,6,0.7,1.0,0.8923884514435696,0.3333333333333333,0.5263157894736842,0.7920955728314096,0.7920955728314096,0.5,0.4931506849315068,0.9887640449438202,0.9820020152183732,0.0017543859649122,0.99438202247191,0.7478260869565216,0.8509538598047914,0.979591836734694,0.2,0.0,0.1100248856894658,0.1498659231406135,0.1480166028351766,0.18
642,641,1,0.1129986721183297,0,0.1,0.8,0.1076115485564304,0.3333333333333333,0.4736842105263157,0.212765258877112,0.212765258877112,0.5,0.6666666666666667,0.9982456140350876,0.982491255030708,0.0,0.9912280701754386,0.7107438016528926,0.8033948600101198,0.979591836734694,1.0,1.0,0.8577133871840266,0.8315088238986686,0.812785756207326,0.82
643,642,1,0.3072626463431586,1,0.3,0.88,0.1076115485564304,0.3333333333333333,0.7368421052631579,0.1808340217790494,0.1808340217790494,0.0,0.3333333333333333,0.9929824561403509,0.9639812300835824,0.0,0.9982456140350876,0.7226890756302521,0.8220588235294117,0.9285714285714286,0.8,0.0,0.9285488283759606,0.8349077796037602,0.8229675139613281,0.77
644,643,1,0.1583169666154393,0,0.1,0.98,0.1076115485564304,0.3333333333333333,0.8947368421052632,0.1854687151751476,0.1854687151751476,0.0,0.3609022556390978,0.9964912280701754,0.9897072052034837,0.0,1.0,0.7107438016528926,0.8017320540831513,0.896551724137931,0.8,1.0,0.9267154798380122,0.8339838028379966,0.8193989176313553,0.67
645,644,2,0.9402955554386464,6,1.0,0.84,0.8923884514435696,0.3333333333333333,0.3684210526315789,0.8563842759383928,0.8563842759383928,1.0,0.9999999999999264,0.99438202247191,1.0,0.0789473684210526,1.0,0.6771653543307087,0.761141599724277,0.9629629629629632,0.0,0.0,0.0448128136366417,0.1287584233743403,0.1846554303571393,0.0
646,645,1,0.0984469814309333,0,0.1,0.84,0.1076115485564304,0.3333333333333333,0.3684210526315789,0.1436157240616071,0.1436157240616071,0.0,0.0,0.9929824561403509,1.0,0.0,0.9824561403508772,0.6771653543307087,0.761141599724277,0.9629629629629632,1.0,0.875,0.9680135745817338,0.8599048202160781,0.8173916552335273,0.8890080613830613
647,646,1,0.1084279118382506,0,0.1,0.84,0.1076115485564304,0.3333333333333333,0.3684210526315789,0.1436157240616071,0.1436157240616071,0.0,0.0,0.9929824561403509,1.0,0.0,0.9543859649122808,0.6771653543307087,0.761141599724277,0.9629629629629632,1.0,0.8571428571428571,0.9586087767381368,0.8665882150554913,0.8050455049868361,0.8620471750471748
648,647,1,0.1277394051422957,0,0.1,0.88,0.2542372881355932,0.6666666666666666,0.3684210526315789,0.2401702052035942,0.2401702052035942,0.0,0.3400138781174742,0.987719298245614,0.961773696690868,0.0,0.9947368421052633,0.6771653543307087,0.7266477333720035,0.8495575221238937,0.8,1.0,0.8667104025179936,0.7801453588001173,0.846707807828114,0.94
649,648,1,0.0769453325768284,0,0.0,0.84,0.1076115485564304,0.3333333333333333,0.3157894736842105,0.1711131075383514,0.1711131075383514,0.0,0.0,0.9771929824561404,0.9716975872365952,0.0,0.987719298245614,0.6880000000000001,0.7712648083623694,0.9285714285714286,1.0,1.0,0.930708342216378,0.8479789444131381,0.8396407179095136,0.92
650,649,1,0.2550952182212592,0,0.3,0.96,0.1076115485564304,0.3333333333333333,0.4736842105263157,0.1640952670814508,0.1640952670814508,0.25,0.4931506849315068,0.9964912280701754,0.9808271909138015,0.0,0.9929824561403509,0.7478260869565216,0.8546537842190016,0.9629629629629632,0.6,0.5,0.899111466121268,0.8536862708797084,0.8669642870048008,0.7496666666666667
651,650,1,0.1220112164847614,0,0.1,0.96,0.1076115485564304,0.3333333333333333,0.3684210526315789,0.2050835572001299,0.2050835572001299,1.0,0.0,0.987719298245614,0.9827640789334834,0.0,0.9964912280701754,0.6666666666666666,0.7251824817518248,0.8666666666666667,0.8,1.0,0.8728653776646534,0.8072478822210734,0.810629686515949,0.9771897546897548
652,651,1,0.0951229578261041,0,0.2,0.98,0.1076115485564304,0.3333333333333333,0.5789473684210527,0.1304786640248061,0.1304786640248061,0.0,0.5,0.9964912280701754,0.985144982870116,0.0,0.9964912280701754,0.7107438016528926,0.7811905041298366,0.896551724137931,0.8,1.0,0.9729073138167332,0.8814135889280921,0.8291080169652152,0.9458333333333334
653,652,1,0.4303555687898116,3,0.3,0.74,0.1076115485564304,0.3333333333333333,0.4210526315789473,0.1424396964549923,0.1424396964549923,1.0,0.0,0.9964912280701754,0.9918134200307052,0.0,0.9929824561403509,0.6991869918699187,0.7903342366757002,0.9629629629629632,0.4,0.0,0.9698715164747492,0.8591591037940164,0.8213359669923642,0.3675
654,653,1,0.0823073778850879,0,0.1,0.88,0.2542372881355932,0.6666666666666666,0.3684210526315789,0.237719623088516,0.237719623088516,0.0,0.1008230452674896,0.9859649122807016,0.9620762930508776,0.0,0.9947368421052633,0.6771653543307087,0.7311935146037779,0.8275862068965516,1.0,1.0,0.8712642129214223,0.7960954139316156,0.8387961058364343,1.0
655,654,1,0.4078987276279021,2,0.4,1.0,0.1076115485564304,0.3333333333333333,0.4736842105263157,0.1422135874693756,0.1422135874693756,1.0,0.5647058823529412,0.9982456140350876,0.9921017493340072,0.0056179775280898,0.9912280701754386,0.6880000000000001,0.7767407407407407,0.9629629629629632,0.6,0.0,0.937585464143099,0.8640613468302686,0.8322941565925531,0.3186666666666666
656,655,1,0.1523023223934952,1,0.2,0.8200000000000001,0.1076115485564304,0.3333333333333333,0.3684210526315789,0.4645790934002427,0.4645790934002427,0.0,0.3367151325684963,0.9929824561403509,0.9183556412294936,0.0,0.9929824561403509,0.7804878048780488,0.8536033165974293,0.896551724137931,1.0,1.0,0.4130446406966277,0.8430558323286512,0.8300855926137493,1.0
657,656,1,0.0974279299132786,0,0.1,0.88,0.2542372881355932,0.6666666666666666,0.3684210526315789,0.2374212677538266,0.2374212677538266,0.0,0.0915887850467289,0.9859649122807016,0.9576438664634678,0.0,0.9947368421052633,0.6771653543307087,0.7329926150535531,0.8347826086956522,1.0,1.0,0.8216924653312223,0.7726440401159815,0.8510959150731245,0.97
658,657,1,0.4129111393575521,2,0.3,0.98,0.1076115485564304,0.3333333333333333,0.5263157894736842,0.1630218122672905,0.1630218122672905,0.0,0.999999999999904,0.9982456140350876,1.0,0.0056179775280898,0.9947368421052633,0.7478260869565216,0.8646537842190016,1.0,0.6,0.0,0.9368779829266936,0.8685835768666728,0.8270716040613216,0.29
659,658,1,0.0794530661983768,0,0.0,0.74,0.1076115485564304,0.3333333333333333,0.4210526315789473,0.1707597465104801,0.1707597465104801,0.0,0.169344292919858,0.963157894736842,0.95984811543949,0.0,0.9842105263157894,0.6880000000000001,0.7761428571428572,0.9285714285714286,1.0,1.0,0.917267508504342,0.8455528919340589,0.8054612023713381,0.955
660,659,1,0.0988719318046755,0,0.1,0.88,0.1076115485564304,0.3333333333333333,0.7368421052631579,0.1535108521972863,0.1535108521972863,0.0,0.1831775700934579,0.9912280701754386,0.9582370125090078,0.0,0.9982456140350876,0.7350427350427351,0.845885870638346,0.9629629629629632,0.8,1.0,0.916363943113403,0.8660612814414614,0.8568431846170818,0.9675
661,660,1,0.139790569180508,0,0.2,0.98,0.1076115485564304,0.3333333333333333,0.5789473684210527,0.1364149041739986,0.1364149041739986,0.0,0.4517647058823528,0.9912280701754386,0.9731665871480716,0.0,0.9964912280701754,0.7107438016528926,0.7999041385002769,0.9285714285714286,0.8,1.0,0.9695931176370132,0.8806817723474938,0.8108150282657778,0.7001666666666666
662,661,1,0.0602994461946907,0,0.0,0.6,0.1076115485564304,0.3333333333333333,0.3157894736842105,0.1298754142611755,0.1298754142611755,0.0,0.0,0.9614035087719298,0.982644459353032,0.0,0.968421052631579,0.6771653543307087,0.7473359928152218,0.896551724137931,1.0,1.0,0.9744848907462256,0.8957215535408772,0.8156635452114193,0.9523333333333334
663,662,1,0.3560178584905807,2,0.4,0.98,0.1076115485564304,0.3333333333333333,0.4210526315789473,0.1291084230585196,0.1291084230585196,0.0,0.999999999999808,0.9982456140350876,1.0,0.0056179775280898,0.9982456140350876,0.6880000000000001,0.7601379310344828,0.896551724137931,0.8,0.0,0.9792685935444412,0.8901064123461736,0.8054269340749913,0.389090909090909
664,663,1,0.1798191536864036,0,0.2,1.0,0.1076115485564304,0.3333333333333333,0.4736842105263157,0.1961103520359649,0.1961103520359649,0.5,0.6384180790960452,0.9982456140350876,0.9780774571825336,0.0056179775280898,0.9842105263157894,0.7478260869565216,0.8094457311295925,0.9285714285714286,0.8,1.0,0.8957885622346297,0.8850008176723874,0.8102956979745607,0.53
665,664,1,0.1092774639972075,0,0.2,0.74,0.1076115485564304,0.3333333333333333,0.3684210526315789,0.1797258953433885,0.1797258953433885,0.0,0.0,0.9964912280701754,1.0,0.0,1.0,0.6666666666666666,0.7432539682539683,0.9285714285714286,1.0,0.8888888888888888,0.9301527509200878,0.8370251239738413,0.815027762368246,0.8732406898656897
666,665,1,0.1092774639972075,0,0.2,0.74,0.1076115485564304,0.3333333333333333,0.3684210526315789,0.1797258953433885,0.1797258953433885,0.0,0.0,0.9982456140350876,1.0,0.0,1.0,0.6666666666666666,0.7432539682539683,0.9285714285714286,1.0,0.8888888888888888,0.9301527509200878,0.8370251239738413,0.815027762368246,0.8732406898656897
667,666,1,0.1868984206554312,0,0.2,0.74,0.1076115485564304,0.3333333333333333,0.3684210526315789,0.1797258953433885,0.1797258953433885,0.0,0.0,0.9964912280701754,1.0,0.0,1.0,0.6666666666666666,0.7432539682539683,0.9285714285714286,0.8,0.7777777777777778,0.8777691727778343,0.8307343269321135,0.8253458563605027,0.7669823422191838
668,667,2,0.8907225360027924,6,0.9,0.74,0.8923884514435696,0.3333333333333333,0.3684210526315789,0.8202741046566114,0.8202741046566114,1.0,0.0,0.99438202247191,1.0,0.0210526315789473,1.0,0.6666666666666666,0.7432539682539683,0.9285714285714286,0.0,0.1111111111111111,0.0698472490799119,0.1629748760261586,0.1849722376317539,0.1267593101343101
669,668,1,0.1092774639972075,0,0.2,0.74,0.1076115485564304,0.3333333333333333,0.3684210526315789,0.1797258953433885,0.1797258953433885,0.0,0.0,0.9964912280701754,1.0,0.0,1.0,0.6666666666666666,0.7432539682539683,0.9285714285714286,1.0,0.8888888888888888,0.9301527509200878,0.8370251239738413,0.815027762368246,0.8732406898656897
670,669,2,0.9096667619217162,6,1.0,1.0,0.7457627118644068,0.6666666666666666,0.631578947368421,0.7882965299552929,0.7882965299552929,1.0,0.9384860719981,0.99438202247191,0.9903457787410108,0.0245614035087719,1.0,0.6880000000000001,0.7180227831136923,0.7933884297520662,0.0,0.0,0.1587961952688405,0.1377468280939035,0.1354564051069585,0.11
671,670,1,0.089452978362236,0,0.1,1.0,0.2542372881355932,0.6666666666666666,0.631578947368421,0.2100960750680008,0.2100960750680008,1.0,0.8112244897959184,0.9982456140350876,0.9892117046756222,0.0056179775280898,0.9894736842105264,0.6880000000000001,0.7147976268951879,0.7804878048780488,1.0,1.0,0.8453149504633565,0.8672603933456158,0.8607067860176115,0.89
672,671,1,0.1001985836176698,0,0.1,0.0,0.1076115485564304,0.3333333333333333,0.2105263157894736,0.1291530592434979,0.1291530592434979,1.0,0.0,0.9964912280701754,0.9894053576817914,0.0,0.9964912280701754,0.6991869918699187,0.7771212574779167,0.896551724137931,0.8,1.0,0.9793334217556628,0.8923623252956017,0.8071127512427172,0.92
673,672,1,0.1146337114462711,0,0.0,0.8200000000000001,0.1076115485564304,0.3333333333333333,0.3684210526315789,0.3942207595286178,0.3942207595286178,0.0,0.2618370175822573,0.9771929824561404,0.8587310507558754,0.0,0.9912280701754386,0.7218045112781954,0.8303316331114574,0.896551724137931,1.0,1.0,0.6511208278473064,0.8773551173020279,0.8337217861730389,0.95
674,673,1,0.1681167086234132,0,0.2,0.8200000000000001,0.1076115485564304,0.3333333333333333,0.3684210526315789,0.3252525443221488,0.3252525443221488,0.0,0.3244587081318085,0.9929824561403509,0.8906101894650549,0.0,0.9912280701754386,0.7441860465116279,0.8276601708177296,0.896551724137931,0.8,1.0,0.7006660519805671,0.8809420720840913,0.8196916241948624,0.79
675,674,1,0.1004724127401583,0,0.2,0.8200000000000001,0.1076115485564304,0.3333333333333333,0.3684210526315789,0.1626167213793933,0.1626167213793933,0.0,0.3944450973479061,0.9894736842105264,0.9089988579233044,0.0,0.9964912280701754,0.7747747747747747,0.8337475406440924,0.896551724137931,0.8,1.0,0.9438472086230952,0.8900952646563607,0.833223050279594,0.93
676,675,1,0.1094142491014609,0,0.1,0.98,0.1076115485564304,0.3333333333333333,0.3684210526315789,0.1290493885381265,0.1290493885381265,0.5,0.5,0.9964912280701754,0.9921202519954712,0.0,0.987719298245614,0.6880000000000001,0.7632598822539951,0.896551724137931,0.8,1.0,0.981137464011413,0.9025764203991892,0.8391339543139656,0.8206666666666667
677,676,1,0.053020031556293,0,0.1,0.74,0.1076115485564304,0.3333333333333333,0.4210526315789473,0.1419221836171177,0.1419221836171177,0.0,0.0,0.9824561403508772,0.9761568271914388,0.0,0.9824561403508772,0.6880000000000001,0.7847407407407407,0.9629629629629632,1.0,1.0,0.9661740340745614,0.8912023281249067,0.8405034484627736,0.984
678,677,1,0.2978487722653685,1,0.3,0.62,0.1076115485564304,0.3333333333333333,0.2631578947368421,0.4485581387825852,0.4485581387825852,0.0,0.3491031574980273,0.9947368421052633,0.8108978306986929,0.0,1.0,0.7222222222222222,0.8651433691756271,0.9247311827956988,0.8,1.0,0.0860878245845187,0.7624194274481607,0.7844001143751097,0.78
679,678,1,0.2828171274056971,1,0.1,0.7,0.1076115485564304,0.3333333333333333,0.3157894736842105,0.1778182581610642,0.1778182581610642,0.0,0.2490827090658921,0.9894736842105264,0.9396803954377292,0.0,0.9789473684210528,0.7350427350427351,0.7980113321022413,0.9285714285714286,0.8,0.0,0.9195151945274468,0.9110936432716592,0.8158217311000453,0.8566666666666666
680,679,1,0.2815755312226495,1,0.1,1.0,0.1076115485564304,0.3333333333333333,0.7368421052631579,0.141777414561131,0.141777414561131,0.0,0.3379310344827585,0.9912280701754386,0.98408595020587,0.0,0.9859649122807016,0.6880000000000001,0.7881305712492154,0.9629629629629632,0.8,0.0,0.9566585996749868,0.8866263591881525,0.8172618538009633,0.85
681,680,2,0.9445465055121384,6,0.9,0.98,0.8923884514435696,0.3333333333333333,0.3684210526315789,0.8084867222673514,0.8084867222673514,1.0,0.5258580812286058,0.99438202247191,0.9269228904599082,0.0105263157894736,1.0,0.787878787878788,0.8231410772989499,0.8349514563106797,0.0,0.0,0.0726640867134142,0.1041696773117368,0.1558872029020196,0.0
682,681,1,0.4107204920328852,2,0.2,0.88,0.2542372881355932,0.6666666666666666,0.3684210526315789,0.2313367628127877,0.2313367628127877,0.5,0.5,0.9982456140350876,0.9771862448030442,0.0,0.9982456140350876,0.6771653543307087,0.7642969628796401,0.9600000000000002,0.6,0.0,0.7937215707242556,0.8223967557424341,0.8795587213359993,0.44
683,682,1,0.0679067840495291,0,0.0,0.74,0.1076115485564304,0.3333333333333333,0.4210526315789473,0.1730535873134447,0.1730535873134447,0.0,0.1124620060790273,0.980701754385965,0.968337076911161,0.0,0.9842105263157894,0.6771653543307087,0.769072641746228,0.9285714285714286,1.0,1.0,0.93965333376169,0.8624555485173586,0.8204504134237773,0.97
684,683,1,0.3644397245899416,1,0.3,1.0,0.1076115485564304,0.3333333333333333,0.9473684210526316,0.1688897619825662,0.1688897619825662,0.6666666666666666,0.6509433962264151,0.9982456140350876,0.9871426038650198,0.0112359550561797,0.9964912280701754,0.6880000000000001,0.7963263433813893,0.9285714285714286,0.6,0.0,0.944250688085277,0.8791864170990282,0.8199245472760442,0.57
685,684,1,0.0499421922533457,0,0.0,0.0,0.1076115485564304,0.3333333333333333,0.2105263157894736,0.1289054585949527,0.1289054585949527,0.0,0.3930618002292162,0.980701754385965,0.9683422504155812,0.0,0.9912280701754386,0.6991869918699187,0.7861208075004156,0.896551724137931,1.0,1.0,0.9639523389006364,0.8982027536653322,0.8381917539139571,1.0
686,685,1,0.0570261507334523,0,0.1,0.62,0.1076115485564304,0.3333333333333333,0.2631578947368421,0.1162286882174163,0.1162286882174163,0.0,0.3260959986689959,0.9912280701754386,0.9416236704810768,0.0,0.9947368421052633,0.7350427350427351,0.780920060331825,0.8888888888888888,1.0,1.0,0.9953065798169652,0.904434233912917,0.8331022818694046,0.925
687,686,1,0.0591183157640697,0,0.1,0.7,0.1076115485564304,0.3333333333333333,0.3157894736842105,0.154803867306821,0.154803867306821,0.0,0.1994125026773966,0.9824561403508772,0.9203788123162694,0.0,0.9771929824561404,0.7350427350427351,0.8142426789967774,1.0,1.0,1.0,0.9465993686846668,0.9258037435354644,0.8128869931954498,0.96
688,687,1,0.1798206456195945,0,0.1,0.92,0.1076115485564304,0.3333333333333333,0.4736842105263157,0.1311229469726228,0.1311229469726228,0.0,0.2562821974910535,0.9859649122807016,0.9514957528006894,0.0,0.9929824561403509,0.7226890756302521,0.8354824688496089,1.0,0.8,0.5,0.9800863240135614,0.9235613907154864,0.8459284115533846,0.8715
689,688,1,0.0475737648281691,0,0.1,0.74,0.1076115485564304,0.3333333333333333,0.6842105263157895,0.1413470167985848,0.1413470167985848,0.0,0.2525773195876288,0.9859649122807016,0.9754649203238722,0.0,0.987719298245614,0.6880000000000001,0.7971301212717142,0.9629629629629632,1.0,1.0,0.9671720867649626,0.9079924176791804,0.8393929065868428,1.0
690,689,1,0.058926912696862,0,0.0,0.7,0.1076115485564304,0.3333333333333333,0.3157894736842105,0.1466708071673917,0.1466708071673917,0.0,0.0,0.9596491228070176,0.9853823551198796,0.0,0.9438596491228072,0.6666666666666666,0.7558922558922558,0.9629629629629632,1.0,1.0,0.951882842291918,0.8837760463453518,0.8107796351815585,1.0
691,690,1,0.0603696574605155,0,0.0,0.7,0.1076115485564304,0.3333333333333333,0.3157894736842105,0.1466708071673917,0.1466708071673917,0.0,0.0,0.9596491228070176,0.9853823551198796,0.0,0.9438596491228072,0.6666666666666666,0.7558922558922558,0.9629629629629632,1.0,1.0,0.954083101963668,0.879795744655975,0.8039032086172628,1.0
692,691,1,0.0572710109767636,0,0.0,0.7,0.1076115485564304,0.3333333333333333,0.3157894736842105,0.1466708071673917,0.1466708071673917,0.0,0.0,0.9596491228070176,0.9853823551198796,0.0,0.9438596491228072,0.6666666666666666,0.7558922558922558,0.9629629629629632,1.0,1.0,0.9637168571718564,0.8775668350160126,0.8150902419515487,1.0
693,692,1,0.0536284923887123,0,0.0,0.7,0.1076115485564304,0.3333333333333333,0.3157894736842105,0.1466708071673917,0.1466708071673917,0.0,0.0,0.9596491228070176,0.9853823551198796,0.0,0.9438596491228072,0.6666666666666666,0.7558922558922558,0.9629629629629632,1.0,1.0,0.9581985514661252,0.8895065151072471,0.830523979094353,1.0
694,693,1,0.0572710109767636,0,0.0,0.7,0.1076115485564304,0.3333333333333333,0.3157894736842105,0.1466708071673917,0.1466708071673917,0.0,0.0,0.9596491228070176,0.9853823551198796,0.0,0.9438596491228072,0.6666666666666666,0.7558922558922558,0.9629629629629632,1.0,1.0,0.9637168571718564,0.8775668350160126,0.8150902419515487,1.0
695,694,1,0.0603696574605155,0,0.0,0.7,0.1076115485564304,0.3333333333333333,0.3157894736842105,0.1466708071673917,0.1466708071673917,0.0,0.0,0.9596491228070176,0.9853823551198796,0.0,0.9438596491228072,0.6666666666666666,0.7558922558922558,0.9629629629629632,1.0,1.0,0.954083101963668,0.879795744655975,0.8039032086172628,1.0
696,695,2,0.9512143913435528,6,0.9,0.98,0.8923884514435696,0.3333333333333333,0.3684210526315789,0.8721085724412353,0.8721085724412353,1.0,0.6175637393767706,0.99438202247191,0.9679871851952224,0.0157894736842105,1.0,0.7350427350427351,0.814957264957265,0.9230769230769232,0.0,0.0,0.0162055981018654,0.0656736196470963,0.1558344341897216,0.055
697,696,1,0.0945588070727909,0,0.1,0.74,0.1076115485564304,0.3333333333333333,0.6842105263157895,0.1411481938922216,0.1411481938922216,0.25,0.0,0.9894736842105264,0.9836202782062544,0.0,0.987719298245614,0.6880000000000001,0.800956956956957,0.9629629629629632,0.8,1.0,0.9618269997592932,0.8984108097250645,0.8040760147455626,0.9683333333333334
698,697,1,0.0938215361699353,0,0.1,0.74,0.1076115485564304,0.3333333333333333,0.6842105263157895,0.1411481938922216,0.1411481938922216,0.0,0.0,0.9894736842105264,0.9836202782062544,0.0,0.987719298245614,0.6880000000000001,0.800956956956957,0.9629629629629632,0.8,1.0,0.9709709378357054,0.8994755950608582,0.8166242500838241,0.95
699,698,1,0.1154608040832166,0,0.2,0.92,0.1076115485564304,0.3333333333333333,0.4736842105263157,0.1329114860395126,0.1329114860395126,0.3333333333333333,0.4705882352941176,0.9964912280701754,0.9629845167283124,0.0056179775280898,0.9771929824561404,0.7350427350427351,0.8098411167376685,0.896551724137931,0.8,1.0,0.9661376627794618,0.9215410116808532,0.8295565010403847,0.79
700,699,1,0.3437115472387771,2,0.1,0.98,0.1076115485564304,0.3333333333333333,0.4736842105263157,0.1152292270727084,0.1152292270727084,0.0,0.999999999999808,0.9982456140350876,1.0,0.0056179775280898,0.9982456140350876,0.6771653543307087,0.7217591477535896,0.7679999999999999,0.8,0.0,0.9969126502328772,0.930362377280884,0.814273671509716,0.3961820175438596
701,700,1,0.0492018735004445,0,0.1,0.0,0.1076115485564304,0.3333333333333333,0.2105263157894736,0.1285060632785379,0.1285060632785379,0.0,0.1331032963805888,0.9824561403508772,0.9730663692288742,0.0,0.9666666666666668,0.6880000000000001,0.7843541472506991,0.896551724137931,1.0,1.0,0.9754982997924478,0.915961225014022,0.8133292341908627,1.0
702,701,1,0.0510729272933142,0,0.0,0.6,0.1076115485564304,0.3333333333333333,0.3157894736842105,0.131608388525604,0.131608388525604,0.0,0.0,0.9298245614035088,0.9683123026448162,0.0,0.968421052631579,0.6666666666666666,0.7420866489832006,0.896551724137931,1.0,1.0,0.9791183533535428,0.8995114229370004,0.8149326599495708,1.0
703,702,1,0.0468209992671216,0,0.0,0.6,0.1076115485564304,0.3333333333333333,0.3157894736842105,0.131608388525604,0.131608388525604,0.0,0.0,0.9298245614035088,0.9683123026448162,0.0,0.968421052631579,0.6666666666666666,0.7420866489832006,0.896551724137931,1.0,1.0,0.9769191367558564,0.9122861152279887,0.8298687524134248,1.0
704,703,1,0.0529305038689754,0,0.0,0.6,0.1076115485564304,0.3333333333333333,0.3157894736842105,0.131608388525604,0.131608388525604,0.0,0.0,0.9298245614035088,0.9683123026448162,0.0,0.968421052631579,0.6666666666666666,0.7420866489832006,0.896551724137931,1.0,1.0,0.9757839838032908,0.9027960804890072,0.8038369124938489,1.0
705,704,1,0.0529305038689754,0,0.0,0.6,0.1076115485564304,0.3333333333333333,0.3157894736842105,0.131608388525604,0.131608388525604,0.0,0.0,0.9298245614035088,0.9683123026448162,0.0,0.968421052631579,0.6666666666666666,0.7420866489832006,0.896551724137931,1.0,1.0,0.9757839838032908,0.9027960804890072,0.8038369124938489,1.0
706,705,1,0.0529305038689754,0,0.0,0.6,0.1076115485564304,0.3333333333333333,0.3157894736842105,0.131608388525604,0.131608388525604,0.0,0.0,0.9298245614035088,0.9683123026448162,0.0,0.968421052631579,0.6666666666666666,0.7420866489832006,0.896551724137931,1.0,1.0,0.9757839838032908,0.9027960804890072,0.8038369124938489,1.0
707,706,1,0.1293953796830836,0,0.1,1.0,0.1076115485564304,0.3333333333333333,0.5789473684210527,0.1428386391885547,0.1428386391885547,0.0,0.4336734693877551,0.9912280701754386,0.9759170579757313,0.0,0.9912280701754386,0.6771653543307087,0.7844516230343002,0.9629629629629632,0.8,1.0,0.9591059082449098,0.8981462923653325,0.8044780853938196,0.7618974358974359
708,707,1,0.0489426695952178,0,0.0,0.7,0.1076115485564304,0.3333333333333333,0.3157894736842105,0.1579514187634167,0.1579514187634167,0.0,0.2628935440401813,0.968421052631579,0.9137570232771473,0.0,0.975438596491228,0.6991869918699187,0.7817363530778165,0.9285714285714286,1.0,1.0,0.949284224769275,0.9408659187189164,0.8161938389405009,1.0
709,708,2,0.8473949274751842,6,0.8,1.0,0.8923884514435696,0.3333333333333333,0.631578947368421,0.829227522393628,0.829227522393628,1.0,0.5461393596986818,0.99438202247191,0.9810655285174332,0.0,1.0,0.6771653543307087,0.7929477565304337,0.9285714285714286,0.4,0.0,0.1101098133829269,0.1145872883784552,0.1539333333875124,0.137
710,709,1,0.0423981832593897,0,0.1,0.62,0.1076115485564304,0.3333333333333333,0.2631578947368421,0.1154681798321227,0.1154681798321227,0.0,0.3291044776119403,0.9929824561403509,0.94898221026919,0.0,0.9912280701754386,0.7226890756302521,0.7974189675870348,0.9795918367346936,1.0,1.0,0.9972843222605208,0.941447592858784,0.8068789853243571,1.0
711,710,1,0.0359797309897637,0,0.0,0.84,0.1076115485564304,0.3333333333333333,0.4210526315789473,0.1136753054102144,0.1136753054102144,0.0,0.0,0.9666666666666668,0.9853142733108003,0.0,0.9912280701754386,0.6771653543307087,0.7142601839404221,0.7804878048780488,1.0,1.0,0.998821194420788,0.9563724529351793,0.8289279667054507,1.0
712,711,1,0.074915484040746,0,0.1,0.62,0.1076115485564304,0.3333333333333333,0.2631578947368421,0.1137918671975123,0.1137918671975123,0.0,0.3214387577246078,0.9912280701754386,0.9484585962116636,0.0,0.9929824561403509,0.7222222222222222,0.7795238557469192,0.9504950495049505,0.8,1.0,0.9987816311424978,0.9555947985107852,0.8361306661022415,0.96
713,712,2,0.9440628470952492,6,0.9,0.98,0.8923884514435696,0.3333333333333333,0.631578947368421,0.857732979111639,0.857732979111639,1.0,0.9999999999999444,0.99438202247191,1.0,0.0175438596491228,1.0,0.6771653543307087,0.7955396341223113,0.9629629629629632,0.0,0.0,0.0344783055514306,0.0763098382429256,0.1648347736341478,0.06
714,713,1,0.0861161408814669,0,0.1,0.92,0.1076115485564304,0.3333333333333333,0.4736842105263157,0.1270323432593525,0.1270323432593525,1.0,0.5366299894348958,0.9982456140350876,0.9461134368791224,0.0,0.9824561403508772,0.7226890756302521,0.7744588468023648,0.896551724137931,0.8,1.0,0.9725126477882758,0.9477305358349778,0.8130599710879447,0.95
715,714,1,0.0507451472128087,0,0.0,0.0,0.1076115485564304,0.3333333333333333,0.2105263157894736,0.1269259578651673,0.1269259578651673,0.0,0.2159305523342499,0.975438596491228,0.9392620274737684,0.0,0.968421052631579,0.6991869918699187,0.8045006577386729,0.9230769230769232,1.0,1.0,0.9829162294403574,0.9385692135180028,0.8040436737647869,0.97
716,715,1,0.0707441826464445,0,0.0,0.92,0.1076115485564304,0.3333333333333333,0.4736842105263157,0.1265259435190185,0.1265259435190185,0.0,0.2017624124761298,0.9456140350877194,0.8881998133366765,0.0,0.9719298245614036,0.7107438016528926,0.7846380369891341,0.896551724137931,1.0,1.0,0.9843748382216418,0.9464441684242888,0.8047158974754023,0.84
717,716,1,0.0818569282431816,0,0.1,0.84,0.1076115485564304,0.3333333333333333,0.4210526315789473,0.1152031862460822,0.1152031862460822,0.25,0.2033195020746887,0.9859649122807016,0.9849997466173416,0.0,0.980701754385965,0.6771653543307087,0.7297591477535896,0.8,0.8,1.0,0.997394821784548,0.943035368789682,0.8050949066333458,0.9633333333333334
718,717,1,0.0457923938572363,0,0.0,0.0,0.1076115485564304,0.3333333333333333,0.2105263157894736,0.1150380835783706,0.1150380835783706,0.0,0.0,0.9736842105263158,0.9637537735660447,0.0,0.9614035087719298,0.6880000000000001,0.7513926868044516,0.8648648648648649,1.0,1.0,0.9960861049333848,0.9474384567258968,0.8117210751973007,0.97
719,718,1,0.0379569899045925,0,0.0,0.0,0.1076115485564304,0.3333333333333333,0.2105263157894736,0.1150380835783706,0.1150380835783706,0.0,0.0,0.9736842105263158,0.9637537735660447,0.0,0.9614035087719298,0.6880000000000001,0.7513926868044516,0.8648648648648649,1.0,1.0,0.9973398159572616,0.9549065526722316,0.8300116919429509,0.99
720,719,1,0.0465878926769547,0,0.2,0.62,0.1076115485564304,0.3333333333333333,0.2631578947368421,0.1141469961655929,0.1141469961655929,0.0,0.1819112217049285,0.9859649122807016,0.8860343347879445,0.0,0.9912280701754386,0.7222222222222222,0.7631642512077293,0.8347826086956521,1.0,1.0,0.997273007690412,0.9586898502007868,0.8095097860470726,0.955
721,720,1,0.0404390079788066,0,0.0,0.0,0.1076115485564304,0.3333333333333333,0.2105263157894736,0.115010166697358,0.115010166697358,0.0,0.0,0.9666666666666668,0.95108065081892,0.0,0.963157894736842,0.6880000000000001,0.7573986928104576,0.8888888888888888,1.0,1.0,0.9946166524026224,0.9476838664651488,0.825065433259389,0.99
722,721,1,0.0396959778549743,0,0.0,0.0,0.1076115485564304,0.3333333333333333,0.2105263157894736,0.1136032622067084,0.1136032622067084,0.0,0.147117296222664,0.963157894736842,0.9537873042044518,0.0,0.9666666666666668,0.6880000000000001,0.7407717717717718,0.8648648648648649,1.0,1.0,0.9991515067410188,0.9555590216410506,0.8071136044880843,1.0
723,722,1,0.0468830563656874,0,0.0,0.0,0.1076115485564304,0.3333333333333333,0.2105263157894736,0.1149900355336552,0.1149900355336552,0.0,0.1335740072202165,0.9596491228070176,0.9466794829360744,0.0,0.963157894736842,0.6880000000000001,0.7615915649278581,0.9056603773584908,1.0,1.0,0.9961114564116068,0.9518989405582616,0.810691264836007,0.96
724,723,1,0.038959402632937,0,0.0,0.0,0.1076115485564304,0.3333333333333333,0.2105263157894736,0.1136635583156464,0.1136635583156464,0.0,0.0,0.9771929824561404,0.9674847788990246,0.0,0.9771929824561404,0.6771653543307087,0.7225280632293845,0.8135593220338984,1.0,1.0,0.9983539068768056,0.956017519156871,0.8118721581687006,1.0
725,724,1,0.0657760204980034,0,0.1,0.7,0.1076115485564304,0.3333333333333333,0.4736842105263157,0.1154914655212339,0.1154914655212339,1.0,0.0,0.9929824561403509,1.0,0.0056179775280898,1.0,0.6666666666666666,0.7165098039215685,0.7679999999999999,1.0,0.9230769230769232,0.9964838275839072,0.9397639293978796,0.8153624301155394,0.9306567668377296
726,725,1,0.0739224788115304,0,0.1,0.7,0.1076115485564304,0.3333333333333333,0.4736842105263157,0.1154914655212339,0.1154914655212339,1.0,0.0,0.9947368421052633,1.0,0.0056179775280898,0.9771929824561404,0.6666666666666666,0.7165098039215685,0.7679999999999999,1.0,0.9090909090909092,0.9970773301687704,0.9439673207310934,0.8043026357381131,0.9020269314019312
727,726,1,0.3134400604578649,1,0.1,0.62,0.1076115485564304,0.3333333333333333,0.2631578947368421,0.1130585559856861,0.1130585559856861,0.5,0.5363123894169444,0.9982456140350876,0.9725863109139032,0.0056179775280898,0.9929824561403509,0.6842105263157894,0.7823971693940734,1.0,0.8,0.0,0.9990486266040596,0.959750637145802,0.8205603735029492,0.54
728,727,1,0.0657760204980034,0,0.1,0.7,0.1076115485564304,0.3333333333333333,0.4736842105263157,0.1154914655212339,0.1154914655212339,1.0,0.0,0.9929824561403509,1.0,0.0,1.0,0.6666666666666666,0.7165098039215685,0.7679999999999999,1.0,0.9230769230769232,0.9964838275839072,0.9397639293978796,0.8153624301155394,0.9306567668377296
729,728,1,0.0399540829032916,0,0.1,0.7,0.1076115485564304,0.3333333333333333,0.4736842105263157,0.1154914655212339,0.1154914655212339,1.0,0.0,0.9929824561403509,1.0,0.0,1.0,0.6666666666666666,0.7165098039215685,0.7679999999999999,1.0,1.0,0.9940169047352804,0.9416461132569942,0.8246124845879759,1.0
730,729,1,0.0377999189465264,0,0.0,0.0,0.1076115485564304,0.3333333333333333,0.2105263157894736,0.1135882725149176,0.1135882725149176,0.0,0.0602605863192181,0.9543859649122808,0.936837472605295,0.0,0.963157894736842,0.6880000000000001,0.7488546209761162,0.8971962616822429,1.0,1.0,0.9988206771157602,0.9554143956813992,0.8189654135236816,1.0
731,730,1,0.0480841176046324,0,0.0,0.0,0.1076115485564304,0.3333333333333333,0.2105263157894736,0.1151518395008247,0.1151518395008247,0.0,0.1548183254344391,0.9649122807017544,0.9570515143165236,0.0,0.9614035087719298,0.6771653543307087,0.7421485282845631,0.8495575221238937,1.0,1.0,0.995974861299543,0.951252687541076,0.8109344121982526,0.9533333333333333
732,731,1,0.0457796309684811,0,0.0,0.7,0.1076115485564304,0.3333333333333333,0.3157894736842105,0.1337961294432479,0.1337961294432479,0.0,0.1697247706422018,0.975438596491228,0.8997669063528614,0.0,0.9736842105263158,0.6880000000000001,0.7767407407407407,0.9629629629629632,1.0,1.0,0.9605773411972792,0.9529873303805156,0.811757542611318,1.0
733,732,2,0.9653934091541124,6,1.0,0.7,0.8923884514435696,0.3333333333333333,0.4210526315789473,0.8862211426788186,0.8862211426788186,0.0,0.9999999999998328,0.99438202247191,1.0,0.0368421052631578,1.0,0.6666666666666666,0.709010840108401,0.7804878048780488,0.0,0.0,0.0013382383095815,0.037744341712385,0.1685569650533583,0.0
734,733,1,0.0629034881919072,0,0.1,0.7,0.1076115485564304,0.3333333333333333,0.4210526315789473,0.1137788573211814,0.1137788573211814,1.0,0.0,0.9894736842105264,1.0,0.0,0.9929824561403509,0.6666666666666666,0.709010840108401,0.7804878048780488,1.0,0.9285714285714286,0.9985252407376448,0.951180648358762,0.8166959262247386,0.9276058269559816
735,734,1,0.0346065908458873,0,0.1,0.7,0.1076115485564304,0.3333333333333333,0.4210526315789473,0.1137788573211814,0.1137788573211814,1.0,0.0,0.9894736842105264,1.0,0.0,0.9929824561403509,0.6666666666666666,0.709010840108401,0.7804878048780488,1.0,1.0,0.998661761690419,0.962255658287615,0.8314430349466418,1.0
736,735,1,0.0638189881463353,0,0.1,0.7,0.1076115485564304,0.3333333333333333,0.4210526315789473,0.1137788573211814,0.1137788573211814,1.0,0.0,0.9894736842105264,1.0,0.0,0.9964912280701754,0.6666666666666666,0.709010840108401,0.7804878048780488,1.0,0.9230769230769232,0.99821926219909,0.956987963245722,0.8114030628600621,0.9273988597401908
737,736,1,0.0629034881919072,0,0.1,0.7,0.1076115485564304,0.3333333333333333,0.4210526315789473,0.1137788573211814,0.1137788573211814,1.0,0.0,0.9912280701754386,1.0,0.0,0.9736842105263158,0.6666666666666666,0.709010840108401,0.7804878048780488,1.0,0.9285714285714286,0.9985252407376448,0.951180648358762,0.8166959262247386,0.9276058269559816
738,737,1,0.0657775605055951,0,0.1,0.7,0.1076115485564304,0.3333333333333333,0.4210526315789473,0.1137788573211814,0.1137788573211814,1.0,0.0,0.9894736842105264,1.0,0.0,0.9929824561403509,0.6666666666666666,0.709010840108401,0.7804878048780488,1.0,0.9230769230769232,0.9975882274674344,0.9534320741660144,0.8256591524525654,0.9055782598034916
739,738,1,0.0346065908458873,0,0.1,0.7,0.1076115485564304,0.3333333333333333,0.4210526315789473,0.1137788573211814,0.1137788573211814,1.0,0.0,0.9912280701754386,1.0,0.0,0.9719298245614036,0.6666666666666666,0.709010840108401,0.7804878048780488,1.0,1.0,0.998661761690419,0.962255658287615,0.8314430349466418,1.0
740,739,1,0.0730798829930071,0,0.1,0.0,0.1076115485564304,0.3333333333333333,0.2105263157894736,0.1135428489476153,0.1135428489476153,0.0,0.0846721464599289,0.987719298245614,0.9529943638325938,0.0,0.9736842105263158,0.6991869918699187,0.7750470106741885,0.979591836734694,0.8,1.0,0.9988428875527572,0.962275071412495,0.8204027430767041,0.98
741,740,1,0.0638189881463353,0,0.1,0.7,0.1076115485564304,0.3333333333333333,0.4210526315789473,0.1137788573211814,0.1137788573211814,1.0,0.0,0.9894736842105264,1.0,0.0,0.9964912280701754,0.6666666666666666,0.709010840108401,0.7804878048780488,1.0,0.9230769230769232,0.99821926219909,0.956987963245722,0.8114030628600621,0.9273988597401908
742,741,1,0.1268018289104614,0,0.1,0.62,0.1076115485564304,0.3333333333333333,0.2631578947368421,0.1136181066528609,0.1136181066528609,0.5,0.4578327548871288,0.9964912280701754,0.9446771801313678,0.0,0.9894736842105264,0.7164179104477613,0.7271814006888635,0.7350427350427351,0.8,1.0,0.9990861919725929,0.9830818323665914,0.8370210021980473,0.62
743,742,1,0.0448602115210863,0,0.1,0.0,0.1076115485564304,0.3333333333333333,0.2105263157894736,0.1235351697413101,0.1235351697413101,0.0,0.2512384821163183,0.9859649122807016,0.9126198156948444,0.0,0.9842105263157894,0.6880000000000001,0.7499561128526646,0.896551724137931,1.0,1.0,0.9885044241002257,0.9682133813488104,0.8141209254244459,0.96
744,743,1,0.041111227645484,0,0.0,0.0,0.1076115485564304,0.3333333333333333,0.2105263157894736,0.1136298006275023,0.1136298006275023,0.0,0.2510133993919603,0.9614035087719298,0.9417203311867526,0.0,0.9719298245614036,0.6771653543307087,0.7413604549431321,0.8888888888888888,1.0,1.0,0.9988999342653708,0.9703051673025122,0.8341275325592135,0.95
745,744,1,0.0391575329883396,0,0.0,0.0,0.1076115485564304,0.3333333333333333,0.2105263157894736,0.1149340970758155,0.1149340970758155,0.0,0.2695043532692197,0.9438596491228072,0.9096948322679586,0.0,0.975438596491228,0.6771653543307087,0.7746571069372632,0.979591836734694,1.0,1.0,0.9960877201449,0.9653088632429976,0.8136582186820641,0.99
746,745,1,0.034714281580039,0,0.0,0.0,0.1076115485564304,0.3333333333333333,0.2105263157894736,0.1134691222185939,0.1134691222185939,0.0,0.1566879220510504,0.9491228070175438,0.8895532168583282,0.0,0.980701754385965,0.6880000000000001,0.7467777777777778,0.8888888888888888,1.0,1.0,0.998480674712461,0.973331664080746,0.8199019717265582,1.0
747,746,1,0.0656646651470594,0,0.0,0.0,0.1076115485564304,0.3333333333333333,0.2105263157894736,0.1126632208602058,0.1126632208602058,0.0,0.0588235294117647,0.950877192982456,0.8665767033794295,0.0,0.9912280701754386,0.1015625,0.583023023753894,0.8971962616822429,0.8,1.0,0.9999999515707992,0.9933797469069868,0.8134656439731903,0.9991666666666668
748,747,1,0.03032635756669,0,0.0,0.0,0.1076115485564304,0.3333333333333333,0.2105263157894736,0.1126631993161104,0.1126631993161104,0.0,0.0446320933148304,0.9403508771929824,0.6552788786853552,0.0,0.9982456140350876,0.116591928251121,0.5658711459045882,0.8135593220338982,1.0,1.0,1.0,0.999926226897483,0.8281156277023767,0.99
