Row,knn,tree,nb,logreg,svm_rbf,rf,knn_hat,tree_hat,nb_hat,logreg_hat,svm_rbf_hat,rf_hat
1,0.06652123935287131,0.4208242836330374,0.6916530001949219,0.11749775978125922,0.3074721939815596,0.14340521145814336,0.0522524673963663,0.49404156268682325,0.652198262575181,0.1588587553215098,0.28138508715442123,0.13639444076498702
2,0.046514955104200104,0.5901497379058431,0.8314179464017022,0.4413639502606952,0.3693475114710534,0.1033216610654785,0.06264522214197955,0.6775778221258052,0.8245579700856178,0.32808072301941643,0.36579187181013934,0.14128122363846451
3,0.04491869083503799,0.15413585248889297,0.5167136327767535,0.05114141961116413,0.2516817764399095,0.13757920787430006,0.046685550150315176,0.22746879341808393,0.34963711577088596,0.0635998475470374,0.2029102166847725,0.11843668250920138
4,0.0992992512046795,0.1515250465246102,0.07040431573176155,0.12167086217520076,0.24918372432697372,0.06348824416462455,0.052274919328625255,0.10440457235184085,0.04635133478258927,0.12312420138789408,0.18556066749101943,0.05234491181694589
5,0.93986178298836,0.2797962075280863,0.9612703289097583,0.8369052563926475,0.7138184901980577,0.7333019610342391,0.8986420867353685,0.2313761357309673,0.8852497193767382,0.8589119600072745,0.7007360705087723,0.8074425202155827
6,0.24439792735951715,0.7858690624958646,2.7527686142594576e-06,2.1412872156460427e-06,0.10211004623530315,0.7784955645824183,0.1520930317298186,0.7070196039205062,1.1912365638208402e-06,1.588093110754457e-06,0.09408668139431066,0.8019073060989358
7,0.05592101075812078,0.13076522856429368,0.9617837446857227,0.9827655681319963,0.7953958874832153,0.08260098333929039,0.047355500199117745,0.10903202423556797,0.9669448948582815,0.9842399341201192,0.7903981932943834,0.07572886253145115
8,0.63155508799551,0.844979157027694,0.8211785284900149,0.2651811790414745,0.7134935877483497,0.908349120247658,0.8059533498351338,0.7957543517509549,0.8390207622922567,0.4683841401488425,0.6694888791427925,0.9268835598489288
9,0.9396822614863753,0.550910957045917,0.9389659808084241,0.9957114197284436,0.9283051834649738,0.8809728307348765,0.8942490076268207,0.5370644484220349,0.9010765329400272,0.9694435719856004,0.8795081426894095,0.8753182829229023
10,0.07014857483812824,0.775288578789201,0.03485486100475131,0.42421201054022734,0.35183789383091096,0.6306148357763514,0.06311259145599936,0.7238690708398888,0.02534736605671301,0.2699415148011742,0.3527401389088479,0.5885025182519898
11,0.8486200898886207,0.7947183693107017,0.9786847381759088,0.5761760678470087,0.8599739871960929,0.877069600109846,0.4893559136572909,0.7627809561328337,0.9481175432309189,0.859061374715703,0.820969830174796,0.8992866626497529
12,0.47277053169631744,0.771329967290526,4.351863234749958e-06,1.1837712617686359e-06,0.10032025973046566,0.6978551526561807,0.31919712652211585,0.7034978282221888,2.652644757071502e-06,2.5569592884852986e-06,0.11236543543606242,0.8308222115900489
13,0.12243895786122524,0.09174832468546143,0.995931305131471,0.998275964140297,0.9067665396612993,0.276221652530136,0.05619319896702599,0.10437914967697205,0.9943524543815712,0.9866031125793341,0.9040786339218642,0.1782206663163763
14,0.7452732369724716,0.6381062247081786,0.8085515987385643,0.4001378871176966,0.7591791455947281,0.9404184046972806,0.6181678547966178,0.7627036827506128,0.8391722173824164,0.635415196344361,0.7794399142588753,0.9095667016901541
15,0.05433184697709027,0.10010805755024609,0.9541934638555236,0.9829311697429789,0.8091284353381509,0.0777765191342119,0.046051346938352805,0.10431895631144997,0.9589492333357821,0.979505401726133,0.768535830117386,0.0762938089254999
16,0.29339091745366325,0.15015836922733478,0.9889437601371138,0.9963720073755361,0.8567507925905433,0.1054537139908997,0.052248257523977555,0.10438036914030745,0.989909635757595,0.9835949992944439,0.8569453125988932,0.08345540895941775
17,0.08867515051158298,0.4268734220404618,0.09300772572647438,0.573980283501631,0.43761051621108665,0.7534683175193589,0.052258071431632636,0.7626847814271246,0.0710507686793313,0.4284461718317508,0.400478083276734,0.6410277148703925
18,0.05035694378990093,0.33609310549290705,0.45135707694549493,0.0359379688256042,0.12872171966112847,0.09804766887896643,0.04892079013275647,0.14663680781059557,0.312899257289836,0.039104264501308134,0.16915023609225374,0.1076099381560772
19,0.04369141494925014,0.1244775439414177,0.9658867597798464,0.9780391187330346,0.7720646169301495,0.08665661235687794,0.046051346938352805,0.10431895631144997,0.9589492333357821,0.979505401726133,0.768535830117386,0.0762938089254999
20,0.057243913566018885,0.07696336647438837,0.9937210682497387,0.9937542396660533,0.8471015595045248,0.19408103014233294,0.05140436651742284,0.05972399688459805,0.9924808649869341,0.9692716803323176,0.8324491643876507,0.14776009128237713
21,0.9392397114209935,0.8572381052017387,0.9754095722195271,0.9685100192879008,0.8994492421109691,0.8782139922744814,0.9010336326697611,0.7475779875254037,0.9508700215397589,0.9747335929067893,0.9026172416771379,0.8786336296386916
22,0.06576632990395435,0.47052755782634703,0.022014783183452086,0.0473512639779905,0.08213365312430135,0.19090482203599657,0.04546191041880429,0.32823610366070155,0.01846801444405999,0.02798386285489317,0.08581781954498818,0.18763177815460974
23,0.3562397947579163,0.16688873945922478,0.9770967037476594,0.9837966511150135,0.8425373319184118,0.12464429805612497,0.1167789495104914,0.10442228036177312,0.9733939962628481,0.9894722988637789,0.827403824976285,0.10762820858035939
24,0.04831154540012914,0.12730142984878534,0.9478392231715624,0.9856317400997526,0.8049420766103609,0.06531624876647897,0.047347901299655215,0.10254378167601604,0.9557384329255196,0.9746500830941346,0.75517053802258,0.058020405699165
25,0.05926372668379376,0.42130657834263424,6.142419617852745e-06,3.125583659022681e-08,0.006183422786862638,0.08720306031861785,0.050727431532088814,0.536361903606289,0.0031354597568335352,2.1924404246553735e-07,0.009513810754222241,0.091437984830813
26,0.26496340676051305,0.7432798375066456,0.9362038599242262,0.5791828341444598,0.8262029530082812,0.8935604281712862,0.6622785571483978,0.7628871057824763,0.9480040504644417,0.8275197166171,0.7855775872415213,0.9118822689732907
27,0.8560642364156644,0.782276846114828,0.005470625298238902,1.6576870524771173e-05,0.15161775532645377,0.8355784604364848,0.897750450462738,0.7788596837987426,0.004839708216492275,1.2311526497360742e-05,0.1690253423354237,0.8609107405807219
28,0.6801737447539266,0.8945868695098118,0.061588595451956336,0.6607703895890609,0.5144389910120297,0.6608717442008767,0.6446884532547144,0.7991229426893716,0.08683534243249484,0.5182643795638825,0.5,0.668190251678376
29,0.05587675556692314,0.14218264369358527,0.970819558790536,0.9835143630177596,0.8992739905872235,0.052306537165286895,0.052247619566107635,0.10442224079905121,0.9653238181447801,0.9782386947597095,0.7779592779663752,0.04711109897265188
30,0.9372265706877229,0.8153010963451829,0.020358971095921875,0.005435105188957741,0.281850466681917,0.8949680772423048,0.9312263214246294,0.8173759881550866,0.0176947726579324,0.0070151061151867535,0.2816121309882499,0.9254416876055117
31,0.3865032564141171,0.8444969091552481,0.8561778184470875,0.5865431359028821,0.6673113410246422,0.8684614955485644,0.5210692553775359,0.894084549354372,0.8938336697193456,0.5917444272150312,0.6482759956249291,0.884927811831303
32,0.04476578476077835,0.11208731977675834,0.9840640247243061,0.9957135227212692,0.8850290335208466,0.11565856369472087,0.050891280007203485,0.08175333347478589,0.9789579608411123,0.9874552644423598,0.8407158519521031,0.10755991863132117
33,0.049733675078138674,0.13375857087580242,0.7482883076170205,0.8721406887321403,0.5707604317724962,0.09384717877727437,0.04029132027406275,0.06368567462867429,0.7828691580446144,0.8680252870129769,0.573746691164523,0.09784405334088647
34,0.2089948650490728,0.32130320290675024,0.9525508680348873,0.8468626702160216,0.648446737883259,0.2990474993874869,0.08348195241666555,0.12873736268213373,0.954689879402491,0.8052697866882029,0.5929420959312901,0.27799862647882095
35,0.22352157441908746,0.5872634213470292,0.06767078225081036,0.13142119366499977,0.21563991985885084,0.15414000837247652,0.08040484293732635,0.762617317242699,0.17954049937765915,0.1747567435992515,0.21491475288915968,0.27880790828429214
36,0.8442156964355759,0.6137677245198911,0.8391059897552767,0.81278404713059,0.5824211580551549,0.3766224824846817,0.7810158244992917,0.6862902518162097,0.8392648805578548,0.8214199574996408,0.6186405724796588,0.5813529197528626
37,0.1381778922008271,0.73921580005583,0.17991087117531604,0.6608670668566313,0.5586522048740331,0.7232510813609458,0.11278582761394935,0.8210016346567466,0.1633350157500108,0.6713457445890644,0.5434140214834497,0.7583564240949398
38,0.8492684744963576,0.5780368759025882,0.9448452319110808,0.9862823888067028,0.8950693598624287,0.8076124389449449,0.8736340648436836,0.5261418102093586,0.9157750007908442,0.9840295053479681,0.8842557583275609,0.829958258153146
39,0.7418132949874788,0.07799531219320133,0.9250972336300731,0.7909857649641895,0.6462534626205119,0.6824594065420054,0.7773119775578006,0.0900989138935892,0.8037927222919898,0.7428791507961082,0.636437198021914,0.7648077528071793
40,0.9134149729894633,0.40390945446538046,0.8576981587185188,0.9724387059693831,0.8700492316314732,0.830609653078481,0.8983884377218225,0.7039373878203139,0.7893271762964563,0.9630602946274414,0.8221642267312929,0.8284182744145941
41,0.09015135954750672,0.4796899139866664,0.03885504355492431,0.14472814396685654,0.3931603031930099,0.6440187806536706,0.08155327773873391,0.7536123648967031,0.028391159033841755,0.2958567351988983,0.36625417468530397,0.602227710581867
42,0.1866724717279025,0.5368724906426403,0.006763354582394986,2.595272686847514e-07,0.06185813469819957,0.29691029936886726,0.3184665847255841,0.7158964637273014,0.0039579955935685985,9.197107525854828e-07,0.07262006278588738,0.402283891725764
43,0.4645882547988869,0.20568721448470265,0.9887884439348851,0.9808761367526598,0.7540190824690634,0.11331162627062087,0.061446641794949575,0.1432582101958825,0.9865870299547167,0.9409882240292352,0.7516989581434511,0.09897388195894731
44,0.6654210928161678,0.8244308562207855,0.004198136716579809,6.046605992042468e-06,0.1138515180260418,0.7489775065407613,0.811473411440698,0.825525407698033,0.003293544910176541,4.542825933495552e-06,0.12969446439622356,0.7914347652050946
45,0.05857647394525944,0.15209192463732973,0.8467143819019327,0.6181583491536523,0.4053326331825532,0.23931776334226368,0.04518753258528183,0.10442456509168067,0.8453928893360665,0.5097341958360939,0.394612182096995,0.23200693269671444
46,0.9275692106093382,0.7567419023353893,0.9731234876401642,0.9189090691971733,0.7662224767895175,0.4276129459773421,0.8680374744741529,0.753670877033779,0.9638194298778696,0.9385036355980809,0.7825557998696864,0.6227287778915833
47,0.7916797688862688,0.7002772617938997,0.06528758671709413,0.02246066451631602,0.46392040415031105,0.8883838016001198,0.8519832755272003,0.8725271738746162,0.04634840892125658,0.043704563861400696,0.5196564111343339,0.9437703317815512
48,0.07279745355777119,0.13051762088910865,0.022721481269471187,2.5807558226136584e-06,0.003640559044481209,0.10615870993246555,0.053291704754023075,0.10442626065593769,0.01603831357321294,4.7567936681946256e-06,0.004882383731673537,0.10081796711962608
49,0.055892461535218,0.12279349872064611,0.011425762236757998,2.8360530162772583e-07,0.003596113156819717,0.033195389186353834,0.05225121077703707,0.09944573497071119,0.010538014992565485,3.420395753913294e-07,0.0053382879737678334,0.04776580798050296
50,0.060845120036560875,0.12279349872064611,0.011425762236757998,1.2257709165157614e-07,0.00493398569042799,0.06603251432055991,0.05225121077703707,0.09944573497071119,0.010538014992565485,3.420395753913294e-07,0.0053382879737678334,0.04776580798050296
51,0.5581274717456248,0.7838802319884143,0.6353625000583698,0.2249691944633339,0.6091355055698365,0.9139675151782476,0.8804379408784105,0.7949078142699441,0.6074957900490124,0.23893148462663408,0.6207777280047868,0.9388841042985707
52,0.7279155462059639,0.5223295378997533,0.5789696587579659,0.9691509944944664,0.7433939442611098,0.8346372683478751,0.48116988070025085,0.7627529524761045,0.4511740213528229,0.8866626317864796,0.7237971970157107,0.8460206812267532
53,0.16543714119115407,0.8071201379359235,5.906498657262554e-06,0.003339670508553217,0.025523897313286366,0.06644537131079845,0.09273567021631875,0.8153262214813339,0.0036126512648763597,1.5039451819446181e-06,0.03460353823368868,0.09278909780809438
54,0.6442597158961106,0.7592652259946367,0.6983111967865638,0.13581878012367848,0.6175675486171304,0.922374767306443,0.8509549484702039,0.7947535548495892,0.6898199538986586,0.2795872029832173,0.6230882229689875,0.934804372744975
55,0.05130315861022461,0.11626309215144245,0.9766231726695381,0.9902447836280105,0.8477936795702621,0.061503618373225134,0.052279395062101504,0.12873560872797488,0.9750514460969594,0.9871079779156188,0.8107868084308958,0.05740077240851685
56,0.05273318202368066,0.07598175817498143,0.15180705473838693,0.04153289247108903,0.23177762825271706,0.1117950037900343,0.048239308366946176,0.08720517130729827,0.1300861139717856,0.06521323961193752,0.19578259894921815,0.0963474441388931
57,0.9255481089719197,0.7928657310129892,0.937817170196163,0.9839213405081383,0.9239302603886134,0.8400427695159953,0.9036464162148695,0.770504324521917,0.9464350991123499,0.9890008738395447,0.8853503694551274,0.838654204526002
58,0.9321039209162526,0.6861818770062126,0.8803681768143137,0.9838285386999678,0.9135016865320864,0.7942243265746494,0.8980186632717108,0.6440454960589943,0.8918982993855529,0.9802698684349782,0.8674878358806497,0.8318519961817712
59,0.06257750964725897,0.6697696636567457,0.8910544299693903,0.29181187331242164,0.2856522643478998,0.09211499662556283,0.049617080350749763,0.15454787885834667,0.8679157866785093,0.1666534412292609,0.2687477156340602,0.10413804820594436
60,0.6800304317879892,0.7974599146668626,0.003798877509961294,3.823382749130793e-06,0.12378280026586147,0.685431944024487,0.7424843886919211,0.8544340464443286,0.0030587037248074847,2.903153837114428e-06,0.11302577203836899,0.7331421089467836
61,0.6164426807516226,0.3170674589068845,0.010786754383335985,0.005815370983340038,0.26208150803707003,0.9688892308634932,0.7237148557819421,0.6774771547563958,1.8956892296260683e-05,0.0067190878537852945,0.31649056790816316,0.9414647419716293
62,0.0494592546275458,0.08066650886348897,0.8605286231603136,0.9127759709355668,0.6031126503709833,0.0884683708942921,0.046918595905982886,0.0716168214184035,0.8390756520237398,0.9058668825856353,0.6091073189052593,0.07401032237302273
63,0.15644048612352104,0.34702703621546716,0.005931854294531874,0.018049595866348703,0.20719748760020168,0.4086839025627001,0.0705063881579812,0.12618587960566044,0.00741016420254231,0.058914008570440685,0.19343667965445535,0.3724286404194039
64,0.0504302054613219,0.07984335514383802,0.9949279900871382,0.984279835822142,0.8883693039754001,0.0964223210664942,0.03957637759644815,0.07336327212027952,0.9832130321176873,0.9900746011409159,0.8623393154796329,0.09265477893518465
65,0.8276142205528084,0.42738793625868804,0.9214189384921166,0.9566169321030983,0.8619718341850622,0.87074255152935,0.8855641336354472,0.3963124705491695,0.8557487990505254,0.9648794723865058,0.8629460187715835,0.8715234846597174
66,0.9157956981296974,0.24091449082852118,0.7563795900916191,0.5846234380638664,0.6954052092482087,0.6970728763940349,0.8455947648275635,0.17231860956590975,0.8391533464599874,0.7581378191273225,0.6473736469716492,0.7826982705269304
67,0.8926981493502302,0.7839007748611279,0.9527689402023121,0.9865474506298662,0.9131803120699342,0.8366948835822513,0.8818536361680215,0.7269974001732438,0.9494902918624298,0.9901875339602652,0.8990864888804777,0.8302649547134925
68,0.055123721730778084,0.11341112122464027,0.02336947532124883,6.090131598309444e-06,0.0028212178351966653,0.11117582104103063,0.05199659172008845,0.10212324315256462,0.01369021899264279,2.7477557575487123e-06,0.003247183025222585,0.1072052017846617
69,0.8955058832593639,0.7245530489713972,0.006722810723123538,1.269454864100357e-05,0.21158887018606054,0.9187122493108593,0.9093817181977907,0.762677388894595,0.0054395424113870905,0.0036460805945245233,0.2287522320012354,0.9202812268235699
70,0.06956351994961031,0.09502516848164355,0.05175889958869767,8.399357987034802e-06,0.023590263337666593,0.0580476825369373,0.052256740396164535,0.06653855998682136,0.028270023805521554,2.4107283603952506e-06,0.02495176370670525,0.04142830561130942
71,0.054519787108142904,0.10473208091441474,0.00952461779797993,1.4664796044791593e-06,0.004374409522551008,0.07926352614451158,0.05128353987307899,0.10434789265184119,0.008074049768032122,3.4222054496029348e-06,0.0033309395724040744,0.08859418220150428
72,0.0625295500081278,0.1695348762046809,0.009452017740310322,5.260061277974831e-06,0.0031325532981759364,0.10072602844485957,0.052276237667813204,0.12651190928513234,0.008021053994837489,3.601484754978525e-06,0.003717765703863514,0.08816034771968095
73,0.16992574654479586,0.7590478457809584,0.03978656462034709,0.5307557729478359,0.4093257086338728,0.5811080441900002,0.3216139324321439,0.7627690592492551,0.03848020110450002,0.34365064087793346,0.4045159230393055,0.6151059942072205
74,0.06063518513545831,0.10139544264144218,0.005193721278366409,9.476256941861239e-08,0.047324304199600285,0.12893602323902698,0.05227465853720495,0.08423742191238437,0.00602777060004044,5.703081999086681e-07,0.04856927447083484,0.13663596956900106
75,0.8490412747941954,0.774900236538832,0.9936531278801286,0.9744248898814273,0.9609686329718214,0.8176628357521154,0.8624568426891459,0.7627290696383687,0.9866847582666457,0.9864379457171026,0.9518270097087743,0.8307774518786991
76,0.37397867671320717,0.4162219877855129,0.9865151341265878,0.9973323408874075,0.9699600698713148,0.762028144052768,0.6123759460473672,0.10431695299401024,0.9772627779967181,0.99248384498496,0.9407791493489004,0.771025033928278
77,0.8729469378512924,0.7347371761701468,0.9864927113841385,0.9965936500211191,0.9675296380302495,0.8240891886528998,0.8987479422152455,0.7135555867489778,0.9765938653625817,0.9837350590667724,0.9373224266094481,0.8548184733806458
78,0.05167782124376138,0.11164422746290746,0.024608523856441186,5.408581633517171e-06,1.0302474790414394e-05,0.12340872527968554,0.05216860028827396,0.10281421682217397,0.012233690685360716,2.904500816506819e-06,0.0027378886743144354,0.10777771786864186
79,0.058880208302275826,0.11541238889546547,0.01954537084330584,1.0324776264295018e-06,0.0035301655878812155,0.1096166158543324,0.05216860028827396,0.10281421682217397,0.012233690685360716,2.904500816506819e-06,0.0027378886743144354,0.10777771786864186
80,0.05167782124376138,0.11087902384160725,0.021790866375548022,5.408581633517171e-06,1.0302474790414394e-05,0.10089102697502043,0.05216860028827396,0.10281421682217397,0.012233690685360716,2.904500816506819e-06,0.0027378886743144354,0.10777771786864186
81,0.47388242533327357,0.7704069702982258,0.9037160968209595,0.8762975586425917,0.677915812037297,0.4357381289931908,0.8634808499202598,0.7625795599427703,0.9134040904596342,0.8925263637938023,0.7050222475935081,0.6309107517444407
82,0.04295233932791738,0.08493154914869638,0.004216330091044858,4.892322928930472e-07,0.033691317150838736,0.25806733268821047,0.045291850190154116,0.08429598164995163,0.005313079394788342,4.307820707647416e-07,0.04403454808242325,0.12773766892279065
83,0.04924539359079887,0.10267587053122089,1.8556014483074952e-06,1.258206957104686e-06,0.002881183780839242,0.095896243865111,0.050498841251107277,0.10441031689549218,0.0062890187480401935,2.1660726833472903e-06,0.003477989396486924,0.08936455744978519
84,0.06508436481168425,0.1046649676179596,0.010795624540197835,1.258206957104686e-06,1.3115860804264627e-05,0.10229046560254001,0.050498841251107277,0.10441031689549218,0.0062890187480401935,2.1660726833472903e-06,0.003477989396486924,0.08936455744978519
85,0.38743225399419723,0.13531152868864904,0.9840970641119274,0.9618667945140631,0.7599992438276062,0.09261233576853006,0.05229132050183091,0.10436587323517206,0.9886288303881962,0.9558440875539193,0.7818140351565748,0.09726453144870781
86,0.049409155572255586,0.6299796023057197,0.0036966430532918205,1.3055221336157218e-07,0.045068002989877655,0.06680151582550972,0.0917297982627371,0.747819675189482,0.005676789257813549,1.4687776420170398e-06,0.044697014769672104,0.09497184809846915
87,0.06625817426408581,0.11834277996266453,0.004884942899501964,3.2232878347991953e-07,0.003726127358321832,0.03287757758003343,0.05240086315377665,0.09862625515161569,0.00466378326356471,1.470304986363951e-07,0.00408401571916697,0.024698226992521357
88,0.095986054643335,0.40133696824635856,6.33524802973336e-06,0.003689359253246941,0.022404983973504138,0.22158679236198678,0.05222983466553378,0.10438834334460019,0.003192729056323391,0.002795496361137471,0.02512195779987276,0.11585569797800811
89,0.051847004823626995,0.1147499929050984,0.007381068622812744,6.127517664183424e-08,0.0027848350883216666,0.04422525749331495,0.05240086315377665,0.09862625515161569,0.00466378326356471,1.470304986363951e-07,0.00408401571916697,0.024698226992521357
90,0.07959484186769161,0.10860156717580227,0.8863538145192671,0.8766886250589181,0.7052108775187852,0.062427446916624114,0.05221534814584637,0.08673496890122956,0.8661750740770539,0.9165816050340712,0.6275297737751696,0.05573546957463448
91,0.9054995209414792,0.8381307842872563,0.9763112285609515,0.9951041031034727,0.9511436170546914,0.8535787536517945,0.8908438745068473,0.842274491971422,0.982243861270427,0.9965893224906978,0.9280273817450144,0.8528229174921724
92,0.051322192668519805,0.1012465675923115,0.007799129077295912,3.0503385506504613e-07,0.0032587100179966425,0.026258668818256656,0.05194297219106222,0.08675365659522669,0.006676150168247323,2.3903967651718253e-07,0.0036110503969121084,0.039584944183150284
93,0.05440137600730403,0.10542004557118041,0.007799129077295912,1.0108558571626678e-07,1.8036145442109526e-05,0.026258668818256656,0.05194297219106222,0.08675365659522669,0.006676150168247323,2.3903967651718253e-07,0.0036110503969121084,0.039584944183150284
94,0.05440137600730403,0.1012465675923115,0.007119600094893826,6.033041851907646e-07,1.8036145442109526e-05,0.0724009443163881,0.05194297219106222,0.08675365659522669,0.006676150168247323,2.3903967651718253e-07,0.0036110503969121084,0.039584944183150284
95,0.05545385568865172,0.35512495817026335,9.594059476784163e-06,1.1557022792004287e-06,0.014907460757444698,0.012792805235938372,0.052238912223641416,0.10437926652059466,5.015368880631906e-06,1.59166321514785e-06,0.018531246632432302,0.012824878118947062
96,0.40796985231584026,0.5931393861860528,0.013566615574927223,0.003583267558732752,0.11878030955761709,0.5,0.7010283971056283,0.7127264871735451,0.0084229528700177,3.426611788022541e-06,0.10581302941705416,0.5253346538254134
97,0.03920843437868973,0.819508359290678,0.5430035172085357,0.23733091332456138,0.3660642328832959,0.10684788786631218,0.05270327428825345,0.594865392408185,0.7103752888195473,0.22088414919694316,0.31720163321126654,0.14280249958215516
98,0.8543598846805169,0.7615445186227863,0.9765934456038158,0.965520978004915,0.8634119834471506,0.8407963146034786,0.8830354625959693,0.5384910725437528,0.9367517617494237,0.9738548968301853,0.8236210209566075,0.8426572139551038
99,0.901320258840734,0.144960252595728,0.9436976357102052,0.9982789185814402,0.9359761455356893,0.8082492659622136,0.8469680361970013,0.5452895876974345,0.9428838785193406,0.9888664567511197,0.9028881396960065,0.8235277754846062
100,0.9267016475239407,0.7102739396719355,0.9809120358447376,0.9891841186084287,0.8980996597437143,0.827125878421968,0.9058862868235442,0.7625791007843169,0.9550337401960055,0.9891683146686068,0.878918890145475,0.8479203277019206
101,0.06522651065211633,0.07438632055681238,0.8559884034011158,0.9117340022056253,0.6857097263494519,0.049709260079624534,0.046806444656817436,0.07299182323459068,0.8494714831052738,0.9120792000782746,0.6169732656163787,0.07308612268328514
102,0.14375737877033506,0.5076203722903272,0.4940755929163727,0.842375025522338,0.7530420223050389,0.7985961966192604,0.4098477357025609,0.7778220550249919,0.37268017061211656,0.868542464083376,0.7032628562147438,0.8366310179212588
103,0.820241409858044,0.8232091224219557,0.1182887445906384,0.021065271511258633,0.3393510933264838,0.8572055346422989,0.896129183405703,0.8379826126370153,0.06197201753344772,0.018383363367842742,0.3668851143666652,0.9362929391885046
104,0.06080988332761242,0.12210284030554443,0.028460927106871314,3.7670091837250653e-06,0.0033150574278971293,0.08756232176569703,0.051963754265064756,0.10438253556821532,0.014429748605680899,1.3640867460835011e-06,0.003751498833118176,0.09568627587899682
105,0.055268024533513226,0.16021571566774745,0.02535938407312766,4.1666354593743785e-07,0.00475170459849329,0.10201830098434186,0.051963754265064756,0.10438253556821532,0.014429748605680899,1.3640867460835011e-06,0.003751498833118176,0.09568627587899682
106,0.76920308167652,0.7955222415266195,0.9404419999801152,0.9043513305375693,0.862992836515249,0.9217247567428452,0.35601523484772524,0.7693814706982673,0.9520988372899648,0.889484076636222,0.8450873633942877,0.8811796576069432
107,0.05926565845080127,0.10981305660506918,0.032079024059784605,8.739251509213146e-07,0.006708064661826038,0.08508602705810354,0.052230697380769575,0.12695026587048727,0.020415260709061793,1.6948082972432058e-06,0.005374299672065091,0.09485404536340528
108,0.04985787793750993,0.4580844030333667,0.008785970422070504,4.407290479808133e-07,0.04432680631059804,0.10307803136420939,0.04435273573836316,0.2637656673397842,0.005085591201077111,3.9794628191321136e-07,0.03591869702646215,0.09208383249727047
109,0.06733007213648597,0.13975443976834614,2.2415733878724947e-06,2.2688411494745077e-06,0.002932720786846465,0.10414481274174392,0.052254214071368765,0.10406474578730522,0.00596213353778174,1.7550828070052956e-06,0.003407279879652651,0.09143181737571685
110,0.0787284641902042,0.09743025869972034,1.5648570079711729e-06,1.514782064228215e-05,0.016742756597198663,0.22887670459533546,0.050557728546188126,0.157967229401446,0.004989366234140248,0.0033339403518682126,0.023344912651347013,0.10768143119888327
111,0.9190934135394581,0.7880449692399469,0.9913392385074606,0.9577867604186455,0.8885621418166497,0.7032318363596675,0.8986189824776292,0.7694564831309895,0.9852946204028226,0.9708288920786066,0.8731805112938061,0.6764428266690785
112,0.33524734066166206,0.40343636789804393,0.0670770516857816,0.0038058449519738145,0.1799016895796363,0.32625644581737384,0.11504165750659856,0.1666224136537488,0.04635797000478463,0.004070190121990842,0.16243133003471602,0.4647194956430998
113,0.1760518773064987,0.7658718490630079,2.41979504013459e-06,9.879481216880297e-07,0.08605976111941396,0.6808713986388661,0.2001235884264878,0.689901085878444,1.5113941720541774e-06,1.9611911035544563e-06,0.1019979098857141,0.819222812623032
114,0.1388281248991357,0.22592491598702658,0.9350260388193409,0.6869428747536224,0.5,0.41884634212799843,0.05692299742644739,0.10887377558140549,0.9383033538463149,0.7386235748686708,0.538148303299318,0.25786630593205406
115,0.3228628172307091,0.8294469660808078,0.8256901656602161,0.4623655746928164,0.6587760076531133,0.8939116018743596,0.47353496230663555,0.8771452109617813,0.8549729203231958,0.4611021638541576,0.6248391787356753,0.8990290060658569
116,0.05199128192040934,0.6441011416366023,0.36613987429209943,0.06464983370487788,0.18164735026864096,0.11886850836065561,0.052257087763153985,0.3265678234555274,0.5633850682865468,0.09341763665773187,0.2321500702885261,0.12565218159337999
117,0.6703350805478133,0.7355558223232053,0.59467200821316,0.7497069009257401,0.47477131836830194,0.5358142534945446,0.667705381692441,0.647541648360207,0.6495081110589057,0.6996129914824996,0.5209213708256282,0.5523727728982841
118,0.9027475460685596,0.7955631107174744,0.47663849661356456,0.05467099552544275,0.5667823939514375,0.8993648416033301,0.799978784641278,0.807342969644027,0.45603000085372297,0.12301445025652913,0.5362312079216349,0.9356196657099111
119,0.40672302803951427,0.528322690671616,0.003855135403022099,1.1005237379755445e-05,0.07628634271314738,0.30242291978564223,0.2066638560762989,0.7625935924997439,0.002859219744898969,6.643824821889187e-07,0.0660761586058897,0.4036388188281576
120,0.8694738917972762,0.8873038811213958,0.9765711800544196,0.9875785991220472,0.8903339272567817,0.8818125647541096,0.8986265097819391,0.8894490528935812,0.9869150900362034,0.9914617322867145,0.89530924981337,0.8800435222791267
121,0.891458263945913,0.8741089245107894,0.9840329680552022,0.993124287135,0.9480556249109372,0.843109742919298,0.9152153863898354,0.8860459513950806,0.9873247993168105,0.9978401457099878,0.9402294488471735,0.8591039328610882
122,0.9343201549521736,0.8705965029007776,0.9777629175653125,0.9972237126763474,0.938374126988773,0.8581846996470013,0.9011854335462227,0.9027996079533444,0.9847219520340783,0.9968534293487942,0.9274691076432472,0.8633427863710077
123,0.09697485122073236,0.07878350792155178,0.9954457197522926,0.9741302214379408,0.9225269909840469,0.15350504772954077,0.052270934125579815,0.0822812689463573,0.9938995773409222,0.9828015341120345,0.8842025205531139,0.16728453727008716
124,0.9029549701379259,0.47399260007294236,0.9230578993920284,0.9873945518489866,0.8811618843618765,0.8145989269705405,0.898584311288942,0.7057396792872354,0.9225574930008852,0.985158329041078,0.8810929136996507,0.830771490645575
125,0.05293953086251189,0.09574944888157469,0.015262756893616539,4.164892713677448e-06,7.062584862722673e-06,0.1026222446007071,0.04996245675095487,0.06723241783605108,0.008418103522094551,3.258453316560339e-06,0.0025415482168723983,0.08988759658495458
126,0.09178352188359035,0.3289157168267426,9.918179906141963e-06,6.920503914440264e-08,0.05951055993398317,0.43844783399033466,0.05753622653887408,0.6532549929467778,1.1395092705146089e-05,3.4121244812933553e-07,0.050649452753194844,0.3235864520407693
127,0.5153876963200617,0.7473561277219795,0.9669318347734104,0.9227219621373454,0.7867489004736885,0.4139211318356875,0.8619997911309549,0.7357600743160064,0.968641939354864,0.9400324389968607,0.7905473111962135,0.610698377436909
128,0.09194846773415498,0.36106608661171585,0.008453317098774041,1.002020788255264e-07,0.0380108264723851,0.3242862889083764,0.05231250325302601,0.43971949680922495,0.0025273260692637326,3.1986836087794843e-07,0.048011401964343316,0.25686200718060276
129,0.5415534966469494,0.340806587816206,0.9503980939882825,0.9649027521271465,0.9259342449923578,0.8566397437186366,0.8985551467992212,0.12130023968625206,0.9102982961620351,0.977642010578636,0.8929059147701528,0.8530006388563461
130,0.5,0.19687670861516832,0.909685135149018,0.960085990576567,0.899356934481537,0.8839409172003563,0.886553890026058,0.20374312695405467,0.8391075950929539,0.9666184825907066,0.8610430027443361,0.8623513557335992
131,0.059479717441671055,0.16500900836096696,0.0039928132851063634,1.565894578818694e-07,0.0041063247589115896,0.09392102582264238,0.053574203053042384,0.5461399859912716,0.00476703205415829,1.59053441210499e-07,0.0043206872363144725,0.10098271848639166
132,0.04642762413152721,0.07463872239872006,0.06106065269621734,0.06771682325783406,0.2576181919432081,0.08880092460501002,0.04196979305163322,0.03747476635081415,0.06828018146662854,0.04789653520469977,0.16875587387579535,0.07631191274996542
133,0.14355449856909436,0.8027074898639126,0.005131715266499587,7.479277487423464e-07,0.03188965090396924,0.10146760014758076,0.07485599922497427,0.7808479922791359,0.0032427838607821118,6.678707222515856e-07,0.025297771611183663,0.08612336885784855
134,0.2376677243865652,0.8116608706977759,2.69854934095192e-06,0.002640102374982089,0.16549987657373474,0.9392737899063299,0.29826325119246067,0.28942879221313,1.1441032303337952e-06,9.908090547052294e-06,0.169289017865231,0.9178936194118428
135,0.10862388712978993,0.09615431178203344,0.5243371603494403,0.005591224254292182,0.06044214682885861,0.08797178720003362,0.05224118079522376,0.10433166093138165,0.3687815174780818,0.008064834844550329,0.0626546810648305,0.08339928183087617
136,0.06588022270593746,0.11818964018667548,0.02294391709374855,9.896095596334376e-07,0.0025727636927952097,0.10982491405257223,0.05208684991484543,0.10200667214176315,0.012899384849610751,2.748721657406482e-06,0.0029708765101300757,0.10759683595965028
137,0.05007128722474919,0.0978653850224585,0.021451210824454624,3.464006166076882e-06,1.3908410694010058e-05,0.1059498039151204,0.05282060379268057,0.09565511091838048,0.0119505923824781,1.4373903049158016e-06,0.0029039995039340785,0.09840356260748767
138,0.051008608557686165,0.10503555372661912,0.07995333496524373,0.016888637317921805,0.1925037287439149,0.1013497445722729,0.04856445084784071,0.1043849074185228,0.15535890407411262,0.02728889588448835,0.14746935159200789,0.0926552183347265
139,0.06651790184406862,0.1513530328944279,0.013724276143621256,6.720173020047707e-07,4.813253900015598e-06,0.10585474015557132,0.05226094894003442,0.10432001026073005,0.005940124451711059,1.7007619366595001e-06,2.6749167874712794e-06,0.06553193252574567
140,0.06469520034749397,0.11252007278121984,0.017384719329499008,7.799888995517711e-06,1.305572047011852e-05,0.0994445797807893,0.05248392420456706,0.10714088160180216,0.013009007441840331,3.954501297791091e-06,0.003532791521712355,0.10245328767916626
141,0.05436368530535119,0.06904527327360112,0.017378381056623354,2.4589748563489805e-06,0.016488929138473038,0.017393869049448493,0.05226251494008945,0.07781217473258918,0.006482985657257458,1.341630029306302e-06,0.023074418725063654,0.021610990152236925
142,0.08394073847655699,0.2635361933100372,0.5426778676980075,0.42051773014005406,0.35524117489975215,0.11587202344156651,0.052276484801524394,0.1121347574173622,0.36075638134807453,0.3828804411686821,0.35382103662349906,0.122167698445895
143,0.05736851714606668,0.10125761364971493,0.003244758200448849,3.2062593463500525e-07,0.029165803113953677,0.1543269861504231,0.037015615674932355,0.08230894405377562,0.004232739060804108,2.8026323675316966e-07,0.03847703707638449,0.12369256946496167
144,0.05847525150274636,0.277067219505944,0.006175298116392816,8.137563311217053e-07,0.0027437110954625513,0.11535414053715104,0.05291125199986656,0.10437757956403226,0.005274321346176131,5.981674306057052e-07,0.003404987023204674,0.10599833598778739
145,0.886601280958719,0.7185205784797642,0.9862545384742459,0.9959354669636579,0.9268981090697034,0.8860896126312621,0.9050880194377454,0.7133392871725891,0.9712094416401326,0.9820822031999901,0.929863254448823,0.8631735640449016
146,0.9345247287123732,0.7733176273259376,0.9722891171605346,0.96848165693618,0.9271933725129717,0.8442963248240684,0.9066580451351163,0.7628238153629724,0.9736982823278798,0.9816987333301443,0.9303165144880052,0.8673744642669574
147,0.06650021303077569,0.11344776111391636,0.0038804954549512155,3.658820520462134e-07,7.605406738074003e-06,0.09736163685182393,0.05226934216411705,0.08528266632801314,0.009806849662799995,9.373563663287225e-07,0.00257986222881077,0.08523911988861144
148,0.14616035155768642,0.29854845012842784,0.00737363176932592,2.553747175681243e-07,0.06901928226771352,0.22597222775803263,0.19683285597215916,0.22400627233274029,0.007516592098980262,1.2838278680887464e-06,0.0719657694506298,0.26740899094852794
149,0.920123327868451,0.855837367443879,0.990030582832138,0.9967875425438215,0.9325328641830688,0.8789561488324228,0.9073212430747607,0.7912586685957219,0.9796318558873617,0.9824196448050706,0.935796564160577,0.8674405559456335
150,0.06386806071032693,0.13191230335817314,0.015773005664409662,6.339072468545985e-06,1.8513521921077578e-05,0.07924117692097042,0.0549256338867041,0.14425986573312505,0.008661497932421363,4.066255404953997e-06,0.004011013919867156,0.08878016124134636
151,0.9035905918810223,0.8014824138414641,0.9802150745170594,0.9953781084910798,0.9431100853783413,0.876316452702166,0.9044631035468247,0.8332337511457325,0.9890507674771516,0.9963160211380079,0.9273345374872458,0.863019198023941
152,0.08479711919916158,0.2482094068533105,0.003125016319966983,4.181126056587262e-06,0.10714938403400516,0.6488482266543959,0.1700189617365745,0.47213067937878844,7.885216913412605e-07,3.0635124981362772e-06,0.11703296356836675,0.8701568691077812
153,0.22543710417031176,0.29913197330267477,0.5,0.1361406393065258,0.44202710790657046,0.666693858540632,0.061012605401116395,0.7626466679834105,0.5250185915415745,0.10848721432467802,0.42902178086483944,0.7941384146009659
154,0.05401540153501799,0.06852040405033077,0.9818956073330091,0.8387482904435021,0.6210583505114429,0.09447123087131298,0.06520686052939083,0.1039234335550501,0.9833665021302024,0.8722653548240422,0.6566642952796483,0.10463388337294152
155,0.06129824561196557,0.11176962308685247,5.741860365199521e-06,6.980764114823526e-06,1.0725449656727863e-05,0.10674142186817726,0.052072223985952716,0.10437576973945767,0.01297567072802599,3.4912583681003583e-06,0.0032126942190189864,0.10535958448239223
156,0.05513591784796638,0.11176962308685247,0.01897975281666934,2.28354723612841e-06,0.004125098779916149,0.1135338517076218,0.052072223985952716,0.10437576973945767,0.01297567072802599,3.4912583681003583e-06,0.0032126942190189864,0.10535958448239223
157,0.050848105289003576,0.11477037171979997,0.027910318526852045,4.225700416983658e-06,0.0025834360939784216,0.10303064158579522,0.052286970510220056,0.10444627158984929,0.015001677553986908,2.3080479654377136e-06,0.003646463925861246,0.1054679622197157
158,0.05513591784796638,0.11176962308685247,0.02141713666649171,6.980764114823526e-06,0.0027710617937249764,0.10674142186817726,0.052072223985952716,0.10437576973945767,0.01297567072802599,3.4912583681003583e-06,0.0032126942190189864,0.10535958448239223
159,0.051330865898321094,0.12361696839078888,0.0054820650909227445,5.448262803379293e-08,0.004602405577917643,0.05464145278020435,0.05175774881370889,0.103540261931588,0.005182987287994568,1.6785280922382267e-07,0.006731349154190177,0.021904094854456185
160,0.055621848014476824,0.12185896810191281,0.0073741562218383894,6.98496420884379e-08,0.008131707535051184,0.03163769626686182,0.05183048038791262,0.10204876372057803,0.006488602018312717,1.9225897575960183e-07,0.006363546055033997,0.027063509589203043
161,0.06057222657184598,0.12366686599045025,0.007399348783213861,3.8710769343341064e-07,0.007489095605075386,0.03781610286170194,0.05175774881370889,0.103540261931588,0.005182987287994568,1.6785280922382267e-07,0.006731349154190177,0.021904094854456185
162,0.06580552609847667,0.12361696839078888,0.005796305195267143,5.972431771824159e-08,0.00621694760681781,0.02578701359015014,0.05175774881370889,0.103540261931588,0.005182987287994568,1.6785280922382267e-07,0.006731349154190177,0.021904094854456185
163,0.06954607600535402,0.06577728669196078,0.012548551236694171,0.0032830375099890136,0.04004594876048244,0.31239662625716347,0.049920024091960745,0.10443876312354208,0.007460234952388787,0.008498891937734692,0.04410935576560507,0.13639255726027746
164,0.8804654785604806,0.7706655212526111,0.9919945281880975,0.9733812683859875,0.9293554170010199,0.667410064942024,0.8957883009782206,0.762708051708097,0.9915642911555528,0.9838423948880325,0.9336810700158996,0.779157927896208
165,0.9321669513112892,0.7466085479602864,0.8445638124475456,0.8731112706175725,0.634524228010389,0.21039550002102136,0.8990293374643686,0.7627630917700746,0.8840230961474488,0.8798381519680161,0.6205062375963941,0.17210750357873747
166,0.8639614159022763,0.7836432236266615,0.9910951859619468,0.9957117786449755,0.93406862067047,0.7208391470742888,0.8957883009782206,0.762708051708097,0.9915642911555528,0.9838423948880325,0.9336810700158996,0.779157927896208
167,0.05127434038141676,0.11147203081327474,0.012831650359637218,2.1206125398885864e-07,0.008131707535051184,0.06052911172691779,0.05183048038791262,0.10204876372057803,0.006488602018312717,1.9225897575960183e-07,0.006363546055033997,0.027063509589203043
168,0.05127434038141676,0.11166839303914394,0.006690317238429418,2.4801552690907567e-07,0.005850315171507297,0.06052911172691779,0.05183048038791262,0.10204876372057803,0.006488602018312717,1.9225897575960183e-07,0.006363546055033997,0.027063509589203043
169,0.06122650313473519,0.11147203081327474,0.012831650359637218,6.520164263010744e-08,0.005850315171507297,0.04413605361020329,0.05183048038791262,0.10204876372057803,0.006488602018312717,1.9225897575960183e-07,0.006363546055033997,0.027063509589203043
170,0.06122650313473519,0.11147203081327474,0.00967738891833873,6.520164263010744e-08,0.004664706333452091,0.03163769626686182,0.05183048038791262,0.10204876372057803,0.006488602018312717,1.9225897575960183e-07,0.006363546055033997,0.027063509589203043
171,0.06122650313473519,0.11166839303914394,0.0058950116694393585,2.4801552690907567e-07,0.004664706333452091,0.01716378166787654,0.05183048038791262,0.10204876372057803,0.006488602018312717,1.9225897575960183e-07,0.006363546055033997,0.027063509589203043
172,0.06588625279211462,0.11166839303914394,0.0058950116694393585,2.1206125398885864e-07,0.005850315171507297,0.04413605361020329,0.05183048038791262,0.10204876372057803,0.006488602018312717,1.9225897575960183e-07,0.006363546055033997,0.027063509589203043
173,0.09957206717061873,0.21079958094248816,1.5086883274971135e-05,0.011543510418666185,0.03759828762164576,0.10887667514379032,0.05220921167396907,0.10440644855236135,0.021095350450811727,0.007101371165657819,0.03194525170888855,0.10420459297793506
174,0.06588625279211462,0.12185896810191281,0.0073741562218383894,6.98496420884379e-08,0.00431763163804695,0.04863541514750588,0.05183048038791262,0.10204876372057803,0.006488602018312717,1.9225897575960183e-07,0.006363546055033997,0.027063509589203043
175,0.06588625279211462,0.11147203081327474,0.0073741562218383894,4.951975615140059e-07,0.008131707535051184,0.04863541514750588,0.05183048038791262,0.10204876372057803,0.006488602018312717,1.9225897575960183e-07,0.006363546055033997,0.027063509589203043
176,0.05596931199581679,0.12463926091977667,1.6862591405255814e-05,1.379300792540508e-07,0.005885265097012791,0.04009132821865171,0.0523090798935004,0.1043190994069771,1.1082495189412241e-05,1.6858815764929217e-07,0.008101920292666221,0.011114683410499471
177,0.9296713172663353,0.38225630973811886,0.9381125922810749,0.9911919751902614,0.9039380828116991,0.8172283335945127,0.8987207041825847,0.7626439078756716,0.9449414053900205,0.9891766339447091,0.8901822222917197,0.8346744839917015
178,0.642616297127831,0.7669381990653461,0.8493839774525856,0.842310637924658,0.7131974983300927,0.70154076631111,0.8985387473528843,0.7841858510820139,0.8661800562512945,0.8807671796044362,0.6927041481339766,0.6832688768029838
179,0.9312382123771427,0.9292516789698685,0.9845406261013622,0.9925320766494836,0.9042292065532578,0.8532229946790307,0.9036492268776912,0.8956830017834854,0.9789868664150504,0.9945712803285849,0.9059811235701731,0.864878303504986
180,0.055630969284419046,0.11227559074720823,0.0029489854402197755,1.292194260863618e-07,0.003842689051080998,0.006689536036543796,0.05206686195792658,0.10443936050779394,3.458327467716384e-06,1.6113904642206353e-07,0.004956751569328204,0.008707061934519221
181,0.8986194952595716,0.8897940373622257,0.9879222023534824,0.9967276230838471,0.9266692362947897,0.8598092355987562,0.9132585645702664,0.9149911553803264,0.9864730436508071,0.9970969634787057,0.9295464869204799,0.8666555938671451
182,0.054099169018434166,0.27110309983644604,9.555893432880596e-07,1.7958612592217278e-06,0.03759098359284062,0.16115028636181386,0.04797549953623444,0.7627704150802491,5.676188000604694e-08,1.472027136272779e-06,0.03308206117019633,0.7523589701517243
183,0.053594068876871764,0.09901766170234204,0.007881828880462594,2.8793499755157887e-06,9.542460739023745e-06,0.10186015730575441,0.050578015986730854,0.055202475637387526,0.008071391472286069,2.563693978382219e-06,1.4277482280309312e-05,0.090442083977596
184,0.04311813439231875,0.031837739683951774,0.04901873016231147,0.08539453177115479,0.17054543586027862,0.08113705315305181,0.03882946550116415,0.02801969285628456,0.06460301973015768,0.062426690065412536,0.17992938292397082,0.07314017854803277
185,0.05590035028837206,0.1082776435012057,0.007266923987638951,8.761798458531586e-07,1.6631180691423267e-06,0.05196996734929719,0.05222831648207875,0.09661823203692045,0.004072330928790016,7.708504011786474e-07,2.085139753596412e-06,0.02460206600845643
186,0.06125432441812181,0.1261952152635625,1.1924089598658282e-05,2.1196696794782388e-07,1.1798771455101377e-05,0.03535053524321391,0.052268031131218716,0.10443980527719125,0.003190302096371729,1.2538814088320558e-07,0.0028497171514286256,0.018647939485600375
187,0.4706550992691414,0.8094224938776761,7.467346679824322e-07,6.214336905794202e-06,0.15642797173050632,0.9100887767962335,0.1055875122562126,0.10518197698459547,2.588990835493943e-07,1.1316746195436744e-05,0.16896747190967332,0.9214274916218067
188,0.04686610082457084,0.8389465742021575,0.005227183438984197,3.1535213483024845e-07,0.012856640037379465,0.06257305589428733,0.07373434117318278,0.7626660198855626,0.003237348103319794,2.8505193251589394e-07,0.018498898142839535,0.07984643596793976
189,0.050290330251501265,0.1590015723489192,0.7487332724666926,0.15580556996146613,0.22443068608433003,0.0886050760465178,0.04037768731439442,0.13804915577259885,0.8645180947896779,0.14948378705894702,0.22296263470288405,0.09654226936226702
190,0.9340116779899806,0.9023562265043993,0.9745808053757837,0.9938831779027785,0.9382447099476319,0.8582971864864387,0.9004519614936741,0.9291531501378626,0.9834366418427795,0.9954210351486776,0.9118487773346043,0.87101401007866
191,0.06614476068531676,0.10944412145673796,1.9117560079637982e-05,2.4144683237244243e-07,0.0067628077827138425,0.026506868748956986,0.052294432689124745,0.0877169107630029,8.353101986622924e-06,1.1237822254453206e-07,0.005006968981437068,0.0101385524977368
192,0.05175632151777644,0.052407358690189025,1.1671197815234632e-05,3.741860386615105e-08,0.0036525056559159894,0.026506868748956986,0.052294432689124745,0.0877169107630029,8.353101986622924e-06,1.1237822254453206e-07,0.005006968981437068,0.0101385524977368
193,0.037112256385557596,0.5518344706330099,0.006850238086793436,2.880061673787178e-07,0.05026271243008527,0.2750690726960298,0.03044963274661055,0.4550299517408866,1.0075062497088069e-05,2.3586712299564959e-07,0.04215242015572,0.25202418438949353
194,0.06365440419844454,0.1110184345273604,0.01361492533178682,8.46827610209889e-07,0.016329837180345492,0.06038786960847069,0.05060720608496031,0.08999633754922018,0.017586033885483684,7.918889262693207e-07,0.015295755056829518,0.03695199909779992
195,0.054632892622215795,0.10456544873788097,0.011042129426272243,3.0247862444867074e-07,0.006286024829973096,0.05652904331468383,0.05193873150094465,0.09527389820946416,0.007954095267176553,2.435734885276434e-07,0.004932028235815593,0.03824872281311964
196,0.9374559530581316,0.8649544976885463,0.9411143984562302,0.9818312677983652,0.8852617898323657,0.8290649799481945,0.9031831961472812,0.7627847691013352,0.9589802698484786,0.9865728398356226,0.8626978294799265,0.8554695640729004
197,0.942944412601041,0.9138639909555001,0.9906994770793262,0.9955530733455759,0.935166874725263,0.8726182513694599,0.9256914554213933,0.9154669740053746,0.9875488255014692,0.9965219924394584,0.9239247530953097,0.8709920051346668
198,0.06147916645393161,0.1232214064122027,0.008963886758966156,4.74639588217543e-08,0.003749478339183843,0.02839902153612768,0.052238329319584914,0.10281114926599626,0.0040098032633538,1.2987624584644763e-07,0.004097414424400173,0.021132548990596266
199,0.06251463971739296,0.10424918916037255,1.6709419014898396e-05,2.561221954196228e-07,4.487345204806633e-06,0.011207629517736163,0.052222358439497234,0.05824690103006612,1.2832533399473198e-05,4.962268991138753e-07,5.943746132714605e-06,0.012497166795780165
200,0.054971489734775454,0.10897505262521474,0.0034888242360764598,5.3407394990426456e-08,0.005977191499117942,0.03365995501631731,0.052261197876306634,0.09658821949792608,0.0029690650499072766,1.7155198489830798e-07,0.008469287866240594,0.01410875488036933
201,0.07826998916276187,0.048362160878118676,1.8534223789295552e-05,1.0014178761349037e-06,0.007223245199135486,0.017636985650642933,0.052310000615387334,0.06627957331288226,1.90808939511544e-06,1.3983013177727397e-06,0.004763344818390434,0.016273032700930258
202,0.05527398443332352,0.11000111879954345,0.02011808039026713,6.026069708129109e-06,1.1786840191735487e-05,0.09893997263662611,0.05225323277548065,0.10459140832741295,0.011975640457968591,3.2027332283252345e-06,0.00268859682223806,0.10704841016311055
203,0.8866580309992202,0.6887930456506512,0.8893240636020343,0.9624673397572958,0.899806657846119,0.8299251419882328,0.8985843018352994,0.6397913171510099,0.8536949490668411,0.9742400973096705,0.8504474747945576,0.8323063604719863
204,0.06007694217833501,0.08899775874486739,0.006263619382753114,1.3408899215928544e-06,1.7704113350750347e-05,0.09730501595851415,0.05021349346801149,0.07903551604376155,0.006970787819933507,2.239749257144004e-06,0.0028677701836994484,0.08969111396453669
205,0.056055192408949746,0.09972309697908988,0.007601240298762661,9.100940026875789e-08,1.706685239498645e-05,0.045377890794809944,0.05220958972848941,0.0854666604992252,0.00440406881767262,1.9749683938319104e-07,1.760521647360646e-05,0.029724467477363188
206,0.06103512404307891,0.10814640395386514,0.006591575660432535,4.604452503887185e-07,1.8937806131735004e-06,0.02694036130967408,0.0518411801633337,0.08290795008548327,0.0030236295299899832,7.907069496895016e-07,2.8788617369883187e-06,0.014554040890099661
207,0.05564903350665237,0.16163404744028517,0.02267871832324267,1.4532317470377908e-06,0.002908381714496816,0.0948841845596541,0.05140832445523487,0.09756340791783573,0.012801504129146676,9.044287516443248e-07,0.003684707467537328,0.08425348590571922
208,0.05159167919178408,0.12860175410219798,8.687526040033319e-06,6.889051396039283e-07,0.010157109788911817,0.02833022845893448,0.052292245560550524,0.16860340186139683,2.584973874423986e-06,2.6782187613366466e-07,0.007262110402013972,0.009101739019115433
209,0.051392587561675925,0.108995375389187,0.006617333411811115,9.752399148794626e-07,1.8802238489246295e-06,0.010291667062571383,0.051845124249101766,0.08311891494488692,0.0030361749225095184,7.979814220607957e-07,2.8572398999654748e-06,0.01458766937693893
210,0.06516590899588799,0.0674541074803476,0.005029533737350595,1.5216077808923331e-05,3.5312640172036595e-07,0.10233624891030618,0.05012487345513614,0.05292312187981769,0.019245046869965823,0.0030511192895500403,5.762250844091529e-07,0.09560850914146868
211,0.054348768402943476,0.12390063875542451,0.019719158895173516,7.514417014858499e-06,0.003195217468806722,0.09399394632485016,0.05102803927909703,0.09645552345749198,0.010116111449234523,3.954906365267269e-06,1.7860721409626672e-05,0.0973977764592003
212,0.050598247233736904,0.10966871773606933,2.5870233153780667e-06,1.5012177674816188e-06,1.0697481123049727e-05,0.12293214068828132,0.05102803927909703,0.09645552345749198,0.010116111449234523,3.954906365267269e-06,1.7860721409626672e-05,0.0973977764592003
213,0.06013169177536502,0.05847906726913474,2.5382067933171068e-06,3.687991806352066e-06,9.877890353714782e-06,0.08646110698453323,0.04989339463906946,0.05327753168013028,0.008494857338732035,3.1065470414528785e-06,1.4560382192922719e-05,0.09020229850934981
214,0.04797229176314415,0.10053686843539361,0.0032838294140421368,1.013112023420712e-05,0.040801098276915415,0.29567927790587545,0.043094049590697694,0.10136401137558004,0.004078916063910297,3.1567838461583106e-07,0.04269193414905254,0.15180231301371588
215,0.061204310513885155,0.09543930711558674,2.5870233153780667e-06,5.834420044259544e-06,0.003195217468806722,0.08729721533551732,0.05102803927909703,0.09645552345749198,0.010116111449234523,3.954906365267269e-06,1.7860721409626672e-05,0.0973977764592003
216,0.9286611243996914,0.7413640476547019,0.9479587608372958,0.856840686175409,0.5579851792860628,0.13967849643813177,0.898659000898666,0.7817902809663878,0.8684140342986865,0.8590436878101303,0.6025182012317635,0.17313009216162334
217,0.054348768402943476,0.11367406743232553,0.019719158895173516,1.6691172468112377e-06,5.5402899468244365e-06,0.09399394632485016,0.05102803927909703,0.09645552345749198,0.010116111449234523,3.954906365267269e-06,1.7860721409626672e-05,0.0973977764592003
218,0.054348768402943476,0.12148714579714072,2.5870233153780667e-06,1.5012177674816188e-06,1.0697481123049727e-05,0.12293214068828132,0.05102803927909703,0.09645552345749198,0.010116111449234523,3.954906365267269e-06,1.7860721409626672e-05,0.0973977764592003
219,0.05349257175376839,0.12390063875542451,0.01785929213310573,1.5012177674816188e-06,0.003195217468806722,0.08729721533551732,0.05102803927909703,0.09645552345749198,0.010116111449234523,3.954906365267269e-06,1.7860721409626672e-05,0.0973977764592003
220,0.061204310513885155,0.11367406743232553,0.019719158895173516,1.6691172468112377e-06,1.0697481123049727e-05,0.08729721533551732,0.05102803927909703,0.09645552345749198,0.010116111449234523,3.954906365267269e-06,1.7860721409626672e-05,0.0973977764592003
221,0.06475707925199478,0.12390063875542451,0.015599572528747805,1.6691172468112377e-06,1.0697481123049727e-05,0.10159674994397962,0.05102803927909703,0.09645552345749198,0.010116111449234523,3.954906365267269e-06,1.7860721409626672e-05,0.0973977764592003
222,0.9151977986281171,0.7712811415970174,0.8968643601357478,0.856840686175409,0.6355333122324784,0.1540073652007493,0.898659000898666,0.7817902809663878,0.8684140342986865,0.8590436878101303,0.6025182012317635,0.17313009216162334
223,0.9151977986281171,0.7712811415970174,0.9479587608372958,0.8512166126980054,0.5579851792860628,0.1540073652007493,0.898659000898666,0.7817902809663878,0.8684140342986865,0.8590436878101303,0.6025182012317635,0.17313009216162334
224,0.06475707925199478,0.11367406743232553,0.015599572528747805,1.6691172468112377e-06,0.003195217468806722,0.12293214068828132,0.05102803927909703,0.09645552345749198,0.010116111449234523,3.954906365267269e-06,1.7860721409626672e-05,0.0973977764592003
225,0.3684759028705481,0.30940790646034133,0.9948791890615031,0.9752861823890092,0.9106362292655245,0.4044253726412308,0.6538577336894194,0.5685990413015752,0.9935545510999659,0.9833957702958654,0.9100571135087789,0.4623833308554617
226,0.8884751239108072,0.7767560202868892,0.9906894929746152,0.9697122870562641,0.9606443733497075,0.6554703589090002,0.8985478253905838,0.7678312414238014,0.9911365352189102,0.9831339293411874,0.9294381223907051,0.7726129207015979
227,0.05349257175376839,0.12390063875542451,0.019719158895173516,1.5012177674816188e-06,5.5402899468244365e-06,0.10159674994397962,0.05102803927909703,0.09645552345749198,0.010116111449234523,3.954906365267269e-06,1.7860721409626672e-05,0.0973977764592003
228,0.030016942472029077,0.036520271620305945,1.2804746686971076e-05,4.952183689694305e-06,0.017199042608647405,0.07337057442112642,0.0332512249614848,0.143146586263043,0.0030780238409784124,1.1653944691084731e-07,0.023198190057562223,0.08398869499377422
229,0.06013169177536502,0.05562122018148649,0.009629915220930743,5.459317100640877e-06,0.002948316642107534,0.10209547549136817,0.04989339463906946,0.05327753168013028,0.008494857338732035,3.1065470414528785e-06,1.4560382192922719e-05,0.09020229850934981
230,0.054348768402943476,0.11367406743232553,2.5870233153780667e-06,1.6691172468112377e-06,1.2663484182371828e-05,0.10985966996208724,0.05102803927909703,0.09645552345749198,0.010116111449234523,3.954906365267269e-06,1.7860721409626672e-05,0.0973977764592003
231,0.050598247233736904,0.10966871773606933,0.015599572528747805,7.514417014858499e-06,1.0697481123049727e-05,0.08729721533551732,0.05102803927909703,0.09645552345749198,0.010116111449234523,3.954906365267269e-06,1.7860721409626672e-05,0.0973977764592003
232,0.9198732952120112,0.7867526070314277,0.8213167902492295,0.8624774298712212,0.5579851792860628,0.21144845680218072,0.898659000898666,0.7817902809663878,0.8684140342986865,0.8590436878101303,0.6025182012317635,0.17313009216162334
233,0.054348768402943476,0.10966871773606933,0.01785929213310573,1.6691172468112377e-06,5.5402899468244365e-06,0.10985966996208724,0.05102803927909703,0.09645552345749198,0.010116111449234523,3.954906365267269e-06,1.7860721409626672e-05,0.0973977764592003
234,0.2818843838901539,0.8049287353206626,5.114871469619882e-06,1.6381845703390477e-05,0.10618810798410777,0.9506457230928208,0.05226728249773277,0.08704692934470142,8.617128561811075e-08,7.540863466129016e-06,0.13763538264561778,0.9117827016090905
235,0.0551360425753459,0.12423113396907293,0.007730308960435301,7.057988142611046e-06,7.229248086130798e-07,0.03673694802691323,0.05208341807030436,0.10437429683422786,0.006978083981089083,7.676879184486548e-06,9.134151511195582e-07,0.024967205271470526
236,0.08389962319798462,0.11764597099511051,0.07436783895452209,2.3365235471222285e-06,0.012110169059174775,0.07886167548180577,0.052303860404199015,0.10445933531489761,0.046398843723351964,2.314180564375459e-06,0.017831401750691075,0.05965191863603971
237,0.05545264361547204,0.19019487964416723,1.447239236096988e-05,3.931800717645504e-06,0.0048387125189024455,0.12160185765270758,0.051381650387268746,0.16927996733761708,5.3574301723651164e-06,1.3562520165313383e-07,0.007117606950899563,0.07934863994856417
238,0.055520190461871566,0.11165787551569333,0.010511971566199409,1.9203252090085066e-07,0.005155447918964169,0.03207371998909848,0.05222671911348809,0.10029072783555219,0.0052498877518225235,1.5777019041160525e-07,0.004900589448789291,0.02543570487119969
239,0.05128168803155431,0.21646825162604,0.003686524173940915,2.712924719753909e-06,4.2425855311311274e-06,0.12911392856381504,0.051367369267100095,0.0782494017144211,0.007801053325970524,4.2478111597641807e-07,1.4212392945483708e-05,0.11828974573543978
240,0.05576323200943072,0.12149113883239117,0.010324345770386842,8.555090577298442e-08,0.006856079499747841,0.042590141485721815,0.05144043158754032,0.10150615181054894,0.007468027824603023,2.567516476961499e-07,0.00906522572426365,0.02583700351834544
241,0.6958389437851289,0.7599049624687865,0.8922898076349668,0.9562793258456472,0.9152748578917919,0.8677201142792667,0.9030391647757082,0.3603872305256568,0.8972023972433111,0.9714546568573417,0.8820155875357925,0.8697751134449679
242,0.054281696935779576,0.15205664944770386,0.8935977301522823,0.18393864796697418,0.21096947898690635,0.10897837219934538,0.03945727194489881,0.13111733780483112,0.8939146365989687,0.19071984956170313,0.25438750819033557,0.09693175755670344
243,0.9449066460038505,0.8035731711086949,0.9806208959717388,0.9975179429919752,0.9616576429415797,0.8751132415226273,0.9240470671807629,0.8182580500364107,0.9887515736734794,0.997999028536054,0.9425669050009006,0.8491314657694631
244,0.5811548436207569,0.8037851309100043,0.978862513600937,0.6264170960336679,0.7034480861224419,0.8683323987557318,0.6848832108518351,0.8957905624925272,0.9261295690556864,0.7376960465833678,0.6903100999228383,0.8797849086182821
245,0.07303341845155871,0.0853067241881855,0.004211310478408786,2.8298726311896983e-06,0.0036221735826193033,0.11152563123372004,0.05227008982621601,0.1600456209753741,0.00360446550271943,6.569412873908464e-07,0.0058931657880990475,0.10205071070790864
246,0.04614324231574804,0.28627541052698147,2.0096864844952925e-06,9.583562475593519e-08,0.05392708456478627,0.4322256290961419,0.0360066095267417,0.7626277141303102,1.5786528928614855e-06,3.045449357448311e-07,0.04635200933365759,0.44860504378622773
247,0.06858776369052894,0.08784413910892454,0.020285224755810377,0.0026587518120670933,0.039316367322386615,0.048054835336520295,0.0523055980585907,0.0607454095377507,0.013601143512120021,8.277926250471104e-06,0.04089939029817147,0.03213414964956765
248,0.04808403207924583,0.08941072129279226,0.0758669531814004,0.011924776898679178,0.1654483976876293,0.09590718588524667,0.05050237555103315,0.08565738464079219,0.15110367928910978,0.019629835737416713,0.12976292837151193,0.08755956991554933
249,0.06763682368083472,0.1230872608297095,0.006010144560355561,5.774018923757587e-07,3.158512747724644e-06,0.011396069092915162,0.05222892482745959,0.10381328063540537,0.003542722435737885,5.90226401542951e-07,2.394711448288826e-06,0.01805407199195997
250,0.0656218447590509,0.11029205548025246,2.651762322855633e-06,4.840131256877359e-07,5.624479920918304e-06,0.026339262680269853,0.05199215363078435,0.08801442564500972,0.0030769365530229167,6.821003221489555e-07,2.7769374021441248e-06,0.014467124795638778
251,0.05553150709054903,0.07721578835971572,2.651762322855633e-06,3.958839079014106e-07,1.8161899865378333e-06,0.018846860428704468,0.05199215363078435,0.08801442564500972,0.0030769365530229167,6.821003221489555e-07,2.7769374021441248e-06,0.014467124795638778
252,0.055623193334905716,0.11102351325004244,0.004652422547008383,1.921091047395431e-07,0.0030650194380302436,0.030996297802695704,0.051983808116871956,0.10626979191129476,0.0030485309810638944,1.1370785989562993e-07,0.0033458299241488883,0.017051575404650812
253,0.9167794231064084,0.8516473642571372,0.9880298310950649,0.9950795444423665,0.9230947809970136,0.8608148126660813,0.9010910189805772,0.933060400115571,0.9838880343619725,0.9953311914703117,0.9110114876180535,0.8723210399193921
254,0.8980091416283894,0.7977348821291712,0.9840502526533855,0.9927993357153879,0.953108960587737,0.8223494489234333,0.8856166911969728,0.8236789536102205,0.9819339527767048,0.9965838831496141,0.9290084632344526,0.8498145992359833
255,0.058529652730414064,0.03266786140437633,0.013611554129264822,0.005321418762236847,0.09719495865528258,0.0684763118628421,0.05227892149197607,0.04476201858755939,0.015969558025650928,0.004423738617812942,0.06577471319245867,0.0391895728812747
256,0.047331292414250416,0.14878007587983244,0.00313366054649052,4.3214777277135157e-08,0.029712378785271984,0.23434697120255463,0.024474419298378455,0.3097777080773514,1.1028442064879059e-05,1.976460697337627e-07,0.03811862651187235,0.21045902240739123
257,0.051809559482923796,0.12096630351330163,0.013754154593576946,1.1395871022935204e-05,4.637351893006021e-07,0.036330201547123187,0.05215373055611689,0.10294030701960856,0.008312422623943458,1.0256455950922998e-05,6.344740444778588e-07,0.025954721907266342
258,0.06547445309588046,0.10266073584987077,0.01623625050041377,3.0347078273456878e-06,4.481906995192845e-06,0.08826834947890415,0.05230437532526022,0.09737394534022342,0.007002427732702929,2.965196278092317e-06,2.4820639035936726e-06,0.0853065111203157
259,0.057865864815811616,0.11059465388968444,0.009064070947162103,4.0157531376874155e-07,5.6325372224769155e-06,0.10808868092552752,0.052321447938658054,0.09850313247539645,0.007024121425513972,9.642219920086221e-07,1.647793976600432e-05,0.10381914981885049
260,0.054005579682639526,0.09200558685625883,0.006922134622147385,1.6786023117664218e-06,0.02263852205752188,0.044613641408676526,0.05091557765458074,0.07175735086453476,0.004761301768775474,2.1292892531367572e-06,0.026459807832034027,0.019775524208688396
261,0.10023207120626956,0.15576225575039293,3.0154871455124384e-06,1.1128872342622793e-06,0.06843798370504552,0.7087211212172254,0.05224938066542291,0.4811492659504975,1.466228531237653e-07,1.4996399551290993e-06,0.0798715648962376,0.830909342903491
262,0.8934868710032866,0.49392362806961826,0.9350113490621283,0.7856308468562299,0.7347352266515512,0.8375441624283282,0.923364841452992,0.5219523176449313,0.9187215736545269,0.8801517761730574,0.7211163903210931,0.8307451490254404
263,0.05116751520056365,0.18982258182440412,3.389484345561741e-06,1.1862525249230093e-07,0.008863166202255694,0.04483799711016262,0.05161009962081835,0.10462386522040858,1.667474857518584e-06,4.5765488809631815e-07,0.006124416409314341,0.010318782338012726
264,0.910661457309526,0.9187226266995152,0.9881952252841633,0.9962686140487662,0.9349038687176624,0.8711706052328377,0.92322174907125,0.9200561688322714,0.9872520505534762,0.9965362091535619,0.9236561188385747,0.871145420962795
265,0.06608954089392996,0.05312717233694662,0.0025782285786151472,3.594083351705172e-07,1.7927945812457325e-05,0.0069030101214500135,0.052274780157510206,0.053517682413784295,4.505540328406285e-06,1.8270012006359897e-07,0.0028481900381413555,0.009250514426859468
266,0.9249937817119178,0.9209828500926183,0.9839138467582055,0.9970110567338261,0.9310951790605585,0.8779848092893141,0.8986348554465172,0.9354983766361253,0.9831822084582162,0.9946367323242153,0.9052611319446784,0.8734919218340477
267,0.05528802791087147,0.11071860006354788,0.003925537507746122,2.9034425063728033e-07,0.007225664623576091,0.008529349902274674,0.052224150103688464,0.09187551970134954,5.315628815535039e-06,1.270642074051332e-07,0.004963521235266834,0.009137479244430853
268,0.059399274865209045,0.02661584869929819,0.019073950101745514,7.87030024529119e-06,2.541135391084126e-06,0.11339455111706383,0.052265318146660696,0.03894839362595609,0.010776183537110516,5.340594272807283e-06,3.867501389216728e-06,0.09432868305529608
269,0.056685189848474565,0.22822807732764142,9.84028131948186e-06,8.719408418582584e-08,0.005155719057914584,0.042047990926225375,0.05222007804561579,0.10438478568391603,1.9696369641421516e-06,3.219679382825219e-07,0.005335057637437554,0.009563191457618194
270,0.05709951831535307,0.3150427690834305,3.2616603700427875e-06,7.10864653385452e-06,0.0046354168716576044,0.3827805722519272,0.05230072738288188,0.10440926004997064,2.409151711438483e-06,3.2277757977408875e-06,0.006845849248597189,0.35018611652737147
271,0.05543596782211376,0.10760520295981955,0.005629335644926233,2.4255478716526895e-07,3.3994606231051767e-06,0.015519461871273468,0.05224735130027843,0.07568185701533892,1.5298320021257763e-05,2.90735556728761e-07,5.736061215085809e-06,0.012061947840085163
272,0.05531449871834607,0.12674826873614295,0.017417997273629963,7.958310819675705e-06,3.374320970212309e-07,0.05209385230613524,0.052227101281812675,0.10349706156071603,0.008495962025418729,1.0708611909922898e-05,4.1147691644777196e-07,0.026813051661471313
273,0.06576785815512573,0.12877156326385356,0.0173939839994369,3.095573211600502e-06,5.55665982944193e-06,0.10068599741916202,0.05211792677816971,0.10437421773313152,0.00976200137228447,3.417309938544016e-06,7.737997105858547e-06,0.10804059898474244
274,0.05588466178697102,0.09804770916067353,9.207827890310621e-06,6.582255325518028e-08,0.004465843556311028,0.0069030101214500135,0.052274780157510206,0.053517682413784295,4.505540328406285e-06,1.8270012006359897e-07,0.0028481900381413555,0.009250514426859468
275,0.06608954089392996,0.06397553761606782,3.1039029771905086e-07,6.582255325518028e-08,1.538817494562912e-05,0.018899417844426405,0.052274780157510206,0.053517682413784295,4.505540328406285e-06,1.8270012006359897e-07,0.0028481900381413555,0.009250514426859468
276,0.06415682424746812,0.06277199874914244,0.008911982092111555,5.676419220161748e-07,9.611806486058015e-06,0.11469083353920197,0.052309357973166264,0.0644485506362139,0.008428148074657952,6.12732565720258e-07,1.1285507035371086e-05,0.11742800473471232
277,0.051088096567762115,0.07774787532146496,0.005253694191373735,2.1502090771489376e-06,0.027519698010659743,0.018409707587142787,0.05084235584508394,0.0680881694521955,0.0052042177807110675,2.732641833797032e-06,0.028693082282162267,0.02087710928348699
278,0.0657235903320011,0.11660398835807377,0.018370480290702613,9.930438403552467e-07,0.0025548810233435907,0.10998143692058429,0.05205230066115629,0.09957683862700202,0.010228523648279975,2.5793007924400886e-06,1.1556884133688073e-05,0.10760809694013461
279,0.5986881411350446,0.909540782959922,0.9782814848701777,0.7539694761899328,0.7142158585858202,0.877908934079775,0.705698038739007,0.8929341615740688,0.923928152893891,0.7415492375195561,0.6867945314650953,0.8733634106098772
280,0.05369553610113312,0.2210923288671068,1.1314358895590419e-05,2.4701908533236935e-08,0.022084068557116622,0.14138513398179633,0.02926376728961114,0.10445769638054188,4.278750812909896e-06,8.270979096774145e-08,0.017474676830065584,0.11196477634435165
281,0.11579324618757904,0.13498658306455866,0.3967000803529649,0.07197917728639701,0.1382443323835238,0.06245582504735824,0.06372849090347255,0.10434116767766016,0.6863165124737144,0.06567861417962356,0.13948158952378667,0.09665768656688578
282,0.9141943378943798,0.8912060935460554,0.9633558617153366,0.9941538360118322,0.8937497856773484,0.8504677056359307,0.8987241092871177,0.7710848020123633,0.9686797851562271,0.9730365905564334,0.8965472525263986,0.8618323655256037
283,0.05371578239885512,0.1712881943325714,0.03705750104716489,0.01561586259023379,4.0910501623354414e-08,0.101674132256896,0.050855620295793,0.1043902857568344,0.02518132701224574,0.010991839053327571,1.0810959068444853e-07,0.09688444049038474
284,0.030388858902490098,0.09631547934503926,1.4723122392228496e-06,9.884233216300066e-08,0.021735379597730867,0.2751301349654545,0.026647769449341486,0.3352821109899793,1.1991231191902364e-06,1.5161035700523328e-07,0.0272898715560279,0.26102165360199653
285,0.06128458143212234,0.09580675724415647,0.006451955680302209,1.0523537738602543e-05,4.1274751658754756e-07,0.04028728702073891,0.052319621072638454,0.10431209862704298,0.006945241991004445,8.415318540483031e-06,5.575795603588465e-07,0.04890423740363784
286,0.0665323705939508,0.11286492992847208,1.6441177093754518e-05,6.328127666050146e-07,1.6923977376676797e-06,0.03436036883967287,0.05224816983379687,0.09761805952975604,0.003983452675960594,7.355615945951861e-07,2.1107319435439217e-06,0.02319625944463033
287,0.06116854238859195,0.1246304884305548,0.005420844425215384,1.2702306047891724e-07,0.003909098867408154,0.03399847790238144,0.0521716466847766,0.1043805378244396,0.003477034071004962,1.2122813534369428e-07,0.003549788483878127,0.019222560340650396
288,0.9523803604891948,0.8791142711325779,0.9913167272076413,0.9972797176096684,0.956253044270013,0.8486217964953487,0.9336292826620618,0.8690467433754304,0.988445873990195,0.9977390586620307,0.9395377801373539,0.8589891837869057
289,0.9169678610770823,0.831061849089815,0.9973206560928739,0.9977416096254695,0.9600118831068882,0.8382653958359031,0.9239583002778715,0.8232475437162688,0.9888394546553256,0.9978525412547617,0.940362885259254,0.8513358380125212
290,0.9095069864073064,0.6297932240964074,0.8738796949816157,0.9942862913560394,0.8550040216981076,0.7846483337237349,0.91213830796074,0.7476228569890607,0.8557675779395155,0.9736070261333943,0.8435191461082076,0.8301139842027961
291,0.9156321397750686,0.7699125996785233,0.9410777555490238,0.9639574176340583,0.9375622908540483,0.8797654716900309,0.8986139892181544,0.7626428686241115,0.9481163729863724,0.9714208282617349,0.8919472453013464,0.877935157391236
292,0.06656041314621296,0.09848079610500417,0.0055254308983811295,5.666633646485585e-07,6.548169734892903e-06,0.07084282437837404,0.052277531081100684,0.08127938507696494,0.005140051743561857,4.263493938118533e-07,8.263802314243597e-06,0.04465417591480653
293,0.050748755412066776,0.0993482724186755,0.013656277026979158,0.0034518187656400203,3.7280781695072225e-07,0.10345653305704118,0.051546148109510505,0.10432265244202066,0.020970546277364173,0.002808138778329007,6.189872470039126e-07,0.09663942272992254
294,0.06567792188369954,0.1514724622223993,0.01919022047722356,0.003627211358402534,1.9545831381398657e-07,0.09701543503269613,0.05149540671685405,0.10435089445129189,0.011770413741905125,0.003219174840345231,4.7504073945039016e-07,0.09557502172945759
295,0.06128083659729041,0.12355036890035175,0.006865728575854673,3.212432555937011e-06,2.9626414382995166e-07,0.040313349399631354,0.052318659174222196,0.10372284197732147,0.006989305872049167,8.667024032979756e-06,5.472868762876403e-07,0.04890087457292502
296,0.05207179975397019,0.11036061801298744,1.254611341517558e-05,4.296308626988473e-06,2.732102662157267e-06,0.10010379691891472,0.05158174232998873,0.09315789590856546,0.008503546249213774,2.612059247170481e-06,5.596292404302618e-06,0.102006472410899
297,0.050259014763703515,0.6260582447536585,0.007996437907831827,2.723371081488883e-07,1.5646082235143763e-05,0.08633036790356376,0.05059411878508675,0.38853462505641934,0.008890450514376353,9.101818077727924e-07,7.2981386558887804e-06,0.09281292707737318
298,0.05595228627588514,0.06285461583023846,0.014294766252720066,1.687658835683338e-05,1.661716164543499e-07,0.05082333619085995,0.052240343371658476,0.07229792936565549,0.011059608568030942,0.0037984840099905635,2.0250622835293857e-07,0.03951257948175141
299,0.05528656931611179,0.08474357944619107,0.013094416223775565,1.687658835683338e-05,1.5321214862505546e-07,0.05082333619085995,0.052240343371658476,0.07229792936565549,0.011059608568030942,0.0037984840099905635,2.0250622835293857e-07,0.03951257948175141
300,0.05171175625223732,0.06285461583023846,0.014294766252720066,0.005120786509993817,7.54583361105888e-08,0.046670385439159745,0.052240343371658476,0.07229792936565549,0.011059608568030942,0.0037984840099905635,2.0250622835293857e-07,0.03951257948175141
301,0.05595228627588514,0.06285461583023846,0.013094416223775565,0.003912788916992241,1.2207174434272272e-07,0.046670385439159745,0.052240343371658476,0.07229792936565549,0.011059608568030942,0.0037984840099905635,2.0250622835293857e-07,0.03951257948175141
302,0.06683889805397598,0.0652984064576887,0.022880595744648582,8.64855010302123e-06,9.99579611394609e-07,0.09252687419755753,0.052237395177435475,0.09330398318021774,0.015855100690321075,6.726433175322157e-06,1.6413916115401843e-06,0.0988510770967712
303,0.06605324588663494,0.1243992165507367,0.016504347497840043,0.002869067501027936,3.3392257762508373e-07,0.061248890808033585,0.05207058556278709,0.09123081515920828,0.01217274212774659,0.004987444178888996,1.656874365780355e-07,0.04835746275610399
304,0.06266609394443173,0.09218766804777555,0.016995875090753464,1.4743416101670834e-06,3.5262508587470774e-06,0.10578048034812765,0.0522997043322111,0.10758339942972277,0.009820320466051512,4.306812769761202e-06,6.247242937186809e-06,0.10606398962259449
305,0.06420467189073276,0.14243327790518429,0.038766764879466856,0.013575346606342685,4.5875131393486665e-08,0.10168075522386719,0.05060684017069437,0.08010741545482752,0.026322577724862673,0.009681825655548714,1.283020379046265e-07,0.09889563920541107
306,0.9336547734390525,0.7925723461281585,0.9917247472712879,0.9900456464370844,0.9598118907552625,0.8537989488758565,0.9190965985211258,0.8144855034699068,0.9889252072281962,0.997792937794577,0.9399627560873716,0.8504967842822824
307,0.06071831834530783,0.10537853299012558,0.002743514762399906,2.642835608497871e-07,1.5794947171166157e-05,0.0405476739713345,0.05225490245429842,0.08931742973179203,0.003688808397778101,2.307702532261498e-07,8.870646923662453e-06,0.025406652140386614
308,0.06601711522920571,0.11368545520992783,0.0074374963049999646,1.1732605551468467e-06,1.98009881639931e-06,0.04988732362897508,0.052245479552978154,0.08575724292819414,0.003428102804507998,1.548029562197573e-06,2.5080612039507853e-06,0.016998356149448467
309,0.062384741536382994,0.21100996821712567,1.5646793153152615e-05,1.2389103304754785e-06,0.004304930282817796,0.381702939386655,0.0508651715679824,0.10436803929500439,8.361040157413939e-06,6.318428046507216e-06,0.00469365091786868,0.29321925844223096
310,0.06319156545282696,0.09047874639876087,0.041760969465969425,0.010596455319971148,1.767311552279917e-07,0.11006404646664363,0.04998686123012559,0.09626269991315861,0.043107022622790175,0.007512727481439854,3.226759059200632e-07,0.11130551655692959
311,0.06624281372140857,0.07083281652722061,3.0995888808820296e-06,2.0471820842029953e-07,0.006266918012179305,0.12983179228646832,0.05228192981244329,0.08271417716987489,2.461638317627818e-06,1.8550274477452263e-07,0.008384454012413473,0.1084192948932956
312,0.04862728498677861,0.048896781491369286,0.026004724464202357,0.0027305586162188833,2.691482602276624e-07,0.11236732456460473,0.05038400466220398,0.03866278385154385,0.01689009722368725,1.8616401638062868e-05,8.144064543836818e-07,0.09523926797652332
313,0.06663078551972802,0.11195016518044629,0.007201856935319977,4.3538855054675454e-07,2.075378376535393e-06,0.04060670612218495,0.05227185790361355,0.09624527181677563,0.0034403228963028115,3.403044048909253e-07,4.371831432470301e-06,0.021702162441700618
314,0.0542840292402214,0.11229247104015679,0.010339321198378049,2.084021605387927e-06,2.8440742704025614e-06,0.11084700290275036,0.05086990265103495,0.09386530937993691,0.009983202233334411,4.467985969073227e-06,7.375751025643779e-06,0.10142338078975724
315,0.0542840292402214,0.12489649866802811,0.017438769374084846,2.084021605387927e-06,4.362718726626439e-06,0.11084700290275036,0.05086990265103495,0.09386530937993691,0.009983202233334411,4.467985969073227e-06,7.375751025643779e-06,0.10142338078975724
316,0.0551907683618882,0.12416874324651916,0.00413957363105746,1.0353141368272336e-07,0.0031500941578439883,0.03245928470262755,0.0516005295282222,0.10389424128939892,0.0028271128841934148,1.0709739826256154e-07,0.004184677262395611,0.015090024367045436
317,0.05078351568802312,0.1302412532261859,0.01737417004078708,1.300773733980239e-05,1.0941530606074364e-06,0.07451505013956211,0.05215955117574094,0.10807242993696929,0.007504504925736923,1.1084212462431255e-05,5.710929970283375e-07,0.06319695707765653
318,0.05831460881765602,0.44486102355881146,0.029776643704784285,0.009056026766127209,4.044506769113327e-08,0.05405899187558768,0.06435016141359519,0.4495681875963325,0.03864542553027933,0.010590483439117013,1.2644103696086916e-07,0.10155264683836418
319,0.9400583874951735,0.861624439524644,0.984690674279926,0.9982908223159177,0.9498790183143393,0.8652910550937303,0.9264527215413586,0.8570374265622839,0.9888351277764625,0.9971455935205674,0.9335034998275233,0.861557039741932
320,0.05592080524808037,0.1096541831542387,0.012334539996536048,1.4680057920371565e-05,3.150646842931431e-07,0.06085380239697294,0.05231584044492767,0.10465664616401442,0.007900769562113876,1.2888410143781757e-05,5.722877967740353e-07,0.07037336404503378
321,0.05335739186205253,0.2207536381172575,0.3159985900656262,0.02867898081220701,0.17578175171523436,0.08889345480929577,0.05223758500767607,0.10445987564787795,0.50713798313584,0.03629433388046779,0.15765201763491665,0.10368431450798749
322,0.9227367194143413,0.788440608741786,0.9919609525457206,0.9963605916617195,0.9535242397601281,0.8561846569993161,0.9008072405490732,0.8089108078232786,0.9892003543737331,0.9970148085212271,0.9345782569868527,0.855720977962916
323,0.06667492541297626,0.12463334181971898,1.1407527610040516e-05,1.6617908351177639e-06,1.6651953738476792e-06,0.01330286216669916,0.052304419570219675,0.10445276734761723,0.004946093248177087,1.9642342220586558e-06,1.0988327727415376e-06,0.019567121536628818
324,0.9440652138639153,0.85987172728548,0.9973941712980203,0.9983524546344387,0.9530068039294087,0.8674610840991891,0.9262618593934402,0.8532836450914867,0.9888601546075234,0.997226629318047,0.9345130618087494,0.8605498469656699
325,0.06107279525827275,0.11977673252127276,0.010285713851006384,0.004848870503170867,5.8347556410067964e-08,0.04342669523890368,0.052130727302706216,0.08995374378159769,0.011447612923670114,0.0045683441012226555,1.8534869731486574e-07,0.05142307181533124
326,0.061524291276705646,0.127578307017142,0.011055472401547953,0.0053380551417620365,9.32726782556912e-08,0.105059204626345,0.051433576187536995,0.07745879446397862,0.02745128311894249,0.00844210452305473,1.5298470058068782e-07,0.09905106470038873
327,0.057667528130310175,0.08467789508114403,0.016998197006899713,8.380159246890807e-07,7.402008536051099e-06,0.12149820962351546,0.052298582536840124,0.09299894409073522,0.00937579600797238,2.0042513079269875e-06,9.982448032048167e-06,0.10252764793401693
328,0.11271862836188527,0.06050734377104597,0.3380885473594844,0.5881310234696066,0.5099227004679927,0.570682237084153,0.05366473413419192,0.03888178052902761,0.3602417405656242,0.45529629856710974,0.5050726765572913,0.6159859381589472
329,0.9358125276850062,0.778214440789587,0.9973254039485832,0.9974072349942462,0.9534138584259584,0.855840932801209,0.8986980203476845,0.7761138689111666,0.9889517014584118,0.9979256356819377,0.9432954987449963,0.8426972081383243
330,0.06106566383561838,0.10365941568594216,0.010320408053200072,0.004877830269999067,3.697062605258615e-07,0.06162040165058254,0.052122797716177255,0.09016481972699329,0.011487254505749904,0.004596976551847291,1.8421617251117692e-07,0.05144269726069739
331,0.055252696206915725,0.10965099269211058,0.009559524581319064,0.0031505390971166137,7.823701080055373e-08,0.10098889015954568,0.052293468325771794,0.08744111909821568,0.009849514663205829,0.003483039226018653,2.493963701769959e-07,0.05296367098092921
332,0.05033339152838537,0.5456679808889036,0.010396527104450815,3.1113776788414253e-06,1.6371757995656539e-06,0.1365996454449339,0.05065782435450159,0.30161663926578547,0.01111608966655707,1.8444692342156608e-06,4.703533098128422e-06,0.0978842908072097
333,0.9532344041392732,0.8345691032070605,0.9912195580081112,0.9977527738284848,0.9632281481452362,0.8412641562953251,0.9274101406867431,0.8246415396904169,0.9883943852008872,0.9982644642770738,0.9462956349438806,0.8473971315251368
334,0.9344677256796282,0.7981495234493743,0.9852476963685951,0.9986770638147947,0.9487943799319348,0.8519725146337201,0.9194928527248016,0.8198590242087462,0.9889660964635744,0.9976698127905541,0.9381751757405222,0.8524322925381669
335,0.05942547571269722,0.1182242503995977,0.029520651742221914,0.01142451541037527,1.2018414031474094e-06,0.07684065199368023,0.051265173776448715,0.10359825206664712,0.019647593336773978,0.011309264279804629,7.901212744914764e-07,0.06972883713319246
336,0.8926650453020496,0.8967167818097745,0.9783471152682658,0.996758298882536,0.9521187236013404,0.8648801644198928,0.8987322940371566,0.8924399381660714,0.9849069222976642,0.9970673368831557,0.9304936869987358,0.8608770055017532
337,0.05198984738554495,0.08982609509126199,0.003773787682156735,5.970276525863502e-07,1.43787236793445e-06,0.026313775036448137,0.052161963194413546,0.09716334474627998,0.0033350291171006323,6.889234432223651e-07,2.3993336721687254e-06,0.015314710936629125
338,0.07300180506585036,0.1905556882652411,0.0042936138990360435,3.4997832536803657e-06,0.006797782438219928,0.08277127748047056,0.052265274687620523,0.7626328117873858,0.0026522452510230428,1.1282457344055411e-07,0.004956136346084675,0.06425534307181276
339,0.9312347169498536,0.7888708302491907,0.9777445386063285,0.9925994599364396,0.9316207030167999,0.8511736823742896,0.8992657734130355,0.8125314944236126,0.9757385011194017,0.9948815620184187,0.913919409594504,0.8506104595510223
340,0.05212665056139906,0.08150809743389066,0.0031283829144638695,3.2924212326187355e-07,2.247463910356487e-06,0.042667389387497735,0.052305798446567034,0.09443547936927867,0.0027718894446438457,3.848655817080524e-07,3.7809262913254308e-06,0.013911714371824344
341,0.06740358306091296,0.08083893073543547,0.003219989150627473,4.747322544446368e-06,0.003707767687976573,0.22217997633849343,0.05228763589047328,0.0691202462196946,1.1451676781519196e-05,3.856204529655832e-06,0.0039816728128596645,0.1908846199809213
342,0.7633309494663808,0.15747165106777905,0.8683250390859963,0.6708764633698951,0.6835286319771658,0.7997529413642952,0.8263627521607856,0.10439169518073417,0.838071347332128,0.8147806579629061,0.6679864163765938,0.7822965078151026
343,0.06528673998569606,0.10522834094799915,0.014145741878831735,0.003925929767138047,1.0842124373430276e-06,0.08905256568299898,0.05040741087016032,0.05609643310901419,0.019770830539890018,0.0033086900880762416,5.118517526087433e-07,0.0957538550183084
344,0.06112461724979954,0.12390231006214662,0.018155227046442245,4.245039999334983e-06,2.9970763141067795e-07,0.05906593405879903,0.05225506950910165,0.10441696645753694,0.007948178575381954,1.3652073903658472e-05,5.374939899064375e-07,0.06857778460492221
345,0.06606041952864561,0.1102501208223869,0.004757074237578462,1.598746328729751e-05,1.591109968443724e-07,0.05906593405879903,0.05225506950910165,0.10441696645753694,0.007948178575381954,1.3652073903658472e-05,5.374939899064375e-07,0.06857778460492221
346,0.05589379516844543,0.12390231006214662,0.013881116025039516,4.245039999334983e-06,3.832688662606346e-07,0.07271641493158487,0.05225506950910165,0.10441696645753694,0.007948178575381954,1.3652073903658472e-05,5.374939899064375e-07,0.06857778460492221
347,0.05124087633772628,0.1250086312349228,0.018155227046442245,1.2894043665878309e-05,3.832688662606346e-07,0.05906593405879903,0.05225506950910165,0.10441696645753694,0.007948178575381954,1.3652073903658472e-05,5.374939899064375e-07,0.06857778460492221
348,0.05124087633772628,0.12390231006214662,0.009263651638422686,1.2894043665878309e-05,2.9499007234972484e-07,0.07779613312658834,0.05225506950910165,0.10441696645753694,0.007948178575381954,1.3652073903658472e-05,5.374939899064375e-07,0.06857778460492221
349,0.06606041952864561,0.12390231006214662,0.013881116025039516,4.245039999334983e-06,1.0336841002618885e-06,0.07771711981942428,0.05225506950910165,0.10441696645753694,0.007948178575381954,1.3652073903658472e-05,5.374939899064375e-07,0.06857778460492221
350,0.09304607008979361,0.7236445047666726,0.005683593718203372,1.987048518784907e-07,0.0027242146874568323,0.09954517914665832,0.05225509571833382,0.39623179891147425,0.006346245822605044,2.069357995584085e-07,0.0028655185358759435,0.10764424234150113
351,0.06112461724979954,0.12441836110889605,0.009263651638422686,1.8940944662863347e-05,2.9970763141067795e-07,0.07771711981942428,0.05225506950910165,0.10441696645753694,0.007948178575381954,1.3652073903658472e-05,5.374939899064375e-07,0.06857778460492221
352,0.0696698099751564,0.1388499944125216,0.02416822416377869,0.003403502441287987,1.9832619949992798e-07,0.07640434948706044,0.052283259407385305,0.10437690008805939,0.013583015047688374,0.003233080528241331,5.274229823455883e-07,0.09838325590283446
353,0.05618179356816963,0.06210218495219841,0.005320272569157286,3.6445798672858526e-07,0.0046806674303167305,0.1557374653028241,0.052291414139685966,0.0666043067834271,3.71059871178204e-06,3.3992340433261216e-07,0.006265949846242181,0.10765015519097289
354,0.06446130517783615,0.18425212025910218,0.013253127675962517,1.240552835628304e-06,2.7615469416442372e-06,0.11984264974968432,0.051397800167475256,0.10434984645716301,0.008503420980464405,1.2976873867093372e-06,9.90594997803767e-06,0.10338183058708642
355,0.04314599697462668,0.039694912035694044,0.043776242903169144,0.0129872490461293,2.149719593481116e-08,0.10816449528761665,0.04767629683890374,0.03585727098696124,0.04212256532649334,0.021113606428107702,6.090956272273215e-08,0.10737678503550177
356,0.06561099971843906,0.0913427173960212,0.007783908465817112,2.3803829851856503e-07,1.121289955641602e-05,0.04004852091589631,0.052172442538764616,0.07802774165199848,0.00650084732975786,4.2769253717842297e-07,1.5060234068886337e-05,0.05429197343053309
357,0.049759159226960385,0.2006033093379816,0.047638530853785825,0.009231792081251813,4.6142224055974884e-07,0.08953931380659644,0.046720727924904316,0.10438281723247635,0.04637094849542663,0.008688739456119537,1.8969355479987423e-07,0.10719464201225716
358,0.061212367289233315,0.10940884786707702,0.012671071525625733,1.3878393826187207e-05,3.411555410722294e-07,0.024834670483551126,0.05228253494168425,0.10218567002622027,0.011370747976736541,0.002834069628796201,4.3238161800860104e-07,0.030990896541614035
359,0.0581301841410377,0.08265917346321759,5.439752856673282e-07,7.200289877309006e-07,1.0037917269404857e-05,0.05927214808834277,0.052314742108279674,0.05963121864108822,8.293579003894556e-06,1.6021572546988232e-06,1.1067531171887522e-05,0.018291790511105476
360,0.08435991136914064,0.166450691269225,2.336369735264378e-06,3.81043066678643e-06,0.038414110092435325,0.14362520107163593,0.05226961486186517,0.4949079895668038,1.764036915835065e-05,3.192855058086969e-06,0.03096660111020926,0.10755531215273732
361,0.05592185996285541,0.11794577023452704,0.020818276478942528,0.002952343184557337,1.7397551114758807e-07,0.056279338247642745,0.0523248991964059,0.08528066860650603,0.00953974548448315,0.003242845974600341,2.6074853530209894e-07,0.04981440026571878
362,0.0518489309358064,0.11688364099088815,0.006434137514235005,1.2663680503458666e-06,1.1908900751299685e-06,0.028383087987451178,0.05213818459886437,0.0951343103944187,0.004079919414661761,1.5755255374790261e-06,1.7167138489301648e-06,0.01720320490835376
363,0.06573964925005345,0.10613936476240361,0.006559095822211494,3.2705447454322077e-06,1.1856244631791412e-05,0.1144444820611588,0.052208156601897274,0.10434951157464804,0.010556975200804232,1.4816777125090153e-06,5.890357117356189e-06,0.10914375036787335
364,0.05529138674982844,0.09058351340601792,0.013892139404813602,1.669322564083318e-05,1.1839869169964443e-07,0.03917232562961345,0.05232707646916075,0.0918056476719587,0.011667135246083255,0.0032460221212531103,2.414219515124666e-07,0.03156847372469796
365,0.05507915485187929,0.12120410925614097,0.008257256385978413,1.5646331165002012e-06,3.4724246675458613e-06,0.019216746013118277,0.05216033947794194,0.09742653891442134,0.004587002603071008,2.8520084511947026e-06,1.615475310768503e-06,0.019801939233314796
366,0.9444327529626657,0.7926019472824464,0.9973423240762008,0.9900872686109549,0.958432072384743,0.8591030668306245,0.9133393986907112,0.8010805896761455,0.9889383366549332,0.9978580965646858,0.9413774386733736,0.8476966841410608
367,0.05173054823904441,0.12190214277091911,0.005733230927410683,7.754579575733383e-06,3.129965644710583e-07,0.03996162350671578,0.05223412411789675,0.08435593654456205,0.008888599743323454,1.6270649419368557e-05,3.1814287902974153e-07,0.032305315048936224
368,0.06594764202493854,0.1274022502043791,0.01649199468311296,1.1650161106868596e-05,2.4075587680169764e-07,0.037766799966165596,0.052223724366104944,0.10445720594193497,0.007980545808125362,8.695507119813031e-06,4.587400616750628e-07,0.02591166741516699
369,0.055272377454968685,0.10633617903364818,0.005964014359230717,3.4394697486686633e-06,3.133607235811529e-06,0.013790056729273612,0.05036596784817563,0.09118754169039275,0.003719248257479138,5.253195640808101e-06,3.2485671306484805e-06,0.02563376729244151
370,0.9507569794494479,0.8159545284829224,0.9912627234027475,0.9990799481909369,0.9538892204319734,0.8746412844668612,0.9303502357265752,0.8386999568211791,0.9884336788965971,0.9981488797549275,0.9439560188699087,0.850877881686145
371,0.9243843961229429,0.842642830758752,0.9974785340630992,0.99745045887652,0.9463036825256608,0.8644565241443333,0.9033794092676011,0.8346923449031617,0.9890249716546519,0.9961769254412198,0.9261575719112399,0.863857674465035
372,0.05175449609140734,0.11250090749685633,0.016349502569855838,0.002755534353176616,1.1823254292637323e-06,0.046619327218749805,0.05223897137136276,0.10439930340924414,0.011418340481945028,0.003104014902072307,5.347032259528881e-07,0.033900610303071455
373,0.023007906499997743,0.12707378033175085,1.637917441210656e-05,1.02657932550459e-07,0.01573034355085737,0.10762726583787452,0.023516397449755446,0.09815331655065483,8.883882105533111e-06,8.88109993414181e-08,0.02130374788367592,0.10766430376725115
374,0.06058855940862991,0.10813799591856732,0.006856963229285641,2.8945041776802087e-06,1.3457589789453528e-05,0.06876797112715,0.05190738060464219,0.0890372969936938,0.002782798394087766,4.7393019760153585e-06,5.661141454314058e-06,0.026074547963285545
375,0.05317514039610244,0.09210400793265384,0.025955587761179583,0.005089706852587346,1.1233657201464212e-07,0.07496771371873041,0.05229828072056523,0.07800397263835751,0.013409982350243243,0.006008259161355765,1.626677361872519e-07,0.06907783540220556
376,0.9409900306701645,0.8065049241112946,0.9917366286765554,0.9988441074940039,0.9617564747916815,0.8313838113896146,0.9090892429142143,0.7921918484715876,0.9889327665897529,0.9979044449580715,0.942354645207108,0.8457346359335964
377,0.06060126996967086,0.13186632177355728,0.011774400188665013,0.006507930343804393,8.614770287387695e-08,0.09782893998278785,0.05146717065563143,0.10651139690600928,0.013561218682334867,0.006205055476276271,1.3990241826909785e-07,0.05401349863434481
378,0.05589648497123957,0.1219013269481231,0.011289214914846517,0.005520261724458212,1.6648531494933945e-06,0.06323811625998284,0.05230928528402458,0.1040793353640918,0.011002656710380405,0.00520603416874138,1.2423011117771166e-06,0.05174753355438335
379,0.05170820465011007,0.1219013269481231,0.011289214914846517,0.005520261724458212,5.929231176744433e-06,0.06323811625998284,0.05230928528402458,0.1040793353640918,0.011002656710380405,0.00520603416874138,1.2423011117771166e-06,0.05174753355438335
380,0.05170820465011007,0.11220871310843514,0.011289214914846517,0.0048626709168086615,1.6027942398178276e-06,0.06323811625998284,0.05230928528402458,0.1040793353640918,0.011002656710380405,0.00520603416874138,1.2423011117771166e-06,0.05174753355438335
381,0.066157271831164,0.11231217468087565,0.01226094003411558,0.005520261724458212,5.929231176744433e-06,0.08535128371498359,0.05230928528402458,0.1040793353640918,0.011002656710380405,0.00520603416874138,1.2423011117771166e-06,0.05174753355438335
382,0.05531531696395911,0.12448115124951983,0.01721866655281496,0.005520261724458212,3.055625510494625e-06,0.05248387589991545,0.05230928528402458,0.1040793353640918,0.011002656710380405,0.00520603416874138,1.2423011117771166e-06,0.05174753355438335
383,0.06131485148034961,0.12223155233417644,0.01226094003411558,0.003465846273164745,1.6648531494933945e-06,0.08535128371498359,0.05230928528402458,0.1040793353640918,0.011002656710380405,0.00520603416874138,1.2423011117771166e-06,0.05174753355438335
384,0.066157271831164,0.11220871310843514,0.01226094003411558,0.003465846273164745,1.3278081795169882e-06,0.05248387589991545,0.05230928528402458,0.1040793353640918,0.011002656710380405,0.00520603416874138,1.2423011117771166e-06,0.05174753355438335
385,0.06131485148034961,0.12448115124951983,0.004815800757464253,0.00441193880879106,1.6648531494933945e-06,0.028360047644085586,0.05230928528402458,0.1040793353640918,0.011002656710380405,0.00520603416874138,1.2423011117771166e-06,0.05174753355438335
386,0.06120161828719577,0.10999299262847768,0.011362034233705055,1.5463655577333306e-05,4.2944455681059875e-07,0.04271560010353571,0.0522053863249931,0.10345170350051824,0.010258052115085825,0.0025320680633184223,5.317734247940877e-07,0.030130712072135336
387,0.06131485148034961,0.12223155233417644,0.018424467661170785,0.00441193880879106,5.929231176744433e-06,0.05248387589991545,0.05230928528402458,0.1040793353640918,0.011002656710380405,0.00520603416874138,1.2423011117771166e-06,0.05174753355438335
388,0.05589648497123957,0.12223155233417644,0.004815800757464253,0.0048626709168086615,1.3278081795169882e-06,0.06530165814880211,0.05230928528402458,0.1040793353640918,0.011002656710380405,0.00520603416874138,1.2423011117771166e-06,0.05174753355438335
389,0.055351404731622346,0.10488023506349646,0.011127347189354472,1.2514266417606224e-06,1.2100002865601635e-06,0.05510024911938303,0.05225039454563942,0.0999736480714106,0.00484013136430703,1.5916510337758859e-06,1.288846351981196e-06,0.029984224771610092
390,0.051724915122422686,0.12344716790682174,0.015926644737904505,1.5399937437082963e-05,4.1422280874005865e-07,0.0617211239017821,0.05221202830355786,0.10340038088913114,0.010360168741972518,0.0025651317431226004,5.250668178396446e-07,0.03028947146399952
391,0.058042575956220206,0.11457574262242402,0.0070583803738857795,3.232341519053767e-06,1.9571520934784477e-06,0.05913728969122789,0.0522342456006532,0.09605742986152999,0.004471310668228467,4.446213092882953e-06,2.0535663418914246e-06,0.023124097344626015
392,0.05768736383112516,0.10935451729461024,5.3027516708423434e-06,2.4379815118210317e-06,4.876768699722872e-06,0.06130173574624829,0.05180249305360725,0.096082985730627,0.004516768721905225,5.2273589520644205e-06,2.151459323595597e-06,0.024484130016796085
393,0.06177260059391031,0.13295249724852273,0.013246544341093519,1.271758011698982e-06,4.6510263917229356e-06,0.09957953812843663,0.05226172286379095,0.1060186781039203,0.009666060068984602,3.8289864237845e-06,6.539257389708886e-06,0.10759042160458121
394,0.052035935537350905,0.12221222625196033,7.854958786535649e-06,2.1160739261902123e-06,2.56889373472139e-06,0.014038306813380554,0.05224364467079418,0.09979315910491451,0.005027927907768565,2.622602874222421e-06,1.230921224446605e-06,0.019323449344153976
395,0.07451007777268764,0.17811375170027827,0.01696888783818048,0.003416558115592851,3.345127010990854e-07,0.11676132480073581,0.05229705747869169,0.08415533595741906,0.029237776067759087,0.002725013456798708,5.912456255626847e-07,0.11451802449166075
396,0.045769333060626985,0.10382274551682012,0.02597624649056294,0.007108434316560536,3.7593151863461694e-07,0.11564115620868183,0.04788409022915687,0.050483499240997626,0.036318037027182934,0.0043121364337562395,3.909692901220446e-07,0.11447894821568588
397,0.8535174569181246,0.7951662770117787,0.9903388715125087,0.9982484275713925,0.9717012682024829,0.8426372109181675,0.8942361087617249,0.77713193237687,0.987582753682085,0.9987002203336846,0.9557681542335902,0.8340019641667572
398,0.059103946061739826,0.15433776137334212,0.01582575009298523,1.3254104120230169e-05,2.4374845739857835e-06,0.09813765991543354,0.05226219540324053,0.3667062846271274,0.015806995141620976,6.413290618059328e-06,2.4375432822360393e-06,0.10381706154260271
399,0.05172342712178529,0.1239409489076767,0.013576815099237407,0.0026300015203418333,3.1232736010452074e-07,0.04318264910989328,0.05232404601369686,0.09493630245013235,0.011457859850133853,0.003102350032531509,2.5421602460199853e-07,0.031012825058307908
400,0.8995753385108202,0.7771225566037971,0.9967017399147583,0.9944258090508334,0.9528939495486504,0.8430056652929594,0.8986487733218637,0.7628252431719009,0.9876247989355499,0.9987128553315364,0.9562776565755534,0.8306893580239969
401,0.049879891513405834,0.1256702339960592,0.010881064549386369,0.009785621938725555,1.1683139027447341e-07,0.03527284477476238,0.050678022524593073,0.10159618020555182,0.021289294704600073,0.00710163286773562,1.7163938241645542e-07,0.0414439099152245
402,0.05619750448255143,0.12203249485106345,0.014729367301324455,0.012357937128932192,2.558250750840138e-07,0.04921195153251014,0.052263563178264916,0.10097970188460897,0.027221923388002126,0.011404558016010273,2.5679060257116964e-07,0.05926651231743793
403,0.06714826595601354,0.13166192032538254,0.045750334038977956,0.020123243495250645,6.634777084857962e-08,0.06008169445892331,0.0522579042880251,0.10437676831688551,0.030806178001991508,0.013122781316429738,1.0288287097845211e-07,0.048916113872288135
404,0.053267210360243136,0.12505589113195578,0.014671713816437667,0.014042883156099107,6.741175777270955e-07,0.07854183564472944,0.05003173666077522,0.1044368362143915,0.025033630468245405,0.01330721086487467,4.770477891930647e-07,0.06981095560320523
405,0.05609828376028374,0.12436205980045174,0.00527738257815152,0.0035052225214583063,1.6275362048251273e-06,0.03314042532552451,0.05228115505178158,0.10436318877492076,0.013116072406652177,0.004083174349703058,5.412160085350737e-07,0.039767544034003864
406,0.16343382757275668,0.3605991272848693,0.04329456559272312,0.014658263889857635,8.508043298094627e-08,0.10545302998743009,0.0684900369536189,0.6937106539096498,0.03981556575952776,0.009346903632383663,1.4718483344175837e-07,0.1015048602398071
407,0.05596323450536536,0.12384792269841914,0.012379761181107432,0.009571876931611798,2.7216962226243177e-06,0.09962440955367026,0.05225099813003268,0.10432238043431495,0.020112897610023984,0.013820599144956525,1.048275826152476e-06,0.07820526713626236
408,0.061304214333541836,0.12384792269841914,0.012379761181107432,0.013873689677146406,1.2308238096323745e-06,0.09962440955367026,0.05225099813003268,0.10432238043431495,0.020112897610023984,0.013820599144956525,1.048275826152476e-06,0.07820526713626236
409,0.05170416373066445,0.12384792269841914,0.028157539423211777,0.009586548249298646,1.8273825298258985e-06,0.09962440955367026,0.05225099813003268,0.10432238043431495,0.020112897610023984,0.013820599144956525,1.048275826152476e-06,0.07820526713626236
410,0.05596323450536536,0.1243804872494563,0.019977684419596322,0.011786844122720106,2.7216962226243177e-06,0.09962440955367026,0.05225099813003268,0.10432238043431495,0.020112897610023984,0.013820599144956525,1.048275826152476e-06,0.07820526713626236
411,0.0552862494717827,0.111961937774743,0.028157539423211777,0.009586548249298646,1.8273825298258985e-06,0.08304201884820739,0.05225099813003268,0.10432238043431495,0.020112897610023984,0.013820599144956525,1.048275826152476e-06,0.07820526713626236
412,0.0552862494717827,0.1243804872494563,0.012379761181107432,0.01753316228900713,6.426107905575208e-06,0.08304201884820739,0.05225099813003268,0.10432238043431495,0.020112897610023984,0.013820599144956525,1.048275826152476e-06,0.07820526713626236
413,0.0552862494717827,0.12384792269841914,0.019977684419596322,0.013873689677146406,6.426107905575208e-06,0.09962440955367026,0.05225099813003268,0.10432238043431495,0.020112897610023984,0.013820599144956525,1.048275826152476e-06,0.07820526713626236
414,0.05251274861468227,0.11571985077195397,0.029016240998545263,0.007305242847077996,1.2212179656727495e-07,0.06293472710882854,0.049321327185018665,0.09963389663975175,0.026127165646146134,0.009616890110763094,1.5922599278392118e-07,0.04808185201984381
415,0.0552862494717827,0.12489038819378696,0.019977684419596322,0.013873689677146406,1.8364795135274205e-06,0.08505179616231454,0.05225099813003268,0.10432238043431495,0.020112897610023984,0.013820599144956525,1.048275826152476e-06,0.07820526713626236
416,0.06607153327168745,0.11375926926012443,0.028157539423211777,0.011786844122720106,1.8273825298258985e-06,0.08505179616231454,0.05225099813003268,0.10432238043431495,0.020112897610023984,0.013820599144956525,1.048275826152476e-06,0.07820526713626236
417,0.0552862494717827,0.11375926926012443,0.028157539423211777,0.009586548249298646,2.7216962226243177e-06,0.042616829383220575,0.05225099813003268,0.10432238043431495,0.020112897610023984,0.013820599144956525,1.048275826152476e-06,0.07820526713626236
418,0.0552862494717827,0.12489038819378696,0.019977684419596322,0.011786844122720106,1.8364795135274205e-06,0.042616829383220575,0.05225099813003268,0.10432238043431495,0.020112897610023984,0.013820599144956525,1.048275826152476e-06,0.07820526713626236
419,0.061304214333541836,0.111961937774743,0.030797135766344224,0.01753316228900713,1.2308238096323745e-06,0.042616829383220575,0.05225099813003268,0.10432238043431495,0.020112897610023984,0.013820599144956525,1.048275826152476e-06,0.07820526713626236
420,0.056079446723586744,0.1089139996477296,0.00806605010771147,0.006186732501693706,3.6461869496986164e-07,0.04142441681108779,0.05231076115547887,0.10228588891287849,0.017876623170783593,0.006086146671328829,3.7564829247444364e-07,0.04629415852770569
421,0.06777431119655827,0.25903129227303334,0.029695261159405274,0.021672290711203402,4.809190912739285e-08,0.07549622734630514,0.05228559100227137,0.10437491204062432,0.022847599011806247,0.014440859908732095,7.009514354588774e-08,0.07042586019298692
422,0.06365975239737323,0.11364291546455595,0.025763346305382406,0.010883388420993559,1.201303478708267e-06,0.07449417859561007,0.05022344742819588,0.10439561149731251,0.02433567321276565,0.012847116285326761,4.934900840596537e-07,0.0691146323040956
423,0.055912060974890924,0.17973085907657496,0.06024170797677132,0.01377572848519973,1.6814180268274898e-08,0.10751663483002279,0.0523252772795067,0.10432051771436393,0.04208497390220752,0.015908550866254954,8.295160247407913e-08,0.10514241113075465
424,0.06607068414199414,0.1566244030087111,0.034279885603762376,0.010693209653088159,4.913053441186836e-08,0.10788253891065558,0.0523252772795067,0.10432051771436393,0.04208497390220752,0.015908550866254954,8.295160247407913e-08,0.10514241113075465
425,0.06594893043567761,0.11092532258742348,0.004673351470675712,0.00437881483937206,2.7864807145587513e-06,0.054360387388855215,0.05218801464344091,0.10367569250506263,0.011664552108658131,0.004101351005943581,7.728354036387776e-07,0.04234294828921291
426,0.05562652562774959,0.10229729344629433,0.0075792283269085405,0.0027074729504255155,2.2321770882690933e-07,0.06201603680692064,0.05224830942497597,0.08186796587938361,0.012717615419675494,0.0038937111636266125,2.013994389579742e-07,0.0335071153487915
427,0.0608949505925234,0.11150484027930897,0.008887923885149574,0.006021174590004449,4.4169852836102175e-07,0.04009276397163949,0.05210088015094937,0.10285458393427258,0.018897514935904795,0.0070520273029301105,4.075019609674834e-07,0.05079829142634577
428,0.06563613195929888,0.12009133587073603,0.007811282529922249,0.006829724934310329,2.3144513963088806e-06,0.07133470176563347,0.052325872054682025,0.10389992547127133,0.015460104343779495,0.008054406579835475,9.314971550327497e-07,0.06149278503479672
429,0.052564936847986694,0.1250677250265169,0.03850807680654344,0.029720864415890093,7.088267377523389e-08,0.04501403845976525,0.05227043831406393,0.07305051408901746,0.032888828285230466,0.017841787121562494,6.476895959131547e-08,0.047742013023237356
430,0.04890184027267738,0.12049305486054045,0.03602521461296595,0.011830630229681059,1.377159972180142e-07,0.0611586712642579,0.04977659161398496,0.09904339869254437,0.02430755598025562,0.008592538919343876,1.770923161811688e-07,0.04664477095652
431,0.051656631161739956,0.11347285857762454,0.010700880312924167,1.5048416263346182e-06,2.7499947148774863e-06,0.06156745939543711,0.05223140205661632,0.09924978983544284,0.0046721286401107615,1.3422316062081752e-06,1.4606275636222992e-06,0.029622941201664484
432,0.05531216690626522,0.106000596153974,0.0056860853341838885,1.0234010917521698e-06,2.7499947148774863e-06,0.06156745939543711,0.05223140205661632,0.09924978983544284,0.0046721286401107615,1.3422316062081752e-06,1.4606275636222992e-06,0.029622941201664484
433,0.9273310036353282,0.7729263625383097,0.990338294535393,0.9991947674493941,0.959680803023758,0.8255111241820181,0.9009619996693614,0.7628003813781731,0.9884078959706615,0.9983850011351061,0.9504100855914542,0.834728349864188
434,0.05504745739997805,0.10853897422641297,0.016643429341754605,0.00502181332096738,8.996164855934633e-07,0.08315042895172604,0.05223969484346344,0.10295917788654449,0.014515141455710354,0.006129637887899271,7.418310949092508e-07,0.052134117581167864
435,0.051621316408098035,0.4568135256691011,0.013278588598406136,1.3370853979899268e-05,3.7689631376918153e-06,0.10925076079969868,0.05052041600456029,0.35228124788832,0.00933530101614934,1.0948250123781561e-06,6.560525978258377e-06,0.09361654310603193
436,0.057805478015718795,0.10775106594146207,0.0036018942999385176,0.002569034068716711,0.004494812782677525,0.4487426352637064,0.05224863605332553,0.14033597598925535,7.286443832596014e-06,8.111713962065803e-06,0.005128661393893266,0.35892356553452615
437,0.06565383224997852,0.0803850469418912,0.011004699956647542,0.006333095026355752,2.7975350631078747e-07,0.032505245234120704,0.05147268284914174,0.07923091769176675,0.018329066846414544,0.006659149085277592,1.3466708803176024e-07,0.03765211431436806
438,0.055208057798331586,0.1232710104832243,0.004716943887535816,0.0034989250180991966,2.4746968029870566e-06,0.07457739076488525,0.05224782721099126,0.10409098785071513,0.011848661636248084,0.00401241622072903,7.173425627174346e-07,0.04132307474300682
439,0.05137338136406431,0.12034708227591544,0.025080375734781495,0.0038507957374903537,1.1529488908165384e-07,0.05244374915597973,0.05205377636320354,0.10045077532267492,0.01592010999855703,0.004774369652656846,1.980781166832682e-07,0.03491492224832554
440,0.053220380901792756,0.08245953081010998,0.02616794479657659,0.024188173975297305,5.913395505905377e-08,0.04721504833776466,0.05053039530911439,0.09372374044246101,0.02898326059709261,0.014733848567612598,7.961787806425645e-08,0.09742735850772516
441,0.0533213372304374,0.12396505187623412,0.028447156577224953,0.013507288229856087,3.2000517768721344e-07,0.06961516781874562,0.05083251232946152,0.10291940066688036,0.027329800905123505,0.012522064695742715,3.1022218033125e-07,0.06397683113239794
442,0.06617028319527564,0.12386085289390003,0.0030624280324542496,5.739623469802663e-06,3.3868073031837286e-07,0.033141041075390766,0.05225453994019123,0.10439732721704773,0.007485064924769945,6.818505051615308e-06,5.729700665360458e-07,0.02394323079860255
443,0.05562351997946168,0.1159683764039364,0.013669102722126783,3.5106234634650914e-06,3.7615069383809004e-07,0.05457557185618855,0.052285753005132635,0.10033890478261237,0.006143582985112486,4.060982177654276e-06,6.595665286457538e-07,0.02651228805075851
444,0.055223253866949894,0.12439263331805657,0.008574953191502335,5.739623469802663e-06,3.3868073031837286e-07,0.038071058948394285,0.05225453994019123,0.10439732721704773,0.007485064924769945,6.818505051615308e-06,5.729700665360458e-07,0.02394323079860255
445,0.05522194280668694,0.1196471407694693,0.026954271220228206,0.007985972519855613,6.968539817177985e-07,0.07746537048960916,0.05195650398655857,0.09956474723795875,0.02168811312042121,0.00758582730165139,2.6622099301211036e-07,0.048479193077717586
446,0.06467413526298489,0.12324814996809229,0.03605280407954531,0.018702588788542442,7.833248410310669e-07,0.09295281156439854,0.05094448945900738,0.10263241017856667,0.036307249726995984,0.02595264891562559,4.4007980668566575e-07,0.08801645240043898
447,0.05458440825368757,0.10816368395285843,0.025182371556956958,0.004979675422630135,5.849139902944266e-07,0.05140141171509725,0.05177180310254682,0.09946755309771733,0.019201024353293693,0.006128309453303424,2.657642381800202e-07,0.04309480276627816
448,0.05484225204206453,0.11804295835557704,0.008873938696035427,0.004538079724053037,2.464115810836218e-07,0.04408048328360454,0.05177180310254682,0.09946755309771733,0.019201024353293693,0.006128309453303424,2.657642381800202e-07,0.04309480276627816
449,0.05268412686313489,0.09482314122611378,0.044094549771575765,0.009277362247297144,2.868626996876442e-08,0.0603493773646844,0.049902483968128186,0.07924890647792383,0.027833737145124406,0.015090369909629607,6.78696408399267e-08,0.04550354749994059
450,0.04939015810898861,0.10603072568796722,0.04031970774076606,0.03298501791038639,5.0424352222523754e-06,0.059249217951359394,0.046666172777528096,0.09653197588486637,0.034934827635224444,0.03036215641700924,7.456826364022768e-07,0.09682194518880954
451,0.050079901278421345,0.10890823799140736,0.04204111503851989,0.021005030278376028,1.370254944413382e-06,0.09949910955439908,0.050470000874360633,0.09953008985761418,0.03861261913977135,0.03167876277067488,5.341279664042418e-07,0.09499668798367003
452,0.049959274457622306,0.10674522025525943,0.03850091395621338,0.03669320351350965,6.702942256702314e-07,0.10083444474307633,0.050355701169975384,0.09926378380561143,0.03924340298502824,0.032880371937932334,5.447224716398218e-07,0.09613375841062832
453,0.06305097961931615,0.11713040714309991,0.034772256257439654,0.01589482851111594,6.275320416329225e-07,0.056415186058441966,0.04960767710814174,0.10396322999164934,0.034663130444488856,0.022297049853854882,3.861527380140305e-07,0.0826596944865662
454,0.04713145555900906,0.050740698178247064,0.04424832807764181,0.013794668176394588,1.4081878921260813e-08,0.10637126266520518,0.04768525190437064,0.04670166938688009,0.03703804400385044,0.01831747745212164,6.77849918888304e-08,0.1041864744818828
455,0.05382538492923429,0.09129876059152223,0.04424832807764181,0.013794668176394588,2.4471661799449575e-08,0.12485208652220645,0.04768525190437064,0.04670166938688009,0.03703804400385044,0.01831747745212164,6.77849918888304e-08,0.1041864744818828
456,0.05382538492923429,0.08701706505108661,0.020609702566310277,0.028970005892664772,1.4081878921260813e-08,0.12485208652220645,0.04768525190437064,0.04670166938688009,0.03703804400385044,0.01831747745212164,6.77849918888304e-08,0.1041864744818828
457,0.05382538492923429,0.050740698178247064,0.03200472342548066,0.013794668176394588,1.540762440884341e-07,0.10637126266520518,0.04768525190437064,0.04670166938688009,0.03703804400385044,0.01831747745212164,6.77849918888304e-08,0.1041864744818828
458,0.04518209237853856,0.050740698178247064,0.05276733546199158,0.028970005892664772,1.540762440884341e-07,0.044559511735540125,0.04768525190437064,0.04670166938688009,0.03703804400385044,0.01831747745212164,6.77849918888304e-08,0.1041864744818828
459,0.04713145555900906,0.043960683605934324,0.04424832807764181,0.03084692763654533,5.415191265682558e-08,0.044559511735540125,0.04768525190437064,0.04670166938688009,0.03703804400385044,0.01831747745212164,6.77849918888304e-08,0.1041864744818828
460,0.04713145555900906,0.050740698178247064,0.05276733546199158,0.016771147951718114,5.415191265682558e-08,0.10637126266520518,0.04768525190437064,0.04670166938688009,0.03703804400385044,0.01831747745212164,6.77849918888304e-08,0.1041864744818828
461,0.04957893368498431,0.09760834507092209,0.026274651879211307,0.016667236873528092,1.6209061504406625e-07,0.10988601267919258,0.051341844375895604,0.06719268027385955,0.045343022686535873,0.019362068726576365,6.909139098693098e-08,0.10758103531052852
462,0.05382538492923429,0.043960683605934324,0.04424832807764181,0.03084692763654533,5.415191265682558e-08,0.12485208652220645,0.04768525190437064,0.04670166938688009,0.03703804400385044,0.01831747745212164,6.77849918888304e-08,0.1041864744818828
463,0.7698356311619636,0.770936815327732,0.9954866178633666,0.9983793000203627,0.964608160773851,0.8174619437911976,0.8818832141204964,0.7626821114154629,0.9914913011798103,0.985848400879764,0.9562492580012169,0.8499984701143899
464,0.06607544181902404,0.11379621700229932,0.0645346060115653,0.014641994241507994,5.96785438109766e-08,0.1016159024819267,0.051341844375895604,0.06719268027385955,0.045343022686535873,0.019362068726576365,6.909139098693098e-08,0.10758103531052852
465,0.05590527362343808,0.11379621700229932,0.026274651879211307,0.03276434329564252,1.39916022469217e-08,0.10988601267919258,0.051341844375895604,0.06719268027385955,0.045343022686535873,0.019362068726576365,6.909139098693098e-08,0.10758103531052852
466,0.05358989989026819,0.1167004652948134,0.030593175781231215,0.008190567419667515,1.775905717949534e-07,0.06866687644570463,0.05063642910322794,0.09790398596530034,0.028183244628183435,0.011033859222558584,1.8726775754174623e-07,0.054337034743079236
467,0.06357216613414929,0.12554444320407943,0.04314905483195051,0.01685273092998878,5.511346572862272e-07,0.07679657193177482,0.05228646981551786,0.10443973724932588,0.039796917229584616,0.023042715165960546,2.3379023713812414e-07,0.07902271987273683
468,0.0645452412146973,0.11375167620774347,0.043077750373549994,0.028128075952011573,3.7748096567118914e-07,0.08066079334757104,0.051002718666758096,0.10432268299306592,0.04021616259748805,0.024611297038253686,2.5796873396992656e-07,0.0819302087567721
469,0.8828327751315493,0.8647245661720168,0.8455176907860015,0.9837135515984677,0.842292429211489,0.8236005745382734,0.88687025038333,0.768081718057774,0.8465372775472807,0.9389993135789253,0.8088483818868702,0.8587027611951287
470,0.05019832056352089,0.11062140495721161,0.010136654195652963,0.0025358986316661248,2.6264876481048972e-06,0.07809554558593725,0.05073257558137177,0.1043631877618385,0.006274014031935071,0.002742713518547297,2.1623957127943203e-06,0.0390387002722894
471,0.06057102059661751,0.13137800249976558,0.033874386457560544,0.01435390779983031,1.7501412573549042e-07,0.059303662793483446,0.0516139842044725,0.10420026915989888,0.02989814411738599,0.01242427011265611,1.083313692206057e-07,0.04840185530406276
472,0.0535665973698493,0.10721209539831984,0.042335275875067,0.06450701778586439,8.070746886984339e-07,0.09755019683010305,0.05009740762368236,0.0998577151689722,0.04340654651748238,0.04136895475105122,6.275058622833843e-07,0.10310268997803158
473,0.050084465885382935,0.12141806887019872,0.04735661692038401,0.032900919872371655,1.7318195395586266e-06,0.1106745932506609,0.05055133341887399,0.1009266074728366,0.044458332580139905,0.04371097361992627,6.551962586546656e-07,0.10479384772595877
474,0.05165974577845285,0.11206716211928854,0.02396752730390114,0.004108066506964962,5.476571194111475e-07,0.044387246350318176,0.05224998597400544,0.10342651607923348,0.016260053062006778,0.005907183145812374,4.982811423233677e-07,0.04797898581093002
475,0.05421975845280452,0.1175494708070139,0.03592799095997063,0.031954227502253754,5.880972599457545e-07,0.05678915149412478,0.04948438542332066,0.10406231884367219,0.03523115571763535,0.022437882361848346,3.669130154274347e-07,0.08239588228464731
476,0.9182419140165733,0.7414109145682658,0.9903441160587892,0.9974738944498946,0.9400271865087464,0.8404900118794332,0.8901451062951382,0.7628516542960817,0.9889108761366254,0.9979917595434248,0.9447051103339353,0.8395441431452103
477,0.06301637970851905,0.11327979117080521,0.02837852398210358,0.018613310630032586,8.129211826484049e-07,0.08078101827262985,0.049629115427659305,0.10371464683838497,0.028331860941402227,0.017381627582643003,5.045582294714276e-07,0.07794892682532796
478,0.06607754269025422,0.11220342288638917,0.03761498707023139,0.017348712423923555,4.891323820575069e-08,0.10017649621885276,0.0522960001310413,0.09088532339507524,0.03207009945267138,0.01824184471012733,6.447450367526939e-08,0.09776384197325465
479,0.05522337287398876,0.0685101920157971,0.01872819014500389,0.010233428723615715,1.4334738893720042e-07,0.09501760192362305,0.0522960001310413,0.09088532339507524,0.03207009945267138,0.01824184471012733,6.447450367526939e-08,0.09776384197325465
480,0.06612123424482017,0.07570210404009724,0.025235432129895687,0.02593467649966969,4.923265530245066e-08,0.09110560861320746,0.05222858065268949,0.0857242719911973,0.02688033235626773,0.016189615018157057,6.840039494234642e-08,0.0877906778472347
481,0.08052483776615016,0.4685007507870048,0.015987280316648922,2.1681876871073455e-06,9.317206178781514e-07,0.13637323430380444,0.05226188265668969,0.10434036541549076,0.020021327971718732,5.8742974171919284e-06,1.665410719944743e-06,0.1202232836500916
482,0.0517011244079649,0.12382545297729736,0.03907956898028463,0.02593467649966969,4.4540264534505456e-08,0.08826823612927238,0.05222858065268949,0.0857242719911973,0.02688033235626773,0.016189615018157057,6.840039494234642e-08,0.0877906778472347
483,0.06127262551319015,0.1039522521944382,0.03364178936940107,0.008753414472267766,2.9480762525162927e-08,0.09361985657989134,0.05222858065268949,0.0857242719911973,0.02688033235626773,0.016189615018157057,6.840039494234642e-08,0.0877906778472347
484,0.05588438281475826,0.07570210404009724,0.03876867511834699,0.02482807875324458,4.923265530245066e-08,0.047666137594289316,0.05222858065268949,0.0857242719911973,0.02688033235626773,0.016189615018157057,6.840039494234642e-08,0.0877906778472347
485,0.05519985103405384,0.12449164748282021,0.03876867511834699,0.02482807875324458,1.486590094274563e-07,0.047666137594289316,0.05222858065268949,0.0857242719911973,0.02688033235626773,0.016189615018157057,6.840039494234642e-08,0.0877906778472347
486,0.06088555399073112,0.13157807658411844,0.04832364219459853,0.014827126161209488,1.1240881903257018e-07,0.08899658120736663,0.052026371702391404,0.10372563974865716,0.04044677658730064,0.01947249087547375,1.1879020264162126e-07,0.06419385894022862
487,0.09091195090998717,0.14258459868111806,0.04084303138771992,0.01843267658662797,1.1462701733280912e-07,0.045956561417593175,0.052258472634077804,0.42549019021258805,0.02736588182284178,0.018748899132283992,5.408653483030539e-08,0.056172841434081994
488,0.05895960207079628,0.12269236550839746,0.04404842269339756,0.04377276195124037,7.446049153540883e-07,0.08908717512605561,0.05226867083181882,0.10437540796522807,0.04220237531527288,0.029310712670339464,3.055904345701957e-07,0.08843252134508019
489,0.05956622937641471,0.11948105126409002,0.040118645726431916,0.055068025308268154,1.2035952979932016e-06,0.09462783138090769,0.050258585649488485,0.09909584745126483,0.040995640508666276,0.036121270126041716,5.675528886372447e-07,0.09889286123313776
490,0.06028437296491326,0.12298910320278343,0.0615815841254069,0.038398582714018394,1.071833923059075e-06,0.0672929342311224,0.05130877359471944,0.10310324972183738,0.04342597903773587,0.04474931804598345,8.049006009118045e-07,0.1071519947674498
491,0.063518646433817,0.12437655650742792,0.042174257588244585,0.05205160257800279,2.9094838611957536e-06,0.06039926018882407,0.05225995100923448,0.10439314370252759,0.034937472182554,0.03443683692109878,1.0654343242858965e-06,0.10357249383640421
492,0.06160168403047592,0.11247832229711785,0.03797069034784902,0.04864285425876118,2.254571887708947e-06,0.1017446742024131,0.05221403770667229,0.1044026267282366,0.04227457393448741,0.043931168073559665,8.778026474837271e-07,0.10753105489654582
493,0.059492032669188934,0.11221044903945093,0.03823402703701704,0.010673939336201886,1.7854132895746146e-07,0.07170125818334547,0.05136569737850987,0.09841041331947133,0.030054649547223415,0.012342122055201707,1.8583560661937481e-07,0.05747716951477567
494,0.061520289724325744,0.12206836626015213,0.03652286932240653,0.01571999138035435,3.198785995130214e-07,0.09024168373516667,0.051486599062999,0.10254606525650867,0.030401645246978474,0.014310770214295469,2.651046729340871e-07,0.06619967703437693
495,0.05927626564401552,0.10256284889052289,0.0327834379262391,0.013290128169774991,4.0787372122510553e-07,0.06839082735883985,0.049637304004706576,0.10366823765110864,0.030655433017325293,0.015660661524831827,3.0920275738446025e-07,0.0704219382662994
496,0.055425325390217516,0.11945915635658631,0.03847248348729818,0.017823280287345568,3.7780962556212567e-07,0.058931506096458995,0.05003395318127386,0.10406412890620141,0.03784120456464961,0.02469111513875725,3.351786823368105e-07,0.08434004490211827
497,0.0651487001750968,0.11205049797965677,0.0635078684719192,0.02852564195257824,5.2503096643063556e-06,0.06841650786517302,0.05140837423874001,0.10274935816102808,0.045230878459416576,0.04619044061865293,7.135708220250856e-07,0.10682438282502162
498,0.054712718110791585,0.12261983866269131,0.044027501418147194,0.05206384610330912,9.435492724084891e-07,0.10854961438949579,0.05140837423874001,0.10274935816102808,0.045230878459416576,0.04619044061865293,7.135708220250856e-07,0.10682438282502162
499,0.06066061684202258,0.12337145861020249,0.06427554391883847,0.029061650755556966,1.7268207452106794e-06,0.10036446546921272,0.05188377440158133,0.10322342505869206,0.04589978241561107,0.04699161861948102,6.962572650844725e-07,0.10701701716793775
500,0.06589042259852282,0.1134843831480104,0.03860929112275555,0.03823981591967607,2.1119846046996186e-06,0.06696440385457667,0.05205143906982445,0.10416704528419042,0.042834224481006766,0.044517226892420804,8.539515847331723e-07,0.10758004114684398
501,0.05699080422291458,0.48413338390898586,0.0671067319159171,0.15081523921740675,0.16319801538893494,0.19083082527772602,0.052292503532123474,0.7626724519646199,0.04637516061814057,0.0991998551584276,0.16902517495307218,0.29425738519885347
502,0.055826414926952485,0.046413366369946515,0.05322711159174301,0.07045106925162938,0.30525446775541815,0.02571369976413591,0.04648878573458638,0.0367393166354429,0.041459777269303465,0.07484358173597752,0.17305366416172918,0.057132469242900184
503,0.05692322824437105,0.18111715796962033,0.22760617914117265,0.16767719346481966,0.20717184685734616,0.1284602068203009,0.05109636158556768,0.1043975520184456,0.18957827151282766,0.13197231127493358,0.2474571223212882,0.10875707065427362
504,0.07624122978002962,0.46485078000180974,0.9652339078994866,0.9528245213248034,0.9056944364559718,0.7185120747156557,0.2319895931515333,0.7627316879959796,0.9711340610127474,0.9526888050641034,0.8898498075393495,0.8308650702538202
505,0.36898650752398554,0.33466101919901864,0.05296856356235149,0.3886737449207491,0.42329018053661854,0.4748512678405815,0.6194507982916179,0.4798618496238344,0.049681681758285155,0.25208751641953275,0.3791019935776103,0.53311391718084
506,0.05721437499253696,0.7873239989417841,0.027639243835963594,0.44614668828193227,0.3169640512729792,0.5794479174945245,0.0540885200567861,0.7474947247898914,0.026903723754307586,0.285584971829045,0.3559318731008101,0.5981801195613179
507,0.04338977499490005,0.04686581982647175,0.06173925145156373,0.07138399505111248,0.18148997236706618,0.06798232866680348,0.04634844640559706,0.037799394276736696,0.04631077960574642,0.08530201295048409,0.1811575108795663,0.05832710229096581
508,0.06521902599376292,0.12224532455167879,0.466463501263541,0.03324578569058743,0.10412146734797532,0.0904282017024307,0.04426745824077584,0.07836184509604731,0.6319207182184391,0.03333576348950149,0.1391716314828131,0.09455395363227571
509,0.1374852370178444,0.4067284745935532,0.7582713897701159,0.5816005197857307,0.3892768956960508,0.5448233978983289,0.08449604987628671,0.2364259744955166,0.7312273260406114,0.4828629018960012,0.37907182171902404,0.28965836006449425
510,0.539751458736488,0.8234343735232044,0.37605042919739573,0.7208996654206191,0.5768065742337809,0.6908799828541771,0.6767356350768969,0.6700060475023557,0.4097634880666567,0.6799820433772608,0.5197520031784959,0.6543528904083804
511,0.9176973708497848,0.757512419700912,0.9879462818728703,0.9626507148984039,0.8998828295096319,0.6263770739655424,0.896543640218503,0.7630914740118423,0.9874995968332739,0.9743063873894429,0.8851022524013225,0.6705438849651603
512,0.04188001524869541,0.11011515762015381,0.6435743045287696,0.025256832128130104,0.13535238133201277,0.09462412124471388,0.04412934451230709,0.07680296066046201,0.6225437774051257,0.03133509636598832,0.13510655055842144,0.09388692607814379
513,0.10820894035717663,0.07061049961271361,0.27746890597965596,0.30237594560525344,0.5488325027939255,0.6869458203491347,0.06448070819294931,0.04596149821939969,0.3954986509580344,0.5266277867854874,0.5307728256536727,0.6381783105492362
514,0.8463892709005693,0.8180385917219686,0.9444452038593545,0.8303874200270785,0.7805640272023215,0.8487054984510833,0.8957469180900676,0.8806178943831872,0.9532350511946391,0.9066489059701229,0.7571868772999524,0.8693963065153546
515,0.06104688798122719,0.12401371422425922,0.8843771862127832,0.05701014281130213,0.17770355970264037,0.09192304343333983,0.04235045639610543,0.1478321331865361,0.8386907060781054,0.11285912951213666,0.19732033046237166,0.09387031018397428
516,0.9045536061418219,0.7562169846678428,0.005782377454955118,7.930023403406324e-06,0.19018655159210646,0.7566784495020382,0.898747761377211,0.7625952513181341,0.004716507795170322,1.5913917001067777e-05,0.1817701917338562,0.8816923792834096
517,0.06390595525213354,0.1534013358734667,0.9740895618167583,0.9843498844887503,0.8353715000449041,0.06548132360086979,0.050164223126341306,0.12079934560362077,0.9705456111937755,0.9846710465120324,0.7959854452291558,0.06078658035442691
518,0.06091522917782039,0.17459499328452663,0.23035031510665688,0.1575780696312775,0.2329309806501691,0.10923962560529062,0.050690694312357,0.10249980275977717,0.18225481941629446,0.12302703684314652,0.2417989250512444,0.10755768551494439
519,0.30834973143893896,0.16368981022390577,0.9799632493598862,0.9860362925257635,0.8876003135484789,0.21241380227015028,0.14705780384985168,0.10444908951574451,0.9749786647660773,0.9881506556850276,0.8329531064899772,0.11657556466595355
520,0.04476578476077835,0.10488912081864808,0.9770167907558883,0.9808637726086955,0.8237457466029976,0.11565856369472087,0.050891280007203485,0.08175333347478589,0.9789579608411123,0.9874552644423598,0.8407158519521031,0.10755991863132117
521,0.5,0.580898064892917,0.8076773012230897,0.6371229928347194,0.5091901257103776,0.12413458477496161,0.383886983527341,0.5153590211869585,0.6319688443603603,0.623828911893287,0.46136228732675305,0.15398702268432743
522,0.18714739317678283,0.8086029485222092,0.9630997514470038,0.5,0.47188912864618343,0.0900462031078642,0.05226254950167277,0.1044438116827941,0.9600355392423892,0.5414545519763136,0.4462772959242678,0.1026169875154795
523,0.28971089671727984,0.8242345145665934,0.05030592880151272,0.43644750504237667,0.4251689508144173,0.629703509710522,0.6359684466043167,0.6455662400605024,0.04637097708408439,0.31378917576423715,0.40246513275695067,0.5807153114241952
524,0.3212273716211249,0.7813463229712663,0.832819312348085,0.6385846275812004,0.5159736819380281,0.1350433521872197,0.20589776643567329,0.7860039014125997,0.8392167752563466,0.6607644910246856,0.5,0.17202630105378974
525,0.9206401183469219,0.8690097945409246,0.1707178993042464,0.038667200681097795,0.5221487666937876,0.9635427364679551,0.8985467527012664,0.8782104789737556,0.07491879784304271,0.046798472723287785,0.5086560742641083,0.9470843762747975
526,0.7445049451457294,0.8408026097566252,1.8283783812648047e-05,0.0025634447404079917,0.11202179926947806,0.6805264610964779,0.6938828344233376,0.7855774327454099,1.3324051461755862e-05,4.099486695126511e-06,0.12882569134879934,0.8235529262089695
527,0.9375938797533605,0.7656189693683705,0.9887690638509153,0.9675172710008332,0.9107889999471385,0.8662303304251703,0.8999205770211066,0.7627915859950744,0.9784778177452377,0.9772129618082779,0.91211961563588,0.8582339689171327
528,0.04660701368989154,0.6228797574311632,0.16094833732377758,0.1117804199833533,0.19961445306525044,0.14729217554296392,0.07389078912268618,0.762645402994513,0.15962060319880805,0.15277060746539117,0.2000323347787092,0.2656293025707742
529,0.05933002924028857,0.11693184662882464,0.8519292949544979,0.09151075619213717,0.23989545451321137,0.16308723030737687,0.04110502998535702,0.09738994138140714,0.8391539974806584,0.17438912963542766,0.22756882364170491,0.10760531577981487
530,0.926297235625952,0.7893309174111716,0.9713703937584864,0.9970802756869088,0.9016256344115909,0.8304344655574275,0.9061256299456791,0.7753269356336108,0.9594281871404952,0.9907357499955752,0.8880151294152095,0.8473844548393523
531,0.08155617841262837,0.1025334772155935,0.9933002323679434,0.9988966442311977,0.9568942908937017,0.07222286168780047,0.05224413594039317,0.07420327101910319,0.9892085783586244,0.9977825199477348,0.9400081557469722,0.047266251405213025
532,0.6102416566830824,0.7643486344531506,0.9869237470105591,0.9353387807004397,0.8202813521894359,0.4736945194043895,0.6388787901457741,0.3840305317515747,0.9863895008875011,0.9546655393824917,0.8135369650969402,0.417673926340496
533,0.8856308244466891,0.6445442085476237,0.03893007494775538,0.0099895451878688,0.3914075794590957,0.880209525859707,0.8986044654369673,0.8761881719067003,0.011663613421804693,0.013326989981450868,0.38057073354296295,0.9470360939817088
534,0.1574087797207792,0.5773150370342128,0.005954159068667688,2.7821219393701904e-07,0.03311782469591594,0.09280984670429805,0.07827244431155789,0.7626004194969269,0.004519775659291848,6.360652514406491e-07,0.03319869627704975,0.08445970678680834
535,0.2674969839654613,0.8284248739542239,0.013165013876658822,1.5351285921721633e-06,0.06670047837747978,0.44771544305554506,0.4546683060971239,0.7695529573984499,0.00431843805486949,1.23062600912469e-06,0.08057050522740136,0.4568917971432942
536,0.05116940810350588,0.1270405499718363,0.9729734620277279,0.9930929140385106,0.8091725935424594,0.0892327338023489,0.04788811558212697,0.10438608477382966,0.9699379887465588,0.9865496860233738,0.8027325734862134,0.08189940997799731
537,0.17044572187682414,0.42590000881530593,0.9619934857005737,0.9789627487133673,0.7086780115045123,0.2092944459838515,0.11081631807781755,0.29266444064053093,0.9607195202864658,0.9551329380559248,0.7423408955873578,0.14258149315156055
538,0.9239512432698537,0.8309325490735988,0.9822386562222328,0.9580269840173099,0.9089422745566123,0.6941829460544658,0.8977759939623852,0.7729443983109746,0.9824162068075244,0.9661522657668926,0.8580862976708471,0.6684031384537834
539,0.07158715641090922,0.18867449973775716,0.8240745174519747,0.8860622703166628,0.6183379627454532,0.13608597286394664,0.05230045684887841,0.10443016788549404,0.8390946050824282,0.9013953355994774,0.6127642771722958,0.11648121929689187
540,0.9369388964930669,0.7656058865222445,0.9805355872523703,0.9626110446842409,0.9108831837703536,0.8590992356806951,0.8991566587222424,0.7687358079364753,0.9650968596024211,0.9728610601807919,0.896564823073801,0.8678905963033848
541,0.8905722476709015,0.853563219798852,0.7146722616677408,0.9676041695558117,0.832506248528804,0.8033042446113614,0.8623195251752727,0.5411801817781164,0.7387391761955004,0.9564136943981644,0.8152677873781843,0.8329362840908054
542,0.06561826443253516,0.08383014526294451,0.14248806910984396,0.006802253654917596,0.04268097047568548,0.083591489643594,0.05139285960855972,0.040012563081757865,0.12468279332723049,0.003239481846677932,0.05070894586636556,0.06636788524115743
543,0.6666169923429108,0.8607715631561312,0.2595741855721519,0.6467594655731154,0.6379780132170526,0.7176825763694431,0.7462241019780738,0.7909796201595507,0.26287783567446454,0.7724802995071779,0.6254490988186853,0.7486524847710164
544,0.9120417907070121,0.7967778516137802,0.8957858020457815,0.8720215072278418,0.6970459771864262,0.6385128225583341,0.8790258750689129,0.7738873928988278,0.8951396061694316,0.8860397559908559,0.69735122680332,0.6492119438848429
545,0.0677408052257258,0.29362109677831766,0.5927359415579002,0.18765789466140073,0.2826748833880163,0.12360538499454204,0.05084080287055411,0.4128299746995465,0.5941965075306065,0.123065990923968,0.25683235230628615,0.13212148168509844
546,0.9116574835420195,0.7574048271864469,0.8957858020457815,0.8720215072278418,0.6970459771864262,0.46097186202220153,0.8790258750689129,0.7738873928988278,0.8951396061694316,0.8860397559908559,0.69735122680332,0.6492119438848429
547,0.24181923899098914,0.2857713487839372,0.003214970921780963,0.0514543779258795,0.14128989531686043,0.300130167499335,0.3423223138081148,0.1043535095531725,0.007064321005662533,0.02041608513387301,0.14865913302788483,0.2548994174790274
548,0.2064943628263559,0.622297786195974,1.7904608190300615e-05,1.630156718309973e-07,0.047856582154667,0.48477233464601704,0.1211927571974226,0.7121366533572179,1.8954446206007193e-05,4.96557730103233e-07,0.05905135924796227,0.35831939194978196
549,0.1355029814557217,0.6631022548999291,0.9403344608960804,0.6142577903221753,0.48776871949177913,0.1224057067687598,0.05819537383324805,0.762558361256883,0.8706807361138575,0.5532298720424151,0.46280752722812435,0.15442672057459025
550,0.9085425586871784,0.6546724752158646,0.8929683120740185,0.9174150960637922,0.6820330745201056,0.1984831047607891,0.8813380674932496,0.6456132586704051,0.9150039061310998,0.9297428221989497,0.6713989033245724,0.1637989755828269
551,0.07406176332075509,0.16791851830552948,0.0035885211014118775,7.915969476204892e-08,0.03845314893142778,0.19546618606592958,0.057290787296349274,0.13842655320671118,0.00425871616777679,3.9153063479100927e-07,0.04772587817612291,0.17944117717922148
552,0.9135038332374628,0.7470267790395273,0.8331445991445899,0.9188273347830112,0.6634092359468011,0.6851178991620858,0.8862310039040039,0.7627106156354337,0.8341538649321003,0.8589963564691401,0.662168083297421,0.6654233252202058
553,0.9029340121627997,0.7905232779000975,0.9347125944983206,0.9886162918039224,0.8806511351120728,0.8383179378405413,0.906292581028336,0.7675115051564811,0.9334255704557564,0.986650541331601,0.8805347794008554,0.8336177858243355
554,0.21316729517447708,0.910246472027152,1.676687779940298e-05,1.6123547690027075e-07,0.061348881920078514,0.4609637978848939,0.28630221605563416,0.8570667787721195,1.6190131688813675e-05,8.338761031666064e-07,0.07371218905468094,0.513105580824092
555,0.059995824712359015,0.11864449086133909,0.0027008049612556036,9.54473593108961e-08,0.004957914407944315,0.02582433317571345,0.05170485726157661,0.09935596614422318,1.789497871334288e-05,1.0248227472682729e-07,0.004063426427248212,0.013333708853537744
556,0.055338961654312305,0.11731852397181504,0.016977159529533742,3.7322537133919324e-07,1.3315753348353611e-05,0.09707087771846476,0.05216312774274453,0.08192412381242718,0.008864802161241364,8.204225530508618e-07,1.7235464177099098e-05,0.07965707881449012
557,0.20698100714990847,0.8505408276896665,1.8473851796295567e-05,1.0531727933237032e-06,0.06263594556132246,0.4910556913715751,0.2887046542987102,0.8490177126522911,1.815983504199431e-05,8.282085106036601e-07,0.0732282745988404,0.5
558,0.0919484160671512,0.39467399636339845,0.0033324800167873403,3.41073461379439e-08,0.00445443284097523,0.09087864302940811,0.053985498275794096,0.5742245538246131,0.004086550855345154,1.5690252962635103e-07,0.00554962201026278,0.09715052492116437
559,0.05601207695722377,0.09789952218569684,0.019489383292556308,0.008147934216012809,5.715412850409475e-08,0.09814513271206773,0.05226529605322376,0.11973222017523587,0.021330293102547495,0.008091198521998359,1.515553076326858e-07,0.09613484043512079
560,0.18741154113725575,0.5425799219785621,0.005354733623666647,6.377465367437691e-07,0.06159177039981865,0.5135885075385945,0.32313491042183284,0.5,0.005893531921123332,1.20458926061658e-06,0.07547216839926771,0.34842619732985286
561,0.9323674164399625,0.5293147166195328,0.9521499811599494,0.9469101148535098,0.8112768414322302,0.8288545163234746,0.9208467032937973,0.7528873749631274,0.9557016455800771,0.9662391715385779,0.8105746289796204,0.856894030387442
562,0.05489701720025774,0.09974548863552002,3.1255453438714913e-06,8.280920127422452e-07,0.014652812956529785,0.02606145513125278,0.052253200225248986,0.09667231998359158,1.3476927568646259e-05,1.1000282631624192e-06,0.019292693278029967,0.013866926107526649
563,0.7926201527877895,0.14611414345045814,0.9402848861363406,0.6668499805950017,0.6499884295622524,0.7149414991196567,0.8246890721199324,0.2742758437416934,0.8350637542430513,0.6974337958528783,0.6286093809485738,0.7839793950030871
564,0.07875826773245993,0.16914331600803803,0.04581505168291165,1.1964643461249337e-05,0.1350631989606008,0.22332652854209034,0.05229317652537568,0.10432196994105639,0.04061853338753462,0.006668839223697456,0.1524346494151554,0.24736367272419982
565,0.29652396870723485,0.7927208304678759,0.6427059798140448,0.3663654873034008,0.4113717717849637,0.12061212460557409,0.18073593105260277,0.690840130880996,0.6186237269941288,0.3599928813574124,0.3735794562102806,0.16119095215001944
566,0.05435317812206274,0.10153265959190806,0.00678511887768721,1.0916243434345046e-06,0.030637682175063154,0.017227456071170072,0.052245584446871274,0.07811470902623038,0.0063712723362485315,1.309254868734755e-06,0.02287100390047292,0.02142642982772413
567,0.06359644638983612,0.48949626857156464,1.3440160910340655e-05,5.035685335218786e-07,1.7879135557497176e-05,0.09286330120100818,0.052258225960051086,0.1242208569803078,0.004514136610086146,5.39366874513705e-07,0.0042125451471049895,0.10507139200293578
568,0.06784030327106107,0.28334551873327435,1.07254988403394e-05,1.345283113384919e-06,0.022537321809579368,0.05621319603539143,0.052286445760434494,0.08127231233297828,3.6538194827145043e-06,6.246869632444622e-06,0.022857979600274875,0.0162060422867788
569,0.9358891790445537,0.7930903996833882,0.946628783656813,0.9550585750411368,0.9110179306096963,0.8441982108306222,0.8991454797660365,0.7703498605630342,0.9540971135830243,0.9695908285874231,0.8855554651687654,0.8698503561856161
570,0.04006295709421475,0.7423270343772506,0.0030417073430305057,3.1354405121268343e-07,0.022768761088178314,0.09029542622316492,0.052244123743228704,0.5086332782069313,0.004525693898734901,3.4345673468815613e-07,0.030545869945057598,0.08235681967704978
571,0.04529509573628305,0.8395970072180761,0.004386456471203567,7.256590280312848e-08,0.0158948203528219,0.06938601589331472,0.05227845386392093,0.6400221198473462,0.0027312575626524606,8.577341651564859e-07,0.022662155887741266,0.09234725736376047
572,0.2923608367666061,0.7024989000730459,0.0025595530446040336,6.500876514701586e-07,0.08722958676194885,0.6653748062957137,0.1830770400993737,0.7092559312945289,1.4567581642407107e-06,1.7581299666314726e-06,0.09806369424901604,0.8080751368496955
573,0.9143770936356874,0.8344828318409214,0.9857863700896089,0.9968513434606971,0.9111791927163386,0.7796974885575515,0.9057632530731011,0.7743633593613015,0.9862554968380755,0.9792377345897422,0.9156573955651183,0.8153036119457876
574,0.049541082079126234,0.06259624806105954,0.004546650494860235,1.8196164025045096e-05,0.03521060455595272,0.13136396233354275,0.045831700679007645,0.10446434599329421,0.005890298822112674,5.269953808766315e-07,0.04469910827736307,0.1175197906578486
575,0.041810945647015055,0.2013922051611349,0.9857121461312621,0.9288776692856436,0.7796357000295558,0.09686703209195112,0.07797201251082235,0.2860152870213827,0.9822841297049052,0.9441940111416289,0.7492536392954223,0.1034977113371477
576,0.8977092458531039,0.8015042322999449,0.7599144607062791,0.9557556888508437,0.8557725704818315,0.8300175279805287,0.8985466251620573,0.7626589149921587,0.7645017770282654,0.9563667278104225,0.8056076407755588,0.8226272520706963
577,0.80965871750972,0.5102182430241907,0.9786157536005555,0.9572329333218039,0.8456718820836292,0.2961798563950494,0.7290819028186203,0.5193984803792688,0.9787666065866109,0.9406960044883318,0.7857551045703963,0.4877940349496628
578,0.0714763051612732,0.13485768056126327,0.007020516049563494,1.3344602713244497e-06,0.004473934066103516,0.13691422994025798,0.05227972170646842,0.22093941300501932,0.006814781860328095,3.902977002310957e-06,0.005267681367056952,0.0867208845820929
579,0.06770719430714457,0.09592289883461594,0.026451890142863206,0.004341559703972187,1.1429421371899274e-06,0.08932782074785707,0.05223831840783049,0.049227678508290115,0.01702167725819818,0.003212610053004829,5.516898408711476e-07,0.09640840482899964
580,0.06581102268080354,0.11831583195696549,0.002673616521590221,3.577814359764926e-08,0.002836420886359826,0.029823932358705826,0.05173040724925113,0.09904285786585756,1.751107806149454e-05,1.0218232333204302e-07,0.0040171341740091685,0.01323412256617267
581,0.05524666602040722,0.12436152846266986,0.023016544092930177,2.28354723612841e-06,1.701214415115125e-05,0.10336572766723717,0.052072223985952716,0.10437576973945767,0.01297567072802599,3.4912583681003583e-06,0.0032126942190189864,0.10535958448239223
582,0.8942109305503073,0.7232985748509247,0.8627801650423003,0.8803481491854449,0.634524228010389,0.12446566409459413,0.8990293374643686,0.7627630917700746,0.8840230961474488,0.8798381519680161,0.6205062375963941,0.17210750357873747
583,0.05153130112090319,0.12491924054661599,0.01897975281666934,6.980764114823526e-06,0.0027710617937249764,0.09685070450829655,0.052072223985952716,0.10437576973945767,0.01297567072802599,3.4912583681003583e-06,0.0032126942190189864,0.10535958448239223
584,0.05153130112090319,0.12491924054661599,0.01897975281666934,6.760298856440297e-06,0.0027710617937249764,0.09685070450829655,0.052072223985952716,0.10437576973945767,0.01297567072802599,3.4912583681003583e-06,0.0032126942190189864,0.10535958448239223
585,0.06579654586050633,0.12085492004894641,5.741860365199521e-06,6.760298856440297e-06,0.0027710617937249764,0.10674142186817726,0.052072223985952716,0.10437576973945767,0.01297567072802599,3.4912583681003583e-06,0.0032126942190189864,0.10535958448239223
586,0.05524666602040722,0.12491924054661599,0.02141713666649171,1.0179020388943245e-06,0.004125098779916149,0.1245342939200324,0.052072223985952716,0.10437576973945767,0.01297567072802599,3.4912583681003583e-06,0.0032126942190189864,0.10535958448239223
587,0.9140780086716913,0.7466085479602864,0.886464329686322,0.867665444492176,0.634524228010389,0.12446566409459413,0.8990293374643686,0.7627630917700746,0.8840230961474488,0.8798381519680161,0.6205062375963941,0.17210750357873747
588,0.06309242495362594,0.135838055705101,0.018265039830420507,1.413715588554235e-06,1.7448702544799564e-05,0.08624770184593715,0.05225041265859939,0.10443753806496121,0.010313432430583655,4.010571371776652e-06,0.002838115788774039,0.09633952041689464
589,0.06129824561196557,0.12436152846266986,5.741860365199521e-06,1.2802520564453483e-06,1.701214415115125e-05,0.1135338517076218,0.052072223985952716,0.10437576973945767,0.01297567072802599,3.4912583681003583e-06,0.0032126942190189864,0.10535958448239223
590,0.05513591784796638,0.12436152846266986,5.741860365199521e-06,6.760298856440297e-06,1.0725449656727863e-05,0.10674142186817726,0.052072223985952716,0.10437576973945767,0.01297567072802599,3.4912583681003583e-06,0.0032126942190189864,0.10535958448239223
591,0.06579654586050633,0.12085492004894641,5.741860365199521e-06,6.760298856440297e-06,0.0027710617937249764,0.09685070450829655,0.052072223985952716,0.10437576973945767,0.01297567072802599,3.4912583681003583e-06,0.0032126942190189864,0.10535958448239223
592,0.055999756690155666,0.10098581078327032,0.002606462877184807,4.7337409226709535e-06,0.03477113694000822,0.011002977250426753,0.052276470524429214,0.08236836611031575,1.8451502064022863e-05,1.5839847921674733e-06,0.022247650414738727,0.015221032483594497
593,0.05499129865772072,0.12443543180077489,6.101235843026312e-06,1.216418216222681e-07,0.007753215044672338,0.01838845649951893,0.05206686195792658,0.10443936050779394,3.458327467716384e-06,1.6113904642206353e-07,0.004956751569328204,0.008707061934519221
594,0.7648702924878393,0.8572202414465984,0.9967644834038778,0.9835872584972912,0.8930883053225461,0.872131182846524,0.8566465968495447,0.8537433761465109,0.985743922325297,0.9856010946128768,0.8789864122939873,0.8839603935041668
595,0.08519492166290649,0.10971290090371898,0.35635136038415915,0.011690079401826753,0.04981551813948116,0.08878804938034879,0.16240807125398776,0.09163385411386271,0.351848302988019,0.015979242946298364,0.06290061360729873,0.09027600179413729
596,0.051732835081950444,0.1147357194060871,0.02042741772064362,9.698066678321082e-07,1.2967443615145965e-05,0.10881063842338672,0.05225196184310592,0.10239450747895727,0.01143342700606017,2.77317027829284e-06,1.7549312179213287e-05,0.10820568286322998
597,0.9099910576311339,0.7604353622381655,0.7316664283573164,0.9557296380536168,0.7033507544739963,0.8617508804996253,0.8987267205843545,0.7625981045639156,0.7642438489002922,0.8975776407143762,0.727845451221553,0.805191304220363
598,0.04056205682418636,0.35189819903050384,0.007530268232106173,5.2828415101126554e-08,0.03493606100228033,0.3087097261682071,0.0351628554856364,0.4049812871680896,1.3792282731006902e-05,2.541709009853428e-07,0.04341034484614165,0.2408934814286475
599,0.055854146696458815,0.12480564951982145,0.003694459989806632,4.628036822084515e-08,0.004535179843153696,0.011521240014638171,0.05220434330627569,0.10416988849089881,0.003462263754337301,1.219607916083229e-07,0.0034491372469838103,0.019313892554197687
600,0.055925977207265554,0.05725286093677717,0.0030687250553394518,3.9931642683159366e-07,0.011053249300147599,0.011883922491433059,0.05232684536645485,0.10436617741337939,1.7286974046678666e-05,2.9269167211192306e-07,0.011684127839594936,0.0127678686514762
601,0.05134809572040043,0.11002395019889355,0.010299436559785614,6.80633647496349e-07,0.004484244398109665,0.02523971796204699,0.05193873150094465,0.09527389820946416,0.007954095267176553,2.435734885276434e-07,0.004932028235815593,0.03824872281311964
602,0.06224040587495431,0.10231012315939512,0.005747158992288058,7.49181555205322e-08,0.002624782681055716,0.047671529851011855,0.05226450610617078,0.0924107478870881,0.005488440796292718,1.7713216964426422e-07,0.003867845428023005,0.030275387791394635
603,0.05513526405998994,0.13544117739126713,0.008834355532115744,1.6576253421582127e-06,2.1723335937637346e-06,0.07933582130403545,0.05221385020087814,0.10035503044161591,0.006272251554403606,1.841957150936377e-06,2.9240509163801864e-06,0.07228409202557842
604,0.0673447701725709,0.11871441959298053,0.007172698418919149,1.0184540719669017e-06,8.48161939708729e-07,0.046949409479324127,0.05225269842780956,0.10438144661208408,0.00422979781728667,1.1174041685094661e-06,1.4937893016525004e-06,0.01934788624547992
605,0.05580057086436746,0.12729730095017755,0.017164784246679377,1.2203971248813676e-06,0.004945590377006985,0.07623248011566194,0.05214411060221545,0.09048128896351346,0.009863605448080957,4.2724527556830927e-07,0.003885302458466814,0.05880847493208975
606,0.05661571017387839,0.02549640256027355,0.021284247546321244,0.0047134668160308995,0.08171151999448861,0.07271309376785128,0.05204484673194459,0.04281603251796348,0.023623839550586192,0.007530676774175565,0.08364825178589164,0.04768371751638942
607,0.05171330071871546,0.12669375200579702,3.5474783925477566e-06,2.5878556027381647e-07,0.007192562127017006,0.019646449601208694,0.052269590188804026,0.16119022204296435,2.027071966891678e-06,3.5989868209907096e-07,0.007453617406078243,0.009489907550692536
608,0.055871090548234144,0.1633314084146458,3.5474783925477566e-06,1.2676775042473526e-07,0.013072737010132299,0.00867690060605235,0.052269590188804026,0.16119022204296435,2.027071966891678e-06,3.5989868209907096e-07,0.007453617406078243,0.009489907550692536
609,0.05349257175376839,0.11367406743232553,0.009887593483916938,5.834420044259544e-06,0.003195217468806722,0.10159674994397962,0.05102803927909703,0.09645552345749198,0.010116111449234523,3.954906365267269e-06,1.7860721409626672e-05,0.0973977764592003
610,0.0635165735541476,0.0886823705175944,0.009629915220930743,3.687991806352066e-06,5.169168402974075e-06,0.11764947125426702,0.04989339463906946,0.05327753168013028,0.008494857338732035,3.1065470414528785e-06,1.4560382192922719e-05,0.09020229850934981
611,0.054348768402943476,0.09543930711558674,0.01785929213310573,7.514417014858499e-06,5.5402899468244365e-06,0.10985966996208724,0.05102803927909703,0.09645552345749198,0.010116111449234523,3.954906365267269e-06,1.7860721409626672e-05,0.0973977764592003
612,0.061204310513885155,0.12390063875542451,2.5870233153780667e-06,1.6691172468112377e-06,0.003195217468806722,0.09399394632485016,0.05102803927909703,0.09645552345749198,0.010116111449234523,3.954906365267269e-06,1.7860721409626672e-05,0.0973977764592003
613,0.9286611243996914,0.796880636004567,0.9479587608372958,0.8624774298712212,0.6085621146445379,0.1251870307863245,0.898659000898666,0.7817902809663878,0.8684140342986865,0.8590436878101303,0.6025182012317635,0.17313009216162334
614,0.05349257175376839,0.09543930711558674,0.009887593483916938,2.723147176350609e-06,1.2663484182371828e-05,0.08729721533551732,0.05102803927909703,0.09645552345749198,0.010116111449234523,3.954906365267269e-06,1.7860721409626672e-05,0.0973977764592003
615,0.05349257175376839,0.11367406743232553,0.01785929213310573,7.514417014858499e-06,1.0697481123049727e-05,0.09399394632485016,0.05102803927909703,0.09645552345749198,0.010116111449234523,3.954906365267269e-06,1.7860721409626672e-05,0.0973977764592003
616,0.054348768402943476,0.12390063875542451,0.009887593483916938,1.5012177674816188e-06,6.912324223259201e-06,0.08729721533551732,0.05102803927909703,0.09645552345749198,0.010116111449234523,3.954906365267269e-06,1.7860721409626672e-05,0.0973977764592003
617,0.054348768402943476,0.11367406743232553,0.015599572528747805,1.5012177674816188e-06,5.5402899468244365e-06,0.08729721533551732,0.05102803927909703,0.09645552345749198,0.010116111449234523,3.954906365267269e-06,1.7860721409626672e-05,0.0973977764592003
618,0.06475707925199478,0.12390063875542451,0.009887593483916938,7.514417014858499e-06,0.003195217468806722,0.12293214068828132,0.05102803927909703,0.09645552345749198,0.010116111449234523,3.954906365267269e-06,1.7860721409626672e-05,0.0973977764592003
619,0.8956465800194917,0.796880636004567,0.8475853549291891,0.8512166126980054,0.6085621146445379,0.1251870307863245,0.898659000898666,0.7817902809663878,0.8684140342986865,0.8590436878101303,0.6025182012317635,0.17313009216162334
620,0.050598247233736904,0.12390063875542451,0.009887593483916938,1.6691172468112377e-06,5.5402899468244365e-06,0.10159674994397962,0.05102803927909703,0.09645552345749198,0.010116111449234523,3.954906365267269e-06,1.7860721409626672e-05,0.0973977764592003
621,0.06078859024147494,0.09417820441365676,0.012266817278025935,1.284275053131258e-07,0.003059099480986531,0.06311864255785322,0.05193913878544246,0.08417206572410516,0.007073109964473882,2.825804868565157e-07,0.0033433986360966836,0.04492579571080377
622,0.061204310513885155,0.09543930711558674,0.01785929213310573,2.723147176350609e-06,6.912324223259201e-06,0.12293214068828132,0.05102803927909703,0.09645552345749198,0.010116111449234523,3.954906365267269e-06,1.7860721409626672e-05,0.0973977764592003
623,0.9285600093817749,0.8808380799294225,0.9831079827948942,0.9953941081119819,0.9388191830977981,0.8577183415877359,0.9008628258354895,0.915106785289936,0.981838802452593,0.9953252596055949,0.9115281482754864,0.8677065299398934
624,0.05594669486175132,0.146883523426711,0.011033239384179886,1.5079627727832184e-06,1.024273039760304e-06,0.05335631206454629,0.0522961473272711,0.10434787602468415,0.0048085288327649935,1.1615808896952854e-06,2.043478141646376e-06,0.03917616746588448
625,0.9111852046843459,0.8322048073013864,0.9783904736526468,0.996621390640384,0.9098807116941119,0.8440028216785386,0.9082547892830639,0.837879834604646,0.9701333090406532,0.9918617744759173,0.8889079424149018,0.8591931052460812
626,0.05642155946356477,0.04992414758397599,0.01835679010313504,3.2412852415020656e-06,1.2579647659506992e-06,0.09579437539613654,0.05233264267263573,0.041616821748799965,0.011292539339837211,4.297527965158715e-06,3.7646790937820355e-06,0.09362016742321094
627,0.05226018091352347,0.1273036873156178,0.0043631125687399715,5.81735775115418e-07,0.04190088195946065,0.08041354156311566,0.044855477288505655,0.1427257254299507,0.005814910792202677,5.217614490518661e-07,0.04260386800393124,0.10765576199743743
628,0.05171636555712996,0.07721578835971572,0.0034807606915567115,3.958839079014106e-07,5.334264259782594e-06,0.04413489343282329,0.05199215363078435,0.08801442564500972,0.0030769365530229167,6.821003221489555e-07,2.7769374021441248e-06,0.014467124795638778
629,0.05526253448677678,0.11885406693950323,0.0039121664385688175,1.4795355069530768e-07,0.0034729369203595024,0.02879722056227275,0.05222036974045295,0.1018713439024363,1.672614330710371e-05,1.0821056345552829e-07,0.0028852252899342883,0.01345238743912763
630,0.07610274105392402,0.21741873211346222,0.051947736795267985,0.09484225461896824,0.21858086173465927,0.3278198253961517,0.052286842807522875,0.10434375253375636,0.046314494705530784,0.033896516448868784,0.22690499485214444,0.30263227092648026
631,0.05650470308684343,0.1064319182369341,0.005846236488547341,2.1290408219024574e-07,0.007813621810305088,0.03282192396405539,0.05230571552403803,0.0973010139647171,0.004596648259802695,2.2910296214648363e-07,0.009963365046028846,0.018157423437527118
632,0.05460655950285872,0.10902615091355407,3.4425137381058623e-06,1.720863787181756e-06,0.005952511090613548,0.0393414146816178,0.051330493225631185,0.08108026708270467,1.4380226598198637e-06,9.012870863616811e-07,0.006597573885159001,0.01271362398283722
633,0.06399415315393657,0.3096260780114047,0.003568277100066195,2.7194402186570294e-07,5.000438482649023e-06,0.10869927165854283,0.05076848395924612,0.10442198614039495,0.007405012251289852,3.5261157329230696e-07,1.641776553542477e-05,0.11714219679458222
634,0.04550893447110169,0.10664009010149061,0.11236577516221848,0.43009218623265194,0.46847399117832383,0.5921181777032568,0.04016104309361644,0.06748765129649298,0.18701593806208175,0.2736322512809345,0.42293881782472575,0.5318157259314645
635,0.05416135149313263,0.547065859234274,2.1031021461368845e-06,1.809661710016017e-05,0.01896361688813179,0.09708398276241996,0.0796295159989876,0.7966097559269177,5.477148401297491e-07,1.23926129843677e-05,0.01602135425057213,0.8286532838807563
636,0.055548143891138824,0.12652195223260587,0.8111704685833542,0.13105697109708658,0.2556445397740189,0.11706561939782098,0.052324653643185164,0.17018238540215172,0.8283183343406059,0.13042284123429726,0.24739500851708968,0.10653313249384981
637,0.06129081096984702,0.06397553761606782,3.1039029771905086e-07,1.384278694445917e-07,1.538817494562912e-05,0.0069030101214500135,0.052274780157510206,0.053517682413784295,4.505540328406285e-06,1.8270012006359897e-07,0.0028481900381413555,0.009250514426859468
638,0.06609858567818724,0.07516031674899967,0.010765972983830346,0.0027748954310862356,6.584966428982511e-07,0.05324077347819766,0.05224006604220244,0.08620048133470101,0.008736181350026923,1.5041009935085299e-05,3.305291805069881e-07,0.031740457541879034
639,0.06095634180663361,0.1237422048700946,0.013689171192617804,0.0032305891639479146,7.296850754425687e-07,0.07541423450392454,0.05226226045186998,0.09602156858985812,0.008949764136723984,0.0028038539461828073,3.734283568916955e-07,0.06712604315133666
640,0.9301437470362828,0.9026500393014122,0.9967821532460666,0.9955732727106208,0.9440560454518157,0.8764381417567135,0.9200268076516865,0.9229430290887372,0.9869202657485519,0.9965969257749592,0.923935864655218,0.8708231318077184
641,0.9143761219254088,0.8963768822950537,0.93220967755742,0.9544563008673728,0.9180881722297085,0.8649065920283914,0.8999821638273033,0.7746823120560486,0.9389860112640386,0.9633343618519139,0.8661597746815306,0.8664899609505561
642,0.05477982209413601,0.13008511740395245,0.003413633413165145,6.071894758800635e-06,1.6614764918004767e-06,0.11356949162584794,0.0520466245783231,0.09001749373568162,0.01432970389334598,5.053830751707446e-06,2.181528839564607e-06,0.09877615692633673
643,0.0667543332977043,0.11082844388427808,0.006523366400780798,1.4251377784125346e-06,3.5913533661820593e-07,0.04336999102086493,0.052286907201697076,0.11867279969924178,0.005992570131088891,3.6761602674249463e-06,1.0514273008554503e-06,0.053054566050598995
644,0.06809175169992703,0.11390965773886397,0.01721866925866175,1.1852407040480454e-05,6.385538479397001e-07,0.10476208787550773,0.05226224657425721,0.09841814393628093,0.010220962573575175,1.2802049740201777e-05,1.0898566970592867e-06,0.10111808405586807
645,0.9341330899959829,0.8693747572285989,0.9954624014218969,0.9972563397841705,0.9496346857693845,0.8637061467459027,0.9009635464072792,0.9017070572708786,0.9847371897260105,0.9968771185824326,0.9277970311937177,0.8630767078312089
646,0.05552695449632355,0.09291279156881734,0.010846387692041893,0.0052301948370780125,1.0023431742080203e-07,0.09260930233963353,0.05207058556278709,0.09123081515920828,0.01217274212774659,0.004987444178888996,1.656874365780355e-07,0.04835746275610399
647,0.06605324588663494,0.1243992165507367,0.011761029854355124,0.002869067501027936,1.1301120617030336e-07,0.05505240357887637,0.05207058556278709,0.09123081515920828,0.01217274212774659,0.004987444178888996,1.656874365780355e-07,0.04835746275610399
648,0.051380847558874815,0.11187722365909483,0.007727045263820448,4.2921057501266686e-08,0.0029016409549961915,0.03285228279902571,0.0516182127525901,0.10442872307424453,0.0028899098820609277,1.0793255644890083e-07,0.004160470367740013,0.015405546784523647
649,0.05591138476277359,0.11368545520992783,0.005319002996611479,1.1732605551468467e-06,2.2875160226895064e-06,0.030551443592123834,0.052245479552978154,0.08575724292819414,0.003428102804507998,1.548029562197573e-06,2.5080612039507853e-06,0.016998356149448467
650,0.060181390233142694,0.14428101347622282,0.024551490114769432,0.005751028785960889,8.061840825018314e-08,0.08983180612579218,0.052285277352960145,0.10433454132464387,0.023053185415696814,0.0040898970002099565,3.7482244788506843e-07,0.09637428704740367
651,0.06124744070902363,0.07448469478724494,0.017438769374084846,5.688046299002395e-06,2.8440742704025614e-06,0.09990426682273519,0.05086990265103495,0.09386530937993691,0.009983202233334411,4.467985969073227e-06,7.375751025643779e-06,0.10142338078975724
652,0.05704629285687678,0.1082064379738615,0.0360697305051693,0.019855885454148226,5.981451669049106e-08,0.12082470177275369,0.05074512185901024,0.1069454547089985,0.025378599915275225,0.012308997948340542,9.405275020865188e-08,0.09493723901648708
653,0.0635527201271869,0.24866969397907532,0.03221567771324507,0.015153583999483284,3.229936140249885e-08,0.0666727229591514,0.06245918965002317,0.6789468654571308,0.04275547969702235,0.009255998432996617,1.5457383621160572e-07,0.10284769162365381
654,0.05163079364936334,0.10879402178767353,0.003091424091834402,1.9253161369440223e-07,0.004120060303388401,0.014300203162730207,0.05195510323766836,0.09187892600076274,1.3333870804720823e-05,1.0272997303171237e-07,0.0044340857058647425,0.011793860407339955
655,0.31250904298824,0.47952433203458444,0.0033949850578424245,1.9036196898022936e-05,0.011368872804945765,0.10083066555637658,0.07956362779934316,0.7626470208865699,1.0291517085479771e-06,1.783792592758715e-05,0.013741033929724287,0.830918753138096
656,0.05865488972973205,0.10151450897673425,0.5347621370495007,0.05535073587403639,0.1606448764565947,0.10873662105369643,0.051341251643233624,0.08450862379687754,0.4531697111024349,0.028532093859608955,0.14324606310404636,0.10008922606704672
657,0.05476577511909994,0.10330303358711006,2.55759283622398e-06,3.495255193009953e-08,0.0033755104926363466,0.04107782024744402,0.051960870873001025,0.09204854251047666,1.3404171263157746e-05,1.0218036463119756e-07,0.004339085545629263,0.011834229410094326
658,0.07189598766681078,0.2151534249205975,0.005085634610736522,5.373807986008202e-06,1.5013951551097326e-05,0.08071861373234021,0.052258968521023484,0.7626423812072792,0.006342040644052237,2.972452172815215e-07,1.6075467769143194e-05,0.08572346959020073
659,0.06870032943381699,0.12544685095833868,0.005168176421968452,8.420374466022497e-06,3.7702846969466204e-06,0.05486165353496227,0.05226860012905312,0.10431386114121696,0.0042099801557020705,1.1760945439048865e-05,3.645388385093859e-06,0.03391595713359146
660,0.05527981731276474,0.11751496242351384,0.009506120089508772,7.209421990402182e-06,2.4377625477383765e-07,0.048738171888466936,0.05223239528992452,0.08117941447193605,0.008542781319844614,1.8744869498863228e-05,3.1794541221471967e-07,0.04151717077854886
661,0.05504060730221073,0.13534921532608726,0.024562613535656183,0.005385021129746949,1.2362235768490993e-07,0.0651410605999046,0.051973721475741474,0.09327784541609815,0.012033240809130756,0.005063184471331644,1.7284104885500765e-07,0.05539221703229515
662,0.05072690322527319,0.1182242503995977,0.020334550479068198,0.009596005090741934,8.861957616125111e-07,0.09392937097911899,0.051265173776448715,0.10359825206664712,0.019647593336773978,0.011309264279804629,7.901212744914764e-07,0.06972883713319246
663,0.05637074336103188,0.12617318749201203,0.011553940332556724,3.1717767788629497e-06,2.2837095681434304e-06,0.10370822246014584,0.05077479182276507,0.29522767784583653,0.012015980216081782,2.5149061258545194e-06,4.022732635590298e-06,0.09892373876439206
664,0.07294757191666609,0.8331529814328168,1.2188216683865847e-06,8.935723289324407e-08,0.0175081246250801,0.4148318522445675,0.052280566028980305,0.2170450399620517,4.0082751352668456e-07,2.1540209825364383e-07,0.021340274075026828,0.30882931156381493
665,0.05124087633772628,0.1250086312349228,0.009263651638422686,1.776344232420745e-05,2.9499007234972484e-07,0.05906593405879903,0.05225506950910165,0.10441696645753694,0.007948178575381954,1.3652073903658472e-05,5.374939899064375e-07,0.06857778460492221
666,0.055326058351707307,0.11680591222002863,0.021714051734143727,0.002878973134441275,2.8378357439163364e-07,0.09008594911567663,0.052261411569764896,0.09036009593113677,0.010562075613416572,0.003187242250213046,4.1728350974074647e-07,0.08777043329214246
667,0.06112461724979954,0.1102501208223869,0.018155227046442245,1.2894043665878309e-05,2.9970763141067795e-07,0.07771711981942428,0.05225506950910165,0.10441696645753694,0.007948178575381954,1.3652073903658472e-05,5.374939899064375e-07,0.06857778460492221
668,0.9318065600322407,0.8097491492170402,0.9741066034302143,0.9984781244253206,0.9279403920378032,0.8490829595607641,0.899779925668216,0.8257476827038691,0.9774016959264263,0.9952458540070921,0.9161113008843992,0.8523713737212846
669,0.06606041952864561,0.12390231006214662,0.009263651638422686,1.776344232420745e-05,2.9499007234972484e-07,0.11720129200561526,0.05225506950910165,0.10441696645753694,0.007948178575381954,1.3652073903658472e-05,5.374939899064375e-07,0.06857778460492221
670,0.9107311989665005,0.8101855029253924,0.9853687128785491,0.998256849744049,0.9646552317916652,0.8345393600336921,0.9202252686540384,0.8020167770544253,0.9885744792746305,0.9982276329579409,0.9465426134202218,0.8439506570662052
671,0.03823733283861662,0.1932867587690861,6.645784082441187e-06,1.254178266001424e-06,0.055361625675080864,0.7766251213974064,0.045366188567689515,0.6035138002658363,1.0721314174505274e-07,9.57715539620026e-07,0.06020572176237917,0.7745671633619282
672,0.0620800001261896,0.07471842454193571,0.043776242903169144,0.035886290086020074,1.4070155500027215e-07,0.0437887289408791,0.04767629683890374,0.03585727098696124,0.04212256532649334,0.021113606428107702,6.090956272273215e-08,0.10737678503550177
673,0.07314630269612145,0.05962785673784061,0.010442614318578704,0.01922244079105222,0.16009416589164693,0.04880862217211815,0.05230436779915362,0.04951435132848297,0.007751024729979804,0.013625963953522167,0.08415992191346003,0.035077783425144914
674,0.07200777406464384,0.10099735532321408,0.04074938140004879,4.5895535563717187e-07,0.01694423944763476,0.07704598283325229,0.050517782793637674,0.09204468521794953,0.0304670813878489,1.393949717221871e-06,0.016874549967467498,0.04858074012821714
675,0.055633795281800125,0.11630361579115607,0.013168199464949591,3.133845873271222e-06,7.855589331093558e-07,0.05409195634255667,0.05229587516411778,0.10057632789269329,0.005891271948867464,3.497869193551423e-06,7.194136506463272e-07,0.026213647597936946
676,0.06468840870195053,0.5942843024309102,0.047154983422728405,0.007133813678583025,1.5181209155963818e-07,0.0995561162396795,0.05226336492454693,0.3806536760328743,0.04574494412483829,0.00944108183498016,1.6101066931291742e-07,0.10470881344782776
677,0.05524845258774384,0.12075567688207153,0.017338757994002314,0.002725558621814908,3.237822428380029e-07,0.035996886224256286,0.05228253494168425,0.10218567002622027,0.011370747976736541,0.002834069628796201,4.3238161800860104e-07,0.030990896541614035
678,0.0612037447296931,0.06796341383969408,0.23375753085846698,0.0043735899866480955,0.08019199443809354,0.06582644291723676,0.05226059947138966,0.03905346035504545,0.19116914009073208,0.007746958545415919,0.08249379386474186,0.07755140399163842
679,0.06712119478947776,0.12384412002103799,0.005230946107767542,1.0148972226007838e-06,1.7471003458201107e-06,0.02976791497280458,0.05227382889461927,0.10482393774958323,0.004554416179802871,1.449936715272414e-06,1.2669589604082177e-06,0.01966626423022567
680,0.0610225117944473,0.08218330267337944,0.018705146742799748,1.8693648831613774e-05,1.1705908359518627e-07,0.10679827706819633,0.052211813373187727,0.08827688272881105,0.011290045580219087,0.004526697264338727,2.020864653239281e-07,0.06000925330441035
681,0.9521630990730082,0.8282892764895702,0.9899624223854911,0.9990237710112048,0.9596428534386745,0.8467176134497539,0.931704704177145,0.8615565873730174,0.9882748260807118,0.9980205884509792,0.9411084991662848,0.8554822941664476
682,0.05075025798724039,0.09196211553070505,0.004546475983066524,1.5525668867804927e-06,4.234899117792347e-06,0.09877452240543994,0.05129727249505908,0.10992360570264376,0.009789970142994675,1.6917996600078864e-06,6.7706020698402565e-06,0.10290187737425183
683,0.056292727667171104,0.09675852385157094,3.396260364263967e-06,1.4414599727341952e-06,4.716863808011635e-06,0.03197128264627745,0.05231656896171189,0.09047304333387302,0.0038049947600930817,2.0659005170654067e-06,2.18689484580032e-06,0.01835110527100979
684,0.10190907163990527,0.3998687298481615,1.388792798995358e-07,6.022348342840018e-07,0.026225790818484793,0.7316747718325669,0.05226415542312919,0.8192542374249446,6.913235430352094e-08,2.4604607771815017e-06,0.028863096948404336,0.7826876032038603
685,0.05307406193677175,0.11686286859873889,0.026390320788693945,0.010083414392049399,5.645724904355549e-07,0.09005034175383622,0.05027187927964423,0.10415687721013048,0.024381207662696233,0.01189419138163501,4.281444510136573e-07,0.06561948051239037
686,0.05029801690393827,0.0889975796288816,0.04143675617156399,0.01131970929068814,4.290604733272029e-08,0.06525892575915938,0.05069761756233829,0.07254453218736587,0.026347158177289186,0.012048381998181578,8.674220493534505e-08,0.04362404461482086
687,0.05518241123589147,0.12414776475171466,0.015682681450696612,6.45762708733187e-06,5.200037118867196e-07,0.037822553416729125,0.05211322563849556,0.1039034297464287,0.008471308912284307,1.1611601234027328e-05,6.69808376360685e-07,0.027009251794859565
688,0.05538173766125797,0.06875183034733118,0.008434823115611658,0.0037763459793252944,1.1558731350180695e-07,0.04705514028704768,0.052089349267975225,0.07552292208267135,0.013546292037311775,0.004439219527031589,1.780238442205336e-07,0.03486506700780345
689,0.05634249142000121,0.12173997460316088,0.021586761613957093,1.6954663619261913e-05,6.628005209363481e-07,0.05755904522593038,0.05227823021626865,0.10316392971544511,0.01181913701666499,0.002953088708949345,3.1690007402199913e-07,0.030183729790763506
690,0.066157271831164,0.11220871310843514,0.01721866655281496,0.004240857827600807,3.055625510494625e-06,0.06323811625998284,0.05230928528402458,0.1040793353640918,0.011002656710380405,0.00520603416874138,1.2423011117771166e-06,0.05174753355438335
691,0.05531531696395911,0.1219013269481231,0.018424467661170785,0.003465846273164745,3.055625510494625e-06,0.06323811625998284,0.05230928528402458,0.1040793353640918,0.011002656710380405,0.00520603416874138,1.2423011117771166e-06,0.05174753355438335
692,0.06131485148034961,0.12448115124951983,0.01721866655281496,0.003465846273164745,3.055625510494625e-06,0.028360047644085586,0.05230928528402458,0.1040793353640918,0.011002656710380405,0.00520603416874138,1.2423011117771166e-06,0.05174753355438335
693,0.066157271831164,0.12448115124951983,0.004815800757464253,0.004240857827600807,3.055625510494625e-06,0.05248387589991545,0.05230928528402458,0.1040793353640918,0.011002656710380405,0.00520603416874138,1.2423011117771166e-06,0.05174753355438335
694,0.05170820465011007,0.12223155233417644,0.01721866655281496,0.003465846273164745,5.929231176744433e-06,0.028360047644085586,0.05230928528402458,0.1040793353640918,0.011002656710380405,0.00520603416874138,1.2423011117771166e-06,0.05174753355438335
695,0.05589648497123957,0.12223155233417644,0.01721866655281496,0.005520261724458212,1.6027942398178276e-06,0.08535128371498359,0.05230928528402458,0.1040793353640918,0.011002656710380405,0.00520603416874138,1.2423011117771166e-06,0.05174753355438335
696,0.951014585701341,0.8247244258249274,0.9971722707088555,0.9921751464058207,0.9419709906916032,0.8512505039467749,0.9241373578122238,0.8123226913542241,0.9885432448173574,0.9982167677081264,0.9459938024274019,0.8458530633501012
697,0.06092208622307366,0.12830423490827997,0.011594514788917742,0.0069568392059811265,5.2928620896197534e-08,0.06177680064488156,0.052024318825667895,0.09287054388904452,0.012229235993648497,0.0050614254749546984,1.644440073251618e-07,0.04923879258367816
698,0.05525269666239389,0.12354206394401637,0.0202495191030202,0.0030286494945352773,1.0763612081344379e-07,0.05868088453950074,0.05230986156665297,0.08897700037579481,0.012334248521642322,0.0035727288272238895,2.2121196614895648e-07,0.03238887045624917
699,0.0677675466928703,0.18021897509403179,0.00617220674650274,0.0025213774976648173,3.7796613614167465e-06,0.09864651811646294,0.05224268644428314,0.10441844906285991,0.0063174444664273206,1.3860631350374748e-06,1.0145749845521475e-05,0.08062518168333221
700,0.05877432122684555,0.13259979254909837,0.023293270134705828,0.003655459420773771,5.781950454090718e-06,0.09756905146210675,0.05188487692763782,0.3459580248719251,0.015465106553519967,5.515323626856848e-06,2.550219488409708e-06,0.1042565556830315
701,0.054491403191805905,0.12332089019262153,0.013141894426413767,0.009277392400947212,4.5826782786871534e-07,0.0592239707920477,0.05079739113864644,0.10338858901599612,0.02433150712962705,0.010919067945301727,3.6929229292054815e-07,0.061803181814651935
702,0.06607153327168745,0.12384792269841914,0.030797135766344224,0.009586548249298646,2.7216962226243177e-06,0.042616829383220575,0.05225099813003268,0.10432238043431495,0.020112897610023984,0.013820599144956525,1.048275826152476e-06,0.07820526713626236
703,0.06607153327168745,0.12489038819378696,0.030797135766344224,0.013873689677146406,1.2308238096323745e-06,0.09962440955367026,0.05225099813003268,0.10432238043431495,0.020112897610023984,0.013820599144956525,1.048275826152476e-06,0.07820526713626236
704,0.061304214333541836,0.111961937774743,0.028157539423211777,0.009586548249298646,2.7216962226243177e-06,0.09962440955367026,0.05225099813003268,0.10432238043431495,0.020112897610023984,0.013820599144956525,1.048275826152476e-06,0.07820526713626236
705,0.061304214333541836,0.12489038819378696,0.028157539423211777,0.011786844122720106,2.7216962226243177e-06,0.08439639277031258,0.05225099813003268,0.10432238043431495,0.020112897610023984,0.013820599144956525,1.048275826152476e-06,0.07820526713626236
706,0.05170416373066445,0.11375926926012443,0.01992378505929795,0.01753316228900713,6.426107905575208e-06,0.08304201884820739,0.05225099813003268,0.10432238043431495,0.020112897610023984,0.013820599144956525,1.048275826152476e-06,0.07820526713626236
707,0.05165432503565147,0.10693541852404116,0.015991551729557185,1.7137420774529913e-05,1.5036440421451805e-07,0.10718233670753922,0.052242269733409286,0.08817669080465194,0.011020666195874858,0.004328571130922215,2.120131644280599e-07,0.06007317926272832
708,0.04969276482290752,0.12346076039871762,0.008259461910810903,0.002597004156802551,4.453836787686872e-06,0.0553306559309953,0.0501954849144469,0.1029268861429152,0.006747184161275613,0.0027700150801663417,1.8531115829574657e-06,0.03845361232716041
709,0.6552239181979591,0.7048013327584396,0.6030079746440142,0.8527347307094393,0.7402333757833255,0.7912453891254138,0.6433445416616772,0.7628316590812352,0.5268872105546284,0.8704917753744861,0.7001865187734065,0.8308209063817326
710,0.06098994939196202,0.1647081445964979,0.03561302929226084,0.018000777107960622,4.44905050791942e-08,0.0655083419043757,0.052318534287278166,0.10433872249249479,0.031492450538245086,0.018896551381396832,5.73288150826536e-08,0.04790886837921401
711,0.05593104393895749,0.12272571685869361,0.022616906737207634,0.007202852182459538,4.4169852836102175e-07,0.05945647697894075,0.05210088015094937,0.10285458393427258,0.018897514935904795,0.0070520273029301105,4.075019609674834e-07,0.05079829142634577
712,0.06049305902873558,0.09761840934675133,0.046743147872993225,0.019722290556112722,5.443672789242179e-08,0.04356615098810552,0.051626922236677815,0.07224500478431037,0.031001695200744424,0.015953246929522845,7.065507309653479e-08,0.04661665963915888
713,0.9447230044279495,0.8341196849325054,0.997315256633191,0.9973815265771784,0.9602676790534589,0.8753831106947936,0.9238316134251293,0.8221410531711485,0.9888305573381047,0.9978742267052705,0.9406987018046746,0.8509598625310376
714,0.05619621629018046,0.8282527520126205,0.06308964656509533,0.007962786993086859,1.541376427620365e-07,0.1016315670662532,0.052319818398717924,0.10439615214772098,0.04631090696007887,0.009324306728496922,2.816311448281832e-07,0.10904089848035935
715,0.0528486004896874,0.10672755401627682,0.028717536310656287,0.018613216440565152,8.462088370127522e-07,0.05050649422877568,0.04965887141656883,0.10350988794918776,0.028113449794747135,0.01741427303730528,5.205371398201158e-07,0.07828252749100637
716,0.05597805069729228,0.11189805627232034,0.004911270054309722,0.00279861587358336,6.625281892204135e-07,0.03117264582593649,0.05227778797967267,0.10435501133430528,0.012296642916711323,0.004045253254253797,6.519126582740725e-07,0.0408580454038062
717,0.06920891784396901,0.14428935978326812,0.01789980352009422,0.0044918760483300775,7.091043615012019e-08,0.0387867982342277,0.051717912484923516,0.10444514943254005,0.016385360912237527,0.007616722749085662,1.0994341088148056e-07,0.04423308979573689
718,0.05531625342615672,0.11778643327889635,0.036414224819526685,0.028844361737108012,2.3323035948742903e-06,0.08717414122640854,0.05094448945900738,0.10263241017856667,0.036307249726995984,0.02595264891562559,4.4007980668566575e-07,0.08801645240043898
719,0.06467413526298489,0.11222991381714818,0.036414224819526685,0.03759171743367891,7.833248410310669e-07,0.08717414122640854,0.05094448945900738,0.10263241017856667,0.036307249726995984,0.02595264891562559,4.4007980668566575e-07,0.08801645240043898
720,0.04854401093050068,0.108126950973204,0.028964769035295365,0.01058364065472547,1.1891015522782057e-07,0.0550654775079655,0.04934972727897918,0.09995911851486626,0.026037917943865667,0.009573172725426887,1.5700311766041144e-07,0.04773981708233632
721,0.06398306829101319,0.10674522025525943,0.04257966569711023,0.04935166660491193,6.702942256702314e-07,0.10083444474307633,0.050355701169975384,0.09926378380561143,0.03924340298502824,0.032880371937932334,5.447224716398218e-07,0.09613375841062832
722,0.04891206599934663,0.11864491320692752,0.033980081263864696,0.05514727878588792,1.2907793829445488e-06,0.063813121247446,0.04933838989346011,0.09843749406654768,0.04055671055863991,0.03617624927284059,5.994845639194483e-07,0.09938575398863737
723,0.06268166797846521,0.10798514560086804,0.05845735865101517,0.03251649377313087,7.854412968950478e-07,0.06478590087187065,0.049303236889753244,0.09865348619376581,0.04151420812206192,0.038105971851619555,6.183147588281384e-07,0.10095182521297741
724,0.05774321381283359,0.11713040714309991,0.034772256257439654,0.02471138037852887,9.485320035335483e-07,0.0892880065131563,0.04960767710814174,0.10396322999164934,0.034663130444488856,0.022297049853854882,3.861527380140305e-07,0.0826596944865662
725,0.054428454381545116,0.687585785584591,0.014534612546430894,3.870362984885616e-06,8.011473891788846e-07,0.14180385252888084,0.05138321658957675,0.29651946439516175,0.01574950480948025,4.592676992860423e-06,2.524099153453678e-06,0.10755223890204306
726,0.054126541243598156,0.5519379480434694,0.011285275650558556,1.3090783957197152e-06,8.671579775442042e-06,0.13901274940550604,0.05076082987433153,0.26046037796884963,0.011653884159481582,5.21295235482398e-06,3.895092877956085e-06,0.09341914763499438
727,0.11199098609585709,0.14352186551567936,0.03343802177613434,0.004025328077789325,5.485917472263374e-06,0.15483356868352754,0.05225192346784829,0.7625630951109549,0.01738564133987656,0.004320807445178404,2.3880991693705035e-06,0.10764581396510695
728,0.04713145555900906,0.08701706505108661,0.04424832807764181,0.013794668176394588,5.415191265682558e-08,0.10647195887514975,0.04768525190437064,0.04670166938688009,0.03703804400385044,0.01831747745212164,6.77849918888304e-08,0.1041864744818828
729,0.04713145555900906,0.09129876059152223,0.0404198596816222,0.03084692763654533,4.1578914783193414e-08,0.10647195887514975,0.04768525190437064,0.04670166938688009,0.03703804400385044,0.01831747745212164,6.77849918888304e-08,0.1041864744818828
730,0.05319526096140986,0.10922102212528192,0.042782551664500644,0.026367252672135674,1.5055391467176848e-06,0.10708234536435231,0.04982649870679238,0.09990807641816796,0.043385430274522734,0.04188262051904182,6.528845774189955e-07,0.10373428441349918
731,0.04795257790807769,0.116932809262815,0.05428099297480169,0.02424925698260528,4.0066446053413405e-06,0.06179471152601858,0.04837669116813633,0.09762614932974532,0.03824041279716099,0.03304353265698095,6.196624513720559e-07,0.09735204149470905
732,0.056033019144935726,0.12409372131844103,0.02338412990570341,0.004552493417848501,1.0927765278889082e-06,0.07657376671815887,0.05228689416396598,0.10348446725993553,0.015729995071516595,0.005398711346798363,4.769156335709783e-07,0.045375231928116995
733,0.8318014449418849,0.8039396556863162,0.9953653529370243,0.9792276688466175,0.9796030894373803,0.8509400571407663,0.8846026114332519,0.7654102598216064,0.9912315505201466,0.9857357732626019,0.9554020942390931,0.8510657178470664
734,0.0517011244079649,0.12382545297729736,0.016629743522002995,0.015903938523635985,1.5767656034878774e-08,0.09361985657989134,0.05222858065268949,0.0857242719911973,0.02688033235626773,0.016189615018157057,6.840039494234642e-08,0.0877906778472347
735,0.06612123424482017,0.07570210404009724,0.03364178936940107,0.02593467649966969,4.4540264534505456e-08,0.09361985657989134,0.05222858065268949,0.0857242719911973,0.02688033235626773,0.016189615018157057,6.840039494234642e-08,0.0877906778472347
736,0.0517011244079649,0.12449164748282021,0.03876867511834699,0.012458678154635172,1.5767656034878774e-08,0.09361985657989134,0.05222858065268949,0.0857242719911973,0.02688033235626773,0.016189615018157057,6.840039494234642e-08,0.0877906778472347
737,0.055958566957976484,0.0685101920157971,0.04188027061382625,0.010233428723615715,1.400367110606044e-08,0.1209842940841265,0.0522960001310413,0.09088532339507524,0.03207009945267138,0.01824184471012733,6.447450367526939e-08,0.09776384197325465
738,0.06612123424482017,0.10472023878761927,0.03907956898028463,0.02482807875324458,1.5767656034878774e-08,0.09361985657989134,0.05222858065268949,0.0857242719911973,0.02688033235626773,0.016189615018157057,6.840039494234642e-08,0.0877906778472347
739,0.06607754269025422,0.11220342288638917,0.04188027061382625,0.017348712423923555,1.4334738893720042e-07,0.09501760192362305,0.0522960001310413,0.09088532339507524,0.03207009945267138,0.01824184471012733,6.447450367526939e-08,0.09776384197325465
740,0.05558679086133864,0.13285339006236646,0.05798548177437163,0.030593007179219447,1.0376461173092251e-07,0.08122494768202534,0.05228021697092365,0.1043289223334639,0.04099163589609218,0.01990207752414396,1.1644450722533085e-07,0.06451938305136433
741,0.06612123424482017,0.07570210404009724,0.03907956898028463,0.015903938523635985,4.4540264534505456e-08,0.11544163444468859,0.05222858065268949,0.0857242719911973,0.02688033235626773,0.016189615018157057,6.840039494234642e-08,0.0877906778472347
742,0.06094913338896494,0.03582092692713984,0.044918933916378655,0.02196596802889246,1.9197275097847563e-08,0.10264938785834801,0.05224233136930807,0.04407761616415336,0.04266065924103158,0.02438013349052542,5.2387704843967254e-08,0.10754194416216944
743,0.051640638795442666,0.12034591301977181,0.029617787640643472,0.012292364097905375,5.143007713111311e-07,0.05239836769099519,0.05227528149593561,0.09964615065117523,0.02771970473891916,0.011273248700707497,2.2714656962800406e-07,0.05748813361477209
744,0.05336154261367408,0.10831586509619594,0.05868369875833338,0.042616608313785394,1.2995204107229423e-06,0.10212867553580815,0.049881230309545034,0.09900222374961076,0.04176708194671166,0.03797447342894427,5.945802163310661e-07,0.10053923166181748
745,0.05593054849148046,0.12355387650767805,0.04512706841404421,0.05248904712898063,1.4799237672190736e-06,0.10769185178871958,0.052220265735401485,0.10268823870875637,0.046309131766619195,0.04617794982994621,6.255759468560188e-07,0.10572268436434787
746,0.058961456635347985,0.12081951699930259,0.04327409233726593,0.049017035809937014,1.8538489492378864e-06,0.11136452416509222,0.05012471274648098,0.10088115442410517,0.04389567129147543,0.04363335324434543,6.975354311207345e-07,0.10528256197103279
747,0.06432986442189369,0.1217413851198798,0.04757859043360381,0.027656570872813684,8.615124853278016e-07,0.06772932880151061,0.05070915690132611,0.10121715729765371,0.04469023296202968,0.04421055569510732,6.604643144191837e-07,0.10513256280545663
748,0.0606446787968026,0.12401918322369622,0.04757350976697116,0.027114064915265308,1.1044225957303943e-06,0.10789471800044463,0.05156213258690506,0.10348995913046392,0.043091392282435456,0.044549839870194556,8.277379044897097e-07,0.10730549177035592
