instances,row_original,class,ih,n_wrong,feature_kDN,feature_DS,feature_DCP,feature_TD_P,feature_TD_U,feature_CL,feature_CLD,feature_MV,feature_CB,feature_N1,feature_N2,feature_LSC,feature_LSR,feature_Harmfulness,feature_Usefulness,feature_F2,feature_F3,feature_F4,algo_knn,algo_tree,algo_nb,algo_logreg,algo_svm_rbf,algo_rf
1,0,tested_positive,0.2116708396617393,0,0.3,0.823076923076923,0.2753623188405797,0.6666666666666666,0.5384615384615384,0.390201611471157,0.390201611471157,0.4639999999999999,0.7673611111111112,0.5,0.4421586351976412,0.9888059701492538,0.8245904923280436,0.0,0.9925373134328358,0.6666666666666666,0.8582453591076836,0.9629629629629632,0.8,1.0,0.7198374575536984,0.7094459284042581,0.7406915760716077,0.76
2,1,tested_negative,0.0497800373521898,0,0.0,0.7846153846153846,0.3988439306358381,1.0,0.6153846153846154,0.1170978283792011,0.1170978283792011,0.0,0.5659722222222222,0.0,0.3668757729664966,0.908,0.8125016865956098,0.0,0.96,0.6666666666666666,0.8345047561794885,0.9836065573770492,1.0,1.0,0.9786682241457476,0.9500917202847338,0.9025598314563796,0.87
3,2,tested_positive,0.2331627714030291,0,0.3,0.9230769230769232,0.6842105263157895,0.6666666666666666,0.5384615384615384,0.3228147691970402,0.3228147691970402,0.4639999999999999,0.7673611111111112,0.0,0.4787890936308787,0.9813432835820896,0.7983464228899558,0.0,0.9925373134328358,0.6666666666666666,0.7971627287626653,0.9421487603305786,0.6,1.0,0.7929204894276907,0.7608788555272086,0.8372240266269262,0.61
4,3,tested_negative,0.0288755989721397,0,0.0,0.0,0.084870848708487,0.6666666666666666,0.4615384615384615,0.113290349987688,0.113290349987688,0.0,0.5659722222222222,0.0,0.2390354939509705,0.79,0.8081889835486733,0.0,0.908,0.6666666666666666,0.8183630661251659,0.9904926534140016,1.0,1.0,0.9874103176095071,0.9544853707383438,0.9148507178193106,0.97
5,4,tested_positive,0.3418911641055177,1,0.4,0.9538461538461538,0.2753623188405797,0.6666666666666666,0.6153846153846154,0.2453668253290164,0.2453668253290164,0.4639999999999999,0.7673611111111112,0.0,0.4701871271997664,0.9850746268656716,0.6742083429619239,0.0,0.996268656716418,0.6666666666666666,0.7939441710757731,0.9230769230769232,0.6,0.0,0.9999965227489074,0.9351015311686774,0.6435549614493089,0.77
6,5,tested_negative,0.1431184142721991,0,0.3,0.7076923076923076,0.048780487804878,1.0,0.3076923076923077,0.1388457981075597,0.1388457981075597,0.0,0.5659722222222222,0.25,0.3474173188849739,0.996,0.9185402944371972,0.003731343283582,0.99,0.6666666666666666,0.8021921547177571,0.9494614747307376,0.6,1.0,0.9404879682007232,0.8480569482262835,0.8227445979397982,0.93
7,6,tested_positive,0.956049841078756,6,1.0,0.9923076923076924,0.915129151291513,0.6666666666666666,0.5384615384615384,0.8790482166928495,0.8790482166928495,0.4639999999999999,0.7673611111111112,1.0,0.6526467172473644,0.996268656716418,0.8931816490442335,0.04,1.0,0.6999843823207871,0.8378960485876081,0.9677419354838712,0.0,0.0,0.0299603458503766,0.0671467538625036,0.0765938538145837,0.09
8,7,tested_negative,0.7217065069786202,5,0.6,0.9384615384615383,0.3988439306358381,1.0,0.6153846153846154,0.6387013471861489,0.6387013471861489,0.0,0.5659722222222222,1.0,0.5661607628346703,0.998,0.8910299964402396,0.0074626865671641,1.0,0.6666666666666666,0.7538269599687734,0.9227166276346606,0.6,0.0,0.1302995130727962,0.2892840072508249,0.2801774378046586,0.37
9,8,tested_positive,0.4213895007388172,1,0.2,0.9153846153846154,0.2753623188405797,0.6666666666666666,0.6153846153846154,0.2453240990272842,0.2453240990272842,0.4639999999999999,0.7673611111111112,0.0,0.4821839472789601,0.9888059701492538,0.7138673613724603,0.0,0.996268656716418,0.6666666666666666,0.8046376474875837,0.9687235841081996,0.6,0.0,0.999178630150096,0.5550523248785258,0.6874320405384751,0.63
10,9,tested_positive,0.6901347450716746,5,0.8,0.9923076923076924,0.951219512195122,1.0,0.3076923076923077,0.8807861037515272,0.8807861037515272,0.4639999999999999,0.7673611111111112,0.0,0.4995410479062134,0.9925373134328358,0.8221038243005105,0.002,1.0,0.6666666666666666,0.7589698675297998,0.896551724137931,0.4,1.0,0.0067148353747002,0.0350757095112073,0.2174009846840453,0.2
11,10,tested_negative,0.1664130202123744,0,0.2,0.9384615384615383,0.3988439306358381,1.0,0.6153846153846154,0.2023037858808072,0.2023037858808072,0.0,0.5659722222222222,0.3333333333333333,0.4220432459558284,0.984,0.8580852956438081,0.003731343283582,0.994,0.6666666666666666,0.7742903933761256,0.9448441247002396,0.8,1.0,0.8493833402220411,0.7829732292236514,0.7691653092800603,0.8
12,11,tested_positive,0.3195701596043102,1,0.4,0.6461538461538461,0.2753623188405797,0.6666666666666666,0.4615384615384615,0.2740596166084488,0.2740596166084488,0.4639999999999999,0.7673611111111112,1.0,0.6057510663493477,0.996268656716418,0.8752763918598423,0.004,0.996268656716418,0.6666666666666666,0.77121593506754,0.8702290076335878,0.6,0.0,0.9194850815221792,0.8923043545781396,0.9007896062738204,0.77
13,12,tested_negative,0.5438109474086097,3,0.5,0.9,0.3157894736842105,0.6666666666666666,0.4615384615384615,0.7461934415020062,0.7461934415020062,0.0,0.5659722222222222,0.0,0.496178510683276,0.996,0.8025237769129098,0.0,1.0,0.6666666666666666,0.809048179981384,0.9736618521665252,0.4,1.0,0.0127279051954362,0.1644064103529049,0.5,0.66
14,13,tested_positive,0.4379341351873976,2,0.1,1.0,0.2753623188405797,0.6666666666666666,0.3846153846153846,0.2452967656518265,0.2452967656518265,0.4639999999999999,0.7673611111111112,0.0,0.3950366276300128,0.9664179104477612,0.58925572654983,0.0,0.996268656716418,0.6108374384236452,0.7952938706624438,0.97531914893617,0.8,0.0,0.999995446016057,0.4591833392528386,0.5232164036067185,0.59
15,14,tested_positive,0.3045558632255648,1,0.3,0.9230769230769232,0.6842105263157895,0.6666666666666666,0.5384615384615384,0.3691882034792609,0.3691882034792609,0.4639999999999999,0.7673611111111112,1.0,0.5838651473418863,0.996268656716418,0.8756007280116718,0.002,1.0,0.7448015122873346,0.8494219943102259,0.9526184538653368,0.4,1.0,0.7523047173103986,0.6594406132185211,0.6609194901176915,0.7
16,15,tested_positive,0.6539688716185041,5,0.7,0.9923076923076924,0.6011560693641618,1.0,0.7692307692307693,0.6178045401919612,0.6178045401919612,0.4639999999999999,0.7673611111111112,1.0,0.7475817255965944,0.996268656716418,0.9624499088817664,0.006,1.0,0.6666666666666666,0.8090098531434236,0.9924433249370276,0.4,0.0,0.5735327052443289,0.4616209870160076,0.3910330780286392,0.25
17,16,tested_positive,0.6366807349532859,4,0.6,0.946153846153846,0.6011560693641618,1.0,0.6153846153846154,0.4373419697290448,0.4373419697290448,0.4639999999999999,0.7673611111111112,0.0,0.4856727721065969,0.9888059701492538,0.881972699267544,0.002,0.996268656716418,0.6666666666666666,0.7898142562193182,0.9099307159353348,0.4,0.0,0.5150603619032036,0.3617166867522497,0.3531385416248311,0.55
18,17,tested_positive,0.7628439527625376,5,0.6,0.9538461538461538,0.6011560693641618,1.0,0.9230769230769232,0.8338314862223,0.8338314862223,0.4639999999999999,0.7673611111111112,0.3333333333333333,0.5127089502461633,0.996268656716418,0.9117185309239269,0.002,0.9925373134328358,0.6666666666666666,0.8227257506558137,0.9836909871244636,0.6,0.0,0.1080773037102996,0.2138041062999247,0.2110548734145499,0.29
19,18,tested_negative,0.2678680914054943,0,0.1,0.9384615384615383,0.3988439306358381,1.0,0.6153846153846154,0.2525910685647232,0.2525910685647232,0.0,0.5659722222222222,0.5,0.5178126523434506,0.998,0.8013681892879578,0.003731343283582,1.0,0.6860554109903565,0.7963319833605513,0.977667493796526,0.8,1.0,0.7462526755453807,0.6256923370966359,0.5208464389250178,0.7
20,19,tested_positive,0.8157319452247249,6,0.8,0.946153846153846,0.6011560693641618,1.0,0.6153846153846154,0.8217214773793619,0.8217214773793619,0.4639999999999999,0.7673611111111112,0.5,0.5373686841676891,0.996268656716418,0.8872678392566007,0.016,0.9925373134328358,0.7027027027027026,0.8387165130785595,1.0,0.2,0.0,0.1047116382377518,0.2214336972136363,0.2394629932002623,0.34
21,20,tested_negative,0.3966259041470593,2,0.6,0.9,0.084870848708487,0.6666666666666666,0.6153846153846154,0.5524901739595721,0.5524901739595721,0.0,0.5659722222222222,0.6666666666666666,0.5257177750579877,0.998,0.8575716948368106,0.0074626865671641,0.998,0.725925925925926,0.8158242956644595,0.8775055679287306,0.4,1.0,0.4592043154743446,0.5980564792001112,0.5729837804431884,0.59
22,21,tested_negative,0.3248892469134516,1,0.2,0.9538461538461538,0.3988439306358381,1.0,0.6923076923076923,0.353390652655984,0.353390652655984,0.0,0.5659722222222222,0.0,0.3660728009550532,0.982,0.846296968052279,0.0,0.992,0.6666666666666666,0.8222949505417665,0.9974683544303796,0.4,1.0,0.6550903247291731,0.6498742762041039,0.7056999175860137,0.64
23,22,tested_positive,0.0953278085461768,0,0.1,0.6461538461538461,0.2753623188405797,0.6666666666666666,0.4615384615384615,0.2516071672840692,0.2516071672840692,0.4639999999999999,0.7673611111111112,0.5,0.2615864003629701,0.9850746268656716,0.7945461436972615,0.002,0.9925373134328358,0.6666666666666666,0.7801382257286148,0.9629629629629632,0.8,1.0,0.984947979794382,0.9363895399082384,0.9566956290203183,0.75
24,23,tested_positive,0.5636698439783718,4,0.6,0.9538461538461538,0.6011560693641618,1.0,0.9230769230769232,0.7232776032888829,0.7232776032888829,0.4639999999999999,0.7673611111111112,0.0,0.4830613901520354,0.9888059701492538,0.8067792864162782,0.0,0.996268656716418,0.6666666666666666,0.8264521407970845,0.9939288811795316,0.4,1.0,0.1893353315490274,0.2674059517907493,0.2112396527899926,0.55
25,24,tested_positive,0.4896621411654426,2,0.5,0.9846153846153848,0.2753623188405797,0.6666666666666666,0.8461538461538461,0.2689917473425665,0.2689917473425665,0.4639999999999999,0.7673611111111112,0.0,0.4596935005293424,0.9888059701492538,0.8434845742550199,0.002,0.9888059701492538,0.7012987012987012,0.8139365589034959,0.9523809523809524,0.2,0.0,0.9234395656419284,0.7015120134006573,0.6170755739647588,0.62
26,25,tested_positive,0.6694780170495478,6,0.6,0.9923076923076924,0.6011560693641618,1.0,0.9230769230769232,0.5201038577089339,0.5201038577089339,0.4639999999999999,0.7673611111111112,0.6666666666666666,0.5723391556867197,0.996268656716418,0.9232548010409488,0.006,0.996268656716418,0.6907073509015257,0.8516620138771658,0.9589958158995816,0.4,0.0,0.4623701624497731,0.4472380822540653,0.3335236529988752,0.34
27,26,tested_positive,0.3052906714152602,1,0.3,0.9923076923076924,0.2753623188405797,0.6666666666666666,0.9230769230769232,0.3996202983942748,0.3996202983942748,0.4639999999999999,0.7673611111111112,0.0,0.4687693477121942,0.9850746268656716,0.8797654230319522,0.002,0.9850746268656716,0.6666666666666666,0.8064156362511836,0.9629629629629632,0.4,1.0,0.6277627698118314,0.7241385619360635,0.7863546397605439,0.63
28,27,tested_negative,0.0222380804808044,0,0.0,0.0,0.084870848708487,0.6666666666666666,0.4615384615384615,0.1134487596058529,0.1134487596058529,0.0,0.5659722222222222,0.0,0.3592376288364421,0.936,0.8459192882791673,0.0,0.914,0.6758620689655173,0.8162169441782803,0.9924433249370276,1.0,1.0,0.987325969065497,0.9540902753255835,0.9551552727240932,0.97
29,28,tested_negative,0.5986997257390514,3,0.6,0.9,0.3157894736842105,0.6666666666666666,0.4615384615384615,0.6981555772060065,0.6981555772060065,0.0,0.5659722222222222,0.0,0.42832586384711,0.996,0.7962975743063303,0.0,0.998,0.6666666666666666,0.786068557403383,0.8988235294117648,0.6,0.0,0.153219238431107,0.4512207208070865,0.623361686327498,0.58
30,29,tested_negative,0.4968064433465357,3,0.5,0.9769230769230768,0.3988439306358381,1.0,0.7692307692307693,0.261548048607287,0.261548048607287,0.0,0.5659722222222222,0.0,0.4435439447467685,0.996,0.919820507207065,0.003731343283582,0.996,0.6666666666666666,0.8011928635486864,0.91415313225058,0.4,0.0,0.7743653128993007,0.7261434967749809,0.6586525302465049,0.46
31,30,tested_negative,0.3848868646804267,2,0.4,0.8923076923076922,0.3988439306358381,1.0,0.8461538461538461,0.3312676671049405,0.3312676671049405,0.0,0.5659722222222222,0.5,0.6502718211495093,0.998,0.8968506353079189,0.003731343283582,0.998,0.6666666666666666,0.8429429872749654,0.9493975903614458,0.2,1.0,0.7524428411511828,0.576771442068748,0.6714645286975081,0.49
32,31,tested_positive,0.3515777054757204,1,0.5,0.6461538461538461,0.2753623188405797,0.6666666666666666,0.4615384615384615,0.3317201854485649,0.3317201854485649,0.4639999999999999,0.7673611111111112,0.0,0.3877533804499796,0.9813432835820896,0.8061525361612841,0.002,0.9925373134328358,0.7368421052631579,0.8408293007095893,0.9510373443983402,0.4,1.0,0.6861329025226945,0.5224520718657103,0.5619487927572726,0.72
33,32,tested_negative,0.0298436692128208,0,0.0,0.0,0.084870848708487,0.6666666666666666,0.4615384615384615,0.1113023556831132,0.1113023556831132,0.0,0.5659722222222222,0.0,0.4097618374809401,0.97,0.8751198965666838,0.0,0.906,0.6758620689655173,0.8132131120800961,0.9913043478260868,1.0,1.0,0.9890453877180804,0.9484842620849694,0.933408334920025,0.95
34,33,tested_negative,0.0305418785315404,0,0.3,0.0,0.084870848708487,0.6666666666666666,0.4615384615384615,0.1197058116499325,0.1197058116499325,0.0,0.5659722222222222,0.0,0.3967547316013357,0.992,0.8698031021734496,0.0,0.996,0.6666666666666666,0.7901162253269634,0.968058968058968,1.0,1.0,0.976489942431403,0.9618959242905648,0.9183628620887891,0.96
35,34,tested_negative,0.4729204297680763,3,0.7,0.9538461538461538,0.3988439306358381,1.0,1.0,0.4707623782331676,0.4707623782331676,0.0,0.5659722222222222,1.0,0.5878054490328686,0.998,0.882890800733445,0.0111940298507462,0.994,0.6666666666666666,0.8638522801195712,0.98989898989899,0.4,1.0,0.5269296406918992,0.5488360876815446,0.4267116930180991,0.26
36,35,tested_negative,0.1656645592784201,0,0.3,0.7076923076923076,0.048780487804878,1.0,0.3076923076923077,0.2161309510204077,0.2161309510204077,0.0,0.5659722222222222,0.0,0.3763947410839908,0.99,0.7521653666871463,0.0,0.996,0.7967479674796748,0.8965443605687808,0.977667493796526,0.8,1.0,0.854379184917937,0.855481907725582,0.8061515516859596,0.69
37,36,tested_negative,0.7485414943772832,6,0.6,0.9769230769230768,0.7246376811594203,0.6666666666666666,0.8461538461538461,0.6213859931776468,0.6213859931776468,0.0,0.5659722222222222,0.3333333333333333,0.4779061849232257,0.996,0.8771799752362651,0.0,1.0,0.6666666666666666,0.7820005835265561,0.9264349232012934,0.2,0.0,0.3407394487462742,0.3740142746306467,0.2739973103593797,0.32
38,37,tested_positive,0.4851047074850924,3,0.5,0.9076923076923076,0.6011560693641618,1.0,0.4615384615384615,0.548244144998249,0.548244144998249,0.4639999999999999,0.7673611111111112,0.5,0.5601331692379565,0.996268656716418,0.853458667486864,0.006,0.9925373134328358,0.6666666666666666,0.8707808776224528,0.98989898989899,0.2,1.0,0.5356808987313123,0.4398091563717535,0.3938816999863797,0.52
39,38,tested_positive,0.9287782745226656,6,1.0,0.9615384615384616,0.915129151291513,0.6666666666666666,0.7692307692307693,0.8434204439784528,0.8434204439784528,0.4639999999999999,0.7673611111111112,1.0,0.6041001257303691,0.996268656716418,0.8791030648303464,0.014,1.0,0.6666666666666666,0.8071408469742488,0.9586374695863747,0.0,0.0,0.0749271256153204,0.16825980696179,0.1241434202868955,0.06
40,39,tested_positive,0.3493245969251463,1,0.4,0.946153846153846,0.6011560693641618,1.0,0.6923076923076923,0.2634728938227075,0.2634728938227075,0.4639999999999999,0.7673611111111112,1.0,0.5671423517524502,0.996268656716418,0.7842472226846826,0.0,1.0,0.7792207792207793,0.8600696331018929,0.9403341288782816,1.0,0.0,0.9835704304738152,0.6030629554314353,0.6674190325438711,0.65
41,40,tested_negative,0.8342880649958644,6,0.6,0.9923076923076924,0.7246376811594203,0.6666666666666666,0.6923076923076923,0.5763283339320413,0.5763283339320413,0.0,0.5659722222222222,0.75,0.5416252693162515,0.998,0.8770476810975232,0.0149253731343283,0.998,0.7050495516753185,0.8008411713430647,0.9421487603305786,0.2,0.0,0.3068909211590415,0.2330749709522417,0.1643057179135303,0.09
42,41,tested_negative,0.7824652602831577,6,0.7,0.9846153846153848,0.7246376811594203,0.6666666666666666,0.6153846153846154,0.5683620300561276,0.5683620300561276,0.0,0.5659722222222222,0.5,0.5827266621416016,0.998,0.8989171620407019,0.0186567164179104,0.998,0.6666666666666666,0.8067587538528631,0.9629629629629632,0.2,0.0,0.3890100273533389,0.3060083959201189,0.1701900150275962,0.24
43,42,tested_negative,0.1156129425743556,0,0.4,0.7076923076923076,0.048780487804878,1.0,0.3076923076923077,0.1799129837256505,0.1799129837256505,0.0,0.5659722222222222,0.0,0.4422362561903538,0.99,0.8083176299148289,0.0,1.0,0.6666666666666666,0.8432409381263748,0.9633251833740832,0.8,1.0,0.8804535826106712,0.8792748911637699,0.9065938707794248,0.84
44,43,tested_positive,0.2479283108145082,1,0.1,0.946153846153846,0.2753623188405797,0.6666666666666666,0.5384615384615384,0.2463565227166478,0.2463565227166478,0.4639999999999999,0.7673611111111112,0.0,0.4292273615162156,0.9664179104477612,0.6981479036123499,0.0,1.0,0.6826347305389222,0.8072549359749845,0.9090909090909092,1.0,0.0,0.9945349846752992,0.9057092022297633,0.8421859482078871,0.77
45,44,tested_negative,0.7536773797053101,6,0.8,1.0,0.3157894736842105,0.6666666666666666,0.6923076923076923,0.5036023854267355,0.5036023854267355,0.0,0.5659722222222222,1.0,0.6924417026411697,0.998,0.9417834394466256,0.0111940298507462,1.0,0.6666666666666666,0.8239269318320743,0.97865072587532,0.2,0.0,0.4807590112681445,0.3563401854962947,0.2508365250036996,0.19
46,45,tested_positive,0.1482472897736029,0,0.2,0.6461538461538461,0.2753623188405797,0.6666666666666666,0.4615384615384615,0.2456383995930215,0.2456383995930215,0.4639999999999999,0.7673611111111112,0.0,0.405700443612967,0.9925373134328358,0.7511298406201611,0.0,0.9888059701492538,0.6666666666666666,0.7648984867213188,0.9268292682926828,0.6,1.0,0.9968181677919168,0.935805826712324,0.7378922668541417,0.84
47,46,tested_negative,0.3374015715971797,1,0.3,0.9846153846153848,0.3157894736842105,0.6666666666666666,0.6153846153846154,0.2353929037430069,0.2353929037430069,0.0,0.5659722222222222,0.0,0.4808295735391649,0.996,0.8690361327422941,0.0,0.998,0.6666666666666666,0.7924756161890907,0.9913043478260868,0.6,1.0,0.81374597927996,0.5847563297680609,0.4670882613689008,0.51
48,47,tested_negative,0.0317698997284656,0,0.0,0.0,0.084870848708487,0.6666666666666666,0.4615384615384615,0.1141710976357197,0.1141710976357197,0.0,0.5659722222222222,0.0,0.3547299702668813,0.92,0.8132301587625648,0.0,0.942,0.6666666666666666,0.8230377904651996,0.9887834339948232,1.0,1.0,0.985147895176354,0.957449386396002,0.9167833200568498,0.95
49,48,tested_positive,0.600106114975532,4,0.8,0.9538461538461538,0.6011560693641618,1.0,0.6923076923076923,0.7670070764562046,0.7670070764562046,0.4639999999999999,0.7673611111111112,1.0,0.5504743437994124,0.996268656716418,0.8761252686038838,0.008,1.0,0.6666666666666666,0.8551126568924072,0.977667493796526,0.0,1.0,0.2129505049465744,0.4084776112737098,0.2379351939265234,0.54
50,49,tested_negative,0.1263111279586488,0,0.2,0.0,0.084870848708487,0.6666666666666666,0.4615384615384615,0.1106977124387069,0.1106977124387069,0.0,0.5659722222222222,0.0,0.3510619931758258,0.996,0.9139187062551342,0.0,0.99,0.6666666666666666,0.7506746224568291,0.968058968058968,0.8,1.0,0.94604007364507,0.9393842243201072,0.7367089342829297,0.82
51,50,tested_negative,0.0203203856162531,0,0.0,0.0,0.084870848708487,0.6666666666666666,0.4615384615384615,0.1111898899819068,0.1111898899819068,0.0,0.5659722222222222,0.0,0.3865695310195586,0.94,0.8345956019223402,0.0,0.952,0.6758620689655173,0.7857329652236212,0.977667493796526,1.0,1.0,0.9926493985066414,0.9657026599440564,0.9297256278517836,0.99
52,51,tested_negative,0.033429915587989,0,0.0,0.0,0.084870848708487,0.6666666666666666,0.4615384615384615,0.1158160778696311,0.1158160778696311,0.0,0.5659722222222222,0.0,0.3552215448802334,0.968,0.8589811580211171,0.0,0.938,0.6888888888888889,0.8163774575723879,0.9874686716791982,1.0,1.0,0.982946606495819,0.913872339301879,0.9226015606743684,0.98
53,52,tested_negative,0.074842793123358,0,0.1,0.7076923076923076,0.048780487804878,1.0,0.3076923076923077,0.1175072237080444,0.1175072237080444,0.0,0.5659722222222222,0.0,0.4224446193117074,0.982,0.8595147251655046,0.0,0.976,0.6806953339432753,0.8418547488660819,0.9493975903614458,0.8,1.0,0.9829380189853488,0.9350063892293042,0.8729988330451979,0.96
54,53,tested_positive,0.1164161630010888,0,0.1,0.946153846153846,0.2753623188405797,0.6666666666666666,0.5384615384615384,0.2479621260662597,0.2479621260662597,0.4639999999999999,0.7673611111111112,0.0,0.3862512728338347,0.9738805970149254,0.7757055703172725,0.0,0.9776119402985076,0.7176684881602914,0.8382664713887846,0.9375,0.8,1.0,0.9951378089074068,0.8319539775875539,0.8144112354985057,0.86
55,54,tested_negative,0.8227171843855645,6,0.8,0.9923076923076924,0.7246376811594203,0.6666666666666666,0.5384615384615384,0.7453908796886309,0.7453908796886309,0.0,0.5659722222222222,1.0,0.5780757934790572,0.998,0.8700352480935315,0.0186567164179104,1.0,0.7927565392354124,0.8919228624269185,0.9629629629629632,0.4,0.0,0.014177378310466,0.2654790027873963,0.1940405125887504,0.19
56,55,tested_negative,0.0217977524350985,0,0.0,0.0,0.084870848708487,0.6666666666666666,0.4615384615384615,0.1089002227099801,0.1089002227099801,0.0,0.5659722222222222,0.0,0.2467244244343168,0.83,0.8022041123364835,0.0,0.954,0.6666666666666666,0.777976083034848,0.9421487603305786,1.0,1.0,0.994273140054326,0.9760617700008356,0.9188785753342472,0.98
57,56,tested_positive,0.1023718167390367,0,0.2,0.9153846153846154,0.2753623188405797,0.6666666666666666,0.6153846153846154,0.2480263223542896,0.2480263223542896,0.4639999999999999,0.7673611111111112,0.5,0.4754629444990299,0.9925373134328358,0.795727201829766,0.0,0.9925373134328358,0.6900175131348512,0.8539488141141481,0.9629629629629632,0.8,1.0,0.9920850635681998,0.8797236953353281,0.8839603406622513,0.83
58,57,tested_negative,0.3585655993414639,1,0.5,0.9692307692307692,0.3988439306358381,1.0,0.6153846153846154,0.6138181775446504,0.6138181775446504,0.0,0.5659722222222222,0.0,0.4760308051818736,0.994,0.8038505930578701,0.0,0.998,0.6666666666666666,0.7854434481196186,0.9924433249370276,0.8,1.0,0.3036250683735024,0.6039828645324505,0.5409984710452633,0.6
59,58,tested_negative,0.8831728652027352,6,0.6,0.9846153846153848,0.7246376811594203,0.6666666666666666,0.6153846153846154,0.7521766196362696,0.7521766196362696,0.0,0.5659722222222222,1.0,0.5424447511253555,0.998,0.7652869637445271,0.003731343283582,1.0,0.6666666666666666,0.7776646357042377,0.9702970297029702,0.0,0.0,0.0078785199429606,0.1251594442128218,0.3379248446278061,0.23
60,59,tested_negative,0.1004234395898459,0,0.1,0.676923076923077,0.084870848708487,0.6666666666666666,0.5384615384615384,0.1753834240540974,0.1753834240540974,0.0,0.5659722222222222,0.0,0.3781563336042227,0.984,0.8579958161291464,0.0,0.988,0.6666666666666666,0.795306237268192,0.968058968058968,1.0,1.0,0.8953570819255383,0.8321072109901244,0.8599950695452612,0.81
61,60,tested_negative,0.0631099119552359,0,0.1,0.0,0.084870848708487,0.6666666666666666,0.4615384615384615,0.1067614575141777,0.1067614575141777,0.0,0.5659722222222222,0.0,0.1597532323077671,0.98,0.8066773132526701,0.0,0.994,0.6666666666666666,0.7150098635625071,0.9314420803782504,0.8,1.0,0.9997499124974508,0.9916840353315496,0.8399065804395838,0.99
62,61,tested_positive,0.5840643233411269,2,0.5,0.9846153846153848,0.2753623188405797,0.6666666666666666,0.6923076923076923,0.587353728971477,0.587353728971477,0.4639999999999999,0.7673611111111112,0.0,0.4525404477679566,0.9888059701492538,0.9088022220863092,0.002,0.9850746268656716,0.6666666666666666,0.8104048803422311,0.9309504467912266,0.6,0.0,0.3483357515264019,0.511902436217358,0.5253758722094785,0.51
63,62,tested_negative,0.0406780885888881,0,0.1,0.7076923076923076,0.048780487804878,1.0,0.3076923076923077,0.1213544955729641,0.1213544955729641,0.0,0.5659722222222222,0.0,0.4351369266016786,0.994,0.8053064257085005,0.0,1.0,0.6666666666666666,0.8164715289335873,0.957983193277311,1.0,1.0,0.9799606984686804,0.982281946622934,0.8436888233750568,0.95
64,63,tested_negative,0.2284887619053145,0,0.2,1.0,0.3157894736842105,0.6666666666666666,0.7692307692307693,0.2002746817216797,0.2002746817216797,0.0,0.5659722222222222,1.0,0.5880017776357307,0.998,0.8893994005443079,0.003731343283582,0.992,0.6950354609929077,0.8379208331608669,0.9913043478260868,0.8,1.0,0.8488248972390985,0.6589195687294829,0.6213229625995313,0.7
65,64,tested_positive,0.4224140915017046,3,0.3,0.9538461538461538,0.6011560693641618,1.0,0.6923076923076923,0.7449947698931516,0.7449947698931516,0.4639999999999999,0.7673611111111112,0.25,0.4441046820998091,0.9850746268656716,0.9116809284042467,0.004,0.9888059701492538,0.6666666666666666,0.8397700999874246,0.9629629629629632,1.0,1.0,0.1699531775986613,0.3267685626583003,0.3187937107328106,0.65
66,65,tested_negative,0.2302252966460772,1,0.1,0.7846153846153846,0.3988439306358381,1.0,0.6153846153846154,0.1365324163630886,0.1365324163630886,0.0,0.5659722222222222,0.25,0.3985866759440836,0.986,0.858511333175221,0.0,0.98,0.6666666666666666,0.8564384285515905,0.9974683544303796,1.0,0.0,0.9532057004333828,0.88313921556501,0.9223033041251442,0.86
67,66,tested_positive,0.5452501912341372,5,0.6,0.9769230769230768,0.6011560693641618,1.0,0.6923076923076923,0.7458757504186823,0.7458757504186823,0.4639999999999999,0.7673611111111112,1.0,0.530200672610974,0.996268656716418,0.8104642275315965,0.0,1.0,0.6666666666666666,0.8421230954652205,1.0,0.4,1.0,0.2384256010882231,0.2130879035461212,0.4269853479608323,0.45
68,67,tested_negative,0.5044641235903875,4,0.7,0.9923076923076924,0.3988439306358381,1.0,0.6923076923076923,0.5053821913623819,0.5053821913623819,0.0,0.5659722222222222,0.0,0.4938141184849989,0.996,0.8071679970228297,0.0,1.0,0.6666666666666666,0.7882974883665741,0.9493975903614458,0.2,1.0,0.4403973187834776,0.4364187098162833,0.3363992298579137,0.56
69,68,tested_negative,0.0217221858917442,0,0.0,0.0,0.084870848708487,0.6666666666666666,0.4615384615384615,0.109582362025696,0.109582362025696,0.0,0.5659722222222222,0.0,0.3436514064765967,0.92,0.8506259072529874,0.0,0.91,0.6901669758812615,0.7961760175731923,0.9825436408977556,1.0,1.0,0.990524191208632,0.9644261156246472,0.914716577816256,1.0
70,69,tested_negative,0.2890295068692808,1,0.4,0.9769230769230768,0.3157894736842105,0.6666666666666666,0.5384615384615384,0.2497374832432628,0.2497374832432628,0.0,0.5659722222222222,0.0,0.4630840903168605,0.996,0.831858289547561,0.0,0.996,0.6873178960282166,0.8176020925558284,0.995655951346655,0.4,1.0,0.7939147189326985,0.6867547433561908,0.7751534964954255,0.61
71,70,tested_positive,0.906249748490624,6,0.9,0.9615384615384616,0.915129151291513,0.6666666666666666,0.7692307692307693,0.8395466431745209,0.8395466431745209,0.4639999999999999,0.7673611111111112,1.0,0.6960156402357316,0.996268656716418,0.9260934651731724,0.028,1.0,0.7251461988304094,0.8474968923608764,0.9924433249370276,0.0,0.0,0.0905677988322431,0.2073606738188108,0.1445730364052017,0.12
72,71,tested_negative,0.3376599413811822,2,0.4,0.9076923076923076,0.3157894736842105,0.6666666666666666,0.3076923076923077,0.2423709701983692,0.2423709701983692,0.0,0.5659722222222222,1.0,0.6151233789433803,0.998,0.9010829713308516,0.003731343283582,1.0,0.7153284671532846,0.8506922211508423,0.9991281604184832,0.4,1.0,0.826985462330007,0.6261442670989666,0.6709106222839326,0.45
73,72,tested_positive,0.2798711329156584,1,0.6,0.9076923076923076,0.6011560693641618,1.0,0.4615384615384615,0.2664208049952947,0.2664208049952947,0.4639999999999999,0.7673611111111112,0.0,0.4698540227828498,0.9850746268656716,0.8006879414159425,0.0,1.0,0.6666666666666666,0.770427474887404,0.9333333333333332,0.4,1.0,0.953531125799086,0.8634350119422907,0.5938070647646722,0.51
74,73,tested_negative,0.4171337409062055,1,0.0,0.8846153846153846,0.7246376811594203,0.6666666666666666,0.6923076923076923,0.379986289173833,0.379986289173833,0.0,0.5659722222222222,0.0,0.43388998579754,0.978,0.7901035942041555,0.0,0.996,0.6853146853146853,0.8148559158498047,0.8988235294117646,0.8,0.0,0.5164702859663144,0.7098316336593808,0.840895634937072,0.63
75,74,tested_negative,0.0352418934750055,0,0.0,0.8846153846153846,0.084870848708487,0.6666666666666666,0.6923076923076923,0.1176030482703689,0.1176030482703689,0.0,0.5659722222222222,0.0,0.3214827521143265,0.95,0.8532282085088314,0.0,0.946,0.6666666666666666,0.8121844334525931,1.0,1.0,1.0,0.9788493241385712,0.9427250861332216,0.916974228878174,0.95
76,75,tested_negative,0.042436446870092,0,0.0,0.0,0.084870848708487,0.6666666666666666,0.4615384615384615,0.1118232525050856,0.1118232525050856,0.0,0.5659722222222222,0.0,0.2784003765413324,0.874,0.7398142491189708,0.0,0.994,0.6666666666666666,0.7635652495860298,0.9355102040816328,1.0,1.0,0.9931041097492258,0.998278266494808,0.7739989425354141,0.98
77,76,tested_negative,0.1171981899303894,0,0.4,0.7846153846153846,0.3988439306358381,1.0,0.6153846153846154,0.1658705190675597,0.1658705190675597,0.0,0.5659722222222222,0.0,0.3310052539471168,0.994,0.8657761189797826,0.0,0.994,0.6666666666666666,0.8210667490728383,0.9629629629629632,0.8,1.0,0.858370075115242,0.8966277184523944,0.8618130668500263,0.88
78,77,tested_negative,0.121647068417884,0,0.2,0.8846153846153846,0.084870848708487,0.6666666666666666,0.6923076923076923,0.159847897845923,0.159847897845923,0.0,0.5659722222222222,0.25,0.4429866992847563,0.994,0.8708989890892949,0.003731343283582,0.98,0.6666666666666666,0.8373884360626406,0.9825436408977556,0.8,1.0,0.9329097259414264,0.8020963196694485,0.8451115438818212,0.89
79,78,tested_positive,0.2266395892828261,0,0.3,0.9307692307692308,0.2753623188405797,0.6666666666666666,0.3846153846153846,0.4682989049084125,0.4682989049084125,0.4639999999999999,0.7673611111111112,0.3333333333333333,0.2323659209576111,0.9776119402985076,0.8526508809775942,0.0,0.9888059701492538,0.6666666666666666,0.7178381896614047,0.85838779956427,0.8,1.0,0.5788722968488567,0.6995460003804296,0.8017441670737564,0.76
80,79,tested_negative,0.0401105875966697,0,0.0,0.0,0.084870848708487,0.6666666666666666,0.4615384615384615,0.1178585060529007,0.1178585060529007,0.0,0.5659722222222222,0.0,0.3410536370659494,0.96,0.8680612204463735,0.0,0.906,0.6666666666666666,0.8128562254052287,0.9401148482362592,1.0,1.0,0.975939047818384,0.8932491969014894,0.890148229700109,1.0
81,80,tested_negative,0.0608111774309847,0,0.0,0.0,0.084870848708487,0.6666666666666666,0.4615384615384615,0.1156380875730407,0.1156380875730407,0.0,0.5659722222222222,0.0,0.3878860878314578,0.968,0.8441983697880187,0.0,0.98,0.6666666666666666,0.7896877478604974,0.9314420803782504,1.0,1.0,0.981086999372448,0.893765819845169,0.8202801161964745,0.94
82,81,tested_negative,0.0342520681253355,0,0.0,0.0,0.084870848708487,0.6666666666666666,0.4615384615384615,0.1066533369476804,0.1066533369476804,0.0,0.5659722222222222,0.0,0.1201567571527328,0.978,0.7927954203538062,0.0,0.994,0.6666666666666666,0.7055289018380397,0.8893905191873589,1.0,1.0,0.9903366537832043,0.9924595186914136,0.8216914187733687,0.99
83,82,tested_negative,0.4199005733909868,1,0.4,0.7846153846153846,0.3988439306358381,1.0,0.6153846153846154,0.1860601747151222,0.1860601747151222,0.0,0.5659722222222222,0.5,0.4312220058116743,0.996,0.8251770543166042,0.003731343283582,0.994,0.7119617224880382,0.8807166187620519,0.9887834339948232,0.6,0.0,0.8310209881269879,0.8267250239227684,0.6428505476043227,0.58
84,83,tested_negative,0.0389955147653425,0,0.0,0.0,0.084870848708487,0.6666666666666666,0.4615384615384615,0.1133402069644123,0.1133402069644123,0.0,0.5659722222222222,0.0,0.2834690945984086,0.934,0.8518150277488641,0.0,0.93,0.6666666666666666,0.8163006397101998,0.9874686716791982,1.0,1.0,0.9879779252509584,0.9518948700612548,0.8361541160957313,0.99
85,84,tested_positive,0.2314411367776854,0,0.6,0.9692307692307692,0.2753623188405797,0.6666666666666666,0.4615384615384615,0.3609494670355287,0.3609494670355287,0.4639999999999999,0.7673611111111112,0.0,0.4443362007767489,0.9925373134328358,0.8189338641684649,0.0,1.0,0.6666666666666666,0.7555926332856999,0.896551724137931,0.8,1.0,0.7535475667063793,0.7200277295514604,0.6877778830760476,0.65
86,85,tested_negative,0.2116512173558647,0,0.4,0.9,0.084870848708487,0.6666666666666666,0.6153846153846154,0.1673449998482895,0.1673449998482895,0.0,0.5659722222222222,0.4,0.4082660437839432,0.988,0.8467682497359658,0.003731343283582,0.988,0.725925925925926,0.8464074182165049,0.9836065573770492,0.6,1.0,0.8890916381362586,0.796868857180457,0.7641322005480958,0.68
87,86,tested_negative,0.5752997844783541,3,0.5,0.9538461538461538,0.3988439306358381,1.0,0.7692307692307693,0.7131562674210722,0.7131562674210722,0.0,0.5659722222222222,0.0,0.4772381454272336,0.994,0.8205354143521562,0.0,0.998,0.6666666666666666,0.8059664935305001,0.98989898989899,0.8,0.0,0.1064809669040727,0.4683543404047648,0.5733659858210383,0.6
88,87,tested_negative,0.0646128017943964,0,0.0,0.676923076923077,0.084870848708487,0.6666666666666666,0.5384615384615384,0.1400534554982098,0.1400534554982098,0.0,0.5659722222222222,0.0,0.3169423593768224,0.97,0.8401923459701746,0.0,0.958,0.7119617224880382,0.8209982921196751,0.9924433249370276,1.0,1.0,0.9549396222784394,0.8252513119578788,0.8821322549973029,0.95
89,88,tested_positive,0.404845632017535,2,0.4,0.9846153846153848,0.2753623188405797,0.6666666666666666,0.8461538461538461,0.2563208288251253,0.2563208288251253,0.4639999999999999,0.7673611111111112,0.5,0.5111919992194263,0.996268656716418,0.832192074738152,0.0,0.9925373134328358,0.6046511627906977,0.8190537409749674,0.9677419354838712,0.8,0.0,0.9756534564340772,0.7886979367198739,0.5965748147408386,0.41
90,89,tested_negative,0.0338133091018612,0,0.0,0.0,0.084870848708487,0.6666666666666666,0.4615384615384615,0.116939924721895,0.116939924721895,0.0,0.5659722222222222,0.0,0.3335783568920091,0.924,0.859758560814138,0.0,0.898,0.6666666666666666,0.8032804386338577,0.9638351555929352,1.0,1.0,0.9826696300219216,0.9239708778974012,0.9104796374695096,0.98
91,90,tested_negative,0.0157434109115608,0,0.0,0.0,0.084870848708487,0.6666666666666666,0.4615384615384615,0.1081349726341136,0.1081349726341136,0.0,0.5659722222222222,0.0,0.286245152187041,0.918,0.8280505931687685,0.0,0.962,0.6666666666666666,0.7698668715241996,0.9827586206896552,1.0,1.0,0.9957845264333296,0.9811479951197776,0.928607012977528,1.0
92,91,tested_negative,0.2676008272008886,0,0.3,0.9538461538461538,0.3988439306358381,1.0,1.0,0.2419296430550837,0.2419296430550837,0.0,0.5659722222222222,0.25,0.4631375784217039,0.996,0.8208676948507694,0.0,0.99,0.7453849991684683,0.8314717183140632,0.9447650453421268,0.6,1.0,0.8013344188914489,0.7413305195988033,0.6917300983044158,0.56
93,92,tested_negative,0.2242288383242078,0,0.1,0.7846153846153846,0.3988439306358381,1.0,0.6153846153846154,0.3543988715784456,0.3543988715784456,0.0,0.5659722222222222,0.0,0.4264835853770196,0.986,0.8026677403751514,0.0,0.996,0.696629213483146,0.8345271603271844,0.9629629629629632,0.8,1.0,0.7168225024555285,0.6602482155439359,0.7375562520552893,0.74
94,93,tested_positive,0.8320823258635479,6,0.8,1.0,0.6842105263157895,0.6666666666666666,0.6153846153846154,0.7619916746015316,0.7619916746015316,0.4639999999999999,0.7673611111111112,1.0,0.6273535874015892,0.996268656716418,0.9169436001999364,0.012,1.0,0.6666666666666666,0.7878844104665224,0.9219629927594528,0.2,0.0,0.185559087579648,0.3146438067189899,0.1973031505200745,0.11
95,94,tested_negative,0.1666784583365506,0,0.1,0.9,0.3157894736842105,0.6666666666666666,0.4615384615384615,0.1726310660131841,0.1726310660131841,0.0,0.5659722222222222,0.0,0.4772794248655484,0.99,0.8227750393465152,0.0,0.994,0.6666666666666666,0.7948015865526256,0.9355102040816328,0.8,1.0,0.8818645368254487,0.7218384613355087,0.7562262518197395,0.84
96,95,tested_negative,0.5928771547248117,5,0.2,0.9769230769230768,0.7246376811594203,0.6666666666666666,0.8461538461538461,0.5893023307256882,0.5893023307256882,0.0,0.5659722222222222,0.3333333333333333,0.4399044579514587,0.982,0.7872114163310754,0.0149253731343283,0.998,0.7015182344654876,0.8707427208738412,0.9629629629629632,0.8,0.0,0.3611544910553564,0.4804477132334258,0.4111348673623469,0.39
97,96,tested_negative,0.0527188274440536,0,0.1,0.8846153846153846,0.084870848708487,0.6666666666666666,0.6923076923076923,0.1201909394651774,0.1201909394651774,0.0,0.5659722222222222,0.0,0.4188232743463452,0.982,0.885929567816706,0.0,0.926,0.6666666666666666,0.828060297959219,0.968058968058968,1.0,1.0,0.973431994687086,0.9094585791834168,0.8607964614651762,0.94
98,97,tested_negative,0.0159253877564439,0,0.0,0.0,0.084870848708487,0.6666666666666666,0.4615384615384615,0.1083103469603734,0.1083103469603734,0.0,0.5659722222222222,0.0,0.3285494192293502,0.914,0.8205942599076187,0.0,0.956,0.6758620689655173,0.7903169225728709,0.9268292682926828,1.0,1.0,0.9956450139671732,0.9823786743879624,0.9364239851062012,0.99
99,98,tested_negative,0.0977927754260128,0,0.1,0.0,0.084870848708487,0.6666666666666666,0.4615384615384615,0.1269408831109516,0.1269408831109516,0.0,0.5659722222222222,0.0,0.4203808747895842,0.99,0.8458026624484729,0.0,0.998,0.6853146853146853,0.8742550731662055,1.0,0.8,1.0,0.9591779685480208,0.8596440027186371,0.8844213761772654,0.91
100,99,tested_positive,0.6198985122451808,4,0.6,0.946153846153846,0.6011560693641618,1.0,0.6153846153846154,0.3832521627806681,0.3832521627806681,0.4639999999999999,0.7673611111111112,0.0,0.4447324400101851,0.9925373134328358,0.853887454807718,0.0,0.996268656716418,0.7027027027027026,0.7703696107883029,0.8934240362811791,0.4,0.0,0.5778245801335875,0.4344910602444524,0.348293286150875,0.52
101,100,tested_positive,0.1694818161769219,0,0.3,0.6461538461538461,0.2753623188405797,0.6666666666666666,0.4615384615384615,0.281469031071201,0.281469031071201,0.4639999999999999,0.7673611111111112,0.5,0.4523628761717456,0.9776119402985076,0.720858964870284,0.002,1.0,0.6666666666666666,0.7888587052483501,0.9940119760479044,0.6,1.0,0.9504713052661372,0.8626600064277129,0.7799777912446177,0.79
102,101,tested_negative,0.3344690180356832,1,0.1,0.9769230769230768,0.3157894736842105,0.6666666666666666,0.3076923076923077,0.1680899347513873,0.1680899347513873,0.0,0.5659722222222222,0.0,0.4716936342304882,0.994,0.889661122638365,0.0,0.984,0.6666666666666666,0.7648057561456326,0.9743589743589742,0.8,0.0,0.90947329490351,0.753154065481213,0.7805585314011775,0.75
103,102,tested_negative,0.055417788728333,0,0.1,0.0,0.084870848708487,0.6666666666666666,0.4615384615384615,0.1268767332212499,0.1268767332212499,0.0,0.5659722222222222,0.0,0.2566062733828869,0.992,0.8728180840406004,0.0,0.994,0.6666666666666666,0.7374160728501977,0.9030732860520094,1.0,1.0,0.9704622175994098,0.938889631050097,0.8981414189804946,0.86
104,103,tested_negative,0.0282658477710852,0,0.0,0.0,0.084870848708487,0.6666666666666666,0.4615384615384615,0.1118338306873392,0.1118338306873392,0.0,0.5659722222222222,0.0,0.3186788093213721,0.862,0.8353537437380655,0.0,0.9,0.6914498141263941,0.7997297199397239,0.9654591406908172,1.0,1.0,0.987894241196162,0.965584735010418,0.8969259371669076,0.98
105,104,tested_negative,0.2010221407393561,0,0.2,0.946153846153846,0.084870848708487,0.6666666666666666,0.5384615384615384,0.1848040947610092,0.1848040947610092,0.0,0.5659722222222222,0.0,0.4426735504829975,0.988,0.8018565609148484,0.0,0.996,0.6666666666666666,0.800179031179737,0.9358669833729216,0.8,1.0,0.8368233423282369,0.7031606347539516,0.7438831784816747,0.71
106,105,tested_negative,0.1008703718249949,0,0.1,0.8692307692307693,0.084870848708487,0.6666666666666666,0.5384615384615384,0.1768822239728866,0.1768822239728866,0.0,0.5659722222222222,0.0,0.3070086941304811,0.982,0.827358921122204,0.0,0.984,0.6666666666666666,0.8548546949288259,0.9991281604184832,1.0,1.0,0.8912753230188246,0.7602473017630813,0.8032551442681239,0.94
107,106,tested_negative,0.0674687187518873,0,0.0,0.0,0.084870848708487,0.6666666666666666,0.4615384615384615,0.1419390004676571,0.1419390004676571,0.0,0.5659722222222222,0.0,0.4100457518507711,0.946,0.7812756507637904,0.0,1.0,0.6368715083798883,0.7473859711354907,0.9874686716791982,1.0,1.0,0.9089829351309556,0.9808291812848464,0.785375571072874,0.92
108,107,tested_negative,0.3191484525189455,0,0.5,0.9076923076923076,0.3157894736842105,0.6666666666666666,0.3076923076923077,0.3113351338986241,0.3113351338986241,0.0,0.5659722222222222,0.0,0.362884640041978,0.996,0.8140918111185391,0.0,0.996,0.7086166007905139,0.8648244152096916,0.9913043478260868,0.6,1.0,0.7479757516004334,0.5644141602467523,0.5227193730391415,0.65
109,108,tested_negative,0.1012452736581402,0,0.1,0.8846153846153846,0.084870848708487,0.6666666666666666,0.6923076923076923,0.1245066951197766,0.1245066951197766,0.0,0.5659722222222222,0.5,0.4709915653483717,0.994,0.891946484067075,0.003731343283582,0.964,0.6775956284153005,0.8378118865512976,0.9913043478260868,0.8,1.0,0.9763284880990744,0.9017881385198796,0.8544117314322035,0.86
110,109,tested_positive,0.9549275892888092,6,1.0,1.0,0.915129151291513,0.6666666666666666,0.6153846153846154,0.866154275463366,0.866154275463366,0.4639999999999999,0.7673611111111112,1.0,0.6625835006972698,0.996268656716418,0.8906028863937495,0.028,1.0,0.6666666666666666,0.7907898615584912,0.9825436408977556,0.0,0.0,0.047276369161704,0.1002881772000262,0.0928699179054147,0.03
111,110,tested_positive,0.578993603112242,3,0.5,0.9692307692307692,0.2753623188405797,0.6666666666666666,0.6923076923076923,0.4748954836679568,0.4748954836679568,0.4639999999999999,0.7673611111111112,0.5,0.5155978035123123,0.996268656716418,0.8598045656541685,0.0,0.9925373134328358,0.6894323950161513,0.8028476352697878,0.9523809523809524,0.4,0.0,0.5364185619399622,0.5336234313948339,0.4859963879917524,0.57
112,111,tested_positive,0.112191645902524,0,0.4,1.0,0.2753623188405797,0.6666666666666666,0.5384615384615384,0.2458459166874311,0.2458459166874311,0.4639999999999999,0.7673611111111112,0.0,0.4967125382510488,0.9925373134328358,0.8090339573527001,0.0,0.9850746268656716,0.7710304489936349,0.8878526384879369,0.98989898989899,1.0,1.0,0.9997157658628248,0.7478080080403878,0.839326350681643,0.74
113,112,tested_negative,0.2072246751313997,1,0.0,0.676923076923077,0.084870848708487,0.6666666666666666,0.5384615384615384,0.1199435025143342,0.1199435025143342,0.0,0.5659722222222222,0.0,0.3563968199235621,0.968,0.8651538700646053,0.0,0.948,0.6853146853146853,0.8089408886203651,0.957393483709273,1.0,0.0,0.982312974815925,0.9524808540387764,0.8818581203568996,0.94
114,113,tested_negative,0.0966285417445171,0,0.1,0.8846153846153846,0.084870848708487,0.6666666666666666,0.6923076923076923,0.1236488694989801,0.1236488694989801,0.0,0.5659722222222222,0.0,0.4547300684393167,0.992,0.8833906923833134,0.0,0.99,0.6666666666666666,0.7974841927997459,0.957983193277311,0.8,1.0,0.97706327627405,0.909640498987862,0.8735249742709845,0.86
115,114,tested_positive,0.2670739764756527,1,0.7,0.6461538461538461,0.2753623188405797,0.6666666666666666,0.4615384615384615,0.3385241028986185,0.3385241028986185,0.4639999999999999,0.7673611111111112,1.0,0.5793225292729614,0.996268656716418,0.8498353843163565,0.002,1.0,0.7620889748549323,0.8865704060968121,0.9743589743589745,0.4,1.0,0.7320858267768984,0.7358912507382601,0.7895790636309252,0.74
116,115,tested_positive,0.4587282081744797,2,0.6,0.823076923076923,0.2753623188405797,0.6666666666666666,0.5384615384615384,0.4381793761198951,0.4381793761198951,0.4639999999999999,0.7673611111111112,0.0,0.4414775357844496,0.9888059701492538,0.8600081311230173,0.0,0.996268656716418,0.6666666666666666,0.7787404818562056,0.957393483709273,0.2,1.0,0.5183343559388572,0.5109935254134271,0.518302869600838,0.5
117,116,tested_positive,0.4157248538463914,2,0.5,0.9923076923076924,0.6011560693641618,1.0,0.9230769230769232,0.7562543169029455,0.7562543169029455,0.4639999999999999,0.7673611111111112,0.6,0.5182629402165604,0.996268656716418,0.9186850120907988,0.01,0.9925373134328358,0.6666666666666666,0.8076605469518732,0.9146049481245012,0.8,1.0,0.2022272913568119,0.375993133128891,0.5474304524359475,0.58
118,117,tested_negative,0.2778943776358638,1,0.2,0.946153846153846,0.084870848708487,0.6666666666666666,0.5384615384615384,0.1379294528021867,0.1379294528021867,0.0,0.5659722222222222,0.0,0.3295140458616628,0.984,0.7942255095698254,0.0,0.998,0.6666666666666666,0.8110185673244055,0.9268292682926828,1.0,0.0,0.9587606470604256,0.8703438734463457,0.7335292136780468,0.77
119,118,tested_negative,0.0507040613310901,0,0.0,0.0,0.084870848708487,0.6666666666666666,0.4615384615384615,0.1188887632938343,0.1188887632938343,0.0,0.5659722222222222,0.0,0.3655329928765987,0.962,0.8483489520550136,0.0,0.946,0.6666666666666666,0.8476444864729379,0.9924433249370276,1.0,1.0,0.9741934883788544,0.8715008203516077,0.8900813232829964,0.96
120,119,tested_negative,0.0288817503632886,0,0.0,0.0,0.084870848708487,0.6666666666666666,0.4615384615384615,0.1127000830408637,0.1127000830408637,0.0,0.5659722222222222,0.0,0.3813472420092976,0.948,0.8363904779898339,0.0,0.952,0.6666666666666666,0.8082858980962083,0.9974683544303796,1.0,1.0,0.9886371916426722,0.9488092480764256,0.89926305810117,0.99
121,120,tested_positive,0.1785936513306981,0,0.6,0.6461538461538461,0.2753623188405797,0.6666666666666666,0.4615384615384615,0.2777464648962329,0.2777464648962329,0.4639999999999999,0.7673611111111112,0.0,0.4729469784660365,0.9925373134328358,0.8064703286151967,0.0,0.996268656716418,0.6666666666666666,0.7435041439283973,0.8571428571428571,0.6,1.0,0.9045111415522522,0.9021411176123418,0.7317858328512159,0.79
122,121,tested_negative,0.1621390439711453,0,0.4,0.8846153846153846,0.084870848708487,0.6666666666666666,0.6923076923076923,0.1771858371018978,0.1771858371018978,0.0,0.5659722222222222,0.6666666666666666,0.5288285044974999,0.998,0.8674722627145717,0.0074626865671641,0.996,0.6666666666666666,0.8363782091451082,0.9629629629629632,0.8,1.0,0.8889699815529095,0.7099017218619823,0.8382940327582364,0.79
123,122,tested_negative,0.0627468289372293,0,0.0,0.676923076923077,0.084870848708487,0.6666666666666666,0.5384615384615384,0.1366184863388717,0.1366184863388717,0.0,0.5659722222222222,0.0,0.4214684714139122,0.97,0.8560126712279235,0.0,0.956,0.6853146853146853,0.8307054326568976,1.0,1.0,1.0,0.9490001183360384,0.8444485945765303,0.9200703134640552,0.91
124,123,tested_negative,0.3611629665885671,1,0.4,0.9,0.3157894736842105,0.6666666666666666,0.4615384615384615,0.3330065261821856,0.3330065261821856,0.0,0.5659722222222222,0.0,0.4276139230541843,0.992,0.8929168665091791,0.0,0.99,0.6666666666666666,0.7809921683129847,0.9687235841081996,0.8,0.0,0.7403768070819482,0.6251833038098333,0.8174620895768155,0.85
125,124,tested_positive,0.9091707330302664,6,0.9,0.9923076923076924,0.915129151291513,0.6666666666666666,0.8461538461538461,0.865198457023823,0.865198457023823,0.4639999999999999,0.7673611111111112,1.0,0.684384558696318,0.996268656716418,0.9315988029934948,0.026,1.0,0.6666666666666666,0.7631805996533513,0.9314420803782504,0.0,0.0,0.0516420333568358,0.1331633020315496,0.160170266430015,0.2
126,125,tested_positive,0.7636868997971157,5,0.9,0.9846153846153848,0.915129151291513,0.6666666666666666,0.3076923076923077,0.7107503214146446,0.7107503214146446,0.4639999999999999,0.7673611111111112,1.0,0.5783953260220366,0.996268656716418,0.8183266146465266,0.002,1.0,0.6849970113568439,0.7730742446643419,0.9493975903614458,0.2,0.0,0.1533604563916404,0.5304308849130712,0.3340872599125941,0.2
127,126,tested_negative,0.4100798243159643,1,0.3,0.8923076923076922,0.3988439306358381,1.0,0.8461538461538461,0.2748918780826388,0.2748918780826388,0.0,0.5659722222222222,1.0,0.5006229322882894,0.998,0.8360065494809077,0.0,0.996,0.7476230191826523,0.8317099644796835,1.0,0.8,0.0,0.7736563783115306,0.5547600342899324,0.7011046415027513,0.71
128,127,tested_negative,0.1345393290897218,0,0.2,0.676923076923077,0.084870848708487,0.6666666666666666,0.5384615384615384,0.1470924340544188,0.1470924340544188,0.0,0.5659722222222222,0.0,0.4029101630484616,0.986,0.8615245550221777,0.0,0.97,0.6853146853146853,0.8192631872295084,0.9913043478260868,0.8,1.0,0.932324679714003,0.8025315927497219,0.8179077529979435,0.84
129,128,tested_positive,0.5802978393458269,4,0.5,0.946153846153846,0.6011560693641618,1.0,0.6153846153846154,0.7558352795698668,0.7558352795698668,0.4639999999999999,0.7673611111111112,0.0,0.4234401640450824,0.9888059701492538,0.8132828637744363,0.0,0.9888059701492538,0.7027027027027026,0.8275522810817604,0.91415313225058,0.6,1.0,0.1641847901131389,0.1864650091769891,0.2075631646349107,0.36
130,129,tested_positive,0.7758578183190407,6,0.6,0.9769230769230768,0.6011560693641618,1.0,0.6923076923076923,0.7733612921518456,0.7733612921518456,0.4639999999999999,0.7673611111111112,1.0,0.5308763087617137,0.996268656716418,0.8341699767169755,0.006,0.996268656716418,0.6666666666666666,0.7923920687482024,0.9870801033591732,0.4,0.0,0.2036872770216315,0.2197104988546052,0.3214553142095189,0.2
131,130,tested_positive,0.2938184801591571,0,0.5,0.9538461538461538,0.6842105263157895,0.6666666666666666,0.6923076923076923,0.4174488663164654,0.4174488663164654,0.4639999999999999,0.7673611111111112,1.0,0.5064438156204623,0.996268656716418,0.8858612693091857,0.002,0.9925373134328358,0.725594949004371,0.8175722335079337,0.9820051413881749,0.6,1.0,0.5644366961585481,0.6183022068917491,0.72435021599476,0.73
132,131,tested_positive,0.4829279706069186,1,0.6,0.9076923076923076,0.6011560693641618,1.0,0.4615384615384615,0.3799974962301382,0.3799974962301382,0.4639999999999999,0.7673611111111112,0.0,0.3757333736891536,0.9850746268656716,0.7945498988840984,0.0,1.0,0.6666666666666666,0.8422495502382892,0.9913043478260868,0.6,0.0,0.6702747230897957,0.6676219988102153,0.6445354544584775,0.52
133,132,tested_positive,0.1597360067541927,0,0.4,0.6461538461538461,0.2753623188405797,0.6666666666666666,0.4615384615384615,0.3314987482215998,0.3314987482215998,0.4639999999999999,0.7673611111111112,0.0,0.4904527750651847,0.9888059701492538,0.8263637304377833,0.002,0.9776119402985076,0.7244221755293357,0.8232185078169163,0.9421487603305786,1.0,1.0,0.7930077413448001,0.6722685334728519,0.7563076846571913,0.82
134,133,tested_negative,0.1948816642477805,0,0.2,0.7846153846153846,0.3988439306358381,1.0,0.6153846153846154,0.2679158050755252,0.2679158050755252,0.0,0.5659722222222222,0.0,0.4745565641177198,0.992,0.8461555373833991,0.0,0.99,0.6666666666666666,0.8545142104431774,0.9836065573770492,0.8,1.0,0.8207323972343128,0.7595961919131908,0.7903814253658126,0.66
135,134,tested_negative,0.0596961133107681,0,0.1,0.0,0.084870848708487,0.6666666666666666,0.4615384615384615,0.1133075892909133,0.1133075892909133,0.0,0.5659722222222222,0.5,0.3992654574320339,0.994,0.9077719450420884,0.003731343283582,0.94,0.697282099343955,0.8146722278122043,0.9874686716791982,0.8,1.0,0.990319576825924,0.952126129947348,0.9293776133621182,0.97
136,135,tested_negative,0.1997289632325229,0,0.2,0.9384615384615383,0.3988439306358381,1.0,0.6153846153846154,0.1868774858075885,0.1868774858075885,0.0,0.5659722222222222,0.0,0.4588204467577743,0.99,0.8348951604740923,0.003731343283582,0.99,0.6666666666666666,0.8217425076074407,0.9743589743589742,0.8,1.0,0.8786433508367631,0.754181648832734,0.7788012209353644,0.59
137,136,tested_negative,0.1159142928181286,0,0.1,0.0,0.084870848708487,0.6666666666666666,0.4615384615384615,0.1226114458421687,0.1226114458421687,0.0,0.5659722222222222,0.0,0.463421859473512,0.994,0.8903944005341834,0.0,0.948,0.6666666666666666,0.8260390578206968,0.9924433249370276,0.6,1.0,0.9659863067220552,0.8956462186919225,0.90288171767725,0.94
138,137,tested_negative,0.0418129157289937,0,0.1,0.0,0.084870848708487,0.6666666666666666,0.4615384615384615,0.1173071072684268,0.1173071072684268,0.0,0.5659722222222222,0.0,0.3811255935271065,0.986,0.883524384029188,0.0,0.93,0.6666666666666666,0.8383272741219499,0.9991281604184832,1.0,1.0,0.9776746800449092,0.9305364533590637,0.9209113722220652,0.92
139,138,tested_negative,0.5050406169858923,3,0.4,0.8846153846153846,0.7246376811594203,0.6666666666666666,0.6923076923076923,0.2079161645932413,0.2079161645932413,0.0,0.5659722222222222,0.5,0.6577614367043554,0.998,0.945780822280496,0.003731343283582,0.992,0.6666666666666666,0.7774354388315027,0.957393483709273,0.4,0.0,0.8524808710361519,0.7641310075103505,0.5831444195381442,0.37
140,139,tested_negative,0.2327585230382268,1,0.1,0.676923076923077,0.084870848708487,0.6666666666666666,0.5384615384615384,0.4573302767173195,0.4573302767173195,0.0,0.5659722222222222,1.0,0.5060196951741418,0.998,0.8167764583794455,0.0,1.0,0.6810515119282783,0.8705694019724504,0.9836065573770492,0.8,1.0,0.4403579621963966,0.8287025802656829,0.7843883193085593,0.75
141,140,tested_negative,0.2860182315443912,1,0.5,0.9,0.3157894736842105,0.6666666666666666,0.4615384615384615,0.1721283208094726,0.1721283208094726,0.0,0.5659722222222222,0.6666666666666666,0.5421328220007129,0.998,0.9184622231925677,0.003731343283582,0.996,0.6666666666666666,0.782622848543796,0.8835774865073246,0.4,1.0,0.886704306297161,0.7928504136329974,0.6243358908034944,0.58
142,141,tested_negative,0.4096840658762025,1,0.3,0.8923076923076922,0.3988439306358381,1.0,0.8461538461538461,0.246417536640952,0.246417536640952,0.0,0.5659722222222222,0.5,0.3712415710762103,0.988,0.840957365663507,0.0074626865671641,0.992,0.6666666666666666,0.8453911336426143,1.0,0.8,0.0,0.7897108498820097,0.6450177513618751,0.7071670034988999,0.6
143,142,tested_negative,0.2369902211528044,1,0.0,0.9846153846153848,0.084870848708487,0.6666666666666666,0.6153846153846154,0.1271540546003727,0.1271540546003727,0.0,0.5659722222222222,0.0,0.3845128012711138,0.94,0.8400573835509249,0.0,0.932,0.6758620689655173,0.828427727619831,0.957983193277311,1.0,0.0,0.9645981039073712,0.8207653761979428,0.8626951929778601,0.93
144,143,tested_positive,0.7487619376674439,6,0.6,0.9538461538461538,0.6011560693641618,1.0,0.6923076923076923,0.6254037901336371,0.6254037901336371,0.4639999999999999,0.7673611111111112,0.75,0.6319809794158691,0.996268656716418,0.961481317644582,0.01,0.996268656716418,0.6666666666666666,0.8224020323261545,0.953995157384988,0.2,0.0,0.2953191659625745,0.371310726242203,0.2607984817905588,0.38
145,144,tested_negative,0.3949372533014794,2,0.5,0.9692307692307692,0.7246376811594203,0.6666666666666666,0.8461538461538461,0.5700436756026445,0.5700436756026445,0.0,0.5659722222222222,0.5,0.5870360935930712,0.998,0.892346780254155,0.0074626865671641,0.996,0.6853146853146853,0.846261983762394,0.9836065573770492,0.4,1.0,0.4172181594588738,0.5626621694404017,0.7004961512918477,0.55
146,145,tested_negative,0.0619690666698528,0,0.0,0.0,0.084870848708487,0.6666666666666666,0.4615384615384615,0.105967007393305,0.105967007393305,0.0,0.5659722222222222,0.0,0.3920313466029986,0.91,0.7426442216035659,0.0,0.998,0.6666666666666666,0.7733962627290205,0.9825436408977556,1.0,1.0,0.996457104408979,0.9918023055299664,0.6399261900419372,1.0
147,146,tested_negative,0.1234647124500236,0,0.3,0.9846153846153848,0.3988439306358381,1.0,0.6923076923076923,0.2378147359992668,0.2378147359992668,0.0,0.5659722222222222,0.0,0.3798975814251656,0.992,0.8141888216439315,0.0,0.998,0.6666666666666666,0.8219527052475524,0.93246541903987,0.8,1.0,0.8715889287852352,0.951328601092489,0.856294195422134,0.78
148,147,tested_negative,0.6288904821501715,5,0.5,0.9692307692307692,0.3988439306358381,1.0,0.6153846153846154,0.5306392200332851,0.5306392200332851,0.0,0.5659722222222222,0.0,0.4818489332733244,0.994,0.7524863105056999,0.003731343283582,0.994,0.7428571428571428,0.8771952592889335,0.9687235841081996,0.4,0.0,0.2392412972062175,0.6547330252566341,0.4626827846361196,0.47
149,148,tested_negative,0.6670870728172813,5,0.5,0.9846153846153848,0.7246376811594203,0.6666666666666666,0.9230769230769232,0.560199552034426,0.560199552034426,0.0,0.5659722222222222,0.25,0.4216350023515828,0.994,0.9058543746294956,0.0111940298507462,0.992,0.6666666666666666,0.7755741964512004,0.9190056134723334,0.6,0.0,0.3625564518279244,0.3025833202255742,0.3423377910428133,0.39
150,149,tested_negative,0.0275674045273932,0,0.0,0.0,0.084870848708487,0.6666666666666666,0.4615384615384615,0.1132264495348428,0.1132264495348428,0.0,0.5659722222222222,0.0,0.3001992626730023,0.88,0.8351602752453666,0.0,0.92,0.6660722246990638,0.8008291591820293,0.9769820971867008,1.0,1.0,0.9886270361332083,0.9540947453232624,0.9118737913791688,0.98
151,150,tested_negative,0.2952792382736177,0,0.2,0.8846153846153846,0.7246376811594203,0.6666666666666666,0.6923076923076923,0.4454416659431983,0.4454416659431983,0.0,0.5659722222222222,0.5,0.5186300822888563,0.998,0.8777813467951184,0.003731343283582,0.992,0.6950354609929077,0.7845000252557162,0.8702290076335878,0.8,1.0,0.543354328373608,0.6318876332821506,0.6530826087025355,0.6
152,151,tested_negative,0.072622646050754,0,0.3,0.7076923076923076,0.048780487804878,1.0,0.3076923076923077,0.1313281455024479,0.1313281455024479,0.0,0.5659722222222222,0.0,0.4745948389288751,0.992,0.8809799411014924,0.0,0.988,0.6666666666666666,0.8153729164132293,0.9344262295081968,1.0,1.0,0.969943917775573,0.8823321338298009,0.841988072090102,0.87
153,152,tested_positive,0.1419863587637201,0,0.2,0.823076923076923,0.2753623188405797,0.6666666666666666,0.5384615384615384,0.2536167652361082,0.2536167652361082,0.4639999999999999,0.7673611111111112,0.3333333333333333,0.4573550360031496,0.9888059701492538,0.8025254105992086,0.002,0.9776119402985076,0.7740667976424362,0.8733584883183801,0.9913735899137358,0.6,1.0,0.9750215150673436,0.8552272568325251,0.9278330755178104,0.79
154,153,tested_negative,0.545297623359148,4,0.4,0.8846153846153846,0.7246376811594203,0.6666666666666666,0.6923076923076923,0.7529861689777869,0.7529861689777869,0.0,0.5659722222222222,0.3333333333333333,0.4073549924717122,0.996,0.835447196172248,0.003731343283582,0.996,0.6853146853146853,0.7914497547991836,0.868144690781797,0.4,1.0,0.0008504980684521,0.3873596020497636,0.350004159726896,0.59
155,154,tested_positive,0.1080075159352048,0,0.3,0.9153846153846154,0.2753623188405797,0.6666666666666666,0.6153846153846154,0.2518649742766121,0.2518649742766121,0.4639999999999999,0.7673611111111112,0.0,0.4238405772355853,0.9813432835820896,0.805207171828856,0.0,0.9925373134328358,0.6666666666666666,0.7673066952289282,0.9514563106796116,0.8,1.0,0.979776041807356,0.9568829238922952,0.9152959386891196,0.7
156,155,tested_positive,0.1547907315146708,0,0.4,0.9692307692307692,0.2753623188405797,0.6666666666666666,0.4615384615384615,0.2884766039264088,0.2884766039264088,0.4639999999999999,0.7673611111111112,1.0,0.5690239468280855,0.996268656716418,0.8275096990849014,0.0,1.0,0.6666666666666666,0.7874031879246528,0.9629629629629632,0.8,1.0,0.8775627950410989,0.8891117915936654,0.844581024277211,0.66
157,156,tested_negative,0.0595084905865187,0,0.1,0.0,0.084870848708487,0.6666666666666666,0.4615384615384615,0.1156023696452278,0.1156023696452278,0.0,0.5659722222222222,0.0,0.2969270241155992,0.988,0.8831008195500976,0.0,0.942,0.6666666666666666,0.8279681289659439,0.9974683544303796,0.8,1.0,0.9840541555216984,0.9174185487791416,0.9414763521800472,1.0
158,157,tested_negative,0.04692766385868,0,0.0,0.8692307692307693,0.084870848708487,0.6666666666666666,0.5384615384615384,0.1328808387843369,0.1328808387843369,0.0,0.5659722222222222,0.0,0.3824501254506323,0.956,0.8212277030979703,0.0,0.962,0.6853146853146853,0.8445489850557901,0.9913043478260868,1.0,1.0,0.9580932456335716,0.8761760629332817,0.914164708281067,0.97
159,158,tested_negative,0.0255919286891398,0,0.0,0.0,0.084870848708487,0.6666666666666666,0.4615384615384615,0.1141741769778417,0.1141741769778417,0.0,0.5659722222222222,0.0,0.3180758560404204,0.882,0.841718707207578,0.0,0.9,0.6758620689655173,0.8091382151381705,0.9939288811795316,1.0,1.0,0.9862069468077888,0.9491157569761396,0.9311257240812318,0.98
160,159,tested_positive,0.2679493605827527,1,0.1,0.946153846153846,0.2753623188405797,0.6666666666666666,0.5384615384615384,0.245500194222665,0.245500194222665,0.4639999999999999,0.7673611111111112,0.0,0.4947602594928136,0.9850746268656716,0.7536835928148489,0.0,1.0,0.5531914893617021,0.8029113368180355,0.9702970297029704,0.8,0.0,0.9993448898912942,0.96711457799178,0.8258443686204089,0.8
161,160,tested_negative,0.3784742014228784,2,0.4,0.9769230769230768,0.3157894736842105,0.6666666666666666,0.5384615384615384,0.4402150604909883,0.4402150604909883,0.0,0.5659722222222222,0.5,0.4914886583344982,0.996,0.8251841900740495,0.0,0.998,0.6666666666666666,0.8103273982891888,0.9820051413881749,0.8,1.0,0.5338439701355029,0.5266254060507164,0.4686854152765102,0.4
162,161,tested_negative,0.1521082938150363,0,0.2,0.8923076923076922,0.3988439306358381,1.0,0.8461538461538461,0.3516878466357231,0.3516878466357231,0.0,0.5659722222222222,0.6666666666666666,0.482353073676649,0.996,0.8259908569014595,0.003731343283582,0.99,0.6904945308889231,0.8699170609048029,0.98989898989899,1.0,1.0,0.690287159318177,0.683365346022692,0.8536977317689131,0.86
163,162,tested_negative,0.2968834806404637,1,0.2,0.676923076923077,0.084870848708487,0.6666666666666666,0.5384615384615384,0.4585291162759144,0.4585291162759144,0.0,0.5659722222222222,0.0,0.4223212984899159,0.994,0.8301976464639413,0.0,0.998,0.6666666666666666,0.8067292640577258,0.9375,0.6,1.0,0.4484741878183612,0.7923999971127715,0.7178249312260839,0.66
164,163,tested_negative,0.0487290257980147,0,0.0,0.0,0.084870848708487,0.6666666666666666,0.4615384615384615,0.1176088313150066,0.1176088313150066,0.0,0.5659722222222222,0.0,0.2476615446231544,0.938,0.865100517786146,0.0,0.89,0.6666666666666666,0.826944164575966,0.9924433249370276,1.0,1.0,0.9826379234666316,0.8994580302456044,0.8655298914996751,0.96
165,164,tested_positive,0.6756740485464259,5,0.8,0.823076923076923,0.2753623188405797,0.6666666666666666,0.5384615384615384,0.7300200231205376,0.7300200231205376,0.4639999999999999,0.7673611111111112,1.0,0.7753749412563549,0.996268656716418,0.93886581823124,0.004,1.0,0.6666666666666666,0.7759548363962704,0.9510373443983402,0.6,0.0,0.2184277517278209,0.2907773594226916,0.3667505975709327,0.47
166,165,tested_positive,0.821568196534294,6,0.9,0.946153846153846,0.6011560693641618,1.0,0.6923076923076923,0.7503659465238885,0.7503659465238885,0.4639999999999999,0.7673611111111112,0.6666666666666666,0.5763339000461744,0.996268656716418,0.8546370917272563,0.006,0.996268656716418,0.775,0.8913168646438885,0.97865072587532,0.0,0.0,0.2017560160217228,0.2449392049869212,0.2438955997855915,0.38
167,166,tested_negative,0.2952163719018199,0,0.3,0.9692307692307692,0.7246376811594203,0.6666666666666666,0.8461538461538461,0.2136380515835312,0.2136380515835312,0.0,0.5659722222222222,0.0,0.4796057706518071,0.994,0.8430285011210044,0.0,0.998,0.6666666666666666,0.8022850407983627,0.937040065412919,0.6,1.0,0.8448575311574734,0.5504004971101926,0.7034437403214145,0.53
168,167,tested_negative,0.5256735619802286,3,0.6,0.9692307692307692,0.3988439306358381,1.0,0.6153846153846154,0.197267403135366,0.197267403135366,0.0,0.5659722222222222,0.5,0.5034002822035373,0.998,0.8882764610943854,0.003731343283582,0.998,0.6666666666666666,0.8246233967575564,0.9836909871244636,0.4,0.0,0.8366502248521899,0.6528740060812983,0.5264343971851405,0.43
169,168,tested_negative,0.2149708679144657,0,0.4,0.9846153846153848,0.3988439306358381,1.0,0.7692307692307693,0.1495191636574351,0.1495191636574351,0.0,0.5659722222222222,0.2,0.3772169027557659,0.994,0.9026407190173426,0.003731343283582,0.988,0.6666666666666666,0.8113156876806458,0.9463253509496284,0.6,1.0,0.9247406333170402,0.7618111286168836,0.7436230305792826,0.68
170,169,tested_negative,0.0815120408586805,0,0.1,0.9769230769230768,0.3988439306358381,1.0,0.7692307692307693,0.1435595825585925,0.1435595825585925,0.0,0.5659722222222222,0.0,0.4686556723151727,0.986,0.8256474987522746,0.0,0.988,0.7167630057803469,0.8114960534042712,0.9956559513466552,1.0,1.0,0.9366267151273516,0.8641319738456764,0.9001690658748881,0.81
171,170,tested_positive,0.8332931951715424,6,0.8,1.0,0.6011560693641618,1.0,0.7692307692307693,0.8285828756292211,0.8285828756292211,0.4639999999999999,0.7673611111111112,0.5,0.4763063954959934,0.9925373134328358,0.8964075034921654,0.006,1.0,0.6666666666666666,0.8232314651734702,0.9825436408977556,0.4,0.0,0.1138147380405431,0.1671679167007825,0.15925817422942,0.16
172,171,tested_positive,0.5207399013207157,4,0.8,0.9923076923076924,0.2753623188405797,0.6666666666666666,0.6923076923076923,0.6624740024045725,0.6624740024045725,0.4639999999999999,0.7673611111111112,1.0,0.5620408004240376,0.996268656716418,0.8726012853234404,0.006,1.0,0.7480916030534351,0.8464336646528718,0.9629629629629632,0.2,1.0,0.2840017726040635,0.5304560963232894,0.4511027231483528,0.41
173,172,tested_negative,0.1613200127317617,0,0.1,0.8692307692307693,0.084870848708487,0.6666666666666666,0.5384615384615384,0.210102557359379,0.210102557359379,0.0,0.5659722222222222,0.0,0.4523793754946486,0.992,0.8049966291094934,0.0,0.998,0.6666666666666666,0.8068170517319042,0.995655951346655,0.8,1.0,0.8334620419780103,0.7674245318156083,0.7511933498158112,0.88
174,173,tested_negative,0.15255708144559,0,0.2,0.946153846153846,0.084870848708487,0.6666666666666666,0.5384615384615384,0.163350129232725,0.163350129232725,0.0,0.5659722222222222,0.0,0.4006402284460616,0.984,0.8296488524566852,0.0,0.996,0.6853146853146853,0.8006294783560016,0.9743589743589742,0.8,1.0,0.9046800837882258,0.7975717871971092,0.8924056403411249,0.69
175,174,tested_negative,0.0548244426733791,0,0.0,0.7846153846153846,0.3988439306358381,1.0,0.6153846153846154,0.1192982520487253,0.1192982520487253,0.0,0.5659722222222222,0.0,0.3982284478246631,0.95,0.8174225919095357,0.0,0.97,0.7012252591894439,0.8369018443567289,0.9820051413881749,1.0,1.0,0.9783370639547472,0.9502544758094348,0.8924618041955434,0.85
176,175,tested_positive,0.1435673103614522,0,0.3,0.6461538461538461,0.2753623188405797,0.6666666666666666,0.4615384615384615,0.2619143657429845,0.2619143657429845,0.4639999999999999,0.7673611111111112,0.0,0.4672269665373419,0.9850746268656716,0.7548552457097261,0.0,0.9925373134328358,0.70990990990991,0.8338000955081941,0.9339853300733496,0.6,1.0,0.956342990555294,0.8742238869128739,0.9280292603631184,0.78
177,176,tested_negative,0.1472953548665522,0,0.4,0.7846153846153846,0.3988439306358381,1.0,0.6153846153846154,0.1644444071526489,0.1644444071526489,0.0,0.5659722222222222,0.5,0.4388069205559074,0.996,0.9114402312021352,0.003731343283582,0.996,0.6666666666666666,0.8372371110430666,0.9629629629629632,0.6,1.0,0.927552898140162,0.8913673675315908,0.8773076051289339,0.82
178,177,tested_positive,0.2172386106001348,0,0.6,0.9769230769230768,0.2753623188405797,0.6666666666666666,0.5384615384615384,0.3397956151037122,0.3397956151037122,0.4639999999999999,0.7673611111111112,1.0,0.5634296664215619,0.996268656716418,0.8199046471149343,0.0,1.0,0.5984334203655353,0.7236118769550663,0.8659340659340659,0.8,1.0,0.7812433161340786,0.8216381870079249,0.683686833257187,0.61
179,178,tested_negative,0.8476925067959031,6,0.8,0.9846153846153848,0.7246376811594203,0.6666666666666666,0.9230769230769232,0.5892564904424143,0.5892564904424143,0.0,0.5659722222222222,0.0,0.473810370565848,0.996,0.8880274398377052,0.0111940298507462,1.0,0.6666666666666666,0.7907367945833176,0.9702970297029704,0.0,0.0,0.3363824208326266,0.216548364359119,0.100914174032835,0.26
180,179,tested_positive,0.5195126281464701,2,0.6,0.823076923076923,0.2753623188405797,0.6666666666666666,0.5384615384615384,0.4375727125934119,0.4375727125934119,0.4639999999999999,0.7673611111111112,1.0,0.6392679206981965,0.996268656716418,0.8969526477095943,0.004,0.996268656716418,0.6666666666666666,0.8136050560703616,0.8987367154601963,0.2,0.0,0.6071116618612958,0.6875078577387221,0.7783047115211619,0.61
181,180,tested_negative,0.1227822949341547,0,0.2,0.7076923076923076,0.048780487804878,1.0,0.3076923076923077,0.1233971280509181,0.1233971280509181,0.0,0.5659722222222222,0.5,0.4757292885878933,0.996,0.9023508144846258,0.0,0.996,0.6658743128807012,0.8045348665696215,0.9629629629629632,0.6,1.0,0.965489274471675,0.94769082056631,0.8601261353570877,0.89
182,181,tested_negative,0.1679738276845311,0,0.2,0.9769230769230768,0.084870848708487,0.6666666666666666,0.6923076923076923,0.1652413234799866,0.1652413234799866,0.0,0.5659722222222222,0.5,0.4882653602997038,0.996,0.8835931655888445,0.0,0.988,0.6666666666666666,0.8104951949491903,0.9421487603305786,0.8,1.0,0.9090683446824568,0.7214077214238541,0.791680967786502,0.77
183,182,tested_negative,0.0526526527775398,0,0.0,0.0,0.084870848708487,0.6666666666666666,0.4615384615384615,0.1132387913090292,0.1132387913090292,0.0,0.5659722222222222,0.0,0.2763069804625855,0.842,0.7335023641635103,0.0,0.996,0.6666666666666666,0.7673887357575635,0.9836909871244636,1.0,1.0,0.9839466361844574,0.9981405245020336,0.7319969226482703,0.97
184,183,tested_negative,0.0770916479485016,0,0.1,0.0,0.084870848708487,0.6666666666666666,0.4615384615384615,0.1165608001935285,0.1165608001935285,0.0,0.5659722222222222,0.0,0.4196355256037103,0.99,0.874816164169369,0.0,0.982,0.6666666666666666,0.8110839405597544,0.9743589743589742,0.8,1.0,0.985387046470297,0.9520462354382698,0.8700168304004238,0.93
185,184,tested_negative,0.3250344604120968,1,0.5,0.9,0.3157894736842105,0.6666666666666666,0.4615384615384615,0.2504847157893277,0.2504847157893277,0.0,0.5659722222222222,0.5,0.4785503508975912,0.996,0.897515147012659,0.0,0.996,0.6666666666666666,0.8056272005721439,0.9820051413881749,0.4,1.0,0.7833696236012112,0.6716962943331337,0.5447273195930745,0.65
186,185,tested_positive,0.0269270471147735,0,0.2,0.6461538461538461,0.2753623188405797,0.6666666666666666,0.4615384615384615,0.2539021216825425,0.2539021216825425,0.4639999999999999,0.7673611111111112,0.0,0.3873417275588724,0.9776119402985076,0.7265024237388651,0.0,0.996268656716418,0.6666666666666666,0.8518833279236226,0.9677419354838712,1.0,1.0,0.9781882656158364,0.9422084114309466,0.9680410402645756,0.95
187,186,tested_positive,0.2943352202949306,1,0.3,0.946153846153846,0.2753623188405797,0.6666666666666666,0.5384615384615384,0.245377232633245,0.245377232633245,0.4639999999999999,0.7673611111111112,0.0,0.4366623801638977,0.9850746268656716,0.7560849540483251,0.0,0.9813432835820896,0.704830053667263,0.8522740619859173,0.97531914893617,0.8,0.0,0.9989679225673458,0.8242338308419245,0.8807869248211453,0.73
188,187,tested_positive,0.3729642703560897,2,0.5,0.823076923076923,0.2753623188405797,0.6666666666666666,0.5384615384615384,0.3345772788577492,0.3345772788577492,0.4639999999999999,0.7673611111111112,0.0,0.398431224161603,0.9888059701492538,0.7835232068957669,0.0,0.996268656716418,0.7027027027027026,0.818742455847359,0.9521988527724666,0.6,1.0,0.7112394709017674,0.3009819223691758,0.4599929845925186,0.69
189,188,tested_positive,0.5657883244226622,4,0.6,0.9076923076923076,0.6011560693641618,1.0,0.4615384615384615,0.7375071469773691,0.7375071469773691,0.4639999999999999,0.7673611111111112,1.0,0.5410147680480176,0.996268656716418,0.8266515603987131,0.002,1.0,0.7425149700598803,0.858944604163633,0.9870801033591732,0.4,1.0,0.2096619634623725,0.2318978255499659,0.2337102644516887,0.53
190,189,tested_positive,0.7241041366257734,6,0.6,0.9923076923076924,0.2753623188405797,0.6666666666666666,0.6923076923076923,0.6911068889881036,0.6911068889881036,0.4639999999999999,0.7673611111111112,1.0,0.6509461059732085,0.996268656716418,0.895156790813315,0.004,1.0,0.7050359712230216,0.8301412577745686,0.9510373443983402,0.4,0.0,0.2723199104356799,0.3560337047643606,0.2470215650453195,0.38
191,190,tested_negative,0.0369388454762903,0,0.0,0.0,0.084870848708487,0.6666666666666666,0.4615384615384615,0.1144597102308562,0.1144597102308562,0.0,0.5659722222222222,0.0,0.3561137843980883,0.974,0.8794256451333766,0.0,0.964,0.6666666666666666,0.7835307433179463,0.957983193277311,1.0,1.0,0.9859107998877592,0.9264144758964558,0.9360416513580438,0.93
192,191,tested_negative,0.3669606190245347,1,0.6,0.9538461538461538,0.3988439306358381,1.0,1.0,0.5165124838710424,0.5165124838710424,0.0,0.5659722222222222,0.75,0.5063205259600576,0.998,0.8538435826099654,0.0074626865671641,0.996,0.7279843444227007,0.8400266180966345,0.9279352226720649,0.6,1.0,0.4688014462278472,0.5113597458671657,0.6080750937577787,0.61
193,192,tested_positive,0.3193961499525383,1,0.3,0.6461538461538461,0.2753623188405797,0.6666666666666666,0.4615384615384615,0.4667481027077551,0.4667481027077551,0.4639999999999999,0.7673611111111112,0.5,0.6929796205945185,0.996268656716418,0.9398040244501584,0.002,0.9925373134328358,0.6666666666666666,0.8158682038869258,0.970364098221846,0.4,1.0,0.5189703214272473,0.7001186245464618,0.8045341543110608,0.66
194,193,tested_positive,0.362247095980578,1,0.5,0.9538461538461538,0.2753623188405797,0.6666666666666666,0.6153846153846154,0.2514493699060143,0.2514493699060143,0.4639999999999999,0.7673611111111112,0.5,0.4733672840475921,0.9925373134328358,0.7749653519769355,0.0,0.996268656716418,0.6666666666666666,0.7467369363866236,0.8990825688073394,0.6,0.0,0.9563513852573876,0.9724590354896636,0.6177070033694804,0.68
195,194,tested_negative,0.1455351309074699,0,0.2,0.7076923076923076,0.048780487804878,1.0,0.3076923076923077,0.1452377236957973,0.1452377236957973,0.0,0.5659722222222222,0.0,0.4638502378356083,0.994,0.8411054430422709,0.0,0.998,0.6666666666666666,0.8599493450874441,0.9827586206896552,0.6,1.0,0.9183228018372516,0.8746436368177294,0.833822775900199,0.9
196,195,tested_positive,0.2504852817428488,0,0.5,0.6461538461538461,0.2753623188405797,0.6666666666666666,0.4615384615384615,0.3185878962748574,0.3185878962748574,0.4639999999999999,0.7673611111111112,1.0,0.5151635003727996,0.996268656716418,0.833800822883497,0.004,0.9925373134328358,0.7336716320183336,0.8078933978441649,0.896551724137931,0.6,1.0,0.8215629404487141,0.6889518844514024,0.7365734846427908,0.65
197,196,tested_negative,0.0306864812832281,0,0.0,0.0,0.084870848708487,0.6666666666666666,0.4615384615384615,0.1134094154136291,0.1134094154136291,0.0,0.5659722222222222,0.0,0.287855785776845,0.936,0.86292707913102,0.0,0.934,0.6666666666666666,0.7848003699507874,0.9913043478260868,1.0,1.0,0.9866687910707304,0.9379299139895406,0.90128240724036,0.99
198,197,tested_positive,0.9638023695448418,6,1.0,1.0,0.915129151291513,0.6666666666666666,0.5384615384615384,0.8823378890895377,0.8823378890895377,0.4639999999999999,0.7673611111111112,1.0,0.6718724124948113,0.996268656716418,0.8998250018629167,0.076,1.0,0.6853146853146853,0.8228817592463306,0.9586374695863747,0.0,0.0,0.0235248211952865,0.1103512144602487,0.0833097470754141,0.0
199,198,tested_positive,0.5918614268460138,5,0.6,0.9615384615384616,0.915129151291513,0.6666666666666666,0.7692307692307693,0.7182768442931301,0.7182768442931301,0.4639999999999999,0.7673611111111112,0.0,0.4281902237884968,0.9925373134328358,0.8217091363125495,0.002,0.996268656716418,0.7153284671532846,0.846469392784046,0.9493975903614458,0.4,1.0,0.2063539755923884,0.3173364561266376,0.2051410072048912,0.32
200,199,tested_positive,0.6523959657340657,5,0.7,0.9307692307692308,0.2753623188405797,0.6666666666666666,0.3846153846153846,0.3968707778005506,0.3968707778005506,0.4639999999999999,0.7673611111111112,1.0,0.6234976621589827,0.996268656716418,0.892713096602565,0.01,0.996268656716418,0.6791938172450371,0.8608088896480242,0.9743589743589742,0.4,0.0,0.63171746222512,0.3485278461946706,0.3153788971758159,0.39
201,200,tested_negative,0.1229487820112464,0,0.0,0.9,0.084870848708487,0.6666666666666666,0.6153846153846154,0.1535784832671822,0.1535784832671822,0.0,0.5659722222222222,0.0,0.4535338499369402,0.97,0.8103906883070379,0.0,0.994,0.6666666666666666,0.8006369382993717,0.9606035205364626,1.0,1.0,0.9354897647636288,0.8486353863201782,0.8681821568487132,0.61
202,201,tested_negative,0.3194380909908161,0,0.2,0.8846153846153846,0.7246376811594203,0.6666666666666666,0.6923076923076923,0.2848434387014067,0.2848434387014067,0.0,0.5659722222222222,0.5,0.523392295874184,0.998,0.904186997410434,0.0074626865671641,1.0,0.6666666666666666,0.7446035015622983,0.8334545454545454,0.6,1.0,0.7766309066343119,0.5867405474207912,0.5,0.62
203,202,tested_negative,0.2796310363066984,1,0.3,0.9692307692307692,0.3988439306358381,1.0,0.6153846153846154,0.1433449929863633,0.1433449929863633,0.0,0.5659722222222222,0.5,0.4733564896322253,0.996,0.8481747013925033,0.003731343283582,0.986,0.6666666666666666,0.8323929482366187,0.9769820971867008,1.0,0.0,0.935946446693222,0.8530366909146356,0.7732306445519518,0.76
204,203,tested_negative,0.0203309747590543,0,0.0,0.0,0.084870848708487,0.6666666666666666,0.4615384615384615,0.1112075691470323,0.1112075691470323,0.0,0.5659722222222222,0.0,0.2950353708240287,0.9,0.8285367065231817,0.0,0.924,0.6940298507462687,0.805003159946848,0.9974683544303796,1.0,1.0,0.9926199836535916,0.9612712101683372,0.9241229576237447,1.0
205,204,tested_negative,0.4299870951312774,1,0.2,0.8923076923076922,0.3988439306358381,1.0,0.8461538461538461,0.4254717848897369,0.4254717848897369,0.0,0.5659722222222222,0.0,0.4732954488247671,0.994,0.8161145467203256,0.0,0.996,0.7170052791553351,0.8767204091003518,0.977667493796526,1.0,0.0,0.5459288543971033,0.6757509917507878,0.6283975830644446,0.57
206,205,tested_negative,0.0515797413791583,0,0.2,0.0,0.084870848708487,0.6666666666666666,0.4615384615384615,0.1273372332503208,0.1273372332503208,0.0,0.5659722222222222,0.0,0.4131884425677983,0.986,0.8458773986954699,0.0,0.99,0.6666666666666666,0.8426194334351595,0.9677419354838712,1.0,1.0,0.9679146358459236,0.8774983493704348,0.9151085665086914,0.93
207,206,tested_positive,0.0789945645911394,0,0.1,0.946153846153846,0.2753623188405797,0.6666666666666666,0.5384615384615384,0.2461222930705101,0.2461222930705101,0.4639999999999999,0.7673611111111112,0.0,0.3744872342472501,0.9738805970149254,0.7595192967477067,0.0,0.9813432835820896,0.66893039049236,0.8450187955792863,0.9836065573770492,0.8,1.0,0.9936209795776726,0.9405992763901532,0.9118123564853378,0.88
208,207,tested_positive,0.431046791040177,1,0.6,0.9153846153846154,0.2753623188405797,0.6666666666666666,0.6153846153846154,0.293937093114414,0.293937093114414,0.4639999999999999,0.7673611111111112,0.0,0.4751170679528949,0.9888059701492538,0.8271296182030609,0.0,1.0,0.6666666666666666,0.765010289440715,0.896551724137931,0.6,0.0,0.8489078936797351,0.6759702876486314,0.7588410724305714,0.53
209,208,tested_negative,0.0415046802002595,0,0.0,0.676923076923077,0.084870848708487,0.6666666666666666,0.5384615384615384,0.1206870515931748,0.1206870515931748,0.0,0.5659722222222222,0.0,0.3988162401907635,0.956,0.8734917358462473,0.0,0.914,0.6666666666666666,0.8262374710362023,0.9874686716791982,1.0,1.0,0.980048333304262,0.911071026485503,0.8998525590086779,0.96
210,209,tested_positive,0.1260174972393882,0,0.3,0.6461538461538461,0.2753623188405797,0.6666666666666666,0.4615384615384615,0.2670673406655606,0.2670673406655606,0.4639999999999999,0.7673611111111112,0.3333333333333333,0.4640556130894818,0.9850746268656716,0.797399393651359,0.002,0.9850746268656716,0.6666666666666666,0.8276451621329841,0.9629629629629632,0.6,1.0,0.953103591667888,0.8789761831775613,0.9418152417182206,0.87
211,210,tested_negative,0.0285398919278208,0,0.0,0.0,0.084870848708487,0.6666666666666666,0.4615384615384615,0.1134693924966111,0.1134693924966111,0.0,0.5659722222222222,0.0,0.3761729538014856,0.908,0.8486690217145618,0.0,0.896,0.6666666666666666,0.8228333807942525,0.9836909871244636,1.0,1.0,0.9846436761128522,0.9477828484080552,0.9163341239121684,0.98
212,211,tested_negative,0.5182132518958154,5,0.4,0.9846153846153848,0.7246376811594203,0.6666666666666666,0.6153846153846154,0.5495742035496868,0.5495742035496868,0.0,0.5659722222222222,1.0,0.6771729995551699,0.998,0.9281933189704944,0.0111940298507462,1.0,0.6666666666666666,0.734846727752361,0.8028169014084507,0.4,1.0,0.372685553122769,0.4060301629135606,0.442004772588778,0.27
213,212,tested_negative,0.8425370038237552,6,0.9,1.0,0.7246376811594203,0.6666666666666666,0.6923076923076923,0.7389292593889244,0.7389292593889244,0.0,0.5659722222222222,1.0,0.5715128918042394,0.998,0.8206052088207699,0.0074626865671641,1.0,0.6666666666666666,0.8048227641527426,0.9836065573770492,0.4,0.0,0.0445673523573611,0.1593765706990372,0.1908340540010704,0.15
214,213,tested_positive,0.7234583270546872,5,0.7,0.9923076923076924,0.2753623188405797,0.6666666666666666,0.6153846153846154,0.6943455324319662,0.6943455324319662,0.4639999999999999,0.7673611111111112,0.0,0.4914514376882752,0.9888059701492538,0.8383864119557848,0.002,0.996268656716418,0.6666666666666666,0.7951025397229295,0.9375,0.0,0.0,0.2728880210869949,0.5266023381276882,0.4297596784571938,0.43
215,214,tested_positive,0.735554646337637,6,0.6,0.9538461538461538,0.6011560693641618,1.0,0.9230769230769232,0.545895401378983,0.545895401378983,0.4639999999999999,0.7673611111111112,0.6666666666666666,0.5600408551229868,0.996268656716418,0.8683211685186758,0.008,0.9925373134328358,0.7026179651983069,0.850628755157433,0.9677419354838712,0.2,0.0,0.442376684610372,0.3089121919238857,0.2453832454399196,0.39
216,215,tested_positive,0.1219324265936253,0,0.2,0.9538461538461538,0.2753623188405797,0.6666666666666666,0.6153846153846154,0.2480789411599403,0.2480789411599403,0.4639999999999999,0.7673611111111112,0.0,0.4922968214305188,0.9925373134328358,0.7786005325813188,0.0,0.9888059701492538,0.7027027027027026,0.82947951884017,0.8976377952755904,0.8,1.0,0.9897997229246616,0.9008908658173614,0.8677148516962249,0.71
217,216,tested_positive,0.6670809371125932,5,0.9,0.9615384615384616,0.915129151291513,0.6666666666666666,0.7692307692307693,0.7923392439226933,0.7923392439226933,0.4639999999999999,0.7673611111111112,0.5,0.4548408273987884,0.9925373134328358,0.8293258972828945,0.004,0.996268656716418,0.7050359712230216,0.8450391211613412,0.957983193277311,0.2,1.0,0.1500270419745013,0.292871364465756,0.1646159708841839,0.19
218,217,tested_negative,0.3077177403177841,1,0.1,0.9538461538461538,0.3988439306358381,1.0,1.0,0.2302167563272922,0.2302167563272922,0.0,0.5659722222222222,0.3333333333333333,0.5493361065780218,0.998,0.8638782107085827,0.003731343283582,0.994,0.7469879518072289,0.8768741018499551,1.0,0.6,1.0,0.8233068437331899,0.668626092414248,0.7017606219458578,0.36
219,218,tested_positive,0.841185173815217,6,0.8,0.9846153846153848,0.6011560693641618,1.0,0.6153846153846154,0.7358855649165323,0.7358855649165323,0.4639999999999999,0.7673611111111112,1.0,0.5196280343940465,0.996268656716418,0.8061732149124321,0.004,1.0,0.6666666666666666,0.8778408948982429,0.9939288811795316,0.2,0.0,0.13728407421928,0.1314705724909167,0.2641343103985012,0.22
220,219,tested_positive,0.4913549130366064,4,0.5,0.9538461538461538,0.6011560693641618,1.0,0.6923076923076923,0.7614800256894888,0.7614800256894888,0.4639999999999999,0.7673611111111112,0.0,0.3798290735268138,0.9813432835820896,0.875939338900155,0.0,0.996268656716418,0.6666666666666666,0.8217012459881795,0.9358669833729216,0.6,1.0,0.2251403739826244,0.3971010332950189,0.419629114502718,0.41
221,220,tested_positive,0.342029428072271,2,0.5,0.6461538461538461,0.2753623188405797,0.6666666666666666,0.4615384615384615,0.2458667423970415,0.2458667423970415,0.4639999999999999,0.7673611111111112,1.0,0.5148700007188647,0.996268656716418,0.7855935072198226,0.0,1.0,0.6666666666666666,0.841271513516393,0.9836065573770492,0.2,1.0,0.9914714227482022,0.659493841426834,0.4068581673913382,0.69
222,221,tested_positive,0.3622435563425272,1,0.6,0.9692307692307692,0.2753623188405797,0.6666666666666666,0.6923076923076923,0.3262856358714205,0.3262856358714205,0.4639999999999999,0.7673611111111112,0.0,0.3871767586181659,0.9850746268656716,0.7727572199097745,0.0,0.996268656716418,0.6666666666666666,0.7654030446054286,0.9510373443983402,0.4,1.0,0.7167907598259889,0.6344446939017321,0.5353032082171157,0.54
223,222,tested_negative,0.3323025996870052,1,0.5,0.7076923076923076,0.048780487804878,1.0,0.3076923076923077,0.4192967270456789,0.4192967270456789,0.0,0.5659722222222222,0.5,0.6850474627485532,0.998,0.9545811995532484,0.0074626865671641,0.998,0.6666666666666666,0.794456727929931,0.9629629629629632,0.4,1.0,0.7027284963991539,0.6223901066317568,0.5510657988470572,0.73
224,223,tested_negative,0.5529164516842382,5,0.6,0.9076923076923076,0.3157894736842105,0.6666666666666666,0.3076923076923077,0.6504866575002609,0.6504866575002609,0.0,0.5659722222222222,0.0,0.4942000521758091,0.996,0.8281738552859907,0.003731343283582,0.998,0.7596899224806202,0.8850732635315024,0.9973890339425586,0.2,1.0,0.2268001920852816,0.3927133798396516,0.4229877179696377,0.44
225,224,tested_negative,0.2426542193778079,1,0.1,0.0,0.084870848708487,0.6666666666666666,0.4615384615384615,0.116683545033282,0.116683545033282,0.0,0.5659722222222222,0.0,0.3602227747382341,0.988,0.8975467925533961,0.0,0.922,0.7018867924528301,0.8204122074924436,0.9924433249370276,0.8,0.0,0.9807746886622216,0.921962274516249,0.9013377205546804,0.94
226,225,tested_negative,0.0392288255472775,0,0.1,0.8846153846153846,0.084870848708487,0.6666666666666666,0.6923076923076923,0.121335840223881,0.121335840223881,0.0,0.5659722222222222,0.5,0.3963235212078735,0.992,0.8897209848588651,0.0,0.954,0.6692548902493654,0.7977206125833497,0.9523809523809524,1.0,1.0,0.9738935030954408,0.9341218337412676,0.9166117098796264,0.94
227,226,tested_negative,0.0717542613744974,0,0.2,0.8846153846153846,0.084870848708487,0.6666666666666666,0.6923076923076923,0.1349675175031779,0.1349675175031779,0.0,0.5659722222222222,0.3333333333333333,0.3815733321067985,0.996,0.9408779047260564,0.003731343283582,0.984,0.6666666666666666,0.767450405781519,0.9874686716791982,1.0,1.0,0.9474607231408538,0.889629387003689,0.8323843216084722,0.9
228,227,tested_positive,0.3594677283355397,1,0.7,0.6461538461538461,0.2753623188405797,0.6666666666666666,0.4615384615384615,0.4558308998110756,0.4558308998110756,0.4639999999999999,0.7673611111111112,1.0,0.5239600210238236,0.996268656716418,0.778077771346248,0.0,0.996268656716418,0.6666666666666666,0.8021733616491072,0.957983193277311,0.2,1.0,0.5119033338108587,0.7659227025122577,0.6953675936636454,0.67
229,228,tested_negative,0.9047759125233016,6,0.9,0.9923076923076924,0.7246376811594203,0.6666666666666666,0.3846153846153846,0.7547032377468904,0.7547032377468904,0.0,0.5659722222222222,1.0,0.620386936461053,0.998,0.7858993914469458,0.003731343283582,1.0,0.6666666666666666,0.7817979214848021,0.8976377952755904,0.0,0.0,5.968403150986078e-15,0.0201599923545187,0.371184532505666,0.18
230,229,tested_negative,0.1760408027793341,0,0.2,0.676923076923077,0.084870848708487,0.6666666666666666,0.5384615384615384,0.2026208915547658,0.2026208915547658,0.0,0.5659722222222222,1.0,0.5051684365147344,0.998,0.8546969432913096,0.0,0.996,0.6666666666666666,0.7792808338460259,0.9836065573770492,0.8,1.0,0.8617711638197566,0.7239835937328657,0.7880004257713727,0.77
231,230,tested_positive,0.5698273302132373,4,0.5,0.9923076923076924,0.2753623188405797,0.6666666666666666,0.6153846153846154,0.566583808667917,0.566583808667917,0.4639999999999999,0.7673611111111112,0.0,0.4385986432861138,0.9888059701492538,0.8434161109389389,0.0,0.996268656716418,0.6666666666666666,0.7565025777677707,0.8387096774193549,0.6,0.0,0.3928744279103561,0.6717696065783886,0.4563919842318317,0.46
232,231,tested_positive,0.4334073487479747,2,0.6,0.9692307692307692,0.2753623188405797,0.6666666666666666,0.4615384615384615,0.255614971913601,0.255614971913601,0.4639999999999999,0.7673611111111112,1.0,0.5157465678468742,0.996268656716418,0.7555750208249525,0.0,1.0,0.6978047641289117,0.8735584772881898,0.9973190348525468,0.4,0.0,0.9860164076810986,0.7184756314239583,0.6650638684070945,0.63
233,232,tested_negative,0.0264497995237317,0,0.0,0.0,0.084870848708487,0.6666666666666666,0.4615384615384615,0.1130227483118937,0.1130227483118937,0.0,0.5659722222222222,0.0,0.3466697041363101,0.896,0.8143332622410078,0.0,0.95,0.6758620689655173,0.80766644112669,0.9463253509496284,1.0,1.0,0.9867245777009206,0.9688548272436942,0.9057217979129952,0.98
234,233,tested_negative,0.2946840311512968,1,0.4,0.8923076923076922,0.3988439306358381,1.0,0.8461538461538461,0.1867019735949613,0.1867019735949613,0.0,0.5659722222222222,0.3333333333333333,0.3861373056227127,0.994,0.9029448111278996,0.0074626865671641,0.994,0.6666666666666666,0.7949032288512882,0.912,0.4,1.0,0.8966883821469197,0.6424802295746915,0.602727201370608,0.69
235,234,tested_negative,0.0367003361923456,0,0.0,0.0,0.084870848708487,0.6666666666666666,0.4615384615384615,0.114580967757804,0.114580967757804,0.0,0.5659722222222222,0.0,0.4309294828109881,0.978,0.8730807693958588,0.0,0.938,0.6853146853146853,0.8286215634554419,0.9820051413881749,1.0,1.0,0.988834194347124,0.9602205468045308,0.8807432416942709,0.95
236,235,tested_positive,0.1433313842294622,0,0.4,0.6461538461538461,0.2753623188405797,0.6666666666666666,0.4615384615384615,0.361047486222054,0.361047486222054,0.4639999999999999,0.7673611111111112,0.0,0.3271821615610534,0.9813432835820896,0.8066878405701381,0.0,0.9888059701492538,0.6666666666666666,0.7561967179247757,0.8837209302325582,0.8,1.0,0.7366395155501517,0.8711665217318635,0.8622056573412111,0.87
237,236,tested_positive,0.0393970311420406,0,0.2,0.946153846153846,0.2753623188405797,0.6666666666666666,0.5384615384615384,0.2552534812345123,0.2552534812345123,0.4639999999999999,0.7673611111111112,0.3333333333333333,0.5184432033380062,0.996268656716418,0.8365096176608987,0.0,0.9776119402985076,0.704830053667263,0.8400548634864518,0.9629629629629632,1.0,1.0,0.9719062251926376,0.8658190499961861,0.9658925379589328,0.96
238,237,tested_positive,0.1485327526202939,0,0.3,0.6461538461538461,0.2753623188405797,0.6666666666666666,0.4615384615384615,0.3034409333208968,0.3034409333208968,0.4639999999999999,0.7673611111111112,0.0,0.4457282800404397,0.9888059701492538,0.8089827287134943,0.0,0.9925373134328358,0.6666666666666666,0.7568757652247244,0.9523809523809524,0.8,1.0,0.8316246691552917,0.8305311117912503,0.8666477033316942,0.78
239,238,tested_positive,0.2660262749331218,1,0.1,0.6461538461538461,0.2753623188405797,0.6666666666666666,0.4615384615384615,0.2998815259302226,0.2998815259302226,0.4639999999999999,0.7673611111111112,0.0,0.426457981612459,0.9626865671641792,0.7063805841781261,0.0,0.996268656716418,0.6666666666666666,0.8171996297877296,0.9638351555929352,1.0,0.0,0.8542091761524333,0.803857109245406,0.91577606500343,0.83
240,239,tested_negative,0.0276644491375105,0,0.1,0.0,0.084870848708487,0.6666666666666666,0.4615384615384615,0.1134794721132023,0.1134794721132023,0.0,0.5659722222222222,0.0,0.3510240315561196,0.984,0.8509082378817371,0.0,0.978,0.6666666666666666,0.7732107297319845,0.9728395061728394,1.0,1.0,0.9882624648226248,0.955724797628814,0.9100260427234992,0.98
241,240,tested_negative,0.0324185982563992,0,0.0,0.0,0.084870848708487,0.6666666666666666,0.4615384615384615,0.114108443314973,0.114108443314973,0.0,0.5659722222222222,0.0,0.2855742789674355,0.904,0.8533273163399638,0.0,0.898,0.6666666666666666,0.8161305531030342,0.9904926534140016,1.0,1.0,0.983983279549698,0.937710355039066,0.8837947758728408,1.0
242,241,tested_negative,0.0553111977344215,0,0.0,0.676923076923077,0.084870848708487,0.6666666666666666,0.5384615384615384,0.1285705818307077,0.1285705818307077,0.0,0.5659722222222222,0.0,0.3513622035995193,0.96,0.8173725528587297,0.0,0.982,0.6758620689655173,0.8426346009144958,0.9677419354838712,1.0,1.0,0.9512449150834388,0.8689378078219925,0.8879500906880389,0.96
243,242,tested_positive,0.8483312931913188,6,0.8,1.0,0.6842105263157895,0.6666666666666666,0.7692307692307693,0.8526603100253505,0.8526603100253505,0.4639999999999999,0.7673611111111112,1.0,0.6277718987371468,0.996268656716418,0.9236923056109506,0.014,1.0,0.6666666666666666,0.7857156466693531,0.9743589743589745,0.2,0.0,0.0642338748293827,0.2834496225410113,0.1723287434816927,0.19
244,243,tested_positive,0.6236610358609966,5,0.7,0.946153846153846,0.6011560693641618,1.0,0.6923076923076923,0.4132122673068489,0.4132122673068489,0.4639999999999999,0.7673611111111112,1.0,0.6019467257436656,0.996268656716418,0.8237758584956283,0.002,1.0,0.7914893617021277,0.901065642431699,0.9736618521665252,0.2,0.0,0.6853529782142151,0.4985839975498838,0.4940968090699216,0.38
245,244,tested_negative,0.3873221860798199,2,0.3,0.8846153846153846,0.7246376811594203,0.6666666666666666,0.6923076923076923,0.4764146461694192,0.4764146461694192,0.0,0.5659722222222222,0.5,0.4390100987250215,0.992,0.836098105007886,0.0111940298507462,0.994,0.7181541419644288,0.8073916160347586,0.9230769230769232,0.8,1.0,0.5128617461242966,0.5015395139657606,0.4816656234310231,0.38
246,245,tested_positive,0.1092852743104239,0,0.3,0.946153846153846,0.2753623188405797,0.6666666666666666,0.5384615384615384,0.2479302529762945,0.2479302529762945,0.4639999999999999,0.7673611111111112,0.0,0.4263761106360026,0.9776119402985076,0.7407596343761845,0.0,0.9925373134328358,0.6666666666666666,0.8392312250927296,0.997995991983968,0.8,1.0,0.985667538097457,0.9161997255089132,0.8524210905310863,0.79
247,246,tested_negative,0.6440722417287772,3,0.5,0.9538461538461538,0.3988439306358381,1.0,1.0,0.4379492615503424,0.4379492615503424,0.0,0.5659722222222222,0.5,0.6189727609980575,0.998,0.9596279330441838,0.0186567164179104,0.998,0.6666666666666666,0.8127618938847081,0.957393483709273,0.4,0.0,0.5311009992059588,0.5015363838425022,0.5129291665788753,0.19
248,247,tested_negative,0.6247828744701436,5,0.5,0.9923076923076924,0.7246376811594203,0.6666666666666666,0.3846153846153846,0.7546998457668058,0.7546998457668058,0.0,0.5659722222222222,1.0,0.5376952600486598,0.998,0.8161051561398953,0.0,1.0,0.6666666666666666,0.7480010601068351,0.9523809523809524,0.4,1.0,3.54694180469372e-07,0.1867567614514795,0.3145456370334781,0.35
249,248,tested_negative,0.5495307702609409,4,0.4,0.8923076923076922,0.3988439306358381,1.0,0.8461538461538461,0.7380671735962784,0.7380671735962784,0.0,0.5659722222222222,1.0,0.5415433579221476,0.998,0.8297205806310277,0.0,1.0,0.7074980268350434,0.8684238698656876,0.9612403100775194,0.4,1.0,0.0212765264575248,0.5847718144240093,0.3167670375528206,0.38
250,249,tested_negative,0.0482758852682901,0,0.0,0.0,0.084870848708487,0.6666666666666666,0.4615384615384615,0.1277586157152611,0.1277586157152611,0.0,0.5659722222222222,0.0,0.3302204872550477,0.976,0.8624093386762828,0.0,0.958,0.6666666666666666,0.7862958109394388,0.97531914893617,1.0,1.0,0.964032303232308,0.9069663941970691,0.9293459909608808,0.91
251,250,tested_negative,0.5399682668212302,3,0.7,0.9846153846153848,0.3988439306358381,1.0,0.7692307692307693,0.2977712758046478,0.2977712758046478,0.0,0.5659722222222222,1.0,0.5779758457406539,0.998,0.9242690278430542,0.0,1.0,0.6666666666666666,0.8392705672157156,0.9633251833740832,0.4,0.0,0.6899424620941204,0.5887523231000895,0.6714956138784091,0.41
252,251,tested_negative,0.1135179426935292,0,0.2,0.9,0.3157894736842105,0.6666666666666666,0.4615384615384615,0.1538238186618349,0.1538238186618349,0.0,0.5659722222222222,0.0,0.4240741765334928,0.992,0.8868280797211647,0.0,0.986,0.6666666666666666,0.7716611965904392,0.9887834339948232,1.0,1.0,0.9211409503698944,0.8102244184840307,0.8675269749848993,0.72
253,252,tested_negative,0.0304693380670744,0,0.0,0.0,0.084870848708487,0.6666666666666666,0.4615384615384615,0.1123561325279516,0.1123561325279516,0.0,0.5659722222222222,0.0,0.3029856275573042,0.886,0.8289237385570295,0.0,0.93,0.6950354609929077,0.7938124181519334,0.9586374695863747,1.0,1.0,0.9862646452748092,0.9627733648211768,0.9081459615015672,0.96
254,253,tested_negative,0.0684609729897284,0,0.1,0.8846153846153846,0.084870848708487,0.6666666666666666,0.6923076923076923,0.1260405134841936,0.1260405134841936,0.0,0.5659722222222222,0.0,0.4384581050470221,0.986,0.8762823369618666,0.0,0.97,0.6666666666666666,0.8056639276084294,0.9677419354838712,1.0,1.0,0.9654533720841112,0.918909175069679,0.8648716149078397,0.84
255,254,tested_positive,0.5716548812837763,4,0.4,1.0,0.6011560693641618,1.0,0.6923076923076923,0.3142057543891173,0.3142057543891173,0.4639999999999999,0.7673611111111112,0.0,0.4985113771709708,0.9925373134328358,0.7416692320329117,0.0,1.0,0.7027027027027026,0.882390472103752,0.9820051413881749,0.6,0.0,0.8834652038609739,0.346022854781677,0.4205826536546916,0.32
256,255,tested_positive,0.6616260095599131,5,0.9,0.9615384615384616,0.915129151291513,0.6666666666666666,0.7692307692307693,0.8579121865921006,0.8579121865921006,0.4639999999999999,0.7673611111111112,0.5,0.5851396736571524,0.996268656716418,0.9299858827014428,0.022,1.0,0.6666666666666666,0.8155270220657833,0.9421487603305786,0.4,1.0,0.0559990389623849,0.2061652764912193,0.1280796271869161,0.24
257,256,tested_negative,0.3620729040332489,1,0.3,0.9846153846153848,0.3988439306358381,1.0,0.7692307692307693,0.1601389386602918,0.1601389386602918,0.0,0.5659722222222222,0.5,0.4389859028632988,0.996,0.8125378692846996,0.003731343283582,0.996,0.6666666666666666,0.8456900670491585,0.9913043478260868,0.8,0.0,0.9285501991895606,0.7674912981291943,0.7015210784817519,0.63
258,257,tested_negative,0.0611351757969232,0,0.1,0.0,0.084870848708487,0.6666666666666666,0.4615384615384615,0.1260362971471913,0.1260362971471913,0.0,0.5659722222222222,0.0,0.3984619426554925,0.986,0.8966693840279362,0.0,0.93,0.6666666666666666,0.8128200767856493,0.9991281604184832,1.0,1.0,0.9683107460243486,0.8756143810530823,0.89926381814103,0.89
259,258,tested_negative,0.5739084530828982,4,0.4,0.9769230769230768,0.3157894736842105,0.6666666666666666,0.3076923076923077,0.7458165402369,0.7458165402369,0.0,0.5659722222222222,0.0,0.4853660587764822,0.994,0.7461952334681641,0.003731343283582,0.998,0.6758147512864494,0.8223292022906361,0.995983935742972,0.6,1.0,0.0091465007204792,0.2546335751418723,0.232769205640259,0.46
260,259,tested_positive,0.2732625983752994,1,0.1,0.823076923076923,0.2753623188405797,0.6666666666666666,0.5384615384615384,0.2473617755637321,0.2473617755637321,0.4639999999999999,0.7673611111111112,0.0,0.3842022926024664,0.9776119402985076,0.753105507164673,0.0,0.9925373134328358,0.7428571428571428,0.8598120399385032,0.9677419354838712,0.8,0.0,0.9889473092665116,0.8777586597584445,0.8337184407232475,0.86
261,260,tested_negative,0.6772753927133606,5,0.8,0.9923076923076924,0.7246376811594203,0.6666666666666666,0.4615384615384615,0.6829933194453,0.6829933194453,0.0,0.5659722222222222,1.0,0.6157761291769277,0.998,0.8781795984548124,0.0149253731343283,1.0,0.6804835924006908,0.8022969898800167,0.9622166246851386,0.2,1.0,0.1887767083709311,0.2972003579397194,0.1103705774091858,0.14
262,261,tested_positive,0.2794650735927658,0,0.4,0.9307692307692308,0.2753623188405797,0.6666666666666666,0.3846153846153846,0.4399461058499546,0.4399461058499546,0.4639999999999999,0.7673611111111112,0.0,0.4308216424969865,0.9813432835820896,0.8326445972512736,0.004,0.9850746268656716,0.6666666666666666,0.7683605113392629,0.9769820971867008,0.8,1.0,0.5130447785604,0.6249884516901161,0.7651763281928888,0.62
263,262,tested_negative,0.2530317467247576,1,0.1,0.9,0.084870848708487,0.6666666666666666,0.6153846153846154,0.1365073813283318,0.1365073813283318,0.0,0.5659722222222222,0.0,0.3789940901778581,0.982,0.8326135538824759,0.0,0.986,0.6666666666666666,0.847665598620272,0.9825436408977556,1.0,0.0,0.9496738533603788,0.8354504476842612,0.8466852186068146,0.85
264,263,tested_negative,0.322093190984473,1,0.4,0.9692307692307692,0.7246376811594203,0.6666666666666666,0.6153846153846154,0.4233280949601704,0.4233280949601704,0.0,0.5659722222222222,0.3333333333333333,0.593936434112174,0.998,0.9166977560716504,0.003731343283582,0.996,0.6666666666666666,0.783856333316648,0.9385749385749388,0.8,1.0,0.6550790409445968,0.5134503022853726,0.6189115108631935,0.48
265,264,tested_positive,0.514658543447938,4,0.7,0.9538461538461538,0.6011560693641618,1.0,0.6923076923076923,0.8144504636114358,0.8144504636114358,0.4639999999999999,0.7673611111111112,0.0,0.4746995238176634,0.9888059701492538,0.9039437916945694,0.0,0.996268656716418,0.6666666666666666,0.8103647816726782,0.957983193277311,0.4,1.0,0.1362371282352424,0.3038089961771298,0.3920026148999999,0.68
266,265,tested_negative,0.6121122883850794,4,0.6,1.0,0.3988439306358381,1.0,0.6923076923076923,0.3054400165044889,0.3054400165044889,0.0,0.5659722222222222,1.0,0.5192411335857837,0.998,0.8361810404162926,0.0149253731343283,1.0,0.7092469018112488,0.8853161681094577,0.9874686716791982,0.2,0.0,0.6310364689199583,0.647677556449527,0.3786122443200393,0.47
267,266,tested_positive,0.1908676022524701,0,0.2,0.9307692307692308,0.2753623188405797,0.6666666666666666,0.3846153846153846,0.3603526604271877,0.3603526604271877,0.4639999999999999,0.7673611111111112,0.3333333333333333,0.4169078197817588,0.9813432835820896,0.8469264974958717,0.002,0.9850746268656716,0.6666666666666666,0.7471779064546447,0.8905225511623286,0.8,1.0,0.8273091613082829,0.7149315773906775,0.7225536477862187,0.79
268,267,tested_negative,0.6641345731421373,5,0.5,0.9692307692307692,0.7246376811594203,0.6666666666666666,0.8461538461538461,0.507828828814723,0.507828828814723,0.0,0.5659722222222222,0.0,0.435024502824016,0.996,0.7751411560209779,0.0074626865671641,1.0,0.6666666666666666,0.8173366561532879,0.9542261017670852,0.6,0.0,0.4243420899268862,0.3458986067672457,0.2749518644530435,0.37
269,268,tested_negative,0.0385602302002539,0,0.0,0.0,0.084870848708487,0.6666666666666666,0.4615384615384615,0.1139360233840395,0.1139360233840395,0.0,0.5659722222222222,0.0,0.2691613963469289,0.962,0.8564666849399609,0.0,0.97,0.6646893074299273,0.7766928284374086,0.9825436408977556,1.0,1.0,0.9802857223302542,0.9383058149950548,0.8700470814731684,0.98
270,269,tested_positive,0.6247145886413956,4,0.4,0.9538461538461538,0.6842105263157895,0.6666666666666666,0.6923076923076923,0.5543784829004007,0.5543784829004007,0.4639999999999999,0.7673611111111112,0.3333333333333333,0.4899248342807311,0.9925373134328358,0.8764722128044726,0.0,0.9850746268656716,0.6666666666666666,0.7454987356039785,0.9803250641573996,0.6,0.0,0.2507219254054857,0.4390959838491727,0.561894558896968,0.4
271,270,tested_positive,0.20025657371813,0,0.3,0.9076923076923076,0.6011560693641618,1.0,0.4615384615384615,0.2815169464129546,0.2815169464129546,0.4639999999999999,0.7673611111111112,0.0,0.3434970438409701,0.9738805970149254,0.7743628022465181,0.0,0.996268656716418,0.6666666666666666,0.8427969150627673,0.9874686716791982,0.6,1.0,0.9288058021209272,0.8082507095579033,0.8214040460123898,0.64
272,271,tested_negative,0.0438532602844096,0,0.0,0.0,0.084870848708487,0.6666666666666666,0.4615384615384615,0.1162862237832228,0.1162862237832228,0.0,0.5659722222222222,0.0,0.32362789783843,0.938,0.8373377727926545,0.0,0.946,0.6666666666666666,0.8261294915639841,0.9677419354838712,1.0,1.0,0.9834714786930802,0.919772775350627,0.9036361842498354,0.93
273,272,tested_negative,0.1538304219777404,0,0.5,0.7076923076923076,0.048780487804878,1.0,0.3076923076923077,0.1450205283037346,0.1450205283037346,0.0,0.5659722222222222,0.0,0.4122279457638479,0.99,0.878466802768098,0.0,0.996,0.6666666666666666,0.7962135124010252,0.9102462271644164,0.8,1.0,0.9330514601395964,0.8493927269596327,0.7045732810343277,0.79
274,273,tested_negative,0.0526237952338434,0,0.0,0.676923076923077,0.084870848708487,0.6666666666666666,0.5384615384615384,0.1289484724386786,0.1289484724386786,0.0,0.5659722222222222,0.0,0.3978678456525927,0.97,0.8055344443766385,0.0,0.992,0.6666666666666666,0.7753308593360624,0.9264349232012934,1.0,1.0,0.9644229727110688,0.9590324769161368,0.8608017789697331,0.9
275,274,tested_negative,0.3458421923498075,1,0.3,0.9923076923076924,0.3988439306358381,1.0,0.9230769230769232,0.6524031912777286,0.6524031912777286,0.0,0.5659722222222222,1.0,0.541347288515416,0.998,0.8880040525590093,0.0,0.998,0.6666666666666666,0.7945226622132762,0.9633251833740832,0.8,1.0,0.2892954385161974,0.5093447413123033,0.7363066660726539,0.59
276,275,tested_negative,0.1179828604435425,0,0.2,0.9,0.084870848708487,0.6666666666666666,0.6153846153846154,0.2401854958823828,0.2401854958823828,0.0,0.5659722222222222,0.5,0.4832383673650013,0.996,0.8472891851613423,0.0,0.996,0.7025495750708215,0.8011450367530485,0.9924433249370276,1.0,1.0,0.8307265255565327,0.7460169330945339,0.8453593786876774,0.87
277,276,tested_positive,0.9230285234664948,6,0.9,0.9538461538461538,0.6011560693641618,1.0,0.6923076923076923,0.8590299449579846,0.8590299449579846,0.4639999999999999,0.7673611111111112,1.0,0.660988249826924,0.996268656716418,0.9293120125262366,0.006,0.996268656716418,0.6666666666666666,0.8623713034587659,0.9743589743589742,0.0,0.0,0.0498016983120145,0.1698328183126727,0.1321943425763437,0.11
278,277,tested_negative,0.0332071114886997,0,0.1,0.0,0.084870848708487,0.6666666666666666,0.4615384615384615,0.1201679726216181,0.1201679726216181,0.0,0.5659722222222222,0.0,0.3774543022588643,0.986,0.8788178056611462,0.0,0.932,0.6666666666666666,0.8299996026182225,0.9853826311263972,1.0,1.0,0.974243476241148,0.9234097541737842,0.9231041006528684,0.98
279,278,tested_negative,0.2672130586726159,1,0.4,0.7076923076923076,0.048780487804878,1.0,0.3076923076923077,0.2422616231450651,0.2422616231450651,0.0,0.5659722222222222,0.0,0.3880261198254164,0.994,0.8560916512225824,0.0,0.998,0.6666666666666666,0.8254972348675464,0.9385749385749388,0.4,1.0,0.7665092149186287,0.7119452974259464,0.7382671356197295,0.78
280,279,tested_negative,0.0604924083161054,0,0.1,0.8692307692307693,0.084870848708487,0.6666666666666666,0.5384615384615384,0.2036030885466266,0.2036030885466266,0.0,0.5659722222222222,0.0,0.3400328059679923,0.99,0.8006772776522569,0.0,0.992,0.6758620689655173,0.8482230554335575,0.957983193277311,1.0,1.0,0.8837046766902125,0.8965012940786955,0.886839579334459,0.97
281,280,tested_positive,0.6452252965801439,6,0.9,0.9923076923076924,0.2753623188405797,0.6666666666666666,0.8461538461538461,0.7027060674494892,0.7027060674494892,0.4639999999999999,0.7673611111111112,1.0,0.5896101761009996,0.996268656716418,0.8857631825866499,0.002,0.9925373134328358,0.6666666666666666,0.7525649157608533,0.8976377952755904,0.4,0.0,0.259176238252629,0.4818866669254255,0.487585315341082,0.5
282,281,tested_negative,0.6717439867416672,6,0.6,0.9769230769230768,0.7246376811594203,0.6666666666666666,0.8461538461538461,0.5848064904638977,0.5848064904638977,0.0,0.5659722222222222,1.0,0.6476996300220352,0.998,0.9128124251428986,0.0149253731343283,0.998,0.7070515854235683,0.8381008782922462,0.9677419354838712,0.4,0.0,0.3176306558372259,0.422834366631395,0.4090710570813755,0.42
283,282,tested_negative,0.5246369793517791,2,0.3,0.9692307692307692,0.7246376811594203,0.6666666666666666,0.6153846153846154,0.4249394440140612,0.4249394440140612,0.0,0.5659722222222222,0.0,0.4679479858512361,0.996,0.8053690761147675,0.0,0.998,0.7030588235294118,0.8335178756619792,0.9629629629629632,0.8,0.0,0.5659143779892578,0.6092348564580106,0.5570288894420569,0.32
284,283,tested_positive,0.2377452351829388,0,0.4,0.9153846153846154,0.2753623188405797,0.6666666666666666,0.6153846153846154,0.3634503867088881,0.3634503867088881,0.4639999999999999,0.7673611111111112,0.3333333333333333,0.5113193630124173,0.996268656716418,0.9213101778805044,0.0,0.9850746268656716,0.6666666666666666,0.8094510085271984,0.970364098221846,0.8,1.0,0.7047108697043449,0.6406701419625295,0.7381475772354914,0.69
285,284,tested_positive,0.8684672625462716,6,0.6,0.9538461538461538,0.6011560693641618,1.0,0.9230769230769232,0.8403759594745618,0.8403759594745618,0.4639999999999999,0.7673611111111112,1.0,0.6074021803820981,0.996268656716418,0.9146601339562588,0.004,0.996268656716418,0.6666666666666666,0.8024491532746233,0.9720101781170484,0.2,0.0,0.1001675359830873,0.1194989980515715,0.2195298906877113,0.15
286,285,tested_negative,0.4465846558652284,2,0.7,0.9076923076923076,0.3157894736842105,0.6666666666666666,0.3076923076923077,0.455740133751282,0.455740133751282,0.0,0.5659722222222222,0.3333333333333333,0.5601109608109424,0.998,0.8720201505305067,0.0149253731343283,0.994,0.7584097859327217,0.8779636607499932,0.9629629629629632,0.2,1.0,0.5844160776387416,0.5485374233085079,0.4375385638613798,0.55
287,286,tested_negative,0.784333508544009,5,0.6,0.9923076923076924,0.7246376811594203,0.6666666666666666,0.5384615384615384,0.7545443092565924,0.7545443092565924,0.0,0.5659722222222222,0.0,0.48479818096878,0.996,0.8121694657845591,0.0,1.0,0.777120315581854,0.8195955742534887,0.896551724137931,0.6,0.0,5.663519950113822e-05,0.3483005029016288,0.1856418106348165,0.16
288,287,tested_positive,0.6150106269871085,4,0.4,0.946153846153846,0.6011560693641618,1.0,0.6923076923076923,0.4304097040271144,0.4304097040271144,0.4639999999999999,0.7673611111111112,0.5,0.5336582573338804,0.996268656716418,0.9018081900343567,0.008,0.9925373134328358,0.7027027027027026,0.8092206703405247,0.9057471264367816,0.4,0.0,0.7013679615373177,0.4493537856569416,0.2492144908830901,0.51
289,288,tested_negative,0.0239847523839378,0,0.0,0.0,0.084870848708487,0.6666666666666666,0.4615384615384615,0.1120788015720143,0.1120788015720143,0.0,0.5659722222222222,0.0,0.3318218823429933,0.968,0.8481856207227534,0.0,0.944,0.697282099343955,0.8315268178586366,0.9913043478260868,1.0,1.0,0.9895315600179946,0.9427906214385354,0.9337693042398432,0.99
290,289,tested_negative,0.144540160901597,0,0.2,0.8923076923076922,0.3988439306358381,1.0,0.8461538461538461,0.225467550295301,0.225467550295301,0.0,0.5659722222222222,0.0,0.4181281329822961,0.996,0.8654541359529293,0.0,0.988,0.703279460222815,0.8319815673699109,0.953995157384988,1.0,1.0,0.8158104532409107,0.7242603290987151,0.8326882522507919,0.76
291,290,tested_negative,0.2715205040853878,1,0.1,0.676923076923077,0.084870848708487,0.6666666666666666,0.5384615384615384,0.1262794380824654,0.1262794380824654,0.0,0.5659722222222222,1.0,0.53294600902696,0.998,0.898904096181268,0.0,0.988,0.6666666666666666,0.7897057428134814,0.9836065573770492,0.8,0.0,0.9572315944829396,0.9336048644802326,0.8900405165245003,0.79
292,291,tested_positive,0.8209020797081565,6,0.8,0.9923076923076924,0.915129151291513,0.6666666666666666,0.8461538461538461,0.8316948605586236,0.8316948605586236,0.4639999999999999,0.7673611111111112,1.0,0.5794674559375614,0.996268656716418,0.9081820468817836,0.004,1.0,0.6666666666666666,0.8391009642905326,1.0,0.4,0.0,0.0982444436239029,0.254837308106487,0.1715057700206705,0.15
293,292,tested_positive,0.2998528668049801,0,0.5,0.9538461538461538,0.2753623188405797,0.6666666666666666,0.6153846153846154,0.3107508589137994,0.3107508589137994,0.4639999999999999,0.7673611111111112,0.0,0.4865483716442274,0.9925373134328358,0.821477542468446,0.002,0.9925373134328358,0.7428571428571428,0.838790737914163,0.9931309550188344,0.6,1.0,0.7936914258219924,0.6343426046601971,0.5628487686879299,0.61
294,293,tested_positive,0.512239310289156,5,0.7,0.9307692307692308,0.2753623188405797,0.6666666666666666,0.3846153846153846,0.581104175818214,0.581104175818214,0.4639999999999999,0.7673611111111112,1.0,0.5577339874747342,0.996268656716418,0.8749533860925822,0.006,0.996268656716418,0.6950354609929077,0.8024947017464624,0.9268292682926828,0.4,1.0,0.4107273805669615,0.4814060191706463,0.3444307385274563,0.29
295,294,tested_negative,0.5803580659617658,3,0.4,0.9769230769230768,0.3157894736842105,0.6666666666666666,0.3846153846153846,0.3976054202385355,0.3976054202385355,0.0,0.5659722222222222,0.0,0.4400364317003159,0.994,0.8092369525901913,0.0,1.0,0.6666666666666666,0.751567715965044,0.9421487603305786,0.4,0.0,0.5763348194043049,0.4839008996949409,0.5576158851301593,0.5
296,295,tested_negative,0.7237939153204291,6,0.5,1.0,0.7246376811594203,0.6666666666666666,0.6923076923076923,0.5364817752861292,0.5364817752861292,0.0,0.5659722222222222,1.0,0.5722588047618744,0.998,0.8678899117650565,0.0,1.0,0.7368421052631579,0.8604842004153421,0.9836065573770492,0.4,0.0,0.4098699400402749,0.2863111796573405,0.1510553883798101,0.41
297,296,tested_positive,0.6825067642684833,4,0.5,0.9538461538461538,0.6842105263157895,0.6666666666666666,0.6923076923076923,0.3513426530027131,0.3513426530027131,0.4639999999999999,0.7673611111111112,1.0,0.5121042880410915,0.996268656716418,0.8352088103385987,0.004,1.0,0.72,0.8461969839818236,0.9887834339948232,0.6,0.0,0.5380265006633195,0.1987664488618756,0.2781664648639048,0.29
298,297,tested_negative,0.1324247361437861,0,0.2,0.0,0.084870848708487,0.6666666666666666,0.4615384615384615,0.2248542821199305,0.2248542821199305,0.0,0.5659722222222222,0.25,0.3611705923963507,0.984,0.8220571308233522,0.003731343283582,0.986,0.6666666666666666,0.8234387697588693,0.9836065573770492,0.8,1.0,0.8541292626520014,0.8647743204989579,0.8165479999863241,0.87
299,298,tested_positive,0.2714135861498027,0,0.4,1.0,0.6011560693641618,1.0,0.7692307692307693,0.2845627999337767,0.2845627999337767,0.4639999999999999,0.7673611111111112,1.0,0.557157863408593,0.996268656716418,0.8594706183630707,0.0,1.0,0.6341463414634146,0.8497789978676727,0.9924433249370276,0.8,1.0,0.917202190682745,0.5411532837213834,0.513163008697056,0.6
300,299,tested_negative,0.2445956431741641,0,0.2,0.7076923076923076,0.048780487804878,1.0,0.3076923076923077,0.3588268731691879,0.3588268731691879,0.0,0.5659722222222222,0.0,0.3163080273824757,0.984,0.8128497750379347,0.0,0.986,0.6666666666666666,0.8280014699903732,0.9358669833729216,0.8,1.0,0.5804187737323768,0.6393670196930998,0.7426403475295378,0.77
301,300,tested_positive,0.1295190574663817,0,0.1,0.6461538461538461,0.2753623188405797,0.6666666666666666,0.4615384615384615,0.2830263016742349,0.2830263016742349,0.4639999999999999,0.7673611111111112,0.0,0.3755845143652444,0.9850746268656716,0.8198529142529463,0.0,0.9888059701492538,0.6666666666666666,0.7458654881678812,0.9401148482362592,0.8,1.0,0.917346153850023,0.8757563578334067,0.8597831435182794,0.77
302,301,tested_positive,0.5502940241803103,5,0.8,0.9307692307692308,0.2753623188405797,0.6666666666666666,0.3846153846153846,0.7542333460100554,0.7542333460100554,0.4639999999999999,0.7673611111111112,1.0,0.5939142888197066,0.996268656716418,0.8860276524117732,0.006,0.996268656716418,0.7050359712230216,0.8317014221543857,0.9913043478260868,0.4,1.0,0.1814212803034762,0.3909722439701845,0.3358423306444782,0.39
303,302,tested_negative,0.2430691991436232,1,0.1,0.9846153846153848,0.3988439306358381,1.0,0.6923076923076923,0.1721505444007709,0.1721505444007709,0.0,0.5659722222222222,0.0,0.4636021687876551,0.994,0.8372096843488261,0.0,0.99,0.680431152269622,0.8186408930313481,0.9016018306636157,1.0,0.0,0.9317062766000394,0.9278929952802172,0.9019855332580036,0.78
304,303,tested_positive,0.5818657478445843,4,0.7,0.9846153846153848,0.915129151291513,0.6666666666666666,0.3076923076923077,0.5961416189715283,0.5961416189715283,0.4639999999999999,0.7673611111111112,0.5,0.5056191684738381,0.996268656716418,0.8697694066841194,0.002,0.996268656716418,0.6666666666666666,0.7523905031455571,0.9227166276346606,0.8,0.0,0.3276620903535911,0.634396660194056,0.4467467623848475,0.3
305,304,tested_negative,0.3729848171798348,1,0.1,1.0,0.3157894736842105,0.6666666666666666,0.5384615384615384,0.1969416736614163,0.1969416736614163,0.0,0.5659722222222222,0.0,0.3483776590483856,0.986,0.831798683834782,0.0,0.996,0.6666666666666666,0.7745794881796444,0.8822170900692841,1.0,0.0,0.8586766668405121,0.7359148507061334,0.5974995793743463,0.57
306,305,tested_negative,0.1136300910893924,0,0.0,0.8923076923076922,0.3988439306358381,1.0,0.8461538461538461,0.227926795155375,0.227926795155375,0.0,0.5659722222222222,0.0,0.3023022481412732,0.974,0.8236273171149098,0.0,0.986,0.6928427886844952,0.8015369711362677,0.9016018306636157,1.0,1.0,0.8541913014588361,0.7273831376482096,0.8166450143565998,0.92
307,306,tested_positive,0.4642256501643462,1,0.6,0.9230769230769232,0.6842105263157895,0.6666666666666666,0.5384615384615384,0.3285330066802183,0.3285330066802183,0.4639999999999999,0.7673611111111112,0.5,0.5080699310950848,0.996268656716418,0.8479831986537376,0.002,0.996268656716418,0.7174643829037938,0.8432878980223798,0.9702970297029704,0.6,0.0,0.7869399276516652,0.6752814479865656,0.6424247233756918,0.51
308,307,tested_negative,0.0664631377761383,0,0.0,0.9076923076923076,0.3157894736842105,0.6666666666666666,0.3076923076923077,0.137281941399364,0.137281941399364,0.0,0.5659722222222222,0.0,0.2775440840310333,0.93,0.7848700220033833,0.0,0.974,0.6666666666666666,0.7818395132834023,0.937040065412919,1.0,1.0,0.9458172949883612,0.8718855764092334,0.8735183019455754,0.91
309,308,tested_positive,0.5403888859799353,4,0.9,0.9923076923076924,0.2753623188405797,0.6666666666666666,0.5384615384615384,0.4232701849506766,0.4232701849506766,0.4639999999999999,0.7673611111111112,1.0,0.5452659522221108,0.996268656716418,0.8136045632688663,0.004,1.0,0.6666666666666666,0.835852662731537,0.9687235841081996,0.2,1.0,0.5065994897684607,0.3173005715528915,0.2837666227990352,0.45
310,309,tested_positive,0.5456177227990584,5,0.6,0.946153846153846,0.6011560693641618,1.0,0.6923076923076923,0.643398656417992,0.643398656417992,0.4639999999999999,0.7673611111111112,1.0,0.505967129384159,0.996268656716418,0.8712245659724741,0.004,0.9888059701492538,0.7428571428571428,0.8607222438963389,0.9677419354838712,0.4,1.0,0.2682568726150989,0.2979998963835109,0.2700368942070401,0.49
311,310,tested_negative,0.0750332128066862,0,0.2,0.7076923076923076,0.048780487804878,1.0,0.3076923076923077,0.1347584848667147,0.1347584848667147,0.0,0.5659722222222222,0.0,0.3944524472053148,0.992,0.8363296340500832,0.0,0.994,0.6666666666666666,0.882498296357284,1.0,1.0,1.0,0.941834697608912,0.9139654813891116,0.8940005441618596,0.8
312,311,tested_negative,0.1996909078030525,0,0.2,0.9,0.084870848708487,0.6666666666666666,0.6153846153846154,0.1838820595244281,0.1838820595244281,0.0,0.5659722222222222,0.0,0.4689436134707272,0.996,0.8871790522813712,0.0,0.99,0.6666666666666666,0.8121841549231451,0.9633251833740832,0.6,1.0,0.8681477049780376,0.7736551365418768,0.8200517116617702,0.74
313,312,tested_positive,0.7452815657578087,5,0.7,0.9230769230769232,0.6842105263157895,0.6666666666666666,0.5384615384615384,0.7717393883059696,0.7717393883059696,0.4639999999999999,0.7673611111111112,0.3333333333333333,0.4534459174346743,0.9850746268656716,0.8285042586936548,0.012,0.9925373134328358,0.725925925925926,0.7969793848452595,0.9654591406908172,0.6,0.0,0.1719949800106189,0.3207027556629957,0.2656128697795334,0.17
314,313,tested_negative,0.1126117872003235,0,0.1,0.0,0.084870848708487,0.6666666666666666,0.4615384615384615,0.1387180520867151,0.1387180520867151,0.0,0.5659722222222222,0.0,0.4944671464218868,0.994,0.865553451034309,0.0,0.99,0.7050359712230216,0.8271516855671583,0.9853826311263972,1.0,1.0,0.9531742492358916,0.7870896213156648,0.8240654062465019,0.76
315,314,tested_positive,0.3129177532317847,0,0.4,0.9076923076923076,0.6011560693641618,1.0,0.4615384615384615,0.3950846066277742,0.3950846066277742,0.4639999999999999,0.7673611111111112,0.5,0.4928457132054707,0.9925373134328358,0.8001372013877167,0.0,0.996268656716418,0.6666666666666666,0.8998499182567863,0.9836065573770492,0.6,1.0,0.5970961034337682,0.5059095653645674,0.7394878118109556,0.68
316,315,tested_negative,0.0787548914656381,0,0.0,0.676923076923077,0.084870848708487,0.6666666666666666,0.5384615384615384,0.1402916096122908,0.1402916096122908,0.0,0.5659722222222222,0.0,0.3345993017634044,0.968,0.8500788526707541,0.0,0.95,0.7149465624501515,0.8180604814739046,0.9358669833729216,1.0,1.0,0.9439525133359262,0.8149222618261561,0.8685958760440885,0.9
317,316,tested_negative,0.0218476746414356,0,0.0,0.7076923076923076,0.048780487804878,1.0,0.3076923076923077,0.1128787464633789,0.1128787464633789,0.0,0.5659722222222222,0.0,0.3592515380517947,0.958,0.8152502818343269,0.0,0.976,0.7072243346007604,0.8014414774637908,0.9974683544303796,1.0,1.0,0.9908422321192136,0.9638824874133728,0.9241892326187998,0.99
318,317,tested_positive,0.25813994878545,0,0.5,0.6461538461538461,0.2753623188405797,0.6666666666666666,0.4615384615384615,0.4076185502645173,0.4076185502645173,0.4639999999999999,0.7673611111111112,0.5,0.4678092792319828,0.9925373134328358,0.8423578408342143,0.002,0.9888059701492538,0.6666666666666666,0.7665536222244039,0.9687235841081996,0.6,1.0,0.6537500551488185,0.6682289016775969,0.7691813504608843,0.76
319,318,tested_negative,0.1156801389334621,0,0.0,0.676923076923077,0.084870848708487,0.6666666666666666,0.5384615384615384,0.214654600149283,0.214654600149283,0.0,0.5659722222222222,0.0,0.4125532082749422,0.978,0.8301586336564875,0.0,0.986,0.6791938172450371,0.8179684839956223,0.9268292682926828,1.0,1.0,0.8378902905141523,0.7334682893702209,0.8745605865148534,0.86
320,319,tested_positive,0.2751911720606285,1,0.5,0.9230769230769232,0.6842105263157895,0.6666666666666666,0.5384615384615384,0.2770892637314492,0.2770892637314492,0.4639999999999999,0.7673611111111112,1.0,0.5359627941581857,0.996268656716418,0.8697516197592451,0.004,1.0,0.6666666666666666,0.773834675018464,0.9629629629629632,0.4,1.0,0.9266425586763872,0.8078326011314142,0.6943778078284276,0.52
321,320,tested_negative,0.3410635673448448,1,0.3,0.9076923076923076,0.3157894736842105,0.6666666666666666,0.3076923076923077,0.2518725546989435,0.2518725546989435,0.0,0.5659722222222222,0.0,0.4891439745571104,0.996,0.7909019691764546,0.0,1.0,0.7668092386655261,0.8509624123968589,0.9803250641573996,1.0,0.0,0.7645145623731312,0.7012357364743266,0.8178682970834737,0.67
322,321,tested_positive,0.9273561671099708,6,1.0,0.9923076923076924,0.915129151291513,0.6666666666666666,0.8461538461538461,0.8625152221024818,0.8625152221024818,0.4639999999999999,0.7673611111111112,1.0,0.6562188109021712,0.996268656716418,0.9002430459821903,0.048,1.0,0.6666666666666666,0.8257154020259894,1.0,0.0,0.0,0.0526828873061232,0.1646161364773041,0.0885639735567478,0.13
323,322,tested_positive,0.6716313196938598,5,0.9,0.946153846153846,0.6011560693641618,1.0,0.6153846153846154,0.853085724481083,0.853085724481083,0.4639999999999999,0.7673611111111112,1.0,0.5589662236008526,0.996268656716418,0.8508232985986659,0.012,1.0,0.6666666666666666,0.8113829386199507,0.97865072587532,0.2,1.0,0.0573591965034064,0.1466776769903524,0.2561752083430823,0.31
324,323,tested_positive,0.4272438374536295,2,0.5,0.9230769230769232,0.6842105263157895,0.6666666666666666,0.5384615384615384,0.2626322556595848,0.2626322556595848,0.4639999999999999,0.7673611111111112,1.0,0.513646022438008,0.996268656716418,0.7903495416062363,0.0,1.0,0.6666666666666666,0.8262461437552058,0.9687235841081996,0.6,0.0,0.946347853064851,0.7401151138133205,0.6700740084000515,0.48
325,324,tested_negative,0.147573338879187,0,0.1,1.0,0.084870848708487,0.6666666666666666,0.8461538461538461,0.1409944569586333,0.1409944569586333,0.0,0.5659722222222222,1.0,0.5662012028385105,0.998,0.910933181780917,0.003731343283582,0.982,0.6666666666666666,0.8015826275969716,0.9677419354838712,0.6,1.0,0.944530448161688,0.8220314710387755,0.8779980475244138,0.87
326,325,tested_negative,0.2402920919058141,0,0.3,0.9769230769230768,0.3157894736842105,0.6666666666666666,0.3076923076923077,0.2365236643678682,0.2365236643678682,0.0,0.5659722222222222,0.0,0.4538271409839669,0.99,0.8355023348619316,0.003731343283582,0.99,0.6736810461445963,0.7912517675966465,0.9494614747307376,0.6,1.0,0.827499900210309,0.7578002034403003,0.6829473449145057,0.69
327,326,tested_positive,0.7208720848831041,6,0.5,0.946153846153846,0.6011560693641618,1.0,0.6923076923076923,0.7466584741614732,0.7466584741614732,0.4639999999999999,0.7673611111111112,0.5,0.4691500797645801,0.9888059701492538,0.8612138042601587,0.002,0.996268656716418,0.7027027027027026,0.8440279428852968,0.9677419354838712,0.4,0.0,0.2025191577432621,0.3342340397797228,0.2880142931783901,0.45
328,327,tested_negative,0.8915153242987651,6,0.7,0.9923076923076924,0.7246376811594203,0.6666666666666666,0.6923076923076923,0.733982875947001,0.733982875947001,0.0,0.5659722222222222,1.0,0.5541387277998798,0.998,0.8817395065041391,0.003731343283582,1.0,0.6666666666666666,0.7711752286943139,0.8988235294117646,0.2,0.0,0.0498894304179177,0.1205429986135654,0.0904756251759259,0.19
329,328,tested_positive,0.8961313932316606,6,1.0,0.9846153846153848,0.915129151291513,0.6666666666666666,0.3076923076923077,0.8018583975884672,0.8018583975884672,0.4639999999999999,0.7673611111111112,1.0,0.5845110401895832,0.996268656716418,0.8494238356339463,0.008,1.0,0.6744920993227992,0.788905893702764,0.9825436408977556,0.0,0.0,0.1349278197258145,0.1820895693644228,0.176194251519799,0.13
330,329,tested_negative,0.3274016611368496,1,0.1,0.9538461538461538,0.3988439306358381,1.0,0.7692307692307693,0.1771473156393226,0.1771473156393226,0.0,0.5659722222222222,0.0,0.4717418607343449,0.988,0.8337049733313493,0.0,0.99,0.6734785875281744,0.8744766227585148,0.968058968058968,0.8,0.0,0.8880415559712066,0.8159207216816237,0.8616277555260725,0.67
331,330,tested_negative,0.5475906879232815,4,0.4,0.7076923076923076,0.048780487804878,1.0,0.3076923076923077,0.6761451491565458,0.6761451491565458,0.0,0.5659722222222222,1.0,0.5517842584867759,0.998,0.8542184838401028,0.003731343283582,0.998,0.6666666666666666,0.8746120659272282,0.98989898989899,0.2,1.0,0.0578406209208662,0.4654077314543206,0.3012075200851241,0.69
332,331,tested_negative,0.0448637041670182,0,0.0,0.676923076923077,0.084870848708487,0.6666666666666666,0.5384615384615384,0.118607925179348,0.118607925179348,0.0,0.5659722222222222,0.0,0.361847827548813,0.934,0.8446692926223617,0.0,0.93,0.6825034262220192,0.8138236592516779,0.9913043478260868,1.0,1.0,0.9827451678049413,0.9256953893296822,0.8723772178632667,0.95
333,332,tested_positive,0.1212561717222929,0,0.2,0.9153846153846154,0.2753623188405797,0.6666666666666666,0.6153846153846154,0.255070590709883,0.255070590709883,0.4639999999999999,0.7673611111111112,1.0,0.5585538048096379,0.996268656716418,0.8676003276654133,0.002,0.9925373134328358,0.6666666666666666,0.7287294776493277,0.9158878504672896,0.8,1.0,0.9681287224847568,0.9429171593860762,0.8014170877954097,0.76
334,333,tested_negative,0.2262945071425646,0,0.2,0.7076923076923076,0.048780487804878,1.0,0.3076923076923077,0.3982936461055617,0.3982936461055617,0.0,0.5659722222222222,1.0,0.5085673511790909,0.998,0.8720553105157722,0.0,0.998,0.6666666666666666,0.7996636190991729,0.9702970297029702,0.6,1.0,0.5653953748755943,0.7692327577836034,0.8076048244854145,0.9
335,334,tested_negative,0.0193483736308928,0,0.0,0.0,0.084870848708487,0.6666666666666666,0.4615384615384615,0.1109676693517359,0.1109676693517359,0.0,0.5659722222222222,0.0,0.2995296061056932,0.858,0.845365206534788,0.0,0.868,0.6758620689655173,0.8122601409537539,0.9825436408977556,1.0,1.0,0.9911136761809616,0.9558166311954516,0.9369794508382304,1.0
336,335,tested_negative,0.7671086063848639,5,0.5,1.0,0.7246376811594203,0.6666666666666666,0.6923076923076923,0.7173590208616892,0.7173590208616892,0.0,0.5659722222222222,0.5,0.4252039934935919,0.996,0.8744222115594289,0.0074626865671641,0.998,0.6666666666666666,0.7654654370671742,0.8641114982578397,0.6,0.0,0.0689072304502147,0.2706410528062144,0.2178000784343878,0.24
337,336,tested_negative,0.434734493483298,2,0.8,0.9923076923076924,0.3988439306358381,1.0,0.6923076923076923,0.6214353139808834,0.6214353139808834,0.0,0.5659722222222222,0.5,0.5517831618978728,0.998,0.8623458967890089,0.0074626865671641,0.998,0.6666666666666666,0.7948524592642612,0.9702970297029702,0.6,1.0,0.4380179677991532,0.5014975465025173,0.5120775247985417,0.34
338,337,tested_positive,0.5342791450159039,3,0.5,0.9538461538461538,0.6011560693641618,1.0,0.9230769230769232,0.7871774518031757,0.7871774518031757,0.4639999999999999,0.7673611111111112,0.75,0.4090115966273392,0.9925373134328358,0.9140581067750604,0.006,0.9925373134328358,0.6666666666666666,0.8323532110257112,0.9702970297029702,0.6,1.0,0.1311523582696567,0.265666232340374,0.2675065392945457,0.53
339,338,tested_positive,0.1799226177255887,0,0.2,0.823076923076923,0.2753623188405797,0.6666666666666666,0.5384615384615384,0.281567882474937,0.281567882474937,0.4639999999999999,0.7673611111111112,0.25,0.4897608031453243,0.9925373134328358,0.8091656616302081,0.0,0.9738805970149254,0.7864271457085827,0.8474268024669243,0.9375,0.6,1.0,0.8641370441115934,0.7472392239323227,0.8490880256025511,0.86
340,339,tested_positive,0.1134306197354436,0,0.3,0.6461538461538461,0.2753623188405797,0.6666666666666666,0.4615384615384615,0.271680060729512,0.271680060729512,0.4639999999999999,0.7673611111111112,0.0,0.2980129861460127,0.9776119402985076,0.8239058761650077,0.0,0.9850746268656716,0.6666666666666666,0.7859591392674863,0.9629629629629632,0.8,1.0,0.9305765165138752,0.8858189195971482,0.9430208454763146,0.76
341,340,tested_negative,0.0516757484183477,0,0.1,0.9692307692307692,0.3157894736842105,0.6666666666666666,0.6923076923076923,0.1321838075544744,0.1321838075544744,0.0,0.5659722222222222,0.25,0.4337098618679251,0.986,0.8562793758385434,0.003731343283582,0.952,0.6758620689655173,0.7950403095484019,0.9542048293089092,1.0,1.0,0.9560101030638156,0.848458236105147,0.9154771703209504,0.97
342,341,tested_negative,0.0508717467780184,0,0.0,0.7076923076923076,0.048780487804878,1.0,0.3076923076923077,0.1289982641244226,0.1289982641244226,0.0,0.5659722222222222,0.0,0.362680097252309,0.978,0.8111106026278823,0.0,0.982,0.7027027027027026,0.8421638071806172,0.9825436408977556,1.0,1.0,0.9590602902607908,0.911030270216663,0.874678958854436,0.95
343,342,tested_negative,0.0884706661930717,0,0.0,0.8846153846153846,0.084870848708487,0.6666666666666666,0.6923076923076923,0.1220676369681197,0.1220676369681197,0.0,0.5659722222222222,0.0,0.3292941323231168,0.976,0.7756639231362623,0.0,0.996,0.6666666666666666,0.7779966710792254,0.9447650453421268,1.0,1.0,0.9628647508498732,0.996588483250652,0.6697227687410449,0.84
344,343,tested_negative,0.4524865137488704,1,0.3,0.8923076923076922,0.3988439306358381,1.0,0.8461538461538461,0.2398652089211275,0.2398652089211275,0.0,0.5659722222222222,0.2,0.4457674779633948,0.996,0.9163423902519876,0.0,0.992,0.6666666666666666,0.791381014883538,0.904498816101026,0.6,0.0,0.8032824429019361,0.6843944446240078,0.6374040299808338,0.56
345,344,tested_negative,0.4645280817469365,1,0.2,0.9538461538461538,0.3988439306358381,1.0,0.6923076923076923,0.3753379738321936,0.3753379738321936,0.0,0.5659722222222222,0.0,0.3504176038153686,0.982,0.830873492781113,0.0,0.99,0.6666666666666666,0.8171862251292734,0.9825436408977556,0.6,0.0,0.6270548410439962,0.5658887000833206,0.6998879683910646,0.72
346,345,tested_negative,0.4685355269618925,4,0.5,0.8923076923076922,0.3988439306358381,1.0,0.8461538461538461,0.6081290715633247,0.6081290715633247,0.0,0.5659722222222222,0.5,0.4901817648221593,0.994,0.8347441822471298,0.0149253731343283,1.0,0.7227866473149492,0.8396104742178083,0.9333333333333332,0.6,1.0,0.3366799469374118,0.4279687083308789,0.3641381829603542,0.46
347,346,tested_negative,0.3280056854006981,1,0.0,0.9923076923076924,0.3157894736842105,0.6666666666666666,0.5384615384615384,0.1751326971653087,0.1751326971653087,0.0,0.5659722222222222,0.0,0.368936239390997,0.952,0.7806316597648943,0.0,0.984,0.6758620689655173,0.810764359192781,0.9991281604184832,1.0,0.0,0.8965683083135039,0.6493674093068977,0.71603016997541,0.77
348,347,tested_negative,0.2357590471345984,1,0.4,0.0,0.084870848708487,0.6666666666666666,0.4615384615384615,0.1783356146062816,0.1783356146062816,0.0,0.5659722222222222,0.5,0.3753632894273779,0.996,0.9076869619705836,0.0074626865671641,0.99,0.6666666666666666,0.7495048713192882,0.9184149184149184,0.4,1.0,0.9253322469191132,0.8048304233341205,0.6052830469391761,0.85
349,348,tested_negative,0.0276478468873091,0,0.0,0.0,0.084870848708487,0.6666666666666666,0.4615384615384615,0.1125484108066148,0.1125484108066148,0.0,0.5659722222222222,0.0,0.3672701815381148,0.972,0.868066025330162,0.0,0.922,0.7068285759343952,0.8272235419313604,0.9974683544303796,1.0,1.0,0.9903529466428128,0.9456098146963644,0.9281501573369688,0.97
350,349,tested_positive,0.6487227999689034,5,0.9,0.9923076923076924,0.6011560693641618,1.0,0.3846153846153846,0.782956613680438,0.782956613680438,0.4639999999999999,0.7673611111111112,0.5,0.444506884188762,0.9925373134328358,0.7880786360007438,0.0,0.996268656716418,0.6666666666666666,0.803336314044496,0.9677419354838712,0.2,1.0,0.1921691921443104,0.0123317955830004,0.4131622124592684,0.29
351,350,tested_negative,0.2896027113974297,1,0.1,0.7846153846153846,0.3988439306358381,1.0,0.6153846153846154,0.1671341049718693,0.1671341049718693,0.0,0.5659722222222222,0.0,0.4465224579259794,0.994,0.8741085621775514,0.0,0.998,0.6666666666666666,0.7783311001212212,0.968058968058968,1.0,0.0,0.8854287402444653,0.7483351801841278,0.8186198111868285,0.81
352,351,tested_negative,0.2467253659263505,0,0.1,0.8846153846153846,0.7246376811594203,0.6666666666666666,0.6923076923076923,0.2330240966817084,0.2330240966817084,0.0,0.5659722222222222,0.0,0.489298801163724,0.994,0.8950528977257414,0.003731343283582,0.992,0.6666666666666666,0.7793768936076542,0.957393483709273,0.8,1.0,0.8008449695198684,0.6712476827529121,0.6675551521691168,0.58
353,352,tested_negative,0.1359977266758646,0,0.2,0.9923076923076924,0.3988439306358381,1.0,0.7692307692307693,0.1474787050493448,0.1474787050493448,0.0,0.5659722222222222,0.0,0.4200495759875436,0.994,0.8225750157053138,0.0,0.996,0.6666666666666666,0.8350138705231742,0.98989898989899,0.8,1.0,0.9068347159463408,0.9428921758549452,0.8342867481435253,0.7
354,353,tested_negative,0.0321670136037531,0,0.0,0.0,0.084870848708487,0.6666666666666666,0.4615384615384615,0.1152684424037734,0.1152684424037734,0.0,0.5659722222222222,0.0,0.4108260761035046,0.966,0.8816122197079695,0.0,0.902,0.6933830382106243,0.8166580097202177,0.97531914893617,1.0,1.0,0.9860432611824744,0.9397107731982584,0.9112438839967484,0.97
355,354,tested_negative,0.3241373649043731,1,0.3,0.9846153846153848,0.084870848708487,0.6666666666666666,0.6923076923076923,0.1483410497897351,0.1483410497897351,0.0,0.5659722222222222,0.5,0.5683366676230849,0.998,0.9063154525326442,0.003731343283582,0.996,0.6666666666666666,0.771167810615287,0.9586374695863747,0.8,0.0,0.9322626818762234,0.7676258525562643,0.8652872761412728,0.69
356,355,tested_positive,0.3858183240690888,1,0.4,0.946153846153846,0.2753623188405797,0.6666666666666666,0.5384615384615384,0.2938811200584994,0.2938811200584994,0.4639999999999999,0.7673611111111112,0.0,0.4627763254545782,0.9850746268656716,0.9084927657069878,0.0,0.9888059701492538,0.6666666666666666,0.790196133512706,0.970364098221846,0.6,0.0,0.8537532115570292,0.7398727009899669,0.7414641430384711,0.75
357,356,tested_positive,0.5822662254251971,4,0.5,1.0,0.915129151291513,0.6666666666666666,0.6923076923076923,0.5953250728270587,0.5953250728270587,0.4639999999999999,0.7673611111111112,1.0,0.6276128718778913,0.996268656716418,0.9122847690224022,0.002,0.996268656716418,0.7027027027027026,0.8412619153562552,0.9421487603305786,0.8,0.0,0.3829168435851892,0.3940006583221881,0.3994851455414397,0.53
358,357,tested_positive,0.3653166300159604,1,0.4,0.823076923076923,0.2753623188405797,0.6666666666666666,0.5384615384615384,0.2508152441267771,0.2508152441267771,0.4639999999999999,0.7673611111111112,0.0,0.4011495787962128,0.9888059701492538,0.6906705217959275,0.0,0.996268656716418,0.6666666666666666,0.8062634052978085,1.0,0.6,0.0,0.9759912893469446,0.911121590013554,0.6609873405437395,0.66
359,358,tested_negative,0.3782123702299832,2,0.3,0.9538461538461538,0.3988439306358381,1.0,0.6923076923076923,0.5895966202345025,0.5895966202345025,0.0,0.5659722222222222,0.5,0.5580129316962626,0.998,0.8863297193283182,0.003731343283582,0.996,0.7005649717514125,0.83213961116567,0.9514563106796116,0.4,1.0,0.3493494312460787,0.6196970321960228,0.671679315177999,0.69
360,359,tested_positive,0.0729301847416917,0,0.2,0.6461538461538461,0.2753623188405797,0.6666666666666666,0.4615384615384615,0.2505426979431545,0.2505426979431545,0.4639999999999999,0.7673611111111112,0.0,0.3969507366017961,0.9776119402985076,0.7934842552041157,0.0,0.9850746268656716,0.66893039049236,0.8117573824635486,0.9090909090909092,1.0,1.0,0.979582413266196,0.8326431059589326,0.9101933723247206,0.84
361,360,tested_positive,0.0844068774989305,0,0.3,0.6461538461538461,0.2753623188405797,0.6666666666666666,0.4615384615384615,0.2527454243261789,0.2527454243261789,0.4639999999999999,0.7673611111111112,0.0,0.4747571500377173,0.9813432835820896,0.7660078587992989,0.0,0.996268656716418,0.6852173913043479,0.8630193870250584,0.957393483709273,1.0,1.0,0.9873551251738024,0.8355530118724009,0.9006505979602143,0.77
362,361,tested_negative,0.4821177744955106,3,0.5,0.9769230769230768,0.3157894736842105,0.6666666666666666,0.3846153846153846,0.5749329814499535,0.5749329814499535,0.0,0.5659722222222222,0.3333333333333333,0.3727731385257911,0.994,0.8810815123652015,0.0,0.992,0.6666666666666666,0.7879818244981542,0.9803250641573996,0.6,1.0,0.3434821720267088,0.2913933656477455,0.3124178153524815,0.56
363,362,tested_negative,0.3244198465015252,1,0.2,0.8923076923076922,0.3988439306358381,1.0,0.8461538461538461,0.5376254129840348,0.5376254129840348,0.0,0.5659722222222222,0.0,0.4852940605296277,0.996,0.7866918095892307,0.0,1.0,0.6666666666666666,0.7999785875139939,0.977667493796526,0.6,1.0,0.3830054688907958,0.6744909399649576,0.755984512135095,0.64
364,363,tested_positive,0.23114294835226,0,0.5,0.823076923076923,0.2753623188405797,0.6666666666666666,0.5384615384615384,0.3837145719735135,0.3837145719735135,0.4639999999999999,0.7673611111111112,0.5,0.527007486283078,0.996268656716418,0.8967083879726463,0.004,0.9925373134328358,0.6666666666666666,0.7669424154218972,0.85331347728965,0.6,1.0,0.728215676435225,0.8139262928360443,0.7510003406151705,0.72
365,364,tested_negative,0.4027655372162382,2,0.5,0.8846153846153846,0.7246376811594203,0.6666666666666666,0.6923076923076923,0.6155037365569047,0.6155037365569047,0.0,0.5659722222222222,1.0,0.5457853158663359,0.998,0.865969860643361,0.0074626865671641,0.996,0.7312775330396475,0.8413861272958747,0.9230769230769228,0.6,1.0,0.4171692355320266,0.5688112880663436,0.5474262531042005,0.45
366,365,tested_negative,0.1549348824585998,0,0.1,0.7846153846153846,0.3988439306358381,1.0,0.6153846153846154,0.1578336618408338,0.1578336618408338,0.0,0.5659722222222222,0.0,0.4658102905952022,0.99,0.8267516604237626,0.0,0.992,0.7202323330106486,0.8737725593363601,0.9974683544303796,0.8,1.0,0.9212816633216644,0.763997589839269,0.8251114520874677,0.76
367,366,tested_positive,0.8082985208832064,6,0.8,1.0,0.6011560693641618,1.0,1.0,0.8295838964636547,0.8295838964636547,0.4639999999999999,0.7673611111111112,1.0,0.5388232794783121,0.996268656716418,0.9152995094410624,0.008,1.0,0.6666666666666666,0.8153438068873999,0.9820051413881749,0.2,0.0,0.0851947862200222,0.2430770033567838,0.2619370851239551,0.36
368,367,tested_negative,0.0270308951475448,0,0.0,0.0,0.084870848708487,0.6666666666666666,0.4615384615384615,0.109926427738986,0.109926427738986,0.0,0.5659722222222222,0.0,0.2075775634918658,0.844,0.8284888866540769,0.0,0.914,0.6666666666666666,0.7918265471512362,0.9874686716791982,1.0,1.0,0.9900673583260065,0.9590733117369652,0.8986739590517587,0.99
369,368,tested_negative,0.0390930713313576,0,0.0,0.0,0.084870848708487,0.6666666666666666,0.4615384615384615,0.1143637643658759,0.1143637643658759,0.0,0.5659722222222222,0.0,0.3307341250016243,0.89,0.8013693651044048,0.0,0.964,0.6758620689655173,0.7989956887709248,0.9803250641573996,1.0,1.0,0.9814222234432488,0.9587017054749702,0.9153176430936344,0.91
370,369,tested_positive,0.6852364585452695,5,0.5,0.9846153846153848,0.2753623188405797,0.6666666666666666,0.6923076923076923,0.5792610708947252,0.5792610708947252,0.4639999999999999,0.7673611111111112,0.0,0.398404971164729,0.9850746268656716,0.7600325841122094,0.0,0.996268656716418,0.6969367127973877,0.8274992370264657,0.98989898989899,0.6,0.0,0.3568782179586642,0.2003272271403417,0.281375803629377,0.45
371,370,tested_positive,0.3858452103755891,2,0.3,0.6461538461538461,0.2753623188405797,0.6666666666666666,0.4615384615384615,0.2452973874023228,0.2452973874023228,0.4639999999999999,0.7673611111111112,0.5,0.4994241252111487,0.9925373134328358,0.7657303753146576,0.002,0.996268656716418,0.7050359712230216,0.782301817999317,0.8888888888888888,0.6,0.0,0.9999969380287208,0.9080842259632208,0.4468475737545234,0.73
372,371,tested_negative,0.4588786412034488,2,0.1,0.8692307692307693,0.084870848708487,0.6666666666666666,0.5384615384615384,0.1542982188195111,0.1542982188195111,0.0,0.5659722222222222,0.0,0.4620058544831124,0.996,0.711752581484344,0.0,0.998,0.6666666666666666,0.7853712689960871,0.9421487603305786,0.8,0.0,0.2321454163126414,0.9407542948601256,0.54382844160654,0.73
373,372,tested_negative,0.0626343223890365,0,0.1,0.946153846153846,0.084870848708487,0.6666666666666666,0.5384615384615384,0.1215393856030364,0.1215393856030364,0.0,0.5659722222222222,0.0,0.4481649168016436,0.986,0.8848035509199392,0.0,0.966,0.6666666666666666,0.8073089002371954,0.9421487603305786,1.0,1.0,0.9662188713841549,0.9006534556178051,0.8973217386638205,0.86
374,373,tested_negative,0.0974282425152565,0,0.0,0.676923076923077,0.084870848708487,0.6666666666666666,0.5384615384615384,0.1472579382684189,0.1472579382684189,0.0,0.5659722222222222,0.0,0.3621314194493398,0.964,0.8333242466558216,0.0,0.968,0.6949914715459762,0.8236284181757035,0.9913043478260868,1.0,1.0,0.9318823754012392,0.8269130116275656,0.8366351578796563,0.82
375,374,tested_negative,0.608721639631685,3,0.6,0.9769230769230768,0.084870848708487,0.6666666666666666,0.6923076923076923,0.3683310989350047,0.3683310989350047,0.0,0.5659722222222222,1.0,0.630956888021094,0.998,0.904481964602367,0.0074626865671641,1.0,0.7368421052631579,0.8330223158190274,0.957983193277311,0.2,0.0,0.6421985073297606,0.565099522724057,0.5903721321560716,0.35
376,375,tested_positive,0.1347107618094999,0,0.0,0.823076923076923,0.2753623188405797,0.6666666666666666,0.5384615384615384,0.2468981703888713,0.2468981703888713,0.4639999999999999,0.7673611111111112,0.0,0.423334410715756,0.9589552238805972,0.7113938121890337,0.0,0.996268656716418,0.7027027027027026,0.8149589213658437,0.940581542351454,1.0,1.0,0.9913822724830524,0.7978145413473148,0.7725386153126338,0.63
377,376,tested_negative,0.0293437201613459,0,0.0,0.0,0.084870848708487,0.6666666666666666,0.4615384615384615,0.113885805763352,0.113885805763352,0.0,0.5659722222222222,0.0,0.3961510213656665,0.96,0.8570723593807074,0.0,0.932,0.6666666666666666,0.791949593529536,0.9974683544303796,1.0,1.0,0.9835881355977708,0.9626892917091152,0.8876602517250388,0.99
378,377,tested_negative,0.2662991277294559,1,0.2,0.946153846153846,0.084870848708487,0.6666666666666666,0.5384615384615384,0.1324453689222684,0.1324453689222684,0.0,0.5659722222222222,0.3333333333333333,0.4293211797573875,0.996,0.904520086340902,0.0,0.98,0.6758620689655173,0.8175328006182566,0.9743589743589742,0.8,0.0,0.9541762776706092,0.8698592557265458,0.9181697002261088,0.86
379,378,tested_positive,0.2531787947403989,0,0.6,0.9692307692307692,0.2753623188405797,0.6666666666666666,0.4615384615384615,0.4066628043106256,0.4066628043106256,0.4639999999999999,0.7673611111111112,0.0,0.3790733692848504,0.9888059701492538,0.8136796951478799,0.0,0.9925373134328358,0.6666666666666666,0.7545237890473404,0.8636363636363636,0.6,1.0,0.6134281954495353,0.8364872795251492,0.7810117565829217,0.65
380,379,tested_negative,0.3342135619526989,1,0.6,0.9846153846153848,0.3988439306358381,1.0,0.5384615384615384,0.4954507916468906,0.4954507916468906,0.0,0.5659722222222222,0.0,0.4833638074086663,0.996,0.8179874292079332,0.003731343283582,0.996,0.6666666666666666,0.8111790039350034,0.9728395061728394,0.4,1.0,0.5635460832216272,0.7735661585064905,0.5676063865556891,0.69
381,380,tested_negative,0.1231561372035631,0,0.3,0.8692307692307693,0.084870848708487,0.6666666666666666,0.5384615384615384,0.1504175655371521,0.1504175655371521,0.0,0.5659722222222222,0.3333333333333333,0.4972290050734538,0.996,0.8814214661687327,0.0,0.974,0.6950354609929077,0.8470056272708013,1.0,0.8,1.0,0.9286561858898842,0.8270904227174657,0.8453165681712711,0.86
382,381,tested_negative,0.0239128104411808,0,0.0,0.0,0.084870848708487,0.6666666666666666,0.4615384615384615,0.1104238359283411,0.1104238359283411,0.0,0.5659722222222222,0.0,0.2268090442067923,0.922,0.8419160752213484,0.0,0.938,0.6666666666666666,0.7922272262746248,0.968058968058968,1.0,1.0,0.9920598493973606,0.9600571373642344,0.9144061505913192,0.99
383,382,tested_negative,0.0552646404675757,0,0.0,0.8692307692307693,0.084870848708487,0.6666666666666666,0.5384615384615384,0.1495953217208226,0.1495953217208226,0.0,0.5659722222222222,0.0,0.3258528645449248,0.976,0.7931667141783934,0.0,0.994,0.6666666666666666,0.8329046216775101,0.9743589743589742,1.0,1.0,0.9372670836667774,0.8814019427593867,0.9097431307683812,0.94
384,383,tested_negative,0.0500574555757656,0,0.0,0.8692307692307693,0.084870848708487,0.6666666666666666,0.5384615384615384,0.1664017114036289,0.1664017114036289,0.0,0.5659722222222222,0.0,0.387747031844831,0.972,0.7878607552244155,0.0,0.99,0.7027027027027026,0.8471709311604477,0.9741360573788308,1.0,1.0,0.917680957927778,0.909126297456488,0.8828480111611402,0.99
385,384,tested_negative,0.106529624405689,0,0.1,0.0,0.084870848708487,0.6666666666666666,0.4615384615384615,0.1264806306159567,0.1264806306159567,0.0,0.5659722222222222,0.3333333333333333,0.4888456604818771,0.994,0.8759593231039218,0.0,0.944,0.694130401115069,0.8073790700367471,0.929440389294404,0.8,1.0,0.9609481919009032,0.893888259434595,0.8359858022303672,0.87
386,385,tested_negative,0.0411084833854573,0,0.0,0.0,0.084870848708487,0.6666666666666666,0.4615384615384615,0.1159255186947736,0.1159255186947736,0.0,0.5659722222222222,0.0,0.3959950924821092,0.932,0.8432630483506494,0.0,0.932,0.6907073509015257,0.7932430335664169,0.9743589743589745,1.0,1.0,0.9763102359808916,0.9003653319221935,0.8866735317841709,0.99
387,386,tested_positive,0.7625368828654588,6,0.9,0.9769230769230768,0.6011560693641618,1.0,0.6923076923076923,0.7713332372580907,0.7713332372580907,0.4639999999999999,0.7673611111111112,1.0,0.5732668858390881,0.996268656716418,0.8510294783081109,0.008,1.0,0.6666666666666666,0.8628103642201875,0.9836065573770492,0.2,0.0,0.1654350784253962,0.3181131515019818,0.3112304728798692,0.43
388,387,tested_positive,0.7486075184019005,5,0.9,1.0,0.6011560693641618,1.0,0.8461538461538461,0.4326462771591781,0.4326462771591781,0.4639999999999999,0.7673611111111112,1.0,0.5510681531161469,0.996268656716418,0.8168709292037037,0.006,1.0,0.6666666666666666,0.8313488002375651,0.98989898989899,0.0,0.0,0.6048188590583252,0.431229755378801,0.2123062751514705,0.26
389,388,tested_positive,0.3452140775576248,1,0.6,0.823076923076923,0.2753623188405797,0.6666666666666666,0.5384615384615384,0.3068421770606722,0.3068421770606722,0.4639999999999999,0.7673611111111112,0.5,0.458081104454465,0.9888059701492538,0.7898039334310064,0.002,0.9850746268656716,0.7476230191826523,0.8563762042826082,0.9447650453421268,0.4,1.0,0.892621712602809,0.5172304577192778,0.5088633643321651,0.61
390,389,tested_negative,0.3818654707629557,1,0.3,1.0,0.084870848708487,0.6666666666666666,0.6923076923076923,0.1735301697445863,0.1735301697445863,0.0,0.5659722222222222,1.0,0.6858208859681283,0.998,0.9232885674195,0.003731343283582,0.992,0.7188405797101449,0.8613481607619988,0.9924433249370276,0.8,0.0,0.8606893425583487,0.7610165582161175,0.667101274647799,0.62
391,390,tested_negative,0.5029924468477458,2,0.6,0.9923076923076924,0.3988439306358381,1.0,0.6923076923076923,0.1927536856624803,0.1927536856624803,0.0,0.5659722222222222,1.0,0.5613260232461978,0.998,0.8533933535034046,0.0074626865671641,0.998,0.7027027027027026,0.8797511112892772,0.9924433249370276,0.0,0.0,0.8713676451146267,0.8830113176001555,0.6876663561987425,0.54
392,391,tested_positive,0.170704310028472,0,0.4,0.6461538461538461,0.2753623188405797,0.6666666666666666,0.4615384615384615,0.3630539542120219,0.3630539542120219,0.4639999999999999,0.7673611111111112,0.3333333333333333,0.3613730703287805,0.9888059701492538,0.8419329706082255,0.0,0.9925373134328358,0.6666666666666666,0.7561411522718278,0.896551724137931,0.8,1.0,0.6843880591351373,0.8485180689934759,0.8828680117005543,0.76
393,392,tested_negative,0.2658921122817883,1,0.0,0.9076923076923076,0.3157894736842105,0.6666666666666666,0.3076923076923077,0.5068822242106725,0.5068822242106725,0.0,0.5659722222222222,0.0,0.3522233420366835,0.968,0.7209437854869851,0.0,0.99,0.6666666666666666,0.819682121385935,0.9453621346886912,0.6,1.0,0.2424037940994746,0.875637232009107,0.7466063002006893,0.94
394,393,tested_negative,0.100365574597216,0,0.2,0.7076923076923076,0.048780487804878,1.0,0.3076923076923077,0.1333341734149365,0.1333341734149365,0.0,0.5659722222222222,0.0,0.4033245819012717,0.99,0.8240497735720562,0.0,0.992,0.7230320699708455,0.8291343489705247,0.9184149184149184,0.8,1.0,0.9553284831827876,0.8641220820469564,0.8783559871869596,0.9
395,394,tested_positive,0.3180645102899283,1,0.5,0.6461538461538461,0.2753623188405797,0.6666666666666666,0.4615384615384615,0.451076232830869,0.451076232830869,0.4639999999999999,0.7673611111111112,0.0,0.4874665594026264,0.9925373134328358,0.836654608711528,0.0,0.9925373134328358,0.6666666666666666,0.7917376748481357,0.9309504467912266,0.4,1.0,0.5586746747512225,0.642581249578702,0.7403570139305056,0.75
396,395,tested_negative,0.479721526105295,2,0.3,0.8692307692307693,0.084870848708487,0.6666666666666666,0.5384615384615384,0.7207531926180157,0.7207531926180157,0.0,0.5659722222222222,0.5,0.5194873382478687,0.998,0.8150025913909993,0.003731343283582,0.998,0.7050359712230216,0.8676920897260051,0.9913043478260868,0.6,1.0,0.0135533878154517,0.5029783764786693,0.3651390790741085,0.64
397,396,tested_negative,0.1085719340797695,0,0.1,0.7076923076923076,0.048780487804878,1.0,0.3076923076923077,0.177213683716373,0.177213683716373,0.0,0.5659722222222222,0.0,0.3415803162255664,0.98,0.7182145859947686,0.0,0.996,0.7432567432567433,0.8950292358321771,0.9913043478260868,1.0,1.0,0.8653024809131293,0.8455128148971034,0.7977530997111505,0.84
398,397,tested_positive,0.8522560289058423,6,0.8,1.0,0.2753623188405797,0.6666666666666666,0.9230769230769232,0.8195272514752163,0.8195272514752163,0.4639999999999999,0.7673611111111112,1.0,0.7796436322527678,0.996268656716418,0.9550137719404428,0.01,1.0,0.6666666666666666,0.7813247793701252,0.9268292682926828,0.2,0.0,0.11409152987526,0.2258508536302105,0.156521443059476,0.19
399,398,tested_negative,0.0297647056677571,0,0.0,0.0,0.084870848708487,0.6666666666666666,0.4615384615384615,0.1106592674338504,0.1106592674338504,0.0,0.5659722222222222,0.0,0.3420228358629099,0.922,0.8263952456387043,0.0,0.97,0.6666666666666666,0.7828016621332399,0.9227166276346606,1.0,1.0,0.9916822887819224,0.968486985529474,0.8912424916820614,0.97
400,399,tested_positive,0.3955678578868208,1,0.4,1.0,0.2753623188405797,0.6666666666666666,0.6923076923076923,0.3143692728665487,0.3143692728665487,0.4639999999999999,0.7673611111111112,1.0,0.5483722765092967,0.996268656716418,0.8729887656231263,0.002,1.0,0.6666666666666666,0.7895937493797304,0.9836065573770492,0.6,0.0,0.802567264765989,0.8250079013434886,0.7390176865695974,0.66
401,400,tested_positive,0.8958854833030434,6,0.9,1.0,0.6011560693641618,1.0,0.6923076923076923,0.866155851567684,0.866155851567684,0.4639999999999999,0.7673611111111112,0.6666666666666666,0.5045609415301521,0.996268656716418,0.914925812609274,0.02,0.996268656716418,0.6666666666666666,0.8118274643101919,0.9825436408977556,0.2,0.0,0.0468560811654358,0.1277970830944522,0.1600339359218514,0.09
402,401,tested_negative,0.5746846691622514,3,0.5,0.9692307692307692,0.3157894736842105,0.6666666666666666,0.6923076923076923,0.2890117515479624,0.2890117515479624,0.0,0.5659722222222222,1.0,0.6651360864901106,0.998,0.9298787916410148,0.003731343283582,0.998,0.6666666666666666,0.8179822281685358,0.966101694915254,0.2,0.0,0.7373447329896408,0.5988270870834076,0.4657201649534432,0.55
403,402,tested_positive,0.5208230717760978,5,0.8,0.9846153846153848,0.2753623188405797,0.6666666666666666,0.8461538461538461,0.5845637733277376,0.5845637733277376,0.4639999999999999,0.7673611111111112,1.0,0.5900530316879538,0.996268656716418,0.8671025704716009,0.012,1.0,0.7083926031294452,0.8182638950072864,0.9002356637863316,0.2,1.0,0.4275047173997174,0.4609556770627199,0.4566011748809755,0.33
404,403,tested_negative,0.1162881026890362,0,0.2,0.7846153846153846,0.3988439306358381,1.0,0.6153846153846154,0.1941462171299711,0.1941462171299711,0.0,0.5659722222222222,0.0,0.4209796404419129,0.988,0.839295503492733,0.0,0.99,0.6666666666666666,0.8349593807419059,0.9510373443983402,0.8,1.0,0.8657208897094049,0.8888732350731963,0.8476772590831816,0.9
405,404,tested_positive,0.2381576352045885,0,0.3,0.9153846153846154,0.2753623188405797,0.6666666666666666,0.6153846153846154,0.3973124471312508,0.3973124471312508,0.4639999999999999,0.7673611111111112,0.3333333333333333,0.5157753231065874,0.996268656716418,0.8806247322616843,0.0,0.996268656716418,0.6666666666666666,0.8042755251260317,0.9421487603305786,0.6,1.0,0.6408622302218984,0.7235376418875911,0.8266543166629794,0.78
406,405,tested_negative,0.365196983030206,1,0.4,0.9769230769230768,0.084870848708487,0.6666666666666666,0.6923076923076923,0.2923006711489904,0.2923006711489904,0.0,0.5659722222222222,0.5,0.5249995049933356,0.998,0.8594619151965319,0.0074626865671641,1.0,0.7153284671532846,0.8249190836613238,0.9677419354838712,0.4,1.0,0.7743337651966721,0.5196076856363272,0.5548766509857648,0.56
407,406,tested_positive,0.5641177353090294,4,0.5,0.9538461538461538,0.6011560693641618,1.0,0.9230769230769232,0.8164382403182796,0.8164382403182796,0.4639999999999999,0.7673611111111112,0.0,0.3994767158381728,0.9925373134328358,0.9114226083723048,0.002,0.9925373134328358,0.6666666666666666,0.8366464592309977,0.995655951346655,0.6,1.0,0.0922004899149858,0.2082745272448052,0.2448185709860316,0.47
408,407,tested_negative,0.0328995617331712,0,0.0,0.0,0.084870848708487,0.6666666666666666,0.4615384615384615,0.112526032508308,0.112526032508308,0.0,0.5659722222222222,0.0,0.3938580586676699,0.964,0.8751472240391583,0.0,0.954,0.6666666666666666,0.7831087710392513,0.9874686716791982,1.0,1.0,0.9888373470755324,0.9534685534449984,0.910296729080442,0.95
409,408,tested_positive,0.1533454978664071,0,0.3,0.9230769230769232,0.6842105263157895,0.6666666666666666,0.5384615384615384,0.2488939850600183,0.2488939850600183,0.4639999999999999,0.7673611111111112,0.0,0.4146709429131742,0.9850746268656716,0.7448731260872996,0.0,0.9925373134328358,0.6666666666666666,0.8245149922897462,0.9922514943546602,0.8,1.0,0.9947548850989008,0.94389790035279,0.8012742273498656,0.54
410,409,tested_positive,0.3337810551245715,2,0.5,0.6461538461538461,0.2753623188405797,0.6666666666666666,0.4615384615384615,0.2453293570709898,0.2453293570709898,0.4639999999999999,0.7673611111111112,1.0,0.5616769524509978,0.996268656716418,0.8506754725375104,0.002,1.0,0.7027027027027026,0.7804723412754025,0.912,0.4,1.0,0.9985035855702687,0.676191335123752,0.2926187485585502,0.63
411,410,tested_negative,0.3335229424362839,1,0.3,0.9,0.084870848708487,0.6666666666666666,0.6153846153846154,0.2681490560136697,0.2681490560136697,0.0,0.5659722222222222,0.0,0.4130745911155715,0.984,0.7855491585799176,0.0,0.998,0.6666666666666666,0.8364944717271227,0.9825436408977556,0.4,1.0,0.7649507820958777,0.7076228518049485,0.5462887114814705,0.58
412,411,tested_negative,0.2693398485671799,1,0.2,0.9,0.084870848708487,0.6666666666666666,0.6153846153846154,0.1741655206637923,0.1741655206637923,0.0,0.5659722222222222,0.25,0.3334343695330337,0.996,0.8943269022280359,0.0074626865671641,0.978,0.7027027027027026,0.8368362745799995,1.0,1.0,0.0,0.9081940572113154,0.8349329614177978,0.870833889967807,0.77
413,412,tested_negative,0.5258323737026567,4,0.3,0.9846153846153848,0.7246376811594203,0.6666666666666666,0.6153846153846154,0.7204352709268177,0.7204352709268177,0.0,0.5659722222222222,0.0,0.4076634592253318,0.996,0.7998207283024734,0.003731343283582,0.998,0.6758620689655173,0.8215074116506142,0.9441752685906888,0.4,1.0,0.1095693576163811,0.3849383458922343,0.4204980542754445,0.53
414,413,tested_negative,0.1080023245780991,0,0.1,0.9,0.3157894736842105,0.6666666666666666,0.4615384615384615,0.1448868593487899,0.1448868593487899,0.0,0.5659722222222222,0.0,0.4422791003265215,0.986,0.852868734678967,0.0,0.958,0.6666666666666666,0.7879541623736247,0.9589958158995816,0.8,1.0,0.9377425522230468,0.793212975731773,0.8810305245765859,0.94
415,414,tested_positive,0.7524378859520648,6,0.6,0.9307692307692308,0.2753623188405797,0.6666666666666666,0.3846153846153846,0.7462398400737456,0.7462398400737456,0.4639999999999999,0.7673611111111112,0.5,0.5510557263529686,0.996268656716418,0.8793960436375898,0.012,0.9925373134328358,0.6666666666666666,0.8152890643071646,0.9743589743589742,0.2,0.0,0.2004871138193355,0.3709814287714486,0.3039041416968266,0.41
416,415,tested_positive,0.1751488391489055,0,0.5,0.9692307692307692,0.2753623188405797,0.6666666666666666,0.6923076923076923,0.2472204861498116,0.2472204861498116,0.4639999999999999,0.7673611111111112,1.0,0.5336265831568334,0.996268656716418,0.8228314584977966,0.0,1.0,0.6758620689655173,0.8027855185238495,0.9523809523809524,0.8,1.0,0.9991374934434036,0.6482745916586782,0.7216948800044845,0.78
417,416,tested_negative,0.0807854223132857,0,0.0,0.8692307692307693,0.084870848708487,0.6666666666666666,0.5384615384615384,0.1459976907779272,0.1459976907779272,0.0,0.5659722222222222,0.0,0.4097844576254097,0.972,0.8100751442044627,0.0,0.98,0.6666666666666666,0.8432941957231769,0.9924433249370276,1.0,1.0,0.8989650787746984,0.8621810158493151,0.7941413714962722,0.96
418,417,tested_positive,0.2907128920554432,0,0.7,0.823076923076923,0.2753623188405797,0.6666666666666666,0.5384615384615384,0.4984963129426736,0.4984963129426736,0.4639999999999999,0.7673611111111112,1.0,0.5285675437111264,0.996268656716418,0.8198881466435772,0.002,1.0,0.6666666666666666,0.8231350351608502,0.9677419354838712,0.6,1.0,0.5369635179594143,0.6872499963459923,0.841509133361934,0.59
419,418,tested_negative,0.0305489394920095,0,0.0,0.0,0.084870848708487,0.6666666666666666,0.4615384615384615,0.1103286505924496,0.1103286505924496,0.0,0.5659722222222222,0.0,0.2973856712544872,0.934,0.8094085330334193,0.0,0.974,0.6666666666666666,0.7799889002059187,0.9270588235294118,1.0,1.0,0.9903885835118016,0.9717923664018812,0.89452541313426,0.96
420,419,tested_positive,0.902703983662258,6,0.9,1.0,0.6842105263157895,0.6666666666666666,0.5384615384615384,0.850483930972666,0.850483930972666,0.4639999999999999,0.7673611111111112,1.0,0.5553838368313744,0.996268656716418,0.8724110374886281,0.018,1.0,0.6937006655316514,0.8394480387821467,0.9836065573770492,0.2,0.0,0.0679948641721658,0.1617394001567341,0.094041833697551,0.06
421,420,tested_negative,0.285129642934256,0,0.4,0.9,0.084870848708487,0.6666666666666666,0.6153846153846154,0.3868432801638766,0.3868432801638766,0.0,0.5659722222222222,0.5,0.5768521436750702,0.998,0.8961531237462516,0.0149253731343283,0.996,0.7027027027027026,0.7847462639243237,0.9057471264367816,0.6,1.0,0.6250056298561092,0.6493297486228395,0.7548867639155152,0.66
422,421,tested_negative,0.0258802850585121,0,0.0,0.0,0.084870848708487,0.6666666666666666,0.4615384615384615,0.1141635980047446,0.1141635980047446,0.0,0.5659722222222222,0.0,0.374904964047519,0.948,0.8586803448556923,0.0,0.904,0.6666666666666666,0.8224426197131195,0.977667493796526,1.0,1.0,0.984381008038768,0.9336551081222104,0.9266821734879498,1.0
423,422,tested_negative,0.1172580473197012,0,0.1,0.676923076923077,0.084870848708487,0.6666666666666666,0.5384615384615384,0.169639636955393,0.169639636955393,0.0,0.5659722222222222,0.5,0.524424190266662,0.998,0.908328522679474,0.0,0.992,0.6666666666666666,0.7938075049921974,0.9825436408977556,1.0,1.0,0.9198909684217238,0.8007632727099698,0.825797474950098,0.75
424,423,tested_negative,0.0776200430790066,0,0.1,0.0,0.084870848708487,0.6666666666666666,0.4615384615384615,0.1270359074232081,0.1270359074232081,0.0,0.5659722222222222,0.0,0.2974880526385719,0.992,0.8910807892039699,0.0,0.928,0.6666666666666666,0.8159017804053876,0.9638351555929352,1.0,1.0,0.96480871749867,0.8191678948731764,0.8903031291541138,0.86
425,424,tested_positive,0.3728994828350774,1,0.3,0.9538461538461538,0.2753623188405797,0.6666666666666666,0.6153846153846154,0.2838348287962579,0.2838348287962579,0.4639999999999999,0.7673611111111112,0.0,0.4715688158075168,0.9888059701492538,0.7804939714570289,0.0,0.9925373134328358,0.763933867393898,0.8402360743484034,0.9677419354838712,0.6,0.0,0.8584520179388223,0.7968861264866963,0.7472649585640166,0.76
426,425,tested_positive,0.1313826446640505,0,0.3,0.9692307692307692,0.2753623188405797,0.6666666666666666,0.6923076923076923,0.2578957358882946,0.2578957358882946,0.4639999999999999,0.7673611111111112,0.0,0.46664679290131,0.9888059701492538,0.8179779140102368,0.0,0.9813432835820896,0.6973451327433627,0.8105998216186774,0.8867699642431466,1.0,1.0,0.9433104918342422,0.7125443761623818,0.795849264019073,0.76
427,426,tested_negative,0.0475663173698319,0,0.1,0.0,0.084870848708487,0.6666666666666666,0.4615384615384615,0.1073012833362585,0.1073012833362585,0.0,0.5659722222222222,0.0,0.2744591027022526,0.982,0.8368244105874333,0.0,0.992,0.6666666666666666,0.7147218379340818,0.977667493796526,1.0,1.0,0.9807643595053558,0.9832362776758032,0.8206014585998497,0.93
428,427,tested_positive,0.3387634277350395,1,0.3,0.6461538461538461,0.2753623188405797,0.6666666666666666,0.4615384615384615,0.3085963962906827,0.3085963962906827,0.4639999999999999,0.7673611111111112,0.0,0.4394437318206237,0.9813432835820896,0.8000000310918091,0.0,0.9888059701492538,0.7027027027027026,0.8303601792578756,1.0,0.8,0.0,0.8109863065355781,0.641533595460374,0.8748995315938108,0.84
429,428,tested_negative,0.2918405301398632,1,0.2,0.8846153846153846,0.7246376811594203,0.6666666666666666,0.6923076923076923,0.4543482519009277,0.4543482519009277,0.0,0.5659722222222222,1.0,0.5036606888434169,0.998,0.853533314109018,0.003731343283582,0.998,0.6666666666666666,0.7589651294742052,0.8436830835117773,1.0,1.0,0.5140662552705488,0.6368002565629176,0.6080903073273545,0.49
430,429,tested_positive,0.7561781494665996,5,0.7,0.9923076923076924,0.6011560693641618,1.0,0.7692307692307693,0.8033264017753958,0.8033264017753958,0.4639999999999999,0.7673611111111112,0.5,0.4817766303295454,0.9925373134328358,0.8638631539275482,0.004,0.9925373134328358,0.6967200373076325,0.8464688697768548,0.9825436408977556,0.6,0.0,0.1469468870051845,0.1176778659331166,0.2183063502621015,0.38
431,430,tested_negative,0.1127229327838312,0,0.3,0.0,0.084870848708487,0.6666666666666666,0.4615384615384615,0.141304491501496,0.141304491501496,0.0,0.5659722222222222,0.0,0.3298758903103919,0.99,0.8932311471228327,0.0,0.986,0.6666666666666666,0.7493900753289947,0.9974683544303796,0.6,1.0,0.9391670356675738,0.9229698559156284,0.8815255117138108,0.98
432,431,tested_negative,0.1002444007836186,0,0.2,0.7846153846153846,0.3988439306358381,1.0,0.6153846153846154,0.1377244321972019,0.1377244321972019,0.0,0.5659722222222222,0.0,0.4246329267101935,0.99,0.814005346899673,0.0,0.986,0.7216294859359845,0.8444153144135533,0.970364098221846,0.8,1.0,0.9479047373146652,0.8965307039615499,0.8540981540220726,0.9
433,432,tested_negative,0.0303763901477956,0,0.0,0.0,0.084870848708487,0.6666666666666666,0.4615384615384615,0.115043362371368,0.115043362371368,0.0,0.5659722222222222,0.0,0.2583288101929769,0.852,0.8029357994114267,0.0,0.944,0.6758620689655173,0.7963471716045181,0.9769820971867008,1.0,1.0,0.983626605429471,0.9526801831308184,0.9214348705529366,0.96
434,433,tested_negative,0.1173329447944796,0,0.1,0.9,0.3157894736842105,0.6666666666666666,0.4615384615384615,0.1610780637144159,0.1610780637144159,0.0,0.5659722222222222,0.0,0.3930221703458323,0.986,0.8680627294925327,0.0,0.988,0.6666666666666666,0.7686956187349276,0.9494614747307376,1.0,1.0,0.9018115992413118,0.7927062543073956,0.7914844776844152,0.81
435,434,tested_negative,0.1410390368483997,0,0.1,0.7076923076923076,0.048780487804878,1.0,0.3076923076923077,0.1674267344976922,0.1674267344976922,0.0,0.5659722222222222,0.0,0.4245085069305697,0.98,0.7695550440464445,0.0,0.994,0.6666666666666666,0.838910842142532,0.9695003244646334,0.8,1.0,0.8757609797806238,0.8752079863515972,0.80279681277738,0.8
436,435,tested_positive,0.2328534651260748,0,0.2,0.9307692307692308,0.2753623188405797,0.6666666666666666,0.3846153846153846,0.3885879109728377,0.3885879109728377,0.4639999999999999,0.7673611111111112,0.0,0.22632148116259,0.9813432835820896,0.8433078438106438,0.0,0.9925373134328358,0.6666666666666666,0.7168108634181536,0.8225469728601252,0.8,1.0,0.6197069528276892,0.7295316814325153,0.833640574983346,0.62
437,436,tested_negative,0.8114035140577702,6,0.7,1.0,0.7246376811594203,0.6666666666666666,0.8461538461538461,0.7162712652882584,0.7162712652882584,0.0,0.5659722222222222,1.0,0.549520403084466,0.998,0.8545030658768704,0.0111940298507462,1.0,0.6666666666666666,0.8041357983078736,0.9523809523809524,0.2,0.0,0.1104768770559239,0.2589560364997396,0.2421460020977149,0.32
438,437,tested_negative,0.5650098639999364,4,0.4,0.9846153846153848,0.3157894736842105,0.6666666666666666,0.6153846153846154,0.2812374268160578,0.2812374268160578,0.0,0.5659722222222222,1.0,0.5297165243815158,0.998,0.892407845171352,0.0186567164179104,1.0,0.6666666666666666,0.7943273227939786,0.97865072587532,0.4,0.0,0.7848155249706732,0.5162478667593967,0.4688774242703117,0.44
439,438,tested_negative,0.0177458202087198,0,0.0,0.0,0.084870848708487,0.6666666666666666,0.4615384615384615,0.1085111354544698,0.1085111354544698,0.0,0.5659722222222222,0.0,0.268302413773,0.788,0.7982551725616731,0.0,0.928,0.6666666666666666,0.7813063061929673,0.9924433249370276,1.0,1.0,0.9953114979577457,0.975015645636124,0.9231979351538112,1.0
440,439,tested_negative,0.4936678012063188,1,0.5,0.9692307692307692,0.3988439306358381,1.0,0.6153846153846154,0.2877866538799117,0.2877866538799117,0.0,0.5659722222222222,0.0,0.4587390322323433,0.992,0.8297532421390784,0.0,0.998,0.6666666666666666,0.8139265206652511,0.9629629629629632,0.6,0.0,0.6896261524600191,0.5742568886043238,0.5841101516977447,0.59
441,440,tested_positive,0.2652300724965605,1,0.3,0.6461538461538461,0.2753623188405797,0.6666666666666666,0.4615384615384615,0.2699713928371002,0.2699713928371002,0.4639999999999999,0.7673611111111112,0.5,0.4333088876998442,0.9925373134328358,0.7872896165429627,0.002,0.996268656716418,0.6666666666666666,0.7774053907897772,0.9230769230769228,0.4,1.0,0.9023455267741912,0.674945548707671,0.7813284895387745,0.65
442,441,tested_negative,0.0338050844588687,0,0.0,0.676923076923077,0.084870848708487,0.6666666666666666,0.5384615384615384,0.1176791286177993,0.1176791286177993,0.0,0.5659722222222222,0.0,0.3384558144158861,0.908,0.843246963209434,0.0,0.918,0.6758620689655173,0.820842937825558,0.9416598192276088,1.0,1.0,0.9801954130195352,0.9255115984824218,0.9114624817448296,0.98
443,442,tested_negative,0.1322514511686413,0,0.2,0.676923076923077,0.084870848708487,0.6666666666666666,0.5384615384615384,0.1530003124420397,0.1530003124420397,0.0,0.5659722222222222,0.5,0.4985981679702622,0.996,0.8661331346375781,0.003731343283582,0.976,0.6950354609929077,0.8389902096041209,0.9523809523809524,0.8,1.0,0.919638590405026,0.7528692915615212,0.883983411021605,0.85
444,443,tested_positive,0.6526515858916526,5,0.5,0.9076923076923076,0.6011560693641618,1.0,0.4615384615384615,0.6445777614307818,0.6445777614307818,0.4639999999999999,0.7673611111111112,0.3333333333333333,0.5588379276332849,0.996268656716418,0.9167825364235868,0.006,0.996268656716418,0.6666666666666666,0.8431707487327037,0.9687235841081996,0.4,0.0,0.3144154020591778,0.3928381548160036,0.3668369277749022,0.61
445,444,tested_positive,0.6306908283782948,5,0.7,0.9923076923076924,0.6011560693641618,1.0,0.7692307692307693,0.8557596785697407,0.8557596785697407,0.4639999999999999,0.7673611111111112,1.0,0.546752541413134,0.996268656716418,0.893754719270711,0.008,1.0,0.6666666666666666,0.8273156044990639,0.9820051413881749,0.4,1.0,0.067956296226421,0.251476734963486,0.2364219985403242,0.26
446,445,tested_positive,0.0927960688252166,0,0.2,0.6461538461538461,0.2753623188405797,0.6666666666666666,0.4615384615384615,0.2452974599071742,0.2452974599071742,0.4639999999999999,0.7673611111111112,0.0,0.3644257033658533,0.9701492537313432,0.6417610399840257,0.0,1.0,0.6451612903225806,0.6929583524059139,0.8444444444444446,1.0,1.0,0.9999999894749294,0.9940254417962188,0.5991981557775524,0.85
447,446,tested_negative,0.0382009353322416,0,0.0,0.0,0.084870848708487,0.6666666666666666,0.4615384615384615,0.1210307323129535,0.1210307323129535,0.0,0.5659722222222222,0.0,0.2840484379573628,0.968,0.8514645850432384,0.0,0.94,0.7027027027027026,0.8179725181403122,0.9924433249370276,1.0,1.0,0.970443939111964,0.916210522589572,0.904139926305014,0.98
448,447,tested_negative,0.0914265084010862,0,0.1,0.676923076923077,0.084870848708487,0.6666666666666666,0.5384615384615384,0.1581935494371312,0.1581935494371312,0.0,0.5659722222222222,0.0,0.3457796334646814,0.988,0.8545127021269017,0.0,0.99,0.6666666666666666,0.7901389056616129,0.9825436408977556,1.0,1.0,0.9073997811069564,0.8881898376983396,0.8858513307881866,0.77
449,448,tested_positive,0.8532742853350616,6,0.8,0.9923076923076924,0.915129151291513,0.6666666666666666,0.8461538461538461,0.8650012369255595,0.8650012369255595,0.4639999999999999,0.7673611111111112,0.75,0.5073802045498261,0.996268656716418,0.910407491408694,0.034,1.0,0.6666666666666666,0.8178900257502999,0.9728395061728394,0.4,0.0,0.0501009622964378,0.1438739507465476,0.1463793749466453,0.14
450,449,tested_negative,0.1031840660602957,0,0.2,0.0,0.084870848708487,0.6666666666666666,0.4615384615384615,0.1351882312610242,0.1351882312610242,0.0,0.5659722222222222,0.5,0.4840346398779809,0.994,0.8626547662356594,0.003731343283582,0.956,0.6666666666666666,0.796325542893605,0.9687235841081996,0.8,1.0,0.951282235159765,0.8553057333089914,0.8743076351694686,0.9
451,450,tested_negative,0.0169065368669455,0,0.0,0.0,0.084870848708487,0.6666666666666666,0.4615384615384615,0.1093376871018219,0.1093376871018219,0.0,0.5659722222222222,0.0,0.3472023709630163,0.918,0.8497932010650794,0.0,0.926,0.6853146853146853,0.7980312704065241,0.9421487603305786,1.0,1.0,0.9937553123129002,0.9759432298415665,0.9488622366438612,0.98
452,451,tested_positive,0.7810525076176466,6,0.8,1.0,0.6842105263157895,0.6666666666666666,0.5384615384615384,0.8416433459788377,0.8416433459788377,0.4639999999999999,0.7673611111111112,0.5,0.5135408178048239,0.996268656716418,0.863068590136157,0.014,0.996268656716418,0.6666666666666666,0.7841094997921487,0.995655951346655,0.4,0.0,0.0910425123863164,0.2904027588329982,0.2522396830748062,0.28
453,452,tested_negative,0.1399136669149125,0,0.1,0.676923076923077,0.084870848708487,0.6666666666666666,0.5384615384615384,0.1744585293359032,0.1744585293359032,0.0,0.5659722222222222,0.0,0.4373257942014112,0.98,0.8481509481085471,0.0,0.994,0.6666666666666666,0.8252715358548556,0.9677419354838712,0.8,1.0,0.8662310136223105,0.864020690603258,0.8502662942849554,0.78
454,453,tested_negative,0.2918806057189748,1,0.2,0.7076923076923076,0.048780487804878,1.0,0.3076923076923077,0.4742145067033535,0.4742145067033535,0.0,0.5659722222222222,0.0,0.4344728310805716,0.99,0.7192043373799519,0.0,1.0,0.6490066225165563,0.7521716825357263,0.9057471264367816,1.0,1.0,0.2963789650987216,0.5108777982523174,0.7214596023351123,0.72
455,454,tested_negative,0.122900466057958,0,0.1,0.676923076923077,0.084870848708487,0.6666666666666666,0.5384615384615384,0.1447368835983971,0.1447368835983971,0.0,0.5659722222222222,0.0,0.4796460551213656,0.992,0.8739417737423443,0.0,0.978,0.6950354609929077,0.8412399138941921,0.9924433249370276,0.8,1.0,0.9300973947526856,0.7720006473209287,0.8404991615786376,0.92
456,455,tested_positive,0.2023280316152113,0,0.4,0.9153846153846154,0.2753623188405797,0.6666666666666666,0.6153846153846154,0.2500524520500081,0.2500524520500081,0.4639999999999999,0.7673611111111112,0.0,0.4994619147889146,0.9925373134328358,0.779843528265392,0.0,1.0,0.6341463414634146,0.8073785053821917,1.0,0.6,1.0,0.9821300720890112,0.9148631311339992,0.7590386070857214,0.53
457,456,tested_negative,0.5354201012848785,2,0.5,0.9692307692307692,0.3157894736842105,0.6666666666666666,0.6923076923076923,0.3215712095899863,0.3215712095899863,0.0,0.5659722222222222,0.5,0.5157367102349071,0.998,0.8476938696341314,0.0,0.996,0.6666666666666666,0.7975600030015216,0.9743589743589745,0.4,0.0,0.6442020366983711,0.5362323342513823,0.5570450213409763,0.65
458,457,tested_negative,0.0505887274949437,0,0.0,0.0,0.084870848708487,0.6666666666666666,0.4615384615384615,0.1227531686878163,0.1227531686878163,0.0,0.5659722222222222,0.0,0.3635251031624914,0.95,0.8222838528331133,0.0,0.972,0.6950354609929077,0.8529484077097422,0.973661852166525,1.0,1.0,0.9628437398602832,0.9004752170184686,0.8931486781515864,0.94
459,458,tested_positive,0.0797836283502525,0,0.0,0.823076923076923,0.2753623188405797,0.6666666666666666,0.5384615384615384,0.2480388402136008,0.2480388402136008,0.4639999999999999,0.7673611111111112,0.0,0.4241311358229017,0.9514925373134328,0.7473448558540113,0.0,0.9888059701492538,0.7692307692307692,0.8363084606383067,0.9152542372881356,1.0,1.0,0.9925568505025484,0.858011571646413,0.8907298077495232,0.78
460,459,tested_negative,0.4269986158547765,3,0.3,0.9,0.3157894736842105,0.6666666666666666,0.4615384615384615,0.5618419259823667,0.5618419259823667,0.0,0.5659722222222222,0.0,0.4702343521001106,0.984,0.7128197695196701,0.0,1.0,0.5798816568047337,0.8121108861175121,0.9542048293089092,1.0,0.0,0.3684532581836118,0.3375346979526784,0.9120203487350508,0.82
461,460,tested_negative,0.2352953213181402,0,0.5,0.7076923076923076,0.048780487804878,1.0,0.3076923076923077,0.2989623814325335,0.2989623814325335,0.0,0.5659722222222222,0.0,0.467520793072909,0.99,0.7976382614563974,0.0,0.996,0.7018867924528301,0.858024486853429,0.9514563106796116,0.8,1.0,0.694506300339914,0.6779324642811062,0.7257893074701387,0.69
462,461,tested_negative,0.024780499725507,0,0.0,0.0,0.084870848708487,0.6666666666666666,0.4615384615384615,0.1098878272471868,0.1098878272471868,0.0,0.5659722222222222,0.0,0.2870106458439903,0.868,0.8010903996001597,0.0,0.96,0.6666666666666666,0.7773528625525004,0.957983193277311,1.0,1.0,0.9946006634601704,0.9825669990662828,0.8841493391205048,0.99
463,462,tested_negative,0.4488109596567733,1,0.3,0.7846153846153846,0.3988439306358381,1.0,0.6153846153846154,0.2930810082689234,0.2930810082689234,0.0,0.5659722222222222,0.0,0.4303768375575825,0.99,0.8021016059865643,0.003731343283582,0.996,0.697282099343955,0.8541803203754308,0.8976377952755904,0.6,0.0,0.6505160958472741,0.748966889070474,0.6176512571416121,0.69
464,463,tested_negative,0.0837087079752979,0,0.0,0.7846153846153846,0.3988439306358381,1.0,0.6153846153846154,0.1352287612868247,0.1352287612868247,0.0,0.5659722222222222,0.0,0.3491700635433495,0.978,0.8339775479074543,0.0,0.982,0.6666666666666666,0.8616771424312428,1.0,1.0,1.0,0.9421739879424698,0.9135455332473648,0.8920282309583788,0.75
465,464,tested_negative,0.3536971241603424,2,0.5,0.7076923076923076,0.048780487804878,1.0,0.3076923076923077,0.5527643203936113,0.5527643203936113,0.0,0.5659722222222222,0.0,0.423454053826201,0.996,0.8288945259932707,0.0,1.0,0.6666666666666666,0.8046801787675475,0.9249394673123488,0.4,1.0,0.4283935489999872,0.6810523440334799,0.6783713620044787,0.69
466,465,tested_negative,0.049984679327773,0,0.0,0.0,0.084870848708487,0.6666666666666666,0.4615384615384615,0.1178434997458964,0.1178434997458964,0.0,0.5659722222222222,0.0,0.3559979494107209,0.936,0.8206225905956461,0.0,0.96,0.6666666666666666,0.7957498500533672,0.9913043478260868,1.0,1.0,0.977330576250978,0.8870336752071031,0.8757276725752801,0.96
467,466,tested_negative,0.0222944847080855,0,0.0,0.0,0.084870848708487,0.6666666666666666,0.4615384615384615,0.1111246449122166,0.1111246449122166,0.0,0.5659722222222222,0.0,0.2618803691564743,0.874,0.8117270072943494,0.0,0.962,0.6666666666666666,0.7898475202633494,0.9853826311263972,1.0,1.0,0.9904647580569744,0.9692673129203144,0.9165010207741976,0.99
468,467,tested_negative,0.3460864248473542,1,0.3,1.0,0.084870848708487,0.6666666666666666,0.8461538461538461,0.1508266300034948,0.1508266300034948,0.0,0.5659722222222222,0.6666666666666666,0.529595357204107,0.998,0.9086444748175888,0.0074626865671641,0.988,0.6666666666666666,0.826200040543263,0.9924433249370276,0.6,0.0,0.925546154214018,0.8405161570541053,0.8274191396477513,0.73
469,468,tested_positive,0.5150223300439976,4,0.6,0.9923076923076924,0.6011560693641618,1.0,0.7692307692307693,0.4315905415192616,0.4315905415192616,0.4639999999999999,0.7673611111111112,1.0,0.7038987705021721,0.996268656716418,0.9555969004473036,0.004,1.0,0.6666666666666666,0.7910559625183431,0.9769820971867008,0.2,1.0,0.4535921187446113,0.5172772918353302,0.2489966091560733,0.49
470,469,tested_negative,0.7826771113974585,6,0.7,0.9846153846153848,0.7246376811594203,0.6666666666666666,0.6153846153846154,0.6757370764463859,0.6757370764463859,0.0,0.5659722222222222,1.0,0.5425588255425686,0.998,0.8547800023299522,0.0074626865671641,1.0,0.725925925925926,0.8082478157764547,0.9629629629629632,0.4,0.0,0.1935891257646221,0.1605497704454473,0.179798435405179,0.37
471,470,tested_negative,0.638082596689157,5,0.5,0.8846153846153846,0.7246376811594203,0.6666666666666666,0.6923076923076923,0.4714211399080558,0.4714211399080558,0.0,0.5659722222222222,0.5,0.5391850772847013,0.998,0.8498699179006094,0.003731343283582,0.998,0.6666666666666666,0.7754270490491675,0.8571428571428571,0.4,0.0,0.5300027722320022,0.4047482555574222,0.3567533920756338,0.48
472,471,tested_negative,0.402477616265534,2,0.2,1.0,0.7246376811594203,0.6666666666666666,0.9230769230769232,0.1898709832184478,0.1898709832184478,0.0,0.5659722222222222,1.0,0.7628125281162711,0.998,0.9566199220971262,0.003731343283582,0.996,0.6666666666666666,0.7794343728790535,0.9264349232012934,0.8,0.0,0.8791809241837202,0.7414043879072653,0.7745489903158101,0.39
473,472,tested_negative,0.1702700810162071,0,0.1,0.9846153846153848,0.084870848708487,0.6666666666666666,0.7692307692307693,0.1539241945232479,0.1539241945232479,0.0,0.5659722222222222,0.5,0.5230922715352178,0.998,0.8952328122633262,0.0,0.984,0.6666666666666666,0.7932585817888597,0.9523809523809524,0.8,1.0,0.9316129029198827,0.7544842498426867,0.7922823611401875,0.7
474,473,tested_negative,0.3909539277112018,2,0.6,0.9923076923076924,0.3157894736842105,0.6666666666666666,0.5384615384615384,0.4679060701962596,0.4679060701962596,0.0,0.5659722222222222,0.5,0.5462103862949902,0.998,0.9334920540177538,0.0111940298507462,0.994,0.6666666666666666,0.812275473298922,0.97865072587532,0.4,1.0,0.5958643429862587,0.6060182236795966,0.5723938670669334,0.48
475,474,tested_negative,0.1056686596161674,0,0.2,0.0,0.084870848708487,0.6666666666666666,0.4615384615384615,0.1308742222463921,0.1308742222463921,0.0,0.5659722222222222,0.3333333333333333,0.4393875335184057,0.992,0.9061896034129155,0.0,0.984,0.6666666666666666,0.8007788949941994,0.995655951346655,1.0,1.0,0.9511592895177038,0.8280322000155776,0.8267965527697145,0.76
476,475,tested_negative,0.2876853616782284,1,0.7,0.9,0.3157894736842105,0.6666666666666666,0.4615384615384615,0.2918623473467765,0.2918623473467765,0.0,0.5659722222222222,0.0,0.4237690401516659,0.994,0.7954415787385556,0.0,0.998,0.6666666666666666,0.7985015197709282,0.9769820971867008,0.4,1.0,0.7399956317305141,0.7744517230778949,0.6794404751222206,0.68
477,476,tested_positive,0.8516235160526926,6,0.8,0.946153846153846,0.6011560693641618,1.0,0.6923076923076923,0.7216890351958313,0.7216890351958313,0.4639999999999999,0.7673611111111112,1.0,0.5636195921024901,0.996268656716418,0.8550608614355615,0.004,0.996268656716418,0.7428571428571428,0.8290982054126012,0.968058968058968,0.0,0.0,0.2208877575954347,0.1677759888318829,0.1415951572565264,0.36
478,477,tested_negative,0.1005653113529042,0,0.4,0.7076923076923076,0.048780487804878,1.0,0.3076923076923077,0.1542640936482757,0.1542640936482757,0.0,0.5659722222222222,0.5,0.4697508816616137,0.99,0.828484988583968,0.003731343283582,0.998,0.7395626242544732,0.84417410423686,0.9629629629629632,0.8,1.0,0.932890759984151,0.8447815832467613,0.8789357886516629,0.94
479,478,tested_negative,0.2542052303522849,1,0.4,0.7076923076923076,0.048780487804878,1.0,0.3076923076923077,0.2949244078250863,0.2949244078250863,0.0,0.5659722222222222,0.0,0.4409198805094237,0.992,0.8286997101117802,0.003731343283582,0.998,0.6816730038022814,0.8450121704013563,0.9542048293089092,0.4,1.0,0.7223770209616027,0.7456476842105608,0.7867439127141268,0.82
480,479,tested_negative,0.2769950661824106,0,0.4,0.9,0.3157894736842105,0.6666666666666666,0.4615384615384615,0.3606729109023977,0.3606729109023977,0.0,0.5659722222222222,0.0,0.4911346593231577,0.994,0.8302387295054497,0.0,0.996,0.6666666666666666,0.8257446182502037,0.9887834339948232,0.6,1.0,0.6450073947353689,0.6557778857487766,0.78724432242139,0.65
481,480,tested_positive,0.2356155442930712,0,0.5,0.6461538461538461,0.2753623188405797,0.6666666666666666,0.4615384615384615,0.2881551935832827,0.2881551935832827,0.4639999999999999,0.7673611111111112,0.5,0.5376430938169914,0.996268656716418,0.8627878094078122,0.0,0.996268656716418,0.7216229270648848,0.8545101956928435,1.0,0.6,1.0,0.9485098678514436,0.6268083203197125,0.7109885460704165,0.7
482,481,tested_negative,0.3430408257644053,1,0.2,0.9384615384615383,0.3988439306358381,1.0,0.6153846153846154,0.2109754646956914,0.2109754646956914,0.0,0.5659722222222222,0.0,0.4835679322936231,0.994,0.8544704502187942,0.0,0.996,0.6666666666666666,0.7798711266930424,0.8974158183241973,0.8,0.0,0.8306915810190499,0.7724720422046571,0.8085914221898614,0.73
483,482,tested_negative,0.0481765131028607,0,0.0,0.0,0.084870848708487,0.6666666666666666,0.4615384615384615,0.1177013306720772,0.1177013306720772,0.0,0.5659722222222222,0.0,0.395959886063252,0.964,0.8472801295883069,0.0,0.954,0.697282099343955,0.8475800524617603,0.9913043478260868,1.0,1.0,0.9763617912965,0.917224587676643,0.8873545424096932,0.93
484,483,tested_negative,0.1104067397227684,0,0.1,0.676923076923077,0.084870848708487,0.6666666666666666,0.5384615384615384,0.134631931432403,0.134631931432403,0.0,0.5659722222222222,0.5,0.5403655905128206,0.998,0.8990550674054689,0.003731343283582,0.986,0.6666666666666666,0.7989741975476178,0.9836065573770492,0.8,1.0,0.9456454694737048,0.9325026693567058,0.8794114228329782,0.78
485,484,tested_positive,0.1817082332835856,0,0.2,0.9538461538461538,0.2753623188405797,0.6666666666666666,0.6153846153846154,0.3164464390040371,0.3164464390040371,0.4639999999999999,0.7673611111111112,0.0,0.3077023754726203,0.9701492537313432,0.7939233684087965,0.0,0.9850746268656716,0.6666666666666666,0.728590574404633,0.8090349075975358,0.8,1.0,0.7670321696720537,0.8324950900778012,0.8402233405486316,0.67
486,485,tested_positive,0.7658457797154631,6,0.7,0.9769230769230768,0.2753623188405797,0.6666666666666666,0.5384615384615384,0.4911506069844858,0.4911506069844858,0.4639999999999999,0.7673611111111112,0.75,0.5346977366282669,0.996268656716418,0.8774924068520825,0.01,0.996268656716418,0.6666666666666666,0.7929984806678603,0.912,0.0,0.0,0.4419568349574145,0.3817064312934008,0.2612620554564064,0.32
487,486,tested_negative,0.4063311884877004,2,0.6,0.9692307692307692,0.7246376811594203,0.6666666666666666,0.8461538461538461,0.7480489187861775,0.7480489187861775,0.0,0.5659722222222222,0.6666666666666666,0.3856424629162474,0.996,0.8105596872010649,0.003731343283582,0.998,0.6666666666666666,0.808819720259975,0.957983193277311,0.6,1.0,0.1047757870239442,0.6277148167354494,0.7595222653144037,0.47
488,487,tested_negative,0.9349321553052272,6,0.9,1.0,0.7246376811594203,0.6666666666666666,0.6923076923076923,0.7531617643067315,0.7531617643067315,0.0,0.5659722222222222,1.0,0.5898892602153348,0.998,0.8139226837500978,0.0,1.0,0.6666666666666666,0.8270411448289329,0.9783889980353634,0.0,0.0,0.001136088792166,0.0668062132884118,0.2324647660880588,0.09
489,488,tested_negative,0.0419086395378619,0,0.0,0.0,0.084870848708487,0.6666666666666666,0.4615384615384615,0.1192059412273779,0.1192059412273779,0.0,0.5659722222222222,0.0,0.4553466179127646,0.976,0.868608146396339,0.0,0.944,0.6666666666666666,0.8256219470774716,0.9974683544303796,1.0,1.0,0.9800677393551112,0.9196749891604634,0.8788054342572539,0.97
490,489,tested_negative,0.7981891748421684,6,0.4,0.9769230769230768,0.3157894736842105,0.6666666666666666,0.3846153846153846,0.7447530259096398,0.7447530259096398,0.0,0.5659722222222222,0.0,0.4733625753274145,0.996,0.8442743125355874,0.0,1.0,0.6666666666666666,0.7701366992841457,0.9573934837092732,0.4,0.0,0.0512691682941825,0.1044560869653983,0.2751396956874083,0.38
491,490,tested_negative,0.0564079765213065,0,0.1,0.946153846153846,0.084870848708487,0.6666666666666666,0.5384615384615384,0.1320878353044143,0.1320878353044143,0.0,0.5659722222222222,0.25,0.4721134620413708,0.994,0.8940024624515146,0.003731343283582,0.964,0.6950354609929077,0.8307135574796778,0.9677419354838712,1.0,1.0,0.9601204608609551,0.8757212841189823,0.9057103958922236,0.92
492,491,tested_negative,0.0662379124092368,0,0.3,0.7846153846153846,0.3988439306358381,1.0,0.6153846153846154,0.1629698927968335,0.1629698927968335,0.0,0.5659722222222222,0.0,0.4448785798865333,0.992,0.8335194972212912,0.0,0.994,0.6666666666666666,0.8380080268028606,1.0,1.0,1.0,0.9342414700385364,0.9233180975850364,0.8950129579210063,0.85
493,492,tested_negative,0.1232051589638266,0,0.1,0.9846153846153848,0.3988439306358381,1.0,0.6923076923076923,0.1551943947574894,0.1551943947574894,0.0,0.5659722222222222,0.0,0.4258932133555217,0.984,0.823496441628683,0.0,0.99,0.6666666666666666,0.8380721454122761,0.9974683544303796,0.8,1.0,0.9089392873165696,0.8536189668175106,0.8982107920829601,0.8
494,493,tested_positive,0.3830649801033486,2,0.7,0.946153846153846,0.6011560693641618,1.0,0.6923076923076923,0.5030707915175505,0.5030707915175505,0.4639999999999999,0.7673611111111112,1.0,0.5435562294778427,0.996268656716418,0.8120126902051659,0.0,1.0,0.7484909456740443,0.8946477353171142,0.995655951346655,0.4,1.0,0.648799813817453,0.4864494965774166,0.5763608089850393,0.59
495,494,tested_negative,0.0645404481450597,0,0.0,0.0,0.084870848708487,0.6666666666666666,0.4615384615384615,0.106830023007811,0.106830023007811,0.0,0.5659722222222222,0.0,0.1363766849341978,0.978,0.8155863833182019,0.0,0.994,0.6666666666666666,0.7160913764290552,0.91415313225058,0.8,1.0,0.999728705768603,0.9926993640194676,0.840329241341571,0.98
496,495,tested_negative,0.4583328155241063,2,0.4,0.9769230769230768,0.3157894736842105,0.6666666666666666,0.3846153846153846,0.63220768250607,0.63220768250607,0.0,0.5659722222222222,0.5,0.3972429892642456,0.992,0.8706519243698538,0.0074626865671641,0.992,0.6666666666666666,0.7867835350077984,0.9654591406908172,0.6,1.0,0.2373799844768951,0.2959549762678581,0.5266681461106084,0.59
497,496,tested_negative,0.108920403852084,0,0.3,0.7076923076923076,0.048780487804878,1.0,0.3076923076923077,0.133047421773322,0.133047421773322,0.0,0.5659722222222222,0.0,0.3457461199976048,0.994,0.917036811925674,0.0,0.988,0.6666666666666666,0.8139942898840866,0.9557964970809008,0.8,1.0,0.945239196405526,0.8407841408686205,0.8404542396133495,0.92
498,497,tested_negative,0.034838742283195,0,0.0,0.0,0.084870848708487,0.6666666666666666,0.4615384615384615,0.1179802326910006,0.1179802326910006,0.0,0.5659722222222222,0.0,0.3120211218630236,0.95,0.8375042142667085,0.0,0.94,0.7050359712230216,0.81410321878803,0.97531914893617,1.0,1.0,0.9804958968067586,0.9443326608186864,0.916138988675384,0.95
499,498,tested_positive,0.2664505007580592,1,0.5,0.9230769230769232,0.6842105263157895,0.6666666666666666,0.5384615384615384,0.2615452840462691,0.2615452840462691,0.4639999999999999,0.7673611111111112,0.0,0.497362414502865,0.9925373134328358,0.7667722806782896,0.0,1.0,0.6712095400340715,0.8389448398420922,0.9629629629629632,0.4,1.0,0.9602405029730716,0.8279148485109866,0.6431416439675868,0.57
500,499,tested_negative,0.6851854932560886,5,0.5,0.9846153846153848,0.3157894736842105,0.6666666666666666,0.6153846153846154,0.6621493394721912,0.6621493394721912,0.0,0.5659722222222222,0.6666666666666666,0.5525913130675243,0.998,0.8589204339131388,0.0111940298507462,0.998,0.7801980198019802,0.8896652061827888,0.9887834339948232,0.6,0.0,0.2959151681640665,0.3945667288949047,0.1984051434044972,0.4
501,500,tested_negative,0.049306689370041,0,0.0,0.0,0.084870848708487,0.6666666666666666,0.4615384615384615,0.1228029374956627,0.1228029374956627,0.0,0.5659722222222222,0.0,0.371538611930168,0.926,0.8121519859107013,0.0,0.968,0.6666666666666666,0.7892399802176236,0.94320987654321,1.0,1.0,0.9722994484636004,0.9172183577467388,0.9346420575694152,0.88
502,501,tested_negative,0.0629265988480297,0,0.2,0.8846153846153846,0.084870848708487,0.6666666666666666,0.6923076923076923,0.1362409173572519,0.1362409173572519,0.0,0.5659722222222222,0.0,0.4198722172686061,0.99,0.8654155761383979,0.0,0.986,0.6666666666666666,0.818576919095597,0.9677419354838712,1.0,1.0,0.9386504678535325,0.8704192523684235,0.8933706866898659,0.92
503,502,tested_positive,0.6518067835311985,5,0.8,0.9923076923076924,0.6011560693641618,1.0,0.3846153846153846,0.6584789335462204,0.6584789335462204,0.4639999999999999,0.7673611111111112,0.0,0.4302221239674191,0.9925373134328358,0.7807744971031045,0.0,0.996268656716418,0.6666666666666666,0.8299252146314083,0.9629629629629632,0.2,1.0,0.2133542105012047,0.0185452371255759,0.3472598511860282,0.31
504,503,tested_negative,0.4170017912960554,1,0.2,0.7846153846153846,0.3988439306358381,1.0,0.6153846153846154,0.2509768996455183,0.2509768996455183,0.0,0.5659722222222222,0.3333333333333333,0.4567311926425883,0.996,0.8401994908869505,0.0,0.992,0.7174541947926711,0.8988271826204414,0.977667493796526,0.6,0.0,0.8288960571856002,0.737177120822748,0.6619160742153188,0.67
505,504,tested_negative,0.0970575755634182,0,0.1,0.7846153846153846,0.3988439306358381,1.0,0.6153846153846154,0.1967743743859014,0.1967743743859014,0.0,0.5659722222222222,0.0,0.3108961212632816,0.98,0.8142396271595911,0.0,0.986,0.6666666666666666,0.8277188939153322,0.9874686716791982,1.0,1.0,0.8700404793190404,0.8148929753688305,0.8527210919316197,0.88
506,505,tested_negative,0.21032065669913,0,0.3,0.7846153846153846,0.3988439306358381,1.0,0.6153846153846154,0.2669149915476685,0.2669149915476685,0.0,0.5659722222222222,0.0,0.4306748849822327,0.996,0.8875484661281743,0.0,0.994,0.6666666666666666,0.7912819508860864,0.9249394673123488,0.6,1.0,0.6910633897414935,0.8163595249300608,0.8406531451336658,0.79
507,506,tested_positive,0.2123889657555514,0,0.4,0.6461538461538461,0.2753623188405797,0.6666666666666666,0.4615384615384615,0.3205649982126507,0.3205649982126507,0.4639999999999999,0.7673611111111112,0.0,0.4229127469707863,0.9776119402985076,0.7645731753236875,0.0,0.996268656716418,0.6666666666666666,0.7787425893219975,0.9375,0.8,1.0,0.7528356016904871,0.6308038378082687,0.8220267659679352,0.72
508,507,tested_negative,0.1129052186302189,0,0.1,0.9076923076923076,0.3157894736842105,0.6666666666666666,0.3076923076923077,0.1712584799626297,0.1712584799626297,0.0,0.5659722222222222,0.0,0.3244232052541154,0.988,0.842803052974781,0.0,0.972,0.6666666666666666,0.8374606641672947,0.9991281604184832,1.0,1.0,0.8898737297529755,0.7575355840893679,0.8251593743763435,0.85
509,508,tested_negative,0.0952232399756275,0,0.1,0.8692307692307693,0.084870848708487,0.6666666666666666,0.5384615384615384,0.1345796696370462,0.1345796696370462,0.0,0.5659722222222222,0.0,0.4123775761953622,0.986,0.827632037532187,0.0,0.988,0.6666666666666666,0.8459335705892038,0.970364098221846,0.8,1.0,0.9641076914973236,0.8973881903944478,0.8771646782544638,0.89
510,509,tested_negative,0.1522615167458599,0,0.1,0.7076923076923076,0.048780487804878,1.0,0.3076923076923077,0.3396783184123486,0.3396783184123486,0.0,0.5659722222222222,0.0,0.3624379562805142,0.984,0.8585766784162059,0.0,0.984,0.6666666666666666,0.7973777417590676,0.9401148482362592,1.0,1.0,0.6124609502867706,0.6481976938703864,0.8957722553676837,0.93
511,510,tested_positive,0.8653065850912276,6,0.8,1.0,0.6011560693641618,1.0,0.6153846153846154,0.5735516654600339,0.5735516654600339,0.4639999999999999,0.7673611111111112,1.0,0.5979370703161964,0.996268656716418,0.8954301110306668,0.008,1.0,0.6666666666666666,0.8563634327478765,0.98989898989899,0.0,0.0,0.3517598355367607,0.194043293946099,0.1023573599697749,0.16
512,511,tested_negative,0.0784831325048304,0,0.0,0.9076923076923076,0.3157894736842105,0.6666666666666666,0.3076923076923077,0.1455749031972133,0.1455749031972133,0.0,0.5659722222222222,0.0,0.2842988381783324,0.958,0.7880252192410113,0.0,0.984,0.6666666666666666,0.7940561593848351,0.957983193277311,1.0,1.0,0.9267367888944844,0.8707246584159957,0.8416397576605379,0.89
513,512,tested_negative,0.0764139849178318,0,0.2,0.7076923076923076,0.048780487804878,1.0,0.3076923076923077,0.2110345531325562,0.2110345531325562,0.0,0.5659722222222222,0.0,0.3330992003123612,0.984,0.8418141181766762,0.0,0.988,0.6666666666666666,0.8077119931225196,0.9633251833740832,1.0,1.0,0.8262591332332263,0.8237644334178298,0.9314925238419532,0.96
514,513,tested_negative,0.0437725968743948,0,0.1,0.0,0.084870848708487,0.6666666666666666,0.4615384615384615,0.1156205737343287,0.1156205737343287,0.0,0.5659722222222222,0.0,0.4086711229972901,0.986,0.8919787379393656,0.0,0.952,0.6666666666666666,0.8020784817510777,0.9769820971867008,1.0,1.0,0.9804395919719586,0.9214470355950036,0.9054777911866696,0.93
515,514,tested_negative,0.0269427051619152,0,0.0,0.0,0.084870848708487,0.6666666666666666,0.4615384615384615,0.1154159628243426,0.1154159628243426,0.0,0.5659722222222222,0.0,0.3437357322523199,0.954,0.851745148196096,0.0,0.924,0.6800182066454256,0.8314527223324754,0.9974683544303796,1.0,1.0,0.9841356274313984,0.9324495916118236,0.9317585499852864,0.99
516,515,tested_positive,0.6160905216452588,4,0.5,0.9692307692307692,0.2753623188405797,0.6666666666666666,0.6923076923076923,0.6216621189938591,0.6216621189938591,0.4639999999999999,0.7673611111111112,0.3333333333333333,0.3517090947551515,0.9888059701492538,0.8604924175214073,0.0,0.9925373134328358,0.7043847241867044,0.8000456518940284,0.9510373443983402,0.4,0.0,0.3608221896585778,0.4869165945668449,0.5257180859030242,0.53
517,516,tested_positive,0.2273529356661784,0,0.3,0.823076923076923,0.2753623188405797,0.6666666666666666,0.5384615384615384,0.2849486607317535,0.2849486607317535,0.4639999999999999,0.7673611111111112,0.0,0.4497024799951497,0.9925373134328358,0.8099069987902555,0.0,0.9813432835820896,0.7823343848580441,0.853714374088351,0.9720101781170484,0.6,1.0,0.904633857755433,0.6729897582994023,0.6382587699480946,0.82
518,517,tested_negative,0.4661884844804608,4,0.7,0.8923076923076922,0.3988439306358381,1.0,0.8461538461538461,0.4980913344742821,0.4980913344742821,0.0,0.5659722222222222,0.0,0.4436582542981312,0.994,0.8967846321794378,0.0,0.992,0.6666666666666666,0.8064206802441161,0.9629629629629632,0.4,1.0,0.4665368081881481,0.4227940372785651,0.3235382476505219,0.59
519,518,tested_negative,0.3055134003330709,1,0.2,0.7846153846153846,0.3988439306358381,1.0,0.6153846153846154,0.4826721531408262,0.4826721531408262,0.0,0.5659722222222222,1.0,0.5113092096855325,0.998,0.8804458059481204,0.0,1.0,0.6666666666666666,0.8007040569008955,0.9743589743589742,0.6,1.0,0.4419577864368714,0.7202475707158337,0.7447142408488693,0.66
520,519,tested_negative,0.43137917703814,3,0.5,0.9076923076923076,0.3157894736842105,0.6666666666666666,0.3076923076923077,0.6175173917885048,0.6175173917885048,0.0,0.5659722222222222,1.0,0.5612433263615073,0.998,0.7559445369502581,0.0,1.0,0.7228915662650602,0.8357304506679986,0.9629629629629632,0.2,1.0,0.3930280493370012,0.8197589836979415,0.3789379047362172,0.62
521,520,tested_negative,0.0271596757211204,0,0.1,0.0,0.084870848708487,0.6666666666666666,0.4615384615384615,0.1116173603080781,0.1116173603080781,0.0,0.5659722222222222,0.0,0.4254292738093111,0.982,0.8474891946681642,0.0,0.958,0.6868965517241379,0.8143487174131897,0.9677419354838712,1.0,1.0,0.9877305061272466,0.9802990749256772,0.889012364620353,0.98
522,521,tested_negative,0.1582487984273332,0,0.5,0.676923076923077,0.084870848708487,0.6666666666666666,0.5384615384615384,0.1903138815602874,0.1903138815602874,0.0,0.5659722222222222,0.3333333333333333,0.5330466256585958,0.998,0.8706721625709832,0.0,0.99,0.7126729209731277,0.8208462491073634,0.9523809523809524,0.8,1.0,0.8826732323106955,0.7785814311572016,0.8492525459681038,0.74
523,522,tested_negative,0.0531161030329708,0,0.1,0.0,0.084870848708487,0.6666666666666666,0.4615384615384615,0.1114276178495899,0.1114276178495899,0.0,0.5659722222222222,0.3333333333333333,0.3562681740300863,0.996,0.913974201508531,0.003731343283582,0.99,0.6666666666666666,0.7449168520425677,0.9629629629629632,1.0,1.0,0.9979315457791844,0.9641081076243264,0.8092637283986635,0.91
524,523,tested_positive,0.3090090266739257,1,0.4,0.823076923076923,0.2753623188405797,0.6666666666666666,0.5384615384615384,0.4257230052832145,0.4257230052832145,0.4639999999999999,0.7673611111111112,0.0,0.4351654276003051,0.9888059701492538,0.8666783263751971,0.0,0.9925373134328358,0.6666666666666666,0.8293113891071746,0.98989898989899,0.4,1.0,0.6940096895457564,0.7033218886348541,0.7186142617758358,0.63
525,524,tested_negative,0.397314102147836,1,0.3,0.9846153846153848,0.084870848708487,0.6666666666666666,0.7692307692307693,0.1482127131753747,0.1482127131753747,0.0,0.5659722222222222,0.5,0.5697203081455607,0.998,0.944504892314204,0.003731343283582,0.986,0.6666666666666666,0.7899275961144959,0.9913043478260868,0.6,0.0,0.9402176709552722,0.7490170318931005,0.716880684264611,0.61
526,525,tested_negative,0.0347674917774399,0,0.0,0.0,0.084870848708487,0.6666666666666666,0.4615384615384615,0.109953040174858,0.109953040174858,0.0,0.5659722222222222,0.0,0.4212440540705461,0.978,0.8745157091474285,0.0,0.922,0.6666666666666666,0.8140750722108481,0.9743589743589742,1.0,1.0,0.9922968194460722,0.9547964607679228,0.8643017691213644,0.98
527,526,tested_negative,0.0149137456399021,0,0.0,0.0,0.084870848708487,0.6666666666666666,0.4615384615384615,0.1085671619431899,0.1085671619431899,0.0,0.5659722222222222,0.0,0.266145929275918,0.852,0.8178951794623667,0.0,0.904,0.6666666666666666,0.8032049727853278,0.9924433249370276,1.0,1.0,0.99565615306136,0.9739809115569944,0.9408804615422331,1.0
528,527,tested_negative,0.0483116742219448,0,0.1,0.0,0.084870848708487,0.6666666666666666,0.4615384615384615,0.1248679269806307,0.1248679269806307,0.0,0.5659722222222222,0.0,0.3729976100819161,0.98,0.8466923775780841,0.0,0.962,0.6704562453253553,0.8048153731615506,0.9606035205364628,1.0,1.0,0.964147141216748,0.8962741743750432,0.8897086390765401,0.96
529,528,tested_negative,0.1256030482636312,0,0.2,0.0,0.084870848708487,0.6666666666666666,0.4615384615384615,0.1565754429713689,0.1565754429713689,0.0,0.5659722222222222,0.3333333333333333,0.4704056279974256,0.994,0.8721227180135601,0.003731343283582,0.982,0.6666666666666666,0.8363334818320468,0.9836065573770492,0.8,1.0,0.9273938500063764,0.867588329085541,0.8413995313262951,0.81
530,529,tested_negative,0.076715709936709,0,0.1,0.7076923076923076,0.048780487804878,1.0,0.3076923076923077,0.1305173102431662,0.1305173102431662,0.0,0.5659722222222222,0.0,0.4163060968778804,0.98,0.8450469572732506,0.0,0.988,0.6666666666666666,0.7979711264121621,0.9403341288782816,1.0,1.0,0.9585922667681432,0.876030782159501,0.8350826914521016,0.87
531,530,tested_negative,0.092571820975896,0,0.0,0.8692307692307693,0.084870848708487,0.6666666666666666,0.5384615384615384,0.1486851260564765,0.1486851260564765,0.0,0.5659722222222222,0.0,0.3998814703531939,0.97,0.8366241459780457,0.0,0.97,0.6758620689655173,0.8321152963939424,0.9803250641573996,1.0,1.0,0.9345872318519473,0.7632930791257839,0.8566887631668934,0.89
532,531,tested_negative,0.2725865011828631,0,0.2,0.9846153846153848,0.084870848708487,0.6666666666666666,0.6923076923076923,0.2024280445954485,0.2024280445954485,0.0,0.5659722222222222,1.0,0.5708731645558283,0.998,0.9003995004266463,0.0,1.0,0.6666666666666666,0.7620739785878244,0.9586374695863747,0.6,1.0,0.8366052951659105,0.6456315439473459,0.6922441537895653,0.59
533,532,tested_negative,0.1846470279467057,0,0.2,0.9846153846153848,0.3988439306358381,1.0,0.5384615384615384,0.3070930137120835,0.3070930137120835,0.0,0.5659722222222222,0.0,0.3996650303555638,0.992,0.8029865344969688,0.0,0.992,0.7027027027027026,0.8077018935740135,0.9403341288782816,0.8,1.0,0.7325496871490508,0.7733439128578625,0.8062242323128522,0.78
534,533,tested_negative,0.28157606468464,1,0.4,0.7846153846153846,0.3988439306358381,1.0,0.6153846153846154,0.2933546911279907,0.2933546911279907,0.0,0.5659722222222222,0.3333333333333333,0.5995176397894583,0.998,0.9612650361373916,0.003731343283582,0.996,0.6666666666666666,0.8047892794464906,0.9803250641573996,0.4,1.0,0.814088179062386,0.7479548766080213,0.6285005562217532,0.72
535,534,tested_negative,0.1356698295093784,0,0.2,0.946153846153846,0.084870848708487,0.6666666666666666,0.5384615384615384,0.214531302911977,0.214531302911977,0.0,0.5659722222222222,0.5,0.4594602730833894,0.994,0.8313541446677106,0.003731343283582,0.994,0.6950354609929077,0.8623573527235575,1.0,0.8,1.0,0.8754225832157543,0.8786297596582409,0.8719286800697347,0.76
536,535,tested_positive,0.5283268000349786,2,0.5,0.9307692307692308,0.2753623188405797,0.6666666666666666,0.3846153846153846,0.5904989411006998,0.5904989411006998,0.4639999999999999,0.7673611111111112,1.0,0.5352793485638734,0.996268656716418,0.894105689327258,0.002,0.9925373134328358,0.6666666666666666,0.7527040287099166,0.9309504467912266,0.8,0.0,0.4112159575651181,0.5070260216704073,0.5717972205546028,0.54
537,536,tested_negative,0.4472467899480951,2,0.6,0.9538461538461538,0.3988439306358381,1.0,0.7692307692307693,0.1671165880941733,0.1671165880941733,0.0,0.5659722222222222,0.0,0.3615627120510495,0.996,0.888296243668456,0.003731343283582,0.998,0.6666666666666666,0.8007709505248303,0.98989898989899,0.2,0.0,0.8896380045445196,0.8873309097007793,0.5695503460661305,0.77
538,537,tested_negative,0.1247246962555004,0,0.2,0.7076923076923076,0.048780487804878,1.0,0.3076923076923077,0.1300561011550512,0.1300561011550512,0.0,0.5659722222222222,1.0,0.5239801134578492,0.998,0.8377642827761267,0.0,0.998,0.6666666666666666,0.7765981798633131,0.9743589743589742,0.8,1.0,0.9409948210657012,0.9684383453269328,0.7622186560743629,0.78
539,538,tested_negative,0.4530041728918469,1,0.2,0.9,0.084870848708487,0.6666666666666666,0.6153846153846154,0.3936242805361837,0.3936242805361837,0.0,0.5659722222222222,0.0,0.4513238421856302,0.992,0.8364148094240166,0.003731343283582,0.996,0.6666666666666666,0.8129678386497308,0.8955223880597015,0.8,0.0,0.5615012595717038,0.6847589776609923,0.6257147254162229,0.61
540,539,tested_positive,0.3890841369946634,3,0.3,0.823076923076923,0.2753623188405797,0.6666666666666666,0.5384615384615384,0.3662180255547445,0.3662180255547445,0.4639999999999999,0.7673611111111112,0.5,0.4832269825052833,0.9925373134328358,0.8343485933737096,0.0,0.9888059701492538,0.759493670886076,0.8150680541613543,0.9030828128148296,0.4,1.0,0.7419947945405729,0.4475243676953117,0.4059760157961354,0.67
541,540,tested_positive,0.6212192064648197,5,0.5,0.9076923076923076,0.6011560693641618,1.0,0.4615384615384615,0.3984885920665392,0.3984885920665392,0.4639999999999999,0.7673611111111112,1.0,0.5297084678789852,0.996268656716418,0.8311021046199313,0.002,1.0,0.8036578805809576,0.879907274168765,0.9924433249370276,0.4,0.0,0.5986153607790764,0.4094813947437309,0.3845880056882752,0.48
542,541,tested_positive,0.8467829470216975,6,0.8,0.9923076923076924,0.2753623188405797,0.6666666666666666,0.8461538461538461,0.7624477230754326,0.7624477230754326,0.4639999999999999,0.7673611111111112,1.0,0.6754271786528977,0.996268656716418,0.925970531710244,0.01,1.0,0.725925925925926,0.8381269766295447,0.9385749385749388,0.0,0.0,0.1859892671159085,0.3083267971222914,0.1749862536316146,0.25
543,542,tested_positive,0.4249779392685867,4,0.4,0.9846153846153848,0.6011560693641618,1.0,0.6153846153846154,0.3992981972702402,0.3992981972702402,0.4639999999999999,0.7673611111111112,0.0,0.4838410151727738,0.9925373134328358,0.8187073046838469,0.002,0.996268656716418,0.6666666666666666,0.8453500430070722,0.9677419354838712,0.4,1.0,0.7685454745787587,0.4849733698729399,0.386613519936781,0.41
544,543,tested_negative,0.1005565726625836,0,0.1,0.676923076923077,0.084870848708487,0.6666666666666666,0.5384615384615384,0.1452392673909591,0.1452392673909591,0.0,0.5659722222222222,1.0,0.5056669251958821,0.998,0.8338923482860708,0.0,0.996,0.6810515119282783,0.7962438744144538,0.9314420803782504,0.8,1.0,0.9342555233692336,0.8867706040502004,0.9156344366050638,0.86
545,544,tested_negative,0.0463620741356985,0,0.0,0.7846153846153846,0.3988439306358381,1.0,0.6153846153846154,0.1265348794151637,0.1265348794151637,0.0,0.5659722222222222,0.0,0.4321391094478845,0.978,0.8498427864584093,0.0,0.958,0.7027027027027026,0.8268660579998671,0.9836065573770492,1.0,1.0,0.9648680297131346,0.9338647433546295,0.8730947821180438,0.95
546,545,tested_positive,0.0550191563254954,0,0.0,0.6461538461538461,0.2753623188405797,0.6666666666666666,0.4615384615384615,0.2514872297720671,0.2514872297720671,0.4639999999999999,0.7673611111111112,0.0,0.4215817413517937,0.9477611940298508,0.7294552382715147,0.0,0.9850746268656716,0.6924428822495606,0.8278243973032231,0.9230769230769232,1.0,1.0,0.9832435871435732,0.8514536554592292,0.9051878194442244,0.93
547,546,tested_positive,0.1033985398244404,0,0.3,0.9692307692307692,0.2753623188405797,0.6666666666666666,0.6923076923076923,0.2470797187595682,0.2470797187595682,0.4639999999999999,0.7673611111111112,0.5,0.441447391040314,0.9850746268656716,0.7851137508563858,0.002,0.9888059701492538,0.6900175131348512,0.8503336681293451,0.9523809523809524,0.6,1.0,0.995249085088219,0.9680328411767918,0.9063268347883462,0.91
548,547,tested_negative,0.3963582992156019,1,0.4,1.0,0.7246376811594203,0.6666666666666666,0.8461538461538461,0.2233707329757073,0.2233707329757073,0.0,0.5659722222222222,0.0,0.4622555586937142,0.992,0.8444920758669707,0.0,0.99,0.6812585499316005,0.8259820583723242,0.9279352226720649,0.8,0.0,0.8069625211547302,0.6689633054802504,0.8159243780714073,0.53
549,548,tested_negative,0.7383868767807145,5,0.8,0.9846153846153848,0.7246376811594203,0.6666666666666666,0.6153846153846154,0.6401096876513109,0.6401096876513109,0.0,0.5659722222222222,1.0,0.5787462787734936,0.998,0.8081904005197732,0.0111940298507462,1.0,0.7027027027027026,0.7967209061857097,0.93246541903987,0.6,0.0,0.2406150677441577,0.3844969723154013,0.1745666992561546,0.17
550,549,tested_negative,0.8604425091836674,6,0.7,0.9769230769230768,0.3157894736842105,0.6666666666666666,0.5384615384615384,0.7356310634649901,0.7356310634649901,0.0,0.5659722222222222,1.0,0.5090271404298771,0.998,0.787136305913887,0.003731343283582,1.0,0.6666666666666666,0.8144461626071826,0.9973890339425586,0.0,0.0,0.0426299353178667,0.2120976210795156,0.1426173885006136,0.44
551,550,tested_negative,0.0509337285080121,0,0.1,0.0,0.084870848708487,0.6666666666666666,0.4615384615384615,0.1213795024143503,0.1213795024143503,0.0,0.5659722222222222,0.0,0.4186513107267041,0.98,0.88409592725073,0.0,0.924,0.6666666666666666,0.8111219927468324,0.97865072587532,1.0,1.0,0.9740479506566246,0.8908452101838406,0.909504468111462,0.92
552,551,tested_negative,0.0578530495064435,0,0.0,0.946153846153846,0.084870848708487,0.6666666666666666,0.5384615384615384,0.1280952963056296,0.1280952963056296,0.0,0.5659722222222222,0.0,0.4076021385779297,0.976,0.8415520153393493,0.0,0.974,0.7050359712230216,0.8504116830538716,1.0,1.0,1.0,0.9651377968826134,0.9091177320108396,0.9086261740678852,0.87
553,552,tested_negative,0.1962611482334227,0,0.3,0.9769230769230768,0.3988439306358381,1.0,0.7692307692307693,0.2906570400742745,0.2906570400742745,0.0,0.5659722222222222,0.0,0.3809842144687938,0.988,0.8604572477484383,0.0,0.992,0.6666666666666666,0.7999683033361725,0.9853826311263972,0.8,1.0,0.7711953843047789,0.7367337531226963,0.8545039731719878,0.66
554,553,tested_negative,0.0329964611385033,0,0.0,0.0,0.084870848708487,0.6666666666666666,0.4615384615384615,0.1157531968722339,0.1157531968722339,0.0,0.5659722222222222,0.0,0.3405764050510441,0.888,0.8509557056691484,0.0,0.886,0.6853146853146853,0.8271730444956055,0.97865072587532,1.0,1.0,0.9815254155245048,0.9298190711950464,0.9006767464494283,0.99
555,554,tested_negative,0.0485983735259409,0,0.0,0.676923076923077,0.084870848708487,0.6666666666666666,0.5384615384615384,0.1331567338887924,0.1331567338887924,0.0,0.5659722222222222,0.0,0.3928659541700264,0.964,0.8334591442280863,0.0,0.974,0.7027027027027026,0.8223061000147288,0.9421487603305786,1.0,1.0,0.9642070124897182,0.8963456544734123,0.9078570918812237,0.94
556,555,tested_negative,0.21884249273171,0,0.2,0.7076923076923076,0.048780487804878,1.0,0.3076923076923077,0.3135310357579202,0.3135310357579202,0.0,0.5659722222222222,0.0,0.4062619121741109,0.99,0.7857946017090809,0.0,0.996,0.6814657138513,0.875706822798922,0.9629629629629632,0.8,1.0,0.7253222533625472,0.7763222711032731,0.7053005191439199,0.68
557,556,tested_negative,0.1180545902573407,0,0.1,0.7846153846153846,0.3988439306358381,1.0,0.6153846153846154,0.1583534263882979,0.1583534263882979,0.0,0.5659722222222222,0.5,0.5262587124871135,0.998,0.8788488759911565,0.003731343283582,0.986,0.6666666666666666,0.8035245290890645,0.9924433249370276,0.8,1.0,0.9096635978850112,0.8248834347663552,0.8771254258045887,0.88
558,557,tested_negative,0.389757636707808,1,0.1,0.9923076923076924,0.3988439306358381,1.0,0.9230769230769232,0.2926989208132891,0.2926989208132891,0.0,0.5659722222222222,0.0,0.4141568540454,0.988,0.8851488197367273,0.0,0.984,0.6666666666666666,0.8139487733198207,0.9853826311263972,0.8,0.0,0.7311744016359112,0.6927620526898226,0.787517725427418,0.65
559,558,tested_negative,0.5526828056579729,3,0.5,0.9538461538461538,0.3988439306358381,1.0,0.7692307692307693,0.6405821694128425,0.6405821694128425,0.0,0.5659722222222222,0.0,0.4848890681477651,0.994,0.8184510210056505,0.003731343283582,0.996,0.6666666666666666,0.816185963615266,0.977667493796526,0.8,0.0,0.3300881345411586,0.3545963050178573,0.6092187264931465,0.59
560,559,tested_negative,0.4393158627482224,1,0.3,0.7846153846153846,0.3988439306358381,1.0,0.6153846153846154,0.2711761641793297,0.2711761641793297,0.0,0.5659722222222222,0.25,0.440239277469476,0.996,0.8893868288418578,0.003731343283582,0.994,0.6666666666666666,0.7990845678029971,0.97531914893617,0.6,0.0,0.6950742238339435,0.7762179177870419,0.7628126818896798,0.53
561,560,tested_positive,0.5552941508029277,5,0.7,0.9923076923076924,0.6011560693641618,1.0,0.7692307692307693,0.6241497441980255,0.6241497441980255,0.4639999999999999,0.7673611111111112,0.5,0.5173344413039318,0.996268656716418,0.9114727544860126,0.008,1.0,0.6666666666666666,0.8097318889506917,0.9629629629629632,0.2,1.0,0.3423009489676462,0.4385122768666646,0.3074218693481239,0.38
562,561,tested_positive,0.0708113385465072,0,0.2,0.6461538461538461,0.2753623188405797,0.6666666666666666,0.4615384615384615,0.2515123744416985,0.2515123744416985,0.4639999999999999,0.7673611111111112,0.0,0.4580282574266391,0.9925373134328358,0.8118661469744691,0.0,0.9925373134328358,0.6644182124789206,0.803196315423644,0.9677419354838712,1.0,1.0,0.9873935184006084,0.8917881497960006,0.9259503005243483,0.77
563,562,tested_negative,0.0512261004687683,0,0.0,0.676923076923077,0.084870848708487,0.6666666666666666,0.5384615384615384,0.1317332487909237,0.1317332487909237,0.0,0.5659722222222222,0.0,0.3452923423244567,0.97,0.8627905333765971,0.0,0.948,0.6950354609929077,0.8135220908335256,0.9448441247002396,1.0,1.0,0.9550893157146544,0.8832884056965901,0.8842656757761457,0.97
564,563,tested_negative,0.1087498188233304,0,0.1,0.7846153846153846,0.3988439306358381,1.0,0.6153846153846154,0.1355479756508046,0.1355479756508046,0.0,0.5659722222222222,0.5,0.5047945065437328,0.998,0.8681110485837429,0.0,0.992,0.7005649717514125,0.8742259457252316,0.9974683544303796,0.8,1.0,0.9586755475457448,0.8567835778072678,0.8820419617070043,0.85
565,564,tested_negative,0.0921852162591764,0,0.2,0.9846153846153848,0.084870848708487,0.6666666666666666,0.6923076923076923,0.1320677557481685,0.1320677557481685,0.0,0.5659722222222222,0.0,0.441573361295575,0.992,0.879227869887426,0.0,0.984,0.6666666666666666,0.7808340867520026,0.9633251833740832,0.8,1.0,0.962458746051288,0.9267300765166672,0.887699879876986,0.87
566,565,tested_negative,0.075119614167721,0,0.1,0.8692307692307693,0.084870848708487,0.6666666666666666,0.5384615384615384,0.1190516882232191,0.1190516882232191,0.0,0.5659722222222222,0.0,0.2940698416392772,0.99,0.8786845830017089,0.0,0.944,0.6758620689655173,0.8344704435598738,0.9825436408977556,0.8,1.0,0.9756953917818456,0.8924250923867674,0.911161830825061,0.97
567,566,tested_negative,0.0912306051386707,0,0.1,0.8846153846153846,0.084870848708487,0.6666666666666666,0.6923076923076923,0.1339891933198389,0.1339891933198389,0.0,0.5659722222222222,0.0,0.4423390984742151,0.986,0.8722922873801469,0.0,0.962,0.6666666666666666,0.8147470837363516,1.0,0.8,1.0,0.956112630857107,0.8386587297973394,0.8978450085135288,0.96
568,567,tested_negative,0.3209000208880739,1,0.1,0.9538461538461538,0.3988439306358381,1.0,0.6923076923076923,0.2011930845212097,0.2011930845212097,0.0,0.5659722222222222,0.0,0.4080080361789751,0.99,0.804581993263816,0.0,0.996,0.6660722246990638,0.9011248089048056,0.98989898989899,0.8,0.0,0.858221850159398,0.8298762196022431,0.8665018049099154,0.72
569,568,tested_negative,0.6721907925455772,5,0.6,0.9692307692307692,0.7246376811594203,0.6666666666666666,0.6153846153846154,0.4378765009520783,0.4378765009520783,0.0,0.5659722222222222,0.5,0.4047054098921706,0.996,0.8508176239209402,0.0074626865671641,0.996,0.7202313996464728,0.8457440182646181,0.9836065573770492,0.4,0.0,0.5544907620255535,0.4576243107809579,0.2947401719200246,0.26
570,569,tested_positive,0.8132274225188639,6,0.8,0.946153846153846,0.6011560693641618,1.0,0.6153846153846154,0.7939040857095001,0.7939040857095001,0.4639999999999999,0.7673611111111112,0.0,0.4716479707976955,0.9888059701492538,0.8274332149955619,0.004,1.0,0.6666666666666666,0.8338250827105423,1.0,0.2,0.0,0.1704291011168123,0.221965734143542,0.248240629626462,0.28
571,570,tested_negative,0.175533688809319,1,0.5,0.7846153846153846,0.3988439306358381,1.0,0.6153846153846154,0.133456213589634,0.133456213589634,0.0,0.5659722222222222,0.0,0.4984386917736041,0.996,0.8733036749961856,0.0,0.998,0.6666666666666666,0.806168474291749,0.937040065412919,0.4,1.0,0.9625729292417272,0.9298566070381608,0.8543683308641974,0.8
572,571,tested_negative,0.0485066701558433,0,0.1,0.9,0.3157894736842105,0.6666666666666666,0.4615384615384615,0.1332075049477963,0.1332075049477963,0.0,0.5659722222222222,0.0,0.2351993745375085,0.982,0.8506920549951056,0.0,0.99,0.6666666666666666,0.7448728928114813,0.904498816101026,1.0,1.0,0.9554215946223364,0.9071182077822908,0.9164201766603128,0.93
573,572,tested_negative,0.0635085445903703,0,0.0,0.0,0.084870848708487,0.6666666666666666,0.4615384615384615,0.1275836800600651,0.1275836800600651,0.0,0.5659722222222222,0.0,0.4322296633043605,0.974,0.8522571824779298,0.0,0.968,0.6758620689655173,0.850071778716043,0.9913043478260868,1.0,1.0,0.9614806380915284,0.8202139683969358,0.8772541259693132,0.96
574,573,tested_negative,0.045956743800812,0,0.0,0.676923076923077,0.084870848708487,0.6666666666666666,0.5384615384615384,0.1253459217086827,0.1253459217086827,0.0,0.5659722222222222,0.0,0.28166449004712,0.886,0.8085646599329352,0.0,0.952,0.6758620689655173,0.8191464345716711,0.9974683544303796,1.0,1.0,0.9721617214940772,0.8853806566913507,0.9067171590096996,0.96
575,574,tested_negative,0.3909993697168306,1,0.2,0.8846153846153846,0.7246376811594203,0.6666666666666666,0.6923076923076923,0.6609149405051864,0.6609149405051864,0.0,0.5659722222222222,0.0,0.4103982440935615,0.99,0.7895766862325335,0.0,0.996,0.6853146853146853,0.8498856929514277,1.0,0.6,1.0,0.1298739083640655,0.6818630247657935,0.5122668485691574,0.73
576,575,tested_negative,0.3672667683038417,1,0.2,0.9846153846153848,0.084870848708487,0.6666666666666666,0.6153846153846154,0.1988020026265008,0.1988020026265008,0.0,0.5659722222222222,0.0,0.4126634750265461,0.99,0.8171381494217995,0.0,0.996,0.7027027027027026,0.7871459605952356,0.9057471264367816,0.8,0.0,0.8544959310738107,0.6836951615885183,0.6982082975146202,0.76
577,576,tested_negative,0.1769279041817668,0,0.2,0.7076923076923076,0.048780487804878,1.0,0.3076923076923077,0.188769922125823,0.188769922125823,0.0,0.5659722222222222,0.5,0.5154614883790055,0.998,0.8175431398669321,0.003731343283582,0.998,0.7545638945233266,0.8780952580123277,0.9629629629629632,0.8,1.0,0.8499587425506098,0.7250189785635084,0.7834548537952802,0.78
578,577,tested_positive,0.7475098976563448,6,0.6,0.9923076923076924,0.915129151291513,0.6666666666666666,0.7692307692307693,0.7827168973825872,0.7827168973825872,0.4639999999999999,0.7673611111111112,0.75,0.5525590101214926,0.996268656716418,0.9000270650841887,0.006,0.996268656716418,0.6666666666666666,0.7623413382081937,0.9099307159353348,0.4,0.0,0.1477581439640358,0.3933248653813487,0.3338576047165469,0.24
579,578,tested_negative,0.3707843169747973,1,0.4,0.9692307692307692,0.3157894736842105,0.6666666666666666,0.6923076923076923,0.403252048095414,0.403252048095414,0.0,0.5659722222222222,0.0,0.4087731625964245,0.996,0.9029745062011144,0.0,0.994,0.6666666666666666,0.7991412659599566,0.9720101781170484,0.4,1.0,0.6740645137667253,0.5867352034793574,0.5344943809051337,0.58
580,579,tested_positive,0.1741557433987303,0,0.6,0.9692307692307692,0.2753623188405797,0.6666666666666666,0.6923076923076923,0.2454153852812988,0.2454153852812988,0.4639999999999999,0.7673611111111112,1.0,0.5140797661904044,0.996268656716418,0.6440238024919147,0.0,1.0,0.4651162790697674,0.733893601947067,0.904498816101026,0.8,1.0,0.999242289951264,0.9127103940005566,0.5131128556557977,0.73
581,580,tested_positive,0.6249913341576043,4,0.6,0.9769230769230768,0.2753623188405797,0.6666666666666666,0.5384615384615384,0.5011284545672687,0.5011284545672687,0.4639999999999999,0.7673611111111112,0.5,0.6476744146108031,0.996268656716418,0.9270239698256832,0.004,0.996268656716418,0.6666666666666666,0.7365511205225347,0.8098939929328621,0.4,0.0,0.5427214874535978,0.5914887477359869,0.3758417598647888,0.34
582,581,tested_negative,0.0519735923119615,0,0.1,0.0,0.084870848708487,0.6666666666666666,0.4615384615384615,0.1298725931697202,0.1298725931697202,0.0,0.5659722222222222,0.3333333333333333,0.5849959574352261,0.998,0.9289178790856538,0.003731343283582,0.994,0.6666666666666666,0.8578410278794919,0.9743589743589742,1.0,1.0,0.965318816506291,0.8587502460028515,0.884089383619088,0.98
583,582,tested_negative,0.2541416788259921,1,0.1,0.9538461538461538,0.3988439306358381,1.0,1.0,0.5981126196520392,0.5981126196520392,0.0,0.5659722222222222,0.0,0.4217980518882331,0.982,0.8020566056151134,0.0,0.996,0.6666666666666666,0.7934438036523707,0.9638351555929352,1.0,1.0,0.3309946260169338,0.5660787122308253,0.8280765887962872,0.75
584,583,tested_negative,0.4742429769612931,2,0.7,0.9538461538461538,0.3988439306358381,1.0,0.7692307692307693,0.3199264123085776,0.3199264123085776,0.0,0.5659722222222222,1.0,0.5071720138705478,0.998,0.8965534872647024,0.0,0.996,0.6666666666666666,0.8188891056233536,0.9924433249370276,0.4,0.0,0.6436539887026926,0.6136071950408848,0.767280954488664,0.73
585,584,tested_positive,0.2684088938077803,1,0.4,0.9076923076923076,0.6011560693641618,1.0,0.4615384615384615,0.2454446419838754,0.2454446419838754,0.4639999999999999,0.7673611111111112,0.0,0.4567742689785135,0.9925373134328358,0.7774868424619241,0.0,0.996268656716418,0.7654320987654322,0.8758554512903094,0.9991281604184832,0.8,1.0,0.9999752910282046,0.3692792915780895,0.6902920545470241,0.53
586,585,tested_negative,0.0232228299090314,0,0.0,0.0,0.084870848708487,0.6666666666666666,0.4615384615384615,0.1105018870531564,0.1105018870531564,0.0,0.5659722222222222,0.0,0.2793643652239929,0.914,0.8579033209813538,0.0,0.908,0.6666666666666666,0.8013670598069675,0.9913043478260868,1.0,1.0,0.9889729641696062,0.9481666217835922,0.9235234345926124,1.0
587,586,tested_positive,0.2830007309704649,0,0.3,0.9923076923076924,0.2753623188405797,0.6666666666666666,0.5384615384615384,0.4635149677689824,0.4635149677689824,0.4639999999999999,0.7673611111111112,0.0,0.3890830924524984,0.9850746268656716,0.8840910757882583,0.0,0.9925373134328358,0.6666666666666666,0.8081109708611333,0.9268292682926828,0.8,1.0,0.5152498092802426,0.6307097760810265,0.6660360288159408,0.69
588,587,tested_negative,0.1312147587582837,0,0.3,0.7076923076923076,0.048780487804878,1.0,0.3076923076923077,0.1268558110038777,0.1268558110038777,0.0,0.5659722222222222,0.5,0.4013475040020678,0.994,0.9151688497479517,0.003731343283582,0.984,0.6666666666666666,0.8223160180000028,0.977667493796526,0.6,1.0,0.968453310933539,0.8886197946615144,0.8456383418552442,0.91
589,588,tested_positive,0.1041197167509012,0,0.2,0.9692307692307692,0.2753623188405797,0.6666666666666666,0.6923076923076923,0.2539208183263395,0.2539208183263395,0.4639999999999999,0.7673611111111112,0.0,0.4283207336833682,0.9776119402985076,0.7819361392243258,0.0,0.9925373134328358,0.7176684881602914,0.8517764089626638,0.9762578958832498,0.8,1.0,0.9713773807329736,0.8288208749025788,0.8750834438590395,0.9
590,589,tested_negative,0.0660911111129327,0,0.1,0.0,0.084870848708487,0.6666666666666666,0.4615384615384615,0.1262036462733253,0.1262036462733253,0.0,0.5659722222222222,0.0,0.3553760249482426,0.992,0.8708202991901111,0.0,0.986,0.6666666666666666,0.7327289837942685,0.8853932584269663,0.8,1.0,0.9615870729063628,0.9682352516145056,0.9036310088015358,0.97
591,590,tested_positive,0.1197826039360846,0,0.4,0.9076923076923076,0.6011560693641618,1.0,0.4615384615384615,0.2699403504959414,0.2699403504959414,0.4639999999999999,0.7673611111111112,0.0,0.3996518852277363,0.9888059701492538,0.8129986791677872,0.0,0.9925373134328358,0.6666666666666666,0.8315692873076759,0.98989898989899,1.0,1.0,0.9310519047991406,0.8345477994510173,0.8457046721333342,0.67
592,591,tested_negative,0.1064090606590609,0,0.1,0.676923076923077,0.084870848708487,0.6666666666666666,0.5384615384615384,0.244046725926483,0.244046725926483,0.0,0.5659722222222222,0.0,0.3515066773549142,0.988,0.8496872514998622,0.0,0.99,0.6843792945487861,0.7821132911037498,0.9358669833729216,1.0,1.0,0.7986033856215814,0.8058330375923036,0.8771092128317494,0.88
593,592,tested_positive,0.4213010306957,3,0.6,0.9923076923076924,0.2753623188405797,0.6666666666666666,0.9230769230769232,0.687032913844609,0.687032913844609,0.4639999999999999,0.7673611111111112,1.0,0.535733216150319,0.996268656716418,0.8985713050715359,0.002,0.996268656716418,0.6666666666666666,0.8028061376481495,0.9702970297029702,0.6,1.0,0.3154843812057653,0.4195388825790215,0.6371705520410128,0.5
594,593,tested_negative,0.2249698848237847,1,0.1,0.8692307692307693,0.084870848708487,0.6666666666666666,0.5384615384615384,0.557318047065553,0.557318047065553,0.0,0.5659722222222222,0.0,0.4029105119758537,0.98,0.7399048037779352,0.0,0.996,0.7050359712230216,0.8465024986808732,0.9973890339425586,1.0,1.0,0.2633341781935712,0.7621002025226933,0.7647463103410261,0.86
595,594,tested_negative,0.6278679922532231,5,0.4,1.0,0.3988439306358381,1.0,0.6923076923076923,0.5774376163747191,0.5774376163747191,0.0,0.5659722222222222,0.0,0.4974395657020999,0.996,0.807953792464064,0.0,1.0,0.8,0.8663951751900993,0.9629629629629632,0.4,0.0,0.3760454094947744,0.579066886254617,0.4476797507312705,0.43
596,595,tested_positive,0.2709937184530707,0,0.8,0.6461538461538461,0.2753623188405797,0.6666666666666666,0.4615384615384615,0.3128200185512508,0.3128200185512508,0.4639999999999999,0.7673611111111112,1.0,0.5087499964383211,0.996268656716418,0.7707090308245177,0.002,1.0,0.6666666666666666,0.7741771539495842,0.9447650453421268,0.8,1.0,0.7340235201800999,0.6191360814435533,0.6408780876579226,0.58
597,596,tested_negative,0.4032376340218823,1,0.2,0.9923076923076924,0.3988439306358381,1.0,0.7692307692307693,0.181908783548242,0.181908783548242,0.0,0.5659722222222222,1.0,0.5478490084114658,0.998,0.8724689217211232,0.0,1.0,0.6666666666666666,0.7715509573860183,0.98989898989899,0.6,0.0,0.8617400976601001,0.8771834607374633,0.6516506374711429,0.59
598,597,tested_negative,0.0467506817283208,0,0.0,0.0,0.084870848708487,0.6666666666666666,0.4615384615384615,0.1215733027544396,0.1215733027544396,0.0,0.5659722222222222,0.0,0.3939404314749589,0.882,0.7711951097227429,0.0,0.988,0.6666666666666666,0.7983211683977208,0.9853826311263972,1.0,1.0,0.9781651435662672,0.9055905010496674,0.8557402650141406,0.98
599,598,tested_positive,0.2140231189315778,0,0.4,0.9153846153846154,0.2753623188405797,0.6666666666666666,0.6153846153846154,0.3750959689987949,0.3750959689987949,0.4639999999999999,0.7673611111111112,0.0,0.474816886876087,0.9850746268656716,0.7769107051835749,0.0,0.996268656716418,0.6666666666666666,0.7551580422400861,0.8754774637127578,0.8,1.0,0.6616914679805009,0.6686546017048615,0.7955152167251701,0.79
600,599,tested_negative,0.0487331260739596,0,0.0,0.0,0.084870848708487,0.6666666666666666,0.4615384615384615,0.1204482406967994,0.1204482406967994,0.0,0.5659722222222222,0.0,0.3478537239107556,0.906,0.7859568083732977,0.0,0.976,0.7027027027027026,0.8066440922261651,0.9493975903614458,1.0,1.0,0.9645663833927364,0.8938404085348561,0.8891944516286491,0.96
601,600,tested_negative,0.0542520493148169,0,0.0,0.0,0.084870848708487,0.6666666666666666,0.4615384615384615,0.1234560340789419,0.1234560340789419,0.0,0.5659722222222222,0.0,0.3008716971240602,0.96,0.839674456029474,0.0,0.95,0.6666666666666666,0.7947767160752874,0.9736618521665252,1.0,1.0,0.9673880366761324,0.9242274067694772,0.8928722606654893,0.89
602,601,tested_negative,0.1736121439306504,0,0.2,0.0,0.084870848708487,0.6666666666666666,0.4615384615384615,0.1936487634228002,0.1936487634228002,0.0,0.5659722222222222,0.0,0.4501485234079174,0.992,0.8994282349442366,0.0,0.994,0.6666666666666666,0.7869105537120296,0.9874686716791982,0.8,1.0,0.7042826181946289,0.7722714967828277,0.7817730214386408,0.9
603,602,tested_negative,0.1625148187036319,0,0.2,0.9384615384615383,0.3988439306358381,1.0,0.6153846153846154,0.1522420605756849,0.1522420605756849,0.0,0.5659722222222222,0.0,0.4575160616893744,0.99,0.8376665923874542,0.0,0.992,0.6666666666666666,0.8060262726220044,0.9853826311263972,0.6,1.0,0.9265061845104048,0.8514100898528225,0.8569948134149806,0.79
604,603,tested_positive,0.1975189138191105,0,0.3,0.823076923076923,0.2753623188405797,0.6666666666666666,0.5384615384615384,0.3146022522636784,0.3146022522636784,0.4639999999999999,0.7673611111111112,0.6666666666666666,0.559336268539518,0.996268656716418,0.8662665472352387,0.004,0.9776119402985076,0.7515151515151516,0.8621960054117945,0.9836065573770492,0.6,1.0,0.8375295634306968,0.7944221167327866,0.8629348369218539,0.72
605,604,tested_positive,0.2124058107134355,0,0.4,0.9538461538461538,0.6842105263157895,0.6666666666666666,0.6923076923076923,0.2711372399281849,0.2711372399281849,0.4639999999999999,0.7673611111111112,0.0,0.4505661120041885,0.9888059701492538,0.8199415350311876,0.0,1.0,0.6666666666666666,0.757999452335024,0.9956559513466552,0.6,1.0,0.9402378820189224,0.8332279120103973,0.732099341690066,0.62
606,605,tested_negative,0.423861338698737,1,0.4,0.9769230769230768,0.084870848708487,0.6666666666666666,0.6923076923076923,0.1631432241956854,0.1631432241956854,0.0,0.5659722222222222,1.0,0.6820130189024554,0.998,0.9353733596721724,0.003731343283582,1.0,0.6666666666666666,0.814500609995549,0.9743589743589742,0.6,0.0,0.9052726299572396,0.672118862307092,0.759440475543246,0.52
607,606,tested_positive,0.1670994555896306,0,0.4,0.6461538461538461,0.2753623188405797,0.6666666666666666,0.4615384615384615,0.2474306089376713,0.2474306089376713,0.4639999999999999,0.7673611111111112,0.0,0.4869015632469499,0.9888059701492538,0.8349089153584022,0.002,0.9850746268656716,0.6758620689655173,0.8097799913211132,0.9783889980353636,0.8,1.0,0.9822181961309824,0.8023294405151993,0.7028556298160348,0.71
608,607,tested_negative,0.0255335694511106,0,0.0,0.0,0.084870848708487,0.6666666666666666,0.4615384615384615,0.1100744317813727,0.1100744317813727,0.0,0.5659722222222222,0.0,0.3261883354702469,0.902,0.8302056467478733,0.0,0.922,0.692093023255814,0.8208042991951369,0.968058968058968,1.0,1.0,0.9898002228205464,0.9622368562886316,0.904761504184158,0.99
609,608,tested_negative,0.6206065521242319,4,0.4,0.8846153846153846,0.7246376811594203,0.6666666666666666,0.6923076923076923,0.6653613873701268,0.6653613873701268,0.0,0.5659722222222222,0.3333333333333333,0.4483452326495181,0.994,0.8798371088979057,0.003731343283582,0.996,0.6666666666666666,0.7839867911279857,0.8815165876777252,0.6,0.0,0.2174524645119767,0.4926765505375216,0.3862316722051109,0.58
610,609,tested_negative,0.043205588213831,0,0.0,0.0,0.084870848708487,0.6666666666666666,0.4615384615384615,0.1206622969444556,0.1206622969444556,0.0,0.5659722222222222,0.0,0.3478391071833856,0.904,0.8100539429770471,0.0,0.96,0.676732598520308,0.8079751788786768,0.957983193277311,1.0,1.0,0.9709932003021334,0.9364543640143232,0.8733189064005568,0.96
611,610,tested_negative,0.0723576003549464,0,0.0,0.0,0.084870848708487,0.6666666666666666,0.4615384615384615,0.1336447728509024,0.1336447728509024,0.0,0.5659722222222222,0.0,0.3844946545623924,0.972,0.8377586609304484,0.0,0.978,0.6950354609929077,0.8423421150114807,0.9743589743589745,1.0,1.0,0.9505756474400094,0.8465209011316878,0.8987578492986245,0.87
612,611,tested_positive,0.1584788814283344,0,0.3,0.6461538461538461,0.2753623188405797,0.6666666666666666,0.4615384615384615,0.3267498552003083,0.3267498552003083,0.4639999999999999,0.7673611111111112,0.0,0.3753712886947784,0.9813432835820896,0.7877615288009829,0.0,0.9888059701492538,0.7229357798165138,0.8430621364041075,0.9913043478260868,0.8,1.0,0.81117716359046,0.7874069692752919,0.9005425785642418,0.75
613,612,tested_positive,0.0619373125240129,0,0.3,0.6461538461538461,0.2753623188405797,0.6666666666666666,0.4615384615384615,0.2478024302756949,0.2478024302756949,0.4639999999999999,0.7673611111111112,1.0,0.5776445047909444,0.996268656716418,0.8597984526308516,0.002,0.9888059701492538,0.7392120075046905,0.856934977968969,0.9629629629629632,1.0,1.0,0.9959850547982452,0.843899054831239,0.8484920152264388,0.94
614,613,tested_negative,0.3406913801813146,2,0.3,0.9,0.084870848708487,0.6666666666666666,0.6153846153846154,0.2253924249693455,0.2253924249693455,0.0,0.5659722222222222,0.5,0.4728784912551566,0.996,0.8265289326536043,0.003731343283582,0.998,0.6666666666666666,0.8651739557998677,0.968058968058968,0.4,1.0,0.8331460226967718,0.6977010541787676,0.5450046420365727,0.48
615,614,tested_positive,0.2012139288479409,0,0.3,0.823076923076923,0.2753623188405797,0.6666666666666666,0.5384615384615384,0.2888528228560854,0.2888528228560854,0.4639999999999999,0.7673611111111112,0.0,0.4737960170798142,0.9925373134328358,0.844980429458852,0.0,0.9813432835820896,0.7428571428571428,0.8405739341895929,0.9375,0.6,1.0,0.8633163227772984,0.7615196227774338,0.8078804813576216,0.76
616,615,tested_negative,0.0447733232975467,0,0.0,0.0,0.084870848708487,0.6666666666666666,0.4615384615384615,0.1212005118125111,0.1212005118125111,0.0,0.5659722222222222,0.0,0.3713392248230642,0.968,0.8781451664725405,0.0,0.966,0.6666666666666666,0.7922419999180034,0.9633251833740832,1.0,1.0,0.9771075459677354,0.9145477304132064,0.8797047838337778,0.96
617,616,tested_negative,0.3664060256504476,1,0.4,0.9384615384615383,0.3988439306358381,1.0,0.6153846153846154,0.1964709778350337,0.1964709778350337,0.0,0.5659722222222222,0.0,0.482757474317815,0.996,0.8920821543720596,0.003731343283582,0.994,0.6666666666666666,0.7993754204841887,0.9991281604184832,0.6,0.0,0.8892901849300466,0.8536840567034828,0.8685896044637842,0.59
618,617,tested_negative,0.0216225298843358,0,0.0,0.0,0.084870848708487,0.6666666666666666,0.4615384615384615,0.1080118747121287,0.1080118747121287,0.0,0.5659722222222222,0.0,0.3761792086666234,0.922,0.840029978825916,0.0,0.942,0.6757493188010899,0.7848970440123495,0.957983193277311,1.0,1.0,0.9957251411238996,0.9838796713683085,0.9106600082017768,0.98
619,618,tested_positive,0.3337230173025276,1,0.4,0.9076923076923076,0.6011560693641618,1.0,0.4615384615384615,0.3200930440767475,0.3200930440767475,0.4639999999999999,0.7673611111111112,0.3333333333333333,0.5365374880486531,0.996268656716418,0.8408182831106362,0.004,0.9925373134328358,0.6666666666666666,0.880852180657207,0.9922077922077922,0.4,1.0,0.8041259803429903,0.5563437231412295,0.5571921927006143,0.68
620,619,tested_positive,0.5431601738288678,4,0.5,0.9923076923076924,0.915129151291513,0.6666666666666666,0.5384615384615384,0.7229317281316887,0.7229317281316887,0.4639999999999999,0.7673611111111112,0.5,0.5147340928408538,0.996268656716418,0.9076094554656065,0.01,0.9925373134328358,0.6666666666666666,0.735421302760049,0.9385749385749388,0.6,1.0,0.1263193629157934,0.2520517488828254,0.4826678452281736,0.28
621,620,tested_negative,0.1322422083987086,0,0.2,0.676923076923077,0.084870848708487,0.6666666666666666,0.5384615384615384,0.2522920737640621,0.2522920737640621,0.0,0.5659722222222222,0.25,0.4145687145386655,0.986,0.8478918693532096,0.003731343283582,0.99,0.6995473700639925,0.797309817458941,0.9358669833729216,1.0,1.0,0.7953349184210079,0.8146049666830026,0.846606864503738,0.75
622,621,tested_negative,0.3464272735653144,1,0.3,0.8692307692307693,0.084870848708487,0.6666666666666666,0.5384615384615384,0.5280183626012362,0.5280183626012362,0.0,0.5659722222222222,0.0,0.4678179443508812,0.992,0.7716934490683435,0.0,0.996,0.6666666666666666,0.8221718280065025,0.968058968058968,0.6,1.0,0.1152034203087456,0.8162022116806003,0.5400307266187672,0.85
623,622,tested_negative,0.9137246805223552,6,0.8,0.9846153846153848,0.7246376811594203,0.6666666666666666,0.6153846153846154,0.753991462598354,0.753991462598354,0.0,0.5659722222222222,1.0,0.5427516087118561,0.998,0.7856883714225246,0.003731343283582,1.0,0.6666666666666666,0.8080969081074523,0.98989898989899,0.2,0.0,0.0019616717594747,0.0305677126866963,0.1751225324196968,0.11
624,623,tested_negative,0.0786131932770958,0,0.1,0.676923076923077,0.084870848708487,0.6666666666666666,0.5384615384615384,0.1419717851798791,0.1419717851798791,0.0,0.5659722222222222,0.0,0.3639076763289267,0.98,0.8538553716321916,0.003731343283582,0.988,0.6666666666666666,0.8025969776659374,0.977667493796526,1.0,1.0,0.940598349251912,0.8143167168303572,0.8734057742551561,0.9
625,624,tested_negative,0.0580344235780719,0,0.0,0.0,0.084870848708487,0.6666666666666666,0.4615384615384615,0.1225511117315194,0.1225511117315194,0.0,0.5659722222222222,0.0,0.3699471493793039,0.978,0.8817331892537149,0.0,0.962,0.6666666666666666,0.7854601019865266,0.9638351555929352,1.0,1.0,0.9669965168916668,0.8771815908569198,0.8676153507829822,0.94
626,625,tested_negative,0.1162745062034217,0,0.1,0.7846153846153846,0.3988439306358381,1.0,0.6153846153846154,0.199566808110969,0.199566808110969,0.0,0.5659722222222222,0.0,0.4791318156251597,0.988,0.8166642056609743,0.0,0.998,0.7005649717514125,0.8001079333899823,0.9586374695863747,1.0,1.0,0.8427751955500329,0.8397493916555604,0.8398283755738759,0.78
627,626,tested_negative,0.0504667724879865,0,0.1,0.0,0.084870848708487,0.6666666666666666,0.4615384615384615,0.1216165894599504,0.1216165894599504,0.0,0.5659722222222222,0.0,0.4452896134185403,0.988,0.8986516842001078,0.0,0.966,0.6666666666666666,0.7608161175286067,0.9355102040816328,1.0,1.0,0.9738976531748786,0.9061907292420176,0.8971109826551843,0.92
628,627,tested_negative,0.3995564986637013,1,0.3,0.8846153846153846,0.7246376811594203,0.6666666666666666,0.6923076923076923,0.1586981803985603,0.1586981803985603,0.0,0.5659722222222222,1.0,0.6001255225093247,0.998,0.9297831116234097,0.0,0.99,0.6666666666666666,0.7546926728827752,0.9385749385749388,0.6,0.0,0.9158717277488,0.784143724925612,0.7826455553433803,0.52
629,628,tested_negative,0.6454621288395832,4,0.6,0.9846153846153848,0.7246376811594203,0.6666666666666666,0.9230769230769232,0.3311108931727623,0.3311108931727623,0.0,0.5659722222222222,0.8,0.568677971047742,0.998,0.9231566436965702,0.0186567164179104,0.998,0.6666666666666666,0.8131934797466647,0.98989898989899,0.2,0.0,0.6817311038289616,0.5714867016811629,0.3040094214523757,0.37
630,629,tested_negative,0.0356816946012439,0,0.0,0.0,0.084870848708487,0.6666666666666666,0.4615384615384615,0.1129207489900492,0.1129207489900492,0.0,0.5659722222222222,0.0,0.3455247613268443,0.914,0.828762105116295,0.0,0.938,0.6666666666666666,0.8225977813705955,0.977667493796526,1.0,1.0,0.9851390205628674,0.9328129384011368,0.8779578734285325,0.99
631,630,tested_positive,0.5455685444224792,5,0.5,0.9076923076923076,0.6011560693641618,1.0,0.4615384615384615,0.7823762091813402,0.7823762091813402,0.4639999999999999,0.7673611111111112,0.5,0.512298186303481,0.996268656716418,0.9013496520021476,0.004,0.9925373134328358,0.6666666666666666,0.8473408719003694,0.97865072587532,0.4,1.0,0.163094533593488,0.3464609451128423,0.4070332547587947,0.41
632,631,tested_negative,0.2432418670068113,1,0.2,0.676923076923077,0.084870848708487,0.6666666666666666,0.5384615384615384,0.1425270584926846,0.1425270584926846,0.0,0.5659722222222222,0.0,0.3723280864673212,0.988,0.8673301323547931,0.0,0.984,0.6666666666666666,0.7970184316914383,0.9825436408977556,1.0,0.0,0.9359423739049574,0.8937904279704454,0.900815996083729,0.81
633,632,tested_negative,0.063966938334162,0,0.1,0.0,0.084870848708487,0.6666666666666666,0.4615384615384615,0.1193971839356762,0.1193971839356762,0.0,0.5659722222222222,0.25,0.4210675503365437,0.982,0.9015733327008724,0.003731343283582,0.95,0.6666666666666666,0.7945730891483328,0.9743589743589742,1.0,1.0,0.9788642316877256,0.878976128720154,0.8483580095871484,0.91
634,633,tested_negative,0.2418978375549237,1,0.0,0.9076923076923076,0.3157894736842105,0.6666666666666666,0.3076923076923077,0.151769469699215,0.151769469699215,0.0,0.5659722222222222,0.0,0.3707939698481997,0.93,0.7826355085512253,0.0,0.978,0.6720647773279352,0.7925251416738592,0.9803250641573996,1.0,0.0,0.9285390313666108,0.8979253086915654,0.8521486346122812,0.87
635,634,tested_negative,0.1515485756788118,0,0.3,0.7076923076923076,0.048780487804878,1.0,0.3076923076923077,0.1740808598667232,0.1740808598667232,0.0,0.5659722222222222,0.0,0.2778123388916033,0.99,0.8673498044933965,0.0,0.998,0.6666666666666666,0.8069780004027849,0.968058968058968,0.6,1.0,0.9247018319592908,0.8777846619105656,0.7882220520572716,0.9
636,635,tested_positive,0.5297324318987799,4,0.9,0.9538461538461538,0.6011560693641618,1.0,0.9230769230769232,0.4306863906408672,0.4306863906408672,0.4639999999999999,0.7673611111111112,1.0,0.5297443534813457,0.996268656716418,0.8896626906598415,0.006,0.996268656716418,0.6666666666666666,0.8040112626993865,0.9728395061728394,0.2,1.0,0.5252071958561206,0.3654210303189064,0.3909771824322942,0.34
637,636,tested_negative,0.481708598258876,2,0.8,0.9538461538461538,0.3988439306358381,1.0,0.7692307692307693,0.1727994082366964,0.1727994082366964,0.0,0.5659722222222222,1.0,0.5484995102017993,0.998,0.9192946618154872,0.003731343283582,0.998,0.6666666666666666,0.8377013547043795,0.9973890339425586,0.0,0.0,0.8891593033070925,0.8203163257297597,0.6402727814098914,0.76
638,637,tested_negative,0.0999303369442335,0,0.1,0.9,0.084870848708487,0.6666666666666666,0.6153846153846154,0.1256941516293316,0.1256941516293316,0.0,0.5659722222222222,0.0,0.3939891792536562,0.984,0.8641793188679929,0.0,0.948,0.6853146853146853,0.8195173166087656,0.977667493796526,0.8,1.0,0.9565021904217652,0.8769439138601266,0.8869718740527068,0.88
639,638,tested_positive,0.7512455173436262,6,0.6,0.9846153846153848,0.6011560693641618,1.0,0.6153846153846154,0.6077697657598664,0.6077697657598664,0.4639999999999999,0.7673611111111112,1.0,0.5176301043659336,0.996268656716418,0.834124169480564,0.002,0.996268656716418,0.7258536585365853,0.8728903009714083,0.9924433249370276,0.0,0.0,0.3285195496482275,0.4077851587221523,0.3562221875678633,0.4
640,639,tested_negative,0.0311513560487811,0,0.0,0.0,0.084870848708487,0.6666666666666666,0.4615384615384615,0.1110596454415018,0.1110596454415018,0.0,0.5659722222222222,0.0,0.2485187023155464,0.84,0.794326732966406,0.0,0.948,0.678988032116346,0.7885081909696634,0.9924433249370276,1.0,1.0,0.9901723978439072,0.9706623392679014,0.8822571265955051,0.97
641,640,tested_negative,0.2406961024862414,1,0.0,0.8692307692307693,0.084870848708487,0.6666666666666666,0.5384615384615384,0.1392886394120192,0.1392886394120192,0.0,0.5659722222222222,0.0,0.4319376689922897,0.968,0.8206891035737593,0.0,0.986,0.6666666666666666,0.8165653874036392,0.9887834339948232,1.0,0.0,0.9371729503955568,0.9060822028060928,0.8525682318809017,0.86
642,641,tested_negative,0.1877622714549519,0,0.4,0.9692307692307692,0.7246376811594203,0.6666666666666666,0.8461538461538461,0.1764638781371843,0.1764638781371843,0.0,0.5659722222222222,0.0,0.3933362576878043,0.994,0.8952323467577139,0.0,0.998,0.6666666666666666,0.7821174494351808,0.9102462271644162,1.0,1.0,0.8990613265881725,0.6632290224690138,0.7211360222131022,0.59
643,642,tested_positive,0.5252247952502818,3,0.6,0.9538461538461538,0.6842105263157895,0.6666666666666666,0.6923076923076923,0.5269756472566072,0.5269756472566072,0.4639999999999999,0.7673611111111112,0.3333333333333333,0.5341539635763884,0.996268656716418,0.928285509702652,0.002,0.996268656716418,0.6666666666666666,0.8146418044554505,0.9853826311263972,0.6,0.0,0.4996032612618634,0.5401616610844794,0.7688863061519663,0.44
644,643,tested_negative,0.1815659808449283,0,0.4,0.7846153846153846,0.3988439306358381,1.0,0.6153846153846154,0.23690559222568,0.23690559222568,0.0,0.5659722222222222,0.0,0.3748115212210925,0.996,0.8993389765864163,0.003731343283582,0.998,0.6666666666666666,0.7933759473926545,0.9887834339948232,0.6,1.0,0.7955826627875684,0.8026337047983734,0.8323877473444881,0.88
645,644,tested_negative,0.12242897507044,0,0.4,0.8692307692307693,0.084870848708487,0.6666666666666666,0.5384615384615384,0.1484026664110946,0.1484026664110946,0.0,0.5659722222222222,0.0,0.3911378566143676,0.992,0.8336382375928055,0.0,0.992,0.725925925925926,0.8691288812401714,1.0,0.8,1.0,0.9310204529721336,0.8689702596569528,0.8954354369482728,0.77
646,645,tested_negative,0.7513358494001273,6,0.6,0.8846153846153846,0.7246376811594203,0.6666666666666666,0.6923076923076923,0.7489551259495021,0.7489551259495021,0.0,0.5659722222222222,0.6666666666666666,0.4969440240973345,0.996,0.8359896368269714,0.0111940298507462,1.0,0.6759161514100437,0.812636300967057,0.9230769230769232,0.4,0.0,0.0038020374138019,0.3912402446201507,0.3369426215652831,0.36
647,646,tested_positive,0.6574691461658246,5,0.5,0.9230769230769232,0.6842105263157895,0.6666666666666666,0.5384615384615384,0.6480758442650763,0.6480758442650763,0.4639999999999999,0.7673611111111112,0.0,0.41920823804247,0.9850746268656716,0.8015724998352931,0.0,0.996268656716418,0.7027027027027026,0.7951838728654094,0.9160671462829736,0.6,0.0,0.2813397004919368,0.3101690863629672,0.383676336150148,0.48
648,647,tested_positive,0.351789981506032,1,0.3,0.6461538461538461,0.2753623188405797,0.6666666666666666,0.4615384615384615,0.344858692471362,0.344858692471362,0.4639999999999999,0.7673611111111112,0.0,0.3949437024072786,0.9738805970149254,0.7828974879870799,0.0,1.0,0.6666666666666666,0.7864727850599619,0.9421487603305786,0.8,0.0,0.7721207633798829,0.7659473657653815,0.751191981818544,0.8
649,648,tested_positive,0.4206825990690271,2,0.6,0.9923076923076924,0.6842105263157895,0.6666666666666666,0.4615384615384615,0.3587751002857919,0.3587751002857919,0.4639999999999999,0.7673611111111112,0.75,0.5047136199676656,0.996268656716418,0.8631119383024175,0.002,0.996268656716418,0.7026179651983069,0.8373717582891148,0.9939288811795316,0.2,1.0,0.7322067722802609,0.472715575584811,0.5209820577207651,0.55
650,649,tested_negative,0.0509652825607824,0,0.0,0.0,0.084870848708487,0.6666666666666666,0.4615384615384615,0.1167869111798474,0.1167869111798474,0.0,0.5659722222222222,0.0,0.2817770414446469,0.918,0.8399265120595399,0.0,0.936,0.6666666666666666,0.814081294713696,0.9743589743589742,1.0,1.0,0.982607845394099,0.93321690192911,0.828383557312096,0.95
651,650,tested_negative,0.0212068338930518,0,0.0,0.0,0.084870848708487,0.6666666666666666,0.4615384615384615,0.1127813365674862,0.1127813365674862,0.0,0.5659722222222222,0.0,0.348279566093994,0.924,0.8494082031699006,0.0,0.916,0.6853146853146853,0.8276510653418618,0.9743589743589745,1.0,1.0,0.987996003359944,0.9566765018525456,0.9280864914291984,1.0
652,651,tested_negative,0.1341843747208911,0,0.2,0.676923076923077,0.084870848708487,0.6666666666666666,0.5384615384615384,0.152268932887722,0.152268932887722,0.0,0.5659722222222222,0.0,0.4664821111223757,0.994,0.8804378335437069,0.0,0.974,0.7027027027027026,0.827245254450682,0.9743589743589742,0.8,1.0,0.9203385329205231,0.7786906225650727,0.8058645961890571,0.89
653,652,tested_negative,0.2249716222814313,0,0.3,0.676923076923077,0.084870848708487,0.6666666666666666,0.5384615384615384,0.2259881880438546,0.2259881880438546,0.0,0.5659722222222222,0.25,0.4383101951473835,0.996,0.8763124613725859,0.003731343283582,0.992,0.704606193994655,0.8229978706218863,0.9131474103585656,0.6,1.0,0.833962970676553,0.6843983927811115,0.8118089028537476,0.72
654,653,tested_negative,0.1967753804461948,0,0.3,0.0,0.084870848708487,0.6666666666666666,0.4615384615384615,0.1334043622473872,0.1334043622473872,0.0,0.5659722222222222,0.0,0.4392009997325686,0.996,0.90485713567819,0.0,0.982,0.6666666666666666,0.799396600826086,0.9743589743589745,0.6,1.0,0.9579958386211884,0.7898174692238663,0.7515344094777766,0.72
655,654,tested_negative,0.0428050662613864,0,0.0,0.676923076923077,0.084870848708487,0.6666666666666666,0.5384615384615384,0.1342148427412316,0.1342148427412316,0.0,0.5659722222222222,0.0,0.3754455249725069,0.938,0.8323459491863139,0.0,0.96,0.6758620689655173,0.8193656253603132,0.9677419354838712,1.0,1.0,0.96022725123082,0.8973872859218012,0.9055550652790606,0.98
656,655,tested_positive,0.4037835401735787,4,0.6,0.9307692307692308,0.2753623188405797,0.6666666666666666,0.3846153846153846,0.2464048436074327,0.2464048436074327,0.4639999999999999,0.7673611111111112,1.0,0.5525700958631592,0.996268656716418,0.8138645486790351,0.0,0.996268656716418,0.698239601183985,0.8125232700263437,0.957983193277311,0.4,1.0,0.9887093410234984,0.4884916562501739,0.3200977616848554,0.38
657,656,tested_negative,0.0573691292232441,0,0.0,0.0,0.084870848708487,0.6666666666666666,0.4615384615384615,0.1130364878629757,0.1130364878629757,0.0,0.5659722222222222,0.0,0.296300170324058,0.94,0.8164682341887466,0.0,0.964,0.6758620689655173,0.8273948734934454,0.9913043478260868,1.0,1.0,0.983780696599032,0.9471108962213324,0.824893631840171,0.9
658,657,tested_negative,0.7058970897571671,5,0.9,1.0,0.3988439306358381,1.0,0.6153846153846154,0.6975188268272032,0.6975188268272032,0.0,0.5659722222222222,1.0,0.6114034949434375,0.998,0.8515854968867178,0.0111940298507462,1.0,0.7027027027027026,0.8452124618139134,0.9796721311475408,0.4,0.0,0.0895374706382096,0.5144861544334021,0.4405938363853854,0.32
659,658,tested_negative,0.462663525844548,3,0.5,1.0,0.3988439306358381,1.0,0.7692307692307693,0.7161468206186219,0.7161468206186219,0.0,0.5659722222222222,0.5,0.4730136259719575,0.996,0.8523476225514712,0.003731343283582,1.0,0.6666666666666666,0.7603511440896793,0.8990825688073394,0.6,1.0,0.1218176843222765,0.4406532682778259,0.451547892332609,0.61
660,659,tested_positive,0.8025479180699185,6,0.8,1.0,0.915129151291513,0.6666666666666666,0.5384615384615384,0.6730084154387845,0.6730084154387845,0.4639999999999999,0.7673611111111112,1.0,0.5577685824559907,0.996268656716418,0.839214382980454,0.002,1.0,0.711281070745698,0.8523452707772268,0.9836065573770492,0.4,0.0,0.2205804653022436,0.1315809901159689,0.1625510361622764,0.27
661,660,tested_negative,0.787370524600956,6,0.7,0.9769230769230768,0.3157894736842105,0.6666666666666666,0.5384615384615384,0.704561049073678,0.704561049073678,0.0,0.5659722222222222,1.0,0.7157466794482934,0.998,0.944571567317522,0.0111940298507462,1.0,0.6666666666666666,0.775958888888326,0.9836909871244636,0.2,0.0,0.1416432325243237,0.2801280495361139,0.3440055703338263,0.31
662,661,tested_positive,0.1082027309658372,0,0.2,0.6461538461538461,0.2753623188405797,0.6666666666666666,0.4615384615384615,0.2466817687069367,0.2466817687069367,0.4639999999999999,0.7673611111111112,0.0,0.4325278128347798,0.9888059701492538,0.7777431712175347,0.0,0.9888059701492538,0.6621848739495798,0.7638584992323207,0.9235524417885844,0.8,1.0,0.9891373634041132,0.9403925043389036,0.8512537464619597,0.77
663,662,tested_positive,0.1717438040057105,0,0.2,0.9153846153846154,0.2753623188405797,0.6666666666666666,0.6153846153846154,0.2504916860118871,0.2504916860118871,0.4639999999999999,0.7673611111111112,0.0,0.4315362037442224,0.9813432835820896,0.724075226855091,0.0,0.9925373134328358,0.6822956309940631,0.8083429641362909,0.9514563106796116,0.8,1.0,0.9838479156907508,0.6939713396926079,0.7517179205823781,0.74
664,663,tested_positive,0.1648915527869547,0,0.2,0.823076923076923,0.2753623188405797,0.6666666666666666,0.5384615384615384,0.2851492466772014,0.2851492466772014,0.4639999999999999,0.7673611111111112,0.5,0.5202141125592243,0.996268656716418,0.8239720473476737,0.0,0.9850746268656716,0.7545638945233266,0.8225985353390575,0.8990825688073394,0.8,1.0,0.8994025472044643,0.7786698579333489,0.8825782781404575,0.65
665,664,tested_positive,0.7871096770761021,6,0.9,0.9538461538461538,0.6011560693641618,1.0,0.6923076923076923,0.7320126176202126,0.7320126176202126,0.4639999999999999,0.7673611111111112,1.0,0.6055114489597464,0.996268656716418,0.8740798312117415,0.014,1.0,0.6666666666666666,0.8642109624739585,0.9743589743589742,0.2,0.0,0.2145366600880955,0.3673958165375706,0.195409460917721,0.3
666,665,tested_negative,0.0865308628298282,0,0.0,0.676923076923077,0.084870848708487,0.6666666666666666,0.5384615384615384,0.1804353859029313,0.1804353859029313,0.0,0.5659722222222222,0.0,0.3184568944423841,0.956,0.820944072561716,0.0,0.976,0.6932714617169374,0.7897705305167821,0.9358669833729216,1.0,1.0,0.8779095987353317,0.8518459648954282,0.8810592593902711,0.87
667,666,tested_positive,0.4784493110416928,3,0.7,0.9846153846153848,0.2753623188405797,0.6666666666666666,0.6923076923076923,0.4966765724455162,0.4966765724455162,0.4639999999999999,0.7673611111111112,1.0,0.6545694730296358,0.996268656716418,0.9154036967586046,0.006,1.0,0.6666666666666666,0.7835935906358779,0.937040065412919,0.2,1.0,0.5622361463702025,0.6636821141606549,0.2233858732189859,0.48
668,667,tested_positive,0.6616351582123543,5,0.7,1.0,0.6011560693641618,1.0,0.5384615384615384,0.7003790787085937,0.7003790787085937,0.4639999999999999,0.7673611111111112,0.5,0.4370527307700284,0.9925373134328358,0.8686397272092514,0.004,1.0,0.6666666666666666,0.8502065241817645,0.9803250641573996,0.2,1.0,0.2212329178630936,0.2597888645867933,0.1391672682759872,0.21
669,668,tested_negative,0.200927240092684,0,0.3,0.9538461538461538,0.3988439306358381,1.0,0.6923076923076923,0.2881840829083821,0.2881840829083821,0.0,0.5659722222222222,0.0,0.4192936532541135,0.988,0.7901332320566681,0.0,0.996,0.7421758569299552,0.9144761821095708,0.9974683544303796,0.8,1.0,0.7354093886823395,0.7419225191967849,0.8171046515647707,0.7
670,669,tested_negative,0.7533862631873727,6,0.6,0.9692307692307692,0.7246376811594203,0.6666666666666666,0.6153846153846154,0.6536226278291659,0.6536226278291659,0.0,0.5659722222222222,1.0,0.5817384745676518,0.998,0.8765924408681992,0.0111940298507462,1.0,0.6820879622584082,0.8537298978844057,1.0,0.4,0.0,0.2398898590571324,0.3434531770959939,0.2963393847226374,0.2
671,670,tested_negative,0.8500024929444108,6,0.7,0.9846153846153848,0.7246376811594203,0.6666666666666666,0.6153846153846154,0.7008443562040061,0.7008443562040061,0.0,0.5659722222222222,1.0,0.5646627066187565,0.998,0.8808838464357204,0.0298507462686567,0.998,0.7476280834914611,0.874227526585815,0.9629629629629632,0.4,0.0,0.1323257611881874,0.2271985495104707,0.0604607316348768,0.08
672,671,tested_negative,0.0750290319842891,0,0.0,0.0,0.084870848708487,0.6666666666666666,0.4615384615384615,0.113992819979224,0.113992819979224,0.0,0.5659722222222222,0.0,0.30151800775436,0.962,0.8673348293250407,0.0,0.926,0.6666666666666666,0.8117865774395514,0.9974683544303796,0.8,1.0,0.9858190673011168,0.9152209637042632,0.8787857770888856,0.97
673,672,tested_negative,0.2589474752431099,1,0.2,0.9538461538461538,0.3988439306358381,1.0,0.6923076923076923,0.456041112986979,0.456041112986979,0.0,0.5659722222222222,0.0,0.456270594992195,0.996,0.7930548500869453,0.0,1.0,0.697282099343955,0.8147110798688932,0.9702970297029704,0.6,1.0,0.4573529067402567,0.8498845886030554,0.839077653198028,0.7
674,673,tested_negative,0.7157637591968073,6,0.5,1.0,0.084870848708487,0.6666666666666666,0.3076923076923077,0.6862854459924306,0.6862854459924306,0.0,0.5659722222222222,0.0,0.4872968374769688,0.996,0.7837291386560745,0.0,1.0,0.6666666666666666,0.7988073499420779,0.9230769230769232,0.4,0.0,0.1882112305541509,0.2500620935591007,0.3871441207059039,0.48
675,674,tested_negative,0.2379674241500953,1,0.1,0.9538461538461538,0.3988439306358381,1.0,0.6923076923076923,0.4304901029804714,0.4304901029804714,0.0,0.5659722222222222,0.0,0.353990044404734,0.988,0.8200068034025917,0.0,0.994,0.6666666666666666,0.7966724626120383,0.9633251833740832,1.0,1.0,0.4231717201855637,0.5762121630749706,0.8528115718388939,0.72
676,675,tested_positive,0.3443805893996333,1,0.3,0.6461538461538461,0.2753623188405797,0.6666666666666666,0.4615384615384615,0.286540079943785,0.286540079943785,0.4639999999999999,0.7673611111111112,0.0,0.4158119120789221,0.9888059701492538,0.8240886901012667,0.0,0.9888059701492538,0.6666666666666666,0.7896172343202679,0.9629629629629632,0.6,0.0,0.8721589013915413,0.8680427555315173,0.8735148066791413,0.72
677,676,tested_positive,0.5311027325156976,2,0.5,0.9230769230769232,0.6842105263157895,0.6666666666666666,0.5384615384615384,0.3691899538122518,0.3691899538122518,0.4639999999999999,0.7673611111111112,0.3333333333333333,0.5662462011371351,0.996268656716418,0.9434711978442532,0.004,0.9925373134328358,0.6666666666666666,0.7804600158286314,0.937040065412919,0.8,0.0,0.6453268907886819,0.5367568726319687,0.5112998414851636,0.32
678,677,tested_negative,0.1049030997070959,0,0.1,0.8846153846153846,0.084870848708487,0.6666666666666666,0.6923076923076923,0.1258431127002272,0.1258431127002272,0.0,0.5659722222222222,0.0,0.4240197779502092,0.994,0.9033475520130588,0.0,0.982,0.6666666666666666,0.7814408027188638,0.9743589743589742,0.8,1.0,0.9732172671511568,0.8979373647148597,0.8094267698914074,0.89
679,678,tested_positive,0.8254289989717888,6,0.8,1.0,0.915129151291513,0.6666666666666666,0.6153846153846154,0.8353022798411597,0.8353022798411597,0.4639999999999999,0.7673611111111112,1.0,0.7216450975000173,0.996268656716418,0.9393394790648736,0.004,1.0,0.6666666666666666,0.7803160743933529,0.957983193277311,0.2,0.0,0.0899849495450106,0.3096991149155626,0.287741941708694,0.16
680,679,tested_negative,0.0336869318941883,0,0.1,0.0,0.084870848708487,0.6666666666666666,0.4615384615384615,0.14264790852196,0.14264790852196,0.0,0.5659722222222222,0.0,0.3928423554298087,0.98,0.816693390304605,0.0,0.982,0.6853146853146853,0.8526750312194644,0.9913043478260868,1.0,1.0,0.9579822183363196,0.9306260650217848,0.9392701252767656,0.97
681,680,tested_negative,0.0194007665857256,0,0.0,0.0,0.084870848708487,0.6666666666666666,0.4615384615384615,0.1094672848910532,0.1094672848910532,0.0,0.5659722222222222,0.0,0.4140186320517492,0.948,0.8325344899423295,0.0,0.968,0.6758620689655173,0.8177213487952228,0.9913043478260868,1.0,1.0,0.992084626590164,0.98265683232713,0.9088539415683514,1.0
682,681,tested_positive,0.2483023447314551,0,0.5,0.6461538461538461,0.2753623188405797,0.6666666666666666,0.4615384615384615,0.392336646721096,0.392336646721096,0.4639999999999999,0.7673611111111112,0.0,0.4376479986529962,0.9925373134328358,0.8281110998718436,0.0,0.9888059701492538,0.6666666666666666,0.753712797337071,0.9090909090909092,0.6,1.0,0.6902840552904111,0.8394102970106511,0.7004915793102063,0.68
683,682,tested_negative,0.0967743778560544,0,0.1,0.676923076923077,0.084870848708487,0.6666666666666666,0.5384615384615384,0.1603005567942504,0.1603005567942504,0.0,0.5659722222222222,0.0,0.4023280843609492,0.99,0.8771361015043236,0.0,0.992,0.6666666666666666,0.7977144355440796,0.9825436408977556,1.0,1.0,0.9116352475980926,0.7811266312878897,0.8765918539776907,0.85
684,683,tested_positive,0.8276451552546727,6,0.8,0.9923076923076924,0.915129151291513,0.6666666666666666,0.7692307692307693,0.8089060978790834,0.8089060978790834,0.4639999999999999,0.7673611111111112,0.5,0.5946958371728005,0.996268656716418,0.9017060922982854,0.01,0.996268656716418,0.6666666666666666,0.7901012881526476,0.9401148482362592,0.2,0.0,0.1168496910795646,0.2869499982911042,0.2203293791012948,0.21
685,684,tested_negative,0.4143544029592497,1,0.4,0.9,0.3157894736842105,0.6666666666666666,0.4615384615384615,0.119993642072369,0.119993642072369,0.0,0.5659722222222222,0.0,0.4496730079115721,0.996,0.7881815309797477,0.0,1.0,0.6666666666666666,0.7537867241739253,0.896551724137931,0.6,0.0,0.8308015487410723,0.9071781795354782,0.5158938539679513,0.66
686,685,tested_negative,0.4133242125787538,1,0.2,0.8846153846153846,0.7246376811594203,0.6666666666666666,0.6923076923076923,0.2553309768569332,0.2553309768569332,0.0,0.5659722222222222,0.6666666666666666,0.4990306272950344,0.996,0.9239058816028805,0.0074626865671641,0.988,0.7050359712230216,0.8310817103830925,0.9375,0.8,0.0,0.7390880161739867,0.6971149931800411,0.7638517151734497,0.52
687,686,tested_negative,0.1258214972699672,0,0.2,0.9692307692307692,0.3157894736842105,0.6666666666666666,0.6923076923076923,0.12567794439386,0.12567794439386,0.0,0.5659722222222222,0.5,0.5089981255511622,0.998,0.931075474363428,0.003731343283582,0.978,0.6666666666666666,0.7784725533832323,0.9421487603305786,0.8,1.0,0.9678189256628136,0.8389870438714796,0.8682650468459026,0.77
688,687,tested_negative,0.0927732183207817,0,0.0,0.9384615384615383,0.3988439306358381,1.0,0.6153846153846154,0.1241770516491165,0.1241770516491165,0.0,0.5659722222222222,0.0,0.3555212523006744,0.958,0.8374347609855073,0.0,0.962,0.6666666666666666,0.8178602648401077,0.9939288811795316,1.0,1.0,0.9727630926887972,0.8858821065664767,0.7747154908200345,0.81
689,688,tested_negative,0.1253786314003552,0,0.0,0.9076923076923076,0.3157894736842105,0.6666666666666666,0.3076923076923077,0.2204776630084344,0.2204776630084344,0.0,0.5659722222222222,0.0,0.4194360624134015,0.978,0.7848820143591643,0.0,0.986,0.6853146853146853,0.8247378765026405,0.9375,1.0,1.0,0.8568269326535277,0.8011857428754735,0.7797155360688667,0.81
690,689,tested_positive,0.4913418775801071,2,0.6,0.9692307692307692,0.2753623188405797,0.6666666666666666,0.4615384615384615,0.3228805851772383,0.3228805851772383,0.4639999999999999,0.7673611111111112,0.5,0.5224570399817816,0.996268656716418,0.8233160484575082,0.002,1.0,0.7027027027027026,0.7994443776294275,0.98989898989899,0.4,0.0,0.7546376154615173,0.6146323194043861,0.6326787996534535,0.65
691,690,tested_negative,0.3383745329778106,1,0.5,0.7076923076923076,0.048780487804878,1.0,0.3076923076923077,0.241917339614253,0.241917339614253,0.0,0.5659722222222222,0.5,0.622241097592939,0.998,0.9194193101305514,0.0111940298507462,0.996,0.6666666666666666,0.8285781607449968,0.9586374695863747,0.2,1.0,0.7609343444762566,0.7079459993649038,0.5808724582919761,0.72
692,691,tested_positive,0.3302970480793502,1,0.2,0.9153846153846154,0.2753623188405797,0.6666666666666666,0.6153846153846154,0.2479644813356986,0.2479644813356986,0.4639999999999999,0.7673611111111112,0.5,0.5060165661601067,0.996268656716418,0.8392401164239803,0.002,0.996268656716418,0.6666666666666666,0.7393204490627153,0.9702970297029702,0.8,0.0,0.9927992568043248,0.8825997541970694,0.6228187005225047,0.72
693,692,tested_negative,0.3075759331044402,1,0.5,0.9,0.084870848708487,0.6666666666666666,0.6153846153846154,0.2735397083471997,0.2735397083471997,0.0,0.5659722222222222,0.0,0.483139429681122,0.996,0.8380717488598879,0.0,0.998,0.6853146853146853,0.8299618891495347,0.9677419354838712,0.4,1.0,0.736529167923539,0.5475866895395385,0.7004285439102808,0.77
694,693,tested_positive,0.5661671158275075,3,0.7,0.823076923076923,0.2753623188405797,0.6666666666666666,0.5384615384615384,0.3952990783673068,0.3952990783673068,0.4639999999999999,0.7673611111111112,1.0,0.537563098308298,0.996268656716418,0.8348484787859424,0.002,1.0,0.7443946188340806,0.8500389897360203,0.9629629629629632,0.4,0.0,0.6061088506098897,0.5956311852134046,0.5112572692116611,0.49
695,694,tested_negative,0.0281457154923508,0,0.0,0.0,0.084870848708487,0.6666666666666666,0.4615384615384615,0.1120509549134436,0.1120509549134436,0.0,0.5659722222222222,0.0,0.3574513819701935,0.95,0.8711154556855653,0.0,0.938,0.6666666666666666,0.7899370845172228,0.9743589743589742,1.0,1.0,0.9917898537622512,0.9611262177755792,0.878209635508064,1.0
696,695,tested_positive,0.4464568935201515,2,0.6,0.9923076923076924,0.2753623188405797,0.6666666666666666,0.5384615384615384,0.2479132111423091,0.2479132111423091,0.4639999999999999,0.7673611111111112,0.0,0.4896109200538057,0.9925373134328358,0.7911697025456432,0.0,1.0,0.6746951678458528,0.867055738578669,0.970364098221846,0.8,0.0,0.980750656958277,0.3046570421806384,0.6958509397401758,0.54
697,696,tested_positive,0.4812852714739825,2,0.3,0.9538461538461538,0.6842105263157895,0.6666666666666666,0.6923076923076923,0.5308561840385144,0.5308561840385144,0.4639999999999999,0.7673611111111112,0.6666666666666666,0.3770583623670399,0.9925373134328358,0.8763705164669466,0.0,0.9888059701492538,0.7043847241867044,0.8056340776061568,0.97865072587532,0.6,0.0,0.4816735720468773,0.5572759516309983,0.67333884747823,0.8
698,697,tested_negative,0.150732294431143,0,0.4,0.0,0.084870848708487,0.6666666666666666,0.4615384615384615,0.1482079677214053,0.1482079677214053,0.0,0.5659722222222222,0.2,0.4490598927115693,0.994,0.9228828618989028,0.003731343283582,0.986,0.6666666666666666,0.7476489054736503,0.9974683544303796,0.6,1.0,0.9534618860732408,0.9002821128976177,0.6718622344422841,0.97
699,698,tested_negative,0.2788474745044604,0,0.3,0.9,0.084870848708487,0.6666666666666666,0.6153846153846154,0.2824140107327682,0.2824140107327682,0.0,0.5659722222222222,0.0,0.4428060381819586,0.994,0.8061610617690211,0.0,0.994,0.7368421052631579,0.8077907082977405,0.9073634204275536,0.6,1.0,0.7583165187552365,0.6597560308403909,0.7388426033776095,0.57
700,699,tested_negative,0.3761617359943833,2,0.5,1.0,0.084870848708487,0.6666666666666666,0.7692307692307693,0.3622826246763608,0.3622826246763608,0.0,0.5659722222222222,0.5,0.5172518589436101,0.998,0.839861075260141,0.0074626865671641,0.998,0.6666666666666666,0.7948298833070181,0.9099307159353348,0.6,1.0,0.6957662456929529,0.4118028748349559,0.4454604635057915,0.59
701,700,tested_negative,0.1132444428324651,0,0.2,0.676923076923077,0.084870848708487,0.6666666666666666,0.5384615384615384,0.2383956090032504,0.2383956090032504,0.0,0.5659722222222222,0.0,0.4048485827985757,0.994,0.8912325820109582,0.0,0.99,0.7153284671532846,0.827060024325484,0.9523809523809524,1.0,1.0,0.8148044484573336,0.7341487792382326,0.8715801153096429,0.9
702,701,tested_positive,0.5590654464106075,5,0.5,0.9769230769230768,0.6011560693641618,1.0,0.6923076923076923,0.6908066119096068,0.6908066119096068,0.4639999999999999,0.7673611111111112,0.6666666666666666,0.4985639014564113,0.9925373134328358,0.8710983336995954,0.006,0.996268656716418,0.6666666666666666,0.8789202437441872,0.9836065573770492,0.4,1.0,0.2621552092968808,0.3553773281942203,0.3180747840452537,0.31
703,702,tested_positive,0.3265806089236758,1,0.2,0.9692307692307692,0.2753623188405797,0.6666666666666666,0.6923076923076923,0.284377530929244,0.284377530929244,0.4639999999999999,0.7673611111111112,0.5,0.4610160979397316,0.9925373134328358,0.799265645777365,0.0,0.996268656716418,0.6666666666666666,0.8177795632235029,0.9836065573770492,0.8,0.0,0.8346903530971043,0.7272651471573257,0.8685608462035148,0.81
704,703,tested_negative,0.8520757687540332,6,0.8,0.9769230769230768,0.7246376811594203,0.6666666666666666,0.8461538461538461,0.5870498983469536,0.5870498983469536,0.0,0.5659722222222222,1.0,0.5883969817421425,0.998,0.8822952504139026,0.0149253731343283,0.998,0.6666666666666666,0.7613048610599348,0.9158878504672896,0.0,0.0,0.2120047106399471,0.2952181105040175,0.2603225663318356,0.12
705,704,tested_negative,0.0566809839298163,0,0.1,0.0,0.084870848708487,0.6666666666666666,0.4615384615384615,0.1324080589041876,0.1324080589041876,0.0,0.5659722222222222,0.0,0.371472003355536,0.98,0.8371230645040806,0.0,0.976,0.6726699684826655,0.8280468533409356,0.9956559513466552,1.0,1.0,0.9570517924318318,0.8895557567781402,0.93330654721113,0.88
706,705,tested_negative,0.1288631793103424,0,0.1,0.8846153846153846,0.084870848708487,0.6666666666666666,0.6923076923076923,0.1747893064720116,0.1747893064720116,0.0,0.5659722222222222,0.0,0.4386370286408798,0.992,0.8331470675253971,0.0,0.994,0.6666666666666666,0.817967187198644,0.9629629629629632,0.8,1.0,0.8980255916677811,0.8419958555340186,0.8667994769361457,0.82
707,706,tested_positive,0.7451718253162969,5,0.8,0.9923076923076924,0.951219512195122,1.0,0.3076923076923077,0.8699566177478273,0.8699566177478273,0.4639999999999999,0.7673611111111112,1.0,0.6913558022561181,0.996268656716418,0.9175781699955984,0.008,1.0,0.6666666666666666,0.7299737912365043,0.9227166276346606,0.0,1.0,0.0080608327883435,0.0627421330624937,0.2581660822513816,0.2
708,707,tested_negative,0.371980065221102,1,0.2,0.9846153846153848,0.084870848708487,0.6666666666666666,0.6153846153846154,0.4452044819549623,0.4452044819549623,0.0,0.5659722222222222,0.0,0.4669499253656235,0.988,0.7741239810399184,0.0,0.996,0.6758620689655173,0.8274892948250048,0.9526248399487836,0.8,0.0,0.6353235043467803,0.7466462566952992,0.8361498476313083,0.75
709,708,tested_positive,0.1642314802947936,0,0.2,0.9153846153846154,0.2753623188405797,0.6666666666666666,0.6153846153846154,0.3029954341604127,0.3029954341604127,0.4639999999999999,0.7673611111111112,0.0,0.4157689329880758,0.9888059701492538,0.8789649746171928,0.0,0.9925373134328358,0.6666666666666666,0.796013803282679,0.98989898989899,0.8,1.0,0.8736353430841373,0.7514533489919802,0.8295224261551217,0.76
710,709,tested_positive,0.9273052644279106,6,0.9,0.9615384615384616,0.915129151291513,0.6666666666666666,0.7692307692307693,0.8369513126159841,0.8369513126159841,0.4639999999999999,0.7673611111111112,1.0,0.5882980611497572,0.996268656716418,0.8969857594324065,0.016,1.0,0.6853146853146853,0.8445352153532723,0.9728395061728394,0.0,0.0,0.0879180946971533,0.1806232345279375,0.0976270842074451,0.07
711,710,tested_negative,0.6081328877978693,3,0.6,0.9923076923076924,0.7246376811594203,0.6666666666666666,0.4615384615384615,0.7026664442683158,0.7026664442683158,0.0,0.5659722222222222,0.0,0.4742563680396089,0.994,0.7998097299647012,0.0,0.996,0.6950354609929077,0.8275449137610215,0.9802371541501976,0.8,0.0,0.0495824114583276,0.5165318533878585,0.5650884083665979,0.42
712,711,tested_negative,0.4994284616540664,2,0.4,0.9538461538461538,0.3988439306358381,1.0,1.0,0.2307169601241228,0.2307169601241228,0.0,0.5659722222222222,1.0,0.5380373524584025,0.998,0.8621553641504291,0.003731343283582,0.998,0.680073126142596,0.8597654987250671,0.9836909871244636,0.6,0.0,0.8114892981442682,0.6451767234403192,0.5167632084910141,0.43
713,712,tested_positive,0.4299635444876466,1,0.6,0.9538461538461538,0.2753623188405797,0.6666666666666666,0.6153846153846154,0.364507615153182,0.364507615153182,0.4639999999999999,0.7673611111111112,1.0,0.5239992420934532,0.996268656716418,0.8059285385902151,0.002,0.9888059701492538,0.6666666666666666,0.8275036271056607,0.957983193277311,0.6,0.0,0.702045547215493,0.7637266074296268,0.7044465784290006,0.65
714,713,tested_negative,0.0908564571753659,0,0.1,0.9076923076923076,0.3157894736842105,0.6666666666666666,0.3076923076923077,0.2334651517229348,0.2334651517229348,0.0,0.5659722222222222,0.0,0.367049340598379,0.98,0.7897279884779269,0.0,0.988,0.6666666666666666,0.827076731946413,0.9913043478260868,1.0,1.0,0.8399904602847631,0.8644249550910352,0.8704458415720068,0.88
715,714,tested_negative,0.1392859311597684,0,0.3,0.9384615384615383,0.3988439306358381,1.0,0.6153846153846154,0.1325256173449072,0.1325256173449072,0.0,0.5659722222222222,0.3333333333333333,0.4615391450791627,0.996,0.9151048018997416,0.003731343283582,0.988,0.6666666666666666,0.8020804564291472,0.9853826311263972,0.8,1.0,0.9637063130729236,0.9034946475185962,0.8570834524498703,0.64
716,715,tested_positive,0.1191986703746614,0,0.2,0.6461538461538461,0.2753623188405797,0.6666666666666666,0.4615384615384615,0.245974356472075,0.245974356472075,0.4639999999999999,0.7673611111111112,0.0,0.4546636817773573,0.9925373134328358,0.7502938494547732,0.0,0.996268656716418,0.6900175131348512,0.8876898851706536,0.9738219895287958,0.8,1.0,0.9993937539657676,0.9168465950325522,0.7585676287537108,0.81
717,716,tested_positive,0.1140481832366098,0,0.0,0.6461538461538461,0.2753623188405797,0.6666666666666666,0.4615384615384615,0.2744287888254277,0.2744287888254277,0.4639999999999999,0.7673611111111112,0.0,0.3397994668999143,0.9552238805970148,0.7716082071208409,0.0,0.9888059701492538,0.725598526703499,0.8274533135163309,0.9175340272217776,0.8,1.0,0.9198170795365544,0.7541409826372576,0.9217528384065296,0.92
718,717,tested_negative,0.1259001289088727,0,0.2,0.7076923076923076,0.048780487804878,1.0,0.3076923076923077,0.2693004329691262,0.2693004329691262,0.0,0.5659722222222222,0.0,0.4832007931443566,0.992,0.8375973233169977,0.003731343283582,0.992,0.6666666666666666,0.8336959162366567,0.977667493796526,1.0,1.0,0.7151156754938318,0.7620025760910984,0.8974809749618332,0.87
719,718,tested_negative,0.137744908926641,0,0.1,0.676923076923077,0.084870848708487,0.6666666666666666,0.5384615384615384,0.1957389981231047,0.1957389981231047,0.0,0.5659722222222222,0.0,0.4702563670575491,0.986,0.8532916468423084,0.0,0.992,0.6950354609929077,0.8175586421788993,0.9743589743589742,1.0,1.0,0.8346391765208714,0.7954030933397804,0.7834882765795027,0.76
720,719,tested_positive,0.893390024951389,6,0.9,0.9923076923076924,0.6011560693641618,1.0,0.7692307692307693,0.772098965706427,0.772098965706427,0.4639999999999999,0.7673611111111112,1.0,0.6356994720841969,0.996268656716418,0.8959813797068695,0.006,1.0,0.6666666666666666,0.8586885176503899,0.9924433249370276,0.0,0.0,0.1527612036563728,0.2322104196717325,0.1346882269635609,0.12
721,720,tested_negative,0.0868582789881159,0,0.1,0.7846153846153846,0.3988439306358381,1.0,0.6153846153846154,0.1293242237320926,0.1293242237320926,0.0,0.5659722222222222,0.0,0.4144140898229154,0.98,0.8180512582117451,0.0,0.996,0.6666666666666666,0.8236015261802043,0.9887834339948232,1.0,1.0,0.951784571684298,0.9256804370844418,0.8913853173025648,0.71
722,721,tested_negative,0.0975018483909059,0,0.0,0.676923076923077,0.084870848708487,0.6666666666666666,0.5384615384615384,0.1926080819807938,0.1926080819807938,0.0,0.5659722222222222,0.0,0.4300168658973808,0.97,0.8345225243816934,0.0,0.984,0.6666666666666666,0.814008429020962,0.9270588235294118,1.0,1.0,0.873667509924312,0.8011477026251725,0.8701736971050797,0.87
723,722,tested_positive,0.6432476347443707,4,0.3,0.9538461538461538,0.6842105263157895,0.6666666666666666,0.6923076923076923,0.6577880822432518,0.6577880822432518,0.4639999999999999,0.7673611111111112,1.0,0.5391874638067018,0.996268656716418,0.8521195108996693,0.004,0.9925373134328358,0.7027027027027026,0.8489309119950641,0.9887834339948232,0.6,0.0,0.3055322130838924,0.3181469073731695,0.506835071076714,0.41
724,723,tested_negative,0.31438852281768,0,0.3,0.8923076923076922,0.3988439306358381,1.0,0.8461538461538461,0.3475928114332576,0.3475928114332576,0.0,0.5659722222222222,0.0,0.4075227682045452,0.996,0.82873815739713,0.0,0.996,0.7006409254337971,0.852942926804175,1.0,0.6,1.0,0.66004875222932,0.597238714182847,0.6263813966817524,0.63
725,724,tested_negative,0.4965800114303462,2,0.7,0.9923076923076924,0.3988439306358381,1.0,0.6923076923076923,0.2118387972672086,0.2118387972672086,0.0,0.5659722222222222,0.5,0.3670798973748074,0.996,0.8859081669163914,0.0111940298507462,0.998,0.6666666666666666,0.7946778263234249,0.98989898989899,0.2,0.0,0.8355337304512519,0.8577602091628364,0.5972259918038338,0.53
726,725,tested_negative,0.4158585814064059,1,0.3,0.8923076923076922,0.3988439306358381,1.0,0.8461538461538461,0.2775152054684571,0.2775152054684571,0.0,0.5659722222222222,0.0,0.3424371174145053,0.99,0.8304490358526891,0.0,0.994,0.6666666666666666,0.8186857068997094,0.9358669833729216,0.8,0.0,0.7431897690405109,0.6197847258852448,0.7318740166358085,0.61
727,726,tested_negative,0.1007610745499971,0,0.2,0.676923076923077,0.084870848708487,0.6666666666666666,0.5384615384615384,0.1988698348131221,0.1988698348131221,0.0,0.5659722222222222,0.0,0.2698504015732443,0.988,0.8607221417597084,0.0,0.978,0.7027027027027026,0.8240974082820453,0.9836065573770492,1.0,1.0,0.8630772118351694,0.7968648863027006,0.8254914545621468,0.91
728,727,tested_negative,0.3506726398898494,1,0.1,0.8846153846153846,0.7246376811594203,0.6666666666666666,0.6923076923076923,0.1992415074690497,0.1992415074690497,0.0,0.5659722222222222,0.0,0.4410898419979766,0.982,0.8241768765834623,0.003731343283582,0.994,0.6666666666666666,0.7824052406474342,0.9385749385749388,1.0,0.0,0.8728291218325823,0.7359037669061101,0.7572312719222112,0.53
729,728,tested_negative,0.2989599996737623,1,0.3,0.9769230769230768,0.3157894736842105,0.6666666666666666,0.3076923076923077,0.333751742853977,0.333751742853977,0.0,0.5659722222222222,0.0,0.4303996957628149,0.994,0.8437789093142642,0.0,0.998,0.6666666666666666,0.7356023583563015,0.908802537668517,0.8,1.0,0.686822989157994,0.6243229157090924,0.6050940970903401,0.49
730,729,tested_negative,0.0519545309633282,0,0.1,0.0,0.084870848708487,0.6666666666666666,0.4615384615384615,0.1171847998902524,0.1171847998902524,0.0,0.5659722222222222,0.0,0.3795020579074667,0.984,0.8927425211573702,0.0,0.964,0.6666666666666666,0.7913450106046925,0.97531914893617,1.0,1.0,0.9756124856397485,0.9098287473411516,0.8528315812391304,0.95
731,730,tested_positive,0.7208863675440084,5,0.8,0.9923076923076924,0.6842105263157895,0.6666666666666666,0.4615384615384615,0.8242539469311924,0.8242539469311924,0.4639999999999999,0.7673611111111112,1.0,0.5085356621503822,0.996268656716418,0.8411335215619218,0.01,1.0,0.7167759475451783,0.8287241861963288,0.9956559513466552,0.6,0.0,0.1116525145758834,0.2480452092802081,0.2849840708798583,0.43
732,731,tested_positive,0.7997570368224325,6,0.6,1.0,0.915129151291513,0.6666666666666666,0.3846153846153846,0.8129600952970832,0.8129600952970832,0.4639999999999999,0.7673611111111112,0.0,0.4977700695864184,0.9925373134328358,0.8646131291510597,0.0,1.0,0.6666666666666666,0.787825681118784,0.9956559513466552,0.4,0.0,0.1151306954715034,0.2161058252663205,0.1102212583275812,0.36
733,732,tested_positive,0.1796808654124344,0,0.4,0.6461538461538461,0.2753623188405797,0.6666666666666666,0.4615384615384615,0.299052708440199,0.299052708440199,0.4639999999999999,0.7673611111111112,0.0,0.450262034770553,0.9925373134328358,0.816029268558907,0.0,0.996268656716418,0.6950354609929077,0.7715281883409072,0.8955223880597015,0.6,1.0,0.8714124158696461,0.8342336588097505,0.8062687328459971,0.81
734,733,tested_negative,0.0547136720757945,0,0.0,0.0,0.084870848708487,0.6666666666666666,0.4615384615384615,0.1289996052539634,0.1289996052539634,0.0,0.5659722222222222,0.0,0.4003486719529555,0.974,0.8468978139696464,0.0,0.964,0.6758620689655173,0.8553983677409437,0.9939288811795316,1.0,1.0,0.9571179570838328,0.8750123457207515,0.8995876647406476,0.94
735,734,tested_negative,0.1871520603507718,1,0.6,0.7076923076923076,0.048780487804878,1.0,0.3076923076923077,0.1466674720294802,0.1466674720294802,0.0,0.5659722222222222,0.6666666666666666,0.6032231023515545,0.998,0.9202772846530756,0.0074626865671641,0.996,0.6666666666666666,0.808164262527649,0.968058968058968,0.4,1.0,0.958358249406686,0.9062899772452322,0.8324394112434506,0.78
736,735,tested_negative,0.086420930952363,0,0.1,0.8846153846153846,0.084870848708487,0.6666666666666666,0.6923076923076923,0.1418587502942467,0.1418587502942467,0.0,0.5659722222222222,0.0,0.3833352198383114,0.98,0.8405403710296167,0.0,0.98,0.6666666666666666,0.846177701951038,0.9825436408977556,1.0,1.0,0.9423612085714136,0.8161328398779992,0.8729803658364101,0.85
737,736,tested_negative,0.061685521888721,0,0.0,0.0,0.084870848708487,0.6666666666666666,0.4615384615384615,0.14490594653948,0.14490594653948,0.0,0.5659722222222222,0.0,0.3226775589107002,0.956,0.8026949749109482,0.0,0.986,0.6666666666666666,0.8062168584327176,0.97865072587532,1.0,1.0,0.9361732486710814,0.8668156815084008,0.8868979384881917,0.94
738,737,tested_negative,0.0895550241610042,0,0.1,0.7846153846153846,0.3988439306358381,1.0,0.6153846153846154,0.1944923950006666,0.1944923950006666,0.0,0.5659722222222222,0.0,0.4143111532571912,0.986,0.8212878742938172,0.0,0.992,0.6666666666666666,0.8577097032492503,0.9447650453421268,1.0,1.0,0.8878367927193229,0.903127681663046,0.8517053806516053,0.82
739,738,tested_negative,0.0731564397898951,0,0.1,0.676923076923077,0.084870848708487,0.6666666666666666,0.5384615384615384,0.1366798312728543,0.1366798312728543,0.0,0.5659722222222222,0.0,0.3622205163370742,0.992,0.8589571813744741,0.0,0.982,0.6666666666666666,0.8259431327293042,0.9974683544303796,1.0,1.0,0.9528269822930032,0.8392427003092198,0.9089916786584052,0.86
740,739,tested_positive,0.5971927070565752,4,0.6,1.0,0.6011560693641618,1.0,0.6923076923076923,0.8094407999483486,0.8094407999483486,0.4639999999999999,0.7673611111111112,1.0,0.5230263359666214,0.996268656716418,0.860621812950455,0.004,0.996268656716418,0.6666666666666666,0.7966122443644339,0.9825436408977556,0.6,1.0,0.1080384908777706,0.2104800685479869,0.29832519823479,0.2
741,740,tested_positive,0.1465282910214691,0,0.2,0.9076923076923076,0.6011560693641618,1.0,0.4615384615384615,0.2728522502731105,0.2728522502731105,0.4639999999999999,0.7673611111111112,0.0,0.4388241306014653,0.9888059701492538,0.7829417485003862,0.0,0.9850746268656716,0.7428571428571428,0.842801268694988,0.9514563106796116,0.8,1.0,0.939759323763002,0.8009962984183394,0.850074631689844,0.73
742,741,tested_negative,0.2504450143389393,1,0.1,0.0,0.084870848708487,0.6666666666666666,0.4615384615384615,0.1300386908522873,0.1300386908522873,0.0,0.5659722222222222,0.0,0.4234212826913031,0.992,0.8646801920056038,0.0,0.982,0.7153284671532846,0.8334032022456858,0.9825436408977556,1.0,0.0,0.9662348248164964,0.824912008184669,0.8561830809651992,0.85
743,742,tested_negative,0.0312839339452272,0,0.0,0.0,0.084870848708487,0.6666666666666666,0.4615384615384615,0.1201768193529175,0.1201768193529175,0.0,0.5659722222222222,0.0,0.3208416907404728,0.84,0.8203912442156336,0.0,0.906,0.6758620689655173,0.8234612178329122,0.9973890339425586,1.0,1.0,0.9764961272135928,0.9071590771802388,0.9286411919348052,1.0
744,743,tested_positive,0.3161454765708043,1,0.3,0.823076923076923,0.2753623188405797,0.6666666666666666,0.5384615384615384,0.3258650929935562,0.3258650929935562,0.4639999999999999,0.7673611111111112,0.0,0.38020529439008,0.9888059701492538,0.8327087545374546,0.0,0.9888059701492538,0.6666666666666666,0.8127690509860538,0.98989898989899,0.2,1.0,0.8405219904705722,0.7096576572281124,0.6929474928764899,0.66
745,744,tested_negative,0.7785795984025082,5,1.0,0.9846153846153848,0.7246376811594203,0.6666666666666666,0.6153846153846154,0.7535380553632441,0.7535380553632441,0.0,0.5659722222222222,1.0,0.6130158478863874,0.998,0.8560012736822264,0.0186567164179104,1.0,0.6666666666666666,0.8236436793842071,0.9848384970336188,0.0,1.0,0.0050096436902254,0.0856451408999801,0.0778676249947451,0.16
746,745,tested_negative,0.4220808462469607,3,0.7,0.9769230769230768,0.3988439306358381,1.0,0.7692307692307693,0.5751646217551838,0.5751646217551838,0.0,0.5659722222222222,1.0,0.5139276683854739,0.998,0.864742953820047,0.0074626865671641,1.0,0.7027027027027026,0.864441859504144,0.9924433249370276,0.4,1.0,0.3012266880613428,0.6458088980567561,0.6304793364001366,0.49
747,746,tested_positive,0.3315054833388392,0,0.6,0.9769230769230768,0.2753623188405797,0.6666666666666666,0.5384615384615384,0.4208349277655556,0.4208349277655556,0.4639999999999999,0.7673611111111112,0.3333333333333333,0.4932089195347455,0.9925373134328358,0.8645874246867158,0.002,0.996268656716418,0.6666666666666666,0.7447192525957378,0.8450704225352113,0.6,1.0,0.5529851331785034,0.6879806786218735,0.6600012881665878,0.51
748,747,tested_negative,0.3029424209793175,0,0.3,0.9846153846153848,0.3988439306358381,1.0,0.5384615384615384,0.4025664898997854,0.4025664898997854,0.0,0.5659722222222222,0.0,0.3947670730822532,0.99,0.7681074143918705,0.0,0.996,0.7025495750708215,0.8174593940306397,0.9521988527724664,0.8,1.0,0.549036416492739,0.6208492984503876,0.5724597591809683,0.64
749,748,tested_positive,0.1339116244590245,0,0.3,0.6461538461538461,0.2753623188405797,0.6666666666666666,0.4615384615384615,0.2763485099925399,0.2763485099925399,0.4639999999999999,0.7673611111111112,0.3333333333333333,0.4618699981193784,0.9925373134328358,0.8599142427197217,0.0,0.9813432835820896,0.6900175131348512,0.8156736652323189,0.8976377952755904,0.8,1.0,0.8609399946738717,0.8054141212909273,0.8901761372810543,0.84
750,749,tested_positive,0.3994180469294514,1,0.5,0.9230769230769232,0.6842105263157895,0.6666666666666666,0.5384615384615384,0.5044929139989284,0.5044929139989284,0.4639999999999999,0.7673611111111112,0.5,0.5661875075852549,0.996268656716418,0.9263320320730488,0.002,1.0,0.6666666666666666,0.8176065763441456,0.9629629629629632,0.4,1.0,0.5058242257656196,0.5997926764289947,0.5278748162286776,0.57
751,750,tested_positive,0.5999092268231776,5,0.6,0.9923076923076924,0.2753623188405797,0.6666666666666666,0.5384615384615384,0.5640128541765335,0.5640128541765335,0.4639999999999999,0.7673611111111112,0.0,0.4880550966200861,0.9925373134328358,0.826037330580541,0.0,0.996268656716418,0.6666666666666666,0.8164168458407445,0.9883131201764056,0.8,0.0,0.3120656321103173,0.4655222453056534,0.3829567616449629,0.44
752,751,tested_negative,0.1213675672878734,0,0.0,0.676923076923077,0.084870848708487,0.6666666666666666,0.5384615384615384,0.2170798324150554,0.2170798324150554,0.0,0.5659722222222222,0.0,0.2858286552449937,0.952,0.8129758380508892,0.0,0.984,0.7027027027027026,0.7893631585589462,0.89749430523918,1.0,1.0,0.8244240573716818,0.6929740701854767,0.7843964687156009,0.97
753,752,tested_negative,0.0587539059542558,0,0.1,0.0,0.084870848708487,0.6666666666666666,0.4615384615384615,0.1193652611593895,0.1193652611593895,0.0,0.5659722222222222,0.25,0.4214792380238032,0.992,0.9009058309833992,0.0,0.93,0.6666666666666666,0.8288759815073315,0.957983193277311,1.0,1.0,0.9728457378564596,0.8829995601955876,0.8716312662224177,0.92
754,753,tested_positive,0.4269928426961742,3,0.8,0.9692307692307692,0.2753623188405797,0.6666666666666666,0.6923076923076923,0.2454677542887375,0.2454677542887375,0.4639999999999999,0.7673611111111112,1.0,0.5101400363310911,0.996268656716418,0.8318360231891075,0.002,1.0,0.6666666666666666,0.7522640197343581,0.8435374149659863,0.2,1.0,0.9954283190021298,0.5653795932199597,0.2472350316008647,0.43
755,754,tested_positive,0.1851867418170162,0,0.4,0.823076923076923,0.2753623188405797,0.6666666666666666,0.5384615384615384,0.355975859072283,0.355975859072283,0.4639999999999999,0.7673611111111112,0.5,0.5448116141438215,0.996268656716418,0.8650972073113874,0.002,0.9813432835820896,0.6666666666666666,0.8536827147721613,0.98989898989899,0.8,1.0,0.7542546949199476,0.7488541794272985,0.8457706747506565,0.74
756,755,tested_positive,0.3480930623983732,1,0.3,0.823076923076923,0.2753623188405797,0.6666666666666666,0.5384615384615384,0.4119651887061611,0.4119651887061611,0.4639999999999999,0.7673611111111112,0.3333333333333333,0.4766135013285801,0.9888059701492538,0.8414607801780416,0.004,0.9925373134328358,0.7027027027027026,0.8295193087638408,0.9366771159874608,0.6,1.0,0.6993905201682099,0.453089638029468,0.5489614674120823,0.61
757,756,tested_negative,0.4229227899239859,3,0.6,0.9692307692307692,0.7246376811594203,0.6666666666666666,0.6153846153846154,0.5195030910560001,0.5195030910560001,0.0,0.5659722222222222,0.5,0.482476494532713,0.996,0.8367151554527547,0.0074626865671641,0.998,0.6666666666666666,0.8308860431202348,0.9629629629629632,0.6,1.0,0.4336267973750988,0.4805534007965442,0.3682830622844409,0.58
758,757,tested_positive,0.4577405419128462,3,0.4,0.946153846153846,0.6011560693641618,1.0,0.6153846153846154,0.7253236217111345,0.7253236217111345,0.4639999999999999,0.7673611111111112,0.0,0.4547203003917762,0.9850746268656716,0.8359530634238648,0.0,0.996268656716418,0.6666666666666666,0.7800486352224857,0.8893905191873589,0.8,1.0,0.1884332109137635,0.3084090897034631,0.3967144479056964,0.56
759,758,tested_negative,0.1332989118265546,0,0.3,0.8846153846153846,0.084870848708487,0.6666666666666666,0.6923076923076923,0.1448315355706694,0.1448315355706694,0.0,0.5659722222222222,0.3333333333333333,0.3155733238577708,0.996,0.9185730376511428,0.0,0.984,0.6666666666666666,0.7658817688335359,0.9633251833740832,0.8,1.0,0.9351707801673552,0.8218214141574837,0.833214334715833,0.81
760,759,tested_positive,0.2231133642391963,1,0.6,1.0,0.2753623188405797,0.6666666666666666,0.6923076923076923,0.2543946041656384,0.2543946041656384,0.4639999999999999,0.7673611111111112,1.0,0.5453137907512242,0.996268656716418,0.868196430333698,0.0,1.0,0.6666666666666666,0.7561374939200793,0.9629629629629632,0.4,1.0,0.9516344027719774,0.8936172810130891,0.7860681307797552,0.63
761,760,tested_negative,0.0418000155685708,0,0.0,0.8692307692307693,0.084870848708487,0.6666666666666666,0.5384615384615384,0.1210298036434338,0.1210298036434338,0.0,0.5659722222222222,0.0,0.3791159441106543,0.932,0.8204658738182821,0.0,0.964,0.6758620689655173,0.8505055184308236,0.9956559513466552,1.0,1.0,0.9747382258664554,0.9017869052449822,0.9126747754771376,0.96
762,761,tested_positive,0.083099671197779,0,0.4,0.6461538461538461,0.2753623188405797,0.6666666666666666,0.4615384615384615,0.2627321397433743,0.2627321397433743,0.4639999999999999,0.7673611111111112,0.0,0.4147299468371579,0.9850746268656716,0.7558195720760048,0.0,0.996268656716418,0.6666666666666666,0.8210856534541104,0.9836065573770492,0.8,1.0,0.9346291400426078,0.9306654524182916,0.926107380352426,0.91
763,762,tested_negative,0.0689948098642595,0,0.3,0.7076923076923076,0.048780487804878,1.0,0.3076923076923077,0.1404504234059387,0.1404504234059387,0.0,0.5659722222222222,0.0,0.2546467326309144,0.988,0.8529079591939083,0.0,0.994,0.6666666666666666,0.8076742044193543,0.957983193277311,1.0,1.0,0.919525558957588,0.889886483142988,0.8466190987138675,0.93
764,763,tested_negative,0.3039605865246653,1,0.4,0.9538461538461538,0.3988439306358381,1.0,0.7692307692307693,0.6456022473348899,0.6456022473348899,0.0,0.5659722222222222,0.0,0.4626854486646669,0.99,0.7342064714405665,0.003731343283582,1.0,0.6835443037974682,0.8184912170819074,0.9874686716791982,0.8,1.0,0.269874177611427,0.7196155793941207,0.8067467238464606,0.58
765,764,tested_negative,0.1740159378516955,0,0.1,0.9846153846153848,0.084870848708487,0.6666666666666666,0.7692307692307693,0.1731526544958734,0.1731526544958734,0.0,0.5659722222222222,0.0,0.4485969082384121,0.99,0.8573936054865338,0.0,0.992,0.6666666666666666,0.8093830785677006,0.9523809523809524,0.8,1.0,0.9005565843149693,0.6887244253583935,0.7766233632164637,0.79
766,765,tested_negative,0.1290051488335081,0,0.2,0.7076923076923076,0.048780487804878,1.0,0.3076923076923077,0.1492584641178813,0.1492584641178813,0.0,0.5659722222222222,0.4,0.4950244716683571,0.996,0.862074669877025,0.003731343283582,0.992,0.6993290684974255,0.8415425013900879,0.9589958158995816,0.8,1.0,0.9322726626774605,0.8296870715112166,0.884009372810274,0.78
767,766,tested_positive,0.4227132040839998,3,0.3,0.946153846153846,0.6011560693641618,1.0,0.6153846153846154,0.7962538912210997,0.7962538912210997,0.4639999999999999,0.7673611111111112,0.0,0.4480062574495913,0.9850746268656716,0.8357802838547874,0.0,0.996268656716418,0.6666666666666666,0.8195379255347287,0.97531914893617,1.0,1.0,0.1549598076036947,0.2914586473859809,0.4473023205063255,0.57
768,767,tested_negative,0.0394593227454341,0,0.0,0.0,0.084870848708487,0.6666666666666666,0.4615384615384615,0.1190064029495363,0.1190064029495363,0.0,0.5659722222222222,0.0,0.3546597999908859,0.962,0.869792748733615,0.0,0.91,0.6666666666666666,0.8242598217726914,0.9836065573770492,1.0,1.0,0.976411176132249,0.9252804646727986,0.8915524227223474,0.97
