Row,knn,tree,nb,logreg,svm_rbf,rf,knn_hat,tree_hat,nb_hat,logreg_hat,svm_rbf_hat,rf_hat
1,0.27055731072909145,0.2437112360631643,0.06802041036822508,0.12082728918839263,0.12685946668832448,0.07053251714728097,0.2684832835179532,0.2184221148415569,0.039122636945348836,0.11635111978216642,0.09911745451834075,0.035071562480797173
2,0.0470702704351673,0.2088737688566718,0.038444175345368474,0.013041957429634371,0.08598016021608428,0.07654895556608925,0.04657137161791698,0.18741825575942858,0.0352038209038689,0.013547076194758666,0.07791515597203634,0.06378581482068163
3,0.14729726637887156,0.21238682796354083,0.014984897036689785,0.04285514583349212,0.04888636807540009,0.04423502287506382,0.15255697151297115,0.18524800343967285,0.013830845052747232,0.040077951064549276,0.041289613345783224,0.03507111792921447
4,0.026262989123229007,0.18848273850432612,0.061643986861605674,0.016826406418343733,0.07814025794374613,0.08369763342087111,0.026518599585936803,0.18156432866443595,0.05782318813411625,0.02140043341809302,0.06959182627817863,0.07184610419174602
5,0.05778266825866694,0.19364240799031732,0.03118767546083148,0.023878205083120052,0.03372289213485832,0.07634950691486661,0.05766032012605328,0.3628821588986098,0.03327483994084743,0.02876812532321283,0.04036908971223941,0.06815484983133384
6,0.0488679539939384,0.21320251830873818,0.020365427399571864,0.010174700193968662,0.04998653924447488,0.07498756425562868,0.055410415665696114,0.187047485002658,0.020639483540953404,0.010134871675916205,0.05807178177297338,0.06561165952825018
7,0.8209539289603175,0.6713340674689522,0.9966956982036277,0.9678642590010443,0.9872261534993747,0.7736376557256419,0.792010031055206,0.6980119848108732,0.996644323290449,0.9690151557470411,0.9888706326789649,0.786404449177181
8,0.7339073499428377,0.680655548765319,0.9704933081916695,0.8350779752379687,0.7234329129507124,0.7436298930784333,0.745563955336687,0.709934695158036,0.9792124395789992,0.8348638399141114,0.7706465832733297,0.7864021845914977
9,0.07416996042758038,0.24818113382339113,0.015754639256888435,0.01798995362457947,0.026096781232263118,0.08007800028903016,0.07220670027367461,0.20635563465062276,0.016648364777879888,0.018869223853965608,0.02855736727830573,0.07443972505155469
10,0.5486244455953824,0.4073607315280014,0.9845791997808121,0.7228107043262739,0.8697554182059104,0.9578803156601805,0.5771398256166956,0.18745483262886237,0.9898973167900362,0.7438028183570479,0.9314000892995982,0.9828991729659217
11,0.12739484013709518,0.20494723079275698,1.135657046398617e-05,0.012081719884467443,0.032512470763930316,0.07476844155831149,0.1282180146882715,0.18564070503174185,0.0026941125268015766,0.009828294799276778,0.03729777582126903,0.07269775761950469
12,0.13750187660814975,0.21297196848983704,0.0051782903283965976,0.03413511387602356,0.03817417500023325,0.0461403488119455,0.1348695587063123,0.1945463994486765,0.010061631505634643,0.03141821867402253,0.034164132221422,0.05091962607899223
13,0.5312202819090448,0.6830768488356631,0.7152099135427915,0.6932468676398879,0.6635072500820004,0.7327064270056208,0.543886579986485,0.566213470516221,0.8408692752759246,0.6837991876920397,0.6449094152248827,0.5601056279122675
14,0.03120910125855831,0.31108521943947964,0.061564280930619684,0.03177740821193938,0.05737346007673021,0.08831741949988352,0.03580298809835088,0.6425412259827493,0.05938459609828968,0.0431840993976929,0.06811950335576675,0.07540416615712364
15,0.31259153422940705,0.3591600594272137,0.08176302279494685,0.15825522539622774,0.13643856030271517,0.06991953050430169,0.31270831914635117,0.355149026887212,0.038246201351834264,0.15602645581178873,0.120711470888872,0.05676529743508515
16,0.879877275382905,0.22124655370567864,0.9376426175465717,0.7483448819115371,0.5341453999093639,0.8015113432171262,0.8849090756136789,0.642528621252551,0.6370271646496107,0.7308430124593838,0.7974603254275022,0.8129763250445842
17,0.5219540963895637,0.16829928454492524,0.4285586734382157,0.5642159267969318,0.5175770366203479,0.4263907085360804,0.5331296571429368,0.1728690485963057,0.5524031213397681,0.5812155868306675,0.45987757180674227,0.3711236816616531
18,0.9383466464845845,0.6214185070167709,0.9456343263332373,0.9196792409256092,0.9599601604525608,0.7994166793465719,0.9148689865228572,0.6424403437471435,0.9495241402490652,0.9225519767052497,0.9565468689185636,0.7961664097460799
19,0.16919381128034303,0.13496499728946998,1.1507813169379898e-05,0.011806409649714078,0.022535296648353274,0.07992825780275474,0.15844086958520187,0.12596985656517184,1.0647222163929155e-05,0.012379889737683837,0.03574557618730488,0.07370457179124221
20,0.8545437401134126,0.4782451605587079,0.9904335747380052,0.9284800469804513,0.9003070223188979,0.7643205925924235,0.8586524384253035,0.6009106628532883,0.992211415577568,0.9283799831874892,0.9344433700243453,0.795130063856127
21,0.5123971549327299,0.6435051778350884,0.5393396591066195,0.6025283475225803,0.5652288165102249,0.6422793937864516,0.5190587640730641,0.5,0.7201649986184604,0.6159365006670097,0.5523176561637425,0.45088729868647937
22,0.46104862846865097,0.15962953785224435,0.020103117161756605,0.06396057014633375,0.06458160241989121,0.08055441551781986,0.42733588653289223,0.1187208488759611,0.02017680784025256,0.056605229467291934,0.07538695075457784,0.07529695020063194
23,0.07904408592834028,0.3649634349255957,0.012781071654302353,0.021150970684141922,0.02906681102717831,0.08813072923058103,0.08168636892476809,0.18750389921097693,0.012791669656697511,0.01878594250510769,0.02739369631629031,0.07534157583081792
24,0.8103691186303411,0.28161378605204546,0.9925315016568079,0.9292157009236494,0.9402767432134249,0.7898507598990663,0.81719845957716,0.15525480564380115,0.9937612395663816,0.9285348841929367,0.9216077469899112,0.8156094250979714
25,0.2182050497243299,0.20007111072481923,0.005060267607298882,0.05022972596091836,0.05725047532286074,0.07487188845591002,0.21930762718803465,0.2215963546346815,0.0034812693291840844,0.04701871848365451,0.04574184095561142,0.06907608153194442
26,0.8182140459383748,0.5756398082824661,0.9869840572121429,0.8387511994757807,0.8194595158428551,0.7406831253716089,0.8195424830163407,0.7097507895746078,0.9814744213883981,0.8371000513359416,0.8135785597064745,0.8088891159713711
27,0.5442107963900314,0.1478800324957123,0.583294063626592,0.5276415325034758,0.47296635767794193,0.41621157067652065,0.5512455152816019,0.14537040476225344,0.5346426344421324,0.5619757698392909,0.4237839835660625,0.3426537687051562
28,0.03275213754121311,0.20951529493779156,0.051804313336409974,0.021948431695749997,0.07225834075433274,0.07920109092688063,0.03243437936912929,0.18546651173519396,0.05001860126459548,0.016990019741060233,0.07093437701947929,0.06580862533937
29,0.442675384118708,0.16944142129022233,0.8123751924927006,0.4706597886281503,0.6034791848769252,0.7842131877883045,0.4465733588884972,0.6327786860060909,0.8475420134459773,0.4806249242373019,0.5782179735911909,0.6887314233856722
30,0.3543435912854639,0.5579752546886765,0.006496526258628727,0.03746224197388357,0.05650852549152229,0.07269503265806317,0.35287047960985746,0.6424843975004474,0.00835538477310899,0.03852106339773576,0.05968125100061344,0.06851136332828993
31,0.49379496499597253,0.36541935432230144,0.026006821571399382,0.10267531367153279,0.12802848389807642,0.08586636235859271,0.5,0.1874171098859744,0.06126985963372637,0.09987840816610571,0.10572357512462197,0.09574150172045437
32,0.15173980270869183,0.21196021282687325,0.018336076712105027,0.04151627042873159,0.03896348589381817,0.044377871549806824,0.14867024387224081,0.18743632558816356,0.01394216779531056,0.03896339304146267,0.04052861308986022,0.03557064193010979
33,0.04314850740476086,0.2134817014039071,0.03795396130767088,0.015033645109126293,0.08283872715023835,0.0648300970251918,0.03728610278612911,0.18563856961531006,0.043835560880013315,0.015151072936884263,0.0731327002695466,0.06232678341534037
34,0.036695654720897315,0.21709006921311558,0.03598438884803872,0.01829091022127774,0.039277666712634336,0.06485764521336851,0.03553521098932801,0.18692927775360058,0.04259831195544727,0.014247308664261136,0.0604792465881379,0.06667126830312169
35,0.7928618843903052,0.3880121748323999,0.1836340296584813,0.2924534841342652,0.12106783446002588,0.6660306431989276,0.7417172236784961,0.18746734000141815,0.16448245375859194,0.273920357963029,0.2875893030215818,0.7863309904738737
36,0.055217720844141005,0.13803021320457556,0.02396468092174672,0.008138638154764781,0.04218937802619142,0.06268717535509992,0.049480291088848,0.12085419820183571,0.022905892475541843,0.01102001947160952,0.038153278562539444,0.05776807847318195
37,0.7211483429288582,0.7572453584385123,0.9726122042553671,0.8921920789109065,0.8889046333575564,0.8034195349933021,0.7292132582911481,0.6680655216183148,0.9815074536975996,0.8897128994165501,0.8551115020057322,0.8112204882799826
38,0.5812672953094955,0.2590396870038978,0.7883418272764425,0.6599489094445484,0.5544377990917236,0.4820231433150314,0.5892570704812878,0.1874561587140521,0.7276922715559525,0.6479784427922767,0.5183406579847508,0.46680862998532496
39,0.8552560646554482,0.7500972461933941,0.996777685666984,0.9705117552516526,0.9814983554408241,0.7862076082006604,0.8276576451213206,0.793019397966023,0.9966918357042486,0.9780556543881881,0.9924413718078502,0.791741761261191
40,0.15409932567235346,0.3478709339649714,1.4398950333218064e-05,0.027705681349932808,0.029696530381584596,0.07329813059890433,0.15933560530545424,0.5309746860950034,0.002699177390903164,0.025316225791646874,0.031741557642093285,0.0740288815862024
41,0.6331800385489108,0.388514446942538,0.9281258111348651,0.7510847089258742,0.6974380588336498,0.5813978922816662,0.6425030580540142,0.5394864242245575,0.9067516785092731,0.7760425197722537,0.6823019465567738,0.6618867021683648
42,0.650133006860214,0.4556235222824036,0.9077127558644871,0.7062497804681342,0.6894554122930713,0.5239766723825923,0.6563309161667858,0.5630558198801263,0.9046715884028048,0.7285205004859383,0.6097375223096606,0.6162378367509919
43,0.03792808648594487,0.21042982423309736,0.015372293598990039,0.008325564511249538,0.048028172130566135,0.07791178488394584,0.04438320634817443,0.18375208814739188,0.028461121330714052,0.011345805567811154,0.044781820130228266,0.06600950299185449
44,0.05243992025378621,0.21424942784198606,0.026174866306959182,0.026150565077520137,0.045099532422060926,0.06849796005684097,0.0551540193885582,0.4692266346963462,0.036829514360270606,0.03149077676724588,0.04406411764521581,0.06622870641502529
45,0.7237258407935683,0.1272996550069115,0.903380273984188,0.5232342274553595,0.3933530005414799,0.47512455861982106,0.7199411483272874,0.29882845309496986,0.8739180135973551,0.5477094345564969,0.4630150982385015,0.6476190794537681
46,0.053650359099687205,0.29385307611131545,0.029000457750292006,0.02151661542247723,0.04742696177277311,0.07187297941835118,0.059612693978899796,0.2165249756159163,0.03007682471267442,0.026193733858964056,0.037207175834403985,0.07103769009356913
47,0.17444602341163729,0.26692083387570226,5.407009836224778e-06,0.012454132653237379,0.022428014717601627,0.07682520342974065,0.16295536170412817,0.18748626590915493,1.1658443054977466e-05,0.012282715659249564,0.03690395053909974,0.07379212138842871
48,0.021999227067111635,0.17694337892074483,0.06031334656113169,0.02611893940429681,0.0550903854237536,0.07149396040921736,0.02715893445599118,0.18139064661738985,0.05683177679863632,0.020598034881571674,0.06876378099393364,0.0709631928611388
49,0.8238949546998057,0.17321960766669864,0.9957531359978676,0.9493173102534366,0.9366286841987638,0.7942666653202646,0.8388662334989391,0.18465044030444272,0.995448481600132,0.952515727997818,0.9576383192086423,0.7967982863604297
50,0.042797444735922764,0.19113770568500818,0.03386782086449316,0.01265977725710647,0.03358927362175931,0.07018807975032622,0.04268711600102734,0.18563003803081288,0.03440351993615982,0.012638533564330224,0.06588708137660187,0.061984007627220235
51,0.028329964929058277,0.2005165473184475,0.04723976350377732,0.014043949060012505,0.06707014944508845,0.07765524368850359,0.027793953104094694,0.1820999583818249,0.05563033866039447,0.01975624027219503,0.06715791478817286,0.06992403259227518
52,0.0348014539101854,0.19765748962058824,0.04775444197828269,0.015472020597013402,0.07382972809624963,0.06785097254720594,0.03484131798193859,0.1865766722469264,0.045553715504437244,0.015377970158872786,0.06817814580979974,0.06436571394409907
53,0.030938273268268878,0.20058400755612188,0.055531692558225515,0.017073381229841967,0.07110614130658409,0.0772277743389917,0.0301603498339934,0.1838658279758952,0.052298132190755374,0.017842479336497238,0.06716610087588235,0.0683093531806109
54,0.0800708361722865,0.21003611722601062,0.005402759063858873,0.01990165938364176,0.027452553339093834,0.07234407829522556,0.07847881387425049,0.16626519267921802,0.016461284856626013,0.02128690507936741,0.029371259897011642,0.07465779783268009
55,0.6868546500379552,0.5308319567609792,0.9592534891099475,0.8844312046568872,0.8725693775834725,0.8026481147431147,0.6944196236093193,0.6426451903826531,0.9729164693801078,0.8820471964077607,0.854325870100812,0.786483075801894
56,0.020627060082397473,0.1404217235022702,0.06451098904172213,0.026587197534956447,0.07353984967237283,0.07233211809076023,0.021283880333053836,0.1327155208271777,0.06020988466101064,0.03073734027549046,0.06968689766129207,0.06430411478401424
57,0.10843905541264647,0.18453081417218722,0.002811920222201695,0.019760072898682243,0.03251667259844693,0.08346856948295166,0.10499515513380289,0.17267508466825962,0.006579675705774198,0.01889025888067943,0.026546903278017744,0.07535582106031229
58,0.6270974852916285,0.39371058199867914,0.6785697040517552,0.5404799708362381,0.46981775572633083,0.4542051758382597,0.6387936187076472,0.20596404897943751,0.7906734800175671,0.5331070764563499,0.4076990961105388,0.3775379967295186
59,0.5983255602191461,0.27046848575584215,0.8024346276893667,0.7310806159454286,0.7511880621740072,0.6184986928631342,0.5720264968834763,0.5239032371676131,0.9045435517230591,0.7443067187765037,0.7245720940065121,0.6402769924240086
60,0.06845466310836172,0.17386781731853868,0.008584504029774547,0.009209270351596887,0.04131879638613448,0.08357657937085028,0.06847451333953805,0.17745959406978695,0.009942712205975594,0.008945891566342663,0.03782396831592383,0.07526697872668468
61,0.024750350546249675,0.15271318305249995,0.06367806387757677,0.03273535148279817,0.07696766402361283,0.07233193441323803,0.020853337124232985,0.13980072238502375,0.06012507294631002,0.03211895496384974,0.07057651858613355,0.06428598039196148
62,0.7005561877724777,0.4852608333702771,0.9906428584492241,0.9180794194924602,0.954432427703321,0.7542797861722158,0.7122549642337201,0.6425460193085296,0.9893930626985064,0.92504843987261,0.9401315280279435,0.7976377803478778
63,0.02875980950056706,0.20977682575040787,0.051763953412003176,0.01647724999887836,0.07510635591824881,0.06917506029501713,0.02454866511625749,0.18742039876313912,0.05928770800326743,0.023630317864771867,0.0680607082389572,0.07086185058785811
64,0.1747500585045715,0.38549110610813864,0.003225067207863902,0.011352769608468694,0.04958288993189787,0.0816318130547127,0.17160959319479094,0.27709517991583993,0.0029888142737641097,0.01137042037901283,0.043430514849523504,0.07407186897175433
65,0.85434748709785,0.4095336641793719,0.9945986876703896,0.9527413505531287,0.9469304234832153,0.8114818591030946,0.8609946678939815,0.1916951079561743,0.9952523562476009,0.9560847811764839,0.96525135111899,0.7841474816629473
66,0.09482345569815545,0.19417776295668246,0.016966077424932866,0.009522295022578184,0.02722799960508287,0.0817825020755224,0.08194283795027697,0.19919245568358784,0.019114113620168172,0.011934883641160993,0.07851241285746999,0.07536859945469145
67,0.7685405060552881,0.48660935629241425,0.9925398928822067,0.9116841425225051,0.9203107270500535,0.8397419054912417,0.7772679107924223,0.5885889639415993,0.990977562751575,0.9161971337515268,0.8976351950228604,0.8266930485567232
68,0.5222106689603296,0.10894159847124414,0.3263671516926751,0.4244067036946352,0.2832855681648218,0.33500755338086485,0.5341039013686634,0.09834429124642484,0.3455265568121406,0.4275849314209442,0.30117438826287696,0.19204344502116888
69,0.03105923657385959,0.200642864890249,0.04534417817508886,0.023084580432322154,0.0696798030579391,0.08069954724983648,0.030350664276635964,0.18509940337146752,0.052547716949412265,0.01799813601583248,0.06913036584599933,0.06804615964139613
70,0.13982830233159116,0.21300005237429068,1.0653724482717309e-05,0.01139034705808085,0.04300492704705958,0.07392662331668132,0.13084790713703226,0.18752595619771248,1.3612589474051836e-05,0.011238466670103534,0.03264027574521146,0.0725826667688133
71,0.8827715229231469,0.2508882569224015,0.9905568586096836,0.9646005028400235,0.9883748836999089,0.7444265550890764,0.8887006917581903,0.5285174917389502,0.9941890056508651,0.9664454928122714,0.9801234451170755,0.7814219420677514
72,0.11543863064975045,0.18201406088251657,0.0026244728366636404,0.009315893201566039,0.02918321476071778,0.07493464222759082,0.12097070453792676,0.18121930849249576,0.0026153721909830847,0.009977341035588392,0.03455892902417759,0.07298007146702047
73,0.11840970384652061,0.18748517366065248,0.0025903182440959443,0.021021341549025033,0.03268980506615229,0.07733553474599066,0.11713069039120881,0.13063936717279817,0.005246621355182348,0.020211405220814445,0.027261232781391982,0.07531182562991308
74,0.24064885261002664,0.5352478023195602,0.0079627899461522,0.08539290577511391,0.06064571463760416,0.05319762426034288,0.24064413861996226,0.6482971527329484,0.011623572160260873,0.0769216981669688,0.06490817708365668,0.04465706837535574
75,0.0477058662153472,0.19146864765575314,0.02611021055979652,0.010091324396119022,0.08013035652976776,0.06582167789804308,0.05387015323256101,0.1859134471129421,0.028120501951608853,0.012192756173175567,0.07514953618582515,0.06628457873399098
76,0.021310732485204573,0.26222291164533346,0.06211004609243995,0.04812786982037896,0.11219919941675081,0.10026419858804705,0.017586162594348847,0.187419893909807,0.057575627895992416,0.04785756691389051,0.08249540468738517,0.07534559266973401
77,0.09372076546939809,0.33273590076004816,0.005392567821093488,0.007531874827990485,0.020141007552757804,0.07129370225730386,0.09907903701126877,0.25361145442543576,0.006317035070497025,0.008800985296324414,0.04857457581537462,0.07354676753614145
78,0.08601932865130801,0.17727750568565248,0.005070195274757331,0.007470637478450908,0.05534530005747297,0.08789555221433447,0.08687548743498108,0.16817287692944435,0.007201803783608973,0.008587578345873101,0.04645211684962954,0.07299638298728064
79,0.2778901709181883,0.3113222708825113,0.3291668213460196,0.15548221625387193,0.2599406501011685,0.1964229937792555,0.282880641759814,0.18739128104882313,0.2845562695544054,0.1604527489164822,0.22443186984769947,0.1229677762650024
80,0.032998915126836545,0.20399204642853008,0.05105811907700566,0.02023996246190686,0.044655379413946185,0.0587250806425093,0.03183961457973983,0.17314213423113206,0.048418090939573326,0.01605490500975412,0.05762011473738764,0.06546069525261253
81,0.027861214475889077,0.12069623110648836,0.05610654136659245,0.021192831636580943,0.062314135288869275,0.05891529452689988,0.02694394806656084,0.12084276494340636,0.056345013225749516,0.020556958885653856,0.060770236018187464,0.06162638654593001
82,0.014959151504761719,0.39522051631976046,0.05681432819594,0.032231160593373366,0.09886522199259035,0.06981403296685966,0.019011610373413788,0.18744720503520973,0.05926026278275876,0.04074977064693343,0.07730867036673911,0.06889886933655635
83,0.10631332386687951,0.28883086417446163,0.004753996398991802,0.008820514361347788,0.020071643850745457,0.07236950447873067,0.10614913893225247,0.44314453995991937,0.005761917060383179,0.008930361242731987,0.04849592143760206,0.07371461400277125
84,0.033337035252286325,0.21033140408115877,0.051059889057407055,0.016733253051168358,0.04456577577131633,0.06900924276017228,0.032579513573951176,0.18575965060306773,0.049224842906097604,0.01662616417206338,0.06914379864319123,0.06593092791606897
85,0.16849760912245482,0.18997601975292153,0.03936541694196215,0.056550497393577925,0.06568500217666873,0.033796619144691495,0.1729179020151286,0.16815270846212,0.03345221791922999,0.05779253252715363,0.06273140613708289,0.02091910156933043
86,0.06490426797600167,0.19444904394820872,0.010470473197727499,0.007498087522479549,0.03677119519936604,0.0788424365273258,0.07179145684859682,0.1856201949579227,0.009663335202357355,0.00866501985816457,0.04330347271572573,0.07438391274653867
87,0.7654966132798716,0.47005232674514846,0.9699847298434866,0.7191718927614396,0.7149827791701191,0.7270192163899897,0.7755195604920825,0.6150299761868053,0.9642688719512037,0.7423323007327121,0.6797753533474549,0.7789953078727605
88,0.04765205769553408,0.21745537056375006,0.021583100771639545,0.008948925368416176,0.06427913578199905,0.06922722259155928,0.047709341471216055,0.187479014483459,0.02655894017875335,0.010947161565620665,0.057530064967519924,0.06538625774301488
89,0.20098859140302588,0.19809234288857064,1.0734007283289343e-05,0.03556804998289409,0.0525977164584952,0.0808921914770234,0.1953902856606625,0.2192542527300572,1.6551360111685742e-05,0.033090018493565646,0.037892875781658626,0.07418320546081032
90,0.032603932512298754,0.21678988015077352,0.03608388624511217,0.012870533305356766,0.0648485178702811,0.07659671798016653,0.032073596241127864,0.1873640157337408,0.048235918464346765,0.01601896483817366,0.06125574688871118,0.06737077067561364
91,0.02715436326138773,0.18852999425829847,0.05810651032754851,0.02150569521855657,0.07820878422915208,0.0728549019505199,0.026640365274882876,0.18159945719867143,0.05769310129683043,0.021275367279446542,0.06962521343127505,0.07176043344777612
92,0.2346845762080858,0.7713814990506492,1.8244101438210208e-05,0.019964508293133627,0.051715688707953164,0.07321875294150697,0.23971662514894257,0.19860702080534512,1.8850786181518382e-05,0.01990421704006871,0.04320079107186603,0.07539230215769507
93,0.30050121246120176,0.7187249734468244,1.7032918809021344e-05,0.051237284238908005,0.060371881788564286,0.051646583319797,0.2919048919013688,0.1875013743979796,0.00373881132246763,0.05234724780915,0.05688503540869946,0.0671144479188866
94,0.7743795069122477,0.6114635239200186,0.9933151851505971,0.9664776613722853,0.9867925504952998,0.7492315938310857,0.7912738790615094,0.6426232930672533,0.9968184176597754,0.9691009754094122,0.9899550699880414,0.7861900822212698
95,0.048688617667811546,0.17838632913826719,0.032767801445070605,0.009364777525996482,0.04392530350734603,0.06518050475741413,0.043281964285565716,0.15810407588138078,0.0318521743273404,0.013012717258289947,0.03922566695830936,0.047300420389575035
96,0.6092968964522216,0.16108018867346532,0.7867849262531451,0.7010886956866632,0.6220023837120383,0.562165236938537,0.5800918214190142,0.17835496920831748,0.7681517377018247,0.6890233262644294,0.5815321631201459,0.5211338627127763
97,0.05116253266900364,0.19532742210735773,0.01547031006932298,0.01003464709140229,0.0681850816101208,0.07539931265538848,0.05767469168303797,0.18695148467298323,0.019664763663974034,0.010071507438174936,0.059328142516522527,0.06579226444045892
98,0.021596835309038363,0.16844618107479317,0.06370477800678567,0.02910646284311769,0.07427714383625711,0.06124434075922107,0.02226914342734699,0.1427621205333774,0.06020127765641246,0.02844617194972972,0.06775854117295348,0.06266257892089835
99,0.03316484273688197,0.19250387046147444,0.033439482048385955,0.010977455649156295,0.06716711350458363,0.07230139120199094,0.039166993231092455,0.18635014978998218,0.039484589846076924,0.013805303521808334,0.06809271687042957,0.062173402635138014
100,0.399339971572791,0.17102406179440632,0.17714084850385195,0.26156214173130604,0.19427412095932842,0.10122850371668747,0.38535227531910377,0.16203943552581185,0.08616623571604261,0.26488893185960977,0.19356490131322077,0.10941558797940759
101,0.08009213758198279,0.21009410287792543,0.01200771011261671,0.020841924609971724,0.028480805222374003,0.08272228740402889,0.08271947704452468,0.19157428216510702,0.012137461101819822,0.01847980599796462,0.02714143275889442,0.07502135075372068
102,0.050232295372105475,0.2057048585250052,0.02247564388341234,0.008825944115538093,0.04901989050309216,0.08289263940422384,0.049808675623458365,0.1907928401672627,0.022112100547394403,0.010306660120251946,0.04348743329284078,0.07041321215425572
103,0.03542141812700737,0.10674342510356187,0.04809623249584284,0.010621121781150914,0.04519905006567303,0.054821753321168495,0.03400644542915355,0.12161156320194458,0.04517057901367065,0.015096216284229169,0.051298029607467356,0.05915024023652466
104,0.026452762544351967,0.18722073152442684,0.056418751207668295,0.020914293985599228,0.07112156004370178,0.06858319450170482,0.02687070009109879,0.1811143084935907,0.056417568521839954,0.020464961480827385,0.06498267033912396,0.06846204089442343
105,0.05122156583126234,0.2615191644420626,0.024668733665611984,0.008870555339465283,0.0395082375466086,0.052271297493475984,0.05007033298815679,0.18742226035835208,0.02362202309745069,0.012058114299053102,0.03487228662196724,0.046651621013426625
106,0.06714196580218507,0.18284819008649303,0.011509764321186356,0.007554339400762233,0.02239198737482825,0.07645155966691988,0.06740230590215274,0.18387701290118888,0.011462863984784268,0.008814802161476891,0.045218094636810646,0.07343950774919272
107,0.02533491510762764,0.19198114950439593,0.0502980557064322,0.017307559013158853,0.05321754378844854,0.0773525567492077,0.030827637246171987,0.1592220153163822,0.05017514732176256,0.01677603559377518,0.0579597032400594,0.0646200015541731
108,0.10391263975847288,0.18861493104407404,0.003498007281544335,0.015712164236488746,0.03308299925977539,0.08381468020097718,0.1110495653237808,0.1282844546003034,0.0034273102523483,0.014418837038727275,0.026660377289505544,0.06752223053156757
109,0.07160847363362172,0.18574709667743594,0.013653838549372434,0.010046538318158065,0.07763788436766768,0.07265182233409094,0.07086337077224727,0.1715643447701691,0.01723260922710256,0.01045300002526468,0.06792243963138048,0.0723605910501734
110,0.80776738861245,0.5,0.9931164409524081,0.9708000417569252,0.9851821277813497,0.8072099434661955,0.8213218691757234,0.6137267414532187,0.9962619270354645,0.9734039516891368,0.9863898461562915,0.7914761252866462
111,0.5,0.3917597933718192,0.7713682196981433,0.5203848472506716,0.6124899553570188,0.35748094696867033,0.5109378053113025,0.5949922787648992,0.7222574543631625,0.6036930594340139,0.5484765969919405,0.4460192727748208
112,0.10544808515292994,0.16104290804259186,0.0036640749797054234,0.017826253023389638,0.024291762394702435,0.08031022781098447,0.10783785424872361,0.12310135481829469,0.004179172255078111,0.01546578792267682,0.0261879774902016,0.06883413268726418
113,0.037844572144534655,0.19488392537307056,0.02731674669985642,0.013395574778422487,0.0614050437831287,0.0793928106658972,0.03814967158658981,0.18744619695863954,0.03807641817348458,0.013067011322825527,0.057204630443123794,0.0671884208366148
114,0.05026468139394,0.2070972686878189,0.017166099561290747,0.009861230683319228,0.04928113768934411,0.08003180143509771,0.05689686844219056,0.18640035284246054,0.01866602243408447,0.009759887674980228,0.05450538863311579,0.0674197988806755
115,0.20879569746405663,0.605276677999951,0.005632314732085191,0.060439259937235194,0.05392050881630959,0.04424426227892558,0.21306424705503973,0.6238887676488589,0.007820508414628289,0.057150953501595575,0.051347753867492574,0.04805136132454423
116,0.3975855542372242,0.18635143073372276,0.271889154164728,0.24105816041261827,0.32310148886175555,0.2409375012610881,0.38474273265796116,0.15825966298078686,0.23332980292167757,0.3081663282997377,0.25915227720945816,0.12670830940415342
117,0.9201440110882793,0.29168890977014705,0.9951315714297169,0.9690316596513109,0.9875500328992045,0.7827365658287723,0.8959828130872721,0.5068492815533754,0.9939748953956675,0.9721874196742668,0.9858146924604361,0.7866357679311584
118,0.03119902604852819,0.23812425181917818,0.05518153291459765,0.02284539651734004,0.05065099291072904,0.05371304090430022,0.030012969364481147,0.4546931747790759,0.05328537865124081,0.018768299620164366,0.05343995441043965,0.0523509968952592
119,0.02906683571473589,0.2028891837434714,0.0478302637019024,0.01221704984834674,0.07410384906471847,0.07594415808869905,0.03483248536171149,0.18655962562970388,0.0456436285107107,0.015416123449209757,0.06842445745969175,0.06430847974245478
120,0.036622599238485716,0.20857847887770026,0.048900799022694424,0.01791954280558872,0.0741414520332776,0.0803676790039585,0.03148961512665985,0.1844298965160619,0.05221438402082996,0.017950905086454683,0.0731899050854264,0.06668613442359397
121,0.08611199188790153,0.20225049530767059,0.025350811244128607,0.026898497129227168,0.036879444683627007,0.055600934244788625,0.09227831545690927,0.18747104060008526,0.02009454481303771,0.029479357661981703,0.03561167038558683,0.04952549210990448
122,0.10254855768506399,0.18334532856973698,0.005138568143713385,0.0075477749189552246,0.035211409365034314,0.07657796421295229,0.09390346376699751,0.18684877426569726,0.004660366183340229,0.008779222390713302,0.03698458694771507,0.07473882281583612
123,0.053218791311877824,0.19369106847282264,0.022524794574492007,0.010798362253415957,0.028089615696875136,0.07792552003222185,0.05295640699990482,0.18744976103348598,0.02415071167520978,0.010864266468097065,0.06363498793084064,0.06373886679652097
124,0.2673283024976495,0.12700513071807715,0.0033979912254076122,0.04846587710374752,0.04611999612516391,0.059235220071915166,0.26155096180755555,0.15171366658530955,0.002723003679003281,0.04575604207254438,0.05047265768150443,0.07263756562806334
125,0.874674443807991,0.48153382928950006,0.9955321073340929,0.9851693978475257,0.9886390708235966,0.8306675091443877,0.8912783464171853,0.6425346116542661,0.9950111273037143,0.9864297534488747,0.9964239885915063,0.828265670681336
126,0.3869740535282999,0.4439510064993406,0.699928588439752,0.2670499453353253,0.5399154585036453,0.7785547116812682,0.410842627742218,0.6425500851466188,0.8655197310091819,0.3742651812925717,0.6461167491915447,0.9041155565060423
127,0.3207903348501098,0.4498551535317118,0.0038513274998020048,0.022655417426832747,0.044334932415874516,0.07649363879789058,0.32625341577258765,0.6426350488418116,0.006116201401372894,0.024253888149102606,0.05418160462378402,0.07360571638108519
128,0.05793825642332878,0.19474502503613253,0.01635472193952664,0.008002182524570467,0.06310774355252016,0.07374870491758358,0.05809806685743266,0.18618144210478207,0.017906208675753325,0.009661480113318098,0.05430155337023981,0.06765500686877135
129,0.676622882407431,0.16124096095386428,0.9923744746873185,0.9209116835179857,0.9634072867641146,0.8302718024322568,0.6949260205249025,0.17816369503590537,0.9940255290131584,0.9198096159818666,0.9616651171779037,0.8420426495820446
130,0.7921527606134329,0.5,0.9951802436551448,0.9436526405440343,0.9282683896747703,0.8102724954276915,0.8029719855362614,0.6424993799271209,0.9943107057498152,0.9440542299524877,0.9434049429597943,0.8180394313973756
131,0.5082215525592656,0.1911160679746225,0.37068600916375377,0.4856050129870006,0.4069569871148668,0.35015771703231463,0.5158397725749372,0.18112465639281322,0.3385885484175038,0.4710974017878104,0.33898808523982144,0.24316179080380632
132,0.28049064401132956,0.1883570269511111,0.004006074755594081,0.08513518483181622,0.09412681930466775,0.0771029665361624,0.2782085609896925,0.20384974161402586,0.005979393459737252,0.07988511788243,0.06675444874025066,0.07066574145151072
133,0.16509864288536974,0.2093224330851068,0.019756647003015763,0.04723496870079518,0.052131913667818046,0.026786385747287096,0.16245243125926243,0.17656853061842148,0.014535202767683145,0.04386216711200475,0.044204251925309454,0.032535018933419715
134,0.23843140669292875,0.7413658171637892,1.711470079261564e-05,0.02026358622298177,0.04823084428317415,0.08615866994598796,0.2317712889304324,0.1874307143060076,0.002578362179760882,0.017621071207732555,0.043022268360657895,0.0762682466734321
135,0.04001989012553489,0.1845163075753443,0.032355603497349825,0.016847459718205716,0.03288677418832275,0.0775372975860205,0.0461898241990846,0.18726415362651783,0.03320583702539037,0.012806566963990417,0.07248104176135262,0.062013062317847
136,0.1088813686116054,0.2648328559148315,0.0036694659120937076,0.008799006706074251,0.052674311649999445,0.08930524176836378,0.10571775299326701,0.21776121780881552,0.004832226300074216,0.008777429646069496,0.04403329389580062,0.07313015239278937
137,0.053816840380764196,0.1987471049427787,0.029700488061810235,0.00971666190492426,0.06844110525100457,0.06385257622651827,0.04689817041019771,0.18744634585921857,0.030984344650915895,0.01218010910656501,0.06859804840894841,0.061831135842258904
138,0.04409909836931724,0.18515823318069968,0.039402619555628,0.017895572364065533,0.08316489362848581,0.0780984927246825,0.0441128795382187,0.1874691436103372,0.036484274425013855,0.01360552914589394,0.07529112128668398,0.06212464883804208
139,0.21423329609232378,0.19790253630128407,0.00254728459312221,0.015573336089759337,0.026498393431088334,0.08571381733480403,0.21618646491411328,0.18835927237491787,0.0025204917110578998,0.015478137978534093,0.0423355628440867,0.07627335645464675
140,0.3567053423443849,0.3361897414823896,0.02886149843033888,0.14252654569819953,0.1576123436600548,0.1007727733256437,0.35706149036277895,0.18745008547164543,0.020166090828065343,0.15980054690488885,0.11569486971271055,0.08254161646339729
141,0.0659144363096608,0.17629719447411854,0.008077559999173905,0.008701825812180443,0.033785225235450196,0.059325857627364774,0.0732252459321878,0.1803081955806238,0.008136802103916284,0.009480046074242425,0.0325231509424227,0.06864476939250092
142,0.30355531207906516,0.4300044014417307,0.0035778533830022326,0.019923075490667182,0.042162897334374366,0.07855431383250236,0.27811730963124776,0.6425175022993285,0.004965482583097616,0.0183428406943113,0.05144928221047477,0.07533275773597926
143,0.040081846696504476,0.20666887010152218,0.022834742804244808,0.010056888916200548,0.05509624484831557,0.08040082498579372,0.0404721071317969,0.18721526264593924,0.03418137319569323,0.012203273848506193,0.05332698514981196,0.06825918302244262
144,0.8537022554210562,0.6331690410121174,0.9784340286130837,0.9019822998377812,0.9425187074235459,0.8153999210929609,0.8674703462801238,0.6872974173061696,0.9874354289857704,0.9119668984205654,0.9223086443617488,0.7937493347721939
145,0.7358234378670301,0.38397151509398847,0.9006232932301051,0.704155159146065,0.7142936607771944,0.7378602877131591,0.7465563747640563,0.35593855923125345,0.9517879049951442,0.6989746248253718,0.6136960591752038,0.7291631588157093
146,0.01806422571989377,0.2205710469290895,0.06725394628963907,0.03018443534446895,0.08022773396520523,0.08795831275708517,0.018580304901669974,0.18747933039579182,0.059486667813822704,0.038655165533024775,0.0743539219173731,0.07527496669398565
147,0.14710699301793492,0.16870652307526193,6.982675516918639e-06,0.012151621331758776,0.04393313503336008,0.07286405216217033,0.14887301190316823,0.15197697910063196,9.248171389448764e-06,0.013105905858280342,0.03281056822507154,0.07314583749420944
148,0.4468252844308261,0.21534517279272097,0.09304265664568001,0.32045186310697105,0.23450936289619356,0.1040184020866333,0.4571666357500995,0.346151001256252,0.11452756881487973,0.3185913643649893,0.2191256238958721,0.1340677527891195
149,0.7385961470687799,0.631880988091166,0.9822142859917364,0.8417286704210784,0.7628518086206333,0.7911087454124655,0.750274697320769,0.642542268155155,0.9826686391170238,0.8581336608014469,0.8049059139209449,0.8017587702651354
150,0.023114320047774195,0.19402293213475527,0.0549554738461409,0.018082586243929805,0.05177663615190417,0.07506767734207363,0.02839255262915357,0.18305033706361712,0.05460604914234939,0.019092185964512558,0.06612384827502332,0.06927326175970958
151,0.4894709398604765,0.1767137256832871,0.37277141231837163,0.4376231978549073,0.3673827805326055,0.2829695616067127,0.46787693304767314,0.1873948967491133,0.23047180078450016,0.4150969685837649,0.3023845923492232,0.20625236012744552
152,0.03212033362898666,0.20693810160146248,0.039282321189645975,0.013433822204281956,0.03621996825220491,0.07041135841841352,0.03815611461019564,0.1873928459156809,0.0382570992319503,0.013132249295479969,0.05834095572525898,0.06674497522248528
153,0.10461782870661995,0.22553065112047146,0.004348165665308174,0.0167064683238233,0.029209752402381002,0.07792153326810976,0.1117816343772501,0.1365355632663571,0.00405061286034417,0.016316701295694954,0.0263601927372994,0.07062296064415476
154,0.6981545077738155,0.6003907813377001,0.9692931819936591,0.8491755420387829,0.9023553388016875,0.7811152127235346,0.6651458695862619,0.4814425738042769,0.9875657952214455,0.8944288898157522,0.927304384625117,0.8098776245286694
155,0.11219772475038516,0.2074565276239941,0.01086270572965245,0.018001701525929396,0.030316166937411723,0.07358202944688788,0.1103092947221167,0.1875428674303224,0.006885225885857351,0.020827101563485363,0.027365235911057956,0.07534672966289457
156,0.13551265117969255,0.17510265287723178,0.011407438470088078,0.028917486818992238,0.027653635004476824,0.07894072625113646,0.12946510349966683,0.187434092381924,0.006961205142078342,0.02626128932416961,0.030444545498665043,0.06663263859006828
157,0.04934689021331746,0.20614353642074004,0.03760898497852894,0.013453788824591648,0.06441164694677155,0.06327309496726169,0.042697578532082094,0.18739306471434067,0.037936629002075055,0.013886639089229186,0.075106530278919,0.06184239308669968
158,0.03985332427146283,0.1849746673673546,0.02861582942210736,0.016620306144819835,0.06568225130298007,0.07740132404669747,0.03956238695986925,0.1875075722949456,0.03667832925365025,0.012848225480437007,0.060280832657991446,0.0653393523287515
159,0.03289477817095062,0.19147418540698952,0.043626147624625564,0.016493628080652602,0.04554887004097901,0.07390073859336393,0.03222040759306404,0.18542140132889073,0.05038759734087638,0.01713663059591979,0.07108347855612777,0.06599900185965629
160,0.08211486811922535,0.20570481430242082,0.014217925030638817,0.01751565106326264,0.02897019869725584,0.08447159378029696,0.07544996325910987,0.2543364349455738,0.014370050234953772,0.01799220207570548,0.0276279845311903,0.07324326468713989
161,0.3531898524420978,0.42918750806306755,0.027745636873908273,0.1520680724639228,0.10818176255009089,0.07115909988758329,0.35047211463567973,0.21748638109635254,0.015405268237810106,0.1403032053186948,0.10409524228328294,0.07830851500519798
162,0.4406148310297069,0.2662455655171155,0.01737552028737375,0.06982961445022921,0.07655616240293661,0.08036512921352001,0.4422752874110619,0.1598067097417157,0.027145206700187084,0.0679043354362121,0.08246413575262057,0.07458092570438735
163,0.35216926630569845,0.34358212471234134,0.027818861367844186,0.19814773628163213,0.13972646487350238,0.1067616974013841,0.3430283376573674,0.2182070163994566,0.046233260878686684,0.19166936547677202,0.14254822715052273,0.0753728990839229
164,0.03803709486110326,0.21325232097981814,0.03572210012942693,0.01883377936433254,0.07915247761795349,0.06552347630474234,0.037847177530559765,0.1862893001645483,0.041834428878239564,0.014452567702294502,0.06979759318645544,0.06232390438177325
165,0.7789469767958889,0.6782030570050136,0.9919831718815476,0.965877237101869,0.9890031582660997,0.7590271550946965,0.7976907061636025,0.6832260637864278,0.9958122090384257,0.9670531449390627,0.9817635254015119,0.7944266499784589
166,0.8014595284016421,0.2573230379412599,0.9950996499971524,0.9409727325825105,0.9583113667873217,0.8427868526311598,0.8110867356047241,0.6047236615385236,0.9947839064613242,0.9479653138816017,0.9493569747540773,0.8134136122332293
167,0.1410265717879115,0.2605811093563565,1.7144378048688878e-05,0.012488327877172311,0.023158405865073648,0.07925250857035104,0.13280875601256223,0.19321976589844922,1.1946292279582836e-05,0.012429082925851717,0.030934055883864112,0.07176753866200192
168,0.16700508038486742,0.5774001211272829,0.0033538614042470773,0.013850794022430507,0.04967351595746782,0.06463534662078277,0.1696355245262413,0.6425569959042627,0.004244167639681,0.011219591427809832,0.04896184347417847,0.07369692996302056
169,0.12898467963833213,0.6391592390177535,0.006214441647366955,0.009536890938629172,0.056588103738536885,0.07552336341876548,0.12767750572547856,0.4208830797388546,0.006142761993958503,0.009923917872796586,0.053824196013122584,0.07356169106906005
170,0.0893981899252247,0.16072792132784744,0.012585482631040944,0.014342683473819989,0.07173082862012939,0.07778236533934252,0.09025626578762751,0.16181803720201804,0.014572974617776647,0.01096742412743621,0.07107170872774331,0.07502725765968783
171,0.9140208408181842,0.5441426014068714,0.9897766825940352,0.9449497882683866,0.9449836749916565,0.7507472493512126,0.8873574947532404,0.7178781482066554,0.9914818762213696,0.9485118175438484,0.9647610753389356,0.7863572296733536
172,0.704100757736206,0.7098685484955787,0.981648885831526,0.925991455908634,0.929964909668584,0.7611305109614106,0.7203417052864488,0.6183643839296705,0.991227246174855,0.9322487550798002,0.9485487347164311,0.7991242060768994
173,0.07953633517888305,0.19732045568655715,0.0044210261828104,0.008044270478335095,0.03897709185893628,0.08268490395154343,0.07981940869259667,0.17257575305967518,0.006571893757577521,0.00888855819236703,0.035328876397034734,0.07516357334070693
174,0.054840378078346436,0.19784824519618516,0.02065723561692376,0.007556860904148136,0.04450145802402692,0.08283620938939812,0.052458298789291105,0.18898249629711714,0.01961192009247772,0.009947899124787192,0.04282403603633876,0.07183839798650142
175,0.05609563732165811,0.19286035831839685,0.033669146771244024,0.010502003657154209,0.03258294199685211,0.07603540182181646,0.0485893580910512,0.18588609573605808,0.03255160408856671,0.012942959394284886,0.0760523869378877,0.0639115000315883
176,0.06640984329317474,0.1912547056540057,0.028189904851984037,0.02404278451309455,0.02991812586206406,0.08199805626214139,0.06926684837457667,0.17396994475946553,0.024407980533976078,0.025533642529319375,0.034453558471783566,0.0680298563336698
177,0.131461532684877,0.6971755516332331,0.003625362425001321,0.009463012879229241,0.02138938671471686,0.0762429793476964,0.13331810930939572,0.4937877345522032,0.005601345390678124,0.00998775082318292,0.05238836810134946,0.073417881125294
178,0.1694260820811205,0.19412911682288178,0.03901051474749969,0.04430270418085331,0.07438374477512015,0.019319775896698185,0.1732020987518499,0.16309919509057452,0.02914675755780709,0.05598533413636798,0.059098712024284225,0.021681986403936038
179,0.752940229698676,0.46637378926267253,0.977009061937121,0.7759263709094418,0.6400623023094093,0.7010223070880085,0.7654441555166915,0.642511232810255,0.9770037179303825,0.7968791860930017,0.7317714857672784,0.7799359217022479
180,0.4180221914486509,0.317894669252608,0.6327256622952963,0.41321250170136153,0.4200444113577468,0.4665547125865595,0.42711327706144453,0.2469477006967574,0.5415299306478392,0.4191881038222453,0.3974299386869715,0.2743022136764768
181,0.04388851812580973,0.2045739966984188,0.0336413574651763,0.01682343326001399,0.03360766624677418,0.07586067925689875,0.043669502457356055,0.18603659804114397,0.03448030326342819,0.012833512898664488,0.06917090431947784,0.061384772098432974
182,0.08612977650081728,0.19975615603235428,0.004235570753078454,0.007351116889309934,0.030670275375387458,0.09039880374213002,0.08678831049128678,0.1874352802832649,0.005548251460072818,0.008712311698465371,0.03701929777347032,0.0753926732169991
183,0.019724197962792303,0.19128165226950453,0.06307399873318491,0.04336591809769249,0.08047399740661577,0.07998780199265162,0.019370031016861123,0.15475624945140448,0.059743468266680234,0.03587851708349062,0.07319363376183306,0.07129892189624205
184,0.03659776399684334,0.19365563746339876,0.04342186135120335,0.01055821650381444,0.038814021240061836,0.06735100796816235,0.036267956718571956,0.18679092164833097,0.042171908795098044,0.014244307130221729,0.06362369090159006,0.06510096549443457
185,0.1718669084426878,0.11315485770728816,8.38808848066588e-06,0.013336408273617782,0.03975383591172056,0.08091011183004676,0.16205366886152628,0.11344599871279173,8.638125459755507e-06,0.013700185805357557,0.03445262620354406,0.07402760533009878
186,0.06364204795234059,0.09258346034444236,0.02046277051716523,0.017575555435837845,0.02860818042198127,0.07686442847057381,0.06244218530765632,0.10441991074968342,0.024556989452137537,0.0217705810265537,0.03250004342911411,0.07519431928404277
187,0.07037182058021314,0.2102690939248002,0.016527475904128307,0.019559452159190478,0.03181072099999963,0.08291710233220888,0.07749062804774907,0.275987777656338,0.012787820291163259,0.017209258805973637,0.027029719675025383,0.07143741620900063
188,0.15084372064171614,0.19617854029515866,0.019248465273848978,0.034364174937939404,0.05085125205802324,0.027504390980800868,0.15593340323610672,0.18083788972236692,0.014624548237642334,0.041768499973779044,0.04275839825224119,0.03312379847895724
189,0.6665472393666438,0.5609284283962133,0.9817645134033754,0.8878091035909433,0.859170108389989,0.7817146625438834,0.6846943750955323,0.5149901303126971,0.974215212075542,0.8857560566598567,0.8708936749032181,0.7795841743849132
190,0.7956244096836401,0.7062287834835632,0.9955385849559222,0.9510968843183815,0.9719434435435473,0.7901020464193461,0.7650146259627978,0.6970831531400435,0.9948868465529089,0.9556123664210593,0.9741633854047314,0.7961424230518305
191,0.03948202534991348,0.20655059876034165,0.04644147027587091,0.014418869647200044,0.06499674262112404,0.06457240768955512,0.034347633242901354,0.18692796263627096,0.04452750960359641,0.014797261340779671,0.06086776968285195,0.06693900572337103
192,0.7077302026182705,0.31201055427915814,0.9302389855102916,0.6562064116307716,0.6125883601133304,0.6909611432785896,0.7190352191884245,0.18741232495925209,0.9364193727209233,0.6593955399302611,0.5608056514719075,0.6569721520095886
193,0.5991382216887908,0.5233555516699796,0.72718829379588,0.6443599393851641,0.5825862060915912,0.5224237087080651,0.5700231056404036,0.18879912762797446,0.7042673868823482,0.6512441501312232,0.5341837388298688,0.46957156750164325
194,0.09397214816552278,0.1736782210040892,0.005825281544114514,0.022634831337424475,0.033936187231454286,0.08095652926253537,0.08666962804648673,0.191065324246344,0.016301151095032603,0.0240321859032044,0.0307286643025293,0.06709828907672495
195,0.04681054949642893,0.1977562854695976,0.035593391308878945,0.01653321909260698,0.03435966914983021,0.07287087498372834,0.04088207607977878,0.1872748025740727,0.03558482012131913,0.012718415357077444,0.06270906471697621,0.06361843306983231
196,0.14056776679801283,0.20127744180757462,0.019834036891445632,0.04070040422089581,0.04566496659828605,0.0249040366367833,0.1458039645135518,0.18752749489779713,0.01801909911535242,0.041116268224417614,0.04359328424563631,0.02956267064530485
197,0.04103723377534305,0.1969636838593335,0.046568741933970044,0.015088033839788012,0.04121911154908532,0.07277051792265005,0.03546610137177926,0.18594928344368022,0.04567888049636614,0.015565062707557278,0.0712610517336331,0.06336679518473509
198,0.7746492023782992,0.5999506648347768,0.9951966913907296,0.9662486089634628,0.9881384092071496,0.7832932358974738,0.7964346762763617,0.6691011683155911,0.9969179256504404,0.9708381432339698,0.9910718886063017,0.7855710095188573
199,0.7189906341892477,0.2718647431100229,0.9935577840061225,0.9169894823506597,0.9475821330594443,0.8494414539237499,0.6898382775261958,0.19808158957655064,0.9946250091020028,0.9154970988164123,0.9643919590780937,0.8632861192417606
200,0.31428596774654183,0.2844620598004571,0.07739096334027674,0.16142035383683134,0.12783951717968647,0.09473294521445849,0.31970688109311174,0.33203624010640653,0.03500820961526376,0.1600934051247846,0.12155947587984922,0.06232822631104519
201,0.04827712498766376,0.20192648927163773,0.02692966518494437,0.011140405079874476,0.030029247907392396,0.07061324094731795,0.04615910719828982,0.185686421091084,0.02620385836596267,0.011000927290138298,0.04368062784787703,0.06664257530963483
202,0.26008854596568104,0.15082110324729653,0.004416527379069997,0.0528782379580539,0.07171692269855948,0.08058721800151081,0.2544497550406665,0.18748243588787883,0.002855464844643531,0.04932562214867017,0.050726576906951856,0.07394267333941834
203,0.073218510617496,0.18939019086469588,0.01202478619352154,0.009471557968383684,0.04370313559349459,0.07460580706391766,0.07383570378375716,0.18032612862622543,0.014100515307217076,0.009721628562705796,0.06170911660529605,0.07180607146635921
204,0.024387617982999064,0.19567862650602058,0.05626182222559837,0.019180204180974075,0.07730964928594657,0.07062643861225276,0.029764405865029615,0.1860615995704433,0.05482740041268642,0.019196831782016005,0.07343474423114367,0.06878568082845014
205,0.5234011273042752,0.2598352049478933,0.23956779523597693,0.20634198943036342,0.15060571666545902,0.13325328346532817,0.5324235416495272,0.29390245235382745,0.18641880246329082,0.1989165267290622,0.16253006583274582,0.09606366587987389
206,0.03319648828115977,0.18426740759282437,0.04580954131653762,0.014534811472508789,0.060554490849573955,0.06777698816853371,0.03363089464222009,0.18640797940948925,0.045335768807161524,0.014984535965887719,0.05760721641020468,0.06674356283860149
207,0.07449248075741428,0.3458211529023276,0.003480672908515194,0.016311660950015176,0.030367711735204354,0.07869015062311717,0.08177075043941517,0.2224607694956719,0.010197133366745745,0.01606102148900803,0.0262664691545582,0.06819020972015075
208,0.16190845727304534,0.15309162996665357,0.013348529803538437,0.04102670817273674,0.04442229063382704,0.05615303120659702,0.15639194388758196,0.1874807431205287,0.012180739539836113,0.039937150678380585,0.04068677868134562,0.037878062640002506
209,0.03965236411011178,0.21509959445468338,0.031140884824695285,0.009662510655015862,0.03169393688685693,0.0712902283505774,0.04591185838515836,0.18640113699458258,0.03108751560569824,0.0120655788541236,0.0662959121777154,0.06186399388131806
210,0.09634246273350601,0.1668313651886317,0.010679390164058724,0.02074087549166459,0.03448150391623372,0.0908135423230393,0.09360341964327357,0.130341761070781,0.010760240736004184,0.020591916268523795,0.02762066938570696,0.07537789404384315
211,0.025933817711757217,0.21035327075984225,0.05148615304305399,0.016408609936171988,0.04602409380043016,0.06986472885465438,0.031470085106826196,0.18503667478265098,0.050471444267802215,0.017054567383454622,0.06768069299300773,0.0671626032826686
212,0.6421248640623536,0.7420731916114596,0.9095335887216122,0.8150105573417389,0.7749492138004589,0.6147892313293287,0.6540148092303409,0.547576006704318,0.9398210775962358,0.8237035265245172,0.7615130575615021,0.7223069492036311
213,0.6877033593293908,0.6594498747645858,0.9698779929701628,0.8595614098810413,0.8419047393992682,0.7448308577823508,0.6981880171029818,0.7145732672903674,0.967176879111203,0.8586293604599805,0.8064168780962955,0.7787562355159282
214,0.6076168929418754,0.6801132577461807,0.9883879319879596,0.8308822648890876,0.9333594142741781,0.9432593693835831,0.6251594358732817,0.6834776571161526,0.991681294033333,0.8452251079217484,0.9374722679651589,0.9303495551243169
215,0.762021981356898,0.5062993352888386,0.9863614438396118,0.8618596529635152,0.8700912960155095,0.80677030768742,0.7731071977313075,0.5748685521698287,0.9866113186968811,0.8657411181144629,0.8223492405319149,0.8100902635684172
216,0.08939279589429856,0.23614034304391573,0.01955082079629268,0.025934634757371785,0.03606972855930151,0.07483037295351234,0.08568226567915112,0.18742609643308109,0.016136614094479845,0.02354295152592424,0.03040319630886222,0.06872051682860729
217,0.7215800149779327,0.15303030049266497,0.9948196550586067,0.9455801377187175,0.9746901534425889,0.8119827577940983,0.7445040408805288,0.13690063765000332,0.9963869918240892,0.9493264284058213,0.9826413154858274,0.8138469418343741
218,0.31760256355640415,0.3625667913444536,0.007202560301116046,0.019589988478505526,0.06563032424111782,0.061338112477505785,0.3209417920808281,0.1875037956481803,0.006581345207122875,0.021820149408134547,0.05851034173892191,0.06775982210396807
219,0.7196179646417982,0.538994336590313,0.9777101322105024,0.896190401428596,0.918095984754182,0.8122034699340313,0.7340756062994014,0.6424353007599057,0.9850441511035255,0.9089141426871996,0.889592448903701,0.8172571538417935
220,0.8067536193459234,0.4563653342369763,0.9935158976295366,0.963128646240263,0.9742250648743545,0.7598439759093863,0.8192719964068448,0.3916503581416105,0.9959477468102956,0.969096580087151,0.9802412920133796,0.7950005661489166
221,0.07286785701001464,0.22690918219231718,0.0035520691090462487,0.018153751970739457,0.03022503415388921,0.07882644973421993,0.08014015744622054,0.22979951494686493,0.010525220862294923,0.015827875771833515,0.02633129560692643,0.06693495483222507
222,0.18150193857904057,0.48324200015098867,0.014004282224674069,0.04695123467670471,0.05172033806417779,0.051649845034064536,0.17989668958620955,0.19997057267584942,0.012927742068653362,0.048987556147790906,0.04721040722100034,0.03418914979736922
223,0.5392994664279788,0.32518659187273297,0.07450746748963896,0.16498001178088317,0.18241938553729578,0.06956073922044621,0.5,0.32986636290501675,0.11828567898389038,0.16726171579884128,0.14053337768579155,0.07536016868931678
224,0.46612581562583727,0.23501212289546655,0.25915860794430673,0.33097704516724086,0.29246162848518226,0.1500938451317479,0.4468185095523909,0.18743999345762355,0.19850481705105094,0.3830254277371808,0.282636441345219,0.18384594116474642
225,0.053041090665391456,0.19036465560658075,0.036015450300411506,0.012611652973272961,0.0329723093884085,0.07750385757413777,0.04605127448701207,0.18727715837007997,0.033358509331226735,0.012836597164315733,0.07252599353029612,0.061982967852267486
226,0.05662782724096661,0.20709931253020172,0.01870965750449604,0.007831095275284526,0.04925273164663621,0.08000532881197862,0.05675185680453391,0.1864299179202967,0.01875116031805361,0.009770083289530782,0.05449557653903138,0.0674108803804648
227,0.11226928869507367,0.18653183553489583,0.010606571427271502,0.009783918684587181,0.06313398552875904,0.07351900018606611,0.1120897908524382,0.17356997803204136,0.00989996176989673,0.01056808213298935,0.06369673688725022,0.07290754142200369
228,0.23946804425324897,0.16898221051712164,0.1263415814947294,0.11023167079689085,0.13178739875143627,0.02578869758161627,0.2443739238091984,0.16375530709490693,0.10289891337074582,0.11103388611714761,0.12328013442338162,0.03354999836412083
229,0.42832045109729794,0.45552087609627395,0.8186623041955348,0.4186228009855383,0.4535949470273246,0.6584459985809704,0.4138825234754599,0.7153014347549898,0.832394166814904,0.39797230638036035,0.5594741391992192,0.7695489909761651
230,0.09763405397343627,0.21496569894142922,0.003661983726682257,0.0076367101530109465,0.02906475129636318,0.0822084500147683,0.09356882322277897,0.18673289256098435,0.00448784909103964,0.008951636781036951,0.03521733656855081,0.0747431047859506
231,0.5164597017658724,0.3099454904402291,0.9377083375616395,0.5741590663340447,0.6803983313541152,0.9498431179808458,0.5,0.6426376160286947,0.9558174721506564,0.5910933236264602,0.7787844426218501,0.9392527818499393
232,0.08658998222694023,0.16002249083490785,0.010708187509778101,0.01460969536017961,0.02492055321918567,0.06239312965709992,0.08017716285311553,0.18912253139299298,0.009905422006071432,0.015150338954153334,0.026208484573643203,0.06417489509306792
233,0.022864486954424217,0.14215667829106085,0.05324040314756524,0.02284523096101401,0.06944361091477057,0.06966057313646519,0.023492474388075047,0.1307575904213107,0.05968488763941367,0.025663552117346753,0.0659101376451228,0.06312154769060542
234,0.1900118110745914,0.2445525450933551,1.364387477857202e-05,0.01262890910941469,0.03362162540688639,0.08720341956729451,0.19352387433447898,0.18749331893267215,0.0028988422278523785,0.012747023943673564,0.043581196818436974,0.07537492549952488
235,0.04189427573546455,0.1981826981643195,0.04463215656041197,0.01897047493191602,0.07299736758605087,0.07580208961976014,0.036346457894662426,0.18709680334241596,0.043040923110848596,0.01462536198494265,0.06712988870169027,0.06372204441407353
236,0.16564662839241573,0.19104019168967698,0.04688062557345103,0.05186315694563228,0.0814623438558541,0.03365186476241488,0.16027575490388496,0.18753042588505764,0.03379370809669653,0.054118080769613476,0.06119833795490379,0.021141518054091958
237,0.12859580851816596,0.17315611633648562,0.006110213054460614,0.02332953251439093,0.033317510229182445,0.09060770143966893,0.12247200449078018,0.12918402413091093,0.004752744843577785,0.02078652464309244,0.02766486767914675,0.0750857448628454
238,0.12764360928241333,0.19929862111875002,0.013897502831488582,0.03104274576698194,0.036754439705658906,0.04821281658196589,0.1259298656393685,0.177729386544431,0.010765399867470767,0.0296279626123242,0.03304708985504665,0.05297942301307418
239,0.07352930472426936,0.18131359326435462,0.024941814423839283,0.023183907492477826,0.030289803775593243,0.07639673757507472,0.07979857099791443,0.18864399569707743,0.02137355306814353,0.026804864633816518,0.034140495966251606,0.060590492911607875
240,0.030125725018673936,0.1917139871495764,0.05421660282609106,0.016649944445466747,0.06279536298530836,0.08037971218441864,0.030406754970552032,0.18457159191618075,0.051413342281103634,0.017386843984233485,0.0648160212916716,0.06812429147478634
241,0.0339628883209811,0.17858525796516952,0.0412369131489676,0.012791366103565845,0.07003823045569563,0.07155390299045311,0.03366548947841901,0.1859167121662182,0.04789959075380353,0.016202392775576308,0.07007322108620406,0.06484285879539296
242,0.03464896531627631,0.18796382456336047,0.03052515888397361,0.015564292586551442,0.05123080516340765,0.07577444353299319,0.03341059045401189,0.18175989541394982,0.0456846975534258,0.015093434653163934,0.0566756571468355,0.06609644652506837
243,0.8765899597678167,0.5104725650183488,0.9929174048623899,0.977574954304625,0.9782412082850681,0.7764941194903534,0.8822384359846137,0.5789296973849104,0.9957072165548337,0.979269769617494,0.9904223474008873,0.781098472735741
244,0.4636066428501105,0.1949658552982994,0.16005799980419919,0.3066508171439798,0.28040934575828824,0.13268439663710033,0.4669285618362844,0.3517204254246721,0.13201693981007,0.33199333218954186,0.22845390665223977,0.1390492896640319
245,0.4380445615841568,0.25820651230613295,0.3451827657854445,0.4050115555311933,0.3467567723947355,0.27760210191653567,0.4444956199058105,0.18956539273922987,0.1978433941061663,0.3804020216959617,0.2816601027767624,0.18197647427589086
246,0.07433483888389311,0.17976131269809645,0.008195476090415156,0.014226197142271305,0.027979200285107714,0.06004486253701263,0.08171746411436451,0.14310949231748185,0.008842213422216078,0.014469488058913318,0.026071192948720776,0.06191732723976641
247,0.7833897601754408,0.28697772752556117,0.46461360777772354,0.3216115282694624,0.4909010995690634,0.8082565220242466,0.796289192812931,0.6425603694254998,0.06136372014047084,0.2962405581849449,0.3502745989010266,0.8340442422467499
248,0.4863720653911544,0.5788148371018802,0.884844882388127,0.5939592081151993,0.6349378459167107,0.515970760794024,0.5,0.43127852188450067,0.8653658190634675,0.6031584789772163,0.6319813213312072,0.6186142459584922
249,0.7956633439544765,0.5367614917420137,0.9892767029903934,0.8756074791460705,0.7654573815551867,0.7592063123157408,0.7997353316030903,0.466031838120417,0.9884861644699808,0.8710371407448847,0.8404476507749086,0.8127265444368934
250,0.03214774387259045,0.2069382439904806,0.040153186392587456,0.0134272128227305,0.05319008702127256,0.0703995777394076,0.03818461127882186,0.187389192626629,0.03823013294645168,0.013128235007677545,0.05842241483928358,0.06670295029302703
251,0.46074345183241155,0.6248082578992658,0.014861915731777425,0.06558612066091378,0.053284700074204154,0.08441207091026219,0.465722648341739,0.6425754315489078,0.022165086754101913,0.05742584080751918,0.08006529194446159,0.08871977773224701
252,0.05621144165630116,0.19401699289249166,0.01129383779729653,0.011963557278945902,0.05925871200893495,0.07837561558361218,0.06291747857582139,0.1856876538112652,0.014670649785414137,0.009211607074689054,0.05130757883760826,0.06970323902147994
253,0.026423477981691357,0.1933406280872306,0.061366190300357386,0.017446813232615516,0.06366761291275287,0.07270258155966346,0.02566508685163324,0.15943720338924183,0.05778040629224907,0.02192684418973952,0.06467853510759565,0.06669411563353887
254,0.05962195359451338,0.19500404738497584,0.01685978674860089,0.009844856487898578,0.02536930049959157,0.07534072130503446,0.05784062617475568,0.18659260151180207,0.01848440421679987,0.009781589510721715,0.05581180155925063,0.06691944285018805
255,0.2094974381835722,0.19507693126410247,1.3035097411661726e-05,0.03599141262103937,0.039486597404704414,0.07930615377754126,0.21233809683774574,0.20816867937055245,0.002620405895150735,0.03957321075917157,0.042015826369419175,0.07334556228517757
256,0.8739007468872828,0.6853340020256475,0.9959832775669144,0.9825829086316017,0.997929996576934,0.7812987218280516,0.878825046414404,0.6435034165940263,0.9957912150835512,0.9850370541912639,0.9954754228150555,0.8126216722154112
257,0.0962960529788314,0.24514109653707017,0.006744053188347578,0.009187690847465829,0.0678581295738208,0.08979169907591936,0.0973952490373277,0.2640603765965843,0.009408675140180877,0.009618158650560664,0.05914665078002225,0.07513368383209137
258,0.04678334258795115,0.18162804742184027,0.029548551256088195,0.011413608504429795,0.08039783121871968,0.08036465918734073,0.05303320935926458,0.1851650367582532,0.02703107871813319,0.011745787889653577,0.07126153819234184,0.06452561250913243
259,0.3722830302691597,0.17140716873286194,0.39142691230441085,0.30691459779364083,0.2679665170711949,0.11431055198495822,0.3783923158626755,0.1365832699146332,0.2851790419771677,0.3049875153340452,0.2713832621964825,0.13210122793765017
260,0.07857059744579657,0.2294773759813096,0.004644315396223926,0.020879451521598525,0.02965286347303111,0.08585398313980176,0.07579329031167016,0.22367786438650195,0.014749892615995838,0.01851129833921702,0.0278643356429984,0.0743776275123244
261,0.6166299938691953,0.48250546453957777,0.9308846771356853,0.7876699882724013,0.7567391542715197,0.6098103701929177,0.6282324199682641,0.24580765310055286,0.9142926426006648,0.7967870742403522,0.7319014148687875,0.6782462940502815
262,0.27334839336687417,0.1324684256873967,0.09251739841603397,0.09851296321446879,0.15352083297458868,0.03839527812840217,0.2755378818256419,0.16309331392020196,0.06131719198551242,0.13007378117642385,0.11532662481137726,0.03533046344452352
263,0.04750471490774953,0.18443468469518845,0.027558240390898027,0.01089559704543934,0.029267222810662602,0.0758826907728448,0.04735203988516543,0.1874462194389821,0.02623903030460316,0.010826677953604258,0.05490596156075045,0.06716734775645578
264,0.5059112864995527,0.15031790037096465,0.23454169741871764,0.36875042879558806,0.26711619049597396,0.18369953260542032,0.5085073405166805,0.13693588639567036,0.2192497365632854,0.3537000972844527,0.24558854954046047,0.13734480999652454
265,0.8973327610348196,0.4100149444038209,0.9936220865052064,0.9680093030647761,0.9831748417937134,0.7532115343332051,0.8702140489261085,0.2450924026997856,0.9957902273139182,0.9695985651442056,0.9805653759518436,0.7746922457111681
266,0.31669580469784897,0.6784102568180062,0.004081255869225031,0.03345468931973732,0.043980098679116744,0.06973427867516993,0.31397582438595106,0.6678417910851917,0.005270456245180751,0.030613320493639493,0.05301102889049414,0.07073251629521096
267,0.16937775226187474,0.1491650597393758,0.04353953407662519,0.06046754658731909,0.06443272008480057,0.03411302137034957,0.17178568501323735,0.16832719309356406,0.032207316338258477,0.0568687687730022,0.061441711888380796,0.021066517989119366
268,0.4608185622024898,0.17876373778580848,0.1522744508444126,0.42924005397470283,0.3182429713548378,0.2556561099037741,0.46767829994378257,0.19178325242216876,0.2599504861073778,0.42907935188690294,0.31842792043535106,0.21824839450082564
269,0.037978122993734625,0.17966571313062568,0.04127468192194106,0.016378319116987353,0.04379235487284495,0.0694052173158762,0.03284285799166612,0.18559282454850895,0.048263038584110594,0.01620822482135059,0.06720936088466034,0.06611907883046789
270,0.6940285393201662,0.6703901685243967,0.9600029842713287,0.8142246023032201,0.8128400070762507,0.760277093313605,0.6584420525261852,0.4440212113112175,0.9508018752286026,0.8443894669385392,0.8002422587370416,0.7418739651251574
271,0.12981098341528224,0.21771016650548577,9.763731720702663e-06,0.016186432608212467,0.027260489435449134,0.08952806973728009,0.13608706563556333,0.21572459017257575,0.002525265767737988,0.0182629105241078,0.02841201349010527,0.07265874891075277
272,0.029524873692106945,0.20277619534535818,0.057144845573303536,0.014872814368115822,0.06066024371825771,0.06373773494306259,0.028640899708139437,0.18301725364437504,0.053812319203922605,0.018622751022716568,0.06316607501658954,0.06771826718541198
273,0.043324143596163746,0.18444858085961294,0.019916361231286428,0.008711341547137416,0.05248383450259205,0.0807146390522556,0.04159349499151617,0.18742256780456548,0.032322780719641085,0.01186554443691934,0.05001493012748374,0.06834504827999156
274,0.027992311013813363,0.3166524007809037,0.05688630489783205,0.023672404178578785,0.05590739664711386,0.06815691658822534,0.028792166415456098,0.25500124051473194,0.05456056524245191,0.019341962046489074,0.05600352126589514,0.05528981399167224
275,0.8400391963067381,0.34431244618703366,0.9175953528149551,0.7503745131643147,0.6553803203192671,0.8555322574449763,0.8371882359611302,0.18748040622250986,0.9151654473606642,0.7397049468767136,0.7383895615463023,0.824843473104209
276,0.14655314811971235,0.11264891966825356,5.825793786378748e-06,0.011994354198633556,0.030127958310307432,0.07556229394008476,0.1489624814190272,0.119210747485352,1.1300494291868965e-05,0.011820230741841905,0.03495049523464304,0.07329629121972002
277,0.8959116059037538,0.5911448650673101,0.9863768240337917,0.9502403456535143,0.9527019250555105,0.8008698225467464,0.9023273213922506,0.642476560393431,0.9879166389095578,0.9523385286634013,0.9725888276814356,0.7946096331201739
278,0.040768347808309985,0.21535347793404064,0.03783477623578628,0.0170739435471202,0.0637154168907384,0.06962161544979303,0.0407208467387455,0.18638109336038736,0.036739801253620016,0.013096301012062569,0.0658178707575409,0.06237083417725382
279,0.10228317333973205,0.23471308714736375,0.0038229400567387265,0.012714358975140642,0.03008628113071261,0.07976304329618711,0.09513909237310306,0.18752846647831548,0.004072672079913782,0.01052386606468965,0.029149110602242793,0.0675395848563978
280,0.06574163569669629,0.17641763786386383,0.005465762385160853,0.01298590640076805,0.025862453109975654,0.06292073112578339,0.06262833733527703,0.1728441680911096,0.01311239740250184,0.010649057094354188,0.03140877319479279,0.054092239106305014
281,0.7612059026965142,0.49011107784535696,0.9931478888913535,0.96529279854882,0.9747551192533817,0.772892812055677,0.7831333182984918,0.54523076338811,0.9967716669945148,0.9663460291472881,0.9889041862612691,0.7880663061050405
282,0.8154882607876077,0.4398197109343691,0.9544671469805666,0.787983739632686,0.6583869014834113,0.7366636588732185,0.7763985014708478,0.6424545366868537,0.9759867552279259,0.7892250649871136,0.7300366109035453,0.7862400149033255
283,0.3121336361348677,0.174025358399112,0.009749517860219098,0.10978641132785562,0.12917742303959584,0.08240488371931803,0.31785729026131215,0.18160064037162424,0.014391235237662415,0.12791605298304284,0.09601409771406048,0.07284681979969886
284,0.45073793008798585,0.6125252208797268,0.06309118522250737,0.31408319728035017,0.19980860089607597,0.116372909096112,0.4535353220948914,0.3954529129794329,0.10140382180188767,0.3018261317604972,0.20733496308773222,0.12412470221873581
285,0.9092961762410808,0.5619999312777731,0.9882536896197451,0.9383250704836801,0.9271872007949623,0.7771560469480098,0.9155498324907907,0.6425423885635234,0.9724957153484065,0.9421324468142014,0.9709270292934208,0.8042529966297943
286,0.29101135603875505,0.4028094713198867,0.02073152881257252,0.09683906701136079,0.09156971936833484,0.07077522105225052,0.2954027818774117,0.3087129773054903,0.01496109488946386,0.11618765974384505,0.08939519121437307,0.06196021590085036
287,0.5523944371162886,0.5287311222348828,0.9612503611160785,0.6326437613108167,0.8189479728317131,0.8709475357738098,0.5579465233301698,0.6426017701658624,0.9647165241620557,0.7369919577509259,0.8174336434966027,0.8462252198402784
288,0.5884565193541597,0.24661693978923788,0.7024459695353344,0.6860578280196267,0.5951906420544402,0.6157903440533103,0.600671296921569,0.22796439914885225,0.7755390875792486,0.6719820273485234,0.5480719017613929,0.5068771325432163
289,0.03282805856776689,0.203142252563048,0.05315595809251301,0.01722625084119921,0.08066480185138797,0.07280545315952261,0.03215844488618613,0.1853938452055918,0.05051004743807583,0.017187420162417796,0.07117275593697318,0.0660514302382539
290,0.22987028155409156,0.1811822302852212,1.4475973577652288e-05,0.01907120810816026,0.042464427586391094,0.07609792286611887,0.2320167466928087,0.2564999818172254,0.002901904396721047,0.016430566612043843,0.04413180851180276,0.07696184894819424
291,0.05647160919879141,0.19534769103332675,0.020409105383911042,0.013733864179696747,0.07197818859206319,0.0659689840512737,0.05669201982526836,0.18688045531290443,0.021394211468687342,0.010459370827057475,0.0627469814454608,0.06507647565634997
292,0.8801270327403317,0.36352561093780245,0.9923217680475792,0.9535176069598283,0.9829348484053316,0.7642325907073373,0.8874799171833311,0.6571388530763785,0.9932332528752305,0.9584777827698663,0.9731856782341087,0.7836714844161612
293,0.2209269915489901,0.2147578432843599,1.712969580320814e-05,0.039493211050439174,0.055545923887960556,0.07578178709469251,0.21666826655613552,0.21116886462415907,0.003117619673269965,0.04414613355190068,0.04424882924346021,0.0709196445691499
294,0.4424848727475938,0.670915779399719,0.9022408130876157,0.38870878143036586,0.6815634444268416,0.8720101522577116,0.46030070025847214,0.7046253208729987,0.9013126754150065,0.5121408528733139,0.6481586508728445,0.822094932765121
295,0.18500112134148003,0.265337326956975,0.015601678426782046,0.04217279059052956,0.059832367446002906,0.048865657535051496,0.18057116243250143,0.285246907070817,0.008347835737121053,0.04448895169687068,0.04295156832447826,0.045155194081526774
296,0.610225950141507,0.3155688428668896,0.6776061012559376,0.5658388140013307,0.42899384662752577,0.3527884939699582,0.622330509399742,0.5464603213828001,0.769167129540386,0.5722878386531169,0.4358203498283717,0.38304409408542367
297,0.32962924797333853,0.20489415838671923,0.008724038415856797,0.1334534778164369,0.11671297939075934,0.08492797602278444,0.32125075279375676,0.18401685142656807,0.012173698212288732,0.12198261885709909,0.09235573491157453,0.07490866293763385
298,0.07385972299077428,0.20896287894937157,0.006349098445489738,0.011905413622013037,0.032057045554839965,0.07993710500774424,0.08120334882211773,0.18746029183563723,0.0061409173485216266,0.009706500738346191,0.030909367667176658,0.06812567846624745
299,0.345164779930676,0.6900195483966909,0.007426043327498013,0.05403156869249856,0.07531936351455328,0.06604849488951685,0.3532502645007478,0.5328567636335305,0.008831247666706033,0.05408035065699786,0.06562242413004389,0.05763452245796371
300,0.17011384545992259,0.6863516585482685,1.555940794245e-05,0.029412152351289137,0.04022577445014129,0.07964062483922958,0.16464251053345327,0.5843787031213691,0.0028556908054715117,0.027449562892603637,0.032855000835714715,0.07317838563656644
301,0.11551074247658401,0.15728060682102998,0.013894412363032183,0.026138057435904038,0.03512452006490502,0.05824237055631774,0.11241796847734759,0.14769423123313766,0.010944891564173302,0.026139038076168065,0.030740375838292377,0.0614405442488088
302,0.6635361807480231,0.6899678494052253,0.9859182144849793,0.8616370816829464,0.9088392240553379,0.743298146137083,0.6782085519277372,0.5593241848262575,0.9845089114496908,0.8988091892874125,0.9162251641815493,0.7893494748876321
303,0.08039840471799223,0.21126371568828092,0.004291863733042784,0.009145963275691471,0.046362397154648786,0.07448075384919688,0.08722710514230494,0.18735079653486814,0.005536791896566134,0.008684975283924425,0.037420130611444474,0.07531908734727492
304,0.40322734600625226,0.7275551450484111,0.795944670912178,0.37028355896634463,0.5904774677857146,0.6854017005709169,0.40321265717173294,0.7377832876128204,0.8211874841911182,0.3704734683161698,0.5543369881487925,0.7862428158729096
305,0.05436235406262823,0.2843366151849979,0.005315736278812821,0.014379209472265073,0.03448904918977616,0.05973490368852477,0.06148026676902107,0.3297545479980501,0.015070802557883893,0.012017338760878423,0.029778691403988467,0.04741151463912359
306,0.1761078153559012,0.15336799805538268,3.760036709266416e-06,0.014867366423234453,0.025009241308858704,0.07442998109935205,0.1703155014011687,0.117806363531245,8.078571343445273e-06,0.01472218597428223,0.034879292882615855,0.07451643513688651
307,0.22346309038173068,0.4758317252326721,0.00793335005732498,0.06626489136208759,0.050672379916729834,0.06809652301351855,0.22512189539350766,0.6425379147339981,0.007383958837605739,0.06181595669054784,0.054348227503635584,0.05161857148474934
308,0.020677710556559266,0.34679610236296554,0.05976898218446644,0.040144712290040435,0.07847559570049614,0.08386857757325344,0.020239127369081213,0.18741756548981736,0.0613198418579295,0.03950054139511137,0.07703767954522378,0.07139320441836157
309,0.2964273995862476,0.1461902364043401,0.09453120739023928,0.1198419257638048,0.15275860314165177,0.054077080842880654,0.2989722222742206,0.12192326154808263,0.07764736031293754,0.15792107307252776,0.13629787938783758,0.04459481061173353
310,0.7676375644159774,0.5958315398305049,0.9886051025170366,0.9144459936642887,0.8868687264741492,0.8187514596895096,0.7755188591119304,0.6515185700708034,0.991342569095964,0.9240621471417669,0.9103370818721023,0.8274132183678207
311,0.03964777792924276,0.21800994401265145,0.04232086480699781,0.019580664389339832,0.08094506570935368,0.07792382693991054,0.03956694479553334,0.18747444386569292,0.042219728050320635,0.014938209488726742,0.07645635530116744,0.062160312133700026
312,0.10095943732513132,0.18370397440208236,0.004271737299615939,0.009164512947902992,0.034537229886497364,0.07714988812586954,0.10168706881705654,0.18745730733698962,0.0038781474970203235,0.00898465735348899,0.036366341410813574,0.07408397744247129
313,0.6327935542222745,0.6013365495128086,0.9895549061094175,0.8495890345466729,0.9462010018925089,0.8955980202119989,0.6375984109206718,0.6424612086464704,0.9923308348071427,0.8629216335659671,0.9410129757928838,0.9165507753008545
314,0.046019681412688654,0.18464409153017194,0.023018714286253256,0.008538352602442725,0.050613282770489064,0.06827001257375244,0.04584753199148339,0.18742925972896823,0.028108343061008338,0.011155744602561793,0.05627291808080459,0.06640345083086491
315,0.29984300833948146,0.21315049777476794,0.023825873841857987,0.11210801626398524,0.11111366626432019,0.072512007145953,0.29677157321955605,0.1909190998272029,0.010521552575695666,0.10601039397679109,0.08239284001320109,0.06846725014028608
316,0.043153541514755374,0.1748017639510742,0.03459004481883283,0.010248350907170438,0.049958904739388924,0.06685519562921097,0.04130702863382812,0.17083706124557801,0.0328510880183839,0.012137658305574109,0.046214965504270664,0.06369625838311287
317,0.028147895706662977,0.25311327884607665,0.06382679968594067,0.029644250495262106,0.0945679820988764,0.09026741916918017,0.028004339306440994,0.18749218123913047,0.061310640367274384,0.023024747811823735,0.08236607255149309,0.07533990182207734
318,0.28364051855872086,0.3211413016173589,0.03221698248330308,0.13706246663131333,0.12533495221134636,0.04401095815830092,0.2848309774392931,0.18743161052161972,0.04807122238038932,0.13448945718060643,0.11277983645618012,0.03983503924508333
319,0.06834551284795642,0.3076599087284435,0.00887105624714442,0.01361553080053852,0.02346842927077687,0.050565785167236914,0.07577592568454404,0.187503822375917,0.008287971534592401,0.011374321139141197,0.02788052299418018,0.05501022267776538
320,0.1747472610120892,0.7004843984615695,0.007145963231980831,0.03633010169481584,0.04821962488643684,0.0710579622245218,0.17831867590724282,0.6221181772846474,0.0033952176496815875,0.033531260500564035,0.036292509154790896,0.06910876687384385
321,0.05896266211268293,0.21455729636695484,0.015370256568912482,0.011531547649220101,0.025929333267218115,0.05569372361690456,0.06059482491033317,0.3160642778678124,0.016015167474251756,0.012404168403223106,0.029736991955009076,0.04685465139720878
322,0.8815747244475928,0.2621653599854154,0.9903042689585847,0.9607007326998076,0.9606158594394428,0.7443962800115351,0.8873134087404992,0.5579387219758876,0.9940631467220148,0.9641377335856517,0.9779366948983063,0.7814528197986897
323,0.8083822617596432,0.577526070302782,0.9960237891834762,0.9584592843730021,0.9615281247405079,0.7999328248029889,0.8188366804479078,0.4429771544078279,0.9956510053379388,0.9633408844179516,0.9718061873646034,0.8001568798305932
324,0.09969941980996407,0.18909279902962947,0.003154295254032989,0.020447972181368422,0.03163629718213205,0.07477350505639006,0.10255455169336501,0.18244717415582845,0.007810549410181409,0.01984206116554494,0.026935353291367144,0.07587034483413299
325,0.12103886478585026,0.6278461537683304,0.004233293070586024,0.0084832783910512,0.060524472204808374,0.08992039787281632,0.10825257337520475,0.5510942928318651,0.0063759947744328575,0.009165714065719444,0.05154242991232138,0.074277016402609
326,0.06309193806040315,0.54878245642214,0.01701976848176125,0.01204912333706417,0.02671366796859426,0.06533972137342947,0.061578120831075674,0.2729195847226519,0.015942368230943645,0.012889569218247427,0.02919459084004192,0.04774819724224301
327,0.7999964039043278,0.5494236415871341,0.99539933674096,0.9523910580286582,0.975068296206265,0.8095035399087454,0.8106790321859578,0.5659741026685288,0.9950953570633176,0.9552640712231394,0.960317128602751,0.8093031910755031
328,0.7276260775645926,0.5503304160670858,0.9852262337774301,0.9345706386643782,0.9576970196887449,0.8122992437098568,0.7418820375027272,0.6425559548905635,0.9905603419503702,0.9362495228986222,0.9392160723183051,0.8100934802214249
329,0.5486774596267067,0.6283005053812171,0.9725860213863754,0.6350203897831705,0.8852624495611996,0.8911619987772657,0.5645765162536219,0.6977727560369268,0.9792907989358489,0.7464855266576554,0.8649109430137579,0.9230016379085553
330,0.11566556196107583,0.5697473998586559,0.004879948499974047,0.007924794683533907,0.05474736358963254,0.0897249113939714,0.11730599806372388,0.5982119133767692,0.004589828531195634,0.009101096171363227,0.04592817211982782,0.07329193349149966
331,0.5846516012583414,0.3399439021451378,0.6551788628786651,0.5679128039892386,0.4329622569695536,0.3054627806185491,0.5910174119643379,0.20125221952943673,0.6531848144252673,0.5560839443663623,0.41444466446318906,0.3374843443667005
332,0.039501107733087924,0.21411188703345102,0.04206761142280216,0.01109927047345332,0.07704813530161664,0.07020091885671244,0.03858374225319109,0.1866642030208727,0.0401937207040199,0.013958695585838983,0.06791204229553473,0.06242528761309665
333,0.15339176953931577,0.3526338318333525,0.006513877731385184,0.03247545537260296,0.03935520054010982,0.06889704035696997,0.15278221256325017,0.23710356187464207,0.004871427417722738,0.02962733053094934,0.03288215636991373,0.06632583172571958
334,0.2996501505338533,0.6805647212045506,0.005748218031519852,0.062804760475139,0.05868996028490339,0.0917697323458936,0.30649694951301365,0.1874954461421826,0.0047970770578481085,0.06499155324750507,0.06359181663203384,0.06639788382249724
335,0.030668803316322796,0.20018359147867854,0.05379611932259323,0.023265477747863805,0.04888537349224586,0.07494282787899341,0.029943261698869524,0.18431152952026095,0.052945407144437934,0.018177592959800707,0.0684265287545426,0.06846823096714373
336,0.7024725882290409,0.616647920685221,0.9778682939839031,0.9000773532890123,0.9333065750165092,0.7708045738137902,0.7142770519420363,0.6720180999179763,0.9886336344025771,0.9242771347147232,0.9355959855090951,0.7983005340345154
337,0.7401014424349159,0.32761875689831654,0.9661651319348102,0.7199343024174528,0.6563736134532553,0.6768701273994415,0.740494015505445,0.3255653840645239,0.9522763927566571,0.702374971377224,0.6128781484716851,0.7184849225012876
338,0.9309932669903679,0.663156376100856,0.9678585302498247,0.9394650605454113,0.9392719100783746,0.8054717028317203,0.9066868519468311,0.5952123077270797,0.9793604021830639,0.9388034615238514,0.9649475997730937,0.7963061016263687
339,0.11711660950364011,0.18592282299187088,0.009869860786092088,0.024531196519584627,0.033434229349671704,0.05323552838608275,0.12052236864090998,0.16607562495994826,0.010001540468859097,0.02736752644323046,0.03138985778215284,0.059366646342368844
340,0.11830613418841306,0.18278231621736737,0.009262955574638472,0.022712080364439,0.03267888640953956,0.07296348436642532,0.11193412966452533,0.1874555735978066,0.00736414841233746,0.02192411672316577,0.027909132078867666,0.07409037859707329
341,0.05867232636822179,0.21970192522800266,0.014686074176968855,0.012826957702224568,0.026694302527410747,0.07869239400072917,0.052162724857347034,0.18740936712683318,0.02072207793628743,0.009949593488344781,0.04929567235294229,0.07084922073558896
342,0.029539941782010498,0.20953511231249897,0.054490159525447814,0.01766903370999272,0.07823635461095325,0.08125159879870261,0.0296959350231084,0.1848526576291629,0.05357325675365432,0.018507145546471752,0.06937584805888264,0.06870157524758436
343,0.030936791610955503,0.15679265919960525,0.032697493069959414,0.018103741203678192,0.05181209523103097,0.06431260625591537,0.03011454578968399,0.11821184805825068,0.051628814496374936,0.01749965544757354,0.05661564764319565,0.06103939392177722
344,0.31794905192694434,0.7016970607993016,0.003436929365639162,0.03249959680569997,0.05180136951388464,0.07763401701680997,0.3223231107432394,0.6424454897761552,0.0058505819151695535,0.029629645826088576,0.05376095004704544,0.07273070659961033
345,0.41054240314811574,0.2958516579137947,0.014424440805708911,0.08348500689290671,0.08846969602007612,0.05691286912955173,0.4201250387844957,0.6425235940674477,0.025938237923784444,0.0844910165210715,0.08740000402390036,0.055894743822784976
346,0.7128019264021316,0.7837419444784143,0.941955581667045,0.7807974240690825,0.7403502308031839,0.7420468704626181,0.7247631740209564,0.7350988004317852,0.9688053639108795,0.8012180710674901,0.7186258908932531,0.750909464112036
347,0.05122921515013553,0.1945470571234947,0.02116195808110876,0.012746892406692667,0.0493711657108701,0.073120148910937,0.05170443265614835,0.18846550765896772,0.020519311502318817,0.009970941780014113,0.04558818587252951,0.07232230156281111
348,0.07420355288076072,0.17617551812684287,0.007261461993915804,0.008600771910491948,0.022395291649293936,0.08117648713586327,0.07525848904408916,0.16965890226509864,0.007536471044607723,0.009370598313814921,0.03272910206398171,0.07024583506510365
349,0.031744824966818026,0.1789194444691764,0.04456707455029261,0.020166538285274597,0.0853287541547462,0.07508624246453692,0.037599751402295996,0.18626070691784977,0.04435853756780522,0.015426897837378467,0.07548486251805114,0.06242573036405545
350,0.5604351065015004,0.7401072633418729,0.9710411594655672,0.7577232534496555,0.8433305480097106,0.7728166291537922,0.576205277773355,0.6718593801884216,0.9716948127608889,0.7713338521129802,0.8442212107694059,0.8482216556197335
351,0.11029308637117166,0.37190383263945725,0.004670911370628552,0.008892029148571835,0.0203031023303169,0.06750537984311698,0.10802461827345917,0.5494908661521145,0.006033157759081925,0.009064624135850175,0.050127053196140914,0.07403531671760069
352,0.19758779936231008,0.30974877149360186,4.332578169200528e-06,0.01701854560578572,0.03211052159340883,0.08073225253040682,0.18719738248075152,0.18738929383898215,8.323672828975504e-06,0.01624173557629319,0.036612032158551196,0.07530981374581733
353,0.09028100421743343,0.1889310842975169,0.013517172330573543,0.008288675602712415,0.07021613340167716,0.07587581188012883,0.08938474977237701,0.1816025039757392,0.012353549392898575,0.010153190848038857,0.06508102400532445,0.07538734997672723
354,0.03846427265398764,0.19395611088776868,0.04149100390081894,0.010434691623020248,0.06371008548500565,0.07695930826180114,0.037430357332614565,0.1873218256793811,0.040777657891833935,0.013941611371725466,0.06468616080722635,0.06405243989539675
355,0.0826017275313886,0.13509499005667402,0.007218664145486577,0.008626485000927935,0.037348548646910396,0.07682409131406051,0.08880997721199582,0.17046984008333085,0.00672073121761413,0.008567739191867525,0.04545387055129755,0.07316104094300889
356,0.26770644121812087,0.233183189580074,0.005399365668049162,0.06912316452541216,0.05486098592243128,0.06556297814930537,0.26427926755267334,0.22667679181234637,0.0040724473092537275,0.06356825887079419,0.05762822082771145,0.07257425492709596
357,0.723751028893185,0.638743912604801,0.9916854793579558,0.9265306984466585,0.9394609386226787,0.7726252282209567,0.7304001656482493,0.7081215042133456,0.9902346701054254,0.9333365808623799,0.9406130878328407,0.8035494617648652
358,0.07136865152175983,0.29401691772766836,0.01829748656466968,0.0147966337343441,0.026738491738781567,0.06995583911263607,0.06924574411218817,0.3741858184275436,0.014502956773375113,0.015418390927302891,0.027504340538426632,0.06146831632388465
359,0.7322476672382965,0.38555180486206864,0.910782311764269,0.7132750403734848,0.5291160562468267,0.6884044815226047,0.7431996022122523,0.3659675245096998,0.9566180330070486,0.7156968245529857,0.6276397125135699,0.7270469563185508
360,0.08048507200323768,0.18964007397693738,0.007445062190611868,0.020385005288601737,0.03791328214788542,0.08002099009562866,0.07302877575938481,0.15567320027072057,0.021545129503267795,0.024228182000918457,0.03259182115543645,0.0696264460223437
361,0.07425917177662936,0.17776211176934556,0.01700438417962668,0.019772123916204747,0.03548873069246854,0.07558346614516556,0.07092595980380355,0.14126575902945834,0.019210125456062058,0.020841232184541633,0.030095198784937077,0.07539288812103785
362,0.5105925283630763,0.22513564750318166,0.4814427103900311,0.47054451912371276,0.34464908950843276,0.18754478986678072,0.5152789433608242,0.18751603984909246,0.3564054818461012,0.48688874504197943,0.354959891852262,0.26113924323596016
363,0.6165854759060324,0.3367135552920171,0.5879350417064142,0.4936094989470116,0.3406529801504159,0.33825669493796134,0.6235586631642484,0.187419251373315,0.7210142029145061,0.4861047770533684,0.36305367323979315,0.31213081040439117
364,0.34579022785818436,0.13256579323263637,0.2481225514847154,0.24597906706119316,0.22448198607493078,0.07311434782638043,0.33794782041193766,0.0991910426218164,0.17836767169558557,0.22470144630153424,0.20222813047521077,0.07661005185627288
365,0.6378778308686883,0.5636938289443486,0.9502147676777576,0.8317932247523994,0.8032547778253594,0.7349601628648124,0.6450574206266965,0.3138376138881503,0.9381389490875138,0.8277472234843471,0.7784555292824471,0.7190276724315623
366,0.0858951936248405,0.19358594260358838,0.009505068165824093,0.008922550068942227,0.06867935372999902,0.07322624240760417,0.08493402857137801,0.18749022134634113,0.01257577157506302,0.009955611901947515,0.06389697800383536,0.07496373924748748
367,0.9152913769522619,0.5609077073862407,0.9100623548308656,0.908757070705864,0.966053804362156,0.7822703397271841,0.9218016485584635,0.6114357656595376,0.9103906237606874,0.9111750811255847,0.954307397289286,0.7950202286444745
368,0.02761176363787252,0.19051868783199286,0.060042664752691495,0.019119676000418414,0.07549008069526553,0.07333669498920663,0.027803920220290174,0.18367362851447105,0.056417597902263625,0.02021298695823925,0.07016061689880715,0.07079735455541
369,0.024432355336802047,0.20759965333352023,0.05883434287560386,0.028933317965857852,0.07426980033458024,0.08218555936378107,0.02484410388610467,0.18518546168182243,0.05893209407562561,0.02315628776964382,0.0674935921486601,0.07023158040372278
370,0.5173598242256683,0.37012670177610224,0.6407820894087908,0.6086876277916794,0.6347854701998541,0.3993238205209341,0.5,0.55955339632542,0.7879823499502171,0.5881823867303643,0.5744057545815175,0.5
371,0.05505836714595989,0.3239554002432934,0.012113663627765375,0.023812245420630568,0.042034067355354816,0.07397271077636368,0.0608824344142946,0.32873550993666995,0.031039635778659855,0.028357320920835618,0.03908160432245706,0.06693194727328183
372,0.027403451805721176,0.30347602540194013,0.03414285182771016,0.021480974640969083,0.05913852415833925,0.04906976648908988,0.02651746385687629,0.6424618468457116,0.0600797430676189,0.025298843791420018,0.05938935652291744,0.05643099655487067
373,0.04168082764085761,0.18425937302493786,0.033536933670532766,0.009726666987292583,0.05450486739991254,0.08035220595530161,0.042019223170007954,0.18740487922654392,0.03209937725338239,0.01180307611225012,0.05358963908979076,0.06835672522868952
374,0.04930262845297605,0.21755147213135667,0.018308839501240196,0.010597314533602117,0.028257278880691992,0.07936798810221285,0.049182161507664794,0.18751984523857612,0.024210974518077837,0.010494447111997658,0.05368132029771891,0.06787971485149388
375,0.44381185944631835,0.1856764327298156,0.03834217263220402,0.16493620792987895,0.15021255467938635,0.06541789506995678,0.4431459471361745,0.2404974295429624,0.050502982367308304,0.16560378223721828,0.12865938580393624,0.06002113267472229
376,0.06075285111194243,0.20552834639489612,0.028360020601614806,0.023417618018830594,0.0393959534106586,0.08253910418362954,0.06015559427387002,0.1759222076551033,0.029051170695855427,0.02534038217722198,0.0362367239923146,0.07210662937863357
377,0.029977105902218606,0.17647886433191456,0.047730204402661014,0.012067512136289201,0.08379155809318535,0.07411603836025155,0.0357529306533021,0.18526242237309207,0.04627214143773617,0.01588001525415165,0.0739294614037173,0.06311663932295157
378,0.06833461758737444,0.1935696552091551,0.0166574462755599,0.009667341317762234,0.06482286741559266,0.07423363055815037,0.060494961952397494,0.18707673228671873,0.017145432623796985,0.009637630882229116,0.0560814387393837,0.06732736041567246
379,0.21203580424278573,0.19970914190156588,0.10065094929363078,0.0899658405603096,0.11242311566401572,0.018699948651575017,0.2069719237706976,0.15825659642107245,0.0794874517902034,0.0847555144581668,0.10483437101076772,0.028016807953077764
380,0.5102438341862581,0.22165539169321166,0.11965626515538379,0.2925311980209368,0.25329903393572406,0.19233939456837867,0.4826496989345098,0.18741930404591406,0.12699652066231037,0.2764871374411059,0.19390848870417665,0.09635492443205533
381,0.08174951402634408,0.19790804027190106,0.013403533943059105,0.0077442259885762655,0.05626372373988192,0.0737559168073857,0.07233084738399945,0.1789397427866148,0.013293098243692509,0.009397270088385836,0.05805317513624948,0.07063295563575549
382,0.022398121812723593,0.1781918159811587,0.04798973671000979,0.024951448017329732,0.05363672189550651,0.06679037907825491,0.027599629537556,0.18375428655938203,0.0555802234470693,0.01976510787987156,0.06560542675946375,0.06918195379208647
383,0.042963284522465485,0.1949184840159361,0.021817056934090497,0.013687267584855266,0.04291449301472377,0.061171663564624515,0.03777725836978001,0.1675070468223553,0.03834798162257488,0.01319765341084931,0.04971439154841384,0.06382171849274923
384,0.04271658099600093,0.19260531127794076,0.027171090794109138,0.012189539883120713,0.046802279150143254,0.05159948075801989,0.043505390171207525,0.15555431359918592,0.02985850422873692,0.01173912612531779,0.043444804222738456,0.06162979912091258
385,0.04089132949091639,0.19231399277624053,0.04399720317983181,0.009952164702334215,0.05632918445160623,0.0772657375798308,0.03582316929052456,0.16834272131464562,0.04158019048902742,0.01394356671419322,0.05216621553258767,0.06434451054303733
386,0.034891910299775133,0.20350610535181146,0.05216639214914001,0.016740099089316278,0.06802621948635101,0.07367261124180231,0.030137412610264817,0.18511474790149396,0.05170895499018961,0.01751266565838467,0.06418075230914724,0.06815836207655998
387,0.8497910773151207,0.4301048790436885,0.9931203919010525,0.9412810557736352,0.9324594156334796,0.7731317301837364,0.8178575807256496,0.5,0.9949900307943059,0.9482720334327835,0.9500274952789226,0.8102560297548436
388,0.5610135226840779,0.1985223265696698,0.5277931960447846,0.4324211599597769,0.28874644111665126,0.17662944179289417,0.569767205231819,0.317175688126412,0.4900414876467981,0.43703327092468,0.31385016208961697,0.20550294216986553
389,0.1285343971559867,0.1981259633513601,0.012276714017642658,0.027758857504645826,0.038723657123555175,0.05320973981572573,0.1322112103008783,0.18742429174668016,0.012060555030651596,0.03259317472595588,0.03541190331945342,0.045348902616201024
390,0.14967570734923358,0.5610421708310854,0.003722892183796885,0.009149756907068667,0.021877717301110065,0.08690329609586292,0.15192992070600572,0.619349698003053,0.004729642866991185,0.010529400441064337,0.050280573572232395,0.07320741522530345
391,0.15461737302122336,0.7363900515691225,0.003046322083958418,0.009234966708547041,0.05386231487752027,0.0733918054310211,0.15335808197056602,0.6557076328989432,0.00490896487967039,0.01064753681415047,0.05104340745800964,0.07304863996080357
392,0.19650090342648585,0.18511059296230567,0.03972147716019414,0.07328921902541419,0.0740874228865225,0.057048925254540236,0.1989409074134587,0.1510445555655235,0.03831448293917592,0.0701511008755543,0.07219167549266058,0.021634455356262874
393,0.16731373515939146,0.19705278002202162,0.019247292673469755,0.050857394478606543,0.07548329184549377,0.02662008414458934,0.16083587512030026,0.18003309984643634,0.03015347080006477,0.052482087301668354,0.057714858713153475,0.021512825567320665
394,0.02872456374033741,0.17259767427585135,0.037968936387741556,0.02432294986113441,0.06590722227048416,0.05948777377832489,0.027759529028251337,0.12072673020242755,0.05519037383902892,0.01960957989945558,0.05993044010048077,0.06202705044216497
395,0.2964821797383931,0.20490428344773826,0.1956129352659253,0.18738597127290205,0.20469729814264243,0.1468619183741538,0.30164987879191396,0.19473645337301435,0.22458609645126829,0.17937252065752934,0.196138912336332,0.07538020437496219
396,0.608578532637546,0.5104979598880718,0.8635470336295917,0.7149635031491801,0.6840095230181943,0.6409989294472079,0.6162102398388333,0.3365283269543393,0.8654383452794913,0.7500685527389287,0.6518263398140282,0.6152800304540266
397,0.03221793345616146,0.15334921595988088,0.049130264000526336,0.010946194125258489,0.05828128120176535,0.07608631084283765,0.03281649350364441,0.14792915093448067,0.046852263614925505,0.01552035086597565,0.05467251644819382,0.06314064890306333
398,0.903916838357021,0.5316951224521339,0.9946393228860345,0.9823439774380505,0.9949104448517846,0.7784360075107859,0.9105937163462428,0.6424408182754981,0.9927091172869894,0.9838466099949107,0.995140733407815,0.826321542675354
399,0.02256178689705412,0.18371834658852126,0.04734571667379555,0.01803033402223435,0.0676991683792698,0.07224518888582061,0.023248111951159556,0.15704876411888233,0.05992056946257183,0.026473300054718655,0.06588095132005976,0.06131315177078572
400,0.31991832844691453,0.1978313585926809,0.01218320804482157,0.09635759098216017,0.10765011893940123,0.07321840681010948,0.31577992922641956,0.24614740575509683,0.007344934022219777,0.09415903695310048,0.07731007181709552,0.07228359884268501
401,0.8822398011228354,0.6566327416897597,0.9935905362821442,0.9504680244684841,0.9777794310799047,0.7569724446054501,0.8957928615460684,0.6809988602657859,0.9894248823724048,0.9493407805814732,0.9682207935560243,0.7899826224723118
402,0.3463776964276691,0.3296847371941677,0.00722278522920476,0.051021315355262435,0.07271315204727488,0.056397783898648586,0.3543620803878355,0.6424869432814128,0.008892118573044163,0.04981410482707747,0.0640836709869774,0.0597168055580392
403,0.6644609239143505,0.4507946132716639,0.9901443933730095,0.9053408990515741,0.954948585940845,0.8082974271709313,0.6784791500429148,0.3505042280034684,0.9907536139802119,0.9052251147532804,0.9409048828489257,0.8239704383092095
404,0.10608298064088553,0.1805547131078975,0.003617569971933398,0.00811914707535172,0.044952200707392746,0.07346915903442891,0.1073719382617588,0.1861060697604198,0.0036986451017196474,0.008985622051387046,0.03796833487803275,0.07344274877513762
405,0.39154686259412574,0.1980742948376678,0.29926971890273024,0.31381640942141964,0.3032466819654098,0.18842752339833518,0.395343835412494,0.18745401603852221,0.1669940171215902,0.3099410076571252,0.24142887219240206,0.1274694613115778
406,0.2427952409655891,0.4069527767113196,1.6117726025702555e-05,0.03447083648411703,0.04162653606639322,0.08903786596037452,0.23954560831327484,0.18808578019985508,1.245543837486661e-05,0.031538614365087876,0.04357627743071693,0.07399779437724457
407,0.9385504851400835,0.5275650198372387,0.8036699965908356,0.8756757921180943,0.9073042663288641,0.7417117840882756,0.9139746808656366,0.32283698293717356,0.8653809409535106,0.8758815988858478,0.9295195863136703,0.7864362567883612
408,0.031127166268732735,0.20385586443717682,0.04475914259551693,0.011272542751647118,0.07115935437611216,0.07248416615394378,0.03699920866731977,0.18621634943746512,0.04327302690501894,0.014861389533892037,0.07057699979607314,0.06259167762752596
409,0.07912444286073413,0.1993267854244576,0.003358202702809087,0.014734726613269633,0.030881377793934652,0.06360002413468417,0.08143021371030144,0.18752334613645116,0.009648770875841492,0.01531777561884758,0.02614351456140335,0.06517841487707679
410,0.08859749888293166,0.1518842415529998,0.003987266245541778,0.01944933530876306,0.032016722175770326,0.08455091015764454,0.09559967298570327,0.12575333991107612,0.010830137958474421,0.02127151920048338,0.027944052059159806,0.0743980992854727
411,0.13074674666030833,0.1664012094468961,0.0028686130925439563,0.013485088962236115,0.029600740664701267,0.07854756563473056,0.12533319253544803,0.1674519073976548,1.5560120672692152e-05,0.013483521634425457,0.0287433548811939,0.06971879944912482
412,0.11763835169465188,0.6599486581446657,0.004344354483016267,0.008659374379349686,0.03431960876925011,0.06556167723079108,0.11545819475652142,0.6425416649375668,0.005636083167966198,0.009252012989779228,0.050140782126520345,0.07400904647425409
413,0.5722003841861044,0.722604935125769,0.8606121620496876,0.7803414017419337,0.7604114698416586,0.6887984044952938,0.5823539724843437,0.6260371692050537,0.9365499186450621,0.7707941056504415,0.7738356388653119,0.6979671147911124
414,0.04261514902774176,0.1905589367696063,0.034690913249080794,0.01258826507828145,0.033685752683432,0.07896579967846931,0.04084670818381413,0.18319333162110632,0.03341695070642409,0.012145018277905031,0.048187507459176944,0.06613562009507239
415,0.6313198062368932,0.4066456871723243,0.9869965800170379,0.8000710772637157,0.8943567563581384,0.8363614596006201,0.6367150276833324,0.574044659530801,0.9873387896736793,0.8640154981019443,0.9189858894204692,0.8516310273011747
416,0.1368022382526656,0.2430330001239471,0.005469216608154668,0.023606306412251706,0.027898349926846585,0.09047454550573868,0.1325760911741888,0.18751273767048432,0.004175664836872168,0.022380271301374037,0.028713435135590215,0.07441269845090748
417,0.04892039153046056,0.19838109987820057,0.0320928786705435,0.011889356714145876,0.05946731555885052,0.0795831322419354,0.04306679679566795,0.18740135894852308,0.03094192975750275,0.011604263905128585,0.05465413302933274,0.06780858060673044
418,0.41065925735332737,0.30775039381596314,0.5324313711068851,0.36324618591201535,0.4046481922743152,0.33508951559082595,0.3973077577807828,0.1874894197350662,0.454790807053107,0.3539339829551643,0.34153513591091406,0.20871898141601236
419,0.025676096026700894,0.1803957360050718,0.05137924427042317,0.036307957005773675,0.07104510556294913,0.05986897180926965,0.02169644551388435,0.1623848133872633,0.060310853150431526,0.03014892063836151,0.06885079759472894,0.062351431447063385
420,0.7962774801133596,0.6590533149337017,0.9910270003476301,0.9533214097429429,0.9603554018160355,0.8069629291596744,0.7660153765911822,0.6424619666259798,0.9953804063551441,0.9574518199774659,0.9780212304595813,0.7935480914466018
421,0.38817027625371414,0.47957410252492694,0.026246891731147075,0.2167609988490662,0.18280910202635242,0.08202766831211136,0.3894932954011164,0.23368545320353562,0.03400516302433045,0.2013316519896327,0.14148401168674518,0.0920215357590751
422,0.03242746725103613,0.21209736960191639,0.05099935882458936,0.016361535141252173,0.07371750212548887,0.07676335444781696,0.03260982642734001,0.18523414259382,0.048209307710016046,0.0161318350262307,0.06562926418102713,0.06667356940258368
423,0.10712281512295785,0.18033438924217912,0.005202737805638397,0.008670291967571919,0.019835592597186244,0.07172178388090192,0.09681296651011355,0.1650918361372443,0.005688539051906067,0.008632298625851758,0.04478225324916225,0.0732264898593127
424,0.049225584630205516,0.19497710227893938,0.032137109490058526,0.008754690973904666,0.04980146767407104,0.07471729026223445,0.04330322320598343,0.18741334292375228,0.03086706489140344,0.011610319313116022,0.05574330140226984,0.06713104464178285
425,0.13643791349974346,0.16237024314566081,0.005704584379863867,0.02715031274670383,0.03165546882979016,0.08589828280677218,0.13043842304705985,0.1755378921350368,0.006462703193516289,0.025834893671489324,0.030197269837164573,0.06820021230465155
426,0.12028514027314355,0.2214358427401443,0.011486167061522992,0.03055415187963389,0.03592529082584866,0.0552493353880799,0.12673068839350146,0.18753840447621192,0.008925563808699591,0.027911435075804354,0.03161172695555488,0.0598528629349835
427,0.027628170916322737,0.17676577146069972,0.05741879528243618,0.019536401956933173,0.07495147962359112,0.0784945126201938,0.026988005215361054,0.18135598501153113,0.057040419816562375,0.020771079197016217,0.06876587127048792,0.07108906564531729
428,0.15463225381229728,0.19628172628151302,1.8247626248950135e-05,0.02300705297676649,0.03861225583526292,0.07694991937524588,0.1500261775877721,0.5076314948797722,0.003465327658877975,0.02543569079237344,0.030930611117738253,0.07305546287538592
429,0.4434962275582306,0.2903209968949064,0.2557098915772829,0.36927373908413624,0.34468374228437815,0.2766895354683501,0.4265088512828843,0.2149893502017848,0.19951517274529226,0.35897933054509723,0.274856008447605,0.1659449143226306
430,0.8856996366601835,0.12160652800511243,0.9936296158123031,0.9518305902055255,0.9447947427245182,0.7704866359027922,0.8562956697517486,0.15627899229532005,0.9953495180908554,0.955147567318707,0.9633877548699654,0.7864420168222497
431,0.06089054137275742,0.18410126381599737,0.018229193782652874,0.00998358830216384,0.04872155391557043,0.08109987311103066,0.0605512999856094,0.18743213203033363,0.018875822319453506,0.010099532484893788,0.06153235076829413,0.06656773898189221
432,0.05682021689121148,0.19488461991196332,0.017003813821151542,0.008417006629429796,0.06907190419103487,0.07507473457250277,0.0553390310783634,0.18714080566476007,0.021405894320086757,0.01033345877013663,0.06032829844518693,0.06494418677658424
433,0.01995058427495451,0.20256399482618606,0.05131262515950413,0.02877990686695181,0.070180672747578,0.0767783964531656,0.024861778791589753,0.17919191675642723,0.05878318719910649,0.023083481130740352,0.06679032108554053,0.0691483246330145
434,0.044707385114147624,0.19576308229595635,0.021489397051661537,0.010550988481986988,0.02745961900554451,0.07955119669608376,0.05150361043721901,0.18269163194846597,0.020446908962017465,0.01027453130648237,0.04028893588179589,0.06737732237089111
435,0.027935625954438385,0.16672674154279665,0.047551159304933824,0.018933395982722267,0.0556571171801349,0.05799029524213699,0.03366004055926023,0.13284846540417314,0.04555067385221794,0.015142706692012713,0.05266546456411782,0.061275516177007376
436,0.1943798446832144,0.17622103987636284,0.07458172461426361,0.07350149072323228,0.07553475510804859,0.02571088073859914,0.18845479196278178,0.1801504393602458,0.057724856572056345,0.07184774443320363,0.0862389564098988,0.02313665580722643
437,0.7516756624996394,0.424100047743892,0.9909638313920489,0.9228143420029198,0.9336316116487405,0.8344984526304676,0.7621864743524466,0.6425075175878469,0.9899328580509779,0.922024556363841,0.9077613759035215,0.8266716507397891
438,0.2486783999797926,0.4831794832552489,1.4048940026304225e-05,0.027920891462434747,0.040316699024154155,0.06939673938000622,0.25207721816436246,0.6425844896739311,1.705702081868392e-05,0.027123504315307814,0.044643456079002684,0.0725671185053569
439,0.024873369256551318,0.20832630840244637,0.06469337952312211,0.024623740334546906,0.07633345505417993,0.07546148745215943,0.024417755242667285,0.1874721630156481,0.06061758772612635,0.024468670670348712,0.07185826268572082,0.07539357181545554
440,0.2296080050020145,0.44444210035991094,1.0557963542690077e-05,0.02269616971524448,0.03647303271636012,0.08910754323823994,0.22633865366720676,0.5346330801794636,1.0994155567841171e-05,0.022648209484382127,0.04085660938468777,0.0749564791860065
441,0.08065948321112841,0.1938472984433948,0.021186060595567543,0.027761312881404997,0.03997405279972376,0.06398200505206754,0.08374467761813749,0.1875178820194668,0.018620470170732928,0.025374668755585254,0.032260807641349386,0.06342978459310093
442,0.031067035505487846,0.18904390242368452,0.03265231634333945,0.011452708183010543,0.04513224015513713,0.06421188237516201,0.03159074145324705,0.166882518968122,0.04885928330239804,0.016228949420619823,0.05744906175432438,0.06500245652134858
443,0.056689907841594424,0.23447988279467807,0.018025503030535787,0.012388274514086164,0.04839413551023861,0.06345148962819758,0.054221063134716495,0.18746443411593777,0.018119815041933534,0.009755221981516378,0.04222043196449472,0.07251112625752797
444,0.7505275594977381,0.5693549432391575,0.981284610397766,0.9048222546403245,0.8618223147836734,0.8322322520848853,0.7585621947845441,0.6424589526147493,0.9885437103659973,0.9101505375704253,0.8875702933471845,0.8252890204835682
445,0.8765419993471041,0.7575114269939781,0.9881180015276362,0.9522181074440761,0.9766051371449878,0.7905947595376914,0.8903468053044608,0.706551871828998,0.9919264368354792,0.9539562033024206,0.9701804656942541,0.7863496362417494
446,0.03832345590733884,0.3420382875496676,0.05942571101895806,0.048618131578945324,0.13220281696954608,0.09906941648831197,0.04097755134786256,0.18749576990128808,0.06136934121171918,0.05708064525822262,0.08246457870972425,0.07536755976651567
447,0.030410191586088122,0.19814168898903536,0.04487896868526062,0.014334703967780714,0.06622261352922008,0.06969532888190084,0.03626871912780156,0.1870555944926386,0.04326043549984892,0.014700260263169925,0.0674785839072033,0.06365896980165178
448,0.059423286418871145,0.21635595875692998,0.012115729114241454,0.009443265498161749,0.054587041182515394,0.08457856383447186,0.05972020390294093,0.1868370359796212,0.015138919849230568,0.009221711971864414,0.04647642636801247,0.07275715811582445
449,0.9090935365620344,0.6832130416702479,0.9966519590945921,0.9787529820985246,0.9871011734243381,0.7768856597595931,0.8846674846787511,0.6548866243990686,0.9956125367306654,0.9808829700218725,0.9918880018253396,0.7863840232737913
450,0.04077448387728845,0.19810014794455777,0.035988628741420135,0.012192897665536028,0.0596879699916592,0.07053924966510594,0.04034262826358295,0.18721473569190214,0.03438065817918399,0.012243502999576064,0.05346082447132709,0.06821577742085236
451,0.02595822814289474,0.15000052666776975,0.04343779504265986,0.021446312944648886,0.05689088577152044,0.061458518480834376,0.026475042149029793,0.15295371616420372,0.05678962696554681,0.020898601889506686,0.06334176953509425,0.06577285142012673
452,0.7440569013176975,0.6924927627169772,0.9949803308968518,0.945975950624073,0.9477520458727537,0.7991667609519982,0.7624013559134977,0.699361334938519,0.9940111685275114,0.951588250128909,0.9666772728232151,0.8016852916892232
453,0.06675822002800795,0.22517514963064308,0.007095657665857823,0.011576167374594687,0.04082339218771153,0.08046676660011655,0.06376183754595584,0.17457868997611722,0.011925612197597812,0.009178626132779217,0.038003050199001125,0.07389590022167632
454,0.17717685247635223,0.18530604891508615,0.018842801652305143,0.05439070514143822,0.052269964769461184,0.026947705372586186,0.17465053740495295,0.16568864410424944,0.017337456411862233,0.05021082205778244,0.049648637395837365,0.02835419045999426
455,0.06190653603819448,0.18504337293460976,0.01795429109827693,0.00960301597233557,0.06520549172222635,0.07408072755989509,0.06174075613355254,0.1874783927940102,0.016623860737576806,0.009592235066854426,0.05634925659936925,0.06753987355417254
456,0.12042631677344792,0.19431749274054808,1.1161742109360507e-05,0.017570818061979555,0.02353965921923557,0.0852752566566034,0.11557169518234091,0.14382149124868704,0.003244106758366063,0.015197839903559997,0.026803835166977617,0.06894855758119747
457,0.2799198094144313,0.19925790279961236,1.0854845489689228e-05,0.04435144319988629,0.06440214620273964,0.07091375257179887,0.2742679378263851,0.17018965811850134,0.0029815111547691906,0.045368656059877055,0.05210644075530575,0.06993618913026432
458,0.029959448733146564,0.18285498888642365,0.05324781246129816,0.018715527793690442,0.05018364040055444,0.06706750183769633,0.029022166925596518,0.17895346083985933,0.05314553862991956,0.018237449471494433,0.06190317586633303,0.06690621413260639
459,0.07474590998841549,0.1894107552563142,0.008933582832858888,0.023823451361655288,0.03414506526968498,0.06917704344002022,0.0671966836374726,0.16924650313927037,0.025208308271707912,0.025332687412032956,0.03464516233917366,0.06930845641577378
460,0.25794870576716256,0.13047376838183672,0.07772178147776501,0.127898775415369,0.11604824965675413,0.030898319888855223,0.262944362569423,0.19514337004427107,0.09073881602009766,0.12457097461139183,0.12360706979727146,0.033821460825052226
461,0.1054342020364751,0.1367698229032573,1.2469612012147116e-05,0.011911031750249787,0.02654855979431076,0.0797852661416334,0.10762160885294614,0.12270594950402157,0.0036623944344203233,0.014064029817562431,0.026526925137665316,0.06659434739146203
462,0.026097841221057766,0.14017040779644171,0.053780937386662925,0.02881377543471532,0.07611320603540558,0.06486552286095441,0.022119424603215466,0.13382316336849584,0.06023703594588647,0.028251809861579463,0.0685967830579048,0.06626207635296666
463,0.17624418894777047,0.17088646288181017,7.3889211917020785e-06,0.026307819681289413,0.03027236378834706,0.0843609696116102,0.17925080981736988,0.17857652245656608,9.460212935692742e-06,0.024054781792090734,0.03398372000574998,0.0751084408615992
464,0.07036124313539159,0.24470149860106483,0.019889738560272405,0.011246206993607174,0.04813358387092422,0.08169469136926852,0.07088534546348683,0.18745343372673492,0.02219931812074747,0.01204360527066103,0.07945321940418477,0.07537917225151088
465,0.3895934812071313,0.22659469080369368,0.19141179659658225,0.26662899722441835,0.25395553173834523,0.16435082994831854,0.37658414489567094,0.16647699875062044,0.09489723484927332,0.26016512259695274,0.19459596431954976,0.10271283665640527
466,0.030333292024586785,0.1999451450012851,0.04588400498911849,0.02345697492353794,0.07243077040754034,0.08113206402073049,0.029597834538601746,0.18362593338792435,0.05331737734154374,0.01835968194822254,0.06794007979300024,0.0687783937871081
467,0.03009076466068618,0.19419082488274073,0.06237026867363034,0.02072908667512295,0.07628054497560173,0.07214879168757997,0.025732023922823123,0.18280057630370125,0.05855459882150063,0.022230941005329907,0.06919913929327587,0.07212877606523582
468,0.13206072411132355,0.37651232951686786,0.004877606030231604,0.010214234732105294,0.06307011165650901,0.058904855618718416,0.13306273530744137,0.45217231923785417,0.00704013010730964,0.010506583464005681,0.05735547875485577,0.07215803905573608
469,0.8081362075201292,0.18487504731841609,0.6634642920635542,0.5670676097780781,0.4023914126993885,0.7130542765564492,0.7637723674235467,0.1805122453635362,0.8197805671530637,0.5396525942692326,0.4924575077750512,0.7863633990542245
470,0.6955341514131044,0.484938291062269,0.9390708821198518,0.8049478123965857,0.7525053648416338,0.7294377011752587,0.6592497430266703,0.5795481395539991,0.9436793695388767,0.8318997290724284,0.7736986568564179,0.7332917609679312
471,0.43650900943732873,0.24378584260485164,0.35584008489985774,0.3428988500131954,0.32609116573386615,0.22451701120029965,0.443973071308948,0.2696837928271155,0.27839791263020724,0.4082737214849317,0.31849377136908874,0.20260766749491263
472,0.26586172343173825,0.23860055039059608,1.6856038968238012e-05,0.01865436326195512,0.0481746221621642,0.0772210693248919,0.24771391695868367,0.4177835005254837,0.0032973750139320868,0.017596301396231525,0.045714954402408525,0.07737964017257189
473,0.09469508525860028,0.18763685925975143,0.0036953420077586296,0.007561921780973132,0.05039310966760912,0.07185673946744253,0.09573960364540464,0.1811618558205178,0.005305059806426757,0.008597309341620807,0.04226874679159974,0.07348922479233068
474,0.5872597079642133,0.14124754388054261,0.40953853598680906,0.4225456264976398,0.38156279516468533,0.16266650818307044,0.5990101889050695,0.14805807445951982,0.5709299673110492,0.3959870777075481,0.2950822836856325,0.21631513189436927
475,0.05892931496639667,0.21279694454716147,0.022174801748891047,0.008951402340251805,0.05118322845952477,0.08161355291268597,0.05844828720201375,0.1874790124115523,0.02192743812996215,0.010786168373809649,0.06690079793777216,0.06622866637606681
476,0.10886874458155978,0.18286003615006988,1.0987329928366662e-05,0.012966182283398076,0.02352051690989721,0.0852980870033806,0.11587856190602248,0.14056393093909567,0.0031849065783691125,0.015090867737512573,0.026859886569787838,0.0688461092315231
477,0.7824470265807537,0.48150463782428166,0.9945472802059282,0.9434290360325213,0.9567347065711685,0.8039513672109477,0.7935484694735855,0.5462727475935337,0.9940961757451617,0.947751120043123,0.9498446774565859,0.8181133011684996
478,0.04386959869696103,0.183822953688313,0.03859072737083004,0.009352464213140219,0.056313862459246286,0.08003826789334435,0.03850784580167418,0.18689118462138743,0.037131096909194014,0.012823716962756419,0.05374784427986246,0.06771233581121328
479,0.1247635383553112,0.19225922293864245,0.0030373543275671374,0.01581876521399004,0.036764864797345934,0.08245199808636518,0.12547254403206595,0.13659387584359178,1.7174186593061835e-05,0.014421272543449984,0.028154185798011887,0.06955668374148505
480,0.2234157627161628,0.22759734864208844,7.05258690759115e-06,0.04069390671686991,0.06144458047025057,0.0820829711012076,0.22735356463358788,0.1830764528277625,1.4650261280606993e-05,0.038146815768590595,0.043460440580387005,0.07532839334092789
481,0.18512501475372836,0.2433556260734741,1.2112077104598785e-05,0.030380671462299814,0.0392871774795959,0.08197351243948942,0.18752603546991903,0.1875409559128457,1.1401807643883398e-05,0.027785976241337877,0.03560696853936365,0.07529772990567486
482,0.12362620021060981,0.176249900801283,1.1851475221496886e-05,0.00971766315451263,0.021338426552407003,0.07282195459899272,0.12518120836858798,0.19664338308483673,1.587476995085501e-05,0.010812895090517012,0.03260156983456548,0.07255679135614856
483,0.03428727288873785,0.1797340006108571,0.04018293035019075,0.015328047068936049,0.07745632162384852,0.07295620081684638,0.03397366969593548,0.18622423636552607,0.046930010869797645,0.01581499905733557,0.06847062778580663,0.06492404894527283
484,0.062029617317341336,0.1844106012350645,0.01838796119767565,0.00804702594776949,0.024654823183232446,0.08142551721418996,0.06235545002820479,0.18748413920620385,0.01697171043631107,0.00972466755524619,0.05837299468767979,0.06735283020851986
485,0.15041499778131429,0.17446589107066202,0.02300626750370121,0.043163171257928595,0.05991207481567933,0.03966295861975044,0.14567599474174842,0.18746977813378288,0.02342834642949951,0.04459379540277944,0.04867783699496988,0.02477390161366687
486,0.4545644082751373,0.44321257398063296,0.6788245517008572,0.5,0.5583079503648093,0.7051704939634023,0.46031123984922895,0.3820204439846407,0.7967160974744222,0.5117633856127021,0.5477236794882611,0.5352549731325141
487,0.7094253477944765,0.6924102418791807,0.9772584736420388,0.9128412123387836,0.9113922185014882,0.7797202453545831,0.7216000461905117,0.6367955759526074,0.9842586162884237,0.9118317353389435,0.9008395322448516,0.8088252271394542
488,0.6788438725502043,0.5674911220064905,0.9505460941478048,0.8705275899931033,0.8658191554613129,0.7617143975525972,0.6907362499065348,0.685564488201965,0.9679844409725692,0.8695527498593977,0.8307320344071601,0.7791789619439103
489,0.04132728663875799,0.1913001157336393,0.03352555151386266,0.01102322047472938,0.07916492563328173,0.07271864676372705,0.040563307442483126,0.18568056275886158,0.039137429296083236,0.013945349002817038,0.07195070972751842,0.061437723649555895
490,0.5366180315381256,0.769272215402038,0.774495113484906,0.6207320703300298,0.6829102878588655,0.6160869941370248,0.5500364304021804,0.6510857465049954,0.8885090709469791,0.7062048962779246,0.6946930781504285,0.6202592318588552
491,0.054417231747797834,0.1951347164476144,0.02023528378035793,0.010056502964250152,0.062380882440080124,0.07992097630893413,0.054478627334591564,0.18709440328746535,0.020033721656299006,0.00991401298682166,0.05379944407150378,0.06768038905454377
492,0.10772462008679669,0.20917364840305808,0.0120753766754352,0.009492089231003855,0.03849767377208713,0.07422239679902352,0.0946723554598613,0.18741299135337364,0.011119551331216372,0.010046241639599472,0.06340773170225204,0.07529386534281832
493,0.09049920353289252,0.18146003239699518,0.010281595276522525,0.009659004154858408,0.03943693326428646,0.07426766898699838,0.09143511434579182,0.1760978630894306,0.01220308915631157,0.01022596968480388,0.06538252791173606,0.07537683221940047
494,0.5890251548760448,0.20228421093483256,0.6445585204781301,0.5570214233473172,0.40920507217771135,0.4229688114519474,0.5957079179690741,0.1875313152638203,0.6879321870344175,0.5791585487465039,0.43749073006296324,0.36670453020253574
495,0.02044442003229713,0.21619037703653168,0.05993361483580269,0.02146475319662253,0.07241874213143884,0.07013719783380497,0.021161248378252454,0.16166104849544208,0.06025465690988457,0.03163757396220674,0.07002614249901772,0.063010458534084
496,0.5539762338442591,0.5592926136605664,0.47717981158363254,0.6222609259022186,0.5683174005154038,0.3282793166317679,0.5286392985407206,0.18817156349548506,0.6262881372674018,0.6046162737250295,0.5,0.40975082790574857
497,0.05235873336848623,0.19365457765531,0.01945492489770274,0.014173524979656956,0.0530107478925379,0.07763722107585935,0.05246977047984599,0.18752451761271507,0.024141506649276417,0.010807745151631545,0.06259687197786745,0.0637424793133257
498,0.03472571567196437,0.20424109646383878,0.04061214227369614,0.014017061147507195,0.06839554256163569,0.07659630738039701,0.029998256965382157,0.1856517843883259,0.051830542596791956,0.017562352219316905,0.06360591767588206,0.0680649727632397
499,0.09122423699957477,0.1839169072752506,0.004106055504378553,0.02262799270113743,0.03173817304746228,0.08463879060889809,0.08898216009943598,0.13940771942177918,0.011798959403516225,0.020241311972169086,0.02767870535033288,0.07568970590278933
500,0.6705437256512277,0.682854826637762,0.9400148382890604,0.7835885053236931,0.6530297840248117,0.6697105116031317,0.6848306702910208,0.6568744102744343,0.9403408213522787,0.773674669006196,0.6694827897458046,0.6929324426594126
501,0.026345561936291152,0.1816095207879279,0.06221714016905826,0.015593906571319958,0.061374043552700076,0.07084543893358015,0.025497307777360468,0.17482664563708739,0.05832347506519983,0.02280017672891185,0.06186407310499071,0.059179225301370195
502,0.06049480307617288,0.19384610518487833,0.0126880810857885,0.007799428221619267,0.05941819073859841,0.08221753979078611,0.06058170073353539,0.18449572190770888,0.015632194107375437,0.009306006997212166,0.050720287935381116,0.06988906167321653
503,0.4944168348779246,0.5,0.8625056618630744,0.5408963469928996,0.6160964475673106,0.5188515297227014,0.47547370025880464,0.4275540764070376,0.8478920462650946,0.5501222652863161,0.5983543897672186,0.6162376800025756
504,0.18977981401605976,0.17295510465025393,1.07300300672328e-05,0.013458032653709042,0.024645072665333476,0.08131171089279936,0.19353007100970818,0.3114926316673114,1.3571774671618328e-05,0.014192134765374143,0.0397406591253714,0.0752413609565251
505,0.11284363212816702,0.35070933182470554,0.004897079864722934,0.007749864807820334,0.05356749068319786,0.07218331224894245,0.10976228378025273,0.312935967254558,0.004704660823901708,0.008877063002002491,0.04464825091931469,0.07314230829711002
506,0.25909103765302416,0.5435788069084958,1.8346980123825474e-05,0.02861831813167396,0.05065250960602199,0.07020498325814165,0.25231356928300314,0.5645500211530423,1.798573650227858e-05,0.025810081895906282,0.04455292578826511,0.07283959228517603
507,0.11430902668966542,0.20782032805003858,0.0230600094590152,0.030111452634423413,0.049195703614610536,0.04487436543773128,0.10946806541215558,0.18118861760223198,0.018993622985865405,0.03277855710848611,0.03776439145750332,0.03923111917388851
508,0.044018677740579104,0.20780731769272465,0.018624185403111053,0.011430598843008883,0.031349632394338536,0.08148203026062566,0.043589230860551574,0.18800488162229312,0.029596041195400106,0.011361632875980538,0.049630611842311094,0.06934629062108905
509,0.03742256402906321,0.19684909397618208,0.024886164908539215,0.00948281365479125,0.05938106253161971,0.06869195960781642,0.03786899547592829,0.18663887558714007,0.03813370907652238,0.01305007668932584,0.05381809316532074,0.06745966115402992
510,0.19129393540630557,0.24423511781658397,0.003137786839189964,0.027114895281898695,0.03714365712171633,0.08276554069393899,0.19399754072938746,0.18748552594604995,1.0994267942056856e-05,0.02880741322154902,0.036660375958546286,0.07550943818496161
511,0.7943375419845584,0.7320843109266638,0.9530393286021552,0.813681756910443,0.7638877948052376,0.7301428185991695,0.7556339842989113,0.6975486696196752,0.9774886811706434,0.8071180052408081,0.7386875311828308,0.7769907811268892
512,0.023412910368967685,0.635676523822956,0.057751114176830654,0.024332161320244794,0.06629788951796813,0.07502866668660164,0.022757269098011484,0.3822460931031904,0.0613019297050102,0.03027979928202324,0.0674899793741018,0.06043239706042235
513,0.070368720778529,0.1917179772659931,0.0083530366370194,0.008160409959407183,0.042400954164225985,0.08798572779678686,0.07121485617971382,0.1639637398632084,0.008819784686491486,0.00906709119782215,0.03544277109278082,0.07372032715926467
514,0.034348399723735656,0.20458052286300268,0.038729888768825285,0.013194468212660978,0.03516600758593619,0.06641479258579465,0.04043545178020861,0.18666804306063006,0.03696307421985319,0.013121695841199562,0.06539676210659959,0.06259483565828954
515,0.03535432196364693,0.17667890557421698,0.04743783312925725,0.012019080600679558,0.0789221517131283,0.07333768960810187,0.03525401043256406,0.18533058190452423,0.04654866173508128,0.01590383325534501,0.07280256261556067,0.06340591028143078
516,0.6403560637476776,0.2932809356097689,0.98427266285182,0.8766854126048832,0.9261464240445717,0.7834967260245584,0.6582197755443192,0.5241822561029621,0.9858098314833725,0.8866722873685544,0.9186901484445925,0.8060928911877919
517,0.13998061340916923,0.22967709232762534,0.004557223545389666,0.028468912060145686,0.03958619431058817,0.07327920896308483,0.13636129585243378,0.14897665723078468,0.005364398311114321,0.025770139030060396,0.030296349481938118,0.07000267496915889
518,0.7245803645906492,0.25724198034337814,0.586009978941457,0.5,0.3144890018332345,0.7066261544732185,0.735916756259121,0.18746691220267467,0.7515362385649467,0.4655621199423392,0.4130649473355488,0.730332814736989
519,0.6593310390843187,0.29908745210619725,0.33746921777388084,0.33581563494934247,0.2465489682962493,0.27366560512239757,0.618282541677132,0.18747391602459926,0.5536762004977684,0.3394978465126848,0.2663168504747619,0.25908541164279986
520,0.272935904404368,0.19354482371656515,0.14153547838716332,0.1415642525884992,0.17153171014273788,0.08362551948275723,0.27178002929119827,0.18753546848947147,0.12082164121281187,0.1369595631707675,0.14109108770995918,0.04063920694846211
521,0.029298149992131137,0.17888546497588728,0.05719673064182397,0.023639638921561134,0.07022829378829763,0.0662243895751424,0.028733782873227018,0.18440086933480837,0.05389131982343965,0.018664348991557,0.064814205525454,0.06867478020750588
522,0.08087307426553529,0.191903143958974,0.005678529891471796,0.0075839762420561365,0.021611753260172943,0.08031372081167107,0.08191060930113635,0.15484425262457796,0.005993687349026076,0.00926760810676068,0.03270336237880514,0.07235630642155638
523,0.04339296926661517,0.19713650390712353,0.03524402516742632,0.016316556632144597,0.07066892169042775,0.0666101191657154,0.0422410199764928,0.1863837154295364,0.03427415535916451,0.012516061062982971,0.06389038983536621,0.06274761276231208
524,0.4127877153070064,0.17179155917272756,0.18903023505130534,0.2620035763116849,0.2142067235702369,0.12292188356383837,0.4194184160643245,0.16118315888775928,0.09855879818874552,0.30300926366462455,0.21397619275850344,0.13423635541677736
525,0.17203750671778242,0.658658393070607,0.0039691023409089065,0.010637062090193617,0.05769862232259,0.05865623438079711,0.15143917687281677,0.6566046869342297,0.00781789760815009,0.011752706789787865,0.060623150344869266,0.0689769661803981
526,0.03889261537733684,0.19226771664032488,0.04856818427974953,0.011605303002960199,0.042565692762696394,0.07842973511571692,0.03366883756469018,0.18594024454400498,0.046928458640158745,0.01574810351188573,0.06690684137758872,0.06556415405949396
527,0.027219847692416997,0.19385214220851374,0.062195206482155506,0.027580635874197672,0.07813775484084551,0.07374049358033048,0.026712614292302265,0.1867583128078688,0.05841771592287191,0.021677094145883043,0.07209274000787803,0.07271345920271144
528,0.031668257593443716,0.199424043184641,0.041227960967950374,0.01633359467679054,0.04408443965324485,0.07848431324197057,0.032153956184061284,0.17840926556617148,0.04787042694756129,0.015847927259604884,0.05775618027796227,0.06588151053215288
529,0.05718817741904625,0.20498418629103637,0.01725917358738555,0.009657759141992277,0.041268281465313354,0.08342749484250778,0.05719398210256919,0.1868737199499797,0.016919102022861426,0.009438572110725671,0.048063496213074965,0.07169038236752459
530,0.030766571498136462,0.21554382267807745,0.03621641883355716,0.020965684714025847,0.05655387881516954,0.0717412271539744,0.031175893507967914,0.18614055507413682,0.049627544010695454,0.01654698922317837,0.06056877527538123,0.06707446214967587
531,0.050052126415435085,0.20936214561836522,0.020289053868612447,0.010797393427458658,0.05404122462958087,0.07717612778883051,0.048109975790197185,0.18745794409120606,0.024432034359965677,0.010498659941856418,0.04959649121963844,0.07048630147186337
532,0.14745426026255348,0.15977904294315068,6.221460509723001e-06,0.01073694244095613,0.0426492203477149,0.07919168152830999,0.14870954565812392,0.14164377054495464,1.29028308657818e-05,0.011358711630245296,0.03606889872355714,0.07317198930341735
533,0.18267316396888592,0.15684345755868906,4.549026234841923e-06,0.026469862047399813,0.042421959112922944,0.07365098400938723,0.18564072167822873,0.17597365424003994,8.277832677463556e-06,0.023679409566237968,0.034859038337588674,0.0753403708515279
534,0.4795366766014259,0.45710308832888663,0.008538547867322941,0.05644644560776522,0.07580314834980612,0.1514835323664457,0.485152286368449,0.18741193305078568,0.013433784596715093,0.04945498821330686,0.07872204282718546,0.07536162207594185
535,0.10801711399914123,0.19348496278075422,0.0045518586904893035,0.011104836116050782,0.04614958355967201,0.07357584608809044,0.09909460406790103,0.18707209411870013,0.004135933363121111,0.008889719261997341,0.03674575247382041,0.07427775547059537
536,0.5,0.617519681257346,0.9430469256075822,0.6565326428339276,0.7567092616815562,0.9053799314129208,0.5140913487594214,0.6424399533892914,0.9423734084288549,0.6411043472323423,0.7474789014556582,0.8416037559409808
537,0.16178212824728988,0.6163178732987673,0.0037869411310215216,0.011157370682726568,0.026180180181929347,0.08158501608687456,0.16338484322269356,0.6425370322858365,0.00794639315427624,0.012440140113206153,0.061246887818401,0.06839825363465339
538,0.03350799511856133,0.1960009045324188,0.048894586159864785,0.011759268427336622,0.07540434352324692,0.0731902387184422,0.03314295327026215,0.1856758586319268,0.04771817306251794,0.016008255267644843,0.06688285568446171,0.06596698411811709
539,0.28973317412012217,0.3466254823383285,0.01095438317321452,0.12228410228803413,0.10681695229225145,0.06236543694698905,0.2896333638723123,0.4581515339224934,0.01716492647742587,0.11603623055853945,0.09009908538542816,0.056506517298400616
540,0.22325558195292533,0.19051212599499526,0.039440319324529106,0.0947445171955667,0.09919832465868436,0.02479814548539609,0.22423550408519857,0.1874276732693436,0.04674637971431711,0.08648385162195484,0.0853023137604225,0.023970622182144193
541,0.3714399677627377,0.26141278447651745,0.026638001303053205,0.130184332767392,0.13504539745543412,0.0651819674484576,0.35690301403813063,0.30988242046072695,0.016279720983660213,0.1424197857588965,0.10598011330442052,0.0768395427911661
542,0.856572707976128,0.6551833254595425,0.9964940970296994,0.9789856762886895,0.9818698702178774,0.7892581646521121,0.8654686482116731,0.6534924441519986,0.996250536119501,0.9815567568928802,0.992515589482429,0.7906186843757605
543,0.383087066667967,0.2563858811541282,0.087584105154729,0.2321888229005997,0.1566416905839475,0.130743642532619,0.3917834329332517,0.1572731758171634,0.04521588582737035,0.2268660051924079,0.15844229911001087,0.10189137648075759
544,0.04470023853690949,0.14693717852676366,0.03842767578830748,0.016185909674480338,0.04757236397597545,0.0711757215797201,0.039468846827998845,0.12723712038258725,0.03616668325323648,0.013007898300617991,0.04526775057263523,0.057452181067067204
545,0.0737247183250998,0.19026141995673992,0.025298645709654555,0.015228691471161728,0.05034687113641738,0.0785774759042631,0.06402620526098399,0.173063835669639,0.022595688578423784,0.011535788481187357,0.07493501267469822,0.0717163872572048
546,0.05444464324931554,0.465078744499778,0.024597878087653218,0.02680028680247706,0.0435327768723087,0.07577751781053974,0.05715551702692565,0.399693724044005,0.03410778497525932,0.02946765829204555,0.04125629099924129,0.06747686446028812
547,0.11442164174736971,0.1733818724325248,0.008613997640642038,0.021045808546229547,0.029929313824760283,0.07426174616343821,0.10804735527079802,0.18651541466752697,0.00689895441497958,0.020208953001419734,0.027079381785040463,0.07567740493113675
548,0.15163177679968926,0.20891780945401703,1.1480273696177547e-05,0.01666123917431667,0.025095003341495108,0.0807987164839074,0.14371637811493884,0.1955203841974071,9.552515591540598e-06,0.01426471180800001,0.030829295020494446,0.07209354548492267
549,0.5177507587683442,0.4789420764584705,0.688983462446081,0.5711851409756297,0.6237993493378561,0.4758304725040085,0.5296106148982124,0.6541403054662019,0.833487568222955,0.6560544779062142,0.6306787125005916,0.5496983327713433
550,0.5832853235324911,0.3123857718406819,0.7162553629735807,0.6626534878167517,0.6517042379503237,0.4145383886229802,0.5908433826171966,0.20496345726331933,0.8014420958009432,0.7084554991391816,0.6036729884354824,0.5504629506769092
551,0.04247716084304644,0.21698813226569696,0.03631713087072604,0.012749948602283798,0.059903632598498076,0.07635811926246834,0.041288465149759965,0.1871426002913414,0.03508300864643402,0.012620422070547754,0.06273668521698882,0.06348969903457674
552,0.038129637907799274,0.21489745184919223,0.035261505753962114,0.009759783376963628,0.05994961469412244,0.06438878097704923,0.044330753255117074,0.1859066536993415,0.03313000713327776,0.012486278761001118,0.06744444182714854,0.06158450819927234
553,0.3462641472587709,0.5,0.006178723406458244,0.03588939856807313,0.052187497122519716,0.08244732905102208,0.3512702964413719,0.286150368591908,0.007790273295371894,0.032246133445266806,0.057563816122310804,0.07351203978848318
554,0.03688538329012371,0.2121429995409388,0.052101735907139464,0.013111708746198691,0.06823122304715275,0.07348203598666381,0.03191097431691225,0.18494399191062366,0.04917327838381371,0.016468250473874502,0.06514576888599816,0.06724204130497632
555,0.03620298285362896,0.1488524016371146,0.03741795019114118,0.017833182749310898,0.044613680932251716,0.05322694412516511,0.03544287628348705,0.1450540245101644,0.04241633235268355,0.014230580278577088,0.05103710191346918,0.06186277998181858
556,0.11328225167891456,0.19583807983825524,0.0027696251508446353,0.014313486769701024,0.03245594835640816,0.06540176340799336,0.11555876547585418,0.13393833822330392,0.0031344711992915626,0.01481900154640488,0.02691415950323079,0.06851655764282578
557,0.11419910970694525,0.19993578573391096,0.005993443709441839,0.013796415358976697,0.07253776971359911,0.05834444666533729,0.11415455319306358,0.18745524870820207,0.00993853372508361,0.01069448581932241,0.06408942025484522,0.07235004926300719
558,0.4948308267798101,0.5747574638757588,0.010747372460907836,0.043005070268843884,0.04178290442767364,0.07810076662941041,0.4524255032622636,0.6424543914129057,0.014096494908653482,0.04567256731486114,0.07316935838782876,0.07538023896593421
559,0.7655444241110082,0.3712792144038143,0.9456945033021811,0.7071104708957481,0.5512659348169112,0.6913984454822312,0.7249679560281216,0.36281074731821344,0.9509652581074383,0.7111232641027183,0.6121501021023413,0.6930195216735189
560,0.30893155683075196,0.5545605318466389,0.003818950151845935,0.024204802881269992,0.050062123538954124,0.0869107925522161,0.2930052550529456,0.642560400520499,0.004428864123124026,0.02405289914724579,0.049764110955703135,0.07533851221395756
561,0.827592054521847,0.2997315755492253,0.9939983063039415,0.9201630670341663,0.9359539408559499,0.7748602085456043,0.8327892770215976,0.18749780888343748,0.993144534404341,0.9215675060987117,0.9170718136951547,0.8083636862281562
562,0.09721600487271566,0.18729956353708094,0.009899290681343974,0.018278423795651137,0.02674326631868363,0.08323009000747156,0.09067599142046502,0.18751177977263472,0.009218760717039,0.017958820234132554,0.02641493659614353,0.07450262678158545
563,0.04188310720537339,0.20639656918124266,0.019992909342876564,0.012332650007267302,0.05253045417763862,0.06835424535296136,0.041373593523686386,0.18728841090527873,0.03263457102572816,0.0119281456050192,0.049950713894075786,0.0681641116539122
564,0.09989202208198679,0.1949877067367492,0.017045314791163464,0.011200164039225382,0.0276267945721974,0.08822776164154017,0.08613864158227783,0.18751442167231508,0.019092924070069673,0.012255009713377674,0.07997947116548589,0.0742709915862429
565,0.05545883325928248,0.18424091961020733,0.01628516104497694,0.009379196987219009,0.04628755854397047,0.07619005427252443,0.06215581610804724,0.18564458575876663,0.015141016587395705,0.009274183542117054,0.05178433125856564,0.06938395794455092
566,0.04554115476109915,0.20467364110712438,0.02583172115695441,0.009651042126862776,0.07421357896402057,0.07311590381581937,0.04539834868409583,0.18595552280968772,0.03121330237272225,0.012027561140462667,0.06517878652023844,0.06206152080747034
567,0.08344631276362754,0.18654769819005013,0.013103277471030331,0.008301045122452692,0.06957490608558693,0.07542975449180365,0.07311194954553171,0.17147723503086623,0.016048366134564767,0.010257842506568101,0.06653018806970856,0.07279182728930757
568,0.12704817466023435,0.4613407594209838,0.004349348406572312,0.009209994181263143,0.033553671609535145,0.06849215143644888,0.12400724460374192,0.6424562243585447,0.004088054132526804,0.00927567199599949,0.04475849569638129,0.07306838200963117
569,0.4262958576113486,0.45536010614023115,0.05429339318888629,0.21579159975609324,0.1814750139029094,0.07082281489093593,0.43338002130535624,0.4833517279373241,0.05051941954115769,0.20440022790100928,0.14676393541644042,0.0766657869616002
570,0.8247771597064804,0.4530687327447737,0.990770803230415,0.9309317673267515,0.9374202402650555,0.7844608767879304,0.7909315466315098,0.5998062056784113,0.992855713307814,0.930489211570656,0.9208923986086668,0.825127401568919
571,0.06946396013602961,0.1908288119732708,0.015312656106190769,0.009314492905119928,0.06551077413582483,0.06876923294153149,0.0676323105222585,0.18668106922492936,0.014125899049626196,0.009335232998644303,0.055996209389701825,0.06915925616195585
572,0.037007329549057076,0.19254228563974057,0.049105373208332775,0.011582940354927698,0.045947525786186445,0.048641505304756166,0.03223104789418821,0.18745040564817045,0.04902247992887115,0.016651509183153168,0.05132720577258045,0.053981101740688944
573,0.03279295369393455,0.20542933766740878,0.031975437827469214,0.010078498255295224,0.06216866185670163,0.06796261401293134,0.038820656619856,0.18747116434565797,0.03858929814534603,0.01339499231238807,0.06376047118242585,0.06383839749464125
574,0.029671640173413113,0.2134727719647944,0.04545540457476911,0.01499864629577845,0.06617484812833153,0.06825440916709127,0.03549302453500098,0.18677046594317376,0.04403848606561383,0.01485804429886508,0.06631780600534325,0.06450206754348299
575,0.6140787806926384,0.3365751658899334,0.7925335473308754,0.6608347497137184,0.5225177435968921,0.6429646741865984,0.6223597738649536,0.27202216124652856,0.8255106383330817,0.6823198009332084,0.5520393874408658,0.5271453250074412
576,0.06816018048763532,0.217467221176519,0.012791886060883172,0.01365149975080228,0.027496993608407756,0.04974056899409212,0.06715639124546566,0.26258348483425464,0.011508864950647775,0.011358171172061778,0.02909404413523217,0.05108262104226657
577,0.05647455248906255,0.2237203836420133,0.021940766948625172,0.010583460060499667,0.046385708733557546,0.0648210100027395,0.05052725265255537,0.18746985857453963,0.021373101126753506,0.010327439977798572,0.041434535341917184,0.06837332800511453
578,0.8122906871264925,0.7549050955704347,0.9939470914340351,0.9754000663878206,0.9966282562477929,0.742188760990329,0.8170417801520402,0.7535964282152469,0.9970405795930724,0.9767024718453229,0.9939555722619079,0.7877140000652871
579,0.5,0.21661245603524282,0.20834746297056975,0.25575843906037216,0.21437344958709542,0.13488861238562205,0.5103923838705094,0.1874746751541318,0.16734739103682275,0.23660110802919204,0.17726320111381585,0.0826472481597259
580,0.0548592302933239,0.6406672939182755,0.0399006399308359,0.026050929314265673,0.04447151288309103,0.07142707280694294,0.05763729444249355,0.4455141768694848,0.03501755071047418,0.031141534573102345,0.04294121259539242,0.06506042311831156
581,0.5896686701815106,0.7272472616370196,0.9566048267846576,0.7374299790311257,0.812735406364538,0.679150591622181,0.5647820126386903,0.6424685862633568,0.94979323035572,0.74780318521042,0.7902938258519479,0.7646492168732951
582,0.06899957912948364,0.21698649539086082,0.019147838049782803,0.008075740022330406,0.06775743479063638,0.06752407561533137,0.060927930405085075,0.1872599118003214,0.01769357702731119,0.009809011549765986,0.058536122740293565,0.06688805112131281
583,0.7311665241223468,0.35956139011079813,0.9686711169606115,0.6993749193226785,0.6414249802231932,0.6654582447963763,0.7327872600450361,0.4033607472955044,0.9566009350419008,0.7236009321718104,0.6292472402052192,0.7123097399149092
584,0.4727970931764956,0.5840179304682855,0.021017357396453655,0.05709067910871421,0.044129181816563584,0.08884093059592417,0.48134975195510277,0.6424590728553035,0.018174173790686515,0.05429182432359564,0.08036548763424951,0.08674581566665382
585,0.10395533061495436,0.2221533251676498,0.003502902430770036,0.01180432584753915,0.036421721953225544,0.07723720419049315,0.1108664656111268,0.1700498747424539,0.002879928279446554,0.011990874928372369,0.028370770173330558,0.0680919191212714
586,0.027738900615345157,0.1958638223919504,0.04267330214169683,0.012499564674460225,0.07811866228951993,0.07871937552314875,0.033384448943911384,0.18486197413660163,0.04912671668742783,0.016726302860532834,0.07241379713279575,0.06483371504325607
587,0.4375605156501773,0.4238748472637846,0.7111537391644791,0.49370120161617037,0.4884581285763416,0.5232011409721417,0.4471138831136228,0.3168748147833443,0.6258960645136865,0.46854558181932204,0.4498464971553679,0.34125275820466616
588,0.053469257304921455,0.19395458023542647,0.026611425467331893,0.016103440147269606,0.05658727337764744,0.0761821394550542,0.05281950510830387,0.185280440572476,0.02855233697086603,0.012201288457836003,0.07448188869303574,0.06544983971129605
589,0.11458838700889815,0.17102206209648835,0.004663955668637762,0.018041450702149655,0.024856972548839826,0.0740714884220376,0.12149540501462679,0.14406155153081204,0.004275865819104473,0.01954670726237486,0.027281459392882214,0.07469427396289895
590,0.03374486150231582,0.13147205660087533,0.04768414000938183,0.016573198077424033,0.04589664216481143,0.06976874039131119,0.03282530957444704,0.12426435789378092,0.04753914413946788,0.015962290495476584,0.05162710775841253,0.05671237508385223
591,0.16167972151502355,0.21593649760074057,1.641524255403029e-05,0.020711105531619128,0.026719967278453608,0.07024395098603417,0.1546977060835126,0.17467167533074368,9.521768683947782e-06,0.01814249021801176,0.030787117018876757,0.07307209892772808
592,0.11892857819312048,0.12812842687824158,0.004380861206274423,0.011576576974442783,0.023179913684633572,0.08441829325679226,0.11215109839108811,0.12838014060755942,0.0030819491949583173,0.013537525203579485,0.02717589590228787,0.06718798363369471
593,0.8672417495847718,0.5221495200182645,0.9931912607616208,0.9634347067753557,0.9855154802036887,0.7829895646376891,0.837677734516511,0.466734470742844,0.9960261653489232,0.9663767380119564,0.9752576273529608,0.7893364529100905
594,0.3886520466431949,0.27227941142035006,0.029831517162556963,0.2467892568964449,0.16394275990041499,0.13307675970779753,0.37492820267881016,0.15742841591704754,0.051354370793098916,0.22718333924165407,0.16190066317002913,0.09861423873817073
595,0.6124076621449834,0.5104270609916197,0.7885396844822702,0.5843345025389226,0.47217017326478683,0.5461093964123295,0.619820231237395,0.45636104143848777,0.7802931398286291,0.6073687765919062,0.46913986425856596,0.4236657989549799
596,0.10244256520469255,0.204597617693419,0.021515738350795552,0.029036401829099563,0.03387916425630416,0.06435960652524347,0.10865825367881783,0.18746781167649612,0.01662083892355774,0.030484871120151014,0.0351840007998755,0.0450705010040095
597,0.17453885436473277,0.715117316061358,0.005691038016234445,0.010252786234366843,0.05294279628564698,0.08182162871796711,0.17060900428418768,0.7836492528125363,0.005952920989450254,0.011861040623514557,0.055226189276833294,0.07151533370361075
598,0.024772028742436336,0.1815038189294067,0.05070469151803219,0.01683914719724619,0.0703112905508826,0.07549559549374908,0.024041352352915563,0.16766951174329675,0.05941695319118043,0.024363272566896427,0.06703770292569443,0.0683090872219635
599,0.19840570286690343,0.1568512260649705,0.07171301400246459,0.0736401466791724,0.09541074678920106,0.06736430917858992,0.19360260418323386,0.15731709427647259,0.053210033366493714,0.07241891215721562,0.08247162708300494,0.022037204544517595
600,0.026713372237968446,0.17711400514769385,0.0635904495428375,0.019036954313014644,0.06854781200741296,0.05791942703419869,0.022651438686626717,0.18743327645097427,0.060244414641786585,0.02801900909030797,0.06687774760629961,0.06087752447750654
601,0.036794499047777554,0.2169617556973266,0.05110374562553383,0.01293373566455568,0.04446154182480219,0.0764104958375373,0.03192288323311629,0.18746532081340442,0.04841761836583278,0.016076034853118405,0.060697134096234055,0.06726655006359879
602,0.10593803428055375,0.20006408833367917,0.003297443878747691,0.01102688129288056,0.048931395926328745,0.0784380761651952,0.1021887238218548,0.18750283475237606,0.004282204876691838,0.008769254117830241,0.039509402363493124,0.07356597831994466
603,0.09013135658351328,0.23255638133006262,0.010396929949825249,0.012515988676593558,0.07057081278149771,0.08858863160017608,0.07953039163549715,0.18400935780139474,0.012393313594834742,0.009572187030674938,0.06055780479164985,0.07323639170372218
604,0.24563291905969445,0.16799031495606168,0.00302130264996339,0.05113539657429754,0.05159622052495743,0.07665816371657447,0.24227100665654236,0.1874703262599529,0.004091085227006594,0.057796659605607294,0.05280231282832203,0.069280441623726
605,0.19231390672910503,0.19394457752026886,6.587303726369824e-06,0.025354931705882912,0.031831973253954676,0.083971427466652,0.18626753118030145,0.18412601114308572,1.0737605255123499e-05,0.02690819338778608,0.035287282831064117,0.07534030135085362
606,0.13555625356883538,0.7429722013930664,0.0031564772479399615,0.009490894334307394,0.05244371201153569,0.07731660176371774,0.13750046080223857,0.6425085532166741,0.004326275864984513,0.009815380021036114,0.04761170010281845,0.0734073946261339
607,0.10783850145136843,0.14279290293787206,0.006570673289447165,0.018921472475605283,0.02430822389741172,0.07957684324550517,0.103860507865289,0.10812475479492387,0.005302821378375877,0.01654444688535149,0.02599848699986574,0.0711808253171125
608,0.02091973577976944,0.18933704440490468,0.0615936100813985,0.027098519864024475,0.0732231718653504,0.08142066504920906,0.025951749865372926,0.18300142048232612,0.05766814140234914,0.021613900910279333,0.06631123909959913,0.06940287082769676
609,0.7278556969146123,0.5536618063435419,0.9838708648289602,0.8928838768262422,0.8826591274261539,0.7877267111238493,0.6955628792985835,0.5859931991027981,0.9805107026582741,0.9007214673105134,0.8957822355183455,0.7896573285542527
610,0.02638339678611653,0.12242611715201596,0.05118357864117477,0.020249914034308824,0.06633922800513053,0.07572679391030603,0.02556727623172121,0.12544427523254487,0.05793937049357668,0.022259419978860603,0.06294199619766642,0.06265216132579456
611,0.03579497583773764,0.21738209575297068,0.04479279629580215,0.018009043473216666,0.05920424567898112,0.07123308830819874,0.035242186279557934,0.18680756335482968,0.042550205010782334,0.014159495330783574,0.056204374277627416,0.06694608436679453
612,0.14776539271151187,0.29818743760027255,0.0062603995956923815,0.03278367541598644,0.044961192652559545,0.06650815819726168,0.1512937156687495,0.18192208420830683,0.005739351662316189,0.03077803170082596,0.03347317884185661,0.06250960860756466
613,0.1158762799865949,0.15235211637936974,0.0041789483402023975,0.020073069906467726,0.025614659239045788,0.07400800290734347,0.11480987765882586,0.11895439319211021,0.004816638641399279,0.018783755892978996,0.026773702358077817,0.07453404996470693
614,0.10878400054917801,0.1680806029387304,0.0038536371479465058,0.010769005213833652,0.03302713225713657,0.06404059607218181,0.10398100986823094,0.16337760136078458,0.003245943305130143,0.010670200206463941,0.029672813378916113,0.06967612603970497
615,0.1612620651670867,0.3468868406365758,0.006325520902943097,0.032188308883632465,0.04302954430884983,0.059802545977862984,0.15595047519746055,0.18751345195014685,0.007436694173724516,0.034764617957473855,0.036149268803927506,0.05307445793730212
616,0.03706968409889795,0.19818094437195471,0.04154886566181313,0.01088669354967524,0.06011342449966989,0.07786019544984972,0.03734679696216954,0.18733065830998613,0.039503869692920295,0.013424368540359182,0.058606242266766105,0.06682409270093854
617,0.18376447911479452,0.7502271413549396,0.005438645748650553,0.0110603908166928,0.06385227828980138,0.09096410001659934,0.1861080072511592,0.7269933361797115,0.0060934035175873565,0.012709277315911783,0.05583815774110739,0.07176584215167375
618,0.025399588526232364,0.18289446396726017,0.05758563321296779,0.022177975455759925,0.06515854613615797,0.08064773884915996,0.025841430757062182,0.17777996595804985,0.05768678232479531,0.021709338235711844,0.06565232320950985,0.06847887181862204
619,0.2520997451616806,0.21932691476332714,8.789110456872564e-06,0.04520887874203192,0.054342120972494294,0.08958336460778564,0.25620049706420955,0.15712498931529975,0.0026314643912901847,0.04515213291960559,0.04954163037403981,0.07340947646658433
620,0.7131792143693823,0.18651903324954333,0.99534274409396,0.9389551647466876,0.9752637187467981,0.8055438973450939,0.734886148915204,0.18747436695789804,0.9954224614853724,0.9436586215641433,0.9756322481799564,0.8093628727742456
621,0.11186414179760767,0.1952228118005169,9.993753950483335e-06,0.01417894767218138,0.023559141723083526,0.07670342690079289,0.11873028810821139,0.12670289498939505,0.002832029823297719,0.014610852409618158,0.02730084227671744,0.06872532426530414
622,0.3485150898235399,0.1918360337493797,0.04657152223912585,0.24387129903710975,0.22509593990117013,0.07978165733754414,0.35379083897676533,0.18746421004017558,0.07882231734467152,0.22272612842715184,0.17058823307396573,0.08070090622553414
623,0.6161240491571788,0.22023171454117982,0.9081994209361203,0.7746084403944611,0.7371974629508302,0.7240278749863438,0.6274652595346155,0.27476816615945265,0.9087866614026694,0.7910384751045464,0.7209521253349263,0.6680550390089979
624,0.049127561066553666,0.19431309148962114,0.017247984225655575,0.008004833212458373,0.04499245044445362,0.07267881813580773,0.04895228044782991,0.18717604546033223,0.023980733030040974,0.010432842837380496,0.05164196912761899,0.06932391536575985
625,0.03918837575022615,0.21677027233712134,0.039062107874870695,0.016606038463244918,0.05262918435120888,0.07049824235111983,0.038823164293954965,0.1874558944919533,0.037228682904867964,0.012898219777545227,0.057999256990770624,0.06674446314429286
626,0.10541504764963253,0.19206988976595796,0.004379597438823144,0.007799395252934257,0.04344785275276142,0.07755213311140664,0.10138154721484793,0.18683837964700611,0.003998775471979029,0.008905303844796075,0.03712388889756766,0.07402822165084197
627,0.03918439607296181,0.19434723739631413,0.02359557507951288,0.0102647609829835,0.05569993423267118,0.0730029305401282,0.039588159100217894,0.18710930807345522,0.03548998802249287,0.01247091119022005,0.05360585708314708,0.06803861826055704
628,0.11081040528432681,0.1639252871840447,0.0037251710436993586,0.00799349300652279,0.019537966392581103,0.07481656875921251,0.11230289146083251,0.20890358073278817,0.0038436021331889206,0.008968930720365953,0.04071787206011302,0.07291835560766283
629,0.5289660880804861,0.4300464416315504,0.07021350591161976,0.09911242220958894,0.07566331209963637,0.14007256412505784,0.5355896893757176,0.642554194497994,0.06130678842600674,0.09854684894414356,0.11092986545636506,0.14514585809688704
630,0.03200070431462622,0.19414141501033733,0.05942716253290608,0.01880537155153113,0.07258743369841433,0.08174682315089127,0.027491267461441017,0.1829052845687389,0.055896321096625776,0.019970246441333148,0.06655877931792842,0.06976084655737087
631,0.790561356441419,0.639630354872646,0.994721222449471,0.9437796854154884,0.9356558895931439,0.807290235200133,0.8060078267818477,0.6330674203563739,0.9946149622345849,0.9480722405472476,0.9495376328484889,0.8152302554316014
632,0.054715036087682675,0.21321915033743402,0.019887363097178697,0.007795674041330902,0.025997694815119113,0.07233841729508156,0.054755160674930414,0.18697910860998687,0.01965633018573886,0.00984776336988982,0.05307387186717819,0.06816128505855455
633,0.044490622490356915,0.19735129733815593,0.026877557869254713,0.015596690652365698,0.07162178682432865,0.0760164263926063,0.044444582403505566,0.18614025388551858,0.03143375587269372,0.011949963972805797,0.06280403197301793,0.06288457105532627
634,0.029261380521884785,0.2347632474475143,0.062155755709297426,0.02500025681447184,0.06065841543678334,0.060515322117671105,0.02499161171966028,0.35894399405116995,0.05926817500386981,0.024245535527411204,0.06210221274910217,0.057083061010307565
635,0.0669783510213163,0.21564003252672184,0.016101387634854837,0.009429239194707412,0.02406100588023908,0.08113525043726909,0.059909185902049925,0.18661321212503462,0.01505231183999249,0.009210542499623168,0.04655528504534526,0.07270443513192845
636,0.6882997675961268,0.0991516887694036,0.9248910630959445,0.6142894652180257,0.5529653718032261,0.5,0.6985020944769309,0.10113092739172128,0.9019017765837013,0.5998208921521917,0.4924327505174761,0.5809609926462935
637,0.2164701143269045,0.3271914092151683,0.011050578403326697,0.014893372760099478,0.04512767693896601,0.176550863492002,0.21775776724052426,0.6425394682385589,0.010189235314744003,0.017067967394802656,0.06770495333476235,0.07534563706829524
638,0.04949817604957674,0.19872790050623373,0.020514400462539405,0.014128913516821892,0.06781152577766467,0.07606510273854837,0.0494834997769178,0.18725713661997292,0.025385766324424654,0.010825098683479235,0.05906882634894845,0.06448897210896087
639,0.6832473340369289,0.7455963049772543,0.9522824796094935,0.825342135648909,0.7058168664305158,0.7864326281692545,0.6917876182603567,0.6425912969858767,0.9552409491642675,0.8186228271398734,0.7395661358851313,0.743277902209614
640,0.02517364022975945,0.2156967497893303,0.06408973569643586,0.022225863512704117,0.06284259305524248,0.08133590968368336,0.02462477136542729,0.1859653116183941,0.06012449568658447,0.023986181752902586,0.07098390562600626,0.0743632609083177
641,0.043106221132999924,0.21559360098723754,0.03455491424287499,0.009003133450423681,0.05630736198687998,0.07886825808995367,0.04163114631479901,0.18751825153139678,0.0330857675273699,0.01202787679801245,0.056375923886034775,0.06702618033461588
642,0.12231012882622198,0.20536306594903467,1.0302406712571171e-05,0.009210677610125048,0.020568526159733563,0.0749925253785999,0.12395628181202568,0.17685017864727823,1.8735036962946734e-05,0.010176608583382263,0.034393550446950194,0.07290369705938672
643,0.7272141956754072,0.5490748247381795,0.9741467842145315,0.8525185109494139,0.8004079320186327,0.7776485987646675,0.735954548621506,0.6423315033177801,0.9788836447139736,0.85259970094038,0.7939676483987202,0.7936863295652667
644,0.25701789436931766,0.6167421079640739,0.002597368146032425,0.015588473495673447,0.051793044810149534,0.08702734792527168,0.2569737460332501,0.5490078065591134,0.004380792005417441,0.016743648397217217,0.04951208816350778,0.07681396097004012
645,0.052596278748798124,0.20671670619919283,0.01779425659379605,0.008457793110498754,0.02719792211967785,0.07583312200767278,0.05257189941711319,0.18744808524804807,0.022285122965165396,0.010309802010773392,0.05699325501263797,0.06571757928723126
646,0.6647944146967519,0.3396383384285673,0.9853674289793776,0.8671010789377318,0.9312010437005261,0.7645028886208989,0.683747766160186,0.5682211988882914,0.9832480095290113,0.9005731966870063,0.9111071509419932,0.7862831155025255
647,0.4876831404073594,0.48550739546764443,0.8715114818714376,0.5111798024445855,0.6707687158758241,0.9008003938419021,0.46929876095530565,0.6425485358304621,0.9441814862687647,0.5127935934795748,0.7691652839697535,0.958013242457042
648,0.13602801931194572,0.16452165231549096,0.019530282342086272,0.03862975240562706,0.04506859803166642,0.024268654652048992,0.14002993806019043,0.1908264101732686,0.01959496943488344,0.040610538117596455,0.043925879537936995,0.028595862904427248
649,0.28095500225656644,0.23438284713847035,0.016710010105961216,0.09605795826806565,0.08870142845079321,0.07286754973984833,0.2792538129869036,0.18749157760846513,0.00747001800906648,0.08730415351084463,0.07084335752158093,0.06772340211083541
650,0.029553364781587918,0.1924605064989816,0.05507921994801017,0.014091960455347535,0.061484975114646935,0.0735614299066476,0.029886274863810517,0.18539239232238605,0.05204315729211112,0.01766881693825601,0.06388586823064468,0.06815948141297093
651,0.0246842587086094,0.21133588893137728,0.052557999832377474,0.016893080940613387,0.06963033939352256,0.0675627219107755,0.030117682812781692,0.18402787123489686,0.05198279894705744,0.01766325325346594,0.06549057774811212,0.0683151487274287
652,0.0635649383876159,0.18223428261327895,0.011942389673386247,0.011601020404976957,0.043069535645225795,0.07378695541131625,0.06378933617492265,0.18362346011932493,0.013223538038454637,0.008996708846769471,0.04679177471349211,0.07250162555665862
653,0.11650389647249403,0.1459417979941635,1.1389083461964105e-05,0.0137862823475017,0.02753528534800005,0.08046495398163993,0.1095610730673971,0.15005525990919522,0.0030836303491507348,0.01261734069943295,0.027589472811941154,0.06690635912995398
654,0.06018262231527836,0.21348374354128913,0.021645767687028188,0.013238941008539177,0.026824878309890783,0.07891080067707318,0.05318745517394883,0.1874245481584127,0.0214837461453225,0.010161346128768423,0.05577499460948375,0.0664248437628263
655,0.043644217520458516,0.20648587940956367,0.02422298123663653,0.012744119288134613,0.05887358243140759,0.07818720113217373,0.03831363387547202,0.18658625189059083,0.037405299708864394,0.01288620470956126,0.0533353883703165,0.06754944222598486
656,0.06624274532197998,0.35057651823781144,0.01940831953499263,0.01545889735899975,0.026060064470275177,0.08574664993036596,0.07311897604898632,0.20151955063583452,0.01636036878222748,0.01898620674267695,0.02849588525310435,0.07474890184728653
657,0.022407963765878336,0.17941445507572223,0.06026185240856272,0.020544634738948638,0.07547343605943832,0.07309892435912536,0.027609355752302996,0.18301582895538507,0.05660171731557442,0.020356148175902557,0.0699394218910919,0.07094907591989545
658,0.7482261364425659,0.5122238652901209,0.9781548308568322,0.7729165134816625,0.5934909196314202,0.7057180788044279,0.7503100460319999,0.555913722547948,0.9689508584794546,0.7624320421697185,0.6834225905620631,0.7529873481101319
659,0.7696834490094459,0.5793947914635568,0.9842237489265859,0.9176528676221167,0.8713003708568806,0.8237289734472734,0.7777729464771522,0.5859045775795101,0.9910352002973877,0.9164056978000718,0.8979965844045279,0.8266761666621565
660,0.6076662671789196,0.6158921820866335,0.9381245152609082,0.8223979695286794,0.8768941430833536,0.7264301510447401,0.6179418985002775,0.6425506211683565,0.9703713198461285,0.8335362511480855,0.8588494397160422,0.7733874497622311
661,0.8420145297225792,0.6253942914206846,0.9652955400935315,0.837386901739557,0.8622766678345166,0.7807854151039698,0.8049204444832556,0.685684470136412,0.9835529847526314,0.8374560376714854,0.8035737129868382,0.8072108069786986
662,0.07434929936223246,0.18952672237089382,0.027427212241269646,0.026357123255969544,0.03818718071046537,0.0717143824680957,0.06698603338373818,0.13624685868836522,0.02405181307085055,0.02392720902927286,0.033372043227318356,0.07209741143317144
663,0.07823420711321737,0.16867346716346449,0.02003890104597092,0.020570717072652955,0.02794024600395556,0.08775441889712227,0.07483148241345486,0.15577195607887043,0.01791494964665453,0.02127436794387785,0.029832950755995208,0.07490112615517344
664,0.12072043404007284,0.19496659347702247,0.015781049922800404,0.03301750745523006,0.041254437739107565,0.03947466061354741,0.1268783215652159,0.1824161363376397,0.012555400829308732,0.03158207319137557,0.034810375274256615,0.04629160842197257
665,0.8081016396745316,0.2792346272018984,0.9911326979782868,0.9407301869581772,0.9348553152366791,0.8029851900197534,0.8231588917519531,0.3721632352664187,0.99508373991076,0.9478055660648272,0.9497393915949711,0.8077640082417271
666,0.05182574481819601,0.1484189750644779,0.020636412735415353,0.011527546219429379,0.03359598333989114,0.04636893479747557,0.053006946764035646,0.12836322149600346,0.020039484952649473,0.011188516121271273,0.03466078098015348,0.05148333297931204
667,0.6306998932811756,0.3117644440526958,0.965464180480608,0.8414288349896495,0.8230332026952385,0.6227501222859861,0.642263599403887,0.2272862423952198,0.9473776709159841,0.8375119019862843,0.8047133142370331,0.7265184781874623
668,0.7492858093509895,0.6473952144906295,0.9889160276622657,0.9192954281658288,0.8930498270427155,0.7890871540077139,0.757021512716768,0.6286050580245228,0.9893128707802423,0.9211270631810777,0.9068956003061334,0.8256810224440795
669,0.24157236157309037,0.7649797478642373,1.2368307900713981e-05,0.018418661845891523,0.04855916387953052,0.08238796780210622,0.23737518408367111,0.1868642090417485,0.0026174474250477485,0.018536560203040807,0.043375290798103504,0.07606141097465363
670,0.7081967556154887,0.3285567301724887,0.9042003075720558,0.6928920503656486,0.6557961145333756,0.6453394909749839,0.7192530086767503,0.44116893765736437,0.9503287375879043,0.7172462158776206,0.6153922497996149,0.6863355685162148
671,0.7084156244165002,0.6375609383721592,0.9692623128031956,0.8853258371552108,0.8734444553803005,0.7978530765826093,0.7217792279844276,0.6838317901334005,0.9787894861911806,0.8824822813887064,0.8435541763032068,0.8049299629616488
672,0.038648026258178245,0.1964495440985181,0.04193091122476223,0.01464994895684755,0.08140094540987464,0.07520657093693682,0.0380289409911096,0.18600884337553733,0.043446221567708825,0.015136890499011896,0.07465572707518783,0.06216660803493336
673,0.4556515508758504,0.2696228670932974,0.07785935259820585,0.21690412544911644,0.21265109626226453,0.09391535890344255,0.4665125764787643,0.19844096008965728,0.08600461265104828,0.22290277041006487,0.16159040349133014,0.07531068166526908
674,0.32155946425774407,0.39326997249268075,0.4293275630432569,0.22550340976503236,0.23644720416094284,0.27962653675684257,0.3266705407915253,0.4454407598541766,0.4421261373196998,0.22351025470571712,0.2956651593005959,0.22812498786930505
675,0.4607625695925563,0.23409235722722282,0.06589168251287537,0.1955269524530195,0.1815016138962037,0.079882673151857,0.46844566530123244,0.1874118063534487,0.08275718553033265,0.2004904508341856,0.1503325406324943,0.06760827347417496
676,0.13134203400494798,0.21627161455966895,0.0065654516727197704,0.02672525477969584,0.027182087400080802,0.08576155155895065,0.12518690526571463,0.19195973531277055,0.007225544854533229,0.025419078106193024,0.029916606144006888,0.06785999763168238
677,0.4452569331816199,0.15272798624580136,0.20609252338103462,0.3803718026306711,0.25430878759620895,0.13412109677001174,0.44787146720454224,0.1785356795277925,0.1535974176409986,0.35672872651183013,0.25586605174796295,0.16685649400419494
678,0.07185622630377618,0.18158746993624908,0.014339094963559404,0.012505305129118422,0.023407897333956835,0.08564101540029369,0.07141277725920743,0.18170013261702986,0.014052142194385298,0.009550396072975649,0.05958239999069981,0.0705400059863747
679,0.8457794669787039,0.6387220170369606,0.9940105567604571,0.9787264051714538,0.9913712673165028,0.7890593594970267,0.8575171299966501,0.6424459716421147,0.9963723085436,0.9808307903817027,0.9921024523543969,0.7908864503445935
680,0.0314126827684054,0.21780618273144126,0.041148391998263985,0.009727571180345706,0.060670053844883526,0.07959667363397012,0.037413114140446485,0.18745652482172598,0.039131463747658114,0.013301271121625827,0.05680519459340575,0.06735226605927182
681,0.02868824977460514,0.1817557544499406,0.048473401032374866,0.019707270835183446,0.08130563550735179,0.08256911917679002,0.02880058511750728,0.18681735011072215,0.05558577407265614,0.01962982533813058,0.07173578169235291,0.06986206722563605
682,0.22061450611396266,0.17470341815990773,0.0785844385604709,0.09297991708437482,0.11561042828013228,0.02390297413245707,0.21699048113193942,0.15011419281961347,0.061296644576576784,0.08582155812548065,0.09230015499650691,0.02398568820495331
683,0.07863050738554822,0.1868105760356959,0.008054840770666752,0.008880428083718556,0.040115359966957705,0.07304947035712457,0.07058412114579264,0.18750288477411464,0.010611587337970288,0.008735557890034452,0.0462193876279969,0.07279096946386268
684,0.8267299647036888,0.7127512467828145,0.9970259579425738,0.978598183220106,0.9965917231937211,0.7930979307728045,0.8364991081474816,0.7740104955862527,0.9966840701816729,0.9799872485095409,0.9935475689134418,0.7954370795729911
685,0.02254919568183397,0.18117154878238256,0.05002412352580075,0.023072191879004635,0.07587899006421266,0.06266711529575036,0.021305269170923825,0.2658861804033634,0.06115544581626039,0.03400943378362874,0.07150758747836614,0.06381328152262074
686,0.26404840884091607,0.5239716138419899,0.00258669362424967,0.030644282497314292,0.04011440165505023,0.0632105506980545,0.25851416298345814,0.6531618775150048,1.8791020663543197e-05,0.029699705305248774,0.04588435376026773,0.07153222021316206
687,0.07209070175807497,0.16881221483938322,0.01087013268885011,0.007453555835834777,0.04059740603681259,0.07024784068744062,0.07837978359654173,0.16641658378964513,0.010063095493588239,0.008875930134338815,0.052079745733896114,0.0717864378733465
688,0.07135644575556072,0.1768513284585089,0.024923399449685486,0.011982612710426903,0.08993456360718938,0.07910423875799724,0.06152585550612482,0.1851453010240413,0.027204603567850896,0.012769133366151307,0.08246413234539686,0.07353322211368007
689,0.035098733219215285,0.33263302018315016,0.0385784099520799,0.021716558048554168,0.03958957819753289,0.05912023945387987,0.04098054304437647,0.18746698426174443,0.04100458625325951,0.018731769561317946,0.03971702220157518,0.054672080807055996
690,0.1737542422325079,0.38721795599060665,0.0033532172917250065,0.03930646885706551,0.037685420388951764,0.07052312870175279,0.17745336116931376,0.5905752847639698,0.004379984233076698,0.036254683827050285,0.037504422134067184,0.06344306085214271
691,0.1659726949579565,0.15498717454731406,1.1682271388639257e-05,0.01420431658626393,0.04266084195349244,0.0759248098527866,0.15499978725741284,0.14117077214130558,1.1763403837294865e-05,0.011868233390328152,0.03612967983506224,0.07346167876090028
692,0.13109922117081133,0.20895105064560568,0.005585776258031534,0.021717613131833145,0.036492486809954205,0.07559762741728339,0.13742248078632338,0.41254617204077093,0.0030520300844818506,0.020670681316683964,0.028676726670984306,0.07427801746587163
693,0.1624581577361567,0.2038361557654352,7.185606727693494e-06,0.018747403464571464,0.03412487528434839,0.07478213450845078,0.16471415058567457,0.1874827085865873,7.854402860050686e-06,0.01832068432563283,0.032203290048801445,0.07383001492270314
694,0.28784866770827017,0.18415148632582637,0.056909483102294635,0.15472885261214725,0.15726873084872572,0.05732403704815337,0.29002688506489666,0.19866426838154586,0.04834090420486755,0.13952326666306397,0.11566558600324366,0.042086890888434245
695,0.03362302867290839,0.203362816984396,0.03874530619637812,0.015106634979930648,0.06724637070670277,0.06933502363074436,0.033764741638109434,0.18581578457192016,0.046489642401452036,0.015563886368676593,0.06581700660887821,0.06581397788375094
696,0.09848561979739634,0.17790617089027716,0.009246703688565647,0.017991978335121804,0.0309072508817677,0.07731664722376883,0.09199191745854775,0.19074504733379874,0.008508805483492622,0.017532338487415144,0.02621042724871355,0.07364369294940762
697,0.6231134869921745,0.31641101644799924,0.9465672070151725,0.8120218814860468,0.7568514320568271,0.7419315274778786,0.6345942475147823,0.28496199808176026,0.9235868489753941,0.8067852350047323,0.7455015914298794,0.6924691005434694
698,0.09152052903533221,0.2367902976913274,0.009975493529635792,0.00838199200775668,0.06666002567629209,0.07334790486561495,0.08081774368827853,0.18744158923681106,0.011942132210410277,0.00951307984821098,0.05996358882904493,0.07341717895160409
699,0.12552290178473136,0.30600379669463257,0.004086793167853839,0.022043897374661538,0.034238285087253385,0.07401260328666069,0.12839927091742376,0.22066720486829886,0.0038140833857500086,0.020382112996745933,0.027900307098251857,0.07467196968185828
700,0.3103216102490633,0.2421024690860328,0.023620180038861183,0.11833764297414667,0.08763207547992881,0.07997653845818659,0.3163255220912566,0.1873951735035725,0.011226166833262483,0.11662489328789964,0.08908210726956454,0.07404330979705802
701,0.14446233856634896,0.27711042824095833,5.19487993847134e-06,0.013902813368745416,0.04248514644951417,0.07050213715693603,0.14641941356555296,0.185070818763593,9.102795001740133e-06,0.014004661900258411,0.03146894561582838,0.07253628839837693
702,0.8425031378554979,0.2036290199056165,0.9874181945514923,0.9158917870499219,0.9383982588151303,0.7962155623519171,0.8087079166999165,0.2250481040021216,0.9933805043215657,0.9255819678149326,0.9157937359374768,0.8194061892332364
703,0.17839596495597507,0.19584460175448595,1.69949000943602e-05,0.02748258158871986,0.046224037992481336,0.07324240447645294,0.17321041944180215,0.5954854451418268,0.003037833091957716,0.030644406632163272,0.034725443323106744,0.07155719496645777
704,0.696512168790309,0.6720230399077958,0.9632609737694141,0.8586351890356532,0.8544921226220514,0.7402064104343744,0.7089281698762518,0.6966821097412578,0.97237572557514,0.865854245877579,0.8165056525011449,0.7897142760349583
705,0.038362031683138495,0.20579501400392264,0.032602275722170365,0.013602272201988144,0.07131191903793542,0.07654288762562289,0.0384602419446528,0.18744163383232879,0.0388743858239134,0.01342639028677163,0.06299897090888937,0.06434648591113312
706,0.06683977373283269,0.18188897625993913,0.008150244608901748,0.007955427556127097,0.029639467156441286,0.07354529678072563,0.0739937933876809,0.17439770695822276,0.00806145434131738,0.00887684534179549,0.03643755276332979,0.07535102343869435
707,0.7550648928320923,0.5119738479050628,0.9959107023552428,0.9542229355220013,0.9642430117041698,0.8017204322387229,0.7604817171135622,0.40731554150736105,0.9959712123774086,0.9566351084958957,0.9817067873308403,0.7946634979964345
708,0.292723322089983,0.5256459022478964,0.015982591796485295,0.12955901564662717,0.13326073447383863,0.06046313297381609,0.291536917281221,0.5101729699824262,0.021752091294321912,0.1233527309703228,0.09605536523602738,0.053188873236330404
709,0.27733286469359975,0.34698567686017484,0.0025735176829542873,0.06906728322188341,0.07683533229165124,0.05913507908901665,0.2819704195527613,0.20652333294007444,0.0040397958906290546,0.06421132902180358,0.060011819109174545,0.07217444297894247
710,0.8472113453741048,0.511752543542208,0.9966074234650271,0.9762261411477545,0.9855413667698231,0.7585220225605627,0.8528792099411556,0.5963108624796433,0.9963882080496855,0.9788465914585318,0.9901073628988952,0.7862779881607638
711,0.5424116131326189,0.2350941494554072,0.5,0.6016841721037071,0.5529960200833776,0.41055760870075114,0.5185841789605642,0.4060467360300262,0.6866341448150498,0.6079170814354589,0.5337918974911214,0.4310266545815436
712,0.297006060591558,0.49123856093283086,0.00543175167699828,0.023482540377903382,0.05631701394920556,0.09496981301017825,0.3015617138791642,0.6820732097193708,0.005518846586590603,0.02044443953621766,0.053170379303353235,0.07318319343636233
713,0.24103688390435293,0.21614447898997655,0.024100823530020677,0.09121534072918654,0.09646009070351072,0.04961471019381325,0.23924920722404847,0.3091656789359172,0.024388568864457734,0.08734858988021096,0.07618288381516664,0.031287356737408595
714,0.055679294607389705,0.19794732680578833,0.0202769605284201,0.008527192084336664,0.03775133861329115,0.045923221600201534,0.05463062759539854,0.18750431214517166,0.01902591316368595,0.011422315229982032,0.03320670565668611,0.04878360868852763
715,0.10592288423147761,0.16679997384060552,0.017906129221859447,0.011278185950278382,0.07022203521458358,0.06915915637949176,0.10682804342554347,0.1874335661217052,0.015889974804532594,0.012572015442141269,0.0775455782110503,0.06803324430515077
716,0.06758913102642283,0.2671040292922844,0.022495106436174504,0.0211572365044317,0.027038949306401522,0.07750012949969495,0.06576463808406711,0.19029916208708306,0.019716011644877827,0.018740455140585196,0.029597724768515816,0.07274561512996813
717,0.07677683458419017,0.2359400839007787,0.021184664723360034,0.02505869022180037,0.03058106097680936,0.0657785350374445,0.07989617391802749,0.19353043543400786,0.021754241095986015,0.027240926983507364,0.03457609191813,0.05942450739292734
718,0.11285534943286941,0.1920942920190826,1.627316063915478e-05,0.011903398556031088,0.040685677291805326,0.07313517228140934,0.11905660773521139,0.187408620607747,1.788016970375211e-05,0.011014693935263166,0.031057405097437846,0.07169577671723062
719,0.08298857293616264,0.16963496821454715,0.005176466268613366,0.009199849962771423,0.028005455161736997,0.07079977715330464,0.08333758481505875,0.1681022372844099,0.0058294262615682605,0.008976470267332226,0.03444158458683177,0.07469602909200855
720,0.8645727777632544,0.6222142458177,0.9896566649018946,0.9192583659095712,0.9408087075238591,0.8089581343975512,0.8782305722913228,0.6424490466141812,0.9859528449006522,0.9192579951468021,0.9348107548026006,0.7901356084225687
721,0.05625768174484622,0.1908023667499966,0.023786133299030936,0.015583852045156197,0.08316016879117434,0.0770283466879681,0.05653379743713259,0.1861076127644241,0.025910916505863184,0.011803522666956234,0.07395334007455855,0.06731950833976778
722,0.06639949181228334,0.21293822768434212,0.014247149174933443,0.008245256958793284,0.03417075993721955,0.048563541840270036,0.06326214432887896,0.18743635159769945,0.012870497781206459,0.010756348164726476,0.030985894381394565,0.053255021440008085
723,0.6937777666249745,0.5316902694482082,0.9725673389839936,0.9037299351215977,0.930577652772148,0.7405457285141024,0.7095344817277238,0.6424529093000524,0.9837855717523599,0.9110208168855203,0.9073712556501062,0.7992295222385972
724,0.448500468750643,0.3793346994361891,0.020642261521456498,0.06570540832386221,0.08346128834587313,0.09717658886068667,0.45216907322578376,0.2984660627910715,0.02249155675502167,0.057713065862421455,0.07867243373922629,0.08458536453525582
725,0.21680839245238706,0.468560103476959,1.8333965242049858e-05,0.012447965715265734,0.027072813379081045,0.08608357096524309,0.2177492577684845,0.6426216900760089,0.004562661563981419,0.013849139837945935,0.050511279388739234,0.07540584014400807
726,0.2755069615298107,0.4713660477801326,1.0919448642954113e-05,0.03217360675744267,0.05378356327929988,0.062441539710520855,0.27029550441822947,0.6056594388985859,0.0028737024225489937,0.030879304168287085,0.04767674262637337,0.07004853208783329
727,0.0871437450374018,0.1982483277381727,0.00360937243145571,0.008041948363094516,0.03502443587221341,0.07740068369579185,0.09384351598745087,0.1873636811669062,0.004556311920104135,0.00885912938809882,0.03609184619939656,0.07479701252264567
728,0.08375715733104291,0.19508596447278184,0.006323959239132416,0.01090544413965758,0.022766211162304067,0.07479475733035651,0.08363743329714826,0.21266957555779722,0.005738852578420146,0.010131440574708174,0.029629093099471007,0.06541850422382499
729,0.12441571290577795,0.20253491402135904,0.009496673319096089,0.021863872083206892,0.03860447347340648,0.06670615357005033,0.12154540150635451,0.19146176517995936,0.007436375821625761,0.02468287328005876,0.02946885879394851,0.06907018222707394
730,0.03492121558272364,0.19319787327906676,0.030288577386413842,0.012910418660924657,0.06103103647318048,0.06894313074099638,0.041049779254248187,0.1868572583780009,0.03575742121207045,0.01281017960035736,0.06400306500929057,0.06297620395752888
731,0.6781846665403721,0.32450633699084236,0.976668374347383,0.8996153842105254,0.9267868849525611,0.7738344241681128,0.6841912500908153,0.4405587612956503,0.989451451881607,0.9085875368174521,0.9383582815654993,0.8072858824138769
732,0.6652646648874209,0.37347588129536496,0.9893659930603345,0.857769217672357,0.9406133607375603,0.7677915024335953,0.6710270678490713,0.5,0.9871932879048028,0.8991684011689691,0.9269035273095161,0.8019075113265092
733,0.12313897230788272,0.18187772585497117,0.019796388558313092,0.029922083995590376,0.03876592359382501,0.04625972466805966,0.11578660058797664,0.18752034550607288,0.016972219073413227,0.03255358800467001,0.03685016283947541,0.04005364023468616
734,0.03873965604562228,0.2161019780766697,0.039119283243921256,0.013576558089566242,0.06236167396123214,0.07255751670346071,0.03879497534574164,0.18745403464938026,0.038715001949672284,0.013436933517372051,0.06408004351867734,0.06370440544785605
735,0.06473680938557787,0.19971939188826335,0.014250229539371256,0.009626118980658132,0.06955170543692345,0.07410641428362001,0.0651442469520273,0.18751242883746735,0.016252216694235835,0.009733410534656062,0.059778727635215,0.06827772177648977
736,0.061113238494253326,0.18341067434459318,0.018014524288132352,0.007898056562274422,0.04647699749590357,0.0741123242916565,0.059091158482869034,0.1853347061286514,0.016804465848534893,0.009474783105992124,0.052259681937290664,0.06886840687571141
737,0.033092173393557966,0.184265604731076,0.04561587001649356,0.018862914142737473,0.05559756310652308,0.06161291104468161,0.033684767999952986,0.15573761249505663,0.04531413350377658,0.015011206882697659,0.05398360305394794,0.06356984565854311
738,0.0992605288854021,0.21842314068340885,0.004428246087316405,0.0076326873010224925,0.04533019096234226,0.07700738376650963,0.09524546560622027,0.18749564522561282,0.004415769152366329,0.008877455423906886,0.0361282450686675,0.07467113138199905
739,0.053287024804027985,0.184352350712416,0.018966988325029698,0.008682886154958675,0.052579502216732577,0.07784269134712438,0.05306735403202044,0.1874581310156392,0.023597910554117602,0.010717186302561339,0.06227477220396632,0.06395604997103342
740,0.8291374159086036,0.45359962942761056,0.9959261558279158,0.9536082056101061,0.9768716029471382,0.7907466455621277,0.8388024343061767,0.26176122292874937,0.9956511519172945,0.9567560125833274,0.9629919719167883,0.7945390771221887
741,0.10990037942097608,0.13535128146645364,1.878791689675067e-05,0.022171335189579856,0.03170481481801216,0.08301307412686643,0.11691064807979851,0.12341968066968338,0.004981297475162201,0.019676310892224352,0.027089130909478547,0.0751280252249818
742,0.04678931859784258,0.2068969240825836,0.03592659901601067,0.010055822720375482,0.06738097021216573,0.06692929565829699,0.040974293647854175,0.18756481843392572,0.03460408945685207,0.012401500916629785,0.05943769876743256,0.06538189285086737
743,0.031712373192390876,0.20128388423905316,0.05331712684156882,0.01370417932594575,0.04654348004757164,0.0741742127318104,0.03133514518536298,0.18548540586505455,0.05110122498639869,0.017359014266758423,0.06917814589711252,0.06707640284354408
744,0.21836768507983864,0.3624108495213161,0.009377977016273346,0.048674264816566476,0.04504218939390287,0.0804033419464389,0.2196137637947047,0.308799988418405,0.004197663986520825,0.050437027080141805,0.047394664207623415,0.06501123854528845
745,0.7164908348326053,0.7282452674983002,0.9784348462876667,0.864971307583754,0.8081709330664723,0.8217162026752077,0.7286829607086085,0.6395456270692805,0.979339749088003,0.8735388935845118,0.8270111320514886,0.8036466947196881
746,0.7377360936549561,0.14257303421665737,0.5749317853081903,0.4783800583512714,0.5505742354004367,0.737953467920161,0.7491530114865114,0.14364327411887903,0.7339401587173351,0.47296575926268963,0.4294354880426901,0.769220411385549
747,0.31948340051539437,0.22451134828679675,0.28186480315676277,0.23982189973544527,0.27539917972658545,0.17042449986179514,0.327802053885904,0.18746607607711274,0.31104374184386746,0.2206497558202516,0.24065791134566844,0.11485795375345448
748,0.2773429023813764,0.24387838179691268,0.00308712490274791,0.07451164023882105,0.08673498764900786,0.08731279842268107,0.2725938938333784,0.22635676452797668,0.004649485914734179,0.06979433718349345,0.06132400645972057,0.07229425498119564
749,0.1335510925860807,0.19571520994610753,0.014338130241799444,0.032207888285502334,0.03677199785687757,0.07332079382397946,0.12718443811620034,0.1810455392139672,0.010353905914318727,0.02956025337013195,0.0329269052704974,0.05382238542045493
750,0.609053116948956,0.2937724997093419,0.9222503059191892,0.7919039265182732,0.7558753923590926,0.7265020283442208,0.6202074642907193,0.196067223185014,0.9031835236513014,0.7855524816903453,0.7181985468596167,0.6587198466576693
751,0.5302376169308072,0.5547083165952721,0.5747637655356198,0.5962676142440698,0.5596492279656757,0.37102189597106766,0.507857000998141,0.6425465208881683,0.7475540086620501,0.6031702706162314,0.560213377179447,0.462258573972933
752,0.07069831827463209,0.511805816093216,0.004322048289209633,0.012144097569662398,0.03266517361250139,0.05523995696488392,0.06763595573655741,0.22683147548065286,0.012621241868778403,0.012794478967762488,0.027901648152047293,0.05060570123916717
753,0.04140396407066348,0.18508185172098207,0.025587334192547728,0.012097210516509846,0.05735216300390267,0.06664907676732491,0.04158076867079215,0.18755112930268958,0.03354042189547503,0.012159685394844395,0.058216575288960494,0.06594934561710819
754,0.11738065759713884,0.1988950709573031,0.009546173664219759,0.022922780647854465,0.03299136004800526,0.05971643592215893,0.12070635198751349,0.17653743719331486,0.00875707536800669,0.02605344047633987,0.030388590214536267,0.06434065353565266
755,0.314149796958228,0.1956632994315853,0.015216163496020325,0.11414834718279457,0.10890021336778503,0.07981840746920421,0.3109420952845787,0.18885568818515377,0.010556470040862019,0.1120960455717174,0.08627895653960543,0.07304650502794384
756,0.3088862122575248,0.10009988580582631,0.10909275296385469,0.1283729043204581,0.19712520316619056,0.12329232866508161,0.30392705661181546,0.11648718973259549,0.1257826793179842,0.17257922782643662,0.1599818607883796,0.05082430316075161
757,0.48079565083638187,0.2025472027887997,0.1688051145784437,0.39887902458292185,0.34197961407951305,0.17199181377385714,0.4879830282712759,0.19815091963001957,0.2734029743208498,0.44447523913588943,0.32226234794892344,0.2271503447074425
758,0.700298640192347,0.11623364648059652,0.9939924999635695,0.8921728128365514,0.9653202500863827,0.8125479066290298,0.7057730453894555,0.17031678782193344,0.9941519239795364,0.9277585395132649,0.9641569553350972,0.8273600695635518
759,0.10578964633127451,0.25293197497054803,0.005261241091247691,0.008691114219670712,0.036797885222422284,0.07111851032710219,0.09499997184637346,0.18748766789498506,0.006696346385704811,0.008740751496208442,0.0485518752992717,0.07336522245968444
760,0.19606218217816881,0.19949061426201636,0.0032654938605170504,0.03463958552724784,0.03608124589230514,0.07917231684141869,0.19073400215545458,0.22637293737968162,1.606885851701238e-05,0.03164034141193968,0.03691739583199532,0.07428664239381301
761,0.035608201168439546,0.20320239207787805,0.04589100880903923,0.01944970194506445,0.06692236449257188,0.0675013976748616,0.035634785391343564,0.18686664200570577,0.04429948121562827,0.01500268242936347,0.06787721381913232,0.06392421093847389
762,0.07254799724619379,0.48272380773725215,0.012862800106705706,0.014665515381399633,0.026846851646154277,0.08243245025475543,0.07964550864243111,0.2302088694274754,0.012665863163876002,0.01790685640988999,0.027129650164629097,0.0736720675534277
763,0.039052278189199444,0.21726595438854593,0.039823582636840237,0.009761843933581925,0.05965190906178353,0.07303600835838114,0.037749980771253,0.18737889699001392,0.03884198567524595,0.013262635180958045,0.058258682937998386,0.06686877822632091
764,0.6259448342323721,0.5907801315899853,0.8122416044862705,0.6447940805931799,0.5848859722189464,0.46698894982370825,0.6302180886906957,0.5336090351153354,0.817965536400448,0.6282580200522064,0.49292627537914946,0.4622624027652274
765,0.09961611762231544,0.21352919682546878,0.003882582485174443,0.007516491582056035,0.044995590941099464,0.09061480947036749,0.0913110348347111,0.1869979260321393,0.004832018965671631,0.00883415766270036,0.036011622274790524,0.07501324202348193
766,0.04401631043926613,0.21468044643414674,0.02159440646050837,0.011481154692053568,0.05931732583899157,0.0750606146822436,0.043733041581857444,0.1873458661117586,0.03008486248570483,0.011449668259504032,0.05440279545816052,0.06788992588530898
767,0.7736549050859303,0.3878608409036318,0.9896107625153032,0.9455504474200429,0.9612670499966423,0.8169960141368598,0.7804627283581798,0.36532102115477716,0.9938982862095365,0.9514802000439236,0.9588159448571504,0.8131462184886421
768,0.037948786513974916,0.19387063759483245,0.03434605356338812,0.013655800554065388,0.07132657566104773,0.06870829741231546,0.03769237266783995,0.18736900859462086,0.04061328209364813,0.013933995681574756,0.06539163338507759,0.0636390125312537
