Row,kDN,DS,TD_U,CL,CLD,N1,N2,LSC,LSR,Harmfulness,Usefulness,F2,F4
1,-0.6068395940051448,-0.15573403479697187,0.6948253554831438,-0.8409068852861818,-0.8409068852861818,0.4909489995116716,0.9345843682477005,1.076144685034503,0.732936405376993,1.5987739177226339,-1.439676889932701,-0.5118296237170419,-0.7395281464408638
2,-0.6068395940051448,0.012210498479343,1.4401497963115393,0.9159343880184179,0.9159343880184179,0.6935969792628359,1.028422314021066,1.076144685034503,0.7447211097311404,1.3139595910895183,-0.9535194553088262,-0.5180649982659231,-0.7530854335725414
3,-1.286883942442633,-1.3404072818833723,-0.7935409314320433,-1.6366992917306165,-1.6366992917306165,-1.0448078082395797,-0.2934466669479253,-0.95099059778028,-1.846401007415693,0.6814901417177249,-1.439676889932701,1.890886047254263,1.832639087912738
4,0.7183483993271397,0.18462350426545654,-0.6997805743180253,1.6780655589787503,1.6780655589787503,-1.0448078082395797,-0.261520644090096,-0.15084870937381437,-1.846401007415693,-0.7248429625633434,0.9329939034803214,1.9926969348621257,1.832639087912738
5,0.06124157283138513,0.3615206116136514,1.4688950491368133,-0.8409913147861091,-0.8409913147861091,-1.0448078082395797,-0.24513660894873238,-0.15084870937381437,0.7433719611227,-0.7248429625633434,0.9329939034803214,-0.5176306409475762,-0.7515547721221908
6,-0.6068395940051448,-0.7831509112604526,1.4401497963115393,-0.8409970914987599,-0.8409970914987599,-0.13990983389503545,1.3765517086133223,1.076144685034503,0.7445421917093756,1.3139595910895183,-1.7567848247092095,-0.5177963632508521,-0.7524294358081054
7,0.06124157283138513,-0.15573403479697187,0.9176107320831984,-0.8409460743498378,-0.8409460743498378,-1.0448078082395797,-1.07507640681764,-0.95099059778028,0.7341906161473606,-0.7248429625633434,0.9329939034803214,-0.5158763274927731,-0.7449947944778307
8,0.7183483993271397,1.9399097183871035,-1.2056037684040617,-0.8362540503633196,-0.8362540503633196,1.320557071623579,0.454920920851423,1.076144685034503,0.21883625410382407,-0.7248429625633434,0.9329939034803214,-0.30202755116296387,-0.2586817851092673
9,0.7183483993271397,0.9192685417372938,0.8320378128213087,0.9158721894336629,0.9158721894336629,0.09373723500751027,-0.39062665610033553,-0.95099059778028,0.7377318743661894,1.3139595910895183,-0.9535194553088262,-0.5134940678449438,-0.7439014648704373
10,-0.6068395940051448,-0.15573403479697187,-0.5220832969519151,0.8362074647504634,0.8362074647504634,-1.0448078082395797,-0.37315289204417207,-0.95099059778028,-1.3657732494164407,-0.7248429625633434,0.9329939034803214,0.6290240781012727,1.309590203735758
11,1.3653315772408803,-0.15573403479697187,0.3835944209246597,0.9154564773724911,0.9154564773724911,1.320557071623579,0.49523226646264135,1.076144685034503,0.6606230067588225,-0.7248429625633434,0.9329939034803214,-0.48690279672668557,-0.6772083588194427
12,-1.9800534317272407,-1.9401103544135405,-0.7935409314320433,0.9091219184804094,0.9091219184804094,-1.0448078082395797,-0.8323726533016887,-1.4725913637312629,-0.09376606200528301,-0.7248429625633434,0.9329939034803214,-0.17382354388036209,-0.016837275953857634
13,0.7183483993271397,1.7266097734938175,1.4970121371563547,-0.8409907671496727,-0.8409907671496727,1.320557071623579,0.7755999960591757,1.076144685034503,0.7438681896183748,0.6814901417177249,0.9329939034803214,-0.5174553758012702,-0.7513361062007121
14,2.0029299159217206,0.9192685417372938,-1.4368465008018902,-0.8294230805131158,-0.8294230805131158,1.320557071623579,1.1232845046264606,1.076144685034503,-0.15504393029040603,1.3139595910895183,0.9329939034803214,-0.12464527272982842,0.15109815174176136
15,0.7183483993271397,1.9399097183871035,-0.27776848391597403,-0.8397874915794222,-0.8397874915794222,0.9585687599127407,2.28177799484037,1.076144685034503,0.6248305703540316,1.5987739177226339,0.9329939034803214,-0.4435604923968629,-0.5995819566945148
16,2.0029299159217206,0.7288282052758756,-0.6997805743180253,0.5021017298403083,0.5021017298403083,-1.0448078082395797,-0.05947908356903999,-0.15084870937381437,-1.340905494171843,0.6814901417177249,0.9329939034803214,1.2474363355875417,1.502890878322903
17,0.06124157283138513,0.7288282052758756,0.8753852376569202,-0.8409245984467187,-0.8409245984467187,-1.0448078082395797,0.07497101428322893,-0.15084870937381437,0.7314342995206425,-0.7248429625633434,0.9329939034803214,-0.5139801090740502,-0.7414961397341719
18,-0.6068395940051448,0.012210498479343,1.4970121371563547,0.9159360653731761,0.9159360653731761,-1.0448078082395797,-1.6201403638739256,-0.95099059778028,0.7447026586040809,-0.7248429625633434,0.9329939034803214,-0.5181917872393919,-0.7530854335725414
19,0.06124157283138513,-0.3192260276226928,1.4688950491368133,0.915926826695099,0.915926826695099,1.320557071623579,0.39616238734768017,1.076144685034503,0.7428174460112147,-0.7248429625633434,0.9329939034803214,-0.5175923535037046,-0.7513361062007121
20,-0.6068395940051448,-1.3404072818833723,-0.7935409314320433,-1.6366992917306165,-1.6366992917306165,-1.0448078082395797,-2.0590151049591645,-0.15084870937381437,-1.846401007415693,-0.7248429625633434,-1.439676889932701,1.9926969348621257,1.832639087912738
21,1.3653315772408803,0.9192685417372938,1.4970121371563547,0.915930779769209,0.915930779769209,-1.0448078082395797,-0.6119755722207946,-0.15084870937381437,0.7442835607048184,-0.7248429625633434,-0.20845576438112698,-0.517809752591442,-0.7524294358081054
22,0.06124157283138513,0.3615206116136514,-1.2056037684040617,0.9126176813385044,0.9126176813385044,0.8166034983614915,-0.042667324121955695,-0.15084870937381437,0.464387277582364,1.5987739177226339,-0.9535194553088262,-0.3152493685123711,-0.3605801045183278
23,0.7183483993271397,1.3137949679419831,0.493311596434884,-0.8407571563728757,-0.8407571563728757,0.4909489995116716,0.38516541879143884,1.076144685034503,0.713096904562959,-0.7248429625633434,-0.20845576438112698,-0.5047925724857928,-0.7176615542929968
24,-0.6068395940051448,-0.9289986021507155,-0.7935409314320433,-0.7963959648206953,-0.7963959648206953,-1.0448078082395797,-2.170503197715473,-1.4725913637312629,-0.9283296796016176,-0.7248429625633434,-1.439676889932701,0.36822996178807127,0.7712347050552711
25,1.3653315772408803,0.7288282052758756,-1.3189260742195756,1.6776055669645609,1.6776055669645609,0.09373723500751027,-1.1321246600694992,-0.95099059778028,-1.846401007415693,0.6814901417177249,-0.20845576438112698,1.9926969348621257,1.832639087912738
26,0.06124157283138513,0.5429171588792461,-0.5220832969519151,-0.6889116235295609,-0.6889116235295609,-1.0448078082395797,-0.4086389298725497,-0.15084870937381437,-1.5710981005878002,-0.7248429625633434,0.9329939034803214,0.5135030133303895,1.3161501813801182
27,0.06124157283138513,0.18462350426545654,-0.6997805743180253,1.6780654442127758,1.6780654442127758,1.320557071623579,1.2627448707127609,1.076144685034503,-1.846401007415693,1.5987739177226339,0.9329939034803214,1.9926969348621257,1.832639087912738
28,2.0029299159217206,0.7288282052758756,0.8753852376569202,-0.8409188933172567,-0.8409188933172567,0.4909489995116716,-0.23724195674146092,-0.15084870937381437,0.7347209574113721,0.6814901417177249,-1.439676889932701,-0.5125438151494319,-0.7414961397341719
29,0.7183483993271397,0.18462350426545654,-1.4368465008018902,-0.8370740985922062,-0.8370740985922062,-1.0448078082395797,-0.25244202901075885,-0.15084870937381437,0.3545072845477254,-0.7248429625633434,-0.9535194553088262,-0.32125814298421423,-0.3078816174419682
30,2.0029299159217206,-0.15573403479697187,-0.3564333373946572,0.9146224278867802,0.9146224278867802,-1.0448078082395797,-0.40152803657778413,-0.15084870937381437,0.5096284089150461,-0.7248429625633434,0.9329939034803214,-0.4378928193953698,-0.5132089177104399
31,-1.286883942442633,-0.9289986021507155,-0.9917695249306604,-1.6330192637160668,-1.6330192637160668,0.4909489995116716,0.34672291566665314,1.076144685034503,-1.7731084779198458,-0.7248429625633434,-0.9535194553088262,1.9926969348621257,1.832639087912738
32,-0.6068395940051448,0.012210498479343,0.7418039216564859,0.9158564044567297,0.9158564044567297,-1.0448078082395797,-0.6268614259951981,-0.15084870937381437,0.730343904287565,-0.7248429625633434,0.9329939034803214,-0.5127025424871677,-0.7384348168334706
33,0.06124157283138513,-0.3192260276226928,-0.9917695249306604,0.8917127646792933,0.8917127646792933,0.9585687599127407,0.9330926152765631,1.076144685034503,-0.23465394320337196,1.5987739177226339,-0.9535194553088262,0.25622951578296554,0.5573794338491312
34,0.06124157283138513,0.9192685417372938,0.8320378128213087,0.9158772917434276,0.9158772917434276,-1.0448078082395797,-0.08003153952806012,-0.15084870937381437,0.7338052586194709,-0.7248429625633434,0.9329939034803214,-0.5141224551384349,-0.7412774738126933
35,2.0029299159217206,1.5179093872656781,1.5245203634479854,0.9159352391025085,0.9159352391025085,0.09373723500751027,-0.5963095090314071,-0.15084870937381437,0.7448618603908226,1.7271999783687426,-0.9535194553088262,-0.518121448210021,-0.7530854335725414
36,0.06124157283138513,-1.3404072818833723,-0.7935409314320433,-1.6366992917306165,-1.6366992917306165,1.320557071623579,0.9739737197806014,1.076144685034503,-1.846401007415693,0.6814901417177249,0.9329939034803214,1.9926969348621257,1.832639087912738
37,0.06124157283138513,0.9192685417372938,1.2862670637603377,0.915924250979565,0.915924250979565,0.26271955799420393,1.6130206406928,1.076144685034503,0.7442511474640026,1.5987739177226339,-1.439676889932701,-0.5172890020153075,-0.7515547721221908
38,0.06124157283138513,-0.3192260276226928,-1.0966292409826666,1.678065580652547,1.678065580652547,-1.0448078082395797,-1.0020065347127072,-0.95099059778028,-1.846401007415693,-0.7248429625633434,0.9329939034803214,-4.22377898000218,1.832639087912738
39,-0.6068395940051448,-0.9289986021507155,-0.43782619857187843,-0.8397007689026849,-0.8397007689026849,0.8166034983614915,-1.0208534732952834,-0.15084870937381437,0.5684888254150912,0.6814901417177249,-0.20845576438112698,-0.4469038628197452,-0.5831820125836145
40,-0.6068395940051448,0.012210498479343,1.4970121371563547,0.9159359063265547,0.9159359063265547,-1.0448078082395797,-2.1895946078581527,-0.95099059778028,0.7447021773332052,-0.7248429625633434,-0.9535194553088262,-0.5181755631269833,-0.7530854335725414
41,0.06124157283138513,-1.3404072818833723,0.3835944209246597,-0.8406933776697275,-0.8406933776697275,-1.0448078082395797,-0.304223356845433,-0.95099059778028,0.7040460348966451,-0.7248429625633434,-0.20845576438112698,-0.5013411868522242,-0.709570915198286
42,0.06124157283138513,0.18462350426545654,1.2532996212525496,-0.8409892230670286,-0.8409892230670286,-0.2938917744093084,-0.00539993602010262,-0.15084870937381437,0.7434243658459962,0.6814901417177249,-1.7567848247092095,-0.5172345760788907,-0.7513361062007121
43,0.7183483993271397,0.5429171588792461,1.1132717912815746,0.915905476928856,0.915905476928856,1.320557071623579,1.6666178313381346,1.076144685034503,0.7406385113547609,-0.7248429625633434,0.9329939034803214,-0.5161134621154232,-0.7476187855355747
44,1.3653315772408803,-0.15573403479697187,-0.5220832969519151,0.8636760514355662,0.8636760514355662,0.4909489995116716,2.4561128482447065,1.076144685034503,-0.4430972517119029,1.5987739177226339,-0.20845576438112698,0.5308518769996414,0.9369834735361035
45,-0.6068395940051448,-0.9289986021507155,-0.43782619857187843,-0.8398595640806878,-0.8398595640806878,1.320557071623579,0.700636763791909,1.076144685034503,0.6107124024470197,-0.7248429625633434,0.9329939034803214,-0.4560880784140859,-0.5971766315582493
46,-1.9800534317272407,-0.9289986021507155,-0.9917695249306604,-1.5749119559002356,-1.5749119559002356,-0.13990983389503545,-2.1044796377366835,-1.8124948439702304,-1.8023978934632363,0.6814901417177249,-1.9635529920028896,1.9926969348621257,1.8179884711736671
47,0.06124157283138513,-2.249244431821159,0.596896846148679,-0.840824006304235,-0.840824006304235,0.4909489995116716,0.19518357067421024,-0.15084870937381437,0.72394393956894,1.5987739177226339,-0.9535194553088262,-0.507673815728003,-0.728157518523973
48,0.06124157283138513,0.18462350426545654,1.4970121371563547,-0.8410033582860185,-0.8410033582860185,1.320557071623579,0.3982513863276804,1.076144685034503,0.7448559260409843,0.6814901417177249,0.9329939034803214,-0.5182994405036648,-0.7533040994940201
49,-0.6068395940051448,-0.3192260276226928,1.4970121371563547,-0.8409991512227171,-0.8409991512227171,1.320557071623579,0.36656476952218586,1.076144685034503,0.744180768394889,-0.7248429625633434,0.9329939034803214,-0.5180084889823584,-0.7528667676510628
50,0.06124157283138513,0.5429171588792461,-1.2056037684040617,-0.8333518514027835,-0.8333518514027835,1.320557071623579,0.23703033056274114,1.076144685034503,-0.07273412393718243,-0.7248429625633434,0.9329939034803214,-0.2714103913858901,-0.028645235713705846
51,0.7183483993271397,0.5429171588792461,-0.5220832969519151,-0.6536043901411617,-0.6536043901411617,-0.13990983389503545,2.460964426266047,1.076144685034503,-0.7990973764196009,1.785184446210916,-1.439676889932701,0.9519553879759503,1.3080595422854073
52,0.06124157283138513,0.3615206116136514,1.4401497963115393,0.915933280976416,0.915933280976416,1.320557071623579,0.9470093572170157,1.076144685034503,0.744838120688288,1.5987739177226339,0.9329939034803214,-0.5179742002954868,-0.7528667676510628
53,0.06124157283138513,-0.3192260276226928,1.4688950491368133,0.9159262007001353,0.9159262007001353,1.320557071623579,0.6830170098093336,1.076144685034503,0.7433132205549424,-0.7248429625633434,0.9329939034803214,-0.5175243752604295,-0.7517734380436695
54,0.06124157283138513,-1.9401103544135405,-0.7935409314320433,0.9086206583614782,0.9086206583614782,-1.0448078082395797,-1.1391386871250737,-0.95099059778028,-0.2629068114185986,-0.7248429625633434,0.9329939034803214,-0.1791878538175692,0.12092225457770482
55,-1.286883942442633,-1.0704784509706757,-1.2056037684040617,0.7294588288219255,0.7294588288219255,-1.0448078082395797,-0.9528857868621446,-2.033915903450334,-1.8265905667572075,-0.7248429625633434,-0.20845576438112698,1.522841960835918,1.713247494785384
56,0.06124157283138513,0.012210498479343,-1.3189260742195756,-0.1468622097165038,-0.1468622097165038,0.4909489995116716,1.2831828644526773,1.076144685034503,-1.3892571433524208,1.3139595910895183,-0.9535194553088262,1.5767874691826418,1.636277090424892
57,-1.286883942442633,-0.3192260276226928,0.4392511878890075,0.9157821018157358,0.9157821018157358,-1.0448078082395797,-1.1974953783709898,-0.15084870937381437,0.7279389713430174,-0.7248429625633434,-1.439676889932701,-0.5071074367867608,-0.7296881799743237
58,-0.6068395940051448,-0.4782817281967989,-0.12811865571019718,0.9152207938721713,0.9152207938721713,0.8166034983614915,0.7520533378408029,1.076144685034503,0.6605409999280147,0.6814901417177249,-0.20845576438112698,-0.46755422466201546,-0.6505311163990449
59,-0.6068395940051448,-0.15573403479697187,0.07885702163666408,-0.8403947180324841,-0.8403947180324841,1.320557071623579,0.5040321213847082,1.076144685034503,0.6354040759264707,-0.7248429625633434,0.9329939034803214,-0.4922988702426655,-0.6675870582743813
60,-1.286883942442633,-1.9401103544135405,-1.4368465008018902,0.9064436153805868,0.9064436153805868,-1.0448078082395797,-0.5911051273653772,-1.8124948439702304,-0.25204266842167217,-0.7248429625633434,-0.20845576438112698,-0.08383780945760311,0.18171138074877524
61,1.3653315772408803,0.7288282052758756,-1.3189260742195756,1.6767407015867146,1.6767407015867146,1.320557071623579,0.7875611325922215,1.076144685034503,-1.846401007415693,-0.7248429625633434,0.9329939034803214,1.8471779980898901,1.832639087912738
62,1.3653315772408803,0.012210498479343,0.7875256792227042,0.9158700737814395,0.9158700737814395,0.4909489995116716,0.4368569238255899,1.076144685034503,0.7388749660530063,0.6814901417177249,-0.20845576438112698,-0.5134686355474116,-0.7428081352630439
63,-1.286883942442633,-0.3192260276226928,1.4688950491368133,-0.8410020475839327,-0.8410020475839327,-1.0448078082395797,-0.15329518765627329,-0.15084870937381437,0.7447567739903171,-0.7248429625633434,0.9329939034803214,-0.5181899509488288,-0.7530854335725414
64,1.3653315772408803,0.5429171588792461,-0.890807570747768,0.9136707519969405,0.9136707519969405,-1.0448078082395797,-1.7753629402082873,-0.15084870937381437,0.4609909913962591,-0.7248429625633434,-0.20845576438112698,-0.3799987805446297,-0.44323582283726526
65,-1.9800534317272407,-1.3404072818833723,0.3835944209246597,-0.840642382328912,-0.840642382328912,-1.0448078082395797,-0.330476415986495,-1.4725913637312629,0.6772339207667414,-0.7248429625633434,0.9329939034803214,-0.504447556731146,-0.7001682805747032
66,0.7183483993271397,1.5179093872656781,-0.5220832969519151,0.5890421185103818,0.5890421185103818,1.320557071623579,0.6667675973879368,1.076144685034503,-1.446899890904028,-0.7248429625633434,-0.20845576438112698,1.1681938005758397,1.5238828067848553
67,-0.6068395940051448,-0.9289986021507155,-0.43782619857187843,-0.8400049857156477,-0.8400049857156477,-1.0448078082395797,0.05044967329258906,-0.95099059778028,0.5650791492259969,-0.7248429625633434,-0.20845576438112698,-0.47719520731377374,-0.6199178873920311
68,-0.6068395940051448,-0.6329177148899152,-0.7935409314320433,-1.6366992917306165,-1.6366992917306165,-1.0448078082395797,0.19371919031613122,-0.15084870937381437,-1.846401007415693,-0.7248429625633434,0.9329939034803214,1.9926969348621257,1.832639087912738
69,0.06124157283138513,0.18462350426545654,1.2532996212525496,-0.8409909758907331,-0.8409909758907331,-1.0448078082395797,-0.15705928700297472,-0.15084870937381437,0.743626442115905,-0.7248429625633434,0.9329939034803214,-0.5173935878080603,-0.7515547721221908
70,0.06124157283138513,0.5429171588792461,1.1132717912815746,0.9159084139906393,0.9159084139906393,-1.0448078082395797,0.04147549774011958,-0.15084870937381437,0.7400330905626078,-0.7248429625633434,-0.20845576438112698,-0.5163705881244653,-0.7480561173785321
71,-1.9800534317272407,-0.4782817281967989,0.32627356367831745,0.9156632729653088,0.9156632729653088,-1.0448078082395797,-1.358874142221799,-2.033915903450334,0.6937976493907737,-0.7248429625633434,-0.20845576438112698,-0.4997460784056974,-0.707602921904978
72,-0.6068395940051448,-0.15573403479697187,-0.5220832969519151,0.8470777748436296,0.8470777748436296,-1.0448078082395797,-2.4333928072449433,-0.95099059778028,-1.0751704659150931,-0.7248429625633434,-1.439676889932701,0.6363174632100884,1.0592177236426803
73,1.3653315772408803,0.18462350426545654,-1.0966292409826666,1.6666794972256846,1.6666794972256846,-1.0448078082395797,0.18126836919389808,-0.15084870937381437,-1.846401007415693,-0.7248429625633434,0.9329939034803214,1.7148736134931593,1.832639087912738
74,0.06124157283138513,-0.15573403479697187,0.6948253554831438,-0.8409120509253706,-0.8409120509253706,1.320557071623579,0.220195792293983,1.076144685034503,0.7324715368787051,-0.7248429625633434,0.9329939034803214,-0.5134985304370373,-0.7408401419697359
75,-1.286883942442633,-1.9401103544135405,-0.7935409314320433,0.9054978128299433,0.9054978128299433,-1.0448078082395797,-1.4404456564329116,-1.8124948439702304,-0.39482921346556654,-0.7248429625633434,-0.20845576438112698,-0.09869195552559297,0.29607365768211996
76,-1.286883942442633,-1.207608518291043,-1.2056037684040617,0.9106299719407572,0.9106299719407572,-1.0448078082395797,-2.190780654349708,-1.8124948439702304,0.09696680427045701,-0.7248429625633434,-0.20845576438112698,-0.25215144374680704,-0.11961025904883281
77,0.7183483993271397,0.7288282052758756,-0.6997805743180253,0.2646167846610562,0.2646167846610562,0.8992316934203205,-1.1789072563804035,-0.15084870937381437,-1.4995275694479433,1.785184446210916,-1.7567848247092095,1.4595207148899307,1.592325240207679
78,0.7183483993271397,-0.6329177148899152,0.545839849894629,-0.8408453395460013,-0.8408453395460013,0.4909489995116716,-0.1339041869642237,-0.15084870937381437,0.7259836976962434,-0.7248429625633434,-0.9535194553088262,-0.5091217482529864,-0.7310001755031957
79,-0.6068395940051448,-1.3404072818833723,-0.7935409314320433,-1.6366992917306165,-1.6366992917306165,-1.0448078082395797,-0.0005972757235464985,-0.95099059778028,-1.846401007415693,-0.7248429625633434,0.9329939034803214,1.9926969348621257,1.832639087912738
80,0.06124157283138513,-0.7831509112604526,-0.43782619857187843,0.9144816901994699,0.9144816901994699,0.09373723500751027,0.7311692641156339,1.076144685034503,0.5857596859762945,-0.7248429625633434,-0.9535194553088262,-0.42347525519786233,-0.5495074606758992
81,0.06124157283138513,1.7266097734938175,-1.3189260742195756,-1.5109064928783933,-1.5109064928783933,0.8166034983614915,1.1638033645551757,1.076144685034503,-1.7726309857348028,1.785184446210916,-1.7567848247092095,1.9926969348621257,1.796777876790236
82,0.06124157283138513,0.5429171588792461,1.1132717912815746,0.9159062953902164,0.9159062953902164,1.320557071623579,0.8175658708990773,1.076144685034503,0.7401138299077148,-0.7248429625633434,0.9329939034803214,-0.5161852086755546,-0.7480561173785321
83,-1.286883942442633,-0.15573403479697187,0.9176107320831984,-0.8409522763904929,-0.8409522763904929,-1.0448078082395797,-1.2890320343429953,-1.4725913637312629,0.7356017481259233,-0.7248429625633434,-0.20845576438112698,-0.5153477122994058,-0.7463067900067026
84,-0.6068395940051448,-0.3192260276226928,1.4970121371563547,-0.840997159290331,-0.840997159290331,-1.0448078082395797,-0.4654718637317009,-1.4725913637312629,0.743654975604884,-0.7248429625633434,0.9329939034803214,-0.5179375971608375,-0.7524294358081054
85,0.7183483993271397,-0.15573403479697187,0.6948253554831438,-0.8409226364400351,-0.8409226364400351,-1.0448078082395797,-0.6835894940786299,-0.95099059778028,0.727305310197192,-0.7248429625633434,0.9329939034803214,-0.5148307936206108,-0.7412774738126933
86,0.7183483993271397,0.012210498479343,1.1495589434580107,0.9159181568248047,0.9159181568248047,0.26271955799420393,1.812426758848881,1.076144685034503,0.7435905220719068,1.7271999783687426,-1.439676889932701,-0.5168484243426316,-0.7506801084362761
87,-1.286883942442633,0.9192685417372938,1.0379538991900714,-0.8409702443655296,-0.8409702443655296,-1.0448078082395797,-0.6804551459755661,-0.15084870937381437,0.7410317044132405,-0.7248429625633434,-0.9535194553088262,-0.5162607464262209,-0.7487121151429681
88,-1.9800534317272407,-0.4782817281967989,0.32627356367831745,0.9156754672010652,0.9156754672010652,-1.0448078082395797,-0.7294733235566482,-2.033915903450334,0.7080694383066902,-0.7248429625633434,-1.7567848247092095,-0.49965026995252004,-0.7146002313922954
89,-0.6068395940051448,0.012210498479343,1.4970121371563547,0.9159360006010799,0.9159360006010799,1.320557071623579,0.611756434673316,1.076144685034503,0.7447439659441012,-0.7248429625633434,0.9329939034803214,-0.5181894815169841,-0.7530854335725414
90,0.06124157283138513,-0.3192260276226928,1.2532996212525496,-0.8409834999957317,-0.8409834999957317,1.320557071623579,2.3556684016138307,1.076144685034503,0.7434268061012493,1.5987739177226339,0.9329939034803214,-0.5168762512848656,-0.7506801084362761
91,0.06124157283138513,-0.3192260276226928,-1.0966292409826666,1.678065580652547,1.678065580652547,-1.0448078082395797,-1.8293703176300624,-1.8124948439702304,-1.846401007415693,-0.7248429625633434,-1.439676889932701,1.9926969348621257,1.832639087912738
92,-0.6068395940051448,-0.15573403479697187,1.2532996212525496,0.9159229226962766,0.9159229226962766,0.8166034983614915,1.0361751612477723,1.076144685034503,0.7434477825509915,1.5987739177226339,-0.20845576438112698,-0.5172314804845652,-0.7511174402792334
93,-1.286883942442633,-1.3404072818833723,0.3835944209246597,-0.8406587469431076,-0.8406587469431076,1.320557071623579,1.0959607467335521,1.076144685034503,0.6945291393460107,0.6814901417177249,0.9329939034803214,-0.5012704782287055,-0.7016989420250539
94,0.06124157283138513,-1.9401103544135405,-0.7935409314320433,0.9077166994707206,0.9077166994707206,-1.0448078082395797,-0.7308696784934711,-1.4725913637312629,-0.08625670827051708,-0.7248429625633434,-1.439676889932701,-0.10797246763761784,0.0008746636859146823
95,2.0029299159217206,1.5179093872656781,1.1495589434580107,0.9159095017066278,0.9159095017066278,-1.0448078082395797,-1.0298991992537818,-0.15084870937381437,0.7412415117498315,-0.7248429625633434,0.9329939034803214,-0.516320765289881,-0.7487121151429681
96,-0.6068395940051448,-0.15573403479697187,0.07885702163666408,-0.8403544019949442,-0.8403544019949442,-1.0448078082395797,0.16389633263336803,-0.15084870937381437,0.6820845269457362,0.6814901417177249,-0.9535194553088262,-0.4797437926363636,-0.6673683923529026
97,0.06124157283138513,-0.4782817281967989,-0.12811865571019718,0.9154043402310201,0.9154043402310201,-1.0448078082395797,0.01333329120874155,-0.15084870937381437,0.6570931644406602,-0.7248429625633434,0.9329939034803214,-0.48264802065774914,-0.6597150851011491
98,0.06124157283138513,-0.9289986021507155,-0.43782619857187843,-0.8401568386090061,-0.8401568386090061,1.320557071623579,0.584018843702184,1.076144685034503,0.6096922920841038,-0.7248429625633434,0.9329939034803214,-0.47918815563338635,-0.6321631789948366
99,-1.286883942442633,-0.7831509112604526,1.4401497963115393,-0.8409962418875176,-0.8409962418875176,-0.2938917744093084,-0.8069007273270946,-0.95099059778028,0.7441280376472788,0.6814901417177249,-2.098327074688957,-0.5177882414611676,-0.7524294358081054
100,-1.286883942442633,0.3615206116136514,1.4688950491368133,-0.8409935075835314,-0.8409935075835314,-1.0448078082395797,-0.6946617712349058,-1.4725913637312629,0.7427002442689363,-0.7248429625633434,0.9329939034803214,-0.5178654090135673,-0.7519921039651482
101,0.06124157283138513,0.18462350426545654,-1.4368465008018902,-0.8371582028708752,-0.8371582028708752,1.320557071623579,0.8834932159477724,1.076144685034503,0.3383437769415466,-0.7248429625633434,0.9329939034803214,-0.32628208017587595,-0.32493755931730445
102,-0.6068395940051448,0.012210498479343,1.1495589434580107,0.9159165665729005,0.9159165665729005,1.320557071623579,0.7434469855113311,1.076144685034503,0.7412590620723531,-0.7248429625633434,0.9329939034803214,-0.5168925456521436,-0.7498054447503614
103,-1.9800534317272407,0.012210498479343,0.2063495415004084,-0.8404996959204439,-0.8404996959204439,-1.0448078082395797,-1.0091585981973341,-1.4725913637312629,0.661949662124415,-0.7248429625633434,-0.9535194553088262,-0.48956902979005934,-0.6863923275215469
104,-0.6068395940051448,-0.6329177148899152,0.545839849894629,-0.8408657845526903,-0.8408657845526903,0.4909489995116716,-1.3720583340430952,-0.15084870937381437,0.7289245178652934,0.6814901417177249,-0.9535194553088262,-0.5092681718460358,-0.7342801643253758
105,-0.6068395940051448,-1.0704784509706757,-1.2056037684040617,1.2059542005004906,1.2059542005004906,-1.0448078082395797,-0.10682085547961064,-0.15084870937381437,-1.79979893478758,-0.7248429625633434,-0.20845576438112698,1.4402234005833998,1.7646339863328715
106,0.7183483993271397,0.3615206116136514,-0.43782619857187843,-0.7744667663796765,-0.7744667663796765,0.4909489995116716,1.2408525690228083,1.076144685034503,-0.9467606201887352,-0.7248429625633434,-0.20845576438112698,0.45373761825461884,0.9938366131205577
107,-1.286883942442633,-1.3404072818833723,0.3835944209246597,-0.8406248043952294,-0.8406248043952294,-0.13990983389503545,1.3073113419790494,1.076144685034503,0.7186360307323321,1.7271999783687426,-1.7567848247092095,-0.49179229839236444,-0.7021362738680113
108,0.06124157283138513,0.012210498479343,-1.3189260742195756,-1.0455846378995006,-1.0455846378995006,1.320557071623579,0.26571938547728247,1.076144685034503,-1.8239676488179546,-0.7248429625633434,0.9329939034803214,1.8181604368137558,1.78956190138144
109,0.7183483993271397,1.9399097183871035,-0.890807570747768,0.8953079326979455,0.8953079326979455,-1.0448078082395797,-1.7217380546860523,-0.15084870937381437,-0.4304592875657706,-0.7248429625633434,-0.20845576438112698,0.17868486715564716,0.5932406449716333
110,0.7183483993271397,-0.3192260276226928,-0.9917695249306604,0.8840597081333302,0.8840597081333302,1.320557071623579,0.9794858960812809,1.076144685034503,-0.5753761101974476,1.5987739177226339,0.9329939034803214,0.355339309416235,0.7439014648704373
111,-0.6068395940051448,0.3615206116136514,-0.609349805834491,-1.6366986077083971,-1.6366986077083971,-1.0448078082395797,-0.9986001047392565,-0.15084870937381437,-1.846401007415693,-0.7248429625633434,-0.9535194553088262,1.9926969348621257,1.832639087912738
112,-0.6068395940051448,1.7266097734938175,1.5245203634479854,-0.8410034748273377,-0.8410034748273377,1.320557071623579,0.4114386713155007,1.076144685034503,0.7448835024507299,-0.7248429625633434,0.9329939034803214,-0.5182595109521599,-0.7533040994940201
113,0.06124157283138513,0.3615206116136514,0.8320378128213087,0.9158501825713965,0.9158501825713965,-1.0448078082395797,0.0355883731234318,-0.95099059778028,0.7284020891331918,-0.7248429625633434,0.9329939034803214,-0.5124513088489345,-0.7373414872260772
114,1.3653315772408803,1.5179093872656781,1.1495589434580107,0.9159096880840187,0.9159096880840187,0.8166034983614915,0.8533155477373545,1.076144685034503,0.7425056110132411,1.785184446210916,-1.439676889932701,-0.5162252460601151,-0.749368112907404
115,1.3653315772408803,1.9399097183871035,1.2862670637603377,0.9159199795254656,0.9159199795254656,0.26271955799420393,-0.03296952602208184,-0.15084870937381437,0.7428581665166891,1.5987739177226339,-1.439676889932701,-0.5169995358578409,-0.7508987743577548
116,1.3653315772408803,0.5429171588792461,-1.2056037684040617,-0.8352384685925148,-0.8352384685925148,1.320557071623579,1.4464506437918792,1.076144685034503,0.3662435669704991,1.5987739177226339,0.9329939034803214,-0.2650508645242744,-0.18674069694278467
117,1.3653315772408803,0.012210498479343,1.1495589434580107,0.915912493708867,0.915912493708867,1.320557071623579,0.886953807083938,1.076144685034503,0.7412936541852504,-0.7248429625633434,0.9329939034803214,-0.516563571368102,-0.749368112907404
118,0.7183483993271397,0.3615206116136514,-0.43782619857187843,-0.7835327938064689,-0.7835327938064689,-1.0448078082395797,-0.9798018571415607,-0.15084870937381437,-1.2871146132456395,-0.7248429625633434,0.9329939034803214,0.2134483642455329,0.9726260187371267
119,-1.286883942442633,-0.3192260276226928,1.4688950491368133,0.915928392233977,0.915928392233977,-1.0448078082395797,-2.421308099812047,-1.4725913637312629,0.7441450784647935,-0.7248429625633434,-1.7567848247092095,-0.5176120439517465,-0.7519921039651482
120,0.06124157283138513,-0.3192260276226928,1.4688950491368133,0.9159288936723536,0.9159288936723536,-1.0448078082395797,-1.1764240196074394,-1.8124948439702304,0.7436926937307478,-0.7248429625633434,-0.20845576438112698,-0.5176933651277684,-0.7519921039651482
121,-1.286883942442633,0.3615206116136514,-0.3564333373946572,0.9151580742515822,0.9151580742515822,-1.0448078082395797,-0.46949460775724405,-0.95099059778028,0.6625305481163983,0.6814901417177249,-0.9535194553088262,-0.4634537790397127,-0.6367551633458887
122,0.7183483993271397,0.5429171588792461,-0.890807570747768,-0.8388295105340763,-0.8388295105340763,1.320557071623579,0.26561341119241705,1.076144685034503,0.46460681325044423,-0.7248429625633434,0.9329939034803214,-0.41646054953423944,-0.483251686467862
123,1.3653315772408803,0.9192685417372938,1.4970121371563547,0.9159304149301917,0.9159304149301917,-1.0448078082395797,-0.5837711772523918,-0.95099059778028,0.7439495021582446,-0.7248429625633434,0.9329939034803214,-0.5177911584461315,-0.7522107698866268
124,0.06124157283138513,0.3615206116136514,0.8320378128213087,0.9158561530808486,0.9158561530808486,-1.0448078082395797,-0.7637830174578719,-0.95099059778028,0.7330761491832569,-0.7248429625633434,-0.20845576438112698,-0.5127281599293981,-0.7410588078912146
125,-1.286883942442633,-1.0704784509706757,-1.2056037684040617,0.6998603686869243,0.6998603686869243,-1.0448078082395797,-0.18011564793777096,-1.8124948439702304,-1.846401007415693,-0.7248429625633434,0.9329939034803214,1.0119200588164898,1.7467033807716206
126,0.7183483993271397,1.5179093872656781,0.998857091486796,-0.8409574705790354,-0.8409574705790354,1.320557071623579,0.8387177930887726,1.076144685034503,0.7377365983539586,-0.7248429625633434,0.9329939034803214,-0.5156742917649334,-0.7469627877711387
127,-0.6068395940051448,-0.3192260276226928,1.4970121371563547,-0.8409975257722963,-0.8409975257722963,0.4909489995116716,1.2845910704967842,1.076144685034503,0.7444678059129227,1.3139595910895183,-1.7567848247092095,-0.5177947416530522,-0.7524294358081054
128,-1.286883942442633,-1.9401103544135405,-1.4368465008018902,0.9037515167861594,0.9037515167861594,-1.0448078082395797,-0.39495470549578493,-0.95099059778028,-0.37886942347080005,-0.7248429625633434,0.9329939034803214,-0.017214656010992865,0.3021963034835227
129,1.3653315772408803,0.5429171588792461,-0.05690022095650312,0.9152610504049056,0.9152610504049056,0.8166034983614915,1.598129909351595,1.076144685034503,0.679750625794068,1.785184446210916,-0.20845576438112698,-0.47259867425935886,-0.6546857689071397
130,0.06124157283138513,-0.3192260276226928,-1.0966292409826666,1.678065580652547,1.678065580652547,-1.0448078082395797,-1.1033347271589684,-0.15084870937381437,-1.846401007415693,-0.7248429625633434,-0.9535194553088262,-3.4701507127309483,1.832639087912738
131,0.7183483993271397,0.3615206116136514,-0.20170368517362758,-0.8401512853229056,-0.8401512853229056,0.4909489995116716,1.6262612677753567,1.076144685034503,0.6381453207394256,-0.7248429625633434,-0.20845576438112698,-0.472321043457607,-0.6343498382096233
132,0.06124157283138513,-1.3404072818833723,1.2532996212525496,-0.8409825425377989,-0.8409825425377989,0.4909489995116716,-1.6228043167084765,-0.15084870937381437,0.7421895170983499,0.6814901417177249,-0.20845576438112698,-0.5168608065113586,-0.7504614425147974
133,2.631790436009967,1.9399097183871035,1.4970121371563547,0.9159298131905319,0.9159298131905319,1.320557071623579,1.6903540633385181,1.076144685034503,0.7442678819377486,1.785184446210916,0.9329939034803214,-0.5177170268704911,-0.7524294358081054
134,0.06124157283138513,-0.7831509112604526,-0.43782619857187843,0.9141924012434742,0.9141924012434742,0.4909489995116716,-0.25034469438820867,-0.15084870937381437,0.5009205097078181,1.5987739177226339,-0.20845576438112698,-0.4036901850401643,-0.5118969221815678
135,0.06124157283138513,0.7288282052758756,0.545839849894629,0.9158285856207086,0.9158285856207086,-1.0448078082395797,-2.071951311717882,-0.95099059778028,0.7261985539357523,-0.7248429625633434,-0.20845576438112698,-0.5109376934091174,-0.7351548280112905
136,0.7183483993271397,0.012210498479343,0.7418039216564859,0.9158559292234631,0.9158559292234631,0.4909489995116716,0.8142840378845453,1.076144685034503,0.7354085849688886,1.5987739177226339,-0.9535194553088262,-0.5124690735974453,-0.7406214760482572
137,-0.6068395940051448,-0.3192260276226928,-1.0966292409826666,1.678065580652547,1.678065580652547,-1.0448078082395797,-0.918879291543447,-2.033915903450334,-1.846401007415693,-0.7248429625633434,-0.20845576438112698,1.35885405036992,1.832639087912738
138,0.06124157283138513,-0.3192260276226928,1.2532996212525496,-0.8409852047267564,-0.8409852047267564,-1.0448078082395797,0.13625848547456032,-0.15084870937381437,0.7416120896851149,-0.7248429625633434,0.9329939034803214,-0.5175173768881713,-0.7506801084362761
139,0.06124157283138513,-0.3192260276226928,1.4970121371563547,-0.8409982789569113,-0.8409982789569113,1.320557071623579,0.7105347928127358,1.076144685034503,0.7441914528534519,-0.7248429625633434,0.9329939034803214,-0.5179471184511615,-0.7526481017295841
140,0.06124157283138513,1.9399097183871035,1.4401497963115393,-0.8409987592224932,-0.8409987592224932,1.320557071623579,0.4011864394229261,1.076144685034503,0.7441206615133229,-0.7248429625633434,0.9329939034803214,-0.5180419278668845,-0.7526481017295841
141,2.0029299159217206,0.012210498479343,-1.3189260742195756,-0.722781230333198,-0.722781230333198,-1.0448078082395797,-0.14241279007547117,-0.15084870937381437,-1.7987652894160215,-0.7248429625633434,0.9329939034803214,1.7576063323455535,1.7847512511089092
142,-1.286883942442633,-1.9401103544135405,-1.4368465008018902,0.9042098651805729,0.9042098651805729,0.8166034983614915,-0.9021623029672364,-0.15084870937381437,-0.16804074830240337,1.3139595910895183,-1.439676889932701,-0.02437282726303467,0.21800992371423455
143,1.3653315772408803,0.18462350426545654,-1.0966292409826666,1.615826580031626,1.615826580031626,1.320557071623579,0.5010897785450886,1.076144685034503,-1.846401007415693,-0.7248429625633434,0.9329939034803214,1.5100628724321212,1.832639087912738
144,0.7183483993271397,-0.15573403479697187,1.3499397660754524,-0.8410001345238584,-0.8410001345238584,0.8166034983614915,1.211457285645305,1.076144685034503,0.7448322985431182,1.7271999783687426,-0.20845576438112698,-0.517995876303963,-0.7528667676510628
145,0.7183483993271397,-0.15573403479697187,1.3499397660754524,-0.8410000419355075,-0.8410000419355075,-1.0448078082395797,-0.5772962973247429,-0.95099059778028,0.74456133657202,-0.7248429625633434,0.9329939034803214,-0.5180037716511834,-0.7528667676510628
146,-1.286883942442633,1.5179093872656781,0.596896846148679,0.9157798999670749,0.9157798999670749,-1.0448078082395797,0.06776313828035693,-0.15084870937381437,0.724933046722047,-0.7248429625633434,0.9329939034803214,-0.5070766021991475,-0.7296881799743237
147,1.3653315772408803,1.5179093872656781,1.2862670637603377,-0.8409892869687305,-0.8409892869687305,1.320557071623579,0.6223357290113432,1.076144685034503,0.7419951272369274,-0.7248429625633434,0.9329939034803214,-0.5177532902023944,-0.7511174402792334
148,0.7183483993271397,0.7288282052758756,0.545839849894629,0.9157888858404356,0.9157888858404356,1.320557071623579,0.7110333819537469,1.076144685034503,0.7213137390675728,-0.7248429625633434,0.9329939034803214,-0.5082170271092167,-0.7266268570736223
149,-0.6068395940051448,0.012210498479343,0.2063495415004084,-0.8405325983798366,-0.8405325983798366,-1.0448078082395797,-0.11441608715423073,-0.95099059778028,0.6819930778625906,-0.7248429625633434,-0.9535194553088262,-0.49101830153762993,-0.6870483252859829
150,-0.6068395940051448,-0.3192260276226928,1.4970121371563547,-0.8409986496124534,-0.8409986496124534,0.4909489995116716,0.07159615427829158,-0.15084870937381437,0.7445289073520648,0.6814901417177249,-0.9535194553088262,-0.5179270806569264,-0.7526481017295841
151,0.06124157283138513,0.18462350426545654,1.2532996212525496,-0.8409888256354215,-0.8409888256354215,-1.0448078082395797,-0.6011613280844073,-0.15084870937381437,0.7419542068104021,-0.7248429625633434,0.9329939034803214,-0.5177609496865321,-0.7511174402792334
152,0.7183483993271397,1.7266097734938175,-0.3564333373946572,0.9144494267036078,0.9144494267036078,1.320557071623579,0.4615917573174482,1.076144685034503,0.5506900628085298,-0.7248429625633434,0.9329939034803214,-0.42142556854503865,-0.5226115523340227
153,0.06124157283138513,-2.249244431821159,0.596896846148679,-0.840749554225942,-0.840749554225942,-1.0448078082395797,-1.2145606575711956,-0.15084870937381437,0.7183408488599583,-0.7248429625633434,-0.20845576438112698,-0.502525665667455,-0.7189735498218689
154,0.06124157283138513,-1.3404072818833723,1.2532996212525496,-0.8409767378536498,-0.8409767378536498,1.038108733629151,0.1830789402720253,-0.15084870937381437,0.7420749326150435,1.5987739177226339,-0.20845576438112698,-0.5164245999708249,-0.7498054447503614
155,-0.6068395940051448,-0.15573403479697187,0.07885702163666408,-0.840377314293086,-0.840377314293086,-1.0448078082395797,-0.4543834740977726,-1.4725913637312629,0.6294826858242476,-0.7248429625633434,0.9329939034803214,-0.49539426086021787,-0.6675870582743813
156,0.06124157283138513,-0.15573403479697187,-0.5220832969519151,0.8439962973530897,0.8439962973530897,-1.0448078082395797,-0.5939032938998302,-0.95099059778028,-1.1748530350543143,-0.7248429625633434,0.9329939034803214,0.6389103253345364,1.1346574665528215
157,0.7183483993271397,0.5429171588792461,-0.5220832969519151,-0.6641493964417526,-0.6641493964417526,-1.0448078082395797,0.13433283961275896,-0.15084870937381437,-1.2527659631455366,-0.7248429625633434,0.9329939034803214,0.8769641400324474,1.31418218808681
158,0.06124157283138513,1.7266097734938175,-0.7935409314320433,-0.8334957777270684,-0.8334957777270684,1.320557071623579,1.9122938012174382,1.076144685034503,0.1057636693128522,1.3139595910895183,0.9329939034803214,-0.201003579623332,-0.04876250048974354
159,0.06124157283138513,-0.15573403479697187,0.9176107320831984,-0.8409474576458049,-0.8409474576458049,1.320557071623579,0.7362271414849811,1.076144685034503,0.7380507370915522,-0.7248429625633434,0.9329939034803214,-0.5154281948318218,-0.7452134603993094
160,-1.286883942442633,-0.9289986021507155,-0.7935409314320433,-0.8074901172924156,-0.8074901172924156,-1.0448078082395797,-0.735522766096593,-1.8124948439702304,-1.1195108690606554,-0.7248429625633434,0.9329939034803214,0.04746524819634086,0.7777946826996313
161,-1.286883942442633,-0.3192260276226928,1.4688950491368133,0.9159282734670278,0.9159282734670278,1.320557071623579,0.8345590288188843,1.076144685034503,0.7439500506285146,-0.7248429625633434,0.9329939034803214,-0.5176317237972475,-0.7519921039651482
162,0.7183483993271397,0.18462350426545654,-0.6997805743180253,1.678064756879919,1.678064756879919,0.4909489995116716,0.017318234905337012,-0.15084870937381437,-1.846401007415693,1.7271999783687426,-1.439676889932701,1.9926969348621257,1.832639087912738
163,-0.6068395940051448,-0.15573403479697187,0.9176107320831984,-0.8409498055552154,-0.8409498055552154,0.09373723500751027,2.0772201044855008,1.076144685034503,0.7409862768584746,0.6814901417177249,-0.9535194553088262,-0.5145629402387616,-0.7458694581637453
164,-1.9800534317272407,-1.9401103544135405,-1.4368465008018902,0.9002055982181502,0.9002055982181502,-1.0448078082395797,-0.6587547363022348,-0.15084870937381437,-0.5446305477940766,-0.7248429625633434,-0.9535194553088262,0.051081018022996,0.4384251725647345
165,0.7183483993271397,0.3615206116136514,0.7875256792227042,-0.8409342073155546,-0.8409342073155546,0.9585687599127407,2.302342704330955,1.076144685034503,0.7387937078028948,1.7271999783687426,-0.9535194553088262,-0.5135088566514107,-0.7439014648704373
166,0.06124157283138513,-0.6329177148899152,-0.7935409314320433,-1.6366992365953372,-1.6366992365953372,-1.0448078082395797,0.021659338374889488,-0.15084870937381437,-1.846401007415693,-0.7248429625633434,-0.20845576438112698,1.9926969348621257,1.832639087912738
167,-1.9800534317272407,-1.9401103544135405,-1.4368465008018902,0.9008246186555722,0.9008246186555722,-1.0448078082395797,-1.2975753657532116,-2.2719638778514137,-0.5714001929637545,-0.7248429625633434,-1.9635529920028896,0.08991340677386005,0.2735510677698169
168,1.3653315772408803,0.7288282052758756,0.596896846148679,-0.8408880180242704,-0.8408880180242704,0.09373723500751027,0.19937746205867907,-0.15084870937381437,0.725634158308728,0.6814901417177249,-0.20845576438112698,-0.5118633217902404,-0.7364668235401625
169,0.06124157283138513,0.7288282052758756,-0.6997805743180253,0.009346493488751282,0.009346493488751282,-1.0448078082395797,-0.23064276312834567,-0.95099059778028,-1.7962039439232862,-0.7248429625633434,0.9329939034803214,1.4773402188502054,1.7322714299540283
170,0.06124157283138513,1.9399097183871035,1.219543996461101,0.9159108543259346,0.9159108543259346,1.320557071623579,0.6605576122745511,1.076144685034503,0.741334057685292,-0.7248429625633434,0.9329939034803214,-0.5164007604530388,-0.7491494469859253
171,2.0029299159217206,0.7288282052758756,0.545839849894629,0.9158100622316777,0.9158100622316777,1.320557071623579,0.6586380127529495,1.076144685034503,0.732505513187607,1.5987739177226339,0.9329939034803214,-0.5090581464952676,-0.7334055006394611
172,0.06124157283138513,1.3137949679419831,-0.7935409314320433,-1.6366992917306165,-1.6366992917306165,0.4909489995116716,0.3145949076239057,1.076144685034503,-1.846401007415693,-0.7248429625633434,0.9329939034803214,1.9926969348621257,1.832639087912738
173,0.7183483993271397,-0.15573403479697187,-0.5220832969519151,0.7949282515372947,0.7949282515372947,-1.0448078082395797,-1.3117251006867816,-0.15084870937381437,-1.5058550778037438,-0.7248429625633434,0.9329939034803214,0.7628953501353984,1.4320431197638135
174,0.06124157283138513,0.5429171588792461,-0.5220832969519151,-0.6829539573818503,-0.6829539573818503,-1.0448078082395797,-0.14418489630633602,-0.15084870937381437,-1.3751702417412432,-0.7248429625633434,0.9329939034803214,0.5541705752755925,1.308934205971322
175,0.06124157283138513,0.5429171588792461,0.07885702163666408,0.915449068460682,0.915449068460682,-1.0448078082395797,0.005699908330447392,-0.15084870937381437,0.6654732109667412,-0.7248429625633434,-0.20845576438112698,-0.4870457627094712,-0.6656190649810733
176,0.06124157283138513,-0.15573403479697187,0.6948253554831438,-0.8409095929448017,-0.8409095929448017,-1.0448078082395797,-0.23280577955212178,-0.15084870937381437,0.729538526063749,-0.7248429625633434,0.9329939034803214,-0.5130518971839472,-0.7397468123623425
177,-1.286883942442633,-1.9401103544135405,-1.4368465008018902,0.8934326176357033,0.8934326176357033,-1.0448078082395797,0.118737956673202,-0.15084870937381437,-0.6736034202209834,-0.7248429625633434,0.9329939034803214,0.19454196207708593,0.7041042671613192
178,0.06124157283138513,0.3615206116136514,0.9587550611015209,-0.840964262559419,-0.840964262559419,-1.0448078082395797,-0.27955208020585814,-0.95099059778028,0.7374966016900661,-0.7248429625633434,0.9329939034803214,-0.516630697827573,-0.7476187855355747
179,1.3653315772408803,0.18462350426545654,-1.0966292409826666,1.5410284387220716,1.5410284387220716,1.320557071623579,0.303722133427377,1.076144685034503,-1.786273029109186,0.6814901417177249,0.9329939034803214,1.8815156162441127,1.8031191885131175
180,-0.6068395940051448,1.1142527011407997,-0.609349805834491,0.5058823948235761,0.5058823948235761,0.09373723500751027,0.454367838393499,1.076144685034503,-1.289051393476566,0.6814901417177249,-1.9635529920028896,1.5984235141445222,1.6579250166512802
181,-1.286883942442633,-1.9401103544135405,-0.7935409314320433,0.9049577884104659,0.9049577884104659,-1.0448078082395797,-0.7076871414020341,-1.8124948439702304,-0.4092824061658438,-0.7248429625633434,-0.20845576438112698,-0.04608286482036324,0.2965109895250773
182,2.0029299159217206,0.9192685417372938,-1.4368465008018902,-0.8279331467812986,-0.8279331467812986,0.4909489995116716,1.5299208896342262,1.076144685034503,-0.20550719483266378,1.785184446210916,-0.20845576438112698,-0.10222844525226009,0.23987651586210162
183,0.06124157283138513,0.18462350426545654,1.4970121371563547,-0.8410029165618407,-0.8410029165618407,1.320557071623579,0.2883030321796295,1.076144685034503,0.7447945801966823,-0.7248429625633434,0.9329939034803214,-0.5182523261837562,-0.7533040994940201
184,-0.6068395940051448,-0.15573403479697187,0.6948253554831438,-0.840911915894305,-0.840911915894305,-1.0448078082395797,-0.728459302773341,-0.95099059778028,0.725834411600675,-0.7248429625633434,0.9329939034803214,-0.5142961312940996,-0.7390908145979065
185,-2.687730675127689,-2.249244431821159,0.596896846148679,-0.840783511553629,-0.840783511553629,-1.0448078082395797,-1.4183794740692697,-2.2719638778514137,0.6934352024956543,-0.7248429625633434,-0.9535194553088262,-0.5095556473329909,-0.7211602090366556
186,0.7183483993271397,1.9399097183871035,-0.6997805743180253,0.8765647784790204,0.8765647784790204,1.320557071623579,0.7095974400589259,1.076144685034503,-0.6722057786887801,-0.7248429625633434,0.9329939034803214,0.415027839894177,0.8949996166121986
187,0.7183483993271397,0.18462350426545654,-1.0966292409826666,-0.8213828368326348,-0.8213828368326348,0.4909489995116716,0.029839947018620333,-0.15084870937381437,-0.3190145075370143,1.5987739177226339,-0.20845576438112698,0.07765725039292096,0.42749187649080095
188,0.06124157283138513,-0.15573403479697187,1.2532996212525496,0.9159215144644827,0.9159215144644827,-1.0448078082395797,-1.05814416654313,-0.95099059778028,0.7425472304073185,-0.7248429625633434,-0.9535194553088262,-0.5171057739088563,-0.7508987743577548
189,1.3653315772408803,0.7288282052758756,-1.3189260742195756,1.6778112939371124,1.6778112939371124,0.09373723500751027,-0.7749440470606873,-0.95099059778028,-1.846401007415693,0.6814901417177249,-0.20845576438112698,1.9926969348621257,1.832639087912738
190,-0.6068395940051448,-0.3192260276226928,-1.0966292409826666,-0.8379694267288006,-0.8379694267288006,-1.0448078082395797,-0.07258211565605815,-0.95099059778028,0.31982544448609346,-0.7248429625633434,0.9329939034803214,-0.37913897572712907,-0.38244669666619485
191,-1.286883942442633,-1.3404072818833723,0.3835944209246597,-0.8406831556940487,-0.8406831556940487,-1.0448078082395797,0.022536194754535572,-0.15084870937381437,0.7024665418380698,-0.7248429625633434,-0.20845576438112698,-0.5006778660983235,-0.708258919669414
192,-0.6068395940051448,-0.6329177148899152,0.545839849894629,-0.8408635418065648,-0.8408635418065648,-1.0448078082395797,0.048694703096052186,-0.15084870937381437,0.7207700650534683,-0.7248429625633434,0.9329939034803214,-0.5106785418280849,-0.7329681687965037
193,0.7183483993271397,1.7266097734938175,-0.7935409314320433,1.6780655806491684,1.6780655806491684,-1.0448078082395797,-0.5259601468190493,-0.95099059778028,-1.846401007415693,-0.7248429625633434,-0.20845576438112698,1.9926969348621257,1.832639087912738
194,1.3653315772408803,1.5179093872656781,-0.609349805834491,1.6780093512272642,1.6780093512272642,1.320557071623579,0.9182296500530112,1.076144685034503,-1.846401007415693,1.785184446210916,0.9329939034803214,1.9926969348621257,1.832639087912738
195,0.7183483993271397,1.9399097183871035,1.4107562754104988,-0.8409998754902489,-0.8409998754902489,0.4909489995116716,-0.48026753297415764,-0.15084870937381437,0.7446089485592111,-0.7248429625633434,0.9329939034803214,-0.5180422519917749,-0.7528667676510628
196,0.06124157283138513,0.7288282052758756,0.8753852376569202,-0.8409136691268917,-0.8409136691268917,-1.0448078082395797,-1.2368499350579998,-0.15084870937381437,0.7341780864934923,-0.7248429625633434,-0.20845576438112698,-0.5129975531130513,-0.7404028101267786
197,0.7183483993271397,-0.3192260276226928,-0.9917695249306604,0.8795868119427273,0.8795868119427273,1.320557071623579,0.8077763657953646,1.076144685034503,-0.9533587890959289,-0.7248429625633434,0.9329939034803214,0.3401486762079924,0.9579754019980558
198,-0.6068395940051448,-0.6329177148899152,-0.7935409314320433,-1.6366992917300265,-1.6366992917300265,-0.13990983389503545,0.1799319337784637,-0.15084870937381437,-1.846401007415693,1.5987739177226339,-0.20845576438112698,1.9926969348621257,1.832639087912738
199,0.06124157283138513,1.5179093872656781,1.2862670637603377,-0.8409890963545674,-0.8409890963545674,-1.0448078082395797,-0.14908662097929007,-0.15084870937381437,0.74282737161496,-0.7248429625633434,0.9329939034803214,-0.5174386967181875,-0.7513361062007121
200,-1.286883942442633,-0.3192260276226928,1.4688950491368133,-0.8410020169774036,-0.8410020169774036,0.09373723500751027,-0.5607649738515172,-0.15084870937381437,0.7448563385721552,1.5987739177226339,-1.7567848247092095,-0.5181226915578283,-0.7530854335725414
201,1.3653315772408803,1.9399097183871035,1.4970121371563547,0.9159314430757123,0.9159314430757123,1.320557071623579,0.6774092350122307,1.076144685034503,0.7443225003606544,1.7271999783687426,0.9329939034803214,-0.517833231414262,-0.7524294358081054
202,2.0029299159217206,-0.15573403479697187,0.3835944209246597,0.915566351211191,0.915566351211191,0.7407771274566298,2.2489803557281625,1.076144685034503,0.7189676091432325,1.785184446210916,-1.439676889932701,-0.49180409318032425,-0.7014802761035752
203,0.06124157283138513,-1.9401103544135405,-1.4368465008018902,0.8945149425342982,0.8945149425342982,-1.0448078082395797,-0.4941951437415675,-0.95099059778028,-0.7270593792883545,-0.7248429625633434,0.9329939034803214,0.16929004004645617,0.6658377309025519
204,0.7183483993271397,-0.3192260276226928,1.4688950491368133,-0.8410014853591142,-0.8410014853591142,-1.0448078082395797,0.024893644373236122,-0.15084870937381437,0.7445406763417132,-0.7248429625633434,0.9329939034803214,-0.5181961206890607,-0.7530854335725414
205,1.3653315772408803,-0.3192260276226928,1.2532996212525496,-0.8409875555404783,-0.8409875555404783,1.320557071623579,1.2388803799560755,1.076144685034503,0.7419955859711117,-0.7248429625633434,0.9329939034803214,-0.5173870651248841,-0.7508987743577548
206,-0.6068395940051448,-1.9401103544135405,-0.7935409314320433,0.9087365213052976,0.9087365213052976,0.09373723500751027,0.03925579321088879,-0.15084870937381437,0.05902863810843356,0.6814901417177249,-0.20845576438112698,-0.15585201095484524,-0.031050560849971223
207,0.06124157283138513,-0.15573403479697187,0.9176107320831984,-0.8409473252975552,-0.8409473252975552,0.8166034983614915,0.7388496157261788,1.076144685034503,0.7397216218154098,1.5987739177226339,-0.20845576438112698,-0.5146512166121046,-0.7456507922422667
208,-0.6068395940051448,-1.3404072818833723,0.3835944209246597,-0.8406197427565173,-0.8406197427565173,-1.0448078082395797,-0.017355787005371378,-0.15084870937381437,0.7096907494077126,0.6814901417177249,-0.9535194553088262,-0.4935845699517843,-0.6995122828102671
209,-1.9800534317272407,-0.7831509112604526,-1.3189260742195756,-1.6356880687857065,-1.6356880687857065,1.320557071623579,0.3085433043985054,1.076144685034503,-1.846401007415693,-0.7248429625633434,0.9329939034803214,1.9926969348621257,1.832639087912738
210,0.06124157283138513,0.3615206116136514,-0.20170368517362758,-0.8401848107562495,-0.8401848107562495,-1.0448078082395797,-0.3742573649651581,-0.15084870937381437,0.5836212410935329,-0.7248429625633434,0.9329939034803214,-0.4839954379313962,-0.6391604884821541
211,0.06124157283138513,0.3615206116136514,-0.609349805834491,-1.6366980461433105,-1.6366980461433105,0.09373723500751027,0.08202207698789017,-0.15084870937381437,-1.846401007415693,1.7271999783687426,-1.7567848247092095,1.9926969348621257,1.832639087912738
212,0.06124157283138513,0.18462350426545654,-1.0966292409826666,-0.8207984217835236,-0.8207984217835236,-1.0448078082395797,-0.13964000547223115,-0.95099059778028,-0.5805041933078421,-0.7248429625633434,0.9329939034803214,-0.07241630442607758,0.5132089177104399
213,-0.6068395940051448,0.9192685417372938,-1.0966292409826666,0.9138153517033004,0.9138153517033004,1.320557071623579,0.8475975082506657,1.076144685034503,0.44048730313547385,-0.7248429625633434,0.9329939034803214,-0.38602633274217213,-0.44607847981648796
214,-1.286883942442633,0.9192685417372938,1.0379538991900714,-0.8409703811663087,-0.8409703811663087,0.8166034983614915,0.36134005307629835,1.076144685034503,0.7418259577257035,1.3139595910895183,-0.9535194553088262,-0.5159917680973986,-0.7487121151429681
215,0.06124157283138513,0.3615206116136514,0.9587550611015209,-0.8409641405855725,-0.8409641405855725,1.320557071623579,0.47952002573935243,1.076144685034503,0.7385790627256952,-0.7248429625633434,0.9329939034803214,-0.5160851280588712,-0.7478374514570534
216,-0.6068395940051448,-0.15573403479697187,1.3499397660754524,-0.840999066214437,-0.840999066214437,0.6380432619684511,1.6684670842807667,1.076144685034503,0.7445692850215236,1.7271999783687426,-1.7567848247092095,-0.51794513150023,-0.7528667676510628
217,0.7183483993271397,0.012210498479343,1.4401497963115393,0.9159341000243915,0.9159341000243915,1.320557071623579,0.23548200908885167,1.076144685034503,0.744274562656751,-0.7248429625633434,0.9329939034803214,-0.5180597823719876,-0.7526481017295841
218,0.7183483993271397,0.7288282052758756,-0.6997805743180253,0.2205803034756224,0.2205803034756224,-1.0448078082395797,-2.1260804828496984,-0.15084870937381437,-1.628075853178768,0.6814901417177249,-1.9635529920028896,1.4984481327203083,1.5702399821383335
219,-0.6068395940051448,-0.4782817281967989,0.32627356367831745,0.9156407162419057,0.9156407162419057,-1.0448078082395797,-1.195499674062197,-0.95099059778028,0.7077458851940197,-0.7248429625633434,-0.20845576438112698,-0.4982460805218183,-0.7086962515123714
220,1.3653315772408803,1.3137949679419831,1.4970121371563547,0.9159246931215456,0.9159246931215456,1.320557071623579,0.5662353601713965,1.076144685034503,0.743426366023708,-0.7248429625633434,0.9329939034803214,-0.5173604249372226,-0.7511174402792334
221,-0.6068395940051448,-0.9289986021507155,-0.7935409314320433,-0.8096600532475803,-0.8096600532475803,0.6935969792628359,0.251351641905243,1.076144685034503,-0.4121177569489616,1.5987739177226339,-1.9635529920028896,0.2727793657457429,0.6374111611103247
222,0.7183483993271397,0.3615206116136514,-1.2056037684040617,0.9132543592688078,0.9132543592688078,0.4909489995116716,1.3540205303922677,1.076144685034503,0.488416606531812,1.5987739177226339,-0.20845576438112698,-0.35166215557056035,-0.41109193237990066
223,1.3653315772408803,0.9192685417372938,1.4970121371563547,0.9159305164216704,0.9159305164216704,0.6935969792628359,0.9313917847671007,1.076144685034503,0.7445516401580362,1.785184446210916,-0.9535194553088262,-0.5177602762339901,-0.7524294358081054
224,-1.286883942442633,-0.15573403479697187,1.3499397660754524,-0.8409993357459438,-0.8409993357459438,-1.0448078082395797,-0.870873120367277,-0.95099059778028,0.7439950960876485,-0.7248429625633434,-0.20845576438112698,-0.5181193531479346,-0.7528667676510628
225,-1.286883942442633,-1.9401103544135405,-0.7935409314320433,0.9096787413405691,0.9096787413405691,0.4909489995116716,-1.600901733502276,-0.15084870937381437,0.17144463456529282,-0.7248429625633434,-0.20845576438112698,-0.19214269619695223,-0.07347174961683331
226,1.3653315772408803,0.9192685417372938,-0.609349805834491,-0.8392616227998235,-0.8392616227998235,1.320557071623579,1.0969589918803047,1.076144685034503,0.48569111767060574,0.6814901417177249,0.9329939034803214,-0.4414434334446685,-0.5199875612762787
227,0.7183483993271397,0.5429171588792461,-0.12811865571019718,-0.8402783180769808,-0.8402783180769808,-1.0448078082395797,0.1775955527784678,-0.15084870937381437,0.6379849117390867,-0.7248429625633434,0.9329939034803214,-0.4791623472758945,-0.6522804437708744
228,-0.6068395940051448,0.012210498479343,-1.4368465008018902,0.9111386394848124,0.9111386394848124,-1.0448078082395797,-0.08460250908346997,-0.15084870937381437,0.2936064750202674,-0.7248429625633434,-0.20845576438112698,-0.2538959474874106,-0.21123128014839576
229,-0.6068395940051448,-0.15573403479697187,1.2532996212525496,0.9159236914524539,0.9159236914524539,-0.13990983389503545,-0.7216381214680739,-0.15084870937381437,0.7436267217918896,0.6814901417177249,-0.9535194553088262,-0.5173044096973025,-0.7513361062007121
230,-1.286883942442633,-1.3404072818833723,1.2532996212525496,-0.840975952150277,-0.840975952150277,0.4909489995116716,1.02985126864893,1.076144685034503,0.7422289675514728,-0.7248429625633434,-0.20845576438112698,-0.516544328660149,-0.749368112907404
231,2.0029299159217206,-0.15573403479697187,0.6948253554831438,-0.8409006312892032,-0.8409006312892032,0.4909489995116716,-0.07161931067852423,-0.15084870937381437,0.7309767025883261,0.6814901417177249,-0.20845576438112698,-0.5122337278494048,-0.7384348168334706
232,0.7183483993271397,0.012210498479343,1.4401497963115393,0.9159347503648483,0.9159347503648483,0.09373723500751027,-1.0147111177514965,-0.95099059778028,0.7446959433870052,0.6814901417177249,-0.9535194553088262,-0.5180825634433276,-0.7530854335725414
233,0.7183483993271397,-0.3192260276226928,0.4392511878890075,0.9158131045470781,0.9158131045470781,0.4909489995116716,0.14663658114717945,-0.15084870937381437,0.7229821085003385,-0.7248429625633434,-0.20845576438112698,-0.509971883657452,-0.7310001755031957
234,-0.6068395940051448,-0.4782817281967989,-0.12811865571019718,0.9151697226517396,0.9151697226517396,-1.0448078082395797,-0.7964977023359153,-0.95099059778028,0.651738750030965,-0.7248429625633434,0.9329939034803214,-0.4655693296153392,-0.6350058359740594
235,2.631790436009967,1.9399097183871035,-1.0966292409826666,1.6394797720893612,1.6394797720893612,1.320557071623579,0.6211156906062201,1.076144685034503,-1.8000082378202331,1.5987739177226339,0.9329939034803214,1.8680772547541533,1.8227991214461978
236,0.7183483993271397,0.012210498479343,1.4401497963115393,0.9159341759971825,0.9159341759971825,-1.0448078082395797,-0.5732658844221487,-0.15084870937381437,0.7445969841992574,-0.7248429625633434,-0.9535194553088262,-0.5180424183647613,-0.7530854335725414
237,-1.9800534317272407,-1.9401103544135405,-0.7935409314320433,0.9066928668124968,0.9066928668124968,-1.0448078082395797,-0.14192908174962024,-0.95099059778028,-0.29301283164739583,-0.7248429625633434,-0.20845576438112698,-0.10206145589320013,0.19811132485967553
238,1.3653315772408803,-0.3192260276226928,-1.0966292409826666,1.678065580652547,1.678065580652547,-1.0448078082395797,-0.5940064072117589,-0.15084870937381437,-1.846401007415693,-0.7248429625633434,-0.20845576438112698,1.9926969348621257,1.832639087912738
239,1.3653315772408803,0.012210498479343,-0.890807570747768,1.678065580652547,1.678065580652547,-1.0448078082395797,-0.702393692453612,-1.4725913637312629,-1.846401007415693,-0.7248429625633434,0.9329939034803214,1.9926969348621257,1.832639087912738
240,0.06124157283138513,0.012210498479343,-0.890807570747768,1.678065580652547,1.678065580652547,0.4909489995116716,0.8220607079599848,1.076144685034503,-1.846401007415693,-0.7248429625633434,-0.9535194553088262,1.9926969348621257,1.832639087912738
241,0.06124157283138513,0.7288282052758756,0.998857091486796,0.9159007303122472,0.9159007303122472,-1.0448078082395797,0.0849798418778616,-0.95099059778028,0.7371660172564722,-0.7248429625633434,0.9329939034803214,-0.5159621640302561,-0.7471814536926173
242,0.06124157283138513,-1.9401103544135405,-1.4368465008018902,0.8972220698165815,0.8972220698165815,-1.0448078082395797,-0.16425200484927505,-0.15084870937381437,-0.42718457709253965,-0.7248429625633434,-0.20845576438112698,0.1462979425801642,0.4876250048974354
243,-1.286883942442633,-0.7831509112604526,-1.3189260742195756,-1.6359844962946404,-1.6359844962946404,1.320557071623579,0.47997416139170346,1.076144685034503,-1.8373607877028704,-0.7248429625633434,0.9329939034803214,1.9926969348621257,1.832639087912738
244,-1.286883942442633,-1.9401103544135405,-0.7935409314320433,0.9091311894573396,0.9091311894573396,1.320557071623579,0.26382428763266375,1.076144685034503,-0.06665887396492033,-0.7248429625633434,0.9329939034803214,-0.19844406071720475,0.06450644683620782
245,0.06124157283138513,1.9399097183871035,-0.7935409314320433,-0.8335631224596367,-0.8335631224596367,1.320557071623579,0.5406327451561894,1.076144685034503,-0.19454619634932102,-0.7248429625633434,0.9329939034803214,-0.298565360393034,-0.027770572027791162
246,3.25248398888421,1.9399097183871035,0.493311596434884,0.9157375330314235,0.9157375330314235,1.320557071623579,2.5054238986282122,1.076144685034503,0.7098978064030486,1.785184446210916,0.9329939034803214,-0.5046941559465979,-0.7161308928426461
247,-0.6068395940051448,0.3615206116136514,-0.3564333373946572,0.915015369147586,0.915015369147586,1.320557071623579,0.7096997399018625,1.076144685034503,0.5789836951526168,-0.7248429625633434,0.9329939034803214,-0.46019725733196615,-0.5893046583850172
248,1.3653315772408803,1.9399097183871035,0.2063495415004084,0.9154275798087039,0.9154275798087039,1.320557071623579,0.3408419250270099,1.076144685034503,0.6748473681294128,0.6814901417177249,0.9329939034803214,-0.4835370939459002,-0.67436570184022
249,1.3653315772408803,0.012210498479343,1.4401497963115393,0.9159350792380692,0.9159350792380692,1.320557071623579,0.3557014821773271,1.076144685034503,0.7445779898922578,-0.7248429625633434,0.9329939034803214,-0.5181318430454298,-0.7530854335725414
250,-0.6068395940051448,-0.3192260276226928,1.4688950491368133,-0.8410020349125168,-0.8410020349125168,-1.0448078082395797,0.17239811711175484,-0.15084870937381437,0.7447611511654774,-0.7248429625633434,-0.20845576438112698,-0.518184337650802,-0.7530854335725414
251,-0.6068395940051448,0.9192685417372938,1.0379538991900714,-0.8409696419825489,-0.8409696419825489,1.320557071623579,0.5939492034064353,1.076144685034503,0.7413343096009583,-0.7248429625633434,-0.20845576438112698,-0.5162173842934015,-0.7484934492214894
252,0.06124157283138513,-0.15573403479697187,0.6948253554831438,-0.8409115043709383,-0.8409115043709383,-1.0448078082395797,0.04273007824839416,-0.15084870937381437,0.7334043622156758,-0.7248429625633434,0.9329939034803214,-0.5125129410369365,-0.7406214760482572
253,1.3653315772408803,1.1142527011407997,1.5245203634479854,0.9159363477679724,0.9159363477679724,-1.0448078082395797,-0.07502823833899971,-0.15084870937381437,0.7447238613802807,-0.7248429625633434,0.9329939034803214,-0.5182215619205371,-0.7533040994940201
254,2.0029299159217206,-2.249244431821159,0.596896846148679,-0.8408400795546297,-0.8408400795546297,-1.0448078082395797,-0.635297638465334,-0.95099059778028,0.7110428146609122,-0.7248429625633434,0.9329939034803214,-0.5109520382993628,-0.7283761844454517
255,0.06124157283138513,-1.3404072818833723,-0.7935409314320433,-1.6366992917306165,-1.6366992917306165,1.320557071623579,0.25059197367405855,1.076144685034503,-1.846401007415693,-0.7248429625633434,0.9329939034803214,1.9926969348621257,1.832639087912738
256,0.7183483993271397,0.3615206116136514,-1.2056037684040617,0.9120140094712195,0.9120140094712195,1.320557071623579,0.7529523018431613,1.076144685034503,0.18255849444518468,-0.7248429625633434,0.9329939034803214,-0.304670315554147,-0.17296474388962843
257,-0.6068395940051448,-0.15573403479697187,-0.7935409314320433,0.7229531299985866,0.7229531299985866,0.09373723500751027,-1.7206991643662173,-1.4725913637312629,-1.145875130833555,0.6814901417177249,-2.098327074688957,1.0147206343815858,1.3716913254357006
258,0.06124157283138513,-0.7831509112604526,-0.43782619857187843,0.9143005628296614,0.9143005628296614,0.09373723500751027,0.3721689739792947,1.076144685034503,0.5438039827775482,-0.7248429625633434,-0.9535194553088262,-0.4161939607052794,-0.5079609355949517
259,-0.6068395940051448,-0.15573403479697187,1.2532996212525496,0.9159214269241434,0.9159214269241434,-1.0448078082395797,-0.7470707830777794,-1.8124948439702304,0.7413411514877838,-0.7248429625633434,0.9329939034803214,-0.5172205086971181,-0.7504614425147974
260,0.7183483993271397,1.9399097183871035,0.6948253554831438,-0.8408776581279271,-0.8408776581279271,-1.0448078082395797,-0.23207866233732838,-0.15084870937381437,0.7268515481118141,-0.7248429625633434,0.9329939034803214,-0.5110854277195619,-0.7353734939327692
261,-0.6068395940051448,-0.15573403479697187,1.2532996212525496,0.9159264002014085,0.9159264002014085,1.320557071623579,0.7057563018484665,1.076144685034503,0.7430449882459208,-0.7248429625633434,0.9329939034803214,-0.5175315152895869,-0.7513361062007121
262,0.06124157283138513,1.7266097734938175,0.7875256792227042,0.9158190749739743,0.9158190749739743,0.4909489995116716,1.064772945837801,1.076144685034503,0.7314098920404475,0.6814901417177249,-0.20845576438112698,-0.5098513705539117,-0.7344988302468545
263,-1.9800534317272407,-1.0704784509706757,-1.2056037684040617,0.5466004570350735,0.5466004570350735,-1.0448078082395797,-0.8374454475737462,-1.8124948439702304,-1.846401007415693,-0.7248429625633434,0.9329939034803214,0.9000929473218939,1.717839479136436
264,0.06124157283138513,1.7266097734938175,-0.7935409314320433,1.6780655806491684,1.6780655806491684,-1.0448078082395797,-0.22054031260953222,-1.4725913637312629,-1.846401007415693,-0.7248429625633434,0.9329939034803214,1.9926969348621257,1.832639087912738
265,-0.6068395940051448,-1.3404072818833723,1.2532996212525496,-0.8409748650858329,-0.8409748650858329,0.4909489995116716,0.4754549212854394,1.076144685034503,0.7411411105793314,-0.7248429625633434,0.9329939034803214,-0.5165390246782177,-0.7491494469859253
266,0.06124157283138513,0.012210498479343,1.4970121371563547,0.915935877252172,0.915935877252172,0.33082791948660406,-0.5614451680470331,-0.95099059778028,0.7448669115190661,1.5987739177226339,-1.9635529920028896,-0.5181592866971189,-0.7533040994940201
267,0.06124157283138513,-0.4782817281967989,-0.12811865571019718,0.9151104876181932,0.9151104876181932,-1.0448078082395797,-0.6058230462146423,-0.95099059778028,0.62119790486163,-0.7248429625633434,0.9329939034803214,-0.46200915325604996,-0.6271338628008272
268,-0.6068395940051448,-0.7831509112604526,-0.43782619857187843,0.914470441276743,0.914470441276743,-1.0448078082395797,-0.45675075013862204,-0.95099059778028,0.4912850858946038,-0.7248429625633434,-0.20845576438112698,-0.4281065699399206,-0.5219555545695866
269,-1.9800534317272407,-1.0704784509706757,-1.2056037684040617,0.7478827591232817,0.7478827591232817,-1.0448078082395797,-1.6394702807534665,-2.033915903450334,-1.7494306731289007,0.6814901417177249,-2.098327074688957,1.7750895030936122,1.6922555663234315
270,0.06124157283138513,-0.15573403479697187,0.6948253554831438,-0.8409219164634605,-0.8409219164634605,-1.0448078082395797,-0.1581967444324424,-0.15084870937381437,0.7311093798558863,-0.7248429625633434,-0.20845576438112698,-0.5151042998948937,-0.7412774738126933
271,0.7183483993271397,1.5179093872656781,1.2862670637603377,0.9159202336710982,0.9159202336710982,-1.0448078082395797,0.08156802212355947,-0.95099059778028,0.7410975814141224,-0.7248429625633434,0.9329939034803214,-0.5171261572068757,-0.75002411067184
272,-0.6068395940051448,-0.3192260276226928,-1.0966292409826666,-0.8380391348708157,-0.8380391348708157,0.20106171036733708,0.12953967868145974,-0.95099059778028,0.5187951055662107,1.5987739177226339,-1.7567848247092095,-0.3498577361064243,-0.4124039279087727
273,-1.286883942442633,-2.249244431821159,0.596896846148679,-0.8407946814373415,-0.8407946814373415,-1.0448078082395797,-1.327709711211921,-0.95099059778028,0.6975368436372961,-0.7248429625633434,-0.20845576438112698,-0.5089353962555924,-0.7209415431151769
274,0.7183483993271397,-0.3192260276226928,-1.0966292409826666,-0.8377789349324519,-0.8377789349324519,-1.0448078082395797,-1.8394812208520892,-0.15084870937381437,0.2883772060198797,-0.7248429625633434,-0.20845576438112698,-0.3769314435898749,-0.38244669666619485
275,0.7183483993271397,1.9399097183871035,0.32627356367831745,-0.840603817213127,-0.840603817213127,0.4909489995116716,-0.1056366737269774,-0.15084870937381437,0.6748497572622988,-0.7248429625633434,0.9329939034803214,-0.5034029575164192,-0.6966696258310444
276,0.06124157283138513,0.9192685417372938,1.0379538991900714,-0.8409679895921491,-0.8409679895921491,0.4909489995116716,0.19134466635782793,-0.15084870937381437,0.7398712029656542,1.5987739177226339,-0.20845576438112698,-0.5161116332987824,-0.7482747833000107
277,0.7183483993271397,0.18462350426545654,-1.4368465008018902,-0.8363830070333171,-0.8363830070333171,-1.0448078082395797,0.10913584396039874,-0.95099059778028,0.22148757085229828,-0.7248429625633434,0.9329939034803214,-0.3166268228887419,-0.2510284778575138
278,-1.9800534317272407,-1.9401103544135405,-1.4368465008018902,0.9015754620366829,0.9015754620366829,-1.0448078082395797,-1.5639841769702911,-2.178103500622471,-0.619008197241333,-0.7248429625633434,-0.9535194553088262,0.042481448922185,0.39425465642604307
279,1.3653315772408803,1.9399097183871035,0.32627356367831745,0.9155680270628708,0.9155680270628708,-1.0448078082395797,0.16636129566759633,-0.15084870937381437,0.6940641290491996,-0.7248429625633434,0.9329939034803214,-0.4932100236872954,-0.6894536504222484
280,-0.6068395940051448,-0.3192260276226928,1.4970121371563547,-0.8409984553089649,-0.8409984553089649,-1.0448078082395797,-0.8273448563936094,-1.4725913637312629,0.7438571881830048,-0.7248429625633434,0.9329939034803214,-0.5180343885564647,-0.7526481017295841
281,-1.286883942442633,-1.3404072818833723,-0.7935409314320433,-1.6366992917306165,-1.6366992917306165,-1.0448078082395797,-0.4179283304307351,-1.4725913637312629,-1.846401007415693,-0.7248429625633434,-0.20845576438112698,1.9926969348621257,1.832639087912738
282,0.7183483993271397,0.18462350426545654,1.4970121371563547,-0.8410032732258772,-0.8410032732258772,-1.0448078082395797,0.16609343912279567,-0.15084870937381437,0.7446629852122947,-0.7248429625633434,0.9329939034803214,-0.5182621589106837,-0.7533040994940201
283,-0.6068395940051448,-0.9289986021507155,-0.7935409314320433,-0.8082833071695,-0.8082833071695,-1.0448078082395797,-1.669335200524929,-2.033915903450334,-0.5854861470450068,-0.7248429625633434,-1.7567848247092095,0.3219432811949158,0.6389418225606754
284,0.7183483993271397,0.3615206116136514,0.7875256792227042,-0.8409339532257337,-0.8409339532257337,-1.0448078082395797,-0.20962840889871207,-0.95099059778028,0.7325568154472295,-0.7248429625633434,-0.20845576438112698,-0.5146083371903777,-0.7434641330274799
285,0.06124157283138513,0.012210498479343,0.7875256792227042,0.9158631744901383,0.9158631744901383,1.320557071623579,0.596233232756472,1.076144685034503,0.7357821186625225,-0.7248429625633434,0.9329939034803214,-0.512976015424281,-0.7406214760482572
286,-0.6068395940051448,-0.15573403479697187,0.3835944209246597,0.9154953768469759,0.9154953768469759,0.09373723500751027,-1.3906942810694753,-0.95099059778028,0.6884984629830735,1.3139595910895183,-0.9535194553088262,-0.48633890176958844,-0.6870483252859829
287,-1.9800534317272407,-1.207608518291043,-1.2056037684040617,0.9109281938749628,0.9109281938749628,-1.0448078082395797,-1.3351950503796848,-0.15084870937381437,0.30984688772361413,-0.7248429625633434,-1.7567848247092095,-0.2380390634001053,-0.19658066340932484
288,2.0029299159217206,0.3615206116136514,-0.3564333373946572,0.9149381135453472,0.9149381135453472,1.320557071623579,1.525912805482818,1.076144685034503,0.5874667851973899,1.3139595910895183,0.9329939034803214,-0.45292744733789947,-0.5949899723434626
289,-1.286883942442633,-0.15573403479697187,1.3499397660754524,-0.8409993100683296,-0.8409993100683296,-1.0448078082395797,-0.5326313965419032,-0.95099059778028,0.7440791990352066,-0.7248429625633434,-0.20845576438112698,-0.5180909205746581,-0.7528667676510628
290,1.3653315772408803,-0.15573403479697187,0.07885702163666408,-0.8404334154626777,-0.8404334154626777,0.4909489995116716,1.3497065646321191,1.076144685034503,0.685489395089101,0.6814901417177249,-0.20845576438112698,-0.48422497188793884,-0.6769896928979641
291,1.3653315772408803,-0.3192260276226928,-0.9917695249306604,0.8854471237080377,0.8854471237080377,1.320557071623579,1.0223607511793236,1.076144685034503,-0.5694208766319482,0.6814901417177249,0.9329939034803214,0.312754018756333,0.7679547162330911
292,0.7183483993271397,0.012210498479343,-0.890807570747768,1.678065580652547,1.678065580652547,-1.0448078082395797,-0.8172943796757728,-0.15084870937381437,-1.846401007415693,-0.7248429625633434,-0.20845576438112698,1.9926969348621257,1.832639087912738
293,1.3653315772408803,0.5429171588792461,0.9587550611015209,0.9158890889110337,0.9158890889110337,1.320557071623579,0.49897002484231295,1.076144685034503,0.7381228530967572,1.3139595910895183,0.9329939034803214,-0.514990025674057,-0.7456507922422667
294,-0.6068395940051448,1.7266097734938175,1.5245203634479854,-0.8410035090160197,-0.8410035090160197,0.9585687599127407,1.948185337409149,1.076144685034503,0.7449951063375396,1.5987739177226339,-0.20845576438112698,-0.5182256661467475,-0.7535227654154988
295,1.3653315772408803,0.3615206116136514,0.7875256792227042,-0.8409223601919156,-0.8409223601919156,-1.0448078082395797,-1.8062680102799675,-0.95099059778028,0.7322760893129809,-0.7248429625633434,-0.20845576438112698,-0.5136945688462943,-0.7412774738126933
296,-0.6068395940051448,-0.4782817281967989,0.32627356367831745,0.9156493368756081,0.9156493368756081,-1.0448078082395797,-1.905766279780297,-1.8124948439702304,0.7006326241288741,-0.7248429625633434,-0.9535194553088262,-0.4980963704191821,-0.708258919669414
297,0.7183483993271397,0.7288282052758756,0.596896846148679,-0.8408834376390042,-0.8408834376390042,0.4909489995116716,0.8246209632572801,1.076144685034503,0.7312344914076374,1.5987739177226339,-0.20845576438112698,-0.5105757847824481,-0.7366854894616411
298,0.7183483993271397,-0.3192260276226928,-1.6875798576679089,-0.8363685008754888,-0.8363685008754888,0.4909489995116716,-0.6732462739393025,-0.15084870937381437,0.3521042980382263,1.3139595910895183,-0.9535194553088262,-0.2897854909123263,-0.2669910901254568
299,-0.6068395940051448,1.3137949679419831,1.4970121371563547,-0.8409968015721606,-0.8409968015721606,1.320557071623579,0.2229176726897887,1.076144685034503,0.7434903387886926,-0.7248429625633434,0.9329939034803214,-0.5179856559759491,-0.7524294358081054
300,0.06124157283138513,0.3615206116136514,1.4688950491368133,-0.8409932992396975,-0.8409932992396975,0.4909489995116716,1.5472414962680439,1.076144685034503,0.7442031333940978,1.5987739177226339,-0.20845576438112698,-0.5174887554853792,-0.7519921039651482
301,0.7183483993271397,0.7288282052758756,0.493311596434884,0.9156904091542792,0.9156904091542792,0.4909489995116716,0.23082439909617125,1.076144685034503,0.7214036172690153,-0.7248429625633434,-1.439676889932701,-0.5002149010735816,-0.7159122269211674
302,2.0029299159217206,0.7288282052758756,0.545839849894629,0.9158086944741467,0.9158086944741467,1.320557071623579,0.8917029719295604,1.076144685034503,0.7330898572629958,1.785184446210916,-0.20845576438112698,-0.5091573931265108,-0.7351548280112905
303,-0.6068395940051448,0.5429171588792461,-0.12811865571019718,-0.8403233577592318,-0.8403233577592318,-1.0448078082395797,-0.8711307090971016,-2.033915903450334,0.6116820838455485,-0.7248429625633434,0.9329939034803214,-0.48848109037760584,-0.6557790985145331
304,0.06124157283138513,1.5179093872656781,-0.609349805834491,1.6779146564050298,1.6779146564050298,1.320557071623579,0.5194792131339888,1.076144685034503,-1.846401007415693,-0.7248429625633434,0.9329939034803214,1.9926969348621257,1.832639087912738
305,0.06124157283138513,-0.6329177148899152,-0.7935409314320433,-1.6366992917186924,-1.6366992917186924,1.320557071623579,1.6448590112024561,1.076144685034503,-1.846401007415693,1.5987739177226339,0.9329939034803214,1.9926969348621257,1.832639087912738
306,0.06124157283138513,-1.9401103544135405,-1.4368465008018902,0.8965344939839803,0.8965344939839803,-1.0448078082395797,-0.664119477530426,-2.033915903450334,-0.831376895071953,-0.7248429625633434,0.9329939034803214,0.08145285161953968,0.6242912058216045
307,0.06124157283138513,-0.3192260276226928,1.2532996212525496,-0.8409869733272508,-0.8409869733272508,-1.0448078082395797,-0.7010641982110054,-0.15084870937381437,0.7413817019492813,-0.7248429625633434,0.9329939034803214,-0.5176170219663786,-0.7506801084362761
308,-0.6068395940051448,-0.3192260276226928,1.4688950491368133,0.9159288705787493,0.9159288705787493,-1.0448078082395797,-1.605307316500704,-1.8124948439702304,0.7438180420725111,-0.7248429625633434,-0.20845576438112698,-0.5176667258091676,-0.7519921039651482
309,-0.6068395940051448,-0.4782817281967989,1.3499397660754524,0.9159332310298758,0.9159332310298758,-1.0448078082395797,-0.25005208132691076,-0.15084870937381437,0.7445661645917785,-0.7248429625633434,-0.20845576438112698,-0.5179779503968303,-0.7528667676510628
310,-0.6068395940051448,1.7266097734938175,-0.5220832969519151,-0.03804069200081305,-0.03804069200081305,0.4909489995116716,0.9423453089820162,1.076144685034503,-1.4422739957396575,0.6814901417177249,-0.9535194553088262,1.5494684101768503,1.6469917205773468
311,1.3653315772408803,0.18462350426545654,-1.4368465008018902,-0.8376239154997788,-0.8376239154997788,-1.0448078082395797,-0.07433780255431871,-0.15084870937381437,0.2652129793975468,-0.7248429625633434,-0.20845576438112698,-0.3705404086533414,-0.353801460952489
312,0.06124157283138513,-0.7831509112604526,-0.43782619857187843,0.91440154884475,0.91440154884475,0.9585687599127407,2.47209379167634,1.076144685034503,0.6362630808566926,1.785184446210916,-0.20845576438112698,-0.4118880852210691,-0.5602220908283541
313,0.7183483993271397,-0.4782817281967989,-0.12811865571019718,0.9153209842386922,0.9153209842386922,-1.0448078082395797,-0.18770838746358748,-0.15084870937381437,0.6482120028371986,-0.7248429625633434,0.9329939034803214,-0.47857601421358453,-0.651843111927917
314,2.0029299159217206,1.3137949679419831,0.493311596434884,-0.8407387035822267,-0.8407387035822267,-1.0448078082395797,0.05369240942557244,-0.15084870937381437,0.6996075975265803,-0.7248429625633434,0.9329939034803214,-0.5043111051580784,-0.7132882358634234
315,-0.6068395940051448,-1.9401103544135405,-0.7935409314320433,0.9091070305241401,0.9091070305241401,0.09373723500751027,1.167464118064284,1.076144685034503,0.18037734626187374,1.3139595910895183,-0.9535194553088262,-0.17195637190465393,-0.074346413302748
316,0.06124157283138513,-0.3192260276226928,-1.6875798576679089,-0.833132696103389,-0.833132696103389,-1.0448078082395797,-0.1331635058968539,-0.95099059778028,-0.014022202827237004,-0.7248429625633434,-0.20845576438112698,-0.29606875394041576,-0.04176519100242608
317,0.7183483993271397,1.9399097183871035,1.1495589434580107,-0.8409724044604545,-0.8409724044604545,1.038108733629151,0.8904296942680738,1.076144685034503,0.7405925982185861,1.5987739177226339,0.9329939034803214,-0.51611313566145,-0.7489307810644468
318,0.7183483993271397,-0.15573403479697187,-0.3564333373946572,0.9146236939272786,0.9146236939272786,0.4909489995116716,-0.8822978457265436,-0.15084870937381437,0.5639847446622526,0.6814901417177249,-0.20845576438112698,-0.4356381024400004,-0.5663447366297568
319,-0.6068395940051448,-0.9289986021507155,-0.7935409314320433,-0.8098796020971145,-0.8098796020971145,-1.0448078082395797,-1.7140872431105059,-1.4725913637312629,-0.7754171818016983,-0.7248429625633434,-0.9535194553088262,0.20505123050144836,0.6776456906624001
320,-1.286883942442633,-1.3404072818833723,0.3835944209246597,-0.8406341857377877,-0.8406341857377877,-1.0448078082395797,-0.10287109083245824,-0.95099059778028,0.7036333325548345,-0.7248429625633434,-0.20845576438112698,-0.4956277281508686,-0.7014802761035752
321,0.06124157283138513,0.3615206116136514,1.4401497963115393,0.9159331365316739,0.9159331365316739,0.26271955799420393,1.4927233906169741,1.076144685034503,0.7448865735706839,1.5987739177226339,-1.439676889932701,-0.5179566999152505,-0.7528667676510628
322,0.06124157283138513,0.7288282052758756,-1.3189260742195756,1.6779470752379868,1.6779470752379868,1.320557071623579,0.6392398855774182,1.076144685034503,-1.846401007415693,-0.7248429625633434,0.9329939034803214,1.986673696508242,1.832639087912738
323,0.7183483993271397,1.1142527011407997,-0.609349805834491,0.23485563033270526,0.23485563033270526,0.9585687599127407,0.8692069824645131,1.076144685034503,-1.4019273536755863,1.785184446210916,0.9329939034803214,1.6050693655090604,1.635621092660456
324,-1.286883942442633,-1.3404072818833723,1.2532996212525496,-0.8409778256491193,-0.8409778256491193,-1.0448078082395797,-0.11212818683351734,-0.15084870937381437,0.7401843366814311,-0.7248429625633434,0.9329939034803214,-0.5170255492441405,-0.749368112907404
325,2.0029299159217206,1.5179093872656781,1.2862670637603377,0.9159200338409601,0.9159200338409601,0.8166034983614915,-0.06250619358959984,-0.15084870937381437,0.7428438661712543,1.7271999783687426,-1.439676889932701,-0.5170234734056773,-0.7506801084362761
326,-0.6068395940051448,-0.15573403479697187,-0.7935409314320433,0.7036700297137594,0.7036700297137594,-1.0448078082395797,-1.218831708725994,-2.033915903450334,-1.6002275280802467,-0.7248429625633434,0.9329939034803214,0.9675080027772013,1.5359094324661822
327,2.0029299159217206,1.9399097183871035,0.545839849894629,0.9157177414788422,0.9157177414788422,-1.0448078082395797,-0.10295484851349376,-0.15084870937381437,0.7140091182872458,-0.7248429625633434,0.9329939034803214,-0.5034286074267584,-0.7163495587641248
328,0.06124157283138513,-0.15573403479697187,1.3499397660754524,-0.841000692991687,-0.841000692991687,1.320557071623579,0.32049460839444777,1.076144685034503,0.7443917610336708,-0.7248429625633434,0.9329939034803214,-0.518119375534939,-0.7528667676510628
329,0.06124157283138513,1.5179093872656781,0.596896846148679,0.91578506978254,0.91578506978254,1.0889842894551083,1.5201823322547754,1.076144685034503,0.7318136983606885,1.785184446210916,-0.9535194553088262,-0.5071586930501155,-0.7323121710320678
330,0.06124157283138513,0.012210498479343,-0.890807570747768,1.678065580614791,1.678065580614791,-1.0448078082395797,-0.26590068955787455,-0.95099059778028,-1.846401007415693,-0.7248429625633434,0.9329939034803214,1.9926969348621257,1.832639087912738
331,0.06124157283138513,1.7266097734938175,0.26721711459919323,-0.8405280789857574,-0.8405280789857574,0.20106171036733708,-0.36338838703931836,-0.15084870937381437,0.6897585813857251,1.785184446210916,-1.9635529920028896,-0.4865918898676263,-0.6894536504222484
332,0.06124157283138513,0.3615206116136514,-0.3564333373946572,0.915028570676853,0.915028570676853,0.9585687599127407,2.163464734396854,1.076144685034503,0.6794396192187684,1.5987739177226339,-0.20845576438112698,-0.4549872291044669,-0.6216672147638604
333,-1.9800534317272407,-0.9289986021507155,-0.9917695249306604,-1.5990546232050629,-1.5990546232050629,-1.0448078082395797,-1.4537061455418858,-0.95099059778028,-1.8144262963744988,-0.7248429625633434,-1.439676889932701,1.9926969348621257,1.832639087912738
334,0.7183483993271397,0.18462350426545654,-1.4368465008018902,-0.8376015347667244,-0.8376015347667244,-1.0448078082395797,-0.2102027418179362,-0.95099059778028,0.18294876263831064,-0.7248429625633434,0.9329939034803214,-0.4118954980657713,-0.3306228732757499
335,-1.286883942442633,-0.9289986021507155,-0.43782619857187843,-0.839992050144119,-0.839992050144119,-1.0448078082395797,-0.4612203012593266,-0.95099059778028,0.5831998168507134,-0.7248429625633434,-0.20845576438112698,-0.4691804027944646,-0.615325903040979
336,1.3653315772408803,1.9399097183871035,-0.609349805834491,-0.8390494721198586,-0.8390494721198586,-1.0448078082395797,-0.5551293049257272,-0.95099059778028,0.46198524320397677,-0.7248429625633434,-0.20845576438112698,-0.4316920299525944,-0.5086169333593877
337,0.7183483993271397,-0.15573403479697187,-0.3564333373946572,0.9148366285218101,0.9148366285218101,0.4909489995116716,1.2393343049315018,1.076144685034503,0.6546299988413796,1.785184446210916,-0.9535194553088262,-0.44343463922798976,-0.6024246136737375
338,-0.6068395940051448,-1.9401103544135405,-0.7935409314320433,0.9060236163999784,0.9060236163999784,-1.0448078082395797,-1.2965981857674012,-0.95099059778028,-0.09896468257010835,-0.7248429625633434,-2.098327074688957,-0.06902523052963558,0.15547147017133478
339,0.06124157283138513,0.3615206116136514,-0.43782619857187843,-0.7836218418033576,-0.7836218418033576,1.320557071623579,1.0977684143230784,1.076144685034503,-0.8050310809425254,0.6814901417177249,0.9329939034803214,0.4623934071722461,0.9052769149216962
340,-1.9800534317272407,-0.9289986021507155,-0.9917695249306604,-1.6148056062810816,-1.6148056062810816,-1.0448078082395797,-0.03457135514130072,-0.95099059778028,-1.8336685371297465,-0.7248429625633434,-0.9535194553088262,1.9926969348621257,1.832639087912738
341,1.3653315772408803,-0.3192260276226928,-1.6875798576679089,-0.8362615789926685,-0.8362615789926685,0.4909489995116716,0.16602472002994448,-0.15084870937381437,0.4080924987167093,1.7271999783687426,-0.9535194553088262,-0.30093879737108015,-0.2523404733863858
342,2.0029299159217206,1.9399097183871035,0.4392511878890075,-0.8405837310729718,-0.8405837310729718,0.8166034983614915,3.159434641346346,1.076144685034503,0.7094143177736748,1.785184446210916,-0.20845576438112698,-0.48855006553782715,-0.6971069576740018
343,1.3653315772408803,0.18462350426545654,-1.0966292409826666,-0.8226203044412851,-0.8226203044412851,-1.0448078082395797,0.045643083852814695,-0.15084870937381437,-0.7922453039643129,-0.7248429625633434,0.9329939034803214,-0.1791620449386409,0.42705454464784365
344,-1.286883942442633,-0.15573403479697187,-0.3564333373946572,0.9147169733597416,0.9147169733597416,1.320557071623579,0.8405440324924769,1.076144685034503,0.5925834899275394,-0.7248429625633434,0.9329939034803214,-0.43865104988936415,-0.5645954092579274
345,0.06124157283138513,-0.15573403479697187,1.2532996212525496,0.9159235422953763,0.9159235422953763,-1.0448078082395797,-0.5325617298104453,-0.95099059778028,0.7424884456180163,-0.7248429625633434,0.9329939034803214,-0.5173313025730623,-0.7508987743577548
346,-1.286883942442633,-0.7831509112604526,-0.609349805834491,-0.456572457960733,-0.456572457960733,-1.0448078082395797,0.13886895968328997,-0.15084870937381437,-1.6245536832961325,-0.7248429625633434,0.9329939034803214,0.7501710531949621,1.5033282101658603
347,-1.286883942442633,-0.9289986021507155,-0.43782619857187843,-0.8398965910781068,-0.8398965910781068,-1.0448078082395797,-0.6822551313928865,-0.15084870937381437,0.6431975192162627,-0.7248429625633434,-1.7567848247092095,-0.4515503721153446,-0.6067979321033108
348,-0.6068395940051448,-0.15573403479697187,1.2532996212525496,0.9159234945563925,0.9159234945563925,1.320557071623579,0.5907614318696572,1.076144685034503,0.7423096097181148,-0.7248429625633434,-0.20845576438112698,-0.5172996990057513,-0.7504614425147974
349,0.06124157283138513,-0.4782817281967989,0.32627356367831745,0.9156391274600432,0.9156391274600432,0.09373723500751027,1.200074874258484,1.076144685034503,0.7181943849850579,1.7271999783687426,-1.439676889932701,-0.4974785472193678,-0.7086962515123714
350,1.3653315772408803,0.012210498479343,1.1495589434580107,0.9159148939823032,0.9159148939823032,1.320557071623579,2.7202865469577553,1.076144685034503,0.7423696667874516,1.785184446210916,0.9329939034803214,-0.5166694669396644,-0.7502427765933187
351,-0.6068395940051448,0.3615206116136514,-0.609349805834491,-1.6366809070781552,-1.6366809070781552,-1.0448078082395797,-0.6216071311919711,-0.95099059778028,-1.846401007415693,-0.7248429625633434,-0.9535194553088262,1.9926969348621257,1.832639087912738
352,1.3653315772408803,1.9399097183871035,-0.9917695249306604,1.678065580652547,1.678065580652547,1.320557071623579,0.4869197985006226,1.076144685034503,-1.846401007415693,0.6814901417177249,0.9329939034803214,1.9926969348621257,1.832639087912738
353,2.0029299159217206,1.9399097183871035,0.6465403841770648,0.9157165163423157,0.9157165163423157,1.038108733629151,0.6818802695350921,1.076144685034503,0.7185101697222266,1.785184446210916,-0.20845576438112698,-0.5024708886652651,-0.7200668794292622
354,-0.6068395940051448,0.5429171588792461,-0.890807570747768,0.9140861418602619,0.9140861418602619,0.4909489995116716,-1.640519219117633,-1.4725913637312629,0.4923283469177624,1.5987739177226339,-1.7567848247092095,-0.39758634370204715,-0.5070862719090371
355,-0.6068395940051448,0.012210498479343,1.4401497963115393,0.9159336320722747,0.9159336320722747,1.320557071623579,0.35778867993855035,1.076144685034503,0.7443238716980097,-0.7248429625633434,0.9329939034803214,-0.5180377597473292,-0.7528667676510628
356,0.7183483993271397,-1.9401103544135405,-0.7935409314320433,0.9082158522012935,0.9082158522012935,0.4909489995116716,-0.3141245524108494,-0.15084870937381437,0.11248412885344664,1.3139595910895183,-1.9635529920028896,-0.1312694272979576,-0.007215975408796129
357,0.06124157283138513,0.3615206116136514,-0.6997805743180253,-0.8392968305880089,-0.8392968305880089,-1.0448078082395797,-1.4393646872999073,-1.4725913637312629,0.4656970736000119,-0.7248429625633434,-0.9535194553088262,-0.44560528203151467,-0.5355128417012642
358,1.3653315772408803,-0.3192260276226928,0.4392511878890075,0.9158074245678414,0.9158074245678414,-1.0448078082395797,-0.03598106337747001,-0.95099059778028,0.7221629048744714,-0.7248429625633434,-0.20845576438112698,-0.5097465492109383,-0.729469514052845
359,-0.6068395940051448,-1.207608518291043,-1.2056037684040617,0.9099103292362678,0.9099103292362678,1.320557071623579,0.5416486422671091,1.076144685034503,0.11104588088035885,-0.7248429625633434,0.9329939034803214,-0.20918051287979256,-0.06231978762142111
360,1.3653315772408803,0.3615206116136514,-0.20170368517362758,-0.8401692056087102,-0.8401692056087102,0.4909489995116716,0.5968367238367683,1.076144685034503,0.6502311507395813,0.6814901417177249,-0.20845576438112698,-0.47242043209337364,-0.6422218113828555
361,0.06124157283138513,0.3615206116136514,-0.609349805834491,-1.63662456110939,-1.63662456110939,0.4909489995116716,-0.42022463111365066,-0.15084870937381437,-1.846401007415693,0.6814901417177249,0.9329939034803214,1.9926969348621257,1.832639087912738
362,0.7183483993271397,0.3615206116136514,-1.2056037684040617,0.9129579332673681,0.9129579332673681,1.320557071623579,1.3874255405718643,1.076144685034503,0.3804045024270132,-0.7248429625633434,0.9329939034803214,-0.3483238508331568,-0.3428681648785555
363,0.06124157283138513,1.9399097183871035,1.4688950491368133,0.9159346962870638,0.9159346962870638,1.320557071623579,0.46957386979365634,1.076144685034503,0.7446891640464833,-0.7248429625633434,0.9329939034803214,-0.5180883978304044,-0.7530854335725414
364,0.7183483993271397,0.3615206116136514,0.9587550611015209,-0.8409641142794039,-0.8409641142794039,0.9585687599127407,2.692727454140594,1.076144685034503,0.7412444089170248,1.5987739177226339,-0.9535194553088262,-0.5155130609760921,-0.7478374514570534
365,-1.286883942442633,-0.6329177148899152,-0.7935409314320433,-1.6366992917306165,-1.6366992917306165,0.4909489995116716,1.5575007974855546,1.076144685034503,-1.846401007415693,1.5987739177226339,-1.439676889932701,1.9926969348621257,1.832639087912738
366,-1.286883942442633,-0.7831509112604526,-0.609349805834491,-0.42924222807081097,-0.42924222807081097,-1.0448078082395797,-0.3663606899904308,-0.95099059778028,-1.6430729582549735,-0.7248429625633434,-0.20845576438112698,0.8544925950312057,1.5077015285954336
367,-0.6068395940051448,-1.3404072818833723,-0.7935409314320433,-1.6366992917306165,-1.6366992917306165,0.4909489995116716,-0.15114367238004398,-0.95099059778028,-1.846401007415693,1.7271999783687426,-1.439676889932701,1.2823864860303207,1.832639087912738
368,-0.6068395940051448,-0.3192260276226928,1.2532996212525496,-0.8409857334525688,-0.8409857334525688,0.09373723500751027,-1.135806460435132,-1.4725913637312629,0.7426524106047898,0.6814901417177249,-1.439676889932701,-0.5171924038987871,-0.7508987743577548
369,0.06124157283138513,1.9399097183871035,-0.43782619857187843,0.8560356165840851,0.8560356165840851,0.6935969792628359,-0.21232708141922674,-0.15084870937381437,-0.7938755421095283,1.7271999783687426,-1.7567848247092095,0.6301076420015179,0.9057142467646535
370,0.06124157283138513,0.3615206116136514,1.4688950491368133,-0.8409945803356319,-0.8409945803356319,0.09373723500751027,-0.25283517649234716,-0.15084870937381437,0.7435914286104451,-0.7248429625633434,-0.20845576438112698,-0.517711491614118,-0.7519921039651482
371,0.06124157283138513,-0.15573403479697187,-0.5220832969519151,0.8139523916255784,0.8139523916255784,-1.0448078082395797,-1.097423051069533,-0.95099059778028,-1.3499720423670658,-0.7248429625633434,0.9329939034803214,0.8059444888552705,1.2431157636062422
372,-1.9800534317272407,-1.3404072818833723,1.2532996212525496,-0.8409807896148772,-0.8409807896148772,-0.13990983389503545,-0.16690845341527774,-0.15084870937381437,0.7420523497474814,0.6814901417177249,-1.439676889932701,-0.5168450986210246,-0.75002411067184
373,1.3653315772408803,1.3137949679419831,-0.7935409314320433,1.678065580652547,1.678065580652547,0.4909489995116716,0.38887164251326406,1.076144685034503,-1.846401007415693,1.7271999783687426,-0.9535194553088262,1.9926969348621257,1.832639087912738
374,1.3653315772408803,0.9192685417372938,1.4970121371563547,0.9159296343004301,0.9159296343004301,0.4909489995116716,0.37354166405025535,1.076144685034503,0.7439523571302293,-0.7248429625633434,-0.20845576438112698,-0.5177437074520955,-0.7519921039651482
375,0.7183483993271397,-0.3192260276226928,0.4392511878890075,0.9157937717201984,0.9157937717201984,1.320557071623579,0.37791614359552334,1.076144685034503,0.7161766063611363,-0.7248429625633434,0.9329939034803214,-0.5089463629677249,-0.7270641889165796
376,-1.286883942442633,0.5429171588792461,-0.890807570747768,-0.8384617668414142,-0.8384617668414142,-1.0448078082395797,0.1018069033446486,-0.15084870937381437,0.3340991820060368,-0.7248429625633434,0.9329939034803214,-0.42013346392785395,-0.4436731546802226
377,1.3653315772408803,0.5429171588792461,-1.2056037684040617,-0.833793463776197,-0.833793463776197,-1.0448078082395797,-0.4612770089474976,-0.15084870937381437,0.0037149571436723814,-0.7248429625633434,0.9329939034803214,-0.2830466166080672,-0.05379181668375296
378,-1.286883942442633,-0.7831509112604526,-1.3189260742195756,-1.632671055275212,-1.632671055275212,1.320557071623579,1.9068065443502946,1.076144685034503,-1.640519420825129,1.3139595910895183,-0.9535194553088262,1.9926969348621257,1.832639087912738
379,-0.6068395940051448,-0.3192260276226928,1.4688950491368133,-0.8410019937631119,-0.8410019937631119,-1.0448078082395797,-0.9636649872869021,-1.4725913637312629,0.7444008909907356,-0.7248429625633434,0.9329939034803214,-0.5182409689157309,-0.7530854335725414
380,0.06124157283138513,0.3615206116136514,0.8320378128213087,0.9158497578892516,0.9158497578892516,0.6935969792628359,0.6105225156002672,1.076144685034503,0.7369248341429893,1.785184446210916,-1.439676889932701,-0.5116383455357978,-0.7412774738126933
381,1.3653315772408803,0.3615206116136514,-0.20170368517362758,-0.8401991891094764,-0.8401991891094764,0.4909489995116716,1.4102686042468644,1.076144685034503,0.6644543970401808,1.5987739177226339,-0.20845576438112698,-0.4707879477433953,-0.6435338069117275
382,-1.286883942442633,1.3137949679419831,1.4970121371563547,-0.8409960765767857,-0.8409960765767857,-1.0448078082395797,0.16077172848814547,-0.15084870937381437,0.7436933697612804,-0.7248429625633434,0.9329939034803214,-0.5178251464379902,-0.7522107698866268
383,0.06124157283138513,1.9399097183871035,-0.5220832969519151,-0.7445542677543033,-0.7445542677543033,-1.0448078082395797,-0.04343479627586476,-0.95099059778028,-1.3583723446610423,0.6814901417177249,0.9329939034803214,0.5413795990943376,1.1449347648623192
384,0.7183483993271397,0.9192685417372938,-0.6997805743180253,-0.7411767403620668,-0.7411767403620668,0.4909489995116716,-0.29844759195185805,-0.15084870937381437,-1.1177966168714606,1.5987739177226339,-0.9535194553088262,0.5801164447336469,1.1359694620816936
385,-0.6068395940051448,1.3137949679419831,-0.890807570747768,0.9036479660351114,0.9036479660351114,-1.0448078082395797,-1.3527251938877922,-0.15084870937381437,-0.23562566684753777,-0.7248429625633434,-0.9535194553088262,-0.0003343323563127619,0.26130577616701134
386,-0.6068395940051448,-0.3192260276226928,-1.0966292409826666,1.678065580652547,1.678065580652547,0.8166034983614915,0.017586359256021002,-0.15084870937381437,-1.846401007415693,1.3139595910895183,-1.439676889932701,-0.6495483681885146,1.8096791661574776
387,0.7183483993271397,1.5179093872656781,1.5245203634479854,0.9159350939348035,0.9159350939348035,-1.0448078082395797,-0.015853704655157952,-0.95099059778028,0.744541957024605,-0.7248429625633434,0.9329939034803214,-0.5181340482696547,-0.7530854335725414
388,0.7183483993271397,1.7266097734938175,-0.6997805743180253,-1.6366992917306165,-1.6366992917306165,0.4909489995116716,-1.2620996413683059,-0.15084870937381437,-1.846401007415693,-0.7248429625633434,0.9329939034803214,-7.137675764643424,1.832639087912738
389,-0.6068395940051448,-1.3404072818833723,-0.7935409314320433,-1.6366992917306165,-1.6366992917306165,0.4909489995116716,1.0913021926002984,1.076144685034503,-1.846401007415693,0.6814901417177249,-0.9535194553088262,1.9926969348621257,1.832639087912738
390,0.06124157283138513,-0.15573403479697187,0.9176107320831984,-0.8409464939723332,-0.8409464939723332,-1.0448078082395797,-0.3158310571108977,-0.15084870937381437,0.7371513718055153,-0.7248429625633434,-0.20845576438112698,-0.5146716691221206,-0.7452134603993094
391,0.06124157283138513,0.9192685417372938,-0.6997805743180253,-0.6707506998513785,-0.6707506998513785,0.4909489995116716,0.9463466139775419,1.076144685034503,-1.184384168473997,-0.7248429625633434,-0.20845576438112698,0.9018230717574474,1.2973449121329526
392,-2.687730675127689,-2.249244431821159,0.596896846148679,-0.8407963239845166,-0.8407963239845166,-1.0448078082395797,-1.5856300723509908,-2.2719638778514137,0.6938037863862183,-0.7248429625633434,-1.7567848247092095,-0.5088544418579617,-0.7229095364084849
393,0.06124157283138513,1.3137949679419831,-0.3564333373946572,-0.8395956795911732,-0.8395956795911732,1.320557071623579,1.4406984528367826,1.076144685034503,0.6373331035844935,1.7271999783687426,0.9329939034803214,-0.4326694693706807,-0.576840700860733
394,-1.286883942442633,-1.3404072818833723,1.2532996212525496,-0.8409802352455243,-0.8409802352455243,-1.0448078082395797,-0.7883601695702896,-0.95099059778028,0.7408714695951559,-0.7248429625633434,0.9329939034803214,-0.5169149979056652,-0.75002411067184
395,0.06124157283138513,0.9192685417372938,-0.609349805834491,-0.8394624652404468,-0.8394624652404468,1.320557071623579,2.502810543618833,1.076144685034503,0.6349171031419314,1.785184446210916,0.9329939034803214,-0.4239385090636291,-0.5617527522787047
396,-0.6068395940051448,-1.3404072818833723,-0.7935409314320433,-1.6366992917306165,-1.6366992917306165,1.320557071623579,0.7865341176448898,1.076144685034503,-1.846401007415693,0.6814901417177249,0.9329939034803214,-0.5182026208114203,1.832639087912738
397,-0.6068395940051448,0.5429171588792461,1.1132717912815746,0.9159097697193066,0.9159097697193066,1.320557071623579,0.30859923871671785,1.076144685034503,0.7398716610411649,-0.7248429625633434,0.9329939034803214,-0.5165419433317782,-0.7482747833000107
398,0.06124157283138513,-0.3192260276226928,-1.0966292409826666,-0.8382116193186575,-0.8382116193186575,0.8166034983614915,0.2135066449747591,-0.15084870937381437,0.45032351178297525,0.6814901417177249,0.9329939034803214,-0.36295975280827886,-0.4272732105693223
399,2.0029299159217206,1.3137949679419831,0.493311596434884,-0.8407184769335179,-0.8407184769335179,0.4909489995116716,-0.3477817279138973,-0.15084870937381437,0.7031763475624052,0.6814901417177249,-0.20845576438112698,-0.5026983880811107,-0.7119762403345514
400,-1.286883942442633,-2.249244431821159,0.596896846148679,-0.8408226570097957,-0.8408226570097957,-1.0448078082395797,0.1072749963301803,-0.15084870937381437,0.7151770799330901,-0.7248429625633434,0.9329939034803214,-0.5077150846759071,-0.7272828548380583
401,0.7183483993271397,0.7288282052758756,0.8753852376569202,-0.8409213910755121,-0.8409213910755121,0.6063960664095581,-0.4774560919938069,-0.95099059778028,0.735283624520336,1.785184446210916,-1.9635529920028896,-0.5128332357681161,-0.7414961397341719
402,-0.6068395940051448,-0.3192260276226928,-0.9917695249306604,0.8934812470901273,0.8934812470901273,-0.13990983389503545,0.8681161253720757,1.076144685034503,-0.11711365044611502,0.6814901417177249,-1.439676889932701,0.2283610726661594,0.5009636261076343
403,-1.9800534317272407,-0.9289986021507155,-0.9917695249306604,-1.6066520621156248,-1.6066520621156248,0.09373723500751027,1.4153390727550201,1.076144685034503,-1.6898960763998112,1.3139595910895183,-1.9635529920028896,1.9926969348621257,1.821487125917326
404,-1.286883942442633,1.9399097183871035,-0.7935409314320433,0.9097406982645254,0.9097406982645254,0.4909489995116716,-1.6076983987652953,-0.15084870937381437,0.17082597637548047,-0.7248429625633434,-0.20845576438112698,-0.1971569989813452,-0.05729047142741169
405,-0.6068395940051448,-1.9401103544135405,-0.7935409314320433,0.9099055427070192,0.9099055427070192,1.320557071623579,0.49047460383272384,1.076144685034503,0.12993487818007488,-0.7248429625633434,0.9329939034803214,-0.21455087106254134,-0.08899703004181893
406,-1.286883942442633,-0.15573403479697187,0.07885702163666408,-0.8403565338704528,-0.8403565338704528,0.09373723500751027,0.3887171458819023,1.076144685034503,0.6859087162492763,0.6814901417177249,-1.439676889932701,-0.47489863204827454,-0.6667123945884665
407,-1.286883942442633,-0.7831509112604526,1.4401497963115393,-0.8409960801328739,-0.8409960801328739,-1.0448078082395797,-1.2057899202342908,-0.95099059778028,0.7438503596232782,-0.7248429625633434,0.9329939034803214,-0.5178883122400836,-0.7522107698866268
408,-1.286883942442633,0.7288282052758756,0.493311596434884,0.9156902355471996,0.9156902355471996,-1.0448078082395797,-0.5737977610329407,-2.033915903450334,0.6989006005124898,-0.7248429625633434,-0.20845576438112698,-0.502084418331342,-0.7106642448056794
409,1.3653315772408803,1.7266097734938175,-1.0966292409826666,0.9131381161948094,0.9131381161948094,1.320557071623579,1.8433641584911704,1.076144685034503,0.5215592280701309,1.785184446210916,0.9329939034803214,-0.3500257047231164,-0.38091603521584416
410,2.631790436009967,0.012210498479343,1.1495589434580107,0.9159145116329476,0.9159145116329476,1.320557071623579,0.5794662812360989,1.076144685034503,0.7405030070525027,-0.7248429625633434,0.9329939034803214,-0.5167495453240779,-0.749368112907404
411,0.06124157283138513,1.7266097734938175,-0.890807570747768,-0.8134249265265223,-0.8134249265265223,1.320557071623579,1.1980326602053204,1.076144685034503,-0.4209991385424511,1.7271999783687426,-0.20845576438112698,0.18138066423984492,0.5704993891378515
412,0.7183483993271397,-0.15573403479697187,-0.5220832969519151,0.7973510365138408,0.7973510365138408,0.4909489995116716,0.9915433447120018,1.076144685034503,-1.0374049416345141,1.3139595910895183,-0.20845576438112698,0.8600767832430799,1.2328384652967448
413,0.7183483993271397,-0.3192260276226928,1.4688950491368133,0.9159268492489973,0.9159268492489973,1.320557071623579,2.4792093400704864,1.076144685034503,0.7442168189530224,1.3139595910895183,0.9329939034803214,-0.5175034887067217,-0.7517734380436695
414,0.7183483993271397,-1.0704784509706757,-1.2056037684040617,1.530257134926428,1.530257134926428,1.320557071623579,0.941261451434301,1.076144685034503,-1.8456730868206157,-0.7248429625633434,0.9329939034803214,1.84342255070197,1.8103351639219136
415,1.3653315772408803,0.012210498479343,-0.890807570747768,1.6780655806520108,1.6780655806520108,1.320557071623579,0.8854598223410095,1.076144685034503,-1.846401007415693,1.5987739177226339,-0.9535194553088262,1.9926969348621257,1.832639087912738
416,-1.286883942442633,-0.9289986021507155,-0.43782619857187843,-0.8399602602324975,-0.8399602602324975,0.4909489995116716,-0.6884970678989482,-0.95099059778028,0.5769146716516462,-0.7248429625633434,-0.20845576438112698,-0.456744056995303,-0.617293896334287
417,1.3653315772408803,0.012210498479343,-1.4368465008018902,0.9118338603919752,0.9118338603919752,-1.0448078082395797,-0.9407078487025609,-1.4725913637312629,0.3846779913034696,0.6814901417177249,-0.20845576438112698,-0.27982802376973437,-0.28054837725713433
418,0.7183483993271397,0.9192685417372938,-1.0966292409826666,1.6693004591108302,1.6693004591108302,0.4909489995116716,0.8370951813006792,1.076144685034503,-1.7862702339726355,1.3139595910895183,-0.20845576438112698,1.9926969348621257,1.832639087912738
419,1.3653315772408803,-0.4782817281967989,0.32627356367831745,0.9156180701677258,0.9156180701677258,1.320557071623579,0.6987814594333971,1.076144685034503,0.6882897823529454,-0.7248429625633434,0.9329939034803214,-0.49630055524724853,-0.6953576303021725
420,-0.6068395940051448,-0.15573403479697187,-0.5220832969519151,0.849761432870082,0.849761432870082,0.26271955799420393,-1.564608405343233,-0.95099059778028,-0.9058501883682892,1.5987739177226339,-1.439676889932701,0.6409342295626405,1.0047699091944913
421,0.06124157283138513,0.3615206116136514,1.380693541849001,-0.841001071653487,-0.841001071653487,-1.0448078082395797,-0.439314908966321,-1.4725913637312629,0.7443907810389757,-0.7248429625633434,-0.20845576438112698,-0.5181628426155325,-0.7530854335725414
422,0.7183483993271397,0.7288282052758756,0.998857091486796,0.9158985216696913,0.9158985216696913,0.4909489995116716,0.5496940138215828,1.076144685034503,0.7384235926865647,-0.7248429625633434,-0.20845576438112698,-0.5156496779487981,-0.7469627877711387
423,0.06124157283138513,-0.4782817281967989,0.32627356367831745,0.9156891636611314,0.9156891636611314,0.9585687599127407,0.8991281727333693,1.076144685034503,0.7258454606598229,1.785184446210916,-1.439676889932701,-0.5002870789659352,-0.7185362179789115
424,-0.6068395940051448,0.012210498479343,0.7875256792227042,0.9158748719409312,0.9158748719409312,0.4909489995116716,-0.29922989457744864,-0.15084870937381437,0.7375497489158667,1.7271999783687426,-1.7567848247092095,-0.5138649736140287,-0.7439014648704373
425,0.06124157283138513,-0.6329177148899152,-0.7935409314320433,-1.6366992912731446,-1.6366992912731446,0.4909489995116716,-0.4961368998298292,-0.15084870937381437,-1.846401007415693,-0.7248429625633434,0.9329939034803214,1.9926969348621257,1.832639087912738
426,0.06124157283138513,-1.3404072818833723,0.3835944209246597,-0.8406867028916822,-0.8406867028916822,-1.0448078082395797,-1.0765767373915909,-0.95099059778028,0.6935587152123979,-0.7248429625633434,0.9329939034803214,-0.4994473859171191,-0.7091335833553287
427,-1.9800534317272407,-1.207608518291043,-1.2056037684040617,0.9109579859876895,0.9109579859876895,-1.0448078082395797,-1.3138827515114166,-2.033915903450334,0.2363313978460069,-0.7248429625633434,-1.439676889932701,-0.2373497504302245,-0.19264467682270878
428,0.7183483993271397,0.7288282052758756,0.545839849894629,0.9158192821337445,0.9158192821337445,1.320557071623579,0.5199048102463462,1.076144685034503,0.7260456661168629,-0.7248429625633434,0.9329939034803214,-0.5101566542771767,-0.7331868347179824
429,-1.286883942442633,0.012210498479343,0.7418039216564859,0.9158340313318308,0.9158340313318308,0.4909489995116716,0.09400203293376543,-0.15084870937381437,0.7300634320338721,0.6814901417177249,-0.9535194553088262,-0.5110624877839203,-0.7366854894616411
430,1.3653315772408803,0.5429171588792461,-0.12811865571019718,-0.8402457789937502,-0.8402457789937502,0.9585687599127407,3.277651295939595,1.076144685034503,0.6888465131046586,1.785184446210916,-0.20845576438112698,-0.46902496860593956,-0.6509684482420023
431,0.06124157283138513,0.5429171588792461,0.07885702163666408,0.9154245284591375,0.9154245284591375,0.09373723500751027,-0.1990607411306762,-0.15084870937381437,0.6825969903395692,0.6814901417177249,-0.9535194553088262,-0.4819994183859211,-0.6702110493321253
432,1.3653315772408803,-0.9289986021507155,-0.7935409314320433,-0.7785435136172502,-0.7785435136172502,-1.0448078082395797,0.016278708101620798,-0.15084870937381437,-1.214037342969187,-0.7248429625633434,0.9329939034803214,0.2878332653185669,0.9933992812776005
433,0.06124157283138513,1.9399097183871035,-1.0966292409826666,0.8959209880797522,0.8959209880797522,-0.13990983389503545,-0.9751190130762493,-0.95099059778028,-0.3062315286777423,1.7271999783687426,-2.098327074688957,0.19583109801757442,0.47166239262949244
434,1.3653315772408803,0.3615206116136514,1.380693541849001,-0.8410006483667654,-0.8410006483667654,1.320557071623579,1.8610900843641836,1.076144685034503,0.7447204625472524,1.3139595910895183,0.9329939034803214,-0.5180634241188391,-0.7528667676510628
435,2.631790436009967,1.3137949679419831,-0.890807570747768,-0.8313264423627353,-0.8313264423627353,1.320557071623579,1.756875472064314,1.076144685034503,-0.015240125919166408,1.7271999783687426,-0.20845576438112698,-0.19045311344452054,0.054447814448188976
436,-0.6068395940051448,-0.7831509112604526,-1.3189260742195756,-1.6365310489189342,-1.6365310489189342,1.320557071623579,0.7546755119334713,1.076144685034503,-1.846401007415693,0.6814901417177249,0.9329939034803214,1.9926969348621257,1.832639087912738
437,0.7183483993271397,0.3615206116136514,0.7875256792227042,-0.8409398837016976,-0.8409398837016976,1.320557071623579,1.2466179819164454,1.076144685034503,0.7360210653377665,-0.7248429625633434,0.9329939034803214,-0.5146667791607218,-0.744120130791916
438,-0.6068395940051448,-0.7831509112604526,1.4401497963115393,-0.8409943291038392,-0.8409943291038392,-1.0448078082395797,-0.005095291495605583,-0.15084870937381437,0.743294515783473,-0.7248429625633434,-0.20845576438112698,-0.5179022994596943,-0.7519921039651482
439,0.06124157283138513,1.7266097734938175,-1.0966292409826666,-0.8332328753979115,-0.8332328753979115,-1.0448078082395797,-1.2435882239473877,-0.15084870937381437,-0.04998194429230039,-0.7248429625633434,-0.20845576438112698,-0.2265122201430457,-0.04351451837425544
440,0.7183483993271397,0.9192685417372938,-1.0966292409826666,0.9136236851183391,0.9136236851183391,-1.0448078082395797,-0.10954327709723777,-0.15084870937381437,0.4038189155717385,-0.7248429625633434,0.9329939034803214,-0.37801101711086565,-0.42989720162706635
441,0.06124157283138513,0.012210498479343,-1.4368465008018902,0.9122338765751753,0.9122338765751753,-1.0448078082395797,-0.17767609393508893,-0.95099059778028,0.14410233731105884,-0.7248429625633434,0.9329939034803214,-0.31877277237445584,-0.22763122425929608
442,1.3653315772408803,0.012210498479343,0.2063495415004084,-0.8405397997603921,-0.8405397997603921,0.4909489995116716,-0.5424104679027539,-0.15084870937381437,0.687786222027317,1.3139595910895183,-0.9535194553088262,-0.49110598531584126,-0.6898909822652056
443,0.06124157283138513,-0.15573403479697187,0.6948253554831438,-0.840912482403198,-0.840912482403198,-1.0448078082395797,0.09441471352413049,-0.15084870937381437,0.7287614624254573,-0.7248429625633434,0.9329939034803214,-0.514311247632175,-0.7397468123623425
444,2.0029299159217206,1.9399097183871035,1.1495589434580107,0.9159045523659914,0.9159045523659914,1.320557071623579,2.096761267519319,1.076144685034503,0.7418693353107771,1.785184446210916,0.9329939034803214,-0.5159220276075347,-0.7484934492214894
445,-1.9800534317272407,-0.7831509112604526,-1.3189260742195756,-1.6354100575630635,-1.6354100575630635,0.4909489995116716,0.48013799189833206,1.076144685034503,-1.830969998558237,-0.7248429625633434,-0.20845576438112698,1.9926969348621257,1.832639087912738
446,-1.286883942442633,-0.7831509112604526,1.4401497963115393,-0.8409964704159247,-0.8409964704159247,1.320557071623579,0.7275755938080017,1.076144685034503,0.7437388315210028,-0.7248429625633434,0.9329939034803214,-0.517961986585492,-0.7524294358081054
447,0.06124157283138513,-0.3192260276226928,1.4688950491368133,-0.8410014958126052,-0.8410014958126052,0.9585687599127407,2.9285418607134663,1.076144685034503,0.7448837014455735,1.785184446210916,-0.20845576438112698,-0.5180881474366265,-0.7530854335725414
448,-0.6068395940051448,-0.9289986021507155,-0.7935409314320433,-0.8023497656361088,-0.8023497656361088,1.320557071623579,1.5669507933781173,1.076144685034503,-0.556916207193938,-0.7248429625633434,-0.20845576438112698,0.26097881507898474,0.7600827430598589
449,0.06124157283138513,-0.3192260276226928,-0.9917695249306604,0.8886899032683981,0.8886899032683981,1.320557071623579,0.716027724786841,1.076144685034503,-0.410141914687366,1.3139595910895183,0.9329939034803214,0.3103684019268982,0.6256032013504765
450,1.3653315772408803,0.5429171588792461,-0.5220832969519151,-0.6006525843838736,-0.6006525843838736,1.320557071623579,0.38582204034866757,1.076144685034503,-1.5450847962948797,-0.7248429625633434,0.9329939034803214,0.6566666811520315,1.3854672784888569
451,-1.286883942442633,-0.15573403479697187,-0.7935409314320433,0.6128849733039529,0.6128849733039529,-1.0448078082395797,-0.5820635167010441,-1.4725913637312629,-1.7461219058612203,-0.7248429625633434,0.9329939034803214,1.0043932247368237,1.6126611709051955
452,-0.6068395940051448,-1.207608518291043,-1.2056037684040617,0.910470480438082,0.910470480438082,-1.0448078082395797,-0.051007448453071175,-0.15084870937381437,0.17064515830945046,-0.7248429625633434,-0.20845576438112698,-0.2303074422158485,-0.1143622769333447
453,-0.6068395940051448,-1.3404072818833723,0.3835944209246597,-0.8406400615088427,-0.8406400615088427,1.320557071623579,0.3723675550002854,1.076144685034503,0.6857169863842568,-0.7248429625633434,0.9329939034803214,-0.501681423016185,-0.6986376191243525
454,-1.9800534317272407,-0.7831509112604526,-0.609349805834491,-0.440011747940546,-0.440011747940546,0.09373723500751027,1.174240794581248,1.076144685034503,-1.2988018691811458,1.3139595910895183,-1.439676889932701,1.0840127405302227,1.4932695777778413
455,0.06124157283138513,-0.4782817281967989,1.3499397660754524,0.9159334331445307,0.9159334331445307,-1.0448078082395797,-0.8958025079665632,-0.95099059778028,0.744488107189461,-0.7248429625633434,-0.20845576438112698,-0.5179943161313756,-0.7526481017295841
456,2.0029299159217206,0.012210498479343,-1.3189260742195756,-0.6576111240134352,-0.6576111240134352,1.320557071623579,1.0914781432628593,1.076144685034503,-1.679976912732381,0.6814901417177249,0.9329939034803214,1.722554527764731,1.7539193561804167
457,0.7183483993271397,0.18462350426545654,-1.0966292409826666,-0.8125478361648406,-0.8125478361648406,-1.0448078082395797,-1.8337476958536167,-1.8124948439702304,-0.7282705644549611,-0.7248429625633434,-0.9535194553088262,0.19522110985216568,0.5995819566945148
458,0.06124157283138513,0.012210498479343,-1.3189260742195756,-0.2240778971430355,-0.2240778971430355,-1.0448078082395797,-0.4073067942314667,-0.15084870937381437,-1.7017825707186034,-0.7248429625633434,0.9329939034803214,1.5794198763513647,1.715871485843128
459,-0.6068395940051448,0.18462350426545654,-1.0966292409826666,1.4185858325018554,1.4185858325018554,0.4909489995116716,0.5887965542298926,1.076144685034503,-1.8460021094279182,-0.7248429625633434,0.9329939034803214,1.3794100751483562,1.7823459259726437
460,-0.6068395940051448,-0.3192260276226928,-1.0966292409826666,1.678065580652547,1.678065580652547,-1.0448078082395797,-0.6056679533448358,-2.033915903450334,-1.846401007415693,-0.7248429625633434,-0.20845576438112698,1.934309205622583,1.832639087912738
461,-0.6068395940051448,-0.9289986021507155,-0.9917695249306604,-1.6316222576387756,-1.6316222576387756,1.320557071623579,0.6859757667538199,1.076144685034503,-1.846401007415693,-0.7248429625633434,0.9329939034803214,1.9926969348621257,1.832639087912738
462,0.06124157283138513,-1.3404072818833723,1.2532996212525496,-0.8409763439936304,-0.8409763439936304,1.320557071623579,1.210119993926562,1.076144685034503,0.7418086990217424,-0.7248429625633434,0.9329939034803214,-0.5167304681895754,-0.749368112907404
463,0.7183483993271397,-0.3192260276226928,-0.9917695249306604,0.8819891775602543,0.8819891775602543,0.4909489995116716,-0.4410491606354519,-0.15084870937381437,-0.8570211842501028,-0.7248429625633434,-0.20845576438112698,0.35047893456430734,0.9109622288801417
464,0.06124157283138513,-0.3192260276226928,-1.0966292409826666,1.678065580652547,1.678065580652547,0.4909489995116716,1.5415745083697947,1.076144685034503,-1.846401007415693,0.6814901417177249,-0.20845576438112698,-3.692017712708321,1.776223280171241
465,0.06124157283138513,1.9399097183871035,-1.4368465008018902,-0.8199374933774934,-0.8199374933774934,-1.0448078082395797,-0.17702567914635192,-0.15084870937381437,-0.417244481820308,-0.7248429625633434,-0.20845576438112698,0.029582133474878255,0.48347035238934066
466,2.0029299159217206,1.9399097183871035,-0.890807570747768,0.8864518037792489,0.8864518037792489,1.320557071623579,0.3719573354567376,1.076144685034503,-0.7882966654119972,-0.7248429625633434,0.9329939034803214,0.27404386304972167,0.8687597060347582
467,0.06124157283138513,0.7288282052758756,-0.6997805743180253,0.12103106649947669,0.12103106649947669,-1.0448078082395797,-1.4898467490269856,-1.4725913637312629,-1.816904864183138,-0.7248429625633434,-0.20845576438112698,1.3484141358772082,1.7447353874783125
468,-0.6068395940051448,-0.7831509112604526,-0.43782619857187843,0.9141129700522092,0.9141129700522092,-1.0448078082395797,-1.0264186061934553,-1.4725913637312629,0.4654512363557836,-0.7248429625633434,-0.9535194553088262,-0.40209295907502174,-0.4950596462277102
469,0.7183483993271397,0.5429171588792461,-0.890807570747768,0.9139656740683924,0.9139656740683924,0.09373723500751027,0.23620294562272046,1.076144685034503,0.503610482959671,1.5987739177226339,-1.9635529920028896,-0.39201745805058175,-0.49177965740553015
470,1.3653315772408803,1.7266097734938175,-0.6997805743180253,-0.7590764183790774,-0.7590764183790774,0.4909489995116716,1.0923239008236705,1.076144685034503,-1.1500648471242385,0.6814901417177249,-0.20845576438112698,0.43642224742118313,1.0883002911993434
471,0.7183483993271397,-1.207608518291043,-1.2056037684040617,0.9117705128887925,0.9117705128887925,-1.0448078082395797,0.024348021950317253,-0.95099059778028,0.12823599097650118,-0.7248429625633434,0.9329939034803214,-0.29495607250798794,-0.14475684001887992
472,1.3653315772408803,0.18462350426545654,-1.0966292409826666,-0.8178921641702389,-0.8178921641702389,1.038108733629151,2.234323841521582,1.076144685034503,-0.1263999114148295,1.785184446210916,-0.20845576438112698,0.20121310585514088,0.4823770227819473
473,-1.9800534317272407,-0.6329177148899152,0.545839849894629,-0.8408703430978501,-0.8408703430978501,-1.0448078082395797,-0.1493218415245642,-0.15084870937381437,0.7185709010734641,-0.7248429625633434,0.9329939034803214,-0.51200833743538,-0.7334055006394611
474,-0.6068395940051448,-1.3404072818833723,1.2532996212525496,-0.8409799051672164,-0.8409799051672164,-1.0448078082395797,-1.8759407546754063,-1.4725913637312629,0.7410746077146779,-0.7248429625633434,-0.9535194553088262,-0.5168680193330428,-0.7498054447503614
475,-1.286883942442633,1.5179093872656781,0.596896846148679,0.915781287425732,0.915781287425732,-1.0448078082395797,-0.5704261731394358,-2.033915903450334,0.7230621111169953,-0.7248429625633434,-0.9535194553088262,-0.5074024729977922,-0.7277201866810157
476,-0.6068395940051448,0.012210498479343,1.1495589434580107,0.9159173928751388,0.9159173928751388,-1.0448078082395797,0.16064666734566385,-0.15084870937381437,0.7424937002726314,-0.7248429625633434,-0.9535194553088262,-0.5169268663552127,-0.75002411067184
477,1.3653315772408803,-2.249244431821159,0.596896846148679,-0.840763730212538,-0.840763730212538,-1.0448078082395797,-0.9055863384288102,-0.95099059778028,0.7081117563560347,-0.7248429625633434,0.9329939034803214,-0.5043377042565486,-0.7194108816648261
478,-0.6068395940051448,-0.15573403479697187,0.3835944209246597,0.9154981884959185,0.9154981884959185,-1.0448078082395797,-0.47134973342636993,-1.4725913637312629,0.6566048521602269,-0.7248429625633434,0.9329939034803214,-0.490737112836006,-0.6772083588194427
479,-1.286883942442633,-1.9401103544135405,-1.4368465008018902,0.9055496208229419,0.9055496208229419,0.09373723500751027,-0.19821081277678262,-0.15084870937381437,0.04071051189238211,1.5987739177226339,-2.320599547648147,-0.036501658077646985,0.12748223222206495
480,1.3653315772408803,1.3137949679419831,1.4970121371563547,-0.8409948067573445,-0.8409948067573445,0.6935969792628359,1.6954242931266001,1.076144685034503,0.7443170975636492,1.785184446210916,-0.9535194553088262,-0.517591328046804,-0.7522107698866268
481,-0.6068395940051448,-0.3192260276226928,-0.9917695249306604,0.8928621772340722,0.8928621772340722,1.320557071623579,1.0392394781637737,1.076144685034503,-0.19594576076190476,-0.7248429625633434,0.9329939034803214,0.24580882265407517,0.4876250048974354
482,-1.9800534317272407,-1.3404072818833723,0.3835944209246597,-0.840622566113557,-0.840622566113557,1.320557071623579,0.6446079326588295,1.076144685034503,0.6862386959072546,-0.7248429625633434,-0.20845576438112698,-0.5002017818023046,-0.6957949621451298
483,1.3653315772408803,0.9192685417372938,-0.6997805743180253,-0.6652353589339174,-0.6652353589339174,1.320557071623579,0.4534876854811465,1.076144685034503,-1.548942600986564,-0.7248429625633434,0.9329939034803214,0.3807668775893954,1.3373607757635493
484,0.06124157283138513,0.3615206116136514,0.9587550611015209,-0.840968194783557,-0.840968194783557,0.09373723500751027,-0.19514137633614648,-1.4725913637312629,0.7396596506393017,0.6814901417177249,-0.20845576438112698,-0.5162675485298035,-0.7482747833000107
485,-0.6068395940051448,-0.9289986021507155,-0.7935409314320433,-0.7995418879209345,-0.7995418879209345,0.8166034983614915,0.6686110431926606,1.076144685034503,-0.40371736256458063,1.7271999783687426,-1.439676889932701,0.40270683635672855,0.744120130791916
486,-0.6068395940051448,0.18462350426545654,-1.4368465008018902,-0.8370425376016775,-0.8370425376016775,1.320557071623579,0.9449108156397621,1.076144685034503,0.2521223216907075,-0.7248429625633434,-0.20845576438112698,-0.34850756679554024,-0.3074442855990108
487,-0.6068395940051448,-0.15573403479697187,0.07885702163666408,-0.840383486951052,-0.840383486951052,0.09373723500751027,0.8890449461329936,1.076144685034503,0.6818973768274733,-0.7248429625633434,-0.9535194553088262,-0.4788805853765745,-0.6678057241958599
488,-0.6068395940051448,-0.9289986021507155,-0.7935409314320433,-0.807312752169532,-0.807312752169532,0.09373723500751027,-1.6803793053813205,-1.8124948439702304,-0.5881691388404056,1.3139595910895183,-2.1861433419008747,0.3403146295423732,0.6581844236507984
489,-0.6068395940051448,-0.9289986021507155,-0.43782619857187843,-0.8398768664515293,-0.8398768664515293,-1.0448078082395797,0.20756547892517188,-0.15084870937381437,0.5550536273266848,-0.7248429625633434,0.9329939034803214,-0.47151719488818405,-0.5930219790501546
490,0.7183483993271397,0.3615206116136514,1.4401497963115393,0.9159315943998012,0.9159315943998012,-1.0448078082395797,0.04874313660608837,-0.15084870937381437,0.7438426401966859,-0.7248429625633434,0.9329939034803214,-0.5178753744634499,-0.7524294358081054
491,2.0029299159217206,0.9192685417372938,-1.0966292409826666,1.6767267057228379,1.6767267057228379,1.1243268228518546,3.4678571218683727,1.076144685034503,-1.7566931155528511,1.785184446210916,-0.20845576438112698,1.9926969348621257,1.832639087912738
492,-1.286883942442633,-0.15573403479697187,0.3835944209246597,0.915486346902558,0.915486346902558,1.320557071623579,1.0475483066312958,1.076144685034503,0.6904482256720662,1.5987739177226339,-0.20845576438112698,-0.4873879520005199,-0.6833310046208455
493,0.06124157283138513,-0.15573403479697187,-0.3564333373946572,0.9147627305262127,0.9147627305262127,1.320557071623579,0.46728304107167085,1.076144685034503,0.6053025251662724,-0.7248429625633434,0.9329939034803214,-0.44111726970303244,-0.5733420461170743
494,-1.286883942442633,-0.6329177148899152,0.545839849894629,-0.8408609273169578,-0.8408609273169578,-0.13990983389503545,0.8249414838544119,1.076144685034503,0.7312053405503459,0.6814901417177249,-1.7567848247092095,-0.5089579465739269,-0.7336241665609398
495,0.06124157283138513,-0.6329177148899152,-0.7935409314320433,-1.6366992917181025,-1.6366992917181025,0.4909489995116716,0.9780989377922841,1.076144685034503,-1.846401007415693,-0.7248429625633434,0.9329939034803214,1.9926969348621257,1.832639087912738
496,-1.286883942442633,1.3137949679419831,-0.890807570747768,0.9053785073246011,0.9053785073246011,-1.0448078082395797,-0.8095527843730773,-1.8124948439702304,-0.2615768336033757,-0.7248429625633434,-0.9535194553088262,-0.07811886691350725,0.19330067458714478
497,0.7183483993271397,0.012210498479343,-1.3189260742195756,-0.2978487346285,-0.2978487346285,1.320557071623579,0.6980601234585849,1.076144685034503,-1.590427861956319,-0.7248429625633434,0.9329939034803214,1.6207331666193194,1.7445167215568338
498,0.7183483993271397,0.012210498479343,0.2063495415004084,-0.8405702528807858,-0.8405702528807858,1.320557071623579,0.6977093684337337,1.076144685034503,0.6621582219775943,-0.7248429625633434,0.9329939034803214,-0.4995624099287924,-0.6881416548933763
499,0.7183483993271397,0.18462350426545654,-1.0966292409826666,1.547388929594531,1.547388929594531,1.320557071623579,0.42974733982588,1.076144685034503,-1.846401007415693,-0.7248429625633434,0.9329939034803214,1.4498526431284995,1.821487125917326
500,0.06124157283138513,0.5429171588792461,0.9587550611015209,0.9158968618349965,0.9158968618349965,1.038108733629151,0.7083669775187678,1.076144685034503,0.7412950317045808,1.785184446210916,-0.20845576438112698,-0.5152621349853578,-0.7476187855355747
501,0.06124157283138513,-0.3192260276226928,1.4970121371563547,-0.8409981540244607,-0.8409981540244607,-1.0448078082395797,-0.39515773930827136,-0.15084870937381437,0.743962544963151,-0.7248429625633434,-0.20845576438112698,-0.5180272250974299,-0.7526481017295841
502,1.3653315772408803,1.9399097183871035,-0.6997805743180253,1.678065580652547,1.678065580652547,0.26271955799420393,0.4211419043210405,1.076144685034503,-1.846401007415693,1.785184446210916,-1.7567848247092095,1.9926969348621257,1.832639087912738
503,-0.6068395940051448,0.3615206116136514,-1.2056037684040617,0.9123711122521654,0.9123711122521654,0.09373723500751027,-0.2672926273850862,-0.15084870937381437,0.4583328704676895,0.6814901417177249,-1.439676889932701,-0.30020937095644373,-0.3426494989570768
504,0.7183483993271397,-0.4782817281967989,-0.12811865571019718,0.9152730606581423,0.9152730606581423,1.320557071623579,0.2710695371826731,1.076144685034503,0.643583527357784,-0.7248429625633434,0.9329939034803214,-0.4738454636861611,-0.6354431678170167
505,-0.6068395940051448,0.7288282052758756,0.545839849894629,0.915788114755639,0.915788114755639,-1.0448078082395797,-0.5517147771381757,-0.15084870937381437,0.723093383369514,-0.7248429625633434,-0.20845576438112698,-0.5079236290081391,-0.7277201866810157
506,-1.286883942442633,-0.3192260276226928,1.4688950491368133,0.9159282207619448,0.9159282207619448,1.320557071623579,0.341465266760372,1.076144685034503,0.7443293592450375,0.6814901417177249,-0.9535194553088262,-0.5175896868429938,-0.7519921039651482
507,0.06124157283138513,-0.7831509112604526,-0.43782619857187843,0.9145077945505016,0.9145077945505016,-1.0448078082395797,0.0811511321499714,-0.15084870937381437,0.5329385032123354,-0.7248429625633434,0.9329939034803214,-0.43110599845435826,-0.5328888506435202
508,0.7183483993271397,-0.6329177148899152,0.545839849894629,-0.8408476091835341,-0.8408476091835341,0.4909489995116716,0.5120569276472684,1.076144685034503,0.7281100851451058,-0.7248429625633434,-0.20845576438112698,-0.508399209005597,-0.7316561732676318
509,-1.286883942442633,0.7288282052758756,0.596896846148679,-0.8408733379448348,-0.8408733379448348,-1.0448078082395797,-1.3811047227589535,-0.15084870937381437,0.731165641389986,-0.7248429625633434,-0.20845576438112698,-0.5098843440042724,-0.7358108257757264
510,-1.9800534317272407,-0.9289986021507155,-0.43782619857187843,-0.8399691119222149,-0.8399691119222149,0.09373723500751027,-0.3852848109389509,-1.4725913637312629,0.5855255803963896,0.6814901417177249,-0.20845576438112698,-0.4613186864168548,-0.6102965868469695
511,0.06124157283138513,-0.15573403479697187,-0.3564333373946572,0.9147842869673306,0.9147842869673306,0.4909489995116716,0.6564963625942686,1.076144685034503,0.6263126673292059,0.6814901417177249,0.9329939034803214,-0.438382542730508,-0.5834006785050931
512,-0.6068395940051448,1.5179093872656781,0.998857091486796,-0.840950985807193,-0.840950985807193,0.4909489995116716,0.047988646518200194,-0.15084870937381437,0.7378169968652357,-0.7248429625633434,-0.9535194553088262,-0.5153025344206189,-0.7458694581637453
513,1.3653315772408803,0.5429171588792461,1.1132717912815746,0.9159133998804515,0.9159133998804515,1.320557071623579,0.7957932776207967,1.076144685034503,0.7411882725090534,-0.7248429625633434,0.9329939034803214,-0.5166614597964717,-0.749368112907404
514,-1.286883942442633,-0.3192260276226928,0.4392511878890075,0.9157779606323847,0.9157779606323847,0.09373723500751027,-0.006440031147234443,-0.15084870937381437,0.7276634736126862,0.6814901417177249,-1.439676889932701,-0.5067117154404012,-0.7283761844454517
515,1.3653315772408803,0.9192685417372938,1.4970121371563547,0.9159307288575445,0.9159307288575445,1.320557071623579,0.6194621062702956,1.076144685034503,0.7436974289230129,-0.7248429625633434,0.9329939034803214,-0.5178391392195895,-0.7519921039651482
516,-1.286883942442633,-0.7831509112604526,1.4401497963115393,-0.8409942444506673,-0.8409942444506673,-1.0448078082395797,-0.3341545869299223,-0.15084870937381437,0.7427423295059954,-0.7248429625633434,0.9329939034803214,-0.5179862095328727,-0.7517734380436695
517,0.06124157283138513,0.012210498479343,-1.4368465008018902,0.9119954986871915,0.9119954986871915,1.320557071623579,0.3879891524267394,1.076144685034503,0.19970035438725717,-0.7248429625633434,0.9329939034803214,-0.3044941592729669,-0.17646339863328717
518,-1.9800534317272407,-2.249244431821159,0.596896846148679,-0.8408039210073546,-0.8408039210073546,-1.0448078082395797,-1.9275914676236738,-2.033915903450334,0.6989313512101897,-0.7248429625633434,-1.9635529920028896,-0.5095346804433091,-0.7250961956232717
519,0.06124157283138513,-1.3404072818833723,1.2532996212525496,-0.840976025098945,-0.840976025098945,1.320557071623579,0.532259570117881,1.076144685034503,0.7405377017544555,-0.7248429625633434,0.9329939034803214,-0.5169300447536446,-0.749368112907404
520,0.06124157283138513,-0.7831509112604526,-0.43782619857187843,0.9144135429376284,0.9144135429376284,-1.0448078082395797,0.045100649638810594,-0.95099059778028,0.4502364934852707,-0.7248429625633434,0.9329939034803214,-0.4265545190378081,-0.4736303859228005
521,0.7183483993271397,0.012210498479343,-0.890807570747768,1.678065580652547,1.678065580652547,0.9585687599127407,0.30500083206674244,1.076144685034503,-1.846401007415693,1.785184446210916,-0.9535194553088262,1.9926969348621257,1.832639087912738
522,1.3653315772408803,-0.7831509112604526,-0.609349805834491,-0.5934893344899788,-0.5934893344899788,1.320557071623579,0.38834875104775274,1.076144685034503,-1.5451832915328207,-0.7248429625633434,0.9329939034803214,0.6542433643637795,1.4243898125120602
523,0.06124157283138513,-0.6329177148899152,0.545839849894629,-0.8408454353037972,-0.8408454353037972,-1.0448078082395797,-0.14875397441301896,-0.15084870937381437,0.7259271834253792,-0.7248429625633434,-0.9535194553088262,-0.5089318146129812,-0.7312188414246744
524,0.7183483993271397,0.012210498479343,0.2063495415004084,-0.8404807755979122,-0.8404807755979122,0.4909489995116716,-0.4190764489586088,-0.95099059778028,0.6818146993731293,1.785184446210916,-1.439676889932701,-0.48482111303061415,-0.6802696817201441
525,-1.9800534317272407,-0.9289986021507155,-0.9917695249306604,-1.6114271687266721,-1.6114271687266721,-1.0448078082395797,-0.11046591714428083,-1.4725913637312629,-1.846401007415693,-0.7248429625633434,0.9329939034803214,1.9926969348621257,1.832639087912738
526,0.7183483993271397,0.3615206116136514,-0.3564333373946572,0.9151003820138952,0.9151003820138952,0.7407771274566298,0.02172221336293485,-0.15084870937381437,0.6470794789246979,1.785184446210916,-0.9535194553088262,-0.46064656485873906,-0.635224501895538
527,0.7183483993271397,0.9192685417372938,-1.0966292409826666,0.9132000631835998,0.9132000631835998,1.320557071623579,0.31508035786238875,1.076144685034503,0.43221489824135323,-0.7248429625633434,0.9329939034803214,-0.349580510182686,-0.3671400821626879
528,0.06124157283138513,-1.3404072818833723,0.3835944209246597,-0.8406917866879957,-0.8406917866879957,-1.0448078082395797,-1.502694079881242,-1.4725913637312629,0.6924098828534488,-0.7248429625633434,-0.20845576438112698,-0.503711840506847,-0.7071655900620206
529,0.06124157283138513,-0.15573403479697187,-0.7935409314320433,0.7645548733628247,0.7645548733628247,0.4909489995116716,-0.19529397776506482,-0.15084870937381437,-1.512475977303921,-0.7248429625633434,-0.20845576438112698,0.8338773991404718,1.4429764158377472
530,1.3653315772408803,1.3137949679419831,-0.5220832969519151,0.8764221279772475,0.8764221279772475,0.6935969792628359,0.5564234037719663,1.076144685034503,-0.39190448764449,1.785184446210916,-0.9535194553088262,0.47334482275820294,0.7530854335725414
531,0.7183483993271397,-0.7831509112604526,-0.43782619857187843,0.9142359784697165,0.9142359784697165,-1.0448078082395797,0.106749386268194,-0.95099059778028,0.44404595065103775,-0.7248429625633434,0.9329939034803214,-0.4189496139649684,-0.49309165293440216
532,0.06124157283138513,0.5429171588792461,-0.890807570747768,0.9138814407568663,0.9138814407568663,-1.0448078082395797,-0.011185590233743782,-0.95099059778028,0.4089800433583204,-0.7248429625633434,-0.20845576438112698,-0.39501549492068894,-0.4522011256178907
533,0.7183483993271397,0.5429171588792461,0.07885702163666408,0.9154043124882577,0.9154043124882577,-1.0448078082395797,-1.216476026467209,-0.95099059778028,0.6688457648703947,-0.7248429625633434,-0.20845576438112698,-0.4819734069115551,-0.6649630672166372
534,-2.687730675127689,-2.249244431821159,0.596896846148679,-0.840792115721241,-0.840792115721241,-1.0448078082395797,-1.562491504123876,-2.372772166407589,0.7000671758776654,-0.7248429625633434,-2.098327074688957,-0.5064951836405114,-0.7242215319373569
535,-0.6068395940051448,1.5179093872656781,0.998857091486796,0.9158811220898189,0.9158811220898189,-0.13990983389503545,-0.3362869739505469,-0.15084870937381437,0.7385652231442832,0.6814901417177249,-1.439676889932701,-0.5142790249112364,-0.7443387967133946
536,1.3653315772408803,0.3615206116136514,-0.20170368517362758,-0.8402269539769592,-0.8402269539769592,-1.0448078082395797,-0.8803703444061171,-0.15084870937381437,0.6013975028562741,-0.7248429625633434,0.9329939034803214,-0.4826989346502254,-0.6409098158539834
537,0.7183483993271397,0.012210498479343,0.7418039216564859,0.91581812447798,0.91581812447798,-1.0448078082395797,-0.07133361444321715,-0.15084870937381437,0.7278799968014958,-0.7248429625633434,0.9329939034803214,-0.5099292799017893,-0.7347174961683332
538,0.7183483993271397,0.5429171588792461,-0.5220832969519151,-0.6436314994761784,-0.6436314994761784,1.320557071623579,0.5084952745367197,1.076144685034503,-1.570894706286676,-0.7248429625633434,0.9329939034803214,0.5340190349652579,1.381312625980762
539,0.06124157283138513,-1.3404072818833723,0.3835944209246597,-0.840694863315608,-0.840694863315608,0.26271955799420393,-0.9418215583608652,-0.95099059778028,0.7182542322831977,1.785184446210916,-2.098327074688957,-0.4966135618265598,-0.710882910727158
540,-0.6068395940051448,0.7288282052758756,0.596896846148679,-0.840877889959231,-0.840877889959231,-1.0448078082395797,-0.42606909211161725,-0.15084870937381437,0.7240009118620314,-0.7248429625633434,0.9329939034803214,-0.5118561938584085,-0.7344988302468545
541,0.7183483993271397,0.012210498479343,0.7875256792227042,0.9158649237045526,0.9158649237045526,0.8166034983614915,1.8896216272395479,1.076144685034503,0.739699268480719,1.7271999783687426,-0.20845576438112698,-0.5129402550699667,-0.7428081352630439
542,-1.9800534317272407,-0.7831509112604526,-1.3189260742195756,-1.6366890867747494,-1.6366890867747494,-1.0448078082395797,-1.860591613979806,-0.95099059778028,-1.846401007415693,-0.7248429625633434,-0.20845576438112698,1.9926969348621257,1.832639087912738
543,1.3653315772408803,1.5179093872656781,1.1495589434580107,0.9159135529546429,0.9159135529546429,1.320557071623579,0.6989690665093727,1.076144685034503,0.7404470923761733,-0.7248429625633434,0.9329939034803214,-0.5166732801695794,-0.7489307810644468
544,0.06124157283138513,-0.15573403479697187,-0.7935409314320433,0.7406587759506955,0.7406587759506955,-1.0448078082395797,-0.7645281520118871,-0.15084870937381437,-1.592483627825465,-0.7248429625633434,-0.20845576438112698,0.9177306795129286,1.5278187933714713
545,-0.6068395940051448,-0.3192260276226928,-0.9917695249306604,0.8885670003786871,0.8885670003786871,0.4909489995116716,0.46749885694103416,1.076144685034503,-0.45302363442667276,-0.7248429625633434,-0.20845576438112698,0.31341192644379934,0.6365364974244101
546,0.7183483993271397,0.7288282052758756,0.998857091486796,0.9159092996859343,0.9159092996859343,-1.0448078082395797,-0.9643299395280732,-0.15084870937381437,0.7405059057998749,-0.7248429625633434,0.9329939034803214,-0.5164098950113373,-0.7487121151429681
547,0.7183483993271397,0.7288282052758756,0.8753852376569202,-0.8409296902732453,-0.8409296902732453,0.8166034983614915,1.2619755605895975,1.076144685034503,0.7396284511042088,1.785184446210916,-1.439676889932701,-0.5133530709104386,-0.7432454671060013
548,1.3653315772408803,-0.3192260276226928,1.4688950491368133,-0.8410012100675203,-0.8410012100675203,1.320557071623579,0.3878389655140067,1.076144685034503,0.74456926960266,-0.7248429625633434,0.9329939034803214,-0.5181335416767731,-0.7530854335725414
549,2.0029299159217206,1.3137949679419831,-0.890807570747768,-0.8303701543092646,-0.8303701543092646,0.4909489995116716,1.5884249157734252,1.076144685034503,-0.01073276900680656,0.6814901417177249,-0.20845576438112698,-0.1304769452781284,0.12660756853615027
550,0.7183483993271397,-0.3192260276226928,-1.0966292409826666,-0.8377780239770776,-0.8377780239770776,0.4909489995116716,-0.48039510304312494,-0.15084870937381437,0.38849720460767667,0.6814901417177249,-0.9535194553088262,-0.35742769103288846,-0.39359865866160704
551,-0.6068395940051448,0.3615206116136514,-0.609349805834491,-1.636698928159488,-1.636698928159488,1.320557071623579,0.3383857786227796,1.076144685034503,-1.846401007415693,-0.7248429625633434,0.9329939034803214,1.9926969348621257,1.832639087912738
552,-1.9800534317272407,-0.7831509112604526,-1.3189260742195756,-1.6366930143681426,-1.6366930143681426,-1.0448078082395797,-0.28205742263715766,-0.95099059778028,-1.846401007415693,-0.7248429625633434,0.9329939034803214,1.9926969348621257,1.832639087912738
553,-0.6068395940051448,0.18462350426545654,-1.4368465008018902,-0.837200536186547,-0.837200536186547,1.320557071623579,1.97447037597373,1.076144685034503,0.4547873582551457,1.785184446210916,0.9329939034803214,-0.30811746785384303,-0.3323722006475793
554,0.06124157283138513,0.18462350426545654,-1.4368465008018902,-0.8369934202476121,-0.8369934202476121,0.4909489995116716,-0.20249258335122106,-0.15084870937381437,0.3580035400306221,0.6814901417177249,-0.9535194553088262,-0.3219398659948158,-0.31684692022259364
555,-1.9800534317272407,-1.0704784509706757,-1.2056037684040617,0.7483730852574779,0.7483730852574779,-1.0448078082395797,-2.1007958901688966,-2.033915903450334,-1.7341658832407503,-0.7248429625633434,-2.098327074688957,1.623058451897043,1.6920369004019529
556,0.06124157283138513,0.5429171588792461,-0.890807570747768,-0.8386667052187234,-0.8386667052187234,0.4909489995116716,-0.2781767772745483,-0.15084870937381437,0.4670152339924367,-0.7248429625633434,-0.20845576438112698,-0.41672481428622904,-0.4699130652576631
557,-0.6068395940051448,-0.3192260276226928,-1.0966292409826666,-0.838308363048545,-0.838308363048545,-1.0448078082395797,-1.2646336840591386,-0.95099059778028,0.48038105807821535,0.6814901417177249,-0.9535194553088262,-0.36900023058084247,-0.43383318821368244
558,0.06124157283138513,0.012210498479343,0.7418039216564859,0.9158277485496296,0.9158277485496296,-0.13990983389503545,-2.247435598249933,-0.95099059778028,0.7255126717724895,0.6814901417177249,-1.439676889932701,-0.5107910562357028,-0.7360294916972051
559,-0.6068395940051448,-0.4782817281967989,0.32627356367831745,0.9156432802529536,0.9156432802529536,0.09373723500751027,0.5368902031982284,1.076144685034503,0.7185915478272704,1.785184446210916,-1.439676889932701,-0.49693821347204803,-0.7124135721775088
560,0.06124157283138513,-0.7831509112604526,-1.3189260742195756,-1.6289838547646003,-1.6289838547646003,-1.0448078082395797,-1.2829483239891275,-1.4725913637312629,-1.846401007415693,-0.7248429625633434,0.9329939034803214,1.9926969348621257,1.832639087912738
561,0.7183483993271397,-0.3192260276226928,1.4688950491368133,0.9159290644363145,0.9159290644363145,0.09373723500751027,0.8700930359218887,1.076144685034503,0.7442282854222335,1.785184446210916,-0.9535194553088262,-0.5176662579068698,-0.7522107698866268
562,0.06124157283138513,1.9399097183871035,0.9587550611015209,-0.8409389909544178,-0.8409389909544178,1.320557071623579,0.2254874697492354,1.076144685034503,0.7369903560274009,-0.7248429625633434,0.9329939034803214,-0.5145647725664078,-0.7443387967133946
563,-0.6068395940051448,-2.249244431821159,0.596896846148679,-0.840770352354434,-0.840770352354434,0.8166034983614915,0.9951245914703836,1.076144685034503,0.7190311252834543,1.3139595910895183,-0.20845576438112698,-0.5038015877480966,-0.7209415431151769
564,-0.6068395940051448,-1.3404072818833723,1.2532996212525496,-0.8409794110041976,-0.8409794110041976,-1.0448078082395797,-1.0870324139548855,-1.4725913637312629,0.7396573562845834,-0.7248429625633434,0.9329939034803214,-0.5172889486549785,-0.7495867788288827
565,0.7183483993271397,0.7288282052758756,0.596896846148679,-0.840893706251855,-0.840893706251855,1.320557071623579,0.7661265973387358,1.076144685034503,0.7212256294978928,-0.7248429625633434,0.9329939034803214,-0.5130664315294319,-0.7371228213045985
566,1.3653315772408803,0.3615206116136514,-1.2056037684040617,0.9130079574979251,0.9130079574979251,1.320557071623579,0.6977245147344877,1.076144685034503,0.41973337888093537,-0.7248429625633434,0.9329939034803214,-0.3472652841438791,-0.3404628397422901
567,0.06124157283138513,-0.3192260276226928,1.2532996212525496,-0.8409846694027127,-0.8409846694027127,1.320557071623579,0.607808654600205,1.076144685034503,0.7423656487169775,-0.7248429625633434,0.9329939034803214,-0.5172446331277742,-0.7506801084362761
568,1.3653315772408803,-2.249244431821159,0.596896846148679,-0.840835469835264,-0.840835469835264,0.4909489995116716,1.3696555862201656,1.076144685034503,0.7241716847066451,-0.7248429625633434,-0.20845576438112698,-0.5089546171327399,-0.7288135162884091
569,-0.6068395940051448,-0.9289986021507155,-0.9917695249306604,-1.6221067142700867,-1.6221067142700867,-1.0448078082395797,-1.4477767338811611,-0.95099059778028,-1.8224763780367539,-0.7248429625633434,-2.098327074688957,1.9926969348621257,1.832639087912738
570,0.06124157283138513,-0.9289986021507155,-0.9917695249306604,-1.6209903112739903,-1.6209903112739903,-1.0448078082395797,-0.6474062652265937,-1.4725913637312629,-1.846401007415693,-0.7248429625633434,0.9329939034803214,1.9926969348621257,1.832639087912738
571,2.0029299159217206,1.3137949679419831,-0.890807570747768,-0.8307063567115408,-0.8307063567115408,1.320557071623579,1.9265340574251317,1.076144685034503,0.03335755027150461,1.785184446210916,0.9329939034803214,-0.11837499326049206,0.10233565125201782
572,0.06124157283138513,1.3137949679419831,-0.5220832969519151,0.8592353161118523,0.8592353161118523,0.4909489995116716,-0.5192035679686768,-0.15084870937381437,-0.8507220832820107,0.6814901417177249,-0.20845576438112698,0.5933233187923516,0.9735006824230414
573,-1.9800534317272407,-0.9289986021507155,-0.9917695249306604,-1.621718668704398,-1.621718668704398,-1.0448078082395797,0.02072160598378649,-0.95099059778028,-1.846401007415693,-0.7248429625633434,0.9329939034803214,1.9926969348621257,1.832639087912738
574,-1.286883942442633,0.3615206116136514,0.8320378128213087,0.9158560188465599,0.9158560188465599,1.320557071623579,0.5796372581373047,1.076144685034503,0.7317611389165111,-0.7248429625633434,0.9329939034803214,-0.5126360821106039,-0.7373414872260772
575,0.06124157283138513,0.7288282052758756,0.8753852376569202,-0.8409280173134347,-0.8409280173134347,0.4909489995116716,-0.745951883024316,-0.15084870937381437,0.7368403787228692,-0.7248429625633434,0.9329939034803214,-0.5134086503685455,-0.7428081352630439
576,-0.6068395940051448,0.012210498479343,0.7418039216564859,0.915837042449582,0.915837042449582,1.320557071623579,0.2724935978619063,1.076144685034503,0.7257156281154794,-0.7248429625633434,0.9329939034803214,-0.5114823837926463,-0.7353734939327692
577,1.3653315772408803,0.18462350426545654,1.4970121371563547,-0.841003188778827,-0.841003188778827,-0.13990983389503545,-0.6383077135282079,-0.15084870937381437,0.7449127442515491,0.6814901417177249,-1.7567848247092095,-0.5182266580579039,-0.7533040994940201
578,0.7183483993271397,0.9192685417372938,-1.0966292409826666,0.9135239545750589,0.9135239545750589,0.4909489995116716,1.1497969667074175,1.076144685034503,0.47574948335139744,1.3139595910895183,-0.20845576438112698,-0.3678329998053739,-0.40300129328518985
579,-0.6068395940051448,-1.3404072818833723,-0.7935409314320433,-1.6366992917306165,-1.6366992917306165,-1.0448078082395797,-0.06265794856143993,-0.95099059778028,-1.846401007415693,-0.7248429625633434,0.9329939034803214,-1.1972140216297238,1.832639087912738
580,0.06124157283138513,0.3615206116136514,-0.6997805743180253,-0.8389016530355957,-0.8389016530355957,-1.0448078082395797,-0.17877423197249087,-0.95099059778028,0.45358669034886945,0.6814901417177249,-0.20845576438112698,-0.4302639200076465,-0.48412635015377664
581,0.06124157283138513,-0.9289986021507155,-0.43782619857187843,-0.8398807541814799,-0.8398807541814799,0.4909489995116716,-0.4446073252385444,-0.15084870937381437,0.6342929666343294,-0.7248429625633434,-0.20845576438112698,-0.4487387189459669,-0.6043926069670454
582,0.7183483993271397,0.18462350426545654,-0.6997805743180253,1.6780655805927667,1.6780655805927667,0.6935969792628359,0.9094213861272553,1.076144685034503,-1.846401007415693,1.5987739177226339,-1.439676889932701,1.9926969348621257,1.832639087912738
583,0.06124157283138513,0.5429171588792461,1.1132717912815746,0.9159098234488118,0.9159098234488118,-1.0448078082395797,0.06640629794939996,-0.95099059778028,0.7400590381426714,-0.7248429625633434,-0.20845576438112698,-0.5163682380104353,-0.7480561173785321
584,0.7183483993271397,1.3137949679419831,0.4392511878890075,0.9156039785537403,0.9156039785537403,-1.0448078082395797,-0.5068985690985004,-0.15084870937381437,0.6875783400563249,-0.7248429625633434,0.9329939034803214,-0.49633200040216935,-0.6938269688518217
585,0.06124157283138513,-0.3192260276226928,1.2532996212525496,-0.8409846693487778,-0.8409846693487778,0.09373723500751027,-0.04520509342338031,-0.15084870937381437,0.7435689139386658,1.5987739177226339,-1.439676889932701,-0.5168531553354414,-0.7506801084362761
586,0.06124157283138513,-0.15573403479697187,1.2532996212525496,0.915923323724231,0.915923323724231,-1.0448078082395797,-0.6515933037585797,-1.4725913637312629,0.7419006059147505,-0.7248429625633434,0.9329939034803214,-0.5173442015200627,-0.7506801084362761
587,1.3653315772408803,1.1142527011407997,1.5245203634479854,0.9159365218241753,0.9159365218241753,1.038108733629151,0.9812377473205086,1.076144685034503,0.7449988933990161,1.7271999783687426,-0.20845576438112698,-0.5182174276943504,-0.7533040994940201
588,0.06124157283138513,-0.15573403479697187,0.3835944209246597,0.9155120555284653,0.9155120555284653,0.09373723500751027,0.09099918092119842,-0.15084870937381437,0.7074783288995786,0.6814901417177249,-1.7567848247092095,-0.4874715415293381,-0.6942643006947791
589,0.06124157283138513,-1.3404072818833723,1.2532996212525496,-0.8409780340514468,-0.8409780340514468,-1.0448078082395797,0.15803093918444425,-0.15084870937381437,0.7408231549739344,-0.7248429625633434,0.9329939034803214,-0.5169483808574425,-0.7495867788288827
590,0.06124157283138513,0.012210498479343,0.2063495415004084,-0.8405024148340153,-0.8405024148340153,-1.0448078082395797,-1.0661030978834503,-1.4725913637312629,0.6726155650550734,-0.7248429625633434,-1.439676889932701,-0.48793153238492015,-0.6837683364638029
591,-1.286883942442633,-1.3404072818833723,-0.7935409314320433,-1.6366992917306165,-1.6366992917306165,-1.0448078082395797,-0.8328847354796195,-0.95099059778028,-1.846401007415693,-0.7248429625633434,-0.20845576438112698,1.9926969348621257,1.832639087912738
592,-1.9800534317272407,-1.9401103544135405,-1.4368465008018902,0.9033652763952225,0.9033652763952225,0.4909489995116716,-0.432060068505461,-0.15084870937381437,-0.21781282598518192,-0.7248429625633434,-1.439676889932701,0.016569421175686952,0.19198867905827277
593,1.3653315772408803,0.3615206116136514,-0.20170368517362758,-0.8400877836565732,-0.8400877836565732,1.038108733629151,2.713081027356177,1.076144685034503,0.6786198454852124,1.7271999783687426,-0.20845576438112698,-0.4581097384145195,-0.632600510837794
594,-1.9800534317272407,-1.9401103544135405,-1.4368465008018902,0.9027788502243634,0.9027788502243634,0.09373723500751027,-1.2877402489533205,-1.8124948439702304,-0.19623138257765818,0.6814901417177249,-2.098327074688957,0.05304130203453132,0.24534316389906838
595,0.7183483993271397,0.3615206116136514,1.4401497963115393,0.9159320213425792,0.9159320213425792,1.320557071623579,1.19976179715495,1.076144685034503,0.7445783938252017,1.785184446210916,0.9329939034803214,-0.5178758724004865,-0.7526481017295841
596,-0.6068395940051448,-0.9289986021507155,-0.7935409314320433,-0.8096336195667677,-0.8096336195667677,-1.0448078082395797,-0.3650176292328747,-0.95099059778028,-0.9453909687290248,-0.7248429625633434,0.9329939034803214,0.11689574739971952,0.6745843677616987
597,1.3653315772408803,-0.15573403479697187,0.6948253554831438,-0.8408918205137726,-0.8408918205137726,-1.0448078082395797,-0.7293141208155762,-0.15084870937381437,0.7207416107237871,-0.7248429625633434,0.9329939034803214,-0.5132001557465873,-0.7364668235401625
598,0.06124157283138513,0.3615206116136514,0.9587550611015209,-0.8409620554120756,-0.8409620554120756,1.320557071623579,1.0292885686558035,1.076144685034503,0.7358627709668529,-0.7248429625633434,0.9329939034803214,-0.5166593902152458,-0.7469627877711387
599,0.06124157283138513,1.5179093872656781,1.5245203634479854,-0.841002632621973,-0.841002632621973,0.09373723500751027,-1.1134171790655296,-0.95099059778028,0.7449043217963556,0.6814901417177249,-0.9535194553088262,-0.5181685338509256,-0.7533040994940201
600,-0.6068395940051448,1.3137949679419831,-0.890807570747768,0.9048247722979149,0.9048247722979149,-0.2938917744093084,-0.7371466204135398,-1.4725913637312629,-0.14573264456940033,0.6814901417177249,-1.7567848247092095,-0.020450699275951084,0.17187141428223507
601,-0.6068395940051448,0.3615206116136514,0.8320378128213087,0.9158508672983441,0.9158508672983441,-1.0448078082395797,-0.016981355658582033,-0.15084870937381437,0.7342267212023388,-0.7248429625633434,-0.20845576438112698,-0.5120876088795231,-0.7388721486764279
602,0.06124157283138513,1.7266097734938175,-1.0966292409826666,-0.8331024769798089,-0.8331024769798089,0.09373723500751027,0.05410776917650032,-0.15084870937381437,0.10555264085745916,1.7271999783687426,-1.439676889932701,-0.19363051819235963,-0.039141199944682036
603,-1.9800534317272407,-1.3404072818833723,1.2532996212525496,-0.8409812590964945,-0.8409812590964945,-1.0448078082395797,0.10555427155215401,-0.15084870937381437,0.7422248790680864,-0.7248429625633434,0.9329939034803214,-0.5169178458176822,-0.7502427765933187
604,1.3653315772408803,0.3615206116136514,1.4688950491368133,-0.8409923992978818,-0.8409923992978818,0.8166034983614915,1.9174732403913368,1.076144685034503,0.7444471361325476,1.785184446210916,-0.20845576438112698,-0.5174266277589481,-0.7517734380436695
605,0.06124157283138513,0.18462350426545654,1.4970121371563547,-0.8410033216795647,-0.8410033216795647,-1.0448078082395797,0.13231797644695073,-0.95099059778028,0.7447966602438312,-0.7248429625633434,0.9329939034803214,-0.5182508783285775,-0.7533040994940201
606,0.7183483993271397,-2.249244431821159,0.596896846148679,-0.8408401659620156,-0.8408401659620156,-1.0448078082395797,-0.7684460325528962,-0.95099059778028,0.7159512130882942,-0.7248429625633434,0.9329939034803214,-0.5114773516529119,-0.729469514052845
607,0.7183483993271397,0.012210498479343,0.7875256792227042,0.9158641490982241,0.9158641490982241,1.320557071623579,0.3584325891718683,1.076144685034503,0.7376530306045093,0.6814901417177249,0.9329939034803214,-0.5130598954974829,-0.7423708034200865
608,-0.6068395940051448,-0.6329177148899152,0.545839849894629,-0.8408644106033432,-0.8408644106033432,-1.0448078082395797,-0.4191443058096725,-1.4725913637312629,0.7175802400350697,-0.7248429625633434,0.9329939034803214,-0.5128839872462356,-0.7325308369535464
609,-1.9800534317272407,-0.6329177148899152,0.545839849894629,-0.8408693377185527,-0.8408693377185527,-1.0448078082395797,0.1990805496904838,-0.95099059778028,0.7208642519735678,-0.7248429625633434,-0.20845576438112698,-0.512309577940498,-0.7336241665609398
610,1.3653315772408803,0.7288282052758756,0.545839849894629,0.9157959197945902,0.9157959197945902,1.320557071623579,2.7298971529291447,1.076144685034503,0.7313810177092799,1.5987739177226339,0.9329939034803214,-0.5081188314157349,-0.7320935051105891
611,-1.9800534317272407,-1.9401103544135405,-1.4368465008018902,0.9025915150253169,0.9025915150253169,-1.0448078082395797,-1.4163243507651124,-0.95099059778028,-0.21579241133205362,-0.7248429625633434,-2.098327074688957,0.03538297915282418,0.2599937806381393
612,1.3653315772408803,0.18462350426545654,-1.0966292409826666,-0.8173855036658669,-0.8173855036658669,-1.0448078082395797,0.10853409647051471,-0.15084870937381437,-0.5420804548746034,-0.7248429625633434,0.9329939034803214,-0.0029744386731051305,0.5285155322139468
613,-0.6068395940051448,-0.9289986021507155,-0.43782619857187843,-0.8398935633974614,-0.8398935633974614,-0.13990983389503545,-0.13284706991935213,-0.15084870937381437,0.6535066771565976,1.5987739177226339,-1.7567848247092095,-0.44968454488944987,-0.6102965868469695
614,0.7183483993271397,-0.7831509112604526,-0.609349805834491,-0.5446773102801943,-0.5446773102801943,0.4909489995116716,-0.7000426797236688,-0.15084870937381437,-1.4784637871776125,1.7271999783687426,-0.20845576438112698,0.8997111984906374,1.4189231644750933
615,0.7183483993271397,0.3615206116136514,-0.6997805743180253,-0.8388245391628544,-0.8388245391628544,0.6935969792628359,1.6529493125081234,1.076144685034503,0.5460727683650288,1.5987739177226339,-0.20845576438112698,-0.3898538905138085,-0.4889370004263074
616,-1.286883942442633,-0.3192260276226928,0.4392511878890075,0.9157826182849497,0.9157826182849497,0.4909489995116716,-1.157111323188942,-0.15084870937381437,0.7280766790999167,-0.7248429625633434,-1.439676889932701,-0.5071427385203459,-0.7303441777387597
617,0.7183483993271397,0.3615206116136514,0.9587550611015209,-0.8409442968483428,-0.8409442968483428,-1.0448078082395797,0.1384961716755739,-0.15084870937381437,0.7346770048917141,-0.7248429625633434,0.9329939034803214,-0.5153297871570464,-0.744776128556352
618,-0.6068395940051448,-1.207608518291043,-1.2056037684040617,0.9105930343361974,0.9105930343361974,-1.0448078082395797,-1.5694722425770977,-2.033915903450334,0.16367419709447503,-0.7248429625633434,-0.20845576438112698,-0.22519311718089083,-0.16618610032378964
619,-1.286883942442633,-1.3404072818833723,-0.7935409314320433,-1.6366992917306165,-1.6366992917306165,-1.0448078082395797,-0.10413044907615064,-0.15084870937381437,-1.846401007415693,-0.7248429625633434,0.9329939034803214,-0.09694032757273732,1.832639087912738
620,0.7183483993271397,-0.15573403479697187,-0.3564333373946572,0.9146525030940795,0.9146525030940795,1.320557071623579,1.0528067357489244,1.076144685034503,0.5706232423831499,1.3139595910895183,0.9329939034803214,-0.43228215980219037,-0.5635020796505341
621,-1.286883942442633,-1.207608518291043,-1.2056037684040617,0.9110657034432432,0.9110657034432432,-1.0448078082395797,-2.0818072057520003,-1.8124948439702304,0.12943918024199252,-0.7248429625633434,-0.20845576438112698,-0.25429975429671614,-0.16990342098892702
622,0.06124157283138513,0.9192685417372938,0.8320378128213087,0.9158660348255803,0.9158660348255803,1.320557071623579,0.356082383863877,1.076144685034503,0.7320740535680177,-0.7248429625633434,0.9329939034803214,-0.5134556260211238,-0.7401841442052999
623,0.7183483993271397,0.18462350426545654,1.2532996212525496,-0.8409889356372889,-0.8409889356372889,0.4909489995116716,-0.008156850951609581,-0.15084870937381437,0.7434233405814009,1.785184446210916,-1.439676889932701,-0.5173300221685054,-0.7513361062007121
624,0.06124157283138513,0.18462350426545654,1.2532996212525496,-0.8409907625983553,-0.8409907625983553,0.6935969792628359,2.085490198360771,1.076144685034503,0.7442378963239674,1.7271999783687426,-0.9535194553088262,-0.5173694546172719,-0.7515547721221908
625,0.06124157283138513,1.1142527011407997,1.5245203634479854,0.9159361334310964,0.9159361334310964,1.320557071623579,0.7839374319189414,1.076144685034503,0.7447756282060839,-0.7248429625633434,0.9329939034803214,-0.5182092569244031,-0.7530854335725414
626,0.06124157283138513,0.5429171588792461,0.07885702163666408,0.9153694020809598,0.9153694020809598,0.09373723500751027,-0.33296543883957824,-0.15084870937381437,0.6867260321238849,0.6814901417177249,-0.9535194553088262,-0.47939130483659764,-0.6667123945884665
627,0.7183483993271397,0.18462350426545654,1.4970121371563547,-0.8410031218780655,-0.8410031218780655,0.4909489995116716,-1.6452989393519797,-0.95099059778028,0.7448277581927168,1.3139595910895183,-0.9535194553088262,-0.5182175694902994,-0.7533040994940201
628,-0.6068395940051448,-0.4782817281967989,-0.12811865571019718,0.9153614183596553,0.9153614183596553,-1.0448078082395797,0.15122846257354794,-0.15084870937381437,0.6731090774777415,-0.7248429625633434,0.9329939034803214,-0.48008629006158526,-0.6540297711427037
629,1.3653315772408803,-0.15573403479697187,1.3499397660754524,-0.8410002729239654,-0.8410002729239654,1.320557071623579,0.8618432306992446,1.076144685034503,0.7447638980315641,1.5987739177226339,0.9329939034803214,-0.5180123479248679,-0.7528667676510628
630,0.06124157283138513,1.5179093872656781,1.5245203634479854,-0.8410026716247283,-0.8410026716247283,-1.0448078082395797,-0.7442473232889848,-0.15084870937381437,0.7448525999931984,0.6814901417177249,-0.20845576438112698,-0.5181898076928578,-0.7533040994940201
631,-0.6068395940051448,0.5429171588792461,0.9587550611015209,0.9158927620731736,0.9158927620731736,-1.0448078082395797,-2.0299376731066863,-1.4725913637312629,0.7367176944270419,-0.7248429625633434,-0.20845576438112698,-0.5151254703881236,-0.7456507922422667
632,0.06124157283138513,0.9192685417372938,-0.609349805834491,-0.8393038885600969,-0.8393038885600969,-1.0448078082395797,-0.0339367845430622,-0.95099059778028,0.4722733959505252,0.6814901417177249,0.9329939034803214,-0.43620625051079226,-0.5317955210361268
633,0.06124157283138513,0.18462350426545654,-0.6997805743180253,1.6780655804377373,1.6780655804377373,-1.0448078082395797,-1.3775398472827727,-0.15084870937381437,-1.846401007415693,-0.7248429625633434,-0.20845576438112698,1.9926969348621257,1.832639087912738
634,0.06124157283138513,1.3137949679419831,0.4392511878890075,0.9156316583589367,0.9156316583589367,-1.0448078082395797,-0.9395617688300287,-1.8124948439702304,0.6888279776249362,-0.7248429625633434,0.9329939034803214,-0.4970052221911711,-0.7021362738680113
635,0.06124157283138513,-0.15573403479697187,-0.3564333373946572,0.9144926997659727,0.9144926997659727,-1.0448078082395797,-1.006767650400193,-0.95099059778028,0.5074834120773138,-0.7248429625633434,-0.20845576438112698,-0.4264649070571708,-0.521736888648108
636,0.7183483993271397,-0.7831509112604526,-0.609349805834491,-0.19636614646876444,-0.19636614646876444,1.320557071623579,0.467087614334918,1.076144685034503,-1.7474953085226057,-0.7248429625633434,0.9329939034803214,1.0920838023402468,1.6006345452238686
637,-1.9800534317272407,-0.4782817281967989,-0.12811865571019718,0.9151890737179628,0.9151890737179628,-1.0448078082395797,-0.11786264089543774,-0.15084870937381437,0.6192322122296716,-0.7248429625633434,0.9329939034803214,-0.47042554270923614,-0.6280085264867419
638,0.06124157283138513,-0.3192260276226928,-1.6875798576679089,-0.8366654044072258,-0.8366654044072258,0.4909489995116716,3.290520194975234,1.076144685034503,0.44741854813257553,1.7271999783687426,-0.9535194553088262,-0.2832244800026232,-0.2831723683148784
639,1.3653315772408803,-0.3192260276226928,-1.6875798576679089,-0.8344631570841748,-0.8344631570841748,0.4909489995116716,0.6080798744176676,1.076144685034503,0.03570501952641042,-0.7248429625633434,-0.20845576438112698,-0.274607457172756,-0.11348761324743002
640,0.7183483993271397,-0.15573403479697187,0.07885702163666408,-0.8404481783339164,-0.8404481783339164,-1.0448078082395797,0.13546002120375397,-0.15084870937381437,0.6648623730276325,-0.7248429625633434,0.9329939034803214,-0.49036595569979513,-0.6789576861912722
641,2.0029299159217206,0.5429171588792461,-1.2056037684040617,-0.8346274185389567,-0.8346274185389567,1.320557071623579,1.265443892981459,1.076144685034503,0.21701847418351858,1.7271999783687426,0.9329939034803214,-0.2455643010847327,-0.1403835215893065
642,1.3653315772408803,1.3137949679419831,-0.5220832969519151,0.8741048551249446,0.8741048551249446,-1.0448078082395797,-1.0078419205351754,-0.15084870937381437,-0.6707963425945248,-0.7248429625633434,0.9329939034803214,0.4632118845714365,0.8823169931664357
643,-1.9800534317272407,-0.7831509112604526,-1.3189260742195756,-1.636054174495132,-1.636054174495132,1.320557071623579,0.6831738150168553,1.076144685034503,-1.846401007415693,-0.7248429625633434,0.9329939034803214,1.9926969348621257,1.832639087912738
644,-1.286883942442633,-0.3192260276226928,0.4392511878890075,0.915777591835065,0.915777591835065,1.320557071623579,0.5230210692220753,1.076144685034503,0.7215770058027303,-0.7248429625633434,0.9329939034803214,-0.5074670619389771,-0.725533527466229
645,0.06124157283138513,0.18462350426545654,-0.6997805743180253,1.6780655624377845,1.6780655624377845,0.4909489995116716,1.2496620904280253,1.076144685034503,-1.846401007415693,0.6814901417177249,-0.9535194553088262,1.9926969348621257,1.832639087912738
646,0.7183483993271397,0.3615206116136514,0.7875256792227042,-0.8409338106906818,-0.8409338106906818,-1.0448078082395797,-0.6894462137635013,-1.4725913637312629,0.7333766546167984,-0.7248429625633434,-0.20845576438112698,-0.5150150767320275,-0.7428081352630439
647,-1.286883942442633,-0.4782817281967989,0.32627356367831745,0.9156641878813812,0.9156641878813812,0.4909489995116716,-3.3378352965190805,-0.95099059778028,0.703700052986212,1.3139595910895183,-1.9635529920028896,-0.4986483494760159,-0.7115389084915941
648,0.06124157283138513,1.5179093872656781,-0.5220832969519151,0.6493327760868413,0.6493327760868413,0.33082791948660406,-0.2812509581828337,-0.15084870937381437,-1.4657239592826987,1.5987739177226339,-1.439676889932701,1.1907223631916493,1.5118561811035283
649,0.7183483993271397,-0.6329177148899152,0.545839849894629,-0.8408464333591295,-0.8408464333591295,1.320557071623579,0.4589505383955232,1.076144685034503,0.7216941246710543,-0.7248429625633434,0.9329939034803214,-0.5103192700011996,-0.7305628436602384
650,0.06124157283138513,0.7288282052758756,-0.6997805743180253,-0.2900287043962759,-0.2900287043962759,-1.0448078082395797,-0.08719096041403908,-0.15084870937381437,-1.7857446913363506,-0.7248429625633434,0.9329939034803214,1.4946851480729515,1.78956190138144
651,1.3653315772408803,0.9192685417372938,-1.0966292409826666,1.6724151461554457,1.6724151461554457,0.09373723500751027,-0.22770331291435272,-0.15084870937381437,-1.6936535933485595,1.3139595910895183,-0.9535194553088262,1.9926969348621257,1.832639087912738
652,-0.6068395940051448,-0.3192260276226928,1.2532996212525496,-0.8409869766077654,-0.8409869766077654,1.320557071623579,0.22608099729578915,1.076144685034503,0.7421514554604999,0.6814901417177249,0.9329939034803214,-0.5173855134343294,-0.7508987743577548
653,-0.6068395940051448,-1.9401103544135405,-1.4368465008018902,0.8967644424232007,0.8967644424232007,-1.0448078082395797,-0.16149063283443918,-0.15084870937381437,-0.5476822047870539,-0.7248429625633434,-0.20845576438112698,0.156937481956722,0.5866806673272732
654,-0.6068395940051448,0.18462350426545654,-1.0966292409826666,1.2449518235952213,1.2449518235952213,0.4909489995116716,1.5506387051150448,1.076144685034503,-1.7044292275679473,-0.7248429625633434,0.9329939034803214,1.870634427057256,1.7493273718293645
655,1.3653315772408803,0.9192685417372938,-1.0966292409826666,1.668650328859366,1.668650328859366,-1.0448078082395797,-0.03695167678499638,-0.95099059778028,-1.846401007415693,-0.7248429625633434,0.9329939034803214,1.9926969348621257,1.832639087912738
656,1.3653315772408803,0.18462350426545654,-1.0966292409826666,1.5447133108584112,1.5447133108584112,1.320557071623579,0.4294520420152767,1.076144685034503,-1.778122899046453,1.3139595910895183,0.9329939034803214,1.9624573616368415,1.7996205337694589
657,-0.6068395940051448,0.18462350426545654,-1.0966292409826666,-0.8141825830574682,-0.8141825830574682,0.4909489995116716,0.16829812457866597,-0.15084870937381437,-0.4259109673633279,-0.7248429625633434,-0.9535194553088262,0.17955248736678076,0.5919286494427612
658,-0.6068395940051448,0.3615206116136514,-0.609349805834491,-1.6366669291524485,-1.6366669291524485,0.8166034983614915,-0.443926246232191,-0.15084870937381437,-1.846401007415693,0.6814901417177249,-1.439676889932701,1.9926969348621257,1.832639087912738
659,-0.6068395940051448,-0.3192260276226928,1.4688950491368133,-0.8410021642737561,-0.8410021642737561,0.4909489995116716,1.3818120260802031,1.076144685034503,0.7447838658832283,-0.7248429625633434,-0.20845576438112698,-0.5182047723624543,-0.7530854335725414
660,-0.6068395940051448,-1.9401103544135405,-1.4368465008018902,0.8927377943492859,0.8927377943492859,-1.0448078082395797,-0.7154589204593865,-0.15084870937381437,-0.4085678736262629,-0.7248429625633434,0.9329939034803214,0.2002953437946097,0.5952086382649413
661,0.06124157283138513,-1.3404072818833723,-0.7935409314320433,-1.6366992917306165,-1.6366992917306165,0.4909489995116716,-0.692966979839979,-1.4725913637312629,-1.846401007415693,0.6814901417177249,-0.9535194553088262,1.188638398871644,1.832639087912738
662,-1.286883942442633,-1.9401103544135405,-0.7935409314320433,0.9094917739236624,0.9094917739236624,1.320557071623579,0.5481810223995026,1.076144685034503,0.1743090793901378,-0.7248429625633434,-0.9535194553088262,-0.18202921659282462,-0.08681037082703222
663,-1.286883942442633,-0.9289986021507155,-0.9917695249306604,-1.5736922583130661,-1.5736922583130661,-1.0448078082395797,-3.645196192854286,-2.178103500622471,-1.8303770306481286,-0.7248429625633434,-2.098327074688957,1.9926969348621257,1.8116471594507857
664,-0.6068395940051448,-0.4782817281967989,-0.12811865571019718,0.9151789249579089,0.9151789249579089,-0.13990983389503545,-2.196249805977011,-0.15084870937381437,0.6895426732460916,1.3139595910895183,-1.439676889932701,-0.4644602452600412,-0.6516244460064383
665,-0.6068395940051448,-0.3192260276226928,-1.0966292409826666,-0.83842295560229,-0.83842295560229,-1.0448078082395797,-0.1717966106042444,-0.15084870937381437,0.4755572591908428,-0.7248429625633434,-0.20845576438112698,-0.4000298703237966,-0.4443291524446586
666,2.631790436009967,1.9399097183871035,-0.890807570747768,1.6470146959788354,1.6470146959788354,1.320557071623579,1.925004544831024,1.076144685034503,-1.6973974596033194,1.785184446210916,0.9329939034803214,1.9926969348621257,1.8197377985454966
667,-0.6068395940051448,-1.207608518291043,-1.2056037684040617,0.9103105073182179,0.9103105073182179,0.6380432619684511,-1.0071449705680124,-0.15084870937381437,0.3706725696627827,1.7271999783687426,-2.098327074688957,-0.20439188945473646,-0.15656479977872814
668,0.7183483993271397,-0.15573403479697187,1.3499397660754524,-0.8409999055385693,-0.8409999055385693,0.4909489995116716,1.7515898300817432,1.076144685034503,0.744881364654152,0.6814901417177249,-0.9535194553088262,-0.5179686647610142,-0.7528667676510628
669,-0.6068395940051448,-0.7831509112604526,-0.43782619857187843,0.9142594881749792,0.9142594881749792,-1.0448078082395797,-0.5702097193429311,-0.15084870937381437,0.424100694463043,-0.7248429625633434,-0.20845576438112698,-0.41933484095108425,-0.4497958004816254
670,0.7183483993271397,0.18462350426545654,-0.6997805743180253,1.6780655799212716,1.6780655799212716,-1.0448078082395797,0.172208392241107,-0.15084870937381437,-1.846401007415693,-0.7248429625633434,0.9329939034803214,1.9926969348621257,1.832639087912738
671,-1.9800534317272407,-0.4782817281967989,1.3499397660754524,0.9159343272126688,0.9159343272126688,-1.0448078082395797,-0.6618363525809067,-1.4725913637312629,0.7443296813506975,-0.7248429625633434,0.9329939034803214,-0.5180807263532285,-0.7528667676510628
672,0.06124157283138513,-1.207608518291043,-1.2056037684040617,0.9112198209719953,0.9112198209719953,0.26271955799420393,-1.3228584885295807,-0.15084870937381437,0.4120020987724465,1.785184446210916,-1.9635529920028896,-0.24893668749874168,-0.22697522649486004
673,-1.286883942442633,-1.0704784509706757,-1.2056037684040617,0.7084426126591287,0.7084426126591287,-1.0448078082395797,-0.9815578255401739,-1.8124948439702304,-1.6627648706511737,-0.7248429625633434,-2.098327074688957,1.6223046498584366,1.6964102188315262
674,0.06124157283138513,0.012210498479343,0.2063495415004084,-0.8405262172119596,-0.8405262172119596,-1.0448078082395797,-0.3448244256093994,-1.4725913637312629,0.6556594992436425,-0.7248429625633434,0.9329939034803214,-0.4991344284571204,-0.6837683364638029
675,-0.6068395940051448,0.18462350426545654,1.2532996212525496,-0.8409917619234714,-0.8409917619234714,-1.0448078082395797,0.1798483426843933,-0.15084870937381437,0.7431709989953997,-0.7248429625633434,0.9329939034803214,-0.5177500495792141,-0.7515547721221908
676,-0.6068395940051448,-1.0704784509706757,-1.2056037684040617,0.9562939776051594,0.9562939776051594,-1.0448078082395797,-0.1803370182854532,-0.15084870937381437,-1.8250063879329512,-0.7248429625633434,0.9329939034803214,1.261305356472911,1.7451727193212698
677,-0.6068395940051448,0.012210498479343,1.1495589434580107,0.9159188589696309,0.9159188589696309,1.320557071623579,0.8257667802458261,1.076144685034503,0.741681409566448,-0.7248429625633434,0.9329939034803214,-0.5170744931454634,-0.75002411067184
678,2.0029299159217206,-0.3192260276226928,-0.9917695249306604,0.8847155414838431,0.8847155414838431,1.320557071623579,1.9335208003138011,1.076144685034503,-0.4012521092434395,1.785184446210916,0.9329939034803214,0.33772999780543866,0.6664937286669879
679,-0.6068395940051448,-1.3404072818833723,-0.7935409314320433,-1.6366992917306165,-1.6366992917306165,0.26271955799420393,-0.32517222566234577,-0.15084870937381437,-1.846401007415693,1.3139595910895183,-1.9635529920028896,1.9926969348621257,1.832639087912738
680,-0.6068395940051448,0.3615206116136514,-0.43782619857187843,-0.7891819065983124,-0.7891819065983124,0.4909489995116716,1.5413187258565717,1.076144685034503,-0.4539317250233555,1.3139595910895183,-0.9535194553088262,0.535710873277912,0.8641677216837061
681,0.06124157283138513,-0.9289986021507155,-0.43782619857187843,-0.8400126467925888,-0.8400126467925888,1.320557071623579,0.5905802572208058,1.076144685034503,0.5632808084019137,-0.7248429625633434,0.9329939034803214,-0.47128953031603715,-0.615325903040979
682,-0.6068395940051448,0.3615206116136514,1.380693541849001,-0.8410010370284637,-0.8410010370284637,-1.0448078082395797,0.18165562963867832,-0.15084870937381437,0.7444528435802764,-0.7248429625633434,0.9329939034803214,-0.5181269986228133,-0.7530854335725414
683,-0.6068395940051448,0.18462350426545654,-1.0966292409826666,-0.8116894316707616,-0.8116894316707616,-1.0448078082395797,-1.917558332162698,-1.4725913637312629,-0.74496018148996,-0.7248429625633434,-0.20845576438112698,0.1294519368475588,0.6363178315029314
684,-0.6068395940051448,-0.4782817281967989,1.3499397660754524,0.9159336381799261,0.9159336381799261,-1.0448078082395797,-0.15299162538772657,-0.15084870937381437,0.7444279930426974,-0.7248429625633434,0.9329939034803214,-0.5180119535103456,-0.7528667676510628
685,-0.6068395940051448,0.5429171588792461,0.9587550611015209,0.9158926062342541,0.9158926062342541,0.8166034983614915,-1.1896275108212617,-0.15084870937381437,0.7394031490327163,1.3139595910895183,-0.9535194553088262,-0.5150071794033488,-0.7469627877711387
686,1.3653315772408803,1.7266097734938175,-0.5220832969519151,-0.4230319761499866,-0.4230319761499866,0.4909489995116716,0.7199306513494984,1.076144685034503,-1.2759185829689488,1.785184446210916,-0.9535194553088262,1.7512368486551377,1.6583623484942376
687,-1.286883942442633,-0.7831509112604526,1.4401497963115393,-0.8409962135461446,-0.8409962135461446,-1.0448078082395797,-2.221876924097867,-1.8124948439702304,0.7436969687212232,-0.7248429625633434,-0.9535194553088262,-0.5178636237542503,-0.7522107698866268
688,-1.286883942442633,-0.9289986021507155,-0.7935409314320433,-0.7913435117984279,-0.7913435117984279,-1.0448078082395797,-0.8342346502650921,-0.15084870937381437,-0.8961027991329292,-0.7248429625633434,0.9329939034803214,0.3831156956412292,0.8665730468199715
689,0.7183483993271397,0.3615206116136514,1.380693541849001,-0.8410006665033878,-0.8410006665033878,0.9585687599127407,1.003292274448125,1.076144685034503,0.7446151426204389,1.3139595910895183,-0.20845576438112698,-0.518077814895491,-0.7530854335725414
690,0.06124157283138513,-0.15573403479697187,1.2532996212525496,0.9159209751627937,0.9159209751627937,0.4909489995116716,-1.1068766313312044,-1.8124948439702304,0.7421265392488643,1.3139595910895183,0.9329939034803214,-0.5171194380812119,-0.7508987743577548
691,-1.9800534317272407,-1.207608518291043,-1.2056037684040617,0.9106722451020456,0.9106722451020456,-1.0448078082395797,-0.2028976875093829,-0.15084870937381437,0.055184031225776975,-0.7248429625633434,0.9329939034803214,-0.25534003212433715,-0.1248582411643209
692,-1.286883942442633,-0.4782817281967989,1.3499397660754524,0.9159333433486531,0.9159333433486531,-1.0448078082395797,0.043765167651437634,-0.15084870937381437,0.7443959344993029,-0.7248429625633434,0.9329939034803214,-0.5179905462849723,-0.7526481017295841
693,-1.286883942442633,-0.3192260276226928,0.4392511878890075,0.9157727974066237,0.9157727974066237,0.4909489995116716,-0.620547321795544,-0.95099059778028,0.7253973847467207,1.3139595910895183,-1.7567848247092095,-0.506384448061161,-0.7303441777387597
694,0.7183483993271397,0.5429171588792461,-0.5220832969519151,-0.6737315540889713,-0.6737315540889713,0.4909489995116716,0.8941521796131154,1.076144685034503,-1.107465980517091,1.3139595910895183,-0.20845576438112698,0.8545978201745573,1.2969075802899952
695,0.06124157283138513,-1.3404072818833723,-0.7935409314320433,-1.6366992917306165,-1.6366992917306165,-1.0448078082395797,-1.3055409041154251,-1.4725913637312629,-1.846401007415693,-0.7248429625633434,-0.20845576438112698,1.9926969348621257,1.832639087912738
696,0.06124157283138513,0.5429171588792461,-0.890807570747768,0.9139426670821772,0.9139426670821772,-1.0448078082395797,-1.4854956959555083,-1.4725913637312629,0.41199301173559816,-0.7248429625633434,-0.20845576438112698,-0.4036340775755194,-0.44695314350240267
697,-1.9800534317272407,0.5429171588792461,-0.12811865571019718,-0.8403530791636155,-0.8403530791636155,-1.0448078082395797,-0.07579911251575035,-0.95099059778028,0.6443669638837317,-0.7248429625633434,0.9329939034803214,-0.4851524672896124,-0.6616830783944572
698,0.7183483993271397,0.5429171588792461,-0.890807570747768,0.9138857403772338,0.9138857403772338,1.320557071623579,0.5331393017681804,1.076144685034503,0.440555132457325,-0.7248429625633434,0.9329939034803214,-0.39828095311041206,-0.4438918206017013
699,0.06124157283138513,-0.3192260276226928,1.4970121371563547,-0.8409978382584786,-0.8409978382584786,-1.0448078082395797,-0.3842993946494033,-0.95099059778028,0.7437621264407052,-0.7248429625633434,-0.20845576438112698,-0.5179281802968512,-0.7524294358081054
700,-0.6068395940051448,0.3615206116136514,-0.43782619857187843,-0.7972607300303882,-0.7972607300303882,-1.0448078082395797,0.08098291700649804,-1.4725913637312629,-0.8860634763797884,-0.7248429625633434,-0.20845576438112698,0.3212173947427379,0.7836986625795553
701,-0.6068395940051448,1.9399097183871035,-0.5220832969519151,-0.8393584921730574,-0.8393584921730574,0.09373723500751027,-0.6240845452116455,-0.15084870937381437,0.574647927957418,1.5987739177226339,-1.439676889932701,-0.4175379179352927,-0.5530061154195579
702,-1.286883942442633,-0.7831509112604526,-1.3189260742195756,-1.6348838801278,-1.6348838801278,-1.0448078082395797,-0.7923010477093987,-0.95099059778028,-1.8281520231711559,-0.7248429625633434,-0.9535194553088262,1.9926969348621257,1.832639087912738
703,0.06124157283138513,1.9399097183871035,0.596896846148679,-0.8408457797458092,-0.8408457797458092,-1.0448078082395797,-0.11309209848821142,-0.15084870937381437,0.7163801757159657,-0.7248429625633434,0.9329939034803214,-0.5112326202227839,-0.7303441777387597
704,0.06124157283138513,0.3615206116136514,0.9587550611015209,-0.8409638230498233,-0.8409638230498233,-1.0448078082395797,0.09656312640193428,-0.15084870937381437,0.7383697727080447,-0.7248429625633434,-0.20845576438112698,-0.5166300194040037,-0.7476187855355747
705,-1.286883942442633,-0.7831509112604526,-0.609349805834491,-0.429300607371037,-0.429300607371037,-1.0448078082395797,-1.0727474193341857,-0.95099059778028,-1.7871029001271026,-0.7248429625633434,0.9329939034803214,0.849009040401977,1.5879519217781057
706,1.3653315772408803,1.5179093872656781,-1.0966292409826666,-1.6366992917306165,-1.6366992917306165,1.320557071623579,2.533147830570451,1.076144685034503,-1.846401007415693,1.5987739177226339,0.9329939034803214,-7.4138199764151205,1.2363371200404034
707,0.7183483993271397,0.3615206116136514,1.4401497963115393,0.9159318096728946,0.9159318096728946,1.320557071623579,1.2840484926210776,1.076144685034503,0.7443836916935022,-0.7248429625633434,0.9329939034803214,-0.517876341484707,-0.7526481017295841
708,-1.9800534317272407,-0.9289986021507155,-0.9917695249306604,-1.6003549772307362,-1.6003549772307362,-1.0448078082395797,-0.9258328366159054,-1.4725913637312629,-1.8249866140164777,-0.7248429625633434,-1.9635529920028896,1.9926969348621257,1.832639087912738
709,0.7183483993271397,0.3615206116136514,-0.43782619857187843,-0.7769577730954995,-0.7769577730954995,-1.0448078082395797,-0.2762905480046125,-0.15084870937381437,-1.2331669864808577,-0.7248429625633434,0.9329939034803214,0.2999261266480905,0.9940552790420364
710,1.3653315772408803,0.3615206116136514,-0.43782619857187843,-0.7694374632407744,-0.7694374632407744,1.320557071623579,0.6785844865457874,1.076144685034503,-1.0603399815751824,0.6814901417177249,0.9329939034803214,0.48372026737105017,0.989025962848027
711,0.7183483993271397,0.012210498479343,-1.3189260742195756,-0.39774079045823635,-0.39774079045823635,-1.0448078082395797,-0.2509382323145312,-0.15084870937381437,-1.438445622404313,-0.7248429625633434,0.9329939034803214,1.721249646251435,1.6826342657783702
712,0.7183483993271397,0.18462350426545654,-0.6997805743180253,1.678065137167487,1.678065137167487,0.4909489995116716,-0.11760028377598682,-0.15084870937381437,-1.846401007415693,-0.7248429625633434,0.9329939034803214,1.9926969348621257,1.832639087912738
713,-0.6068395940051448,-0.7831509112604526,-0.609349805834491,-0.31742588038621966,-0.31742588038621966,1.320557071623579,0.47663693482106767,1.076144685034503,-1.8018738601069495,-0.7248429625633434,0.9329939034803214,0.8249252425064852,1.5604000156717932
714,0.06124157283138513,0.5429171588792461,0.07885702163666408,0.9154857928450333,0.9154857928450333,-1.0448078082395797,-1.1024155558748958,-0.15084870937381437,0.6839443666350442,-0.7248429625633434,-0.9535194553088262,-0.48644678554352977,-0.6815816772490162
715,-0.6068395940051448,0.5429171588792461,0.9587550611015209,0.9158933407788846,0.9158933407788846,0.09373723500751027,-2.1369867895547547,-0.95099059778028,0.7381787292217449,-0.7248429625633434,-0.9535194553088262,-0.5151050727332209,-0.7469627877711387
716,0.06124157283138513,-0.7831509112604526,1.4401497963115393,-0.840997023902584,-0.840997023902584,0.09373723500751027,0.013669025696604121,-0.15084870937381437,0.7443040704041769,1.3139595910895183,-0.9535194553088262,-0.517825030783388,-0.7524294358081054
717,0.06124157283138513,0.3615206116136514,-0.3564333373946572,0.9149946571233758,0.9149946571233758,0.8166034983614915,0.22001919864537559,1.076144685034503,0.6201146514104042,1.5987739177226339,-0.20845576438112698,-0.45513785877764423,-0.5982699611656427
718,-0.6068395940051448,-0.3192260276226928,-1.0966292409826666,-0.8384329131047527,-0.8384329131047527,-1.0448078082395797,-1.4839673507872781,-2.033915903450334,0.42615106707854106,-0.7248429625633434,-0.9535194553088262,-0.39412496891061927,-0.4397371680936065
719,2.0029299159217206,-0.7831509112604526,1.4401497963115393,-0.8409953043096953,-0.8409953043096953,0.4909489995116716,1.474616400493897,1.076144685034503,0.7442712334977803,0.6814901417177249,-0.20845576438112698,-0.5177917448187883,-0.7519921039651482
720,-0.6068395940051448,-0.7831509112604526,1.4401497963115393,-0.8409961974187335,-0.8409961974187335,-1.0448078082395797,-1.240750457759619,-1.8124948439702304,0.7439818474965261,-0.7248429625633434,-0.9535194553088262,-0.5177709826102899,-0.7524294358081054
721,-1.286883942442633,-1.3404072818833723,0.3835944209246597,-0.8406211599537762,-0.8406211599537762,-1.0448078082395797,0.05022650206307444,-0.15084870937381437,0.6892708564241736,-0.7248429625633434,0.9329939034803214,-0.4997816157242656,-0.6977629554384378
722,0.7183483993271397,0.9192685417372938,0.8320378128213087,0.9158818503300977,0.9158818503300977,-1.0448078082395797,0.1817640309793922,-0.15084870937381437,0.7384632752262937,1.3139595910895183,0.9329939034803214,-0.5143896825879828,-0.7443387967133946
723,-0.6068395940051448,0.012210498479343,1.4970121371563547,0.9159359834268467,0.9159359834268467,-1.0448078082395797,0.12205496690969314,-0.95099059778028,0.7446637696485903,-0.7248429625633434,0.9329939034803214,-0.5181910022342144,-0.7530854335725414
724,0.7183483993271397,-0.15573403479697187,1.3499397660754524,-0.8409987885727713,-0.8409987885727713,-1.0448078082395797,-0.08659031439025985,-0.15084870937381437,0.744167494017115,-0.7248429625633434,0.9329939034803214,-0.5180232294342862,-0.7526481017295841
725,0.06124157283138513,-0.3192260276226928,-1.6875798576679089,-0.8367913132936848,-0.8367913132936848,-1.0448078082395797,-0.48111263976266794,-0.95099059778028,0.058062583756731616,-0.7248429625633434,0.9329939034803214,-0.3769715342304769,-0.2770497225134756
726,0.7183483993271397,0.5429171588792461,-1.2056037684040617,-0.8352119200125979,-0.8352119200125979,1.320557071623579,0.9018510736583636,1.076144685034503,0.05667074793206813,-0.7248429625633434,0.9329939034803214,-0.31832857117044144,-0.1471621651551453
727,0.7183483993271397,0.18462350426545654,-1.0966292409826666,1.5306561724545882,1.5306561724545882,1.320557071623579,1.619676608836498,1.076144685034503,-1.820556657740281,-0.7248429625633434,0.9329939034803214,1.8694733806222397,1.7913112287532693
728,0.06124157283138513,1.7266097734938175,-1.3189260742195756,-1.5155267650360538,-1.5155267650360538,-1.0448078082395797,-0.14611564665298588,-0.15084870937381437,-1.8458082512809375,-0.7248429625633434,0.9329939034803214,1.9926969348621257,1.832639087912738
729,2.631790436009967,-0.3192260276226928,-1.6875798576679089,-0.8358384736808849,-0.8358384736808849,1.320557071623579,2.407845317249037,1.076144685034503,0.3526024209681683,1.785184446210916,0.9329939034803214,-0.26021883704290916,-0.22260190806528665
730,-0.6068395940051448,-1.9401103544135405,-0.7935409314320433,0.9090739275904124,0.9090739275904124,-1.0448078082395797,-0.7720756406515676,-0.95099059778028,-0.124162086886607,-0.7248429625633434,0.9329939034803214,-0.19904608512293245,0.047887836803828854
731,0.7183483993271397,0.012210498479343,-1.3189260742195756,-1.0742934040506393,-1.0742934040506393,-1.0448078082395797,0.19958231843438862,-0.15084870937381437,-1.7942523370022345,-0.7248429625633434,0.9329939034803214,1.8657240424183994,1.7941538857324921
732,1.3653315772408803,-0.15573403479697187,0.3835944209246597,0.9155731658328556,0.9155731658328556,-1.0448078082395797,-0.18493931387364568,-0.15084870937381437,0.6783240605367225,-0.7248429625633434,0.9329939034803214,-0.4940966877305243,-0.6846430001497176
733,0.7183483993271397,0.012210498479343,1.4401497963115393,0.9159354719094305,0.9159354719094305,-1.0448078082395797,-0.33123884898826783,-0.95099059778028,0.7446630511580368,-0.7248429625633434,0.9329939034803214,-0.5181444407759807,-0.7530854335725414
734,0.06124157283138513,0.012210498479343,1.4970121371563547,0.9159357530181927,0.9159357530181927,-1.0448078082395797,-0.6682474229236361,-0.15084870937381437,0.7447829171784205,-0.7248429625633434,0.9329939034803214,-0.5181705881019202,-0.7530854335725414
735,-0.6068395940051448,0.012210498479343,0.7875256792227042,0.9158565230359171,0.9158565230359171,1.320557071623579,0.8642939856530839,1.076144685034503,0.7325114676899367,-0.7248429625633434,0.9329939034803214,-0.5126230535345048,-0.7388721486764279
736,0.7183483993271397,0.5429171588792461,-0.05690022095650312,0.9153099155758906,0.9153099155758906,-1.0448078082395797,-0.10985885027539267,-0.15084870937381437,0.6783473267578646,1.3139595910895183,0.9329939034803214,-0.4746775832183269,-0.6614644124729785
737,0.06124157283138513,0.5429171588792461,-0.890807570747768,-0.8385796205955889,-0.8385796205955889,-1.0448078082395797,-0.1085744960572911,-0.95099059778028,0.31866205317991325,-0.7248429625633434,0.9329939034803214,-0.41387571429804404,-0.44739047534536
738,0.06124157283138513,1.9399097183871035,-0.890807570747768,-1.1744522618561155,-1.1744522618561155,1.320557071623579,0.27603848222219707,1.076144685034503,-1.846401007415693,-0.7248429625633434,0.9329939034803214,1.8203884375560309,1.8188631348595818
739,0.06124157283138513,1.7266097734938175,-0.27776848391597403,0.9149898184356328,0.9149898184356328,-1.0448078082395797,-0.2416192107623152,-0.95099059778028,0.5672317080201701,-0.7248429625633434,0.9329939034803214,-0.4597931984602861,-0.5925846472071973
740,0.7183483993271397,0.012210498479343,1.4970121371563547,0.9159355618086549,0.9159355618086549,0.8166034983614915,-1.1817026864624889,-0.15084870937381437,0.7449344016016949,1.5987739177226339,-0.9535194553088262,-0.5181334691623456,-0.7530854335725414
741,0.06124157283138513,-0.7831509112604526,-0.609349805834491,-0.49000924325411593,-0.49000924325411593,0.09373723500751027,-1.3152450111052394,-0.95099059778028,-1.3982105568705594,0.6814901417177249,-0.9535194553088262,1.153807580374584,1.4281071331771975
742,-1.286883942442633,-2.249244431821159,0.596896846148679,-0.8407843433611003,-0.8407843433611003,0.09373723500751027,1.5511916186623054,1.076144685034503,0.7180092636018887,0.6814901417177249,-2.098327074688957,-0.5060216657155947,-0.7220348727225703
743,0.7183483993271397,0.5429171588792461,0.9587550611015209,0.915889514886113,0.915889514886113,1.320557071623579,0.45176302191414625,1.076144685034503,0.7380550287790032,-0.7248429625633434,0.9329939034803214,-0.5149252232220317,-0.745432126320788
744,0.06124157283138513,-0.3192260276226928,-0.9917695249306604,0.8891626263866367,0.8891626263866367,-1.0448078082395797,-0.41453865886316693,-1.4725913637312629,-0.7461281078444386,-0.7248429625633434,0.9329939034803214,0.24874981173582605,0.7257521933877077
745,0.06124157283138513,-0.15573403479697187,0.6948253554831438,-0.8409085375805285,-0.8409085375805285,-1.0448078082395797,-0.08270089960000108,-0.15084870937381437,0.7266691961097671,-0.7248429625633434,-0.20845576438112698,-0.5143211401852433,-0.7393094805193852
746,0.06124157283138513,0.9192685417372938,1.2862670637603377,0.9159255842937386,0.9159255842937386,0.4909489995116716,2.1468612929133295,1.076144685034503,0.744457771847307,1.5987739177226339,-0.9535194553088262,-0.5174002161690214,-0.7517734380436695
747,0.06124157283138513,0.5429171588792461,-0.12811865571019718,-0.8403042529240209,-0.8403042529240209,0.8992316934203205,0.17793190497729905,-0.15084870937381437,0.6789280312020255,1.785184446210916,-1.7567848247092095,-0.4706799622893484,-0.6625577420803719
748,0.7183483993271397,-0.15573403479697187,-0.3564333373946572,0.9148008776818822,0.9148008776818822,-1.0448078082395797,-0.19013885563768448,-0.15084870937381437,0.6252777032900152,-0.7248429625633434,-0.20845576438112698,-0.44178973704303204,-0.5969579656367706
749,-1.9800534317272407,0.7288282052758756,0.493311596434884,0.9156708148028836,0.9156708148028836,-1.0448078082395797,-0.14879484733890685,-1.8124948439702304,0.705420787667764,-0.7248429625633434,-0.20845576438112698,-0.5005274742349248,-0.7106642448056794
750,-0.6068395940051448,-0.15573403479697187,-0.7935409314320433,0.7179474122427323,0.7179474122427323,0.26271955799420393,0.39802948948805905,1.076144685034503,-0.7874149304518295,1.7271999783687426,-2.24334244078534,1.0811793675864703,1.328176807061445
751,-0.6068395940051448,0.3615206116136514,1.380693541849001,-0.8410010254652417,-0.8410010254652417,0.4909489995116716,0.35214732347823274,1.076144685034503,0.7444810095869585,-0.7248429625633434,-0.20845576438112698,-0.5181617486071213,-0.7530854335725414
752,-1.286883942442633,0.012210498479343,-1.3189260742195756,-0.4540372403039247,-0.4540372403039247,1.320557071623579,0.41358914884420306,1.076144685034503,-1.80871455599989,-0.7248429625633434,0.9329939034803214,1.5944211873907326,1.7893432354599612
753,0.06124157283138513,0.9192685417372938,1.0379538991900714,-0.8409754980439506,-0.8409754980439506,1.320557071623579,0.6342610397820956,1.076144685034503,0.738736168533936,-0.7248429625633434,0.9329939034803214,-0.5172466986070335,-0.7491494469859253
754,0.7183483993271397,-0.15573403479697187,1.2532996212525496,0.9159218524181532,0.9159218524181532,-0.13990983389503545,0.21866175748687552,1.076144685034503,0.7434467661759053,1.5987739177226339,-1.7567848247092095,-0.5171499566783433,-0.7511174402792334
755,-1.286883942442633,-1.9401103544135405,-0.7935409314320433,0.9064397225649579,0.9064397225649579,-0.13990983389503545,0.20620586328314178,-0.15084870937381437,-0.007275798913056653,1.3139595910895183,-2.098327074688957,-0.07168003245482202,0.0706290926376106
756,-1.286883942442633,-0.3192260276226928,-1.0966292409826666,-0.8383341812953075,-0.8383341812953075,-1.0448078082395797,-2.308131464467896,-1.8124948439702304,0.4228418518807199,-0.7248429625633434,-0.9535194553088262,-0.37574235263457983,-0.42967853570558767
757,0.7183483993271397,0.9192685417372938,-0.609349805834491,-0.8394292532496678,-0.8394292532496678,1.320557071623579,0.7909093729857425,1.076144685034503,0.5215894525825541,-0.7248429625633434,-0.20845576438112698,-0.4449112349749679,-0.5438221467174538
758,-0.6068395940051448,0.18462350426545654,1.4970121371563547,-0.8410033058248491,-0.8410033058248491,1.320557071623579,0.35278846455824936,1.076144685034503,0.7447693187455272,-0.7248429625633434,0.9329939034803214,-0.5182957904485928,-0.7533040994940201
759,-0.6068395940051448,-0.9289986021507155,-0.7935409314320433,-0.7955439311852697,-0.7955439311852697,-1.0448078082395797,-0.9839494704468985,-1.4725913637312629,-1.2679334771047521,-0.7248429625633434,0.9329939034803214,0.09843997338273296,0.8932502892403693
760,0.7183483993271397,-0.7831509112604526,1.4401497963115393,-0.8409957405312679,-0.8409957405312679,-1.0448078082395797,0.08641603885287662,-0.95099059778028,0.7436764846823928,-0.7248429625633434,0.9329939034803214,-0.5178820149217364,-0.7522107698866268
761,0.7183483993271397,-0.15573403479697187,1.2532996212525496,0.9159220018479798,0.9159220018479798,-1.0448078082395797,0.1322616415685715,-0.15084870937381437,0.7434147498752116,1.3139595910895183,-1.439676889932701,-0.5171667374415315,-0.7511174402792334
762,-0.6068395940051448,1.9399097183871035,1.4970121371563547,-0.8409963263344428,-0.8409963263344428,-1.0448078082395797,-0.24769280947489314,-0.15084870937381437,0.743872321497316,-0.7248429625633434,0.9329939034803214,-0.5178946217252812,-0.7522107698866268
763,0.7183483993271397,0.3615206116136514,1.380693541849001,-0.8410004935769384,-0.8410004935769384,1.320557071623579,0.6833929320186288,1.076144685034503,0.7444557718264412,-0.7248429625633434,0.9329939034803214,-0.5180869372174143,-0.7528667676510628
764,0.06124157283138513,-0.15573403479697187,-0.7935409314320433,0.63049138990703,0.63049138990703,-1.0448078082395797,-1.4581325052509337,-0.95099059778028,-1.6267377032421435,-0.7248429625633434,-0.9535194553088262,1.0682487013990005,1.5899199150714138
765,0.06124157283138513,0.3615206116136514,1.380693541849001,-0.8410012828528284,-0.8410012828528284,0.4909489995116716,0.05905241440837445,-0.15084870937381437,0.7444758953721787,-0.7248429625633434,-0.20845576438112698,-0.5181466266722948,-0.7530854335725414
766,-1.286883942442633,-0.15573403479697187,0.9176107320831984,-0.8409517947690136,-0.8409517947690136,-1.0448078082395797,0.02127091499107834,-0.15084870937381437,0.7356025861476945,-0.7248429625633434,0.9329939034803214,-0.5160920218657421,-0.7456507922422667
767,0.06124157283138513,0.7288282052758756,0.493311596434884,0.9156895568225186,0.9156895568225186,-1.0448078082395797,-0.0017553497469642377,-0.15084870937381437,0.7225158632200083,0.6814901417177249,-1.439676889932701,-0.5007962436763097,-0.7165682246856034
768,0.06124157283138513,-0.4782817281967989,1.3499397660754524,0.9159335775096309,0.9159335775096309,0.09373723500751027,0.7066789543904276,1.076144685034503,0.7447263495373015,0.6814901417177249,-1.439676889932701,-0.5179915541173213,-0.7528667676510628
769,-1.286883942442633,0.012210498479343,1.4970121371563547,0.9159359655933285,0.9159359655933285,-1.0448078082395797,-0.8880803475352034,-0.15084870937381437,0.7447676620270061,-0.7248429625633434,-0.9535194553088262,-0.5181839650670852,-0.7530854335725414
770,0.06124157283138513,-1.3404072818833723,0.3835944209246597,-0.8406607550576618,-0.8406607550576618,0.8166034983614915,1.5510395208987644,1.076144685034503,0.6990933103980459,1.3139595910895183,0.9329939034803214,-0.49836899205916524,-0.7060722604546272
771,0.7183483993271397,0.9192685417372938,-0.609349805834491,-0.8395921197002065,-0.8395921197002065,1.320557071623579,0.5712278473129805,1.076144685034503,0.6170559344189156,0.6814901417177249,0.9329939034803214,-0.4403734579694455,-0.5713740528237662
772,0.7183483993271397,-0.15573403479697187,0.9176107320831984,-0.8409448967953173,-0.8409448967953173,-0.2938917744093084,-0.27308138492207357,-0.95099059778028,0.7384800639800758,1.5987739177226339,-1.7567848247092095,-0.5141596226063606,-0.7452134603993094
773,1.3653315772408803,1.3137949679419831,-0.7935409314320433,1.678065580652547,1.678065580652547,-1.0448078082395797,-0.8329761521725612,-0.95099059778028,-1.846401007415693,-0.7248429625633434,0.9329939034803214,1.9926969348621257,1.832639087912738
774,0.7183483993271397,1.9399097183871035,-0.609349805834491,1.6780643680076657,1.6780643680076657,-1.0448078082395797,-0.4305627212568235,-0.15084870937381437,-1.846401007415693,1.3139595910895183,-0.9535194553088262,1.9926969348621257,1.832639087912738
775,-0.6068395940051448,0.012210498479343,0.7418039216564859,0.9158376169560803,0.9158376169560803,0.4909489995116716,-0.17153886721235878,-0.15084870937381437,0.731155394118078,0.6814901417177249,-0.20845576438112698,-0.5112286274449219,-0.7377788190690345
776,0.7183483993271397,-1.3404072818833723,1.2532996212525496,-0.8409823739919597,-0.8409823739919597,0.4909489995116716,-0.8853430581502293,-0.15084870937381437,0.7426118333402852,1.3139595910895183,-1.439676889932701,-0.5166911136086504,-0.7504614425147974
777,0.7183483993271397,-0.4782817281967989,1.3499397660754524,0.915932847118555,0.915932847118555,-1.0448078082395797,-0.010858229956784525,-0.95099059778028,0.7439270890878338,-0.7248429625633434,0.9329939034803214,-0.5179690195463672,-0.7526481017295841
778,0.7183483993271397,1.9399097183871035,1.4401497963115393,-0.8410016222428246,-0.8410016222428246,-1.0448078082395797,-0.6994356824101646,-0.15084870937381437,0.7444636377802615,-0.7248429625633434,0.9329939034803214,-0.5182173078334943,-0.7530854335725414
779,-0.6068395940051448,-0.9289986021507155,-0.7935409314320433,-0.8048545696057742,-0.8048545696057742,0.09373723500751027,-0.6663078439997936,-1.4725913637312629,-0.644215202390047,-0.7248429625633434,-1.7567848247092095,0.37663492382265007,0.6973256235954804
780,0.06124157283138513,0.9192685417372938,-0.609349805834491,-0.8395885619377801,-0.8395885619377801,0.4909489995116716,0.6355347631163869,1.076144685034503,0.5697263403205992,-0.7248429625633434,0.9329939034803214,-0.4443038841307796,-0.5652514070223634
781,0.7183483993271397,0.7288282052758756,0.998857091486796,0.9159091899352563,0.9159091899352563,-0.13990983389503545,-0.28636183068591536,-0.15084870937381437,0.7416236231158736,0.6814901417177249,-0.9535194553088262,-0.5162389530945459,-0.7491494469859253
782,2.0029299159217206,0.3615206116136514,-0.6997805743180253,-0.8391139845562015,-0.8391139845562015,1.320557071623579,0.38993690554917954,1.076144685034503,0.4657433494959237,-0.7248429625633434,0.9329939034803214,-0.43424320959527984,-0.5083982674379091
783,0.06124157283138513,0.9192685417372938,-0.6997805743180253,-0.7180638671029197,-0.7180638671029197,0.4909489995116716,1.3116255797836802,1.076144685034503,-1.0510181660522766,0.6814901417177249,-0.20845576438112698,0.8003984087478951,1.1724866709686317
784,-0.6068395940051448,1.3137949679419831,-0.3564333373946572,-0.8396905963669127,-0.8396905963669127,1.320557071623579,0.8854649535844337,1.076144685034503,0.5405914229078818,-0.7248429625633434,0.9329939034803214,-0.46810375647859187,-0.5744353757244676
785,0.7183483993271397,0.012210498479343,-0.890807570747768,1.678065580652547,1.678065580652547,0.8166034983614915,0.6073105237873885,1.076144685034503,-1.846401007415693,1.5987739177226339,-0.9535194553088262,1.9926969348621257,1.832639087912738
786,0.7183483993271397,-0.3192260276226928,-1.6875798576679089,-0.8362467547664643,-0.8362467547664643,-1.0448078082395797,0.10843063367410294,-0.15084870937381437,0.02167154314804083,-0.7248429625633434,0.9329939034803214,-0.33787212431032015,-0.20948195277656642
787,0.7183483993271397,-0.6329177148899152,0.545839849894629,-0.8408455189936324,-0.8408455189936324,1.320557071623579,1.647965063364148,1.076144685034503,0.7316432500148029,1.785184446210916,-0.20845576438112698,-0.507305337732215,-0.7316561732676318
788,0.06124157283138513,1.9399097183871035,-0.12811865571019718,-0.8401803706882889,-0.8401803706882889,1.320557071623579,0.31114819295774504,1.076144685034503,0.5884950075675737,-0.7248429625633434,0.9329939034803214,-0.4875825938639438,-0.6301951857015285
789,1.3653315772408803,0.9192685417372938,-1.0966292409826666,0.9134294193494131,0.9134294193494131,1.320557071623579,0.5413070473137829,1.076144685034503,0.45775636854229934,-0.7248429625633434,0.9329939034803214,-0.3631043339230527,-0.38375869219506686
790,-1.286883942442633,-0.7831509112604526,-1.3189260742195756,-1.6349767838671854,-1.6349767838671854,-1.0448078082395797,-0.6805601155239268,-1.8124948439702304,-1.846401007415693,-0.7248429625633434,0.9329939034803214,1.9926969348621257,1.832639087912738
791,0.7183483993271397,1.9399097183871035,-1.2056037684040617,-0.8374954768381312,-0.8374954768381312,0.09373723500751027,2.674685667500903,1.076144685034503,0.46093876524544714,1.5987739177226339,-0.9535194553088262,-0.3290456572532147,-0.35423879279544634
792,-0.6068395940051448,-1.9401103544135405,-0.7935409314320433,0.9073738125190938,0.9073738125190938,-1.0448078082395797,-1.783617527582146,-1.4725913637312629,-0.3445535849039988,-0.7248429625633434,-0.9535194553088262,-0.12154921891465066,0.08965302780625493
793,0.06124157283138513,0.18462350426545654,1.2532996212525496,-0.8409887393070876,-0.8409887393070876,-1.0448078082395797,0.09083774353135861,-0.15084870937381437,0.7430584475376215,0.6814901417177249,-0.20845576438112698,-0.5173633288862755,-0.7511174402792334
794,-1.286883942442633,-0.7831509112604526,-1.3189260742195756,-1.6341294535317021,-1.6341294535317021,-1.0448078082395797,-0.5209743652645688,-0.95099059778028,-1.846401007415693,-0.7248429625633434,0.9329939034803214,1.9926969348621257,1.832639087912738
795,-1.286883942442633,0.3615206116136514,0.9587550611015209,-0.8409692185706348,-0.8409692185706348,-1.0448078082395797,-0.4606645510407286,-1.4725913637312629,0.7401819049718832,-0.7248429625633434,-0.20845576438112698,-0.5162055767823925,-0.7487121151429681
796,0.7183483993271397,-0.15573403479697187,-0.7935409314320433,0.7465074942112189,0.7465074942112189,0.4909489995116716,-0.8003180305885137,-0.95099059778028,-1.0950309047663394,1.785184446210916,-1.9635529920028896,0.993243553211485,1.312870192557938
797,0.06124157283138513,-0.3192260276226928,0.4392511878890075,0.9157634095491406,0.9157634095491406,1.320557071623579,0.8595460272756885,1.076144685034503,0.7128344655507718,-0.7248429625633434,0.9329939034803214,-0.5066317993270075,-0.7176615542929968
798,-1.286883942442633,-0.7831509112604526,-1.3189260742195756,-1.6366166553201753,-1.6366166553201753,0.4909489995116716,0.6116326386102818,1.076144685034503,-1.846401007415693,-0.7248429625633434,-0.20845576438112698,1.9926969348621257,1.832639087912738
799,-1.286883942442633,1.7266097734938175,-1.0966292409826666,-1.6344327364844315,-1.6344327364844315,-0.13990983389503545,0.5341761323745309,1.076144685034503,-1.7458033229419154,0.6814901417177249,-0.9535194553088262,1.9926969348621257,1.832639087912738
800,-1.286883942442633,-2.249244431821159,0.596896846148679,-0.8407893737085056,-0.8407893737085056,-1.0448078082395797,0.14499805587972184,-0.15084870937381437,0.7091154393411108,-0.7248429625633434,-1.9635529920028896,-0.5069417608218031,-0.7231282023299636
801,-0.6068395940051448,-0.7831509112604526,1.4401497963115393,-0.8409968994373304,-0.8409968994373304,-1.0448078082395797,-0.6428546615559378,-0.15084870937381437,0.7438784499087039,-0.7248429625633434,0.9329939034803214,-0.5179358453082151,-0.7524294358081054
802,0.06124157283138513,0.18462350426545654,-0.6997805743180253,1.6780655645441929,1.6780655645441929,1.320557071623579,0.8820708541696709,1.076144685034503,-1.846401007415693,-0.7248429625633434,0.9329939034803214,1.9926969348621257,1.832639087912738
803,-1.286883942442633,-0.7831509112604526,-0.43782619857187843,0.913982122634285,0.913982122634285,1.320557071623579,0.32726528439533253,1.076144685034503,0.4249382711790127,-0.7248429625633434,0.9329939034803214,-0.40459518762056135,-0.44104916362247854
804,-0.6068395940051448,0.18462350426545654,-1.4368465008018902,-0.8369211097474498,-0.8369211097474498,1.320557071623579,0.8067260943967749,1.076144685034503,0.3290411776946394,-0.7248429625633434,0.9329939034803214,-0.3339418901766453,-0.2965109895250773
805,0.7183483993271397,1.9399097183871035,0.8753852376569202,0.9158590451973905,0.9158590451973905,1.320557071623579,0.41411385339660534,1.076144685034503,0.7335098550907895,1.3139595910895183,0.9329939034803214,-0.5125709511188595,-0.7406214760482572
806,1.3653315772408803,1.9399097183871035,1.2532996212525496,0.9159119255227917,0.9159119255227917,1.320557071623579,2.8426935761266354,1.076144685034503,0.7427884578392868,1.7271999783687426,0.9329939034803214,-0.5164251913145089,-0.7495867788288827
807,0.7183483993271397,1.3137949679419831,-1.0966292409826666,-1.0452165061586245,-1.0452165061586245,1.038108733629151,1.6326483350971666,1.076144685034503,-1.532469182872532,1.785184446210916,-0.9535194553088262,1.8998650556400554,1.7611353315892129
808,-0.6068395940051448,-0.3192260276226928,1.4688950491368133,-0.8410019753999525,-0.8410019753999525,-1.0448078082395797,0.057258970580318154,-0.95099059778028,0.7446232853776991,-0.7248429625633434,0.9329939034803214,-0.518211139031848,-0.7530854335725414
809,0.7183483993271397,0.5429171588792461,0.9587550611015209,0.9158958301812621,0.9158958301812621,-1.0448078082395797,-2.082741919223367,-0.15084870937381437,0.7383350807374729,-0.7248429625633434,-0.20845576438112698,-0.5152653418542192,-0.7471814536926173
810,-1.9800534317272407,-0.7831509112604526,1.4401497963115393,-0.8409965534827473,-0.8409965534827473,-1.0448078082395797,-0.7221654298653043,-0.95099059778028,0.743496910476169,-0.7248429625633434,-0.20845576438112698,-0.5179580289524459,-0.7522107698866268
811,0.06124157283138513,-0.3192260276226928,-1.6875798576679089,-0.8368382705867736,-0.8368382705867736,-1.0448078082395797,0.017234319438574352,-0.95099059778028,0.1535313785969842,-0.7248429625633434,0.9329939034803214,-0.36599864728246484,-0.2676470878898928
812,-0.6068395940051448,-0.3192260276226928,-1.6875798576679089,-0.836932128828062,-0.836932128828062,1.320557071623579,0.23990374766844413,1.076144685034503,0.28264104827439196,-0.7248429625633434,0.9329939034803214,-0.34676220751679016,-0.2899510118807172
813,0.06124157283138513,-0.6329177148899152,-0.7935409314320433,-1.6366992917306165,-1.6366992917306165,-1.0448078082395797,-0.4822042040985217,-0.15084870937381437,-1.846401007415693,-0.7248429625633434,0.9329939034803214,1.9926969348621257,1.832639087912738
814,-0.6068395940051448,0.5429171588792461,0.07885702163666408,0.9153882765150609,0.9153882765150609,0.09373723500751027,-0.37649940989820074,-0.15084870937381437,0.6862296621521924,1.5987739177226339,-1.7567848247092095,-0.48006112348806235,-0.6748030336831774
815,1.3653315772408803,1.5179093872656781,-1.0966292409826666,-1.6366992917306165,-1.6366992917306165,1.320557071623579,1.9579881876070244,1.076144685034503,-1.846401007415693,1.3139595910895183,0.9329939034803214,-7.4138199764151205,1.798089872319108
816,0.7183483993271397,0.5429171588792461,-0.05690022095650312,0.915263679637155,0.915263679637155,-1.0448078082395797,-0.9717534183736576,-0.15084870937381437,0.6366042138297059,-0.7248429625633434,0.9329939034803214,-0.4727449244226486,-0.6398164862465902
817,0.7183483993271397,0.9192685417372938,1.2862670637603377,0.9159250770538718,0.9159250770538718,0.4909489995116716,-1.9977942412310814,-0.15084870937381437,0.7438551625687282,0.6814901417177249,-0.9535194553088262,-0.5173604249372226,-0.7517734380436695
818,1.3653315772408803,0.5429171588792461,0.07885702163666408,0.9154727502361047,0.9154727502361047,0.09373723500751027,-0.8801728208769577,-0.15084870937381437,0.6865477168560536,1.785184446210916,-0.9535194553088262,-0.48711431540188976,-0.6793950180342295
819,-0.6068395940051448,0.3615206116136514,1.4688950491368133,-0.8409938424771282,-0.8409938424771282,-1.0448078082395797,-2.3372702484411785,-0.15084870937381437,0.743656887993827,-0.7248429625633434,-0.9535194553088262,-0.5176907227659957,-0.7519921039651482
820,1.3653315772408803,1.1142527011407997,1.5245203634479854,0.915936160841061,0.915936160841061,1.320557071623579,0.8681925107242938,1.076144685034503,0.7446935023453103,-0.7248429625633434,0.9329939034803214,-0.5182046503810901,-0.7530854335725414
821,0.06124157283138513,1.9399097183871035,-1.4368465008018902,-0.8370226062570519,-0.8370226062570519,1.320557071623579,1.3511323907605877,1.076144685034503,0.35047035268216753,-0.7248429625633434,0.9329939034803214,-0.3429833216304678,-0.3170655861440723
822,-0.6068395940051448,-0.15573403479697187,-0.7935409314320433,0.7204010293837891,0.7204010293837891,-1.0448078082395797,-1.4293320467987463,-1.4725913637312629,-1.0914405354868681,-0.7248429625633434,-2.1861433419008747,1.0587887056503544,1.317024845066033
823,0.06124157283138513,1.5179093872656781,1.2862670637603377,-0.8409868066571177,-0.8409868066571177,1.320557071623579,0.9185456562428527,1.076144685034503,0.7420864087580765,0.6814901417177249,0.9329939034803214,-0.5174221549814628,-0.7508987743577548
824,-0.6068395940051448,0.012210498479343,-1.4368465008018902,0.9125519808557504,0.9125519808557504,-1.0448078082395797,-2.7563193245559505,-0.95099059778028,0.361399846412328,-0.7248429625633434,-0.20845576438112698,-0.316001650702808,-0.34505482409334215
825,0.7183483993271397,1.3137949679419831,-0.5220832969519151,0.8769140533046611,0.8769140533046611,-1.0448078082395797,-0.9906300315153498,-0.15084870937381437,-0.8062683825406277,-0.7248429625633434,0.9329939034803214,0.41760822383606844,0.8497357708661138
826,-0.6068395940051448,-1.0704784509706757,-1.2056037684040617,1.017330430807135,1.017330430807135,-1.0448078082395797,-0.2751171196158701,-1.4725913637312629,-1.8055912801240002,-0.7248429625633434,-0.9535194553088262,1.4909686571666163,1.7534820243374594
827,0.7183483993271397,0.012210498479343,1.4401497963115393,0.9159348940197319,0.9159348940197319,-1.0448078082395797,-0.2374194393632749,-0.95099059778028,0.7444305969624807,-0.7248429625633434,0.9329939034803214,-0.5181172101832205,-0.7530854335725414
828,0.06124157283138513,0.7288282052758756,0.596896846148679,-0.8408781610546693,-0.8408781610546693,-1.0448078082395797,-0.12969537181933005,-0.15084870937381437,0.7281273957360829,-0.7248429625633434,0.9329939034803214,-0.5110750295121975,-0.7351548280112905
829,-0.6068395940051448,-0.4782817281967989,1.3499397660754524,0.9159340581883676,0.9159340581883676,-1.0448078082395797,-0.8375934223240682,-0.95099059778028,0.7444119562655395,-0.7248429625633434,-0.9535194553088262,-0.5180574530111279,-0.7528667676510628
830,-1.9800534317272407,-1.9401103544135405,-1.4368465008018902,0.9003277651915123,0.9003277651915123,-1.0448078082395797,-1.688262010309667,-2.178103500622471,-0.8329748686344722,-0.7248429625633434,-0.9535194553088262,0.020679530961897858,0.44323582283726526
831,0.7183483993271397,1.1142527011407997,-0.609349805834491,0.2518020567369847,0.2518020567369847,1.320557071623579,0.6874352723744732,1.076144685034503,-1.6933967503322298,-0.7248429625633434,0.9329939034803214,1.0158804073992935,1.6618610032378964
832,0.7183483993271397,-0.3192260276226928,-1.0966292409826666,-0.838059848739626,-0.838059848739626,0.4909489995116716,-0.4951459528330203,-0.15084870937381437,0.4871179696070386,0.6814901417177249,-0.9535194553088262,-0.3504394798328237,-0.4167772463383461
833,-0.6068395940051448,0.3615206116136514,-0.609349805834491,-1.6366984782146716,-1.6366984782146716,-1.0448078082395797,0.08625901871395547,-0.15084870937381437,-1.846401007415693,-0.7248429625633434,0.9329939034803214,1.9926969348621257,1.832639087912738
834,-0.6068395940051448,-1.207608518291043,-1.2056037684040617,0.9102898674249827,0.9102898674249827,0.09373723500751027,-0.9993316588772976,-0.15084870937381437,0.3712007463372972,0.6814901417177249,-1.7567848247092095,-0.20293986128986272,-0.15743946346464283
835,0.06124157283138513,-0.15573403479697187,0.6948253554831438,-0.8409118549421256,-0.8409118549421256,0.09373723500751027,0.13785247936239292,-0.15084870937381437,0.7368189029615309,1.785184446210916,-1.7567848247092095,-0.5119179747948452,-0.7406214760482572
836,-0.6068395940051448,0.012210498479343,0.7875256792227042,0.9158813051720897,0.9158813051720897,-1.0448078082395797,-0.6399887479251565,-0.95099059778028,0.7345330166318327,-0.7248429625633434,0.9329939034803214,-0.5146137739647887,-0.7432454671060013
837,0.7183483993271397,-0.7831509112604526,-0.43782619857187843,0.914355047391822,0.914355047391822,1.320557071623579,0.273243784136856,1.076144685034503,0.5245963336060744,-0.7248429625633434,0.9329939034803214,-0.4204974673385104,-0.5212995568051506
838,0.7183483993271397,-0.15573403479697187,0.07885702163666408,-0.840454529506496,-0.840454529506496,1.320557071623579,1.133761046743702,1.076144685034503,0.6686275494911674,-0.7248429625633434,0.9329939034803214,-0.49084454737507405,-0.673709704075784
839,0.7183483993271397,-0.15573403479697187,0.07885702163666408,-0.8404170744305569,-0.8404170744305569,0.4909489995116716,1.3916089016653235,1.076144685034503,0.6859907545939633,1.5987739177226339,-0.20845576438112698,-0.48045729643314045,-0.6750216996046561
840,1.3653315772408803,0.5429171588792461,-1.2056037684040617,-0.8350088573906345,-0.8350088573906345,1.320557071623579,1.4539513512303794,1.076144685034503,0.36663906063359586,1.7271999783687426,0.9329939034803214,-0.20932781043507584,-0.18980201984348605
841,1.3653315772408803,-0.3192260276226928,-1.0966292409826666,1.678065580652547,1.678065580652547,1.320557071623579,1.5599481385071787,1.076144685034503,-1.846401007415693,-0.7248429625633434,0.9329939034803214,0.5038577351200103,1.832639087912738
842,-0.6068395940051448,-0.3192260276226928,1.4970121371563547,-0.8409990851115281,-0.8409990851115281,-1.0448078082395797,0.20624741051709572,-0.15084870937381437,0.7437984467097513,-0.7248429625633434,0.9329939034803214,-0.5181028853161346,-0.7528667676510628
843,-0.6068395940051448,-0.4782817281967989,1.3499397660754524,0.9159340898152073,0.9159340898152073,-1.0448078082395797,-0.9815091126967505,-1.8124948439702304,0.7444211838861983,-0.7248429625633434,-0.9535194553088262,-0.5180510944066179,-0.7528667676510628
844,0.06124157283138513,-0.4782817281967989,0.32627356367831745,0.9156525374505601,0.9156525374505601,-1.0448078082395797,-0.6078395261717802,-1.4725913637312629,0.6968281270183899,-0.7248429625633434,0.9329939034803214,-0.49819460709756797,-0.7062909263761059
845,-0.6068395940051448,1.3137949679419831,-0.7935409314320433,-1.6366992917306165,-1.6366992917306165,0.09373723500751027,-0.19331930960342622,-0.15084870937381437,-1.846401007415693,0.6814901417177249,-1.439676889932701,1.9926969348621257,1.832639087912738
846,-2.687730675127689,-2.249244431821159,0.596896846148679,-0.8407946300232444,-0.8407946300232444,-1.0448078082395797,-1.1916087519275989,-2.333041460501499,0.6979494842243216,-0.7248429625633434,-1.9635529920028896,-0.5097974779426846,-0.7235655341729209
847,0.7183483993271397,0.3615206116136514,1.4401497963115393,0.9159318581519673,0.9159318581519673,0.4909489995116716,0.2220377675018332,1.076144685034503,0.7444222202714645,-0.7248429625633434,-0.20845576438112698,-0.5178646070443244,-0.7526481017295841
848,-0.6068395940051448,-0.7831509112604526,-0.43782619857187843,0.9142562192166922,0.9142562192166922,-1.0448078082395797,-0.622835499851727,-0.15084870937381437,0.5019980735704844,-0.7248429625633434,-0.20845576438112698,-0.41223760378794005,-0.4985583009713689
849,-0.6068395940051448,0.012210498479343,0.7875256792227042,0.9158674354273015,0.9158674354273015,0.4909489995116716,1.3083073204531905,1.076144685034503,0.7348080609864954,-0.7248429625633434,-0.20845576438112698,-0.5135645677895997,-0.7404028101267786
850,-1.286883942442633,-0.15573403479697187,0.9176107320831984,-0.8409525965206919,-0.8409525965206919,-1.0448078082395797,-0.39721302641080414,-0.95099059778028,0.7372699739757916,-0.7248429625633434,-1.439676889932701,-0.5152012690655839,-0.746088124085224
851,0.06124157283138513,0.3615206116136514,0.7875256792227042,-0.8409311970796568,-0.8409311970796568,0.4909489995116716,-0.08519519711658434,-0.15084870937381437,0.7328656151058572,-0.7248429625633434,-0.20845576438112698,-0.5149537502795909,-0.7428081352630439
852,1.3653315772408803,1.9399097183871035,0.7875256792227042,-0.8408999970629284,-0.8408999970629284,0.09373723500751027,-0.4490560116565678,-0.95099059778028,0.7298711924413084,1.5987739177226339,-0.20845576438112698,-0.5113114812964497,-0.7384348168334706
853,-1.286883942442633,-0.3192260276226928,1.4688950491368133,0.9159285573280044,0.9159285573280044,0.4909489995116716,-0.44377783437891943,-0.95099059778028,0.7443088496126079,0.6814901417177249,-1.7567848247092095,-0.5176275335687873,-0.7519921039651482
854,-1.286883942442633,-1.9401103544135405,-1.4368465008018902,0.8934089365633283,0.8934089365633283,1.320557071623579,0.7957021364313367,1.076144685034503,-0.538834617065265,-0.7248429625633434,0.9329939034803214,0.18618902452078606,0.724877529701793
855,0.06124157283138513,-0.6329177148899152,-0.7935409314320433,-1.6366992917294365,-1.6366992917294365,1.320557071623579,0.39493212908527525,1.076144685034503,-1.846401007415693,-0.7248429625633434,0.9329939034803214,1.9926969348621257,1.832639087912738
856,-0.6068395940051448,0.5429171588792461,-0.890807570747768,-0.8384720229279028,-0.8384720229279028,0.09373723500751027,-1.1988760967203012,-0.95099059778028,0.47469984418486033,1.3139595910895183,-1.9635529920028896,-0.3831083928543781,-0.4561371122045068
857,-1.286883942442633,-0.15573403479697187,1.3499397660754524,-0.8409996518267393,-0.8409996518267393,1.320557071623579,0.8537716251141141,1.076144685034503,0.7441279699117532,-0.7248429625633434,0.9329939034803214,-0.518075879810104,-0.7528667676510628
858,-1.9800534317272407,-1.9401103544135405,-1.4368465008018902,0.9028746954506559,0.9028746954506559,-1.0448078082395797,-0.5846859329847897,-1.8124948439702304,-0.28575751755347106,-0.7248429625633434,-0.9535194553088262,0.012701954849053015,0.33696418499863134
859,0.06124157283138513,0.3615206116136514,-0.20170368517362758,-0.8401454923573652,-0.8401454923573652,1.320557071623579,0.4276002797727387,1.076144685034503,0.6324941521960586,1.3139595910895183,0.9329939034803214,-0.46620456740171434,-0.6376298270318034
860,2.0029299159217206,0.9192685417372938,-1.4368465008018902,-0.8297373598864414,-0.8297373598864414,1.320557071623579,2.016950752713356,1.076144685034503,-0.06648909784099692,1.7271999783687426,0.9329939034803214,-0.11968339471308725,0.11698626799108876
861,0.06124157283138513,-1.0704784509706757,-1.2056037684040617,1.0493936793435936,1.0493936793435936,0.8166034983614915,2.288757282818681,1.076144685034503,-1.5419114613435976,1.785184446210916,-0.9535194553088262,1.8027280756145108,1.7329274277184643
862,0.06124157283138513,-0.15573403479697187,-0.5220832969519151,0.8116285269611552,0.8116285269611552,-0.13990983389503545,0.26392879646904477,1.076144685034503,-1.1066482762095746,1.5987739177226339,-0.9535194553088262,0.8299177043694376,1.1342201347098642
863,-1.286883942442633,-0.7831509112604526,1.4401497963115393,-0.8409961208543576,-0.8409961208543576,0.09373723500751027,-0.41658304892584647,-0.15084870937381437,0.7442147464298116,1.3139595910895183,-1.9635529920028896,-0.5177851517764552,-0.7524294358081054
864,0.06124157283138513,-2.249244431821159,0.596896846148679,-0.8408273368765606,-0.8408273368765606,0.4909489995116716,0.9476683725156348,1.076144685034503,0.7198144324362259,-0.7248429625633434,-0.20845576438112698,-0.5079800550356858,-0.7290321822098877
865,0.7183483993271397,1.9399097183871035,0.07885702163666408,0.915234247434924,0.915234247434924,-1.0448078082395797,-0.20620012932881737,-0.15084870937381437,0.6314571823141968,-0.7248429625633434,0.9329939034803214,-0.47227088631274056,-0.6424404773043342
866,0.06124157283138513,0.5429171588792461,-0.890807570747768,-0.8385533528705097,-0.8385533528705097,-1.0448078082395797,-1.528420998940222,-0.95099059778028,0.45752892364596004,1.3139595910895183,-1.7567848247092095,-0.37963215879303913,-0.46335308761330296
867,-0.6068395940051448,-0.9289986021507155,-0.7935409314320433,-0.8050444104096927,-0.8050444104096927,-1.0448078082395797,-0.5139631320009492,-1.4725913637312629,-0.9302358975035162,-0.7248429625633434,0.9329939034803214,0.13642576888162303,0.7550534268658495
868,0.7183483993271397,-0.15573403479697187,-0.3564333373946572,0.9148018111925672,0.9148018111925672,-1.0448078082395797,-0.4980749870568688,-0.95099059778028,0.6131859176510693,-0.7248429625633434,0.9329939034803214,-0.4426560476491682,-0.5893046583850172
869,-0.6068395940051448,0.012210498479343,-0.890807570747768,1.6780655806378881,1.6780655806378881,-1.0448078082395797,-0.28929494450583737,-1.4725913637312629,-1.846401007415693,-0.7248429625633434,-0.20845576438112698,1.9926969348621257,1.832639087912738
870,0.06124157283138513,1.5179093872656781,0.998857091486796,0.9158799162824164,0.9158799162824164,-1.0448078082395797,-0.7347481793038969,-0.15084870937381437,0.7380151988788022,0.6814901417177249,-0.9535194553088262,-0.5142364170188446,-0.7436827989489586
871,-0.6068395940051448,0.18462350426545654,-1.4368465008018902,-0.837102152595518,-0.837102152595518,1.320557071623579,0.727792425574056,1.076144685034503,0.25803781678796095,-0.7248429625633434,0.9329939034803214,-0.3433831269713039,-0.2958549917606413
872,2.0029299159217206,1.5179093872656781,1.5245203634479854,0.9159352932835861,0.9159352932835861,0.4909489995116716,-0.7390533322035099,-0.15084870937381437,0.7448494022678755,1.7271999783687426,-0.9535194553088262,-0.5181141487256007,-0.7530854335725414
873,0.06124157283138513,-0.15573403479697187,0.3835944209246597,0.915502435047192,0.915502435047192,-1.0448078082395797,-2.2859459838642846,-1.4725913637312629,0.6774946841854352,-0.7248429625633434,-0.20845576438112698,-0.48756972443024593,-0.6850803319926749
874,1.3653315772408803,0.5429171588792461,-1.2056037684040617,-0.8355692223617306,-0.8355692223617306,1.320557071623579,0.36422538172355345,1.076144685034503,0.17188606809076745,-0.7248429625633434,0.9329939034803214,-0.2730726218422969,-0.19679932933080352
875,1.3653315772408803,-0.3192260276226928,1.4688950491368133,0.9159273695552181,0.9159273695552181,1.320557071623579,1.32660922645714,1.076144685034503,0.7439200832997398,1.785184446210916,0.9329939034803214,-0.5175618421023961,-0.7517734380436695
876,-0.6068395940051448,0.012210498479343,-1.4368465008018902,0.9114226791636275,0.9114226791636275,1.320557071623579,0.5067519828730339,1.076144685034503,0.2450875023234675,-0.7248429625633434,0.9329939034803214,-0.26418051528863196,-0.21757259187127723
877,0.7183483993271397,0.012210498479343,0.7875256792227042,0.9158657366869591,0.9158657366869591,0.4909489995116716,-0.020307655364266358,-0.15084870937381437,0.736044240771291,-0.7248429625633434,0.9329939034803214,-0.5131261044026336,-0.7425894693415652
878,-1.286883942442633,-1.9401103544135405,-1.4368465008018902,0.8990214631930519,0.8990214631930519,0.09373723500751027,0.12753351892873704,-0.15084870937381437,-0.4142157916347206,1.3139595910895183,-1.439676889932701,0.12326220074488964,0.373044062042612
879,0.06124157283138513,-2.249244431821159,0.596896846148679,-0.8408207661041228,-0.8408207661041228,0.09373723500751027,-0.7320484320700741,-0.15084870937381437,0.7196690507985016,0.6814901417177249,-1.439676889932701,-0.5068131774464985,-0.7272828548380583
880,-0.6068395940051448,0.3615206116136514,0.7875256792227042,-0.8409357157486458,-0.8409357157486458,1.320557071623579,0.5783574923038638,1.076144685034503,0.7325726927295326,-0.7248429625633434,0.9329939034803214,-0.5153117016903633,-0.7432454671060013
881,-0.6068395940051448,-1.3404072818833723,-0.7935409314320433,-1.6366992917306165,-1.6366992917306165,-1.0448078082395797,-0.6283239735642874,-1.4725913637312629,-1.846401007415693,0.6814901417177249,-1.9635529920028896,1.62245949145183,1.832639087912738
882,0.06124157283138513,0.3615206116136514,-0.6997805743180253,-0.8389567146075679,-0.8389567146075679,0.4909489995116716,0.5967410009696175,1.076144685034503,0.5006834039670216,1.3139595910895183,-0.20845576438112698,-0.42130606765391343,-0.49877696689284756
883,-1.9800534317272407,0.3615206116136514,-0.3564333373946572,0.9152106111528685,0.9152106111528685,0.4909489995116716,0.06922503043140721,-0.15084870937381437,0.6363890930037628,-0.7248429625633434,-0.20845576438112698,-0.4706271561430852,-0.6249472035860405
884,1.3653315772408803,1.3137949679419831,-1.0966292409826666,-1.1761576425412938,-1.1761576425412938,0.9585687599127407,0.4932050856909844,1.076144685034503,-1.6623097811089387,1.7271999783687426,-0.20845576438112698,1.9824297137912035,1.756980679081118
885,0.7183483993271397,0.012210498479343,1.4970121371563547,0.915935506529627,0.915935506529627,-0.13990983389503545,-1.864403099027043,-0.15084870937381437,0.744881522652081,0.6814901417177249,-0.9535194553088262,-0.5181356457770911,-0.7530854335725414
886,1.3653315772408803,0.9192685417372938,-1.0966292409826666,1.6733123555114842,1.6733123555114842,0.9585687599127407,0.2032680477027429,-0.15084870937381437,-1.6491050667516154,1.7271999783687426,-0.9535194553088262,1.9926969348621257,1.832639087912738
887,-0.6068395940051448,-1.3404072818833723,1.2532996212525496,-0.8409816462751367,-0.8409816462751367,-1.0448078082395797,0.09706131068146426,-0.95099059778028,0.7422457536502839,-0.7248429625633434,-0.9535194553088262,-0.5167933678505104,-0.7504614425147974
888,1.3653315772408803,1.3137949679419831,-0.7935409314320433,1.678065580652547,1.678065580652547,1.320557071623579,1.0180071259406203,1.076144685034503,-1.846401007415693,1.3139595910895183,0.9329939034803214,1.9926969348621257,1.832639087912738
889,0.06124157283138513,-1.3404072818833723,0.3835944209246597,-0.8407106260697602,-0.8407106260697602,-1.0448078082395797,-1.030321008089788,-1.4725913637312629,0.6971565056619792,-0.7248429625633434,-0.20845576438112698,-0.5017671685108658,-0.709570915198286
890,0.7183483993271397,-0.15573403479697187,1.3499397660754524,-0.8410003778895307,-0.8410003778895307,1.320557071623579,0.7375779056874185,1.076144685034503,0.7443460724439521,-0.7248429625633434,0.9329939034803214,-0.5181849304197457,-0.7528667676510628
891,0.7183483993271397,0.012210498479343,1.4970121371563547,0.9159365551477188,0.9159365551477188,1.320557071623579,0.9871222887238349,1.076144685034503,0.7449877482099215,-0.7248429625633434,0.9329939034803214,-0.5182269532256907,-0.7533040994940201
892,0.7183483993271397,0.012210498479343,1.1495589434580107,0.9159160251989302,0.9159160251989302,1.320557071623579,0.6460097437936602,1.076144685034503,0.7411793724004335,-0.7248429625633434,0.9329939034803214,-0.5168318158620427,-0.7491494469859253
893,1.3653315772408803,1.7266097734938175,-0.6997805743180253,-1.6366992917306165,-1.6366992917306165,0.9585687599127407,0.9396367769783631,1.076144685034503,-1.846401007415693,1.3139595910895183,-0.20845576438112698,0.5215484272810577,1.832639087912738
894,1.3653315772408803,0.9192685417372938,-1.4368465008018902,-0.828833518666399,-0.828833518666399,-1.0448078082395797,-0.019731064789169077,-0.15084870937381437,-0.4589905240943404,-0.7248429625633434,0.9329939034803214,-0.23948230956723812,0.2221645762223293
895,0.06124157283138513,0.9192685417372938,0.8320378128213087,0.9158762717497907,0.9158762717497907,-1.0448078082395797,0.018807802801612265,-0.15084870937381437,0.7350044699809262,-0.7248429625633434,0.9329939034803214,-0.5139430250707171,-0.7436827989489586
896,0.06124157283138513,-0.7831509112604526,1.4401497963115393,-0.8409972841098885,-0.8409972841098885,-1.0448078082395797,-1.167984515469928,-0.95099059778028,0.743795895852851,-0.7248429625633434,0.9329939034803214,-0.5179250108671261,-0.7524294358081054
897,-1.9800534317272407,-0.7831509112604526,-1.3189260742195756,-1.6354076732087715,-1.6354076732087715,0.9585687599127407,0.2848543060366732,1.076144685034503,-1.783013950853016,1.5987739177226339,-0.9535194553088262,1.9926969348621257,1.832639087912738
898,-0.6068395940051448,0.9192685417372938,-0.6997805743180253,-0.7004101838328995,-0.7004101838328995,0.09373723500751027,-0.0915231078320936,-0.95099059778028,-1.2842042814443377,0.6814901417177249,0.9329939034803214,0.76866567617334,1.2197185100080246
899,0.06124157283138513,-0.15573403479697187,1.3499397660754524,-0.8409997959551483,-0.8409997959551483,1.320557071623579,0.5164351891243036,1.076144685034503,0.744190578284413,0.6814901417177249,0.9329939034803214,-0.5180866516092956,-0.7528667676510628
900,-1.286883942442633,-0.6329177148899152,-0.7935409314320433,-1.6366992917306165,-1.6366992917306165,-1.0448078082395797,-0.2333373474799431,-0.15084870937381437,-1.846401007415693,-0.7248429625633434,0.9329939034803214,1.9926969348621257,1.832639087912738
901,-0.6068395940051448,-0.3192260276226928,1.2532996212525496,-0.8409858147034837,-0.8409858147034837,0.8166034983614915,-0.6142429723471399,-0.95099059778028,0.7428272874420565,1.5987739177226339,-0.9535194553088262,-0.5170309391587968,-0.7508987743577548
902,-1.286883942442633,-1.9401103544135405,-1.4368465008018902,0.9054684098128966,0.9054684098128966,-1.0448078082395797,-0.9029953482530367,-1.8124948439702304,-0.3096870301859448,-0.7248429625633434,-0.9535194553088262,-0.08067186198929818,0.24490583205611105
903,0.7183483993271397,-0.4782817281967989,-0.12811865571019718,0.9152402438451842,0.9152402438451842,1.320557071623579,0.34242638671042663,1.076144685034503,0.6606869138923556,0.6814901417177249,0.9329939034803214,-0.47261603458176765,-0.6393791544036328
904,0.06124157283138513,-1.0704784509706757,-1.2056037684040617,0.4256583493380431,0.4256583493380431,0.8166034983614915,1.2908088968675966,1.076144685034503,-1.2966346360670367,1.3139595910895183,-0.9535194553088262,1.689389379744552,1.6553010255935363
905,-0.6068395940051448,-0.9289986021507155,-0.9917695249306604,-1.6283182689880478,-1.6283182689880478,-1.0448078082395797,-0.5949921162669461,-1.4725913637312629,-1.846401007415693,-0.7248429625633434,0.9329939034803214,1.9926969348621257,1.832639087912738
906,0.06124157283138513,1.9399097183871035,0.3835944209246597,0.915629143402189,0.915629143402189,-1.0448078082395797,-0.045161366150659916,-0.15084870937381437,0.7101042108925534,-0.7248429625633434,-0.20845576438112698,-0.49661980428979374,-0.704978930847234
907,1.3653315772408803,1.7266097734938175,0.7875256792227042,0.9158188544235257,0.9158188544235257,1.320557071623579,0.5067522531195349,1.076144685034503,0.7268079332882175,0.6814901417177249,0.9329939034803214,-0.5102216881079312,-0.7334055006394611
908,0.06124157283138513,1.7266097734938175,1.4970121371563547,-0.8409916554321953,-0.8409916554321953,0.09373723500751027,0.14321854112360763,-0.15084870937381437,0.7434114863326983,0.6814901417177249,-0.20845576438112698,-0.5175812599782302,-0.7517734380436695
909,2.0029299159217206,-0.6329177148899152,0.545839849894629,-0.8408379901254828,-0.8408379901254828,1.320557071623579,1.852859460252854,1.076144685034503,0.7251464356009026,1.3139595910895183,0.9329939034803214,-0.507872364610376,-0.7296881799743237
910,0.06124157283138513,0.9192685417372938,1.2862670637603377,0.9159248601697589,0.9159248601697589,0.4909489995116716,-2.7182570257765453,-0.15084870937381437,0.7436278101251081,1.5987739177226339,-1.439676889932701,-0.5173592512533235,-0.7515547721221908
911,1.3653315772408803,0.3615206116136514,-0.43782619857187843,-0.779604160363422,-0.779604160363422,0.09373723500751027,1.421333234725563,1.076144685034503,-0.8351436622567953,1.7271999783687426,-0.9535194553088262,0.3888268744834244,0.9564447405477051
912,-1.286883942442633,-1.3404072818833723,-0.7935409314320433,-1.6366992917306165,-1.6366992917306165,-1.0448078082395797,-0.157959995446573,-0.95099059778028,-1.846401007415693,-0.7248429625633434,0.9329939034803214,1.686611914172902,1.832639087912738
913,-0.6068395940051448,1.7266097734938175,-0.6997805743180253,0.7216956981240171,0.7216956981240171,-1.0448078082395797,-0.33106283195373337,-2.178103500622471,-1.5362492803375578,-0.7248429625633434,0.9329939034803214,0.9343726033663459,1.4718403174729315
914,-1.286883942442633,1.1142527011407997,-0.609349805834491,0.5260094511626378,0.5260094511626378,-1.0448078082395797,-0.3956815444490399,-0.15084870937381437,-1.4321313773186959,-0.7248429625633434,-1.7567848247092095,1.5944333525376138,1.6736689629977446
915,0.7183483993271397,-0.7831509112604526,-0.43782619857187843,0.9141593110341498,0.9141593110341498,-0.13990983389503545,-1.7162808032624794,-1.4725913637312629,0.4887272532653186,0.6814901417177249,-1.439676889932701,-0.40554588746520076,-0.5055556104586864
916,0.06124157283138513,0.5429171588792461,1.1132717912815746,0.9159064156279583,0.9159064156279583,1.320557071623579,1.3571699712382637,1.076144685034503,0.7406513744434468,0.6814901417177249,0.9329939034803214,-0.5161242056527598,-0.7480561173785321
917,-1.9800534317272407,1.1142527011407997,-0.609349805834491,0.7309474853836102,0.7309474853836102,-1.0448078082395797,-0.7520856667860818,-1.4725913637312629,-1.8401340023289852,-0.7248429625633434,0.9329939034803214,1.059513429160224,1.7193701405867867
918,2.0029299159217206,0.3615206116136514,1.4401497963115393,0.9159326057086954,0.9159326057086954,1.320557071623579,1.2705780399159852,1.076144685034503,0.7443316159640031,1.785184446210916,0.9329939034803214,-0.5179276549670202,-0.7528667676510628
919,-1.286883942442633,-0.4782817281967989,1.3499397660754524,0.915933448559419,0.915933448559419,-1.0448078082395797,-0.21898563936351725,-0.15084870937381437,0.7445988944582222,-0.7248429625633434,0.9329939034803214,-0.5179940625394541,-0.7528667676510628
920,0.7183483993271397,0.3615206116136514,-0.43782619857187843,-0.7828995039250465,-0.7828995039250465,1.320557071623579,0.2788048242357855,1.076144685034503,-1.0152307688079347,-0.7248429625633434,0.9329939034803214,0.3305954299647633,0.9459487763167289
921,0.7183483993271397,0.18462350426545654,-0.6997805743180253,1.6780652183867955,1.6780652183867955,-1.0448078082395797,-0.6334364867484986,-0.95099059778028,-1.846401007415693,-0.7248429625633434,0.9329939034803214,1.9926969348621257,1.832639087912738
922,0.7183483993271397,0.3615206116136514,-0.6997805743180253,-0.8392299449790657,-0.8392299449790657,0.4909489995116716,-0.7840396306364467,-0.15084870937381437,0.4979966856647826,1.3139595910895183,-0.9535194553088262,-0.4306535074538388,-0.5313581891931695
923,-0.6068395940051448,0.012210498479343,1.4401497963115393,0.9159346794363682,0.9159346794363682,0.09373723500751027,0.931040463094746,1.076144685034503,0.7448888811192321,1.3139595910895183,-1.7567848247092095,-0.518072881515818,-0.7530854335725414
924,-0.6068395940051448,0.012210498479343,0.7875256792227042,0.9158756090427381,0.9158756090427381,-1.0448078082395797,-1.2973545949642968,-1.4725913637312629,0.7346197132996021,-0.7248429625633434,0.9329939034803214,-0.5140326572135634,-0.7428081352630439
925,-1.286883942442633,0.9192685417372938,1.0379538991900714,-0.8409711113576986,-0.8409711113576986,1.320557071623579,0.752556767868675,1.076144685034503,0.740398954580962,-0.7248429625633434,0.9329939034803214,-0.5166833766042954,-0.7487121151429681
926,0.7183483993271397,0.7288282052758756,0.493311596434884,0.9156929884386656,0.9156929884386656,-1.0448078082395797,-0.6791386176220413,-0.15084870937381437,0.715666535114809,-0.7248429625633434,0.9329939034803214,-0.5017821687424274,-0.7132882358634234
927,0.06124157283138513,1.9399097183871035,-0.5220832969519151,-0.25574427075570394,-0.25574427075570394,1.320557071623579,1.3044452285227541,1.076144685034503,-1.5346555877034422,0.6814901417177249,0.9329939034803214,1.1738382606870967,1.5330667754869594
928,-0.6068395940051448,0.012210498479343,-1.3189260742195756,-0.0017860430156834725,-0.0017860430156834725,-1.0448078082395797,-0.1713676095291643,-1.4725913637312629,-1.794451405169178,-0.7248429625633434,0.9329939034803214,1.468979083548313,1.7316154321895922
929,0.7183483993271397,0.3615206116136514,0.9587550611015209,-0.8409610199685651,-0.8409610199685651,1.320557071623579,0.9109248645395424,1.076144685034503,0.7382184108196728,0.6814901417177249,0.9329939034803214,-0.5158590200092568,-0.747400119614096
930,0.06124157283138513,0.18462350426545654,1.2532996212525496,-0.8409889616910883,-0.8409889616910883,-1.0448078082395797,-0.3817160295968829,-0.15084870937381437,0.7422544514256959,-0.7248429625633434,0.9329939034803214,-0.5175205547304044,-0.7511174402792334
931,1.3653315772408803,1.5179093872656781,-0.609349805834491,1.6778931075860115,1.6778931075860115,0.8166034983614915,1.8741110319072,1.076144685034503,-1.846401007415693,1.3139595910895183,-0.20845576438112698,1.9926969348621257,1.832639087912738
932,-0.6068395940051448,0.9192685417372938,1.2862670637603377,0.915925792945289,0.915925792945289,-1.0448078082395797,-0.4923125573964738,-0.15084870937381437,0.7438638477567537,-0.7248429625633434,0.9329939034803214,-0.5174657542288122,-0.7517734380436695
933,1.3653315772408803,1.7266097734938175,-0.3564333373946572,0.9144729854093074,0.9144729854093074,1.320557071623579,0.9299509296876272,1.076144685034503,0.5961060187705342,0.6814901417177249,-0.20845576438112698,-0.420263856409502,-0.5455714740892831
934,-1.286883942442633,-0.7831509112604526,1.4401497963115393,-0.8409960956021977,-0.8409960956021977,0.09373723500751027,-0.015690627388004544,-0.15084870937381437,0.7441713631209,-0.7248429625633434,-1.439676889932701,-0.5178034968837225,-0.7524294358081054
935,0.06124157283138513,0.012210498479343,1.4970121371563547,0.9159361884912922,0.9159361884912922,0.8166034983614915,0.6398975771855591,1.076144685034503,0.7449175607316062,1.7271999783687426,-0.20845576438112698,-0.5181887166740156,-0.7533040994940201
936,0.06124157283138513,0.5429171588792461,-0.12811865571019718,-0.8402940035791548,-0.8402940035791548,0.09373723500751027,-0.7200037602492424,-0.95099059778028,0.659490036801205,0.6814901417177249,-1.439676889932701,-0.47363703591235434,-0.655123100750097
937,2.0029299159217206,0.5429171588792461,-0.05690022095650312,0.9153146329145159,0.9153146329145159,0.6935969792628359,0.5639512672254041,1.076144685034503,0.6866452735138141,1.785184446210916,-0.9535194553088262,-0.47400821289791234,-0.6660563968240306
938,0.06124157283138513,0.3615206116136514,-0.609349805834491,-1.6366992439430073,-1.6366992439430073,0.9585687599127407,0.05985056406197638,-0.15084870937381437,-1.846401007415693,1.7271999783687426,-0.20845576438112698,1.9926969348621257,1.832639087912738
939,-1.286883942442633,-2.249244431821159,0.596896846148679,-0.840766978569611,-0.840766978569611,1.320557071623579,0.3501892219616427,1.076144685034503,0.7087486357941643,-0.7248429625633434,0.9329939034803214,-0.5056404770113608,-0.7205042112722195
940,-0.6068395940051448,-0.3192260276226928,1.4688950491368133,0.9159258256435495,0.9159258256435495,-1.0448078082395797,0.17865534164576433,-0.15084870937381437,0.7435604049281878,-0.7248429625633434,-0.20845576438112698,-0.5174517404854682,-0.7515547721221908
941,-0.6068395940051448,0.3615206116136514,0.8320378128213087,0.9158525546637447,0.9158525546637447,1.320557071623579,0.6424866712715657,1.076144685034503,0.7310285013580168,-0.7248429625633434,0.9329939034803214,-0.5124743511251679,-0.7371228213045985
942,1.3653315772408803,0.9192685417372938,-1.0966292409826666,1.650195395258412,1.650195395258412,1.320557071623579,0.9394918630440837,1.076144685034503,-1.846401007415693,-0.7248429625633434,0.9329939034803214,1.9926969348621257,1.832639087912738
943,-0.6068395940051448,1.3137949679419831,1.4970121371563547,0.915925359246265,0.915925359246265,1.320557071623579,0.3469475621561687,1.076144685034503,0.7428658230350124,-0.7248429625633434,0.9329939034803214,-0.5174668089556784,-0.7513361062007121
944,0.06124157283138513,-0.15573403479697187,0.3835944209246597,0.9155320412303818,0.9155320412303818,1.320557071623579,1.2729816804510334,1.076144685034503,0.7019583391771324,0.6814901417177249,0.9329939034803214,-0.49025525366618905,-0.6898909822652056
945,-1.9800534317272407,-2.249244431821159,0.596896846148679,-0.840805839783521,-0.840805839783521,-0.13990983389503545,-2.264889089887737,-1.4725913637312629,0.7094535672906862,0.6814901417177249,-2.1861433419008747,-0.5044987455206256,-0.7261895252306649
946,-1.286883942442633,1.7266097734938175,0.26721711459919323,-0.840522767029088,-0.840522767029088,-1.0448078082395797,-0.5123150920931617,-0.15084870937381437,0.6758927095642787,-0.7248429625633434,-0.9535194553088262,-0.491509173597243,-0.6855176638356323
947,0.06124157283138513,-0.3192260276226928,-0.9917695249306604,0.8899528355013812,0.8899528355013812,0.4909489995116716,0.024310922213466816,-0.15084870937381437,-0.5255312953847429,-0.7248429625633434,-0.20845576438112698,0.2640005917334684,0.6529364415353104
948,0.7183483993271397,1.5179093872656781,1.2862670637603377,0.9159196783700331,0.9159196783700331,1.320557071623579,0.3838768800736296,1.076144685034503,0.7419838548852592,-0.7248429625633434,0.9329939034803214,-0.5170481909181391,-0.7504614425147974
949,-0.6068395940051448,-1.207608518291043,-1.2056037684040617,0.9103600991495859,0.9103600991495859,-1.0448078082395797,-0.3929321607084295,-1.4725913637312629,0.08431286626198599,-0.7248429625633434,-0.20845576438112698,-0.23552031560913278,-0.036954540729895326
950,0.7183483993271397,-2.249244431821159,0.596896846148679,-0.8407513507875125,-0.8407513507875125,-1.0448078082395797,0.20968254574719575,-0.15084870937381437,0.7059472517218202,-0.7248429625633434,0.9329939034803214,-0.5036954840886327,-0.7163495587641248
951,0.06124157283138513,1.3137949679419831,0.493311596434884,-0.8407478681500435,-0.8407478681500435,1.320557071623579,0.4996825649752721,1.076144685034503,0.7045774249804951,-0.7248429625633434,0.9329939034803214,-0.5033674681700033,-0.7163495587641248
952,0.7183483993271397,0.012210498479343,-1.4368465008018902,0.9117845772039546,0.9117845772039546,0.6935969792628359,-2.7146411367273515,-0.95099059778028,0.4509926559841483,1.7271999783687426,-1.439676889932701,-0.274799788203695,-0.30853761520640416
953,-1.9800534317272407,-0.6329177148899152,-0.7935409314320433,-1.63669727180376,-1.63669727180376,-1.0448078082395797,-1.611172468302966,-1.4725913637312629,-1.846401007415693,-0.7248429625633434,-0.20845576438112698,1.9926969348621257,1.832639087912738
954,0.06124157283138513,-0.3192260276226928,-1.6875798576679089,-0.8365838578429043,-0.8365838578429043,1.320557071623579,0.7035457032661906,1.076144685034503,0.07578709722385142,-0.7248429625633434,0.9329939034803214,-0.39147324985670906,-0.2523404733863858
955,-0.6068395940051448,1.9399097183871035,-0.6997805743180253,0.9139999747758057,0.9139999747758057,-1.0448078082395797,-0.26852443926356534,-0.95099059778028,0.4691517570927357,-0.7248429625633434,-0.20845576438112698,-0.3965320062099129,-0.4670704082784404
956,-0.6068395940051448,0.3615206116136514,-1.2056037684040617,0.9125407953514392,0.9125407953514392,-1.0448078082395797,-1.5006113456027894,-0.95099059778028,0.44217352025113354,-0.7248429625633434,-1.439676889932701,-0.31498480000627466,-0.35314546318805295
957,-1.9800534317272407,-0.9289986021507155,-0.9917695249306604,-1.6034219756726678,-1.6034219756726678,-1.0448078082395797,-0.5695969737689144,-0.95099059778028,-1.846401007415693,-0.7248429625633434,0.9329939034803214,1.9926969348621257,1.832639087912738
958,1.3653315772408803,0.7288282052758756,0.998857091486796,0.9159024826651079,0.9159024826651079,1.320557071623579,0.7384463312082616,1.076144685034503,0.739938975577595,0.6814901417177249,0.9329939034803214,-0.515829547517909,-0.7471814536926173
959,0.06124157283138513,-1.0704784509706757,-1.2056037684040617,0.9739708686304676,0.9739708686304676,1.320557071623579,0.22494597229159152,1.076144685034503,-1.830236988099543,-0.7248429625633434,0.9329939034803214,1.2700057363404695,1.7469220466930993
960,0.06124157283138513,0.012210498479343,0.7418039216564859,0.9158270329554886,0.9158270329554886,0.4909489995116716,0.041193343549564214,-0.15084870937381437,0.7242866787555151,0.6814901417177249,0.9329939034803214,-0.5109352232604193,-0.7355921598542479
961,-0.6068395940051448,-1.9401103544135405,-1.4368465008018902,0.9055583346881193,0.9055583346881193,-1.0448078082395797,-0.9218232698582132,-1.4725913637312629,-0.2692230729103758,-0.7248429625633434,-0.9535194553088262,-0.058091471998183666,0.2982603168969067
962,0.7183483993271397,-0.9289986021507155,-0.43782619857187843,-0.8400359029638259,-0.8400359029638259,-1.0448078082395797,0.08242460586296377,-0.95099059778028,0.5459134878446268,-0.7248429625633434,0.9329939034803214,-0.47599385881306056,-0.6194805555490738
963,0.06124157283138513,1.9399097183871035,-0.890807570747768,1.678065580652547,1.678065580652547,-1.0448078082395797,-0.08010244623814049,-0.15084870937381437,-1.846401007415693,-0.7248429625633434,-1.439676889932701,1.9926969348621257,1.832639087912738
964,-0.6068395940051448,1.3137949679419831,-0.7935409314320433,-1.6366992917306165,-1.6366992917306165,0.8166034983614915,0.13889905774670086,-0.15084870937381437,-1.846401007415693,1.5987739177226339,-0.20845576438112698,1.9926969348621257,1.832639087912738
965,0.7183483993271397,1.3137949679419831,-1.0966292409826666,-1.1265584158793767,-1.1265584158793767,1.320557071623579,0.6234998451328464,1.076144685034503,-1.6544473426134063,0.6814901417177249,0.9329939034803214,1.9787429347503038,1.7541380221018954
966,-0.6068395940051448,0.7288282052758756,0.493311596434884,0.9156858908723983,0.9156858908723983,-0.036474260645900126,-0.05997687696477756,-0.95099059778028,0.7222525885892429,1.3139595910895183,-2.098327074688957,-0.5000222654194749,-0.7167868906070821
967,-0.6068395940051448,-1.3404072818833723,-0.7935409314320433,-1.6366992917306165,-1.6366992917306165,1.320557071623579,0.8384243392582219,1.076144685034503,-1.846401007415693,-0.7248429625633434,0.9329939034803214,1.9926969348621257,1.832639087912738
968,-1.286883942442633,-0.9289986021507155,-0.9917695249306604,-1.5837890564255215,-1.5837890564255215,-0.4030515642656041,-2.8399895783930194,-2.033915903450334,-1.7857971760836477,0.6814901417177249,-2.098327074688957,1.9926969348621257,1.8109911616863497
969,1.3653315772408803,0.9192685417372938,-1.0966292409826666,0.9131462446353571,0.9131462446353571,1.320557071623579,0.39779735842707387,1.076144685034503,0.44946861673797844,-0.7248429625633434,0.9329939034803214,-0.35481234842782633,-0.39491065419047905
970,-0.6068395940051448,0.5429171588792461,-0.890807570747768,-0.838343668288906,-0.838343668288906,0.4909489995116716,0.6838773720312232,1.076144685034503,0.5250230811087166,1.5987739177226339,-2.098327074688957,-0.3593914561193272,-0.4430171569157866
971,0.7183483993271397,0.012210498479343,0.7418039216564859,0.9158420326941186,0.9158420326941186,1.320557071623579,0.7379486050543023,1.076144685034503,0.7311856794515071,-0.7248429625633434,0.9329939034803214,-0.5115471411925634,-0.7369041553831198
972,-0.6068395940051448,-0.15573403479697187,-0.5220832969519151,0.8356941144993849,0.8356941144993849,-0.13990983389503545,0.01983935184984273,-0.15084870937381437,-1.1375516452995333,0.6814901417177249,-0.9535194553088262,0.7125398205347653,1.0362578018874198
973,0.06124157283138513,-0.3192260276226928,-1.0966292409826666,-0.8380775028652,-0.8380775028652,-1.0448078082395797,-1.4652901730659638,-0.95099059778028,0.3827625031793766,-0.7248429625633434,0.9329939034803214,-0.37107920061739874,-0.4010332999918818
974,1.3653315772408803,0.012210498479343,0.2063495415004084,-0.840540925123918,-0.840540925123918,1.320557071623579,0.2923269154375096,1.076144685034503,0.6518267123677337,-0.7248429625633434,0.9329939034803214,-0.4978689274227593,-0.6850803319926749
975,0.06124157283138513,-0.3192260276226928,1.4688950491368133,-0.8410021441254553,-0.8410021441254553,1.320557071623579,0.4150639869233409,1.076144685034503,0.7448437228134479,0.6814901417177249,-0.20845576438112698,-0.5181636134724013,-0.7530854335725414
976,-1.286883942442633,-1.3404072818833723,1.2532996212525496,-0.8409797897146408,-0.8409797897146408,0.09373723500751027,-0.821568256545042,-1.4725913637312629,0.7412414187069986,0.6814901417177249,-0.20845576438112698,-0.516799050117197,-0.75002411067184
977,0.06124157283138513,1.3137949679419831,0.4392511878890075,0.915608291106331,0.915608291106331,0.4909489995116716,0.6885208021947257,1.076144685034503,0.6996663240242048,1.3139595910895183,-0.9535194553088262,-0.49500988322453604,-0.7021362738680113
978,-1.9800534317272407,-1.207608518291043,-1.2056037684040617,0.910877865967676,0.910877865967676,-1.0448078082395797,0.022173958457960958,-0.15084870937381437,0.1962204372987606,-0.7248429625633434,-0.20845576438112698,-0.2536615294095573,-0.18324204219912593
979,0.7183483993271397,-0.4782817281967989,0.32627356367831745,0.9156112557215058,0.9156112557215058,1.320557071623579,0.818100216639154,1.076144685034503,0.6928818795827191,-0.7248429625633434,0.9329939034803214,-0.4962362844170538,-0.6999496146532245
980,-1.286883942442633,-0.7831509112604526,-0.43782619857187843,0.9142594582588947,0.9142594582588947,0.4909489995116716,0.016096158906931436,-0.15084870937381437,0.4572397260510908,-0.7248429625633434,-0.20845576438112698,-0.4141882780040066,-0.4847823479182127
981,0.06124157283138513,-0.3192260276226928,-1.0966292409826666,1.678065580652547,1.678065580652547,-1.0448078082395797,-1.300248113524989,-0.95099059778028,-1.846401007415693,-0.7248429625633434,0.9329939034803214,-4.2764358198588015,1.832639087912738
982,-2.687730675127689,-2.249244431821159,0.596896846148679,-0.840802645229964,-0.840802645229964,-1.0448078082395797,-1.691419676953576,-2.033915903450334,0.7059392241382549,-0.7248429625633434,-2.24334244078534,-0.5069716802884662,-0.7264081911521436
983,-1.286883942442633,-0.7831509112604526,-0.609349805834491,-0.41422080573670833,-0.41422080573670833,-1.0448078082395797,0.032253963476174624,-0.15084870937381437,-1.4018313014422596,-0.7248429625633434,-0.20845576438112698,1.1512430888767635,1.4834296113113012
984,-0.6068395940051448,0.3615206116136514,-0.609349805834491,-1.6364821434491668,-1.6364821434491668,1.320557071623579,0.6782248503342289,1.076144685034503,-1.846401007415693,-0.7248429625633434,0.9329939034803214,1.9926969348621257,1.832639087912738
985,-0.6068395940051448,-1.207608518291043,-1.2056037684040617,0.9112051322524914,0.9112051322524914,-1.0448078082395797,-1.7798795764866386,-0.15084870937381437,0.3825503592393128,-0.7248429625633434,-1.7567848247092095,-0.25058211988027046,-0.2215085784578933
986,-1.9800534317272407,-1.207608518291043,-1.2056037684040617,0.9109698258917828,0.9109698258917828,-0.2938917744093084,-0.7009911123485392,-0.95099059778028,0.3571829973365891,0.6814901417177249,-2.1861433419008747,-0.23661341557373441,-0.20182864552481294
987,1.3653315772408803,0.5429171588792461,-1.2056037684040617,-0.8352943656666468,-0.8352943656666468,1.320557071623579,1.2305880707860979,1.076144685034503,0.3334727260439851,0.6814901417177249,0.9329939034803214,-0.2646605003116004,-0.1694660891459697
988,0.06124157283138513,-0.4782817281967989,1.3499397660754524,0.9159335809171079,0.9159335809171079,1.320557071623579,0.6446443905452361,1.076144685034503,0.7442926874953975,-0.7248429625633434,0.9329939034803214,-0.5180285033467162,-0.7528667676510628
989,-0.6068395940051448,-0.15573403479697187,-0.7935409314320433,0.7254990726808809,0.7254990726808809,-1.0448078082395797,-0.9705244900163019,-2.033915903450334,-1.4088977616426352,-0.7248429625633434,-0.9535194553088262,0.9713842187377545,1.4331364493712069
990,0.7183483993271397,1.3137949679419831,-0.7935409314320433,1.678065580652547,1.678065580652547,0.9585687599127407,-0.2038609649160963,-0.15084870937381437,-1.846401007415693,1.5987739177226339,-0.20845576438112698,1.9926969348621257,1.832639087912738
991,0.7183483993271397,-0.6329177148899152,0.545839849894629,-0.8408549668790908,-0.8408549668790908,0.8166034983614915,0.30053748685036585,1.076144685034503,0.7273890775881859,1.3139595910895183,-0.20845576438112698,-0.5092624369837938,-0.7329681687965037
992,-1.286883942442633,-1.0704784509706757,-1.2056037684040617,0.7322680783039899,0.7322680783039899,-1.0448078082395797,-0.6339970446354426,-2.178103500622471,-1.846401007415693,-0.7248429625633434,0.9329939034803214,1.1972587948390718,1.7388314075983884
993,0.7183483993271397,-1.3404072818833723,0.3835944209246597,-0.8406978767320703,-0.8406978767320703,-1.0448078082395797,-1.3049789219515766,-0.95099059778028,0.7152102568777345,0.6814901417177249,-1.439676889932701,-0.4986885278917518,-0.7117575744130727
994,1.3653315772408803,0.3615206116136514,-0.6997805743180253,-0.8390684671792029,-0.8390684671792029,0.8166034983614915,-0.013837188986642802,-0.15084870937381437,0.4892687223547358,1.785184446210916,-0.20845576438112698,-0.4151358423818143,-0.5162702406111412
995,-1.9800534317272407,-0.4782817281967989,0.32627356367831745,0.9156642269259685,0.9156642269259685,-1.0448078082395797,-2.8234165374649938,-1.4725913637312629,0.7079158942534856,-0.7248429625633434,-2.098327074688957,-0.49826640976426023,-0.7156935609996888
996,-1.286883942442633,-2.249244431821159,0.596896846148679,-0.8408092260894324,-0.8408092260894324,-1.0448078082395797,-2.8347488054038514,-1.8124948439702304,0.7050573057286798,-0.7248429625633434,-0.9535194553088262,-0.5064164098553054,-0.7257521933877077
997,-1.286883942442633,0.012210498479343,0.2063495415004084,-0.8405079617940615,-0.8405079617940615,-1.0448078082395797,-0.1798047664582259,-0.95099059778028,0.6648522085033272,-0.7248429625633434,0.9329939034803214,-0.49336984402533196,-0.6833310046208455
998,-1.286883942442633,-0.9289986021507155,-0.7935409314320433,-0.806948854244049,-0.806948854244049,0.09373723500751027,-0.29410330365695264,-0.15084870937381437,-0.5446609184754333,1.3139595910895183,-1.9635529920028896,0.2948669000635061,0.690984311872599
999,0.06124157283138513,1.9399097183871035,-0.609349805834491,-1.6365884756927347,-1.6365884756927347,0.8166034983614915,0.7890456766893188,1.076144685034503,-1.846401007415693,1.3139595910895183,-0.20845576438112698,1.9926969348621257,1.832639087912738
1000,-1.286883942442633,-1.9401103544135405,-0.7935409314320433,0.9095587134768133,0.9095587134768133,0.8166034983614915,0.9521539264681305,1.076144685034503,0.22287573813877626,1.3139595910895183,-0.9535194553088262,-0.18157697202316617,-0.09205835294252031
1001,-1.286883942442633,-0.4782817281967989,-0.12811865571019718,0.9151881452910253,0.9151881452910253,-1.0448078082395797,-2.5378436695401008,-0.15084870937381437,0.685583692561032,-0.7248429625633434,-0.9535194553088262,-0.4655404781895526,-0.6527177756138317
1002,-0.6068395940051448,-1.9401103544135405,-0.7935409314320433,0.9050189878212725,0.9050189878212725,-1.0448078082395797,-1.3544619417222947,-0.95099059778028,-0.3700445389187976,-0.7248429625633434,-0.20845576438112698,-0.06826569501928441,0.28557769345114375
1003,0.7183483993271397,-2.249244431821159,0.596896846148679,-0.8407512811201279,-0.8407512811201279,0.4909489995116716,0.6745739225819896,1.076144685034503,0.7051837624438247,-0.7248429625633434,-0.20845576438112698,-0.5064506863405644,-0.7165682246856034
1004,0.06124157283138513,0.012210498479343,0.2063495415004084,-0.8405259225702719,-0.8405259225702719,-1.0448078082395797,-0.19359592211649723,-0.15084870937381437,0.6686670210378926,-0.7248429625633434,0.9329939034803214,-0.48918376195808905,-0.688360320814855
1005,-0.6068395940051448,-0.3192260276226928,0.4392511878890075,0.9157664485395305,0.9157664485395305,-1.0448078082395797,-0.2571184684702798,-1.4725913637312629,0.7169141267308933,-0.7248429625633434,0.9329939034803214,-0.5065443691407177,-0.7250961956232717
1006,2.0029299159217206,1.5179093872656781,-0.5220832969519151,0.49782453698836837,0.49782453698836837,0.8166034983614915,0.2549373826709608,1.076144685034503,-1.2868916718911398,1.785184446210916,-0.20845576438112698,1.2768211477804736,1.5199468201982391
1007,0.7183483993271397,0.5429171588792461,-0.5220832969519151,-0.6742276998701678,-0.6742276998701678,-1.0448078082395797,-0.326386803788816,-0.15084870937381437,-1.4707375625383714,-0.7248429625633434,0.9329939034803214,0.5494985692329171,1.3452327489367815
1008,0.06124157283138513,0.5429171588792461,-0.05690022095650312,0.915391584276614,0.915391584276614,-1.0448078082395797,0.19722525774437044,-0.15084870937381437,0.6659667961475305,-0.7248429625633434,0.9329939034803214,-0.48013949072665807,-0.6579657577293198
1009,2.0029299159217206,1.9399097183871035,-0.890807570747768,0.9133995698960676,0.9133995698960676,1.320557071623579,1.9741586223070433,1.076144685034503,0.5277002572010293,1.785184446210916,0.9329939034803214,-0.3590062917403464,-0.42552388319749296
1010,-0.6068395940051448,-1.207608518291043,-1.2056037684040617,0.9103763762588027,0.9103763762588027,-1.0448078082395797,-0.3027898348411835,-1.4725913637312629,0.09446356801436545,-0.7248429625633434,-0.20845576438112698,-0.22341795867872044,-0.0653811105221225
1011,-1.286883942442633,-0.3192260276226928,0.4392511878890075,0.9157766321308543,0.9157766321308543,-1.0448078082395797,-0.570525134327802,-2.178103500622471,0.7227989400385639,-0.7248429625633434,-0.20845576438112698,-0.5070033465324371,-0.7279388526024944
1012,-0.6068395940051448,0.5429171588792461,0.07885702163666408,0.915509862216901,0.915509862216901,-1.0448078082395797,-0.3094780869103691,-1.4725913637312629,0.6584350580292434,-0.7248429625633434,0.9329939034803214,-0.48890341506345203,-0.6767710269764854
1013,0.7183483993271397,1.5179093872656781,-1.0966292409826666,-1.6366992917306165,-1.6366992917306165,1.320557071623579,0.9032883367618169,1.076144685034503,-1.846401007415693,-0.7248429625633434,0.9329939034803214,-7.4138199764151205,1.811428493529307
1014,0.7183483993271397,-0.3192260276226928,-1.0966292409826666,1.678065580652547,1.678065580652547,1.320557071623579,1.80673613202818,1.076144685034503,-1.846401007415693,0.6814901417177249,0.9329939034803214,0.10329584761246949,1.832639087912738
1015,0.7183483993271397,-0.3192260276226928,-0.9917695249306604,0.8834913003489568,0.8834913003489568,-1.0448078082395797,-0.4944965350690348,-0.15084870937381437,-0.8660662244943387,-0.7248429625633434,-0.20845576438112698,0.2903794388585773,0.8536717574527299
1016,1.3653315772408803,-0.9289986021507155,-0.43782619857187843,-0.8400513271726869,-0.8400513271726869,0.9585687599127407,1.5968333159943235,1.076144685034503,0.6609675561277137,1.5987739177226339,-0.20845576438112698,-0.4624708911670392,-0.6273525287223058
1017,-0.6068395940051448,0.5429171588792461,-0.12811865571019718,-0.8403046823786036,-0.8403046823786036,-1.0448078082395797,-0.911656839124055,-1.4725913637312629,0.6583117727444572,-0.7248429625633434,-1.439676889932701,-0.47416875563399136,-0.6590590873367131
1018,-0.6068395940051448,-0.7831509112604526,-0.609349805834491,-0.4775614528417748,-0.4775614528417748,0.09373723500751027,-0.9786417778261484,-0.15084870937381437,-1.3433682191988394,-0.7248429625633434,-1.439676889932701,1.1626142327774878,1.4600323577130834
1019,0.7183483993271397,-0.15573403479697187,-0.5220832969519151,0.8576190788116449,0.8576190788116449,-1.0448078082395797,-0.4095858139614331,-0.95099059778028,-0.9955613467579948,-0.7248429625633434,0.9329939034803214,0.5769806736611197,1.009580559467022
1020,0.06124157283138513,1.3137949679419831,-0.3564333373946572,-0.8395935037500994,-0.8395935037500994,1.320557071623579,0.6049133508004682,1.076144685034503,0.6061699596688324,0.6814901417177249,0.9329939034803214,-0.43491246234915865,-0.5670007343941929
1021,0.06124157283138513,0.7288282052758756,0.8753852376569202,-0.8409224938756291,-0.8409224938756291,-1.0448078082395797,0.11407317125628229,-0.95099059778028,0.7319717319254638,-0.7248429625633434,-0.20845576438112698,-0.5135806604652632,-0.7419334715771293
1022,-1.286883942442633,-0.9289986021507155,-0.7935409314320433,-0.7971640279636542,-0.7971640279636542,-1.0448078082395797,-1.9082286426585968,-0.95099059778028,-1.0878725290408264,-0.7248429625633434,-0.9535194553088262,0.24827137857722453,0.837053147420351
1023,0.7183483993271397,0.3615206116136514,1.4401497963115393,0.9159322044571359,0.9159322044571359,1.320557071623579,0.4205392411652361,1.076144685034503,0.7440221440656678,-0.7248429625633434,0.9329939034803214,-0.5179404347136506,-0.7524294358081054
1024,0.7183483993271397,-0.4782817281967989,-0.12811865571019718,0.9152501961162891,0.9152501961162891,1.320557071623579,0.43219769326759244,1.076144685034503,0.6576090567565355,-0.7248429625633434,0.9329939034803214,-0.47422701934259825,-0.6417844795398981
1025,0.06124157283138513,0.012210498479343,-1.4368465008018902,0.9122263748163889,0.9122263748163889,-1.0448078082395797,-0.5721888369776573,-1.4725913637312629,0.3158910655761435,-0.7248429625633434,0.9329939034803214,-0.30508295518386497,-0.26392976722475536
1026,-0.6068395940051448,-1.3404072818833723,-0.7935409314320433,-1.6366992917306165,-1.6366992917306165,0.4909489995116716,0.5487732513966763,1.076144685034503,-1.846401007415693,1.3139595910895183,-0.9535194553088262,1.9926969348621257,1.832639087912738
1027,0.7183483993271397,1.3137949679419831,-0.3564333373946572,-0.8395409499395168,-0.8395409499395168,0.4909489995116716,0.5762312631873017,1.076144685034503,0.5676795480059386,-0.7248429625633434,0.9329939034803214,-0.4392069413533236,-0.561534086357226
1028,-0.6068395940051448,-0.15573403479697187,0.07885702163666408,-0.8403409219172556,-0.8403409219172556,-1.0448078082395797,-1.493691627590376,-1.4725913637312629,0.6655497033222929,-0.7248429625633434,-1.439676889932701,-0.48023016741097874,-0.6654003990595946
1029,1.3653315772408803,1.9399097183871035,1.1849731780722705,0.9159117129906322,0.9159117129906322,1.320557071623579,0.8096189789895972,1.076144685034503,0.7414500542073003,1.3139595910895183,0.9329939034803214,-0.516485302333369,-0.7491494469859253
1030,1.3653315772408803,-0.7831509112604526,-0.609349805834491,0.09827911178774057,0.09827911178774057,1.320557071623579,0.8585436765072221,1.076144685034503,-1.560620489611386,0.6814901417177249,0.9329939034803214,1.4020584935796936,1.6338717652886265
1031,-0.6068395940051448,-0.3192260276226928,1.4970121371563547,-0.8409985706375637,-0.8409985706375637,0.4909489995116716,-0.27551398232735713,-0.15084870937381437,0.744474241408358,1.5987739177226339,-1.439676889932701,-0.5178599870131887,-0.7528667676510628
1032,1.3653315772408803,0.5429171588792461,1.1132717912815746,0.9159081884082508,0.9159081884082508,-1.0448078082395797,0.12343509755091826,-0.15084870937381437,0.7401782566814193,-0.7248429625633434,0.9329939034803214,-0.5162922352775153,-0.7487121151429681
1033,-0.6068395940051448,1.9399097183871035,-0.20170368517362758,0.9150388535130379,0.9150388535130379,1.320557071623579,0.5711041739243746,1.076144685034503,0.6319801362663144,-0.7248429625633434,0.9329939034803214,-0.45710941502830277,-0.6116085823758416
1034,-1.286883942442633,-0.15573403479697187,0.3835944209246597,0.915518378722503,0.915518378722503,0.09373723500751027,0.42028453143631855,1.076144685034503,0.7098593713591504,0.6814901417177249,-1.439676889932701,-0.4884124663526825,-0.6914216437155564
1035,0.06124157283138513,1.3137949679419831,1.4970121371563547,0.9159250317796047,0.9159250317796047,-1.0448078082395797,-1.2957571841475883,-0.95099059778028,0.743236689801037,-0.7248429625633434,0.9329939034803214,-0.5174264500534098,-0.7513361062007121
1036,0.7183483993271397,-1.9401103544135405,-0.7935409314320433,0.9083966037706731,0.9083966037706731,0.4909489995116716,-0.31480644563421,-0.15084870937381437,0.11262213911323098,1.785184446210916,-1.7567848247092095,-0.13983760741993345,-0.0706290926376106
1037,0.7183483993271397,0.7288282052758756,0.998857091486796,0.915900509840082,0.915900509840082,0.4909489995116716,-0.029721003848036696,-0.15084870937381437,0.7387579796475988,-0.7248429625633434,-0.20845576438112698,-0.5156642682270315,-0.7476187855355747
1038,0.06124157283138513,-0.3192260276226928,0.4392511878890075,0.9157671563393986,0.9157671563393986,0.4909489995116716,-0.7740722515093774,-0.95099059778028,0.7242103827682738,1.3139595910895183,-1.7567848247092095,-0.5060026424280951,-0.7277201866810157
1039,0.06124157283138513,-0.7831509112604526,-0.43782619857187843,0.914019002005861,0.914019002005861,-1.0448078082395797,-0.08918825417601538,-0.95099059778028,0.4844332480908504,0.6814901417177249,-0.20845576438112698,-0.39452322718430366,-0.4775663725094165
1040,1.3653315772408803,0.012210498479343,1.4401497963115393,0.9159341748266695,0.9159341748266695,0.8166034983614915,0.007603402816578948,-0.15084870937381437,0.7446729876510229,1.785184446210916,-0.20845576438112698,-0.5180496449871299,-0.7528667676510628
1041,0.7183483993271397,0.3615206116136514,-0.6997805743180253,-0.8389965262846143,-0.8389965262846143,1.320557071623579,0.9230573561917699,1.076144685034503,0.4557934105706678,-0.7248429625633434,0.9329939034803214,-0.42867979655829,-0.49462231438475285
1042,-1.286883942442633,-0.15573403479697187,0.07885702163666408,-0.8403416619274502,-0.8403416619274502,0.09373723500751027,-0.6605470053085943,-0.95099059778028,0.6775057881656388,0.6814901417177249,-1.439676889932701,-0.4744940050194507,-0.6636510716877652
1043,0.7183483993271397,1.7266097734938175,-1.0966292409826666,0.9127592751135997,0.9127592751135997,1.320557071623579,1.3732717177934048,1.076144685034503,0.39260202710432013,1.3139595910895183,0.9329939034803214,-0.3387449224200541,-0.31903357943738037
1044,0.06124157283138513,-0.3192260276226928,1.4688950491368133,-0.8410023867252066,-0.8410023867252066,1.320557071623579,1.3075228557577905,1.076144685034503,0.7448657046911696,-0.7248429625633434,0.9329939034803214,-0.5181726849368906,-0.7530854335725414
1045,0.06124157283138513,0.012210498479343,0.7875256792227042,0.9158783306351389,0.9158783306351389,-1.0448078082395797,0.19467313632439248,-0.15084870937381437,0.73589653984374,-0.7248429625633434,-0.20845576438112698,-0.514277090034424,-0.7428081352630439
1046,0.7183483993271397,-0.15573403479697187,-0.3564333373946572,0.9145714282272981,0.9145714282272981,-1.0448078082395797,-0.6880782396325648,-0.95099059778028,0.5337528865898835,-0.7248429625633434,0.9329939034803214,-0.43313138182382727,-0.5405421578952737
1047,0.06124157283138513,-1.3404072818833723,0.3835944209246597,-0.8406794580085933,-0.8406794580085933,-1.0448078082395797,-0.9771218295785226,-0.15084870937381437,0.6875175343165508,-0.7248429625633434,0.9329939034803214,-0.502371009879246,-0.7069469241405419
1048,-1.286883942442633,-0.3192260276226928,1.4688950491368133,0.9159282966790133,0.9159282966790133,-1.0448078082395797,-1.86156676464803,-1.4725913637312629,0.7442681605900537,-0.7248429625633434,-0.9535194553088262,-0.5175830010197371,-0.7519921039651482
1049,0.7183483993271397,0.18462350426545654,-1.0966292409826666,-0.8215052932278932,-0.8215052932278932,-1.0448078082395797,-0.49377759296629165,-0.15084870937381437,-0.4050635257142802,-0.7248429625633434,-0.20845576438112698,0.026257298970237437,0.4532944552252841
1050,2.0029299159217206,1.7266097734938175,0.6465403841770648,-0.8407367267264431,-0.8407367267264431,1.320557071623579,0.7548073777846727,1.076144685034503,0.7093691665697665,1.7271999783687426,0.9329939034803214,-0.5042801571406583,-0.7167868906070821
1051,-0.6068395940051448,0.3615206116136514,-1.2056037684040617,0.9123314597382625,0.9123314597382625,-1.0448078082395797,-1.4796461175908335,-0.95099059778028,0.3861602968400858,-0.7248429625633434,-1.439676889932701,-0.2993841204455367,-0.3428681648785555
1052,1.3653315772408803,0.3615206116136514,1.4688950491368133,-0.8409927158512017,-0.8409927158512017,-1.0448078082395797,-0.6669012948503555,-0.15084870937381437,0.7438660175625748,-0.7248429625633434,0.9329939034803214,-0.5176108900129074,-0.7517734380436695
1053,1.3653315772408803,1.5179093872656781,0.998857091486796,0.9158845624909986,0.9158845624909986,0.9585687599127407,1.913963400613342,1.076144685034503,0.7410401425786511,1.785184446210916,-0.20845576438112698,-0.5143898674545816,-0.745432126320788
1054,-0.6068395940051448,-0.3192260276226928,1.2532996212525496,-0.8409863402750286,-0.8409863402750286,-1.0448078082395797,-0.5809465687644187,-0.15084870937381437,0.741656141141919,-0.7248429625633434,0.9329939034803214,-0.5175913792170997,-0.7506801084362761
1055,0.06124157283138513,0.5429171588792461,-0.890807570747768,-0.8389768309722392,-0.8389768309722392,-1.0448078082395797,-0.7369172728697898,-0.15084870937381437,0.4133878520692764,-0.7248429625633434,-0.20845576438112698,-0.4285689380242274,-0.484563681996734
1056,-0.6068395940051448,-0.9289986021507155,-0.9917695249306604,-1.565921108350132,-1.565921108350132,-1.0448078082395797,-2.9697048419433143,-2.178103500622471,-1.846401007415693,-0.7248429625633434,-0.9535194553088262,1.9926969348621257,1.832639087912738
1057,-0.6068395940051448,-0.9289986021507155,-0.43782619857187843,-0.8399075883860803,-0.8399075883860803,-1.0448078082395797,-0.6343238913179089,-1.4725913637312629,0.6179542061573171,-0.7248429625633434,-0.9535194553088262,-0.4532414502779581,-0.612701911983235
1058,0.7183483993271397,1.9399097183871035,1.2862670637603377,-0.8409873022279664,-0.8409873022279664,1.320557071623579,0.39152171213257975,1.076144685034503,0.7417506353987182,-0.7248429625633434,0.9329939034803214,-0.5173269782659123,-0.7506801084362761
1059,-0.6068395940051448,-0.3192260276226928,1.4970121371563547,-0.8409982103309321,-0.8409982103309321,-1.0448078082395797,0.0783620415513705,-0.95099059778028,0.7440917779239788,-0.7248429625633434,-0.9535194553088262,-0.5180044200400139,-0.7526481017295841
1060,2.0029299159217206,0.5429171588792461,-0.890807570747768,0.9134037746642512,0.9134037746642512,1.320557071623579,0.4002449184791521,1.076144685034503,0.354524640351813,-0.7248429625633434,0.9329939034803214,-0.37191632955467036,-0.3553321224028397
1061,-0.6068395940051448,-0.4782817281967989,-0.12811865571019718,0.9151472895788647,0.9151472895788647,0.4909489995116716,-0.20793254197063538,-0.15084870937381437,0.6654472294594528,1.3139595910895183,-1.7567848247092095,-0.4643199751384069,-0.6387231566391968
1062,0.06124157283138513,0.18462350426545654,-1.0966292409826666,-0.8198714854736409,-0.8198714854736409,0.09373723500751027,0.4271133981342384,1.076144685034503,-0.31725384644808113,1.7271999783687426,-0.9535194553088262,0.10099851445648764,0.4436731546802226
1063,1.3653315772408803,1.3137949679419831,-0.890807570747768,-0.8315582379468801,-0.8315582379468801,-1.0448078082395797,0.18317737800252765,-0.95099059778028,-0.454393126667219,-0.7248429625633434,0.9329939034803214,-0.22670004043592668,0.08834103227738291
1064,-0.6068395940051448,-0.4782817281967989,0.32627356367831745,0.9156398776304926,0.9156398776304926,-1.0448078082395797,-0.7382890308617993,-0.15084870937381437,0.7025647898034514,-0.7248429625633434,-0.20845576438112698,-0.4977169567193485,-0.7006056124176605
1065,0.06124157283138513,0.012210498479343,1.4401497963115393,0.9159345806735955,0.9159345806735955,-1.0448078082395797,-0.43521951623485955,-0.95099059778028,0.7447461688112891,0.6814901417177249,-0.9535194553088262,-0.5180748178874149,-0.7530854335725414
1066,0.06124157283138513,-0.4782817281967989,1.3499397660754524,0.915933922749564,0.915933922749564,0.09373723500751027,-0.28106613725791896,-0.95099059778028,0.7445343840470361,-0.7248429625633434,-0.9535194553088262,-0.5180270074498604,-0.7528667676510628
1067,-0.6068395940051448,0.3615206116136514,-0.3564333373946572,0.9152262089170553,0.9152262089170553,-1.0448078082395797,-0.5062633967767205,-0.95099059778028,0.6235823545839693,-0.7248429625633434,-0.20845576438112698,-0.4720189437642875,-0.6304138516230072
1068,0.06124157283138513,-1.3404072818833723,1.2532996212525496,-0.8409783600355693,-0.8409783600355693,0.4909489995116716,1.1340053061402866,1.076144685034503,0.7427567028770157,1.3139595910895183,-1.9635529920028896,-0.5165419482332807,-0.75002411067184
1069,0.06124157283138513,-2.249244431821159,0.596896846148679,-0.840749380258409,-0.840749380258409,-1.0448078082395797,-0.5743408624585856,-0.95099059778028,0.7077034210540942,-0.7248429625633434,0.9329939034803214,-0.5060006854423776,-0.7180988861359542
1070,0.06124157283138513,0.18462350426545654,-1.0966292409826666,1.0994502118721965,1.0994502118721965,0.4909489995116716,-0.041498972999469017,-0.15084870937381437,-1.7943033280325182,-0.7248429625633434,-0.20845576438112698,1.5661462047552945,1.7545753539448528
1071,0.7183483993271397,1.9399097183871035,0.9587550611015209,0.915882192153669,0.915882192153669,1.320557071623579,0.656655301022612,1.076144685034503,0.739791268284041,1.3139595910895183,0.9329939034803214,-0.5142749376143292,-0.7456507922422667
1072,0.06124157283138513,-0.4782817281967989,-0.12811865571019718,0.9150969881717116,0.9150969881717116,-1.0448078082395797,-0.4500725017475033,-0.95099059778028,0.6144319829829219,-0.7248429625633434,0.9329939034803214,-0.4647802888674319,-0.615325903040979
1073,1.3653315772408803,0.012210498479343,1.1495589434580107,0.9159183649395988,0.9159183649395988,-1.0448078082395797,-0.43856156840565297,-0.15084870937381437,0.7425831822475625,-0.7248429625633434,0.9329939034803214,-0.5169344932321918,-0.75002411067184
1074,0.06124157283138513,1.3137949679419831,1.4970121371563547,-0.8409945142819889,-0.8409945142819889,-1.0448078082395797,-0.5377647032931944,-0.15084870937381437,0.7429874392675836,-0.7248429625633434,0.9329939034803214,-0.5178127652426112,-0.7519921039651482
1075,-1.286883942442633,-0.4782817281967989,0.32627356367831745,0.9156905082203527,0.9156905082203527,-1.0448078082395797,-0.27116001553697794,-1.4725913637312629,0.7015396385999567,-0.7248429625633434,-0.20845576438112698,-0.5014747738620713,-0.7051975967687126
1076,-1.286883942442633,-1.9401103544135405,-1.4368465008018902,0.9046394110022156,0.9046394110022156,-1.0448078082395797,-0.32851505689589033,-1.4725913637312629,-0.2895260657341139,-0.7248429625633434,-0.20845576438112698,-0.056489085654705104,0.2903883437236745
1077,-1.286883942442633,-1.3404072818833723,-0.7935409314320433,-1.6366992917306165,-1.6366992917306165,-1.0448078082395797,-0.9161653786266005,-1.4725913637312629,-1.846401007415693,-0.7248429625633434,-0.20845576438112698,1.9926969348621257,1.832639087912738
1078,-1.286883942442633,1.7266097734938175,-0.6997805743180253,0.7038020507070034,0.7038020507070034,-1.0448078082395797,-1.050690529929753,-1.8124948439702304,-1.3071968424348468,-0.7248429625633434,-1.7567848247092095,1.0070421548357968,1.3926832538976528
1079,-0.6068395940051448,-0.7831509112604526,-0.609349805834491,-0.22959699413112256,-0.22959699413112256,-1.0448078082395797,-0.16494213760659007,-0.15084870937381437,-1.7180444020747805,-0.7248429625633434,0.9329939034803214,0.7075232960139936,1.5931999038935938
1080,0.7183483993271397,0.18462350426545654,1.4970121371563547,-0.8410025273811021,-0.8410025273811021,0.4909489995116716,-0.774685035520467,-0.15084870937381437,0.7449297982535308,0.6814901417177249,-0.20845576438112698,-0.5181733105215675,-0.7533040994940201
1081,-0.6068395940051448,-0.7831509112604526,-0.609349805834491,-0.2932020325519508,-0.2932020325519508,0.09373723500751027,0.8335672454300764,1.076144685034503,-1.5061834108074794,1.5987739177226339,-0.9535194553088262,1.2942871580205668,1.5391894212883621
1082,-1.286883942442633,-1.3404072818833723,0.3835944209246597,-0.8406272377820295,-0.8406272377820295,-1.0448078082395797,-0.26944944895748146,-0.15084870937381437,0.7088078497936031,-0.7248429625633434,0.9329939034803214,-0.4944612365984582,-0.7021362738680113
1083,0.06124157283138513,0.18462350426545654,1.2532996212525496,-0.8409903455326786,-0.8409903455326786,1.320557071623579,0.8398136313779916,1.076144685034503,0.7425039382382661,-0.7248429625633434,0.9329939034803214,-0.5176756358369354,-0.7513361062007121
1084,-0.6068395940051448,-1.3404072818833723,1.2532996212525496,-0.8409795533329134,-0.8409795533329134,0.09373723500751027,-0.5142507151794238,-0.95099059778028,0.7420729171350744,1.3139595910895183,-1.439676889932701,-0.5166964931293404,-0.75002411067184
1085,0.06124157283138513,1.9399097183871035,1.219543996461101,0.9159173934511529,0.9159173934511529,-1.0448078082395797,-0.3908906402054479,-0.95099059778028,0.7419619619795754,-0.7248429625633434,-0.20845576438112698,-0.5168779285025524,-0.75002411067184
1086,0.7183483993271397,0.5429171588792461,0.9587550611015209,0.91590136667407,0.91590136667407,0.4909489995116716,0.7785161957117473,1.076144685034503,0.739730053889091,0.6814901417177249,-0.20845576438112698,-0.5158340801562975,-0.747400119614096
1087,-0.6068395940051448,-0.3192260276226928,1.4970121371563547,-0.840997392889203,-0.840997392889203,-1.0448078082395797,-0.08018582735901233,-0.15084870937381437,0.74368743423453,-0.7248429625633434,0.9329939034803214,-0.5180102806379624,-0.7524294358081054
1088,-1.9800534317272407,-0.6329177148899152,0.545839849894629,-0.8408696756496445,-0.8408696756496445,-1.0448078082395797,-0.6432570998067045,-0.15084870937381437,0.7245174158979301,-0.7248429625633434,-0.20845576438112698,-0.5106276127487144,-0.7336241665609398
1089,0.7183483993271397,0.012210498479343,0.2063495415004084,-0.8404884713157691,-0.8404884713157691,-1.0448078082395797,-1.2748304287662588,-0.95099059778028,0.6702951904520057,-0.7248429625633434,-0.9535194553088262,-0.488595045896491,-0.6824563409349309
1090,2.0029299159217206,1.7266097734938175,-0.7935409314320433,-0.8340827069652541,-0.8340827069652541,1.038108733629151,1.0507321692286489,1.076144685034503,0.17403124290900257,1.785184446210916,-0.20845576438112698,-0.23533366820061494,-0.08899703004181893
1091,0.06124157283138513,-0.3192260276226928,-1.0966292409826666,1.678065580652547,1.678065580652547,-1.0448078082395797,-0.6176357272101867,-1.4725913637312629,-1.846401007415693,-0.7248429625633434,-0.9535194553088262,1.9926969348621257,1.832639087912738
1092,1.3653315772408803,0.9192685417372938,1.4970121371563547,0.9159300551107434,0.9159300551107434,-1.0448078082395797,0.014659083135113804,-0.15084870937381437,0.7437611259259522,-0.7248429625633434,0.9329939034803214,-0.5177766238573098,-0.7519921039651482
1093,-1.286883942442633,-0.15573403479697187,0.9176107320831984,-0.8409531926886521,-0.8409531926886521,-1.0448078082395797,0.014696106139902208,-0.95099059778028,0.735373821620311,-0.7248429625633434,0.9329939034803214,-0.5159101048938353,-0.7458694581637453
1094,0.06124157283138513,-1.0704784509706757,-1.2056037684040617,1.0759584896101222,1.0759584896101222,-1.0448078082395797,-0.1309532344552695,-0.15084870937381437,-1.7984357616462625,-0.7248429625633434,-0.20845576438112698,1.5031059238842237,1.7534820243374594
1095,0.06124157283138513,1.7266097734938175,-0.27776848391597403,0.9149739899722376,0.9149739899722376,1.320557071623579,0.5318529417123695,1.076144685034503,0.5923453058857137,-0.7248429625633434,-0.20845576438112698,-0.45687453645254905,-0.593459310893112
1096,0.7183483993271397,1.9399097183871035,-0.6997805743180253,-1.6366992883353673,-1.6366992883353673,0.8166034983614915,1.4568183031587556,1.076144685034503,-1.846401007415693,1.5987739177226339,-0.20845576438112698,1.9926969348621257,1.832639087912738
1097,0.06124157283138513,0.3615206116136514,-0.20170368517362758,-0.8401552029739642,-0.8401552029739642,-1.0448078082395797,0.17505706627903028,-0.15084870937381437,0.5586731134957684,-0.7248429625633434,0.9329939034803214,-0.4844475524895692,-0.6260405331934339
1098,0.06124157283138513,-0.15573403479697187,0.07885702163666408,-0.8403993039489586,-0.8403993039489586,-1.0448078082395797,-0.17598993592850756,-0.95099059778028,0.6269133854363896,-0.7248429625633434,0.9329939034803214,-0.4900945869325249,-0.6660563968240306
1099,0.7183483993271397,1.9399097183871035,-0.43782619857187843,-0.8393745222463869,-0.8393745222463869,0.8166034983614915,1.0550194658745078,1.076144685034503,0.621997336442889,0.6814901417177249,-0.9535194553088262,-0.4249218659857606,-0.5481954651470271
1100,-0.6068395940051448,-1.0704784509706757,-1.2056037684040617,1.0250990891536638,1.0250990891536638,0.4909489995116716,0.2652618249870848,1.076144685034503,-1.808980249393636,-0.7248429625633434,-0.9535194553088262,1.5251545595998466,1.7453913852427485
1101,-0.6068395940051448,0.5429171588792461,-0.12811865571019718,-0.8403200980158474,-0.8403200980158474,0.09373723500751027,-1.0483615094176189,-0.95099059778028,0.6610270381461242,0.6814901417177249,-1.7567848247092095,-0.4775002078275275,-0.6612457465514998
1102,0.06124157283138513,0.5429171588792461,-0.05690022095650312,0.9152556881781048,0.9152556881781048,0.4909489995116716,1.3216315817502424,1.076144685034503,0.6756431240188007,-0.7248429625633434,-0.20845576438112698,-0.4725631248434653,-0.6459391320479929
1103,-0.6068395940051448,-0.3192260276226928,-1.0966292409826666,-0.8381338064738064,-0.8381338064738064,-1.0448078082395797,-0.43998903908828735,-0.15084870937381437,0.4931865015300521,-0.7248429625633434,-0.20845576438112698,-0.36453121251323145,-0.41218526198729405
1104,0.7183483993271397,-0.6329177148899152,-0.7935409314320433,-1.6366992917306165,-1.6366992917306165,-1.0448078082395797,-1.1477032175670545,-0.95099059778028,-1.846401007415693,-0.7248429625633434,-1.439676889932701,1.9926969348621257,1.832639087912738
1105,0.06124157283138513,0.012210498479343,1.1495589434580107,0.9159161680781139,0.9159161680781139,-1.0448078082395797,-0.7311862380006445,-0.95099059778028,0.7405779560837416,-0.7248429625633434,0.9329939034803214,-0.5169051568009921,-0.7491494469859253
1106,-1.286883942442633,-0.9289986021507155,-0.43782619857187843,-0.8399255291394506,-0.8399255291394506,-1.0448078082395797,-1.6579396968377134,-1.8124948439702304,0.6050078534078577,-0.7248429625633434,-1.9635529920028896,-0.45063539647209305,-0.6111712505328842
1107,0.06124157283138513,0.3615206116136514,0.8320378128213087,0.9158445666197513,0.9158445666197513,0.8166034983614915,-1.0754817344785288,-0.15084870937381437,0.7365026363051492,1.785184446210916,-0.9535194553088262,-0.5114372947666287,-0.7393094805193852
1108,0.06124157283138513,0.7288282052758756,-1.3189260742195756,1.678065579879511,1.678065579879511,-1.0448078082395797,-0.819861407140807,-0.95099059778028,-1.846401007415693,-0.7248429625633434,0.9329939034803214,1.9926969348621257,1.832639087912738
1109,1.3653315772408803,1.3137949679419831,-1.0966292409826666,-1.1473625441214108,-1.1473625441214108,-1.0448078082395797,-0.8038551411397248,-0.95099059778028,-1.776252252934049,-0.7248429625633434,0.9329939034803214,1.9235678244603884,1.7687886388409664
1110,0.7183483993271397,-0.6329177148899152,-0.7935409314320433,-1.6366992668352631,-1.6366992668352631,1.320557071623579,0.23947836679571483,1.076144685034503,-1.846401007415693,-0.7248429625633434,0.9329939034803214,1.9926969348621257,1.832639087912738
1111,2.631790436009967,0.9192685417372938,-1.4368465008018902,-0.8285369189206558,-0.8285369189206558,1.320557071623579,0.6947409134421411,1.076144685034503,-0.22044129693202824,1.7271999783687426,0.9329939034803214,-0.08085277293650237,0.17515140310441513
1112,0.7183483993271397,-0.3192260276226928,1.2532996212525496,-0.8409891563502749,-0.8409891563502749,-1.0448078082395797,-0.9649192297486914,-0.95099059778028,0.7419143884811483,-0.7248429625633434,0.9329939034803214,-0.517556572882894,-0.7511174402792334
1113,-1.286883942442633,-0.3192260276226928,1.2532996212525496,-0.8409867876112722,-0.8409867876112722,0.4909489995116716,1.029194929668189,1.076144685034503,0.7426517533866309,-0.7248429625633434,-0.20845576438112698,-0.5172655078274937,-0.7508987743577548
1114,0.7183483993271397,0.012210498479343,-0.890807570747768,1.6780655806457538,1.6780655806457538,1.320557071623579,0.24349090567265416,1.076144685034503,-1.846401007415693,-0.7248429625633434,0.9329939034803214,1.9926969348621257,1.832639087912738
1115,0.7183483993271397,1.7266097734938175,-0.890807570747768,-0.8167412803308882,-0.8167412803308882,0.4909489995116716,1.4678959980591901,1.076144685034503,-0.2465721830263723,-0.7248429625633434,-0.20845576438112698,0.16570909661192848,0.5092729311238238
1116,-1.286883942442633,0.3615206116136514,1.4688950491368133,-0.8409938079517333,-0.8409938079517333,0.4909489995116716,-1.5285298988915812,-0.15084870937381437,0.7439026423753804,1.3139595910895183,-0.9535194553088262,-0.5175704677387302,-0.7519921039651482
1117,-0.6068395940051448,-0.6329177148899152,-0.7935409314320433,-1.6366992917306165,-1.6366992917306165,-1.0448078082395797,-0.48700054842283164,-1.4725913637312629,-1.846401007415693,-0.7248429625633434,0.9329939034803214,1.9926969348621257,1.832639087912738
1118,0.7183483993271397,0.3615206116136514,0.7875256792227042,-0.8409419197396254,-0.8409419197396254,0.4909489995116716,-0.8166938358845499,-0.15084870937381437,0.7374518594670385,1.7271999783687426,-0.20845576438112698,-0.5144213573487488,-0.744776128556352
1119,0.7183483993271397,-0.15573403479697187,-0.5220832969519151,0.8184290803585046,0.8184290803585046,-1.0448078082395797,0.047507855556201885,-0.15084870937381437,-1.3099365468416444,-0.7248429625633434,0.9329939034803214,0.736880552585452,1.3305821321977105
1120,-1.286883942442633,1.7266097734938175,-1.0966292409826666,-1.635801449333082,-1.635801449333082,-1.0448078082395797,-0.7234252346777889,-0.15084870937381437,-1.846401007415693,-0.7248429625633434,0.9329939034803214,1.9926969348621257,1.832639087912738
1121,-1.9800534317272407,-1.9401103544135405,-0.7935409314320433,0.9069885177276291,0.9069885177276291,-1.0448078082395797,-1.1763215061700403,-1.4725913637312629,-0.3236307817923976,-0.7248429625633434,-0.20845576438112698,-0.1313915124280738,0.14759949699810263
1122,-1.9800534317272407,-0.7831509112604526,-0.609349805834491,-0.49586700200153955,-0.49586700200153955,-1.0448078082395797,-1.1698988943621271,-0.95099059778028,-1.79932032975767,-0.7248429625633434,0.9329939034803214,0.5667376725480091,1.514698838082751
1123,0.06124157283138513,1.7266097734938175,0.6465403841770648,-0.8407519322421305,-0.8407519322421305,0.4909489995116716,0.37882197357433556,1.076144685034503,0.7256002320681499,1.785184446210916,-1.439676889932701,-0.5005752559934752,-0.7198482135077835
1124,0.06124157283138513,-1.9401103544135405,-0.7935409314320433,0.9076960584636962,0.9076960584636962,-1.0448078082395797,-0.6953695888084,-1.4725913637312629,-0.29602432086222613,-0.7248429625633434,0.9329939034803214,-0.1443328107045319,0.08724770266998956
1125,1.3653315772408803,0.012210498479343,-0.890807570747768,1.678065580652547,1.678065580652547,1.320557071623579,0.5307902867191171,1.076144685034503,-1.846401007415693,-0.7248429625633434,0.9329939034803214,1.9926969348621257,1.832639087912738
1126,0.06124157283138513,-0.4782817281967989,1.3499397660754524,0.9159337677134458,0.9159337677134458,0.6935969792628359,0.8091468518922127,1.076144685034503,0.7447276824256223,1.5987739177226339,-0.9535194553088262,-0.5180040989046923,-0.7528667676510628
1127,-0.6068395940051448,-0.15573403479697187,0.9176107320831984,-0.8409409993885588,-0.8409409993885588,1.320557071623579,0.49920288096568816,1.076144685034503,0.7332639828496549,-0.7248429625633434,0.9329939034803214,-0.5150075949534282,-0.7439014648704373
1128,0.06124157283138513,0.18462350426545654,1.4970121371563547,-0.8410030600320194,-0.8410030600320194,1.320557071623579,0.4412337345125431,1.076144685034503,0.7445975354384977,-0.7248429625633434,0.9329939034803214,-0.5182573682307829,-0.7533040994940201
1129,0.7183483993271397,0.3615206116136514,0.7875256792227042,-0.8409318962879034,-0.8409318962879034,-1.0448078082395797,-0.2803729713079802,-0.95099059778028,0.7339326279168719,-0.7248429625633434,-0.20845576438112698,-0.514775720233949,-0.7428081352630439
1130,-0.6068395940051448,-0.9289986021507155,-0.7935409314320433,-0.814740372132026,-0.814740372132026,-1.0448078082395797,0.13561497995138583,-0.15084870937381437,-0.9555521979464979,-0.7248429625633434,0.9329939034803214,-0.046109596711313164,0.6542484370641823
1131,0.06124157283138513,-0.3192260276226928,-1.6875798576679089,-0.8330407644555116,-0.8330407644555116,-1.0448078082395797,-0.29113563878996784,-0.95099059778028,-0.06466599226815409,-0.7248429625633434,-0.20845576438112698,-0.27184252814978094,-0.01508794858202827
1132,-1.286883942442633,-1.9401103544135405,-0.7935409314320433,0.9091688812804294,0.9091688812804294,-1.0448078082395797,0.10887839576508455,-0.15084870937381437,-0.05258781947281124,-0.7248429625633434,0.9329939034803214,-0.18244154263066828,-0.02011726477603769
1133,2.0029299159217206,0.9192685417372938,-1.4368465008018902,-0.8236547987326438,-0.8236547987326438,0.4909489995116716,2.0065672019067207,1.076144685034503,-0.42518789686730973,1.7271999783687426,-0.20845576438112698,-0.01514426217859629,0.3387135123704607
1134,-0.6068395940051448,-1.0704784509706757,-1.2056037684040617,0.6466837591208133,0.6466837591208133,-0.13990983389503545,-0.7335711988870584,-0.95099059778028,-1.5078153949062645,0.6814901417177249,-2.1861433419008747,1.7022573498398725,1.6795729428776687
1135,0.06124157283138513,1.5179093872656781,1.5245203634479854,-0.8410024585533098,-0.8410024585533098,1.320557071623579,1.084161239817406,1.076144685034503,0.7449071344394151,1.3139595910895183,0.9329939034803214,-0.5181585600232976,-0.7530854335725414
1136,0.7183483993271397,0.012210498479343,1.1495589434580107,0.9159170867213751,0.9159170867213751,0.8166034983614915,1.4314040495250215,1.076144685034503,0.7434501912642862,1.5987739177226339,0.9329939034803214,-0.5167989057140657,-0.7504614425147974
1137,-1.9800534317272407,-2.249244431821159,0.596896846148679,-0.8407964443873523,-0.8407964443873523,-1.0448078082395797,-0.5371512063283581,-2.178103500622471,0.7043892554374068,-0.7248429625633434,-1.439676889932701,-0.5088109278828512,-0.7229095364084849
1138,1.3653315772408803,-0.15573403479697187,0.3835944209246597,0.915557476740627,0.915557476740627,-1.0448078082395797,-0.05604844249371985,-0.15084870937381437,0.7032800849571462,-0.7248429625633434,-0.20845576438112698,-0.4919624870768387,-0.6962322939880871
1139,-1.286883942442633,-0.15573403479697187,0.9176107320831984,-0.8409531550088825,-0.8409531550088825,0.09373723500751027,0.03131280944441377,-0.95099059778028,0.7379211744464164,-0.7248429625633434,-0.9535194553088262,-0.5149055814066282,-0.7463067900067026
1140,0.7183483993271397,1.3137949679419831,0.4392511878890075,0.9155547444557202,0.9155547444557202,-1.0448078082395797,0.038045264292086864,-0.15084870937381437,0.6773825209350245,-0.7248429625633434,0.9329939034803214,-0.4932604504148007,-0.6848616660711963
1141,0.06124157283138513,0.3615206116136514,1.4401497963115393,0.915932009506912,0.915932009506912,1.320557071623579,0.24652375724834902,1.076144685034503,0.744133652363926,-0.7248429625633434,0.9329939034803214,-0.5179279912239985,-0.7524294358081054
1142,-0.6068395940051448,0.3615206116136514,-0.20170368517362758,-0.8402985478699282,-0.8402985478699282,-1.0448078082395797,-0.4565876971698885,-0.95099059778028,0.5972055893221021,-0.7248429625633434,0.9329939034803214,-0.493018689851402,-0.6496564527131303
1143,0.06124157283138513,0.012210498479343,-1.4368465008018902,0.9115362935691984,0.9115362935691984,1.320557071623579,0.23935980469061138,1.076144685034503,0.09231574471153003,-0.7248429625633434,0.9329939034803214,-0.2816557482793066,-0.1567834657002068
1144,0.06124157283138513,0.3615206116136514,1.4688950491368133,-0.840991963123111,-0.840991963123111,1.320557071623579,0.951798341070026,1.076144685034503,0.7434128928485656,-0.7248429625633434,0.9329939034803214,-0.5176216486371382,-0.7517734380436695
1145,-0.6068395940051448,-1.3404072818833723,1.2532996212525496,-0.8409753773903367,-0.8409753773903367,1.320557071623579,1.4264836299268986,1.076144685034503,0.7424702733546339,1.5987739177226339,0.9329939034803214,-0.5165074838223291,-0.749368112907404
1146,0.06124157283138513,0.7288282052758756,-0.6997805743180253,0.21660329159250633,0.21660329159250633,-1.0448078082395797,-0.38335689791948224,-1.4725913637312629,-1.7365122409230291,-0.7248429625633434,-0.20845576438112698,1.3411232393064156,1.6664529875889484
1147,-0.6068395940051448,-0.7831509112604526,-0.609349805834491,-0.2379365346011896,-0.2379365346011896,1.320557071623579,0.2984959332040499,1.076144685034503,-1.5829656627073978,-0.7248429625633434,0.9329939034803214,1.0358173392801866,1.5689279866094614
1148,0.7183483993271397,-0.9289986021507155,-0.43782619857187843,-0.8397228152279493,-0.8397228152279493,-1.0448078082395797,-1.425330807511116,-0.15084870937381437,0.5543066520079571,-0.7248429625633434,-0.20845576438112698,-0.4497774490807125,-0.5834006785050931
1149,0.06124157283138513,-0.4782817281967989,1.3499397660754524,0.9159336236593871,0.9159336236593871,-1.0448078082395797,-1.2825697020458604,-1.4725913637312629,0.7444501893213818,-0.7248429625633434,-0.20845576438112698,-0.5179975005437077,-0.7528667676510628
1150,-0.6068395940051448,1.3137949679419831,1.4970121371563547,0.9159260305197147,0.9159260305197147,-1.0448078082395797,0.03122270280496847,-0.15084870937381437,0.7427593059143149,-0.7248429625633434,0.9329939034803214,-0.5175179823106394,-0.7513361062007121
1151,-0.6068395940051448,0.5429171588792461,-0.05690022095650312,0.9152586023582332,0.9152586023582332,-1.0448078082395797,-0.36667094593259847,-0.15084870937381437,0.6413858456525168,-0.7248429625633434,0.9329939034803214,-0.4727120244600634,-0.6441898046761635
1152,0.7183483993271397,0.18462350426545654,1.2532996212525496,-0.8409917840423156,-0.8409917840423156,0.8166034983614915,1.0039292726662519,1.076144685034503,0.7438717770710656,1.5987739177226339,-0.20845576438112698,-0.5174896269794806,-0.7517734380436695
1153,-0.6068395940051448,0.3615206116136514,-0.3564333373946572,0.9150331539658229,0.9150331539658229,-1.0448078082395797,-0.6266457652920956,-0.15084870937381437,0.6305494798478112,-0.7248429625633434,0.9329939034803214,-0.4580176618471727,-0.6087659253966189
1154,-0.6068395940051448,-1.0704784509706757,-1.2056037684040617,1.197353668284736,1.197353668284736,0.4909489995116716,0.37735639201389914,1.076144685034503,-1.7593950660534723,-0.7248429625633434,-0.20845576438112698,1.6218445924328024,1.7622286611966063
1155,-0.6068395940051448,-0.9289986021507155,-0.9917695249306604,-1.5529057383548523,-1.5529057383548523,-1.0448078082395797,-0.011321001878521432,-0.15084870937381437,-1.846401007415693,-0.7248429625633434,0.9329939034803214,1.9926969348621257,1.832639087912738
1156,0.7183483993271397,1.1142527011407997,1.5245203634479854,0.915936505417633,0.915936505417633,1.320557071623579,0.7353366799863741,1.076144685034503,0.7449836926872427,0.6814901417177249,0.9329939034803214,-0.5182088787439353,-0.7533040994940201
1157,-0.6068395940051448,-0.3192260276226928,-1.0966292409826666,-0.8384965728023297,-0.8384965728023297,-1.0448078082395797,-0.6250252221332397,-0.95099059778028,0.3654982595668244,-0.7248429625633434,0.9329939034803214,-0.41840599551570806,-0.43514518374255445
1158,-1.286883942442633,1.3137949679419831,-0.890807570747768,0.9041475826779439,0.9041475826779439,-1.0448078082395797,-0.5922432352350793,-0.15084870937381437,-0.23338702835422,-0.7248429625633434,-0.20845576438112698,-0.030506196017137784,0.2228205739867653
1159,0.7183483993271397,-0.3192260276226928,0.4392511878890075,0.9157618443114717,0.9157618443114717,-1.0448078082395797,-0.10648373624537759,-0.15084870937381437,0.7241310217188167,1.5987739177226339,-0.20845576438112698,-0.5056781332738044,-0.727501520759537
1160,-1.286883942442633,-1.207608518291043,-1.2056037684040617,0.9110313174524232,0.9110313174524232,-1.0448078082395797,-0.41473674232820684,-1.8124948439702304,0.1462421680669658,-0.7248429625633434,0.9329939034803214,-0.2647975893233333,-0.12813822998650096
1161,-1.9800534317272407,-0.7831509112604526,-1.3189260742195756,-1.6359011330669455,-1.6359011330669455,-1.0448078082395797,0.027196017332551413,-0.15084870937381437,-1.846401007415693,-0.7248429625633434,0.9329939034803214,1.9926969348621257,1.832639087912738
1162,0.7183483993271397,0.012210498479343,-1.4368465008018902,0.9117826554165901,0.9117826554165901,-1.0448078082395797,-3.5773091636358045,-0.15084870937381437,0.3965377559818214,-0.7248429625633434,-1.439676889932701,-0.270563081506437,-0.2927936688599399
1163,-1.286883942442633,-1.207608518291043,-1.2056037684040617,0.9104445567285059,0.9104445567285059,-1.0448078082395797,-1.0341702863047912,-0.95099059778028,-0.03599639374769503,-0.7248429625633434,0.9329939034803214,-0.24059071859282294,-0.036517208886937984
1164,0.06124157283138513,-1.9401103544135405,-1.4368465008018902,0.8949353587384369,0.8949353587384369,-1.0448078082395797,-0.5802398175503045,-0.95099059778028,-0.3354567060874651,0.6814901417177249,-1.439676889932701,0.19631741303557365,0.5617527522787047
1165,-0.6068395940051448,-0.6329177148899152,-0.7935409314320433,-1.636698601143399,-1.636698601143399,-1.0448078082395797,-0.4446913810688574,-0.95099059778028,-1.846401007415693,-0.7248429625633434,-0.20845576438112698,1.9926969348621257,1.832639087912738
1166,0.7183483993271397,0.012210498479343,-0.890807570747768,1.6780655806514209,1.6780655806514209,0.8166034983614915,0.5740236687341442,1.076144685034503,-1.846401007415693,1.3139595910895183,-0.9535194553088262,1.9926969348621257,1.832639087912738
1167,0.7183483993271397,0.012210498479343,-1.3189260742195756,-1.0073117391901545,-1.0073117391901545,1.320557071623579,0.4620357695711591,1.076144685034503,-1.834241100021029,-0.7248429625633434,0.9329939034803214,1.8262604507563243,1.8002765315338949
1168,-1.286883942442633,-1.9401103544135405,-0.7935409314320433,0.9048192453147651,0.9048192453147651,-1.0448078082395797,-0.3919498661887156,-0.95099059778028,-0.39624393511545747,-0.7248429625633434,0.9329939034803214,-0.06986971471026407,0.30569495822718146
1169,0.06124157283138513,0.012210498479343,-1.4368465008018902,0.9120553595097409,0.9120553595097409,1.1503086519088639,0.4090414741627537,1.076144685034503,0.40690500933087753,1.785184446210916,-0.9535194553088262,-0.28164874177264004,-0.3262495548461765
1170,0.06124157283138513,0.3615206116136514,-0.6997805743180253,-0.8392567056289685,-0.8392567056289685,-1.0448078082395797,-0.11974146868852954,-1.4725913637312629,0.42537724487269263,-0.7248429625633434,0.9329939034803214,-0.45451975782602017,-0.5199875612762787
1171,2.0029299159217206,0.7288282052758756,0.493311596434884,0.9157130532849813,0.9157130532849813,1.320557071623579,1.0295166164063017,1.076144685034503,0.7193580138610277,1.3139595910895183,0.9329939034803214,-0.5022476423631145,-0.7170055565285608
1172,1.3653315772408803,0.18462350426545654,1.4970121371563547,-0.8410029875958486,-0.8410029875958486,0.8166034983614915,-1.4098269354293298,-0.95099059778028,0.744808118223052,1.785184446210916,-0.20845576438112698,-0.5182110674212438,-0.7533040994940201
1173,-0.6068395940051448,-1.3404072818833723,0.3835944209246597,-0.8406271657010922,-0.8406271657010922,1.320557071623579,0.8145052943619956,1.076144685034503,0.6994803760793042,-0.7248429625633434,0.9329939034803214,-0.50029644872683,-0.6995122828102671
1174,1.3653315772408803,0.5429171588792461,-0.05690022095650312,0.9152767864275959,0.9152767864275959,1.320557071623579,1.0491796966305642,1.076144685034503,0.646254405561263,-0.7248429625633434,-0.20845576438112698,-0.47364599825757825,-0.6308511834659646
1175,0.7183483993271397,0.7288282052758756,-1.3189260742195756,1.6773314401476624,1.6773314401476624,1.320557071623579,0.31945966183256636,1.076144685034503,-1.846401007415693,-0.7248429625633434,0.9329939034803214,1.9926969348621257,1.832639087912738
1176,-0.6068395940051448,-0.3192260276226928,1.2532996212525496,-0.8409853658303384,-0.8409853658303384,-1.0448078082395797,-2.2965458341995597,-1.4725913637312629,0.7425942258163603,-0.7248429625633434,-1.439676889932701,-0.5169422899236378,-0.7506801084362761
1177,0.06124157283138513,-1.3404072818833723,0.3835944209246597,-0.8406932577682694,-0.8406932577682694,-0.13990983389503545,-1.1534654064208556,-0.95099059778028,0.7171051854967148,1.3139595910895183,-1.9635529920028896,-0.4978517903099088,-0.7104455788842007
1178,-0.6068395940051448,-0.7831509112604526,-1.3189260742195756,-1.6272547301069387,-1.6272547301069387,0.26271955799420393,-0.5679484955022235,-0.15084870937381437,-1.7733648456715483,1.5987739177226339,-1.7567848247092095,1.9926969348621257,1.832639087912738
1179,0.7183483993271397,0.3615206116136514,0.8320378128213087,0.9158453407616718,0.9158453407616718,-1.0448078082395797,-1.421821195534032,-0.15084870937381437,0.7358793725729793,-0.7248429625633434,-0.9535194553088262,-0.5116292238743606,-0.7390908145979065
1180,0.7183483993271397,-0.3192260276226928,1.4970121371563547,-0.8409979426059296,-0.8409979426059296,0.09373723500751027,-0.32765617775369105,-0.95099059778028,0.7438317703675562,-0.7248429625633434,-0.20845576438112698,-0.5179940625394541,-0.7524294358081054
1181,0.06124157283138513,0.5429171588792461,-0.890807570747768,0.9137416580522784,0.9137416580522784,0.9585687599127407,0.17115765720670073,-0.15084870937381437,0.5484359221561801,1.5987739177226339,-0.20845576438112698,-0.3760628463459046,-0.4710063948650564
1182,0.7183483993271397,-0.3192260276226928,-1.0966292409826666,1.678065580652547,1.678065580652547,0.8166034983614915,0.5667017603734376,1.076144685034503,-1.846401007415693,1.3139595910895183,-1.7567848247092095,1.9926969348621257,1.832639087912738
1183,0.06124157283138513,0.18462350426545654,-1.0966292409826666,1.3160586936441188,1.3160586936441188,-1.0448078082395797,-0.4184796744935233,-0.15084870937381437,-1.846401007415693,-0.7248429625633434,0.9329939034803214,1.4886908090127193,1.7821272600511653
1184,-1.286883942442633,-2.249244431821159,0.596896846148679,-0.8407729275112766,-0.8407729275112766,1.320557071623579,0.2811857932459731,1.076144685034503,0.7076543463035498,-0.7248429625633434,0.9329939034803214,-0.5059158584753651,-0.7202855453507409
1185,-1.286883942442633,-0.6329177148899152,0.545839849894629,-0.8408658434586889,-0.8408658434586889,-1.0448078082395797,-1.7731246147211424,-1.4725913637312629,0.727568734883504,-0.7248429625633434,-1.439676889932701,-0.5087378762020757,-0.7342801643253758
1186,0.7183483993271397,0.7288282052758756,-1.3189260742195756,1.6780637087498687,1.6780637087498687,1.320557071623579,0.6590847559586387,1.076144685034503,-1.846401007415693,-0.7248429625633434,0.9329939034803214,1.9926969348621257,1.832639087912738
1187,0.06124157283138513,-0.15573403479697187,1.2532996212525496,0.9159250356867611,0.9159250356867611,-1.0448078082395797,0.03949471094975243,-0.95099059778028,0.7424328366035935,-0.7248429625633434,0.9329939034803214,-0.5174741229012694,-0.7511174402792334
1188,0.06124157283138513,-0.3192260276226928,1.4688950491368133,-0.8410017991682108,-0.8410017991682108,0.09373723500751027,-0.42439764735184343,-0.15084870937381437,0.7446249769894854,-0.7248429625633434,-0.20845576438112698,-0.5181320602063254,-0.7530854335725414
1189,-1.9800534317272407,-1.9401103544135405,-0.7935409314320433,0.9043457324851355,0.9043457324851355,1.320557071623579,0.31211704865572243,1.076144685034503,-0.36302571818709894,-0.7248429625633434,0.9329939034803214,-0.051518814805618554,0.3360895213127167
1190,0.06124157283138513,0.012210498479343,0.7418039216564859,0.9158394438496253,0.9158394438496253,-1.0448078082395797,-1.3226572638748384,-1.4725913637312629,0.7275571040275184,-0.7248429625633434,-0.20845576438112698,-0.5115359443531493,-0.7360294916972051
1191,-1.286883942442633,-0.3192260276226928,1.4688950491368133,-0.8410019855064512,-0.8410019855064512,-1.0448078082395797,-1.8977172901282753,-0.15084870937381437,0.7447222908573262,0.6814901417177249,-1.439676889932701,-0.5181376754858107,-0.7530854335725414
1192,0.06124157283138513,0.3615206116136514,0.8320378128213087,0.915855618358365,0.915855618358365,0.4909489995116716,0.07856761001494361,-0.15084870937381437,0.7349460956916937,0.6814901417177249,-0.20845576438112698,-0.5125852797750503,-0.7408401419697359
1193,0.06124157283138513,1.7266097734938175,-0.6997805743180253,-0.7276869321642333,-0.7276869321642333,1.320557071623579,0.23121258517229235,1.076144685034503,-1.4503850130440532,-0.7248429625633434,0.9329939034803214,0.24967259853169427,1.2321824675323088
1194,0.06124157283138513,1.3137949679419831,-0.7935409314320433,-1.6366992917306165,-1.6366992917306165,1.320557071623579,0.4349264049828171,1.076144685034503,-1.846401007415693,0.6814901417177249,-0.20845576438112698,1.9926969348621257,1.832639087912738
1195,-1.286883942442633,-2.249244431821159,0.596896846148679,-0.8407725624699277,-0.8407725624699277,1.320557071623579,0.8767435379838087,1.076144685034503,0.7098441963601746,-0.7248429625633434,0.9329939034803214,-0.5079989298876125,-0.7198482135077835
1196,1.3653315772408803,-0.15573403479697187,0.3835944209246597,0.9154495561225593,0.9154495561225593,-1.0448078082395797,-0.10775079128194444,-0.95099059778028,0.6526145506497549,-0.7248429625633434,0.9329939034803214,-0.4869141944581784,-0.6728350403898694
1197,-0.6068395940051448,0.9192685417372938,0.8320378128213087,0.9158678942950714,0.9158678942950714,-1.0448078082395797,-0.1517384375180495,-0.15084870937381437,0.7312511986045361,-0.7248429625633434,0.9329939034803214,-0.5137024734403207,-0.7404028101267786
1198,0.06124157283138513,0.9192685417372938,1.2862670637603377,0.9159235204236813,0.9159235204236813,1.320557071623579,0.49936244567344873,1.076144685034503,0.7431394214592736,-0.7248429625633434,0.9329939034803214,-0.5173119416728497,-0.7511174402792334
1199,-0.6068395940051448,0.3615206116136514,1.380693541849001,-0.8410009174034017,-0.8410009174034017,-1.0448078082395797,0.12530215084921179,-0.95099059778028,0.7444842546761697,-0.7248429625633434,-0.20845576438112698,-0.5181509338763295,-0.7530854335725414
1200,1.3653315772408803,0.3615206116136514,-1.2056037684040617,0.9132746295537343,0.9132746295537343,-1.0448078082395797,-0.45050657258166676,-0.15084870937381437,0.34745519927026625,-0.7248429625633434,0.9329939034803214,-0.36513604853899995,-0.3323722006475793
1201,-0.6068395940051448,-0.15573403479697187,-0.7935409314320433,0.6696012845153708,0.6696012845153708,-1.0448078082395797,-0.9635661948366357,-1.8124948439702304,-1.6542113532180427,-0.7248429625633434,-0.20845576438112698,1.0127696520661087,1.5328481095654807
1202,0.7183483993271397,-0.15573403479697187,-0.3564333373946572,0.9145907801120903,0.9145907801120903,0.6063960664095581,1.8346896981271748,1.076144685034503,0.6386647703038055,1.7271999783687426,-1.7567848247092095,-0.4285262936312848,-0.5777153645466476
1203,1.3653315772408803,0.3615206116136514,1.380693541849001,-0.8410009644566246,-0.8410009644566246,0.9585687599127407,1.3742737605231918,1.076144685034503,0.7446650754943022,1.785184446210916,-0.9535194553088262,-0.5180860020733049,-0.7530854335725414
1204,-1.9800534317272407,-1.9401103544135405,-1.4368465008018902,0.9020704890338677,0.9020704890338677,-1.0448078082395797,-1.1408101618851823,-1.8124948439702304,-0.3581418737447238,-0.7248429625633434,-2.098327074688957,0.05255787799919887,0.33106020511870726
1205,0.06124157283138513,-1.3404072818833723,1.2532996212525496,-0.8409755211371437,-0.8409755211371437,-1.0448078082395797,0.09332819936631946,-0.15084870937381437,0.742017046755578,1.5987739177226339,-0.20845576438112698,-0.5163833891804649,-0.7495867788288827
1206,0.06124157283138513,1.5179093872656781,0.998857091486796,-0.8409558466200729,-0.8409558466200729,1.320557071623579,1.7805549942928451,1.076144685034503,0.7393285565300767,1.7271999783687426,-0.20845576438112698,-0.5150174474949405,-0.74674412184966
1207,1.3653315772408803,-0.3192260276226928,-1.6875798576679089,-0.8340326749977558,-0.8340326749977558,-1.0448078082395797,0.10493607732191067,-0.15084870937381437,-0.09061601307157288,-0.7248429625633434,0.9329939034803214,-0.29868234820386086,-0.10146098756610315
1208,1.3653315772408803,0.7288282052758756,0.998857091486796,0.9159045079007649,0.9159045079007649,1.320557071623579,1.5245323117518779,1.076144685034503,0.7414335262225287,-0.7248429625633434,0.9329939034803214,-0.515926831114772,-0.7482747833000107
1209,0.06124157283138513,0.7288282052758756,0.596896846148679,-0.8408760197917454,-0.8408760197917454,0.3676277053626858,-0.7024727413330208,-0.15084870937381437,0.7329357830152653,1.785184446210916,-1.7567848247092095,-0.5091414620961433,-0.7360294916972051
1210,0.06124157283138513,-0.15573403479697187,-0.7935409314320433,0.7245925575478376,0.7245925575478376,-1.0448078082395797,-0.8923906041294961,-0.15084870937381437,-1.3837945465092387,-0.7248429625633434,0.9329939034803214,1.0110020314490986,1.419797828161008
1211,0.7183483993271397,0.012210498479343,0.7418039216564859,0.9158494571595057,0.9158494571595057,-1.0448078082395797,-1.8612235130088532,-0.15084870937381437,0.7316435892434999,-0.7248429625633434,0.9329939034803214,-0.5120267532841908,-0.7395281464408638
1212,0.7183483993271397,0.9192685417372938,-0.6997805743180253,-0.7432799422661902,-0.7432799422661902,-1.0448078082395797,-1.6569731592815624,-0.15084870937381437,-1.36009786685421,-0.7248429625633434,-0.20845576438112698,0.47383704346102146,1.1705186776753236
