Row,kDN,DS,TD_U,CL,CLD,N1,N2,LSC,LSR,Harmfulness,Usefulness,F2,F4
1,0.4,0.5925925925925926,0.5818181818181818,0.4939231334068727,0.4939231334068727,0.5,0.5357768692514954,0.9983498349834984,0.9999806918459496,0.0049504950495049,0.995049504950495,0.6667894429524834,0.6668334057366696
2,0.4,0.6296296296296297,0.9454545454545454,0.5060775097953522,0.5060775097953522,0.6,0.5404951258860999,0.9983498349834984,0.9999991008486698,0.0033003300330033,0.9966996699669968,0.6666693158303091,0.6666711118810904
3,0.3,0.2962962962962963,0.1818181818181818,0.4885351060445032,0.4885351060445032,0.0,0.4746870382412539,0.995049504950495,0.9423001969824144,0.0016501650165016,0.995049504950495,0.7387992321455039,0.9542502855856916
4,0.6,0.6666666666666667,0.2,0.5114648938012764,0.5114648938012764,0.0,0.4762597840138185,0.9966996699669968,0.947546955264056,0.0,1.0,0.7849207339003711,0.9739293703557728
5,0.5,0.7037037037037037,0.9636363636363636,0.4939225579445725,0.4939225579445725,0.0,0.4770672177813295,0.9966996699669968,0.9999969975082172,0.0,1.0,0.6666776776074127,0.6666884036758634
6,0.4,0.4444444444444444,0.9454545454545454,0.4939225185711566,0.4939225185711566,0.25,0.558061610564478,0.9983498349834984,0.9999988219750648,0.0033003300330033,0.9933993399339934,0.666674487189536,0.6666778181416159
7,0.5,0.5925925925925926,0.6727272727272727,0.4939228662983704,0.4939228662983704,0.0,0.4364396370550374,0.995049504950495,0.999982654989306,0.0,1.0,0.6667114593442232,0.6667700255486189
8,0.6,1.0,0.109090909090909,0.4939548478873844,0.4939548478873844,1.0,0.5117702259145418,0.9983498349834984,0.9990848162733882,0.0,1.0,0.6709490081026803,0.673293427418715
9,0.6,0.8148148148148149,0.6363636363636364,0.5060770730056683,0.5060770730056683,0.3333333333333333,0.4699048170475883,0.995049504950495,0.9999881928553456,0.0033003300330033,0.9966996699669968,0.6667573576977175,0.6667827933004986
10,0.4,0.5925925925925926,0.2363636363636363,0.5055180102485658,0.5055180102485658,0.0,0.4707641361959291,0.995049504950495,0.9933602481609008,0.0,1.0,0.6928545397494963,0.7161018573948059
11,0.7,0.5925925925925926,0.4727272727272727,0.5060741536788884,0.5060741536788884,1.0,0.5137806013375243,0.9983498349834984,0.999865886989957,0.0,1.0,0.6672716211811157,0.6676008636843388
12,0.2,0.1111111111111111,0.1818181818181818,0.5060296719891291,0.5060296719891291,0.0,0.4482628843176549,0.9933993399339934,0.9984259020170556,0.0,1.0,0.6736103087811282,0.6771283647806078
13,0.6,0.962962962962963,0.9818181818181818,0.4939225616772005,0.4939225616772005,1.0,0.5277992486332785,0.9983498349834984,0.9999977712602252,0.0016501650165016,1.0,0.6666810518885228,0.6666898272231295
14,0.8,0.8148148148148149,0.0727272727272727,0.4940014133860494,0.4940014133860494,1.0,0.5452721220680086,0.9983498349834984,0.9982833440997232,0.0033003300330033,1.0,0.6746569488480293,0.6800937707774869
15,0.6,1.0,0.2909090909090909,0.4939307631500023,0.4939307631500023,0.75,0.6041977399008511,0.9983498349834984,0.9998078529996678,0.0049504950495049,1.0,0.6681175560345312,0.6685801945004627
16,0.8,0.7777777777777778,0.2,0.503181658734465,0.503181658734465,0.0,0.4862319239349657,0.9966996699669968,0.9935514114683264,0.0016501650165016,1.0,0.7119778219662736,0.7298229060971997
17,0.5,0.7777777777777778,0.6545454545454545,0.493923012675827,0.493923012675827,0.0,0.4928862682583917,0.9966996699669968,0.99997833945117,0.0,1.0,0.6667479909662823,0.666810430169831
18,0.4,0.6296296296296297,0.9818181818181818,0.5060775215745855,0.5060775215745855,0.0,0.4100608533760089,0.995049504950495,0.9999990720903836,0.0,1.0,0.666666875203832,0.6666693017026052
19,0.5,0.5555555555555556,0.9636363636363636,0.5060774566959191,0.5060774566959191,1.0,0.5088422219864019,0.9983498349834984,0.999996132699394,0.0,1.0,0.66667841472087,0.6666899284391321
20,0.4,0.2962962962962963,0.1818181818181818,0.4885351060445032,0.4885351060445032,0.0,0.38899606303024,0.9966996699669968,0.9449111387213548,0.0,0.995049504950495,0.8058140550106275,0.9426429594171328
21,0.7,0.8148148148148149,0.9818181818181818,0.5060774844564022,0.5060774844564022,0.0,0.4590407875185002,0.9966996699669968,0.9999984188219952,0.0,0.9983498349834984,0.6666742294290819,0.6666785119821901
22,0.5,0.7037037037037037,0.109090909090909,0.5060542188674482,0.5060542188674482,0.6666666666666666,0.4870631887644159,0.9966996699669968,0.9995371316538398,0.0049504950495049,0.9966996699669968,0.6706798827424553,0.6718062059187944
23,0.6,0.8888888888888888,0.509090909090909,0.4939241539448906,0.4939241539448906,0.5,0.5082945409935229,0.9983498349834984,0.9999495127463472,0.0,0.9983498349834984,0.6669252487546319,0.6671003353497408
24,0.4,0.4074074074074074,0.1818181818181818,0.4942266287982857,0.4942266287982857,0.0,0.3836697934188861,0.9933993399339934,0.995858699151932,0.0,0.995049504950495,0.6860463078927505,0.694411005496835
25,0.7,0.7777777777777778,0.0909090909090909,0.511461620727913,0.511461620727913,0.3333333333333333,0.4336674702969275,0.995049504950495,0.9732145824624382,0.0016501650165016,0.9983498349834984,0.7666248374809009,0.8435835820080458
26,0.5,0.7407407407407407,0.2363636363636363,0.4949604431138287,0.4949604431138287,0.0,0.4690192739411847,0.9966996699669968,0.9913047758190612,0.0,1.0,0.6897624929994638,0.7164841233252666
27,0.5,0.6666666666666667,0.2,0.5114648929846557,0.5114648929846557,1.0,0.5523081740465039,0.9983498349834984,0.9719645561621426,0.0049504950495049,1.0,0.8378875901455858,0.9206050251176482
28,0.8,0.7777777777777778,0.6545454545454545,0.4939230515613877,0.4939230515613877,0.5,0.4774563575526718,0.9966996699669968,0.9999834848195046,0.0016501650165016,0.995049504950495,0.6667756738856162,0.666811316316827
29,0.6,0.6666666666666667,0.0727272727272727,0.4939492581249984,0.4939492581249984,0.0,0.4767071671246254,0.9966996699669968,0.9993408616940715,0.0,0.9966996699669968,0.6705578974413817,0.6725661641279879
30,0.8,0.5925925925925926,0.2727272727272727,0.506068296651678,0.506068296651678,0.0,0.4693688376603622,0.9966996699669968,0.999615292569137,0.0,1.0,0.668228891126885,0.6697094479651483
31,0.3,0.4074074074074074,0.1454545454545454,0.4885598577085266,0.4885598577085266,0.5,0.5063807615378442,0.9983498349834984,0.9870962764263684,0.0,0.9966996699669968,0.7768672258448258,0.8263463130441148
32,0.4,0.6296296296296297,0.6,0.5060769621557111,0.5060769621557111,0.0,0.4583115980862845,0.9966996699669968,0.9999766309773422,0.0,1.0,0.6667726140897772,0.6668468436776933
33,0.5,0.5555555555555556,0.1454545454545454,0.5059074486978501,0.5059074486978501,0.75,0.5357019200812023,0.9983498349834984,0.9980904180401168,0.0049504950495049,0.9966996699669968,0.6833018183989664,0.6887061639245795
34,0.5,0.8148148148148149,0.6363636363636364,0.5060771088366309,0.5060771088366309,0.0,0.4852160094755838,0.9966996699669968,0.9999820519113872,0.0,1.0,0.6667452479720469,0.6668133322187264
35,0.8,0.925925925925926,1.0,0.5060775157720953,0.5060775157720953,0.3333333333333333,0.4598083895570407,0.9966996699669968,0.999999320218762,0.0066006600660066,0.9966996699669968,0.6666682291865738,0.6666699505603935
36,0.5,0.2962962962962963,0.1818181818181818,0.4885351060445032,0.4885351060445032,1.0,0.5377565339971515,0.9983498349834984,0.9528093050165996,0.0016501650165016,1.0,0.798068470225794,0.9947266534674928
37,0.5,0.8148148148148149,0.8545454545454545,0.5060774386079451,0.5060774386079451,0.4,0.5700496481882251,0.9983498349834984,0.9999983682935624,0.0049504950495049,0.995049504950495,0.6666842551323955,0.6666883999416536
38,0.5,0.5555555555555556,0.1272727272727272,0.5114648939554968,0.5114648939554968,0.0,0.4399941977113936,0.995049504950495,0.8921161627551356,0.0,1.0,0.6168323984757015,0.9440222578271512
39,0.4,0.4074074074074074,0.2545454545454545,0.4939313542543226,0.4939313542543226,0.6666666666666666,0.4390769548407063,0.9966996699669968,0.9997148054711068,0.0016501650165016,0.9983498349834984,0.6680519574676118,0.6687892181065378
40,0.4,0.6296296296296297,0.9818181818181818,0.5060775204576797,0.5060775204576797,0.0,0.3827587238987481,0.995049504950495,0.9999990713402628,0.0,0.9966996699669968,0.6666671875058219,0.6666690541446713
41,0.5,0.2962962962962963,0.4727272727272727,0.4939245886552394,0.4939245886552394,0.0,0.4741563411524,0.995049504950495,0.9999352096907168,0.0,0.9983498349834984,0.6669919469108573,0.6671987967057467
42,0.5,0.6666666666666667,0.8363636363636363,0.4939225722014926,0.4939225722014926,0.2,0.4889067066807563,0.9966996699669968,0.9999970792279828,0.0016501650165016,0.9933993399339934,0.6666853030413071,0.6666904858823858
43,0.6,0.7407407407407407,0.7636363636363637,0.5060773067671106,0.5060773067671106,1.0,0.5727730992813438,0.9983498349834984,0.9999927327189692,0.0,1.0,0.6667068920888619,0.6667371547615007
44,0.7,0.5925925925925926,0.2363636363636363,0.5057106900212253,0.5057106900212253,0.5,0.6131590381975152,0.9983498349834984,0.9975375853832852,0.0049504950495049,0.9983498349834984,0.6902188254724986,0.6996643496367947
45,0.4,0.4074074074074074,0.2545454545454545,0.4939302719023652,0.4939302719023652,1.0,0.5240447886868527,0.9983498349834984,0.9997847342796028,0.0,1.0,0.6678720563758517,0.6686094976602636
46,0.2,0.4074074074074074,0.1454545454545454,0.4889508854097416,0.4889508854097416,0.25,0.3868228091420204,0.9917491749174916,0.9858588724405486,0.0016501650165016,0.9917491749174916,0.7625354995485762,0.792566094519775
47,0.5,0.0,0.5454545454545454,0.4939236983018058,0.4939236983018058,0.5,0.4988483407318305,0.9966996699669968,0.999966588909208,0.0049504950495049,0.9966996699669968,0.6668696145054647,0.6669736967300639
48,0.5,0.6666666666666667,0.9818181818181818,0.4939224758574521,0.4939224758574521,1.0,0.5089462712660396,0.9983498349834984,0.9999993109698848,0.0016501650165016,1.0,0.6666648029936056,0.666667619416129
49,0.4,0.5555555555555556,0.9818181818181818,0.4939225045323131,0.4939225045323131,1.0,0.5073683973337364,0.9983498349834984,0.9999982585787254,0.0,1.0,0.6666704036323307,0.6666749499524192
50,0.5,0.7407407407407407,0.109090909090909,0.4939746310046662,0.4939746310046662,1.0,0.5009265202610285,0.9983498349834984,0.99847371136918,0.0,1.0,0.6715759732742315,0.6769261619074215
51,0.6,0.7407407407407407,0.2363636363636363,0.4952017817148437,0.4952017817148437,0.25,0.6134087742011798,0.9983498349834984,0.9963770788584908,0.0132013201320132,0.995049504950495,0.7022378157627684,0.7160168056616609
52,0.5,0.7037037037037037,0.9454545454545454,0.5060775020211434,0.5060775020211434,1.0,0.5364011997940428,0.9983498349834984,0.9999992832195386,0.0049504950495049,1.0,0.6666710636960947,0.6666729686014121
53,0.5,0.5555555555555556,0.9636363636363636,0.5060774522998666,0.5060774522998666,1.0,0.5231629804499605,0.9983498349834984,0.9999969059064222,0.0,1.0,0.6666797234627361,0.6666877538079993
54,0.5,0.1111111111111111,0.1818181818181818,0.5060261523142782,0.5060261523142782,0.0,0.4333268170305786,0.995049504950495,0.998019709355374,0.0,1.0,0.6734970267767721,0.6795396556036989
55,0.3,0.3703703703703703,0.109090909090909,0.5047700783838099,0.5047700783838099,0.0,0.4423861581182463,0.99009900990099,0.9844459768369288,0.0,0.9983498349834984,0.7223347531334032,0.757431612683058
56,0.5,0.6296296296296297,0.0909090909090909,0.4986814591443566,0.4986814591443566,0.5,0.5533406329157549,0.9983498349834984,0.993171139127176,0.0033003300330033,0.9966996699669968,0.7245385219553886,0.7444812193820778
57,0.3,0.5555555555555556,0.4909090909090909,0.5060764403660221,0.5060764403660221,0.0,0.430494127140812,0.9966996699669968,0.9999728603201452,0.0,0.995049504950495,0.6668805474864528,0.6669544545553124
58,0.4,0.5185185185185186,0.3272727272727272,0.5060724986071032,0.5060724986071032,0.6666666666666666,0.5266194476395272,0.9983498349834984,0.999865754956776,0.0016501650165016,0.9983498349834984,0.6676480668359935,0.6679334675160495
59,0.4,0.5925925925925926,0.3818181818181818,0.4939266243007489,0.4939266243007489,1.0,0.5142196355499169,0.9983498349834984,0.9998250824385192,0.0,1.0,0.6671669748492182,0.6677191018605675
60,0.3,0.1111111111111111,0.0727272727272727,0.5060108662246224,0.5060108662246224,0.0,0.4600634365783771,0.9917491749174916,0.998047043523861,0.0,0.9983498349834984,0.6755367347335519,0.6806691233981251
61,0.7,0.7777777777777778,0.0909090909090909,0.5114554668486929,0.5114554668486929,1.0,0.5283987309785003,0.9983498349834984,0.9747178685901596,0.0,1.0,0.7366497680457049,0.8415801878730428
62,0.7,0.6296296296296297,0.6181818181818182,0.5060770581485046,0.5060770581485046,0.5,0.5108697791951826,0.9983498349834984,0.999989978844036,0.0016501650165016,0.9983498349834984,0.6667578478481879,0.6667936593845056
63,0.3,0.5555555555555556,0.9636363636363636,0.4939224847910471,0.4939224847910471,0.0,0.4815973453926031,0.9966996699669968,0.999999156435108,0.0,1.0,0.6666669105508218,0.6666697940054683
64,0.7,0.7407407407407407,0.1636363636363636,0.5060616137076104,0.5060616137076104,0.0,0.4025927594637684,0.9966996699669968,0.999531203573906,0.0,0.9983498349834984,0.6693758181633557,0.6706539007117043
65,0.2,0.2962962962962963,0.4727272727272727,0.4939249362355866,0.4939249362355866,0.0,0.472863905146511,0.9933993399339934,0.999892543869382,0.0,1.0,0.6669319135006121,0.6673163826399345
66,0.6,0.925925925925926,0.2363636363636363,0.5037883337800086,0.5037883337800086,1.0,0.5223499757289243,0.9983498349834984,0.992666155987642,0.0,0.9983498349834984,0.7092408699309546,0.7317174422238776
67,0.4,0.4074074074074074,0.2545454545454545,0.4939292807073511,0.4939292807073511,0.0,0.4916715417372052,0.995049504950495,0.9997091062078232,0.0,0.9983498349834984,0.6674602532892651,0.6683208325476513
68,0.4,0.4814814814814815,0.1818181818181818,0.4885351060445032,0.4885351060445032,0.0,0.4987756428352894,0.9966996699669968,0.924624889860928,0.0,1.0,0.877654142968492,0.9993508856055492
69,0.5,0.6666666666666667,0.8363636363636363,0.493922560254445,0.493922560254445,0.0,0.4814115449956787,0.9966996699669968,0.9999973943298782,0.0,1.0,0.6666822414953213,0.6666889699896374
70,0.5,0.7407407407407407,0.7636363636363637,0.5060773273926343,0.5060773273926343,0.0,0.4912271049315236,0.9966996699669968,0.9999917875285744,0.0,0.9983498349834984,0.6667019401143717,0.6667330716777056
71,0.2,0.5185185185185186,0.4545454545454545,0.5060756058927761,0.5060756058927761,0.0,0.4226750053419164,0.99009900990099,0.9999189538392608,0.0,0.9983498349834984,0.6670227927101121,0.6672234502663991
72,0.4,0.5925925925925926,0.2363636363636363,0.5055942497163672,0.5055942497163672,0.0,0.3711502898069966,0.995049504950495,0.9951771612655036,0.0,0.995049504950495,0.6930540824238037,0.7041775408880839
73,0.7,0.6666666666666667,0.1272727272727272,0.5113838839523885,0.5113838839523885,0.0,0.4981576026887381,0.9966996699669968,0.9732934961926296,0.0,1.0,0.730485677588341,0.8245621788413896
74,0.5,0.5925925925925926,0.5818181818181818,0.4939230981984139,0.4939230981984139,1.0,0.5000903187916568,0.9983498349834984,0.999979963975824,0.0,1.0,0.6667572716912503,0.6668188555042146
75,0.3,0.1111111111111111,0.1818181818181818,0.5060042254578397,0.5060042254578397,0.0,0.4187307283357453,0.9917491749174916,0.9976723890944076,0.0,0.9983498349834984,0.6752152847989321,0.6829029047200933
76,0.3,0.3333333333333333,0.109090909090909,0.506040261200732,0.506040261200732,0.0,0.382702133799401,0.9917491749174916,0.9988403569770066,0.0,0.9983498349834984,0.6719730740897978,0.6754406319322495
77,0.6,0.7777777777777778,0.2,0.5015290604481144,0.5015290604481144,0.7142857142857143,0.4313961131379273,0.9966996699669968,0.992143441005678,0.0082508250825082,0.9933993399339934,0.7198262924430809,0.7388748237602015
78,0.6,0.4814814814814815,0.5272727272727272,0.4939235528964674,0.4939235528964674,0.5,0.4825546898301416,0.9966996699669968,0.9999697921232092,0.0,0.9966996699669968,0.666841671955468,0.6669396293662371
79,0.4,0.2962962962962963,0.1818181818181818,0.4885351060445032,0.4885351060445032,0.0,0.489144363187501,0.995049504950495,0.9215500555898186,0.0,1.0,0.7667101930855824,0.9868382202474688
80,0.5,0.4444444444444444,0.2545454545454545,0.50606730834394,0.50606730834394,0.3333333333333333,0.5255734302801967,0.9983498349834984,0.9997435527762188,0.0,0.9966996699669968,0.6685128627618373,0.6692299890062738
81,0.5,0.962962962962963,0.0909090909090909,0.4893820426751719,0.4893820426751719,0.6666666666666666,0.547314757638443,0.9983498349834984,0.9871136401119356,0.0099009900990099,0.9933993399339934,0.7535272766592654,0.7818393402205285
82,0.5,0.7407407407407407,0.7636363636363637,0.5060773125147575,0.5060773125147575,1.0,0.529903053150485,0.9983498349834984,0.9999919135924056,0.0,1.0,0.6667055102926944,0.6667322798167752
83,0.3,0.5925925925925926,0.6727272727272727,0.493922824025935,0.493922824025935,0.0,0.4260564055246243,0.9933993399339934,0.9999848626310356,0.0,0.9983498349834984,0.6667216415792532,0.6667539799691842
84,0.4,0.5555555555555556,0.9818181818181818,0.4939225181090969,0.4939225181090969,0.0,0.466226900091199,0.9933993399339934,0.9999974388208164,0.0,1.0,0.6666717683207687,0.6666785365160075
85,0.6,0.5925925925925926,0.5818181818181818,0.4939230260486572,0.4939230260486572,0.0,0.4555343957003739,0.995049504950495,0.9999718662360972,0.0,1.0,0.6667315998666372,0.6668146283087873
86,0.6,0.6296296296296297,0.7818181818181819,0.5060773958117178,0.5060773958117178,0.4,0.5801938896902998,0.9983498349834984,0.999997338320744,0.0066006600660066,0.995049504950495,0.6666927383717414,0.6667006282748179
87,0.3,0.8148148148148149,0.7272727272727273,0.493922701558194,0.493922701558194,0.0,0.4556877741240387,0.9966996699669968,0.999993346460318,0.0,0.9966996699669968,0.6667040555087158,0.6667240833227203
88,0.2,0.5185185185185186,0.4545454545454545,0.506075691526476,0.506075691526476,0.0,0.4532899941426539,0.99009900990099,0.9999415740111132,0.0,0.9933993399339934,0.6670246458378943,0.6671384016901976
89,0.4,0.6296296296296297,0.9818181818181818,0.5060775211197233,0.5060775211197233,1.0,0.519599195181307,0.9983498349834984,0.9999991364725292,0.0,1.0,0.6666669195871554,0.6666697928075292
90,0.5,0.5555555555555556,0.8363636363636363,0.4939226112093007,0.4939226112093007,1.0,0.6079929135189033,0.9983498349834984,0.9999970830332698,0.0049504950495049,1.0,0.6666922025406982,0.6667003779482891
91,0.5,0.5555555555555556,0.1272727272727272,0.5114648939554968,0.5114648939554968,0.0,0.3999989244823073,0.9917491749174916,0.9161905445634884,0.0,0.995049504950495,0.7869038681876923,0.9914511593929504
92,0.4,0.5925925925925926,0.8363636363636363,0.5060774292800696,0.5060774292800696,0.6666666666666666,0.5408852645892943,0.9983498349834984,0.9999971157433956,0.0049504950495049,0.9983498349834984,0.6666853626429472,0.666694332792477
93,0.3,0.2962962962962963,0.4727272727272727,0.4939248246955938,0.4939248246955938,1.0,0.5438954272610821,0.9983498349834984,0.9999201162536934,0.0016501650165016,1.0,0.6669933139841699,0.6672984015220236
94,0.5,0.1111111111111111,0.1818181818181818,0.5060198051048285,0.5060198051048285,0.0,0.4532217183474041,0.9933993399339934,0.998443036122754,0.0,0.995049504950495,0.6750151517235743,0.6774271534250187
95,0.8,0.925925925925926,0.7818181818181819,0.5060773350311225,0.5060773350311225,0.0,0.4386368195712327,0.9966996699669968,0.9999936739144296,0.0,1.0,0.6667028996234428,0.6667245710752948
96,0.4,0.5925925925925926,0.3818181818181818,0.493926899093136,0.493926899093136,0.0,0.4972954903884324,0.9966996699669968,0.9999002955002242,0.0016501650165016,0.9966996699669968,0.6674106842629906,0.6677224376753056
97,0.5,0.5185185185185186,0.3272727272727272,0.5060737875486852,0.5060737875486852,0.0,0.4898338137893694,0.9966996699669968,0.9998602000052584,0.0,1.0,0.6673542384486566,0.6678177198330121
98,0.5,0.4074074074074074,0.2545454545454545,0.493928245679416,0.493928245679416,1.0,0.5182131319641199,0.9983498349834984,0.9997830587802188,0.0,1.0,0.6674214883718899,0.6681646461603
99,0.3,0.4444444444444444,0.9454545454545454,0.4939225243620098,0.4939225243620098,0.2,0.4495065077248352,0.995049504950495,0.999998176374163,0.0016501650165016,0.99009900990099,0.6666746435433413,0.6666794796273595
100,0.3,0.7037037037037037,0.9636363636363636,0.4939225429987143,0.4939225429987143,0.0,0.4549926406741692,0.9933993399339934,0.9999959498909778,0.0,1.0,0.6666731579897913,0.6666848055218547
101,0.5,0.6666666666666667,0.0727272727272727,0.4939486848424244,0.4939486848424244,1.0,0.533210954787011,0.9983498349834984,0.9993111818483044,0.0,1.0,0.6704560588979471,0.6723182648381827
102,0.4,0.6296296296296297,0.7818181818181819,0.5060773846441682,0.5060773846441682,1.0,0.5261883398646583,0.9983498349834984,0.9999937013046872,0.0,1.0,0.6666918887802814,0.6667111952264336
103,0.2,0.6296296296296297,0.4181818181818181,0.4939259087768295,0.4939259087768295,0.0,0.4396460871974659,0.9933993399339934,0.9998680223508144,0.0,0.9966996699669968,0.6672198963429556,0.6674869515298871
104,0.4,0.4814814814814815,0.5272727272727272,0.4939234135453035,0.4939234135453035,0.5,0.4220371369866464,0.9966996699669968,0.9999744059619948,0.0016501650165016,0.9966996699669968,0.6668388468239831,0.6668979618808668
105,0.4,0.3703703703703703,0.109090909090909,0.5081192653128113,0.5081192653128113,0.0,0.4838923182577272,0.9966996699669968,0.9859851713973558,0.0,0.9983498349834984,0.7190778871650193,0.7702762144784389
106,0.6,0.7037037037037037,0.2545454545454545,0.4943762354727395,0.4943762354727395,0.5,0.5512026231672631,0.9983498349834984,0.9957791223601552,0.0,0.9983498349834984,0.6882113354408089,0.7016824990104267
107,0.3,0.2962962962962963,0.4727272727272727,0.4939250560455089,0.4939250560455089,0.25,0.5545599574838693,0.9983498349834984,0.9999582416980868,0.0066006600660066,0.9933993399339934,0.66717679254957,0.6672926638460283
108,0.5,0.6296296296296297,0.0909090909090909,0.4925304668938768,0.4925304668938768,1.0,0.5023520850841068,0.9983498349834984,0.9846250692390331,0.0,1.0,0.7352550612942653,0.7788646616009839
109,0.6,1.0,0.1636363636363636,0.5059326860604156,0.5059326860604156,0.0,0.4051705621011598,0.9966996699669968,0.9975733112203288,0.0,0.9983498349834984,0.6814588672518314,0.689595053953335
110,0.6,0.5555555555555556,0.1454545454545454,0.5058537309571581,0.5058537309571581,1.0,0.5380336699150476,0.9983498349834984,0.9971436953719428,0.0049504950495049,1.0,0.6857252693493681,0.6936199361732824
111,0.4,0.7037037037037037,0.2181818181818181,0.4885351106450576,0.4885351106450576,0.0,0.4401600125475473,0.9966996699669968,0.971532317395228,0.0,0.9966996699669968,0.8333623972587871,0.9291283561762752
112,0.4,0.962962962962963,1.0,0.4939224750631197,0.4939224750631197,1.0,0.5096031876991588,0.9983498349834984,0.9999993539484398,0.0,1.0,0.6666655715882531,0.6666674814055455
113,0.5,0.7037037037037037,0.6363636363636364,0.5060769184625467,0.5060769184625467,0.0,0.4909355865476935,0.995049504950495,0.9999735867045684,0.0,1.0,0.6667774571921598,0.6668617095130637
114,0.7,0.925925925925926,0.7818181818181819,0.5060773363399586,0.5060773363399586,0.6666666666666666,0.5316963552513112,0.9983498349834984,0.9999956462887992,0.0115511551155115,0.995049504950495,0.6667047392080935,0.6667155930607859
115,0.7,1.0,0.8545454545454545,0.5060774086116403,0.5060774086116403,0.4,0.48754280468252,0.9966996699669968,0.9999961962123396,0.0049504950495049,0.995049504950495,0.6666898286385918,0.6666962028509978
116,0.7,0.7407407407407407,0.109090909090909,0.49396177058802,0.49396177058802,1.0,0.5616005017591168,0.9983498349834984,0.9993622784885664,0.0049504950495049,1.0,0.6717068663371395,0.6743867839387521
117,0.7,0.6296296296296297,0.7818181818181819,0.506077356042467,0.506077356042467,1.0,0.5333846869175448,0.9983498349834984,0.9999937552910168,0.0,1.0,0.6666982236780912,0.6667159974680482
118,0.6,0.7037037037037037,0.2545454545454545,0.4943143779909211,0.4943143779909211,0.0,0.4410752240840319,0.9966996699669968,0.9939366940625184,0.0,1.0,0.682279463503975,0.7009121694467524
119,0.3,0.5555555555555556,0.9636363636363636,0.5060774676899238,0.5060774676899238,0.0,0.3717245677795722,0.9933993399339934,0.9999982029401135,0.0,0.9933993399339934,0.6666780356375301,0.6666817876495037
120,0.5,0.5555555555555556,0.9636363636363636,0.5060774712112776,0.5060774712112776,0.0,0.4315166330386768,0.9917491749174916,0.9999974976321908,0.0,0.9983498349834984,0.6666764700513076,0.6666828402107068
121,0.3,0.7037037037037037,0.2727272727272727,0.5060720581638471,0.5060720581638471,0.0,0.4660293496008222,0.995049504950495,0.999868956985156,0.0016501650165016,0.9966996699669968,0.6677280908485398,0.6681072184032326
122,0.6,0.7407407407407407,0.1636363636363636,0.4939372928248698,0.4939372928248698,1.0,0.5023468179753419,0.9983498349834984,0.999537514550112,0.0,1.0,0.6686514196748966,0.6701115505824281
123,0.7,0.8148148148148149,0.9818181818181818,0.5060774818943181,0.5060774818943181,0.0,0.4604228828998652,0.995049504950495,0.9999978980341692,0.0,1.0,0.6666745873883174,0.6666808305095753
124,0.5,0.7037037037037037,0.6363636363636364,0.5060769603904249,0.5060769603904249,0.0,0.4516128537110135,0.995049504950495,0.999980910625282,0.0,0.9983498349834984,0.6667721202731796,0.66681628837136
125,0.3,0.3703703703703703,0.109090909090909,0.5045629397975058,0.5045629397975058,0.0,0.4802737059931338,0.9917491749174916,0.980016061053375,0.0,1.0,0.7041159666724329,0.7652080357672447
126,0.6,0.925925925925926,0.7090909090909091,0.4939227886229136,0.4939227886229136,1.0,0.5309639668447217,0.9983498349834984,0.9999882002377944,0.0,1.0,0.6667153508101464,0.6667449485081207
127,0.4,0.5555555555555556,0.9818181818181818,0.4939225156111978,0.4939225156111978,0.5,0.5534117832006606,0.9983498349834984,0.99999870602681,0.0033003300330033,0.9933993399339934,0.6666745184070935,0.6666770776024181
128,0.3,0.1111111111111111,0.0727272727272727,0.5059919644668425,0.5059919644668425,0.0,0.4696920118168591,0.995049504950495,0.9977160047135128,0.0,1.0,0.6769957749847585,0.6830305384633545
129,0.7,0.7407407407407407,0.3454545454545454,0.5060727813054657,0.5060727813054657,0.6666666666666666,0.5692934130521239,0.9983498349834984,0.9998965675782426,0.0082508250825082,0.9983498349834984,0.6675497379136587,0.6678799738130347
130,0.5,0.5555555555555556,0.1272727272727272,0.5114648939554968,0.5114648939554968,0.0,0.4350661407008102,0.9966996699669968,0.9052497971478188,0.0,0.9966996699669968,0.6245675115390449,0.8890068196258128
131,0.6,0.7037037037037037,0.3090909090909091,0.4939282835305169,0.4939282835305169,0.5,0.570722232341672,0.9983498349834984,0.9998295374990784,0.0,0.9983498349834984,0.6675551462454673,0.6681375113446921
132,0.5,0.2962962962962963,0.8363636363636363,0.493922617735226,0.493922617735226,0.5,0.4099325202428633,0.9966996699669968,0.999995153176202,0.0016501650165016,0.9983498349834984,0.6666924999421925,0.6667029465805095
133,0.9,1.0,0.9818181818181818,0.5060774776685983,0.5060774776685983,1.0,0.573979958130627,0.9983498349834984,0.9999983943807178,0.0099009900990099,1.0,0.6666760145237315,0.6666786996110321
134,0.5,0.4444444444444444,0.2545454545454545,0.506065276866354,0.506065276866354,0.5,0.476810530710468,0.9966996699669968,0.9996003635287845,0.0049504950495049,0.9983498349834984,0.6689043299028483,0.6697265563845896
135,0.5,0.7777777777777778,0.5272727272727272,0.5060767667980843,0.5060767667980843,0.0,0.3883775278790624,0.995049504950495,0.999970129385715,0.0,0.9983498349834984,0.6668066422798083,0.6668883058101432
136,0.6,0.6296296296296297,0.6,0.506076958818387,0.506076958818387,0.5,0.5297384791929363,0.9983498349834984,0.9999845605075348,0.0049504950495049,0.9966996699669968,0.6667771147253048,0.666821669567823
137,0.4,0.5555555555555556,0.1272727272727272,0.5114648939554968,0.5114648939554968,0.0,0.4440432665961555,0.99009900990099,0.8852655476259496,0.0,0.9983498349834984,0.7160002993341943,0.9862771110715612
138,0.5,0.5555555555555556,0.8363636363636363,0.493922599590046,0.493922599590046,0.0,0.4959244258059152,0.9966996699669968,0.9999942522254156,0.0,1.0,0.6666798581991191,0.6667003704969772
139,0.5,0.5555555555555556,0.9818181818181818,0.4939225104775773,0.4939225104775773,1.0,0.5245402612566278,0.9983498349834984,0.999998275235054,0.0,1.0,0.6666715850316147,0.6666760773021978
140,0.5,1.0,0.9454545454545454,0.493922507204142,0.493922507204142,1.0,0.5090924669442057,0.9983498349834984,0.999998164875013,0.0,1.0,0.6666697599330297,0.6666757140421172
141,0.8,0.6296296296296297,0.0909090909090909,0.4947290661020697,0.4947290661020697,0.0,0.4821345779137713,0.9966996699669968,0.9860343350037788,0.0,1.0,0.7324232703460968,0.7770167787131816
142,0.3,0.1111111111111111,0.0727272727272727,0.5059951825600043,0.5059951825600043,0.6666666666666666,0.4448582149546273,0.9966996699669968,0.9982524607973332,0.0033003300330033,0.995049504950495,0.6768376368090613,0.6813609949839665
143,0.7,0.6666666666666667,0.1272727272727272,0.5110222695135386,0.5110222695135386,1.0,0.514072831933547,0.9983498349834984,0.9754106521275814,0.0,1.0,0.7218218537759136,0.8041391129505658
144,0.6,0.5925925925925926,0.8909090909090909,0.4939224978302453,0.4939224978302453,0.6666666666666666,0.5497187849279918,0.9983498349834984,0.9999992741454544,0.0066006600660066,0.9983498349834984,0.666670646428335,0.6666725832783432
145,0.6,0.5925925925925926,0.8909090909090909,0.4939224984613168,0.4939224984613168,0.0,0.4607402612785509,0.995049504950495,0.999998851816434,0.0,1.0,0.6666704944416921,0.6666732594692217
146,0.3,0.925925925925926,0.5454545454545454,0.5060764249035679,0.5060764249035679,0.0,0.4925291574309008,0.9966996699669968,0.9999681425043544,0.0,1.0,0.6668811427416708,0.6669560131316086
147,0.7,0.925925925925926,0.8545454545454545,0.4939225717659461,0.4939225717659461,1.0,0.5201280125240286,0.9983498349834984,0.999994849894869,0.0,1.0,0.6666753164013024,0.6666942518044549
148,0.6,0.7777777777777778,0.5272727272727272,0.5060764880067525,0.5060764880067525,1.0,0.524565221579189,0.9983498349834984,0.9999624547795812,0.0,1.0,0.6668591302480918,0.6669923992689841
149,0.4,0.6296296296296297,0.4181818181818181,0.4939256845156079,0.4939256845156079,0.0,0.4835171347221904,0.995049504950495,0.9999001494930052,0.0,0.9966996699669968,0.6671917956330268,0.667478421318386
150,0.4,0.5555555555555556,0.9818181818181818,0.4939225079512315,0.4939225079512315,0.5,0.4927190571719476,0.9966996699669968,0.9999988012684212,0.0016501650165016,0.9966996699669968,0.6666719707689707,0.6666753866043174
151,0.5,0.6666666666666667,0.8363636363636363,0.4939225749103414,0.4939225749103414,0.0,0.4595706400426482,0.9966996699669968,0.9999947860491718,0.0,1.0,0.6666751689457762,0.6666941975468288
152,0.6,0.962962962962963,0.2727272727272727,0.5060670817790747,0.5060670817790747,1.0,0.5121028177888638,0.9983498349834984,0.9996849673843592,0.0,1.0,0.6685533221642198,0.6695824273492114
153,0.5,0.0,0.5454545454545454,0.4939242057604689,0.4939242057604689,0.0,0.4296662832349459,0.9966996699669968,0.9999577769970642,0.0,0.9983498349834984,0.6669690500557175,0.6670836658360699
154,0.5,0.2962962962962963,0.8363636363636363,0.4939226572993025,0.4939226572993025,0.8,0.4982474689354427,0.9966996699669968,0.999994974407578,0.0049504950495049,0.9983498349834984,0.6667008999453503,0.6667115797639619
155,0.4,0.5925925925925926,0.3818181818181818,0.4939267429238694,0.4939267429238694,0.0,0.4667715008946386,0.9933993399339934,0.9998154424902056,0.0,1.0,0.6671070123198497,0.6677195996886417
156,0.5,0.5925925925925926,0.2363636363636363,0.5055726361736346,0.5055726361736346,0.0,0.4599263063159492,0.995049504950495,0.9946400812066511,0.0,1.0,0.6931251490943594,0.7073298075549094
157,0.6,0.7407407407407407,0.2363636363636363,0.4951296874791038,0.4951296874791038,0.0,0.4958289209643504,0.9966996699669968,0.9941650127732496,0.0,1.0,0.6999527042553042,0.7163818815899287
158,0.5,0.962962962962963,0.1818181818181818,0.4939736498943341,0.4939736498943341,1.0,0.585286435569568,0.9983498349834984,0.9988584985999378,0.0033003300330033,1.0,0.6730380953028097,0.676593792301188
159,0.5,0.5925925925925926,0.6727272727272727,0.4939228568699749,0.4939228568699749,1.0,0.5258267310203639,0.9983498349834984,0.9999886911307858,0.0,1.0,0.6667200912268221,0.6667657938541555
160,0.3,0.4074074074074074,0.1818181818181818,0.4941509626381508,0.4941509626381508,0.0,0.4529942136227893,0.9917491749174916,0.994946906297766,0.0,1.0,0.6784400764088819,0.6945967496913219
161,0.3,0.5555555555555556,0.9636363636363636,0.5060774668558824,0.5060774668558824,1.0,0.530755347763018,0.9983498349834984,0.999997898889273,0.0,1.0,0.6666776567599677,0.6666831874861621
162,0.6,0.6666666666666667,0.2,0.5114648880939189,0.5114648880939189,0.5,0.4900310652207614,0.9966996699669968,0.9763855645385804,0.0066006600660066,0.995049504950495,0.811581427043391,0.9078464945865434
163,0.4,0.5925925925925926,0.6727272727272727,0.4939228408668794,0.4939228408668794,0.3333333333333333,0.5937142192185847,0.9983498349834984,0.9999932755564056,0.0016501650165016,0.9966996699669968,0.666736760509202,0.6667570724050224
164,0.2,0.1111111111111111,0.0727272727272727,0.505967069203958,0.505967069203958,0.0,0.456749895588717,0.9966996699669968,0.9972386792156616,0.0,0.9966996699669968,0.6785216467616589,0.6859303375982341
165,0.6,0.7037037037037037,0.6181818181818182,0.493922947182799,0.493922947182799,0.75,0.6052535453331434,0.9983498349834984,0.9999898519102052,0.0066006600660066,0.9966996699669968,0.6667570726777623,0.666783023231754
166,0.5,0.4814814814814815,0.1818181818181818,0.4885351064153287,0.4885351064153287,0.0,0.4902459608932811,0.9966996699669968,0.9722173504973756,0.0,0.9983498349834984,0.8527050584473077,0.9326988838173396
167,0.2,0.1111111111111111,0.0727272727272727,0.5059714151269529,0.5059714151269529,0.0,0.4256425687420597,0.9867986798679867,0.9971561029339814,0.0,0.9917491749174916,0.6794033500731202,0.6824535027206742
168,0.7,0.7777777777777778,0.5454545454545454,0.4939232620041922,0.4939232620041922,0.3333333333333333,0.4990565524443633,0.9966996699669968,0.9999692433877072,0.0016501650165016,0.9983498349834984,0.6667887932215576,0.6668712556343636
169,0.5,0.7777777777777778,0.2,0.4997601419332306,0.4997601419332306,0.0,0.4777816808498011,0.995049504950495,0.9861536667383788,0.0,1.0,0.7205239428495035,0.7615932368569014
170,0.5,1.0,0.8181818181818182,0.5060773445298954,0.5060773445298954,1.0,0.5220393287760166,0.9983498349834984,0.9999938183460142,0.0,1.0,0.666701359048641,0.6667171232262016
171,0.8,0.7777777777777778,0.5272727272727272,0.5060766367177361,0.5060766367177361,1.0,0.5219433094571289,0.9983498349834984,0.9999800171787658,0.0049504950495049,1.0,0.6668428991365698,0.6669093632188986
172,0.5,0.8888888888888888,0.1818181818181818,0.4885351060445032,0.4885351060445032,0.5,0.5047822532807731,0.9983498349834984,0.9449511061605586,0.0,1.0,0.8200212437596259,0.9963319132970264
173,0.6,0.5925925925925926,0.2363636363636363,0.5052286259485419,0.5052286259485419,0.0,0.4249572892337045,0.9966996699669968,0.9920758472808028,0.0,1.0,0.69660402821484,0.7240879718073536
174,0.5,0.7407407407407407,0.2363636363636363,0.4950011559990495,0.4950011559990495,0.0,0.4820470876167464,0.9966996699669968,0.9932856221761628,0.0,1.0,0.6908365775305474,0.7160616582827569
175,0.5,0.7407407407407407,0.3818181818181818,0.5060741016501934,0.5060741016501934,0.0,0.4894560035100637,0.9966996699669968,0.9998736884074226,0.0,0.9983498349834984,0.6672688467308339,0.6677438301061981
176,0.5,0.5925925925925926,0.5818181818181818,0.4939231149517531,0.4939231149517531,0.0,0.4776750458118377,0.9966996699669968,0.9999753686227894,0.0,1.0,0.6667658800056426,0.666830650555005
177,0.3,0.1111111111111111,0.0727272727272727,0.5059195215281662,0.5059195215281662,0.0,0.4950555835801759,0.9966996699669968,0.9968245960082156,0.0,1.0,0.6818320603709535,0.6925028948697587
178,0.5,0.7037037037037037,0.6909090909090909,0.4939227423295222,0.4939227423295222,0.0,0.4753714146038803,0.995049504950495,0.9999878251643392,0.0,1.0,0.6666969310130709,0.6667364425395687
179,0.7,0.6666666666666667,0.1272727272727272,0.510490959806015,0.510490959806015,1.0,0.504241474591886,0.9983498349834984,0.9865859057772745,0.0016501650165016,1.0,0.7383333589375507,0.7846736516460003
180,0.4,0.8518518518518519,0.2181818181818181,0.5032080216769854,0.5032080216769854,0.3333333333333333,0.5117426521687671,0.9983498349834984,0.9939234329534444,0.0016501650165016,0.9917491749174916,0.7254404859043294,0.7476244698968673
181,0.3,0.1111111111111111,0.1818181818181818,0.5060004338308792,0.5060004338308792,0.0,0.4543554498932398,0.9917491749174916,0.9976324865994914,0.0,0.9983498349834984,0.6763600581855678,0.6829159513214671
182,0.8,0.8148148148148149,0.0727272727272727,0.4940115707081967,0.4940115707081967,0.5,0.5658316669321339,0.9983498349834984,0.9981621089000204,0.0082508250825082,0.9983498349834984,0.6751389574794867,0.6817855617598036
183,0.5,0.6666666666666667,0.9818181818181818,0.4939224788681933,0.4939224788681933,1.0,0.5034747394541398,0.9983498349834984,0.9999992153591708,0.0,1.0,0.6666657098869194,0.6666684346346579
184,0.4,0.5925925925925926,0.5818181818181818,0.4939230991187714,0.4939230991187714,0.0,0.4533395764194307,0.995049504950495,0.9999695577706638,0.0,1.0,0.6667419013866354,0.6668392206479204
185,0.1,0.0,0.5454545454545454,0.4939239743103017,0.4939239743103017,0.0,0.4197971761386995,0.9867986798679867,0.9999183777511182,0.0,0.9966996699669968,0.6668333005160186,0.6670585983296624
186,0.6,1.0,0.2,0.5058011299723457,0.5058011299723457,1.0,0.5244933361359096,0.9983498349834984,0.996829314976104,0.0,1.0,0.6872234765158065,0.6982464306621172
187,0.6,0.6666666666666667,0.1272727272727272,0.4940562291418215,0.4940562291418215,0.5,0.4906509632958327,0.9966996699669968,0.9978755685383148,0.0049504950495049,0.9983498349834984,0.6791239445539055,0.6856902425403691
188,0.5,0.5925925925925926,0.8363636363636363,0.5060774193907558,0.5060774193907558,0.0,0.4372629388156199,0.995049504950495,0.9999957112114448,0.0,0.9966996699669968,0.6666877830369737,0.6666966590920018
189,0.7,0.7777777777777778,0.0909090909090909,0.5114630845750407,0.5114630845750407,0.3333333333333333,0.4510674811582209,0.995049504950495,0.9748178003255432,0.0016501650165016,0.9983498349834984,0.7712441559912248,0.8446838245318212
190,0.4,0.5555555555555556,0.1272727272727272,0.4939431553139841,0.4939431553139841,0.0,0.4855841973763367,0.995049504950495,0.9992769121717372,0.0,1.0,0.6693929857340316,0.6714979190757199
191,0.3,0.2962962962962963,0.4727272727272727,0.4939246583274208,0.4939246583274208,0.0,0.4902893693676324,0.9966996699669968,0.9999327085105252,0.0,0.9983498349834984,0.6670047724809448,0.6672160938823002
192,0.4,0.4814814814814815,0.5272727272727272,0.4939234288316393,0.4939234288316393,0.0,0.4915846235182978,0.9966996699669968,0.999961599717537,0.0,1.0,0.6668116403155204,0.6669130454255913
193,0.6,0.962962962962963,0.1818181818181818,0.5114648939554727,0.5114648939554727,0.0,0.4632578002163434,0.995049504950495,0.9073484339622696,0.0,0.9983498349834984,0.7725984396163125,0.9995697359569256
194,0.7,0.925925925925926,0.2181818181818181,0.5114644938535969,0.5114644938535969,1.0,0.5349552681411693,0.9983498349834984,0.9774069702551894,0.0082508250825082,1.0,0.79323517046129,0.8652867734789603
195,0.6,1.0,0.9272727272727272,0.4939224995957886,0.4939224995957886,0.5,0.4655003730810317,0.9966996699669968,0.9999989260289742,0.0,1.0,0.6666697536932492,0.6666733068465519
196,0.5,0.7777777777777778,0.6545454545454545,0.4939230871689215,0.4939230871689215,0.0,0.4285853761463785,0.9966996699669968,0.9999826353820056,0.0,0.9983498349834984,0.6667669274900857,0.6668247833373613
197,0.6,0.5555555555555556,0.1454545454545454,0.5058223384208957,0.5058223384208957,1.0,0.5294121649720083,0.9983498349834984,0.9957502545242108,0.0,1.0,0.6853487050879579,0.7003940802250634
198,0.4,0.4814814814814815,0.1818181818181818,0.4885351060445072,0.4885351060445072,0.25,0.4980912714879717,0.9966996699669968,0.9566616270850642,0.0049504950495049,0.9983498349834984,0.9185737074008496,0.9995656791892202
199,0.5,0.925925925925926,0.8545454545454545,0.4939225730651506,0.4939225730651506,0.0,0.4818050988013262,0.9966996699669968,0.9999961481807348,0.0,1.0,0.6666813730098659,0.6666921707680133
200,0.3,0.5555555555555556,0.9636363636363636,0.4939224849996575,0.4939224849996575,0.3333333333333333,0.4615507290358199,0.9966996699669968,0.9999993116128286,0.0049504950495049,0.9933993399339934,0.6666682052525379,0.6666695076925253
201,0.7,1.0,0.9818181818181818,0.5060774891144757,0.5060774891144757,1.0,0.5228823832494134,0.9983498349834984,0.99999847952352,0.0066006600660066,1.0,0.6666737774376841,0.6666773570896481
202,0.8,0.5925925925925926,0.4727272727272727,0.506074925262941,0.506074925262941,0.625,0.6025145953575175,0.9983498349834984,0.9999587636350116,0.0148514851485148,0.995049504950495,0.6671765639438518,0.6672987528063441
203,0.5,0.1111111111111111,0.0727272727272727,0.505927119293611,0.505927119293611,0.0,0.4648166331617294,0.995049504950495,0.9966399067648078,0.0,1.0,0.6812386367984582,0.6914667461330433
204,0.6,0.5555555555555556,0.9636363636363636,0.4939224886231068,0.4939224886231068,0.0,0.4904060771878156,0.9966996699669968,0.9999988196130306,0.0,1.0,0.6666667917889502,0.6666705365053981
205,0.7,0.5555555555555556,0.8363636363636363,0.493922583567165,0.493922583567165,1.0,0.551103047585046,0.9983498349834984,0.999994850610599,0.0,1.0,0.6666823670772587,0.6666962532888417
206,0.4,0.1111111111111111,0.1818181818181818,0.5060269658610252,0.5060269658610252,0.3333333333333333,0.4911171864039843,0.9966996699669968,0.998761185912841,0.0016501650165016,0.9983498349834984,0.6739910868010427,0.6768865614848153
207,0.5,0.5925925925925926,0.6727272727272727,0.4939228577720462,0.4939228577720462,0.6666666666666666,0.52595807383974,0.9983498349834984,0.9999913011749736,0.0049504950495049,0.9983498349834984,0.6667350596777752,0.6667618582459282
208,0.4,0.2962962962962963,0.4727272727272727,0.4939250905452781,0.4939250905452781,0.0,0.488315160283734,0.9966996699669968,0.9999441358562576,0.0016501650165016,0.9966996699669968,0.6671420629634499,0.6673239772653583
209,0.2,0.4444444444444444,0.0909090909090909,0.4885419073227312,0.4885419073227312,1.0,0.5044812531549334,0.9983498349834984,0.9717239470271466,0.0,1.0,0.7764824460100063,0.8823939144480891
210,0.5,0.7037037037037037,0.3090909090909091,0.4939280550218039,0.4939280550218039,0.0,0.4707098134645553,0.9966996699669968,0.999740004237367,0.0,1.0,0.6673280649726141,0.6680767959031554
211,0.5,0.7037037037037037,0.2181818181818181,0.4885351144219977,0.4885351144219977,0.3333333333333333,0.4932356505270334,0.9966996699669968,0.9770381295185898,0.0066006600660066,0.9933993399339934,0.8369205535223064,0.8977351353534829
212,0.5,0.6666666666666667,0.1272727272727272,0.4940602137817458,0.4940602137817458,0.0,0.4822714775993949,0.995049504950495,0.9971276366367776,0.0,1.0,0.6757848465920586,0.6876524632603771
213,0.4,0.8148148148148149,0.1272727272727272,0.5060626291216386,0.5060626291216386,1.0,0.5314094532090121,0.9983498349834984,0.9994952322585786,0.0,1.0,0.6692555783342878,0.6706144366738477
214,0.3,0.8148148148148149,0.7272727272727273,0.4939227006257752,0.4939227006257752,0.6666666666666666,0.5071083041948534,0.9983498349834984,0.9999945859433554,0.0033003300330033,0.9966996699669968,0.6667092359026109,0.6667220685314759
215,0.5,0.7037037037037037,0.6909090909090909,0.4939227431608826,0.4939227431608826,1.0,0.512996856581371,0.9983498349834984,0.99998951659342,0.0,1.0,0.6667074377934,0.6667342148431327
216,0.4,0.5925925925925926,0.8909090909090909,0.49392250511172,0.49392250511172,0.5714285714285714,0.572867107414589,0.9983498349834984,0.9999988642057314,0.0066006600660066,0.9933993399339934,0.6666716232812423,0.6666744314528621
217,0.6,0.6296296296296297,0.9454545454545454,0.5060775077729126,0.5060775077729126,1.0,0.5008496028023905,0.9983498349834984,0.9999984047951582,0.0,1.0,0.6666694162353495,0.6666753303123201
218,0.6,0.7777777777777778,0.2,0.5012233567418024,0.5012233567418024,0.0,0.3857908522200118,0.9966996699669968,0.9904871530930894,0.0016501650165016,0.9917491749174916,0.7213586455766222,0.7364106337091207
219,0.4,0.5185185185185186,0.4545454545454545,0.5060754474888254,0.5060754474888254,0.0,0.4305909550029685,0.995049504950495,0.9999410625712114,0.0,0.9983498349834984,0.6670518109900919,0.6672116477619084
220,0.7,0.8888888888888888,0.9818181818181818,0.506077441712889,0.506077441712889,1.0,0.5173248086386897,0.9983498349834984,0.9999970823470216,0.0,1.0,0.6666828799888234,0.6666945253787754
221,0.4,0.4074074074074074,0.1818181818181818,0.4941361645357156,0.4941361645357156,0.6,0.5016380658071877,0.9983498349834984,0.9976246129916488,0.0049504950495049,0.9917491749174916,0.6837010885466109,0.6907241237789813
222,0.6,0.7037037037037037,0.109090909090909,0.5060586897114965,0.5060586897114965,0.5,0.5569217287349499,0.9983498349834984,0.9995788311465652,0.0049504950495049,0.9983498349834984,0.6699437095837618,0.6710963615666442
223,0.7,0.8148148148148149,0.9818181818181818,0.5060774826070426,0.5060774826070426,0.6,0.5356164685609037,0.9983498349834984,0.999998836702523,0.0148514851485148,0.9966996699669968,0.6666751819104433,0.6666781325883351
224,0.3,0.5925925925925926,0.8909090909090909,0.4939225032746241,0.4939225032746241,0.0,0.446384161660575,0.995049504950495,0.9999979691177076,0.0,0.9983498349834984,0.6666682695155155,0.666674898860945
225,0.3,0.1111111111111111,0.1818181818181818,0.5060335818418364,0.5060335818418364,0.5,0.4109878248677612,0.9966996699669968,0.998991474982758,0.0,0.9983498349834984,0.6732241583749767,0.6761846535420559
226,0.7,0.8148148148148149,0.2181818181818181,0.4939343475003354,0.4939343475003354,1.0,0.5439457127497027,0.9983498349834984,0.9995741226842068,0.0016501650165016,1.0,0.6681591237577081,0.6696193060785299
227,0.6,0.7407407407407407,0.3272727272727272,0.4939274176783735,0.4939274176783735,0.0,0.4979753135335113,0.9966996699669968,0.999829276936079,0.0,1.0,0.6674219902419699,0.6679114634651073
228,0.4,0.6296296296296297,0.0727272727272727,0.5060438330114998,0.5060438330114998,0.0,0.4849901114624723,0.9966996699669968,0.999227897331262,0.0,0.9983498349834984,0.6719370167060568,0.6740071846188529
229,0.4,0.5925925925925926,0.8363636363636363,0.5060774346786634,0.5060774346786634,0.25,0.4536731313556846,0.9966996699669968,0.9999973947659662,0.0016501650165016,0.9966996699669968,0.6666839584777358,0.6666913557431702
230,0.3,0.2962962962962963,0.8363636363636363,0.4939226626545687,0.4939226626545687,0.5,0.5405670300723753,0.9983498349834984,0.9999952147229028,0.0,0.9983498349834984,0.6666985942422307,0.6667154532379584
231,0.8,0.5925925925925926,0.5818181818181818,0.4939231760334694,0.4939231760334694,0.5,0.4856317873061524,0.9966996699669968,0.9999776225569748,0.0016501650165016,0.9983498349834984,0.6667816518182241,0.6668464759897542
232,0.6,0.6296296296296297,0.9454545454545454,0.5060775123399319,0.5060775123399319,0.3333333333333333,0.4393758594268455,0.995049504950495,0.9999990616238656,0.0016501650165016,0.9966996699669968,0.666668977704754,0.6666711316751328
233,0.6,0.5555555555555556,0.4909090909090909,0.5060766580823682,0.5060766580823682,0.5,0.4964391922501554,0.9966996699669968,0.9999650775928932,0.0,0.9983498349834984,0.6668252707400665,0.6669377388895127
234,0.4,0.5185185185185186,0.3272727272727272,0.5060721399637207,0.5060721399637207,0.0,0.4500145687873145,0.995049504950495,0.9998515583616648,0.0,1.0,0.6676867931373741,0.6681304535907391
235,0.9,1.0,0.1272727272727272,0.5111904273898056,0.5111904273898056,1.0,0.5200670229803586,0.9983498349834984,0.9859751436833244,0.0049504950495049,1.0,0.7376700974319941,0.7955248805591799
236,0.6,0.6296296296296297,0.9454545454545454,0.5060775083064317,0.5060775083064317,0.0,0.4609378366615428,0.9966996699669968,0.9999989073803188,0.0,0.9966996699669968,0.6666697504908168,0.6666717488991869
237,0.2,0.1111111111111111,0.1818181818181818,0.5060126163125472,0.5060126163125472,0.0,0.4821584594209152,0.995049504950495,0.9979429970487949,0.0,0.9983498349834984,0.6751425598188735,0.6809773422987364
238,0.7,0.5555555555555556,0.1272727272727272,0.5114648939554968,0.5114648939554968,0.0,0.4599212531439843,0.9966996699669968,0.9188578911365604,0.0,0.9983498349834984,0.789662977374731,0.9840611518226288
239,0.7,0.6296296296296297,0.1636363636363636,0.5114648939554968,0.5114648939554968,0.0,0.4546143846508066,0.9933993399339934,0.8961048257995585,0.0,1.0,0.8295895889107319,0.9996013152055953
240,0.5,0.6296296296296297,0.1636363636363636,0.5114648939554968,0.5114648939554968,0.5,0.5301284697151277,0.9983498349834984,0.9291792954327848,0.0,0.9966996699669968,0.847170460456036,0.9999359962475408
241,0.5,0.7777777777777778,0.7090909090909091,0.5060772734339862,0.5060772734339862,0.0,0.4933822206417946,0.995049504950495,0.9999873084617042,0.0,1.0,0.6667098060843706,0.6667419151850251
242,0.5,0.1111111111111111,0.0727272727272727,0.5059461235571799,0.5059461235571799,0.0,0.4810565358262324,0.9966996699669968,0.9975825178535336,0.0,0.9983498349834984,0.680702382112206,0.6870520755187147
243,0.3,0.4444444444444444,0.0909090909090909,0.4885399136002083,0.4885399136002083,1.0,0.5130195065902103,0.9983498349834984,0.983614912636764,0.0,1.0,0.792747178144002,0.8552328853163021
244,0.3,0.1111111111111111,0.1818181818181818,0.5060297370870019,0.5060297370870019,1.0,0.5022578967524313,0.9983498349834984,0.9984874184466022,0.0,1.0,0.6730917929987981,0.6785321900609891
245,0.5,1.0,0.1818181818181818,0.4939731908226815,0.4939731908226815,1.0,0.5160463521988656,0.9983498349834984,0.9981887483129211,0.0,1.0,0.6710196409482768,0.676943407829181
246,1.0,1.0,0.509090909090909,0.5060761273824181,0.5060761273824181,1.0,0.6156982209434867,0.9983498349834984,0.9999444629134326,0.0115511551155115,1.0,0.6669271498279371,0.6671199128754909
247,0.4,0.7037037037037037,0.2727272727272727,0.5060710560310355,0.5060710560310355,1.0,0.5244984573670257,0.9983498349834984,0.9997322981339906,0.0,1.0,0.6677917064217338,0.6687129930282707
248,0.7,1.0,0.4181818181818181,0.5060739507472983,0.5060739507472983,1.0,0.5060880942024817,0.9983498349834984,0.9998887246029,0.0016501650165016,1.0,0.6673369672333546,0.6676358133198034
249,0.7,0.6296296296296297,0.9454545454545454,0.506077514649446,0.506077514649446,1.0,0.5068276336278696,0.9983498349834984,0.9999988777740244,0.0,1.0,0.6666680290910532,0.6666715905738362
250,0.4,0.5555555555555556,0.9636363636363636,0.4939224848774137,0.4939224848774137,0.0,0.497717373158009,0.9966996699669968,0.9999991632573364,0.0,0.9983498349834984,0.6666670186026311,0.6666696976469135
251,0.4,0.8148148148148149,0.7272727272727273,0.4939227056639694,0.4939227056639694,1.0,0.5187092861607167,0.9983498349834984,0.9999938187391588,0.0,0.9983498349834984,0.6667048906180677,0.6667252483374304
252,0.5,0.5925925925925926,0.5818181818181818,0.4939231019236718,0.4939231019236718,0.0,0.4912892328207628,0.9966996699669968,0.999981424421392,0.0,1.0,0.6667762690618826,0.6668211004217975
253,0.7,0.8518518518518519,1.0,0.5060775235577047,0.5060775235577047,0.0,0.4854632927688048,0.9966996699669968,0.9999991051374264,0.0,1.0,0.6666663020670972,0.6666684012205976
254,0.8,0.0,0.5454545454545454,0.4939235887480613,0.4939235887480613,0.0,0.4578984265243969,0.995049504950495,0.999946271042762,0.0,1.0,0.6668063656311154,0.666971049718918
255,0.5,0.2962962962962963,0.1818181818181818,0.4885351060445032,0.4885351060445032,1.0,0.5016003179900139,0.9983498349834984,0.9362362371994284,0.0,1.0,0.8400743641482842,0.998559526494384
256,0.6,0.7037037037037037,0.109090909090909,0.5060499798418981,0.5060499798418981,1.0,0.5266644818308592,0.9983498349834984,0.9990135558249554,0.0,1.0,0.6708951376455617,0.6745986724484206
257,0.4,0.5925925925925926,0.1818181818181818,0.5047245406098686,0.5047245406098686,0.3333333333333333,0.4052205256137792,0.9933993399339934,0.9948036013303296,0.0016501650165016,0.99009900990099,0.7042048308285137,0.71990405275735
258,0.5,0.4444444444444444,0.2545454545454545,0.506066036409681,0.506066036409681,0.3333333333333333,0.5076474064289478,0.9983498349834984,0.999673365047083,0.0,0.9966996699669968,0.6686566905328688,0.6697788849784896
259,0.4,0.5925925925925926,0.8363636363636363,0.5060774187760035,0.5060774187760035,0.0,0.4524296689071376,0.9917491749174916,0.9999938294167298,0.0,1.0,0.6666855738944345,0.6667012268291108
260,0.6,1.0,0.5818181818181818,0.4939233326161992,0.4939233326161992,0.0,0.4777108917060266,0.9966996699669968,0.9999711542288064,0.0,1.0,0.6668037932041594,0.6668855030865062
261,0.4,0.5925925925925926,0.8363636363636363,0.5060774537008652,0.5060774537008652,1.0,0.5243010510926867,0.9983498349834984,0.9999964875909833,0.0,1.0,0.6666795859988468,0.6666902827992377
262,0.5,0.962962962962963,0.6181818181818182,0.5060767000096401,0.5060767000096401,0.5,0.5423247824552951,0.9983498349834984,0.9999783012163522,0.0016501650165016,0.9983498349834984,0.666827595515775,0.6668962673707511
263,0.2,0.3703703703703703,0.109090909090909,0.5034920607075869,0.5034920607075869,0.0,0.448015276503014,0.9917491749174916,0.982670589335851,0.0,1.0,0.7006501514125032,0.7583906529877079
264,0.5,0.962962962962963,0.1818181818181818,0.5114648939554727,0.5114648939554727,0.0,0.4782797739993074,0.9933993399339934,0.9297834732980572,0.0,1.0,0.8334601026159266,0.999017117268088
265,0.4,0.2962962962962963,0.8363636363636363,0.4939226700638786,0.4939226700638786,0.5,0.5127941169898593,0.9983498349834984,0.9999935172178472,0.0,1.0,0.6666986963833538,0.6667178774279895
266,0.5,0.6296296296296297,0.9818181818181818,0.5060775202535048,0.5060775202535048,0.4285714285714285,0.4615173773437567,0.995049504950495,0.9999993280910932,0.0049504950495049,0.9917491749174916,0.6666675008161109,0.6666683035459307
267,0.5,0.5185185185185186,0.3272727272727272,0.5060717239910366,0.5060717239910366,0.0,0.459342223831916,0.995049504950495,0.9998019168780736,0.0,1.0,0.6677563046293225,0.6682287289008128
268,0.4,0.4444444444444444,0.2545454545454545,0.5060672293502955,0.5060672293502955,0.0,0.466655224940007,0.995049504950495,0.9995837808097848,0.0,0.9983498349834984,0.6684215248897231,0.6695918527872822
269,0.2,0.3703703703703703,0.109090909090909,0.5048990674619279,0.5048990674619279,0.0,0.409129785380252,0.99009900990099,0.9878790309333052,0.0016501650165016,0.99009900990099,0.7332302492623693,0.7533285459105427
270,0.5,0.5925925925925926,0.5818181818181818,0.4939230309559415,0.4939230309559415,0.0,0.4813554010075145,0.9966996699669968,0.9999778304286868,0.0,0.9983498349834984,0.6667263306812977,0.6668151076787704
271,0.6,0.925925925925926,0.8545454545454545,0.5060774103963791,0.5060774103963791,0.0,0.4932131507604853,0.995049504950495,0.9999934492798148,0.0,1.0,0.6666873905650552,0.6667070512265258
272,0.4,0.5555555555555556,0.1272727272727272,0.4939426801673334,0.4939426801673334,0.375,0.4955912111174363,0.995049504950495,0.9996309497589172,0.0049504950495049,0.9933993399339934,0.6699800191490325,0.6710808200395489
273,0.3,0.0,0.5454545454545454,0.4939238981773826,0.4939238981773826,0.0,0.4241833407330485,0.995049504950495,0.9999248923572562,0.0,0.9983498349834984,0.6668452676312533,0.6670613644989104
274,0.6,0.5555555555555556,0.1272727272727272,0.4939444537525075,0.4939444537525075,0.0,0.3995135864756258,0.9966996699669968,0.9992180511275278,0.0,0.9983498349834984,0.6694370813129582,0.6714978949330507
275,0.6,1.0,0.4545454545454545,0.4939251990926676,0.4939251990926676,0.5,0.4839508177834917,0.9966996699669968,0.9998887284280724,0.0,1.0,0.6669520959056011,0.6673594190560236
276,0.5,0.8148148148148149,0.7272727272727273,0.4939227169264792,0.4939227169264792,0.5,0.4986577653350202,0.9966996699669968,0.9999915347507998,0.0049504950495049,0.9983498349834984,0.6667069273109436,0.6667295473607217
277,0.6,0.6666666666666667,0.0727272727272727,0.4939539688642901,0.4939539688642901,0.0,0.4945795206262626,0.995049504950495,0.9990899760703806,0.0,1.0,0.6706519010881541,0.6734072635363226
278,0.2,0.1111111111111111,0.0727272727272727,0.5059766865941261,0.5059766865941261,0.0,0.412767456513458,0.9884488448844884,0.9970050085836202,0.0,0.9966996699669968,0.6783277896327812,0.6849621802426715
279,0.7,1.0,0.4545454545454545,0.5060749370315447,0.5060749370315447,0.0,0.4974178028566037,0.9966996699669968,0.9999193773415492,0.0,1.0,0.6671493193576561,0.6674471923054961
280,0.4,0.5555555555555556,0.9818181818181818,0.4939225092755819,0.4939225092755819,0.0,0.4485083163277299,0.9933993399339934,0.9999977541076456,0.0,1.0,0.6666699050644226,0.6666760341335384
281,0.3,0.2962962962962963,0.1818181818181818,0.4885351060445032,0.4885351060445032,0.0,0.4685626788544583,0.9933993399339934,0.9333211839705224,0.0,0.9983498349834984,0.8566557368155139,0.9999008531034588
282,0.6,0.6666666666666667,0.9818181818181818,0.4939224764372123,0.4939224764372123,0.0,0.4974045114678027,0.9966996699669968,0.9999990102539807,0.0,1.0,0.6666655206179984,0.6666680810403095
283,0.4,0.4074074074074074,0.1818181818181818,0.4941455533352008,0.4941455533352008,0.0,0.4076918708119846,0.99009900990099,0.9971119750569792,0.0,0.9933993399339934,0.6848998833876428,0.6907642933327457
284,0.6,0.7037037037037037,0.6181818181818182,0.4939229489146481,0.4939229489146481,0.0,0.478817869383404,0.995049504950495,0.9999800975108222,0.0,0.9983498349834984,0.6667358858360376,0.6667878375543617
285,0.5,0.6296296296296297,0.6181818181818182,0.5060770096982482,0.5060770096982482,1.0,0.5188234152406139,0.9983498349834984,0.9999851447257316,0.0,1.0,0.6667673426333324,0.6668201983976649
286,0.4,0.5925925925925926,0.4727272727272727,0.5060744268485184,0.5060744268485184,0.3333333333333333,0.4211357457527928,0.995049504950495,0.9999105230351432,0.0033003300330033,0.9966996699669968,0.6672825653464283,0.6674778900723601
287,0.2,0.3333333333333333,0.109090909090909,0.5060423552804554,0.5060423552804554,0.0,0.4238209840847455,0.9966996699669968,0.9992583267508796,0.0,0.9933993399339934,0.6722654088531106,0.6742330069104087
288,0.8,0.7037037037037037,0.2727272727272727,0.5060705135120547,0.5060705135120547,1.0,0.5656283655639163,0.9983498349834984,0.9997463833399816,0.0033003300330033,1.0,0.667933917865674,0.6686387085120723
289,0.3,0.5925925925925926,0.8909090909090909,0.4939225034496399,0.4939225034496399,0.0,0.4629305196867185,0.995049504950495,0.9999981002357748,0.0,0.9983498349834984,0.6666688168315218,0.6666750764925399
290,0.7,0.5925925925925926,0.3818181818181818,0.4939263605408954,0.4939263605408954,0.5,0.5567035263836857,0.9983498349834984,0.9999057280068906,0.0016501650165016,0.9983498349834984,0.6673236072137375,0.6676018098540877
291,0.7,0.5555555555555556,0.1454545454545454,0.5058634688728374,0.5058634688728374,1.0,0.5401901298455127,0.9983498349834984,0.997162265777882,0.0016501650165016,1.0,0.6846743543885051,0.6943120685367272
292,0.6,0.6296296296296297,0.1636363636363636,0.5114648939554968,0.5114648939554968,0.0,0.4489989919056548,0.9966996699669968,0.9372597434465664,0.0,0.9983498349834984,0.8914937348878597,0.9994719231804344
293,0.7,0.7407407407407407,0.6909090909090909,0.5060771916822351,0.5060771916822351,1.0,0.5139670744627709,0.9983498349834984,0.9999888038155202,0.0033003300330033,1.0,0.6667285321649603,0.6667589636308221
294,0.4,0.962962962962963,1.0,0.4939224748300936,0.4939224748300936,0.75,0.5871186317186599,0.9983498349834984,0.9999995278814194,0.0049504950495049,0.9983498349834984,0.6666662230654007,0.6666671484130116
295,0.7,0.7037037037037037,0.6181818181818182,0.4939230279315352,0.4939230279315352,0.0,0.4011081795040423,0.995049504950495,0.9999796579143172,0.0,0.9983498349834984,0.666753493604305,0.6668124750066554
296,0.4,0.5185185185185186,0.4545454545454545,0.5060755080269738,0.5060755080269738,0.0,0.3963338587325927,0.9917491749174916,0.9999298025279404,0.0,0.9966996699669968,0.6670547078369051,0.6672163677396914
297,0.6,0.7777777777777778,0.5454545454545454,0.4939232932236341,0.4939232932236341,0.5,0.5302568741011587,0.9983498349834984,0.999978026437198,0.0049504950495049,0.9983498349834984,0.6668136221958755,0.6668702398243868
298,0.6,0.5555555555555556,0.0363636363636363,0.4939540677442895,0.4939540677442895,0.5,0.4560405683881761,0.9966996699669968,0.9993364628239638,0.0033003300330033,0.9966996699669968,0.6711990621277628,0.6731670107924634
299,0.4,0.8888888888888888,0.9818181818181818,0.4939225205472632,0.4939225205472632,1.0,0.5002255038919357,0.9983498349834984,0.9999971821036764,0.0,1.0,0.6666708431722062,0.6666791856961894
300,0.5,0.7037037037037037,0.9636363636363636,0.4939225444187622,0.4939225444187622,0.5,0.5667103664758034,0.9983498349834984,0.9999982934441284,0.0049504950495049,0.9983498349834984,0.6666804092363973,0.666683847751971
301,0.6,0.7777777777777778,0.509090909090909,0.5060757964559748,0.5060757964559748,0.5,0.5006182339151775,0.9983498349834984,0.9999625961181672,0.0,0.995049504950495,0.6670137254067781,0.6671214880447442
302,0.8,0.7777777777777778,0.5272727272727272,0.5060766271126719,0.5060766271126719,1.0,0.5336231251113279,0.9983498349834984,0.9999809320856738,0.0115511551155115,0.9983498349834984,0.6668409842051951,0.6668877262449979
303,0.4,0.7407407407407407,0.3272727272727272,0.4939271106894456,0.4939271106894456,0.0,0.4463715960422368,0.99009900990099,0.999786326317467,0.0,1.0,0.6672409979793393,0.6678666336457774
304,0.5,0.925925925925926,0.2181818181818181,0.5114638200510729,0.5114638200510729,1.0,0.5149904590661374,0.9983498349834984,0.9668916124559852,0.0,1.0,0.7529916260968981,0.8812236319703569
305,0.5,0.4814814814814815,0.1818181818181818,0.4885351060445835,0.4885351060445835,1.0,0.5716671813433535,0.9983498349834984,0.9662435782728928,0.0049504950495049,1.0,0.9057009215228148,0.9964455801213582
306,0.5,0.1111111111111111,0.0727272727272727,0.5059412966326706,0.5059412966326706,0.0,0.456487284112144,0.99009900990099,0.99625361030283,0.0,1.0,0.6792103618789006,0.6903818310993934
307,0.5,0.5555555555555556,0.8363636363636363,0.4939225875354647,0.4939225875354647,0.0,0.4546794218581904,0.9966996699669968,0.9999938926999362,0.0,1.0,0.6666779398003306,0.6666978548981821
308,0.4,0.5555555555555556,0.9636363636363636,0.5060774710491023,0.5060774710491023,0.0,0.4107755249830612,0.9917491749174916,0.9999976930735046,0.0,0.9983498349834984,0.6666769829046078,0.6666837715305404
309,0.4,0.5185185185185186,0.8909090909090909,0.5060775016703934,0.5060775016703934,0.0,0.476824951932788,0.9966996699669968,0.9999988593419028,0.0,0.9983498349834984,0.6666709915059281,0.6666745278708875
310,0.4,0.962962962962963,0.2363636363636363,0.4994326123797499,0.4994326123797499,0.5,0.5361668261719825,0.9983498349834984,0.9927090622707404,0.0016501650165016,0.9966996699669968,0.7234145790400854,0.745997549248482
311,0.7,0.6666666666666667,0.0727272727272727,0.4939455104058223,0.4939455104058223,0.0,0.4854974184765024,0.9966996699669968,0.9991741488872842,0.0,0.9983498349834984,0.6695648903344321,0.6719032780148747
312,0.5,0.4444444444444444,0.2545454545454545,0.5060667455652545,0.5060667455652545,0.75,0.6139817325165142,0.9983498349834984,0.9998264790100746,0.0082508250825082,0.9983498349834984,0.6687418759451575,0.6690893189310753
313,0.6,0.5185185185185186,0.3272727272727272,0.5060732021865031,0.5060732021865031,0.0,0.4798990959731221,0.9966996699669968,0.9998458564931876,0.0,1.0,0.6674333930050252,0.667917193786928
314,0.8,0.8888888888888888,0.509090909090909,0.493924279717533,0.493924279717533,0.0,0.4918321509362565,0.9966996699669968,0.9999281773987504,0.0,1.0,0.6669345495312887,0.6671549800676198
315,0.4,0.1111111111111111,0.1818181818181818,0.5060295674506226,0.5060295674506226,0.3333333333333333,0.547499368841686,0.9983498349834984,0.9990092317116964,0.0033003300330033,0.9966996699669968,0.6736497796519941,0.676172417593569
316,0.5,0.5555555555555556,0.0363636363636363,0.4939761249369681,0.4939761249369681,0.0,0.4825912636986774,0.995049504950495,0.998604299698968,0.0,0.9983498349834984,0.6710706163726485,0.6767077189917597
317,0.6,1.0,0.7818181818181819,0.4939226868352271,0.4939226868352271,0.8,0.5335591967077102,0.9983498349834984,0.9999926610464384,0.0049504950495049,1.0,0.6667068983767158,0.6667189783475876
318,0.6,0.5925925925925926,0.2727272727272727,0.5060683055422541,0.5060683055422541,0.5,0.4458268956878686,0.9966996699669968,0.9997072752357544,0.0016501650165016,0.9983498349834984,0.6682732289746802,0.6690084033644208
319,0.4,0.4074074074074074,0.1818181818181818,0.4941346673297424,0.4941346673297424,0.0,0.4055385342525998,0.9933993399339934,0.9964653475913416,0.0,0.9966996699669968,0.6820804227253264,0.6917848569339676
320,0.3,0.2962962962962963,0.4727272727272727,0.4939249921029535,0.4939249921029535,0.0,0.4840874442109787,0.995049504950495,0.9999345563097258,0.0,0.9983498349834984,0.6671024916593319,0.6672989634400734
321,0.5,0.7037037037037037,0.9454545454545454,0.5060775010067793,0.5060775010067793,0.4,0.5639454037151836,0.9983498349834984,0.9999993587348326,0.0049504950495049,0.995049504950495,0.6666714005844692,0.6666730751989111
322,0.5,0.7777777777777778,0.0909090909090909,0.5114640507276734,0.5114640507276734,1.0,0.520973172803535,0.9983498349834984,0.9615799713954276,0.0,1.0,0.7437295208701536,0.8819513098682553
323,0.6,0.8518518518518519,0.2181818181818181,0.5013224317292315,0.5013224317292315,0.75,0.5324938452494992,0.9983498349834984,0.9930653605961564,0.0099009900990099,1.0,0.7257196787292475,0.7443791137522944
324,0.3,0.2962962962962963,0.8363636363636363,0.4939226498850103,0.4939226498850103,0.0,0.4836301457857711,0.9966996699669968,0.999992023676262,0.0,1.0,0.6666893277484615,0.666715237924076
325,0.8,0.925925925925926,0.8545454545454545,0.5060774089930713,0.5060774089930713,0.6666666666666666,0.486082271452298,0.9966996699669968,0.9999961739077908,0.0066006600660066,0.995049504950495,0.6666893677189415,0.6666999507276303
326,0.4,0.5925925925925926,0.1818181818181818,0.5045895950153804,0.5045895950153804,0.0,0.4294591296373146,0.99009900990099,0.9909071989171012,0.0,1.0,0.7027204867889713,0.7328656413940731
327,0.8,1.0,0.5272727272727272,0.5060759883966207,0.5060759883966207,0.0,0.4840833062897667,0.9966996699669968,0.9999509515548056,0.0,1.0,0.6669516002654863,0.6671181110391667
328,0.5,0.5925925925925926,0.8909090909090909,0.4939224940237924,0.4939224940237924,1.0,0.5050757264715384,0.9983498349834984,0.9999985874890897,0.0,1.0,0.6666682690846697,0.6666721537030302
329,0.5,0.925925925925926,0.5454545454545454,0.5060764612085319,0.5060764612085319,0.8333333333333334,0.5653377223129628,0.9983498349834984,0.9999789337414544,0.0132013201320132,0.9966996699669968,0.6668795580050347,0.6669225587286337
330,0.5,0.6296296296296297,0.1636363636363636,0.511464893955228,0.511464893955228,0.0,0.4760439645568812,0.995049504950495,0.9189855596115112,0.0,1.0,0.804059444106877,0.9979804850776374
331,0.5,0.962962962962963,0.4363636363636363,0.4939257153195238,0.4939257153195238,0.375,0.4712444395278223,0.9966996699669968,0.9999125294046854,0.0082508250825082,0.9917491749174916,0.6672776551126219,0.6674473997811118
332,0.5,0.7037037037037037,0.2727272727272727,0.5060711487373968,0.5060711487373968,0.75,0.5981301020829186,0.9983498349834984,0.9998960705542634,0.0049504950495049,0.9983498349834984,0.6678935969120374,0.6682975531406371
333,0.2,0.4074074074074074,0.1454545454545454,0.4887883736210411,0.4887883736210411,0.0,0.4180900450843515,0.995049504950495,0.9852172601552116,0.0,0.995049504950495,0.7575254781473102,0.8083673170120249
334,0.6,0.6666666666666667,0.0727272727272727,0.4939456629590254,0.4939456629590254,0.0,0.478789545076326,0.995049504950495,0.9990143290491196,0.0,1.0,0.6687417292090952,0.6722350884095003
335,0.3,0.4074074074074074,0.2545454545454545,0.493929368876211,0.493929368876211,0.0,0.4664357017261376,0.995049504950495,0.9997393045634576,0.0,0.9983498349834984,0.6676163543330198,0.668379019281613
336,0.7,1.0,0.2181818181818181,0.4939357935399335,0.4939357935399335,0.0,0.4618270749612452,0.995049504950495,0.999532939886367,0.0,0.9983498349834984,0.6683508902285924,0.6697692487404457
337,0.6,0.5925925925925926,0.2727272727272727,0.506069800845719,0.506069800845719,0.5,0.5511259659222525,0.9983498349834984,0.9998562268898206,0.0115511551155115,0.9966996699669968,0.6681200264671013,0.6685440017678751
338,0.4,0.1111111111111111,0.1818181818181818,0.5060079172709786,0.5060079172709786,0.0,0.4256899000961411,0.995049504950495,0.9984139982694532,0.0,0.99009900990099,0.6758586708147849,0.6801740627445528
339,0.5,0.7037037037037037,0.2545454545454545,0.4943137704634643,0.4943137704634643,1.0,0.5439864870964292,0.9983498349834984,0.9963546597456622,0.0016501650165016,1.0,0.6884340161651161,0.6985865876806395
340,0.2,0.4074074074074074,0.1454545454545454,0.4886823840923171,0.4886823840923171,0.0,0.4874635791070386,0.995049504950495,0.9839192987935732,0.0,0.9966996699669968,0.763670506796965,0.8101209032442858
341,0.7,0.5555555555555556,0.0363636363636363,0.4939547965690165,0.4939547965690165,0.5,0.497401101546738,0.9966996699669968,0.9994377491720874,0.0066006600660066,0.9966996699669968,0.6709712127567492,0.6733884057337729
342,0.8,1.0,0.4909090909090909,0.4939253359984349,0.4939253359984349,0.6666666666666666,0.6495611869513145,0.9983498349834984,0.9999436991776696,0.0082508250825082,0.9983498349834984,0.6672396599611911,0.6673532605664361
343,0.7,0.6666666666666667,0.1272727272727272,0.4940477920091644,0.4940477920091644,0.0,0.4914334922376698,0.9966996699669968,0.9964028161861664,0.0,1.0,0.6734975713892504,0.6856795007214709
344,0.3,0.5925925925925926,0.2727272727272727,0.5060689605833735,0.5060689605833735,1.0,0.5310555822256972,0.9983498349834984,0.999754855746008,0.0,1.0,0.6682139868607514,0.6690323873565327
345,0.5,0.5925925925925926,0.8363636363636363,0.506077433631207,0.506077433631207,0.0,0.4629339372357282,0.995049504950495,0.999995619511972,0.0,1.0,0.666683440694098,0.6666974119894193
346,0.3,0.4444444444444444,0.2181818181818181,0.4965512128823681,0.4965512128823681,0.0,0.496053900366638,0.9966996699669968,0.9905427252470592,0.0,1.0,0.696239522664116,0.7298598926783925
347,0.3,0.4074074074074074,0.2545454545454545,0.493930019525828,0.493930019525828,0.0,0.4555996913826748,0.9966996699669968,0.9998377356717588,0.0,0.9933993399339934,0.6679608868168614,0.6684864026095907
348,0.4,0.5925925925925926,0.8363636363636363,0.50607743329596,0.50607743329596,1.0,0.5185500056698136,0.9983498349834984,0.999995340529977,0.0,0.9983498349834984,0.6666840491760544,0.6667017376319329
349,0.5,0.5185185185185186,0.4545454545454545,0.5060754363316521,0.5060754363316521,0.3333333333333333,0.5491444023113086,0.9983498349834984,0.9999575464013516,0.0066006600660066,0.995049504950495,0.6670666637316162,0.6672104756511081
350,0.7,0.6296296296296297,0.7818181818181819,0.5060773728983949,0.5060773728983949,1.0,0.6267851200710644,0.9983498349834984,0.999995434220444,0.0082508250825082,1.0,0.6666961844396013,0.6667053331818641
351,0.4,0.7037037037037037,0.2181818181818181,0.4885352296948847,0.4885352296948847,0.0,0.4585689613096209,0.995049504950495,0.975620837704072,0.0,0.9966996699669968,0.8102347915108069,0.8942166335548416
352,0.7,1.0,0.1454545454545454,0.5114648939554968,0.5114648939554968,1.0,0.5133659409289519,0.9983498349834984,0.9562577733505182,0.0016501650165016,1.0,0.8497779618177062,0.999703720420096
353,0.8,1.0,0.5636363636363636,0.5060759797931246,0.5060759797931246,0.8,0.523106099123747,0.9983498349834984,0.9999580435631488,0.0099009900990099,0.9983498349834984,0.6669701087796344,0.6670722765497595
354,0.4,0.7407407407407407,0.1636363636363636,0.5060645306822456,0.5060645306822456,0.5,0.4090792696123893,0.9933993399339934,0.9995855795151894,0.0049504950495049,0.9933993399339934,0.669025518037729,0.6697898002863008
355,0.4,0.6296296296296297,0.9454545454545454,0.5060775044867161,0.5060775044867161,1.0,0.506931524858492,0.9983498349834984,0.9999984816612284,0.0,1.0,0.6666698401690383,0.6666742662280959
356,0.6,0.1111111111111111,0.1818181818181818,0.5060233099278268,0.5060233099278268,0.5,0.4736688405600021,0.9966996699669968,0.9988723042604272,0.0033003300330033,0.9917491749174916,0.6745151102111537,0.6772879162807133
357,0.5,0.7037037037037037,0.2,0.4939341075211376,0.4939341075211376,0.0,0.4187829618591158,0.9933993399339934,0.999539415564812,0.0,0.9966996699669968,0.6680774293754974,0.6694138225499751
358,0.7,0.5555555555555556,0.4909090909090909,0.5060766181947667,0.5060766181947667,0.0,0.4873938574412885,0.995049504950495,0.9999637899470508,0.0,0.9983498349834984,0.6668296176462181,0.6669568383604622
359,0.4,0.3333333333333333,0.109090909090909,0.5060352079975834,0.5060352079975834,1.0,0.5160970705144053,0.9983498349834984,0.9988693536089552,0.0,1.0,0.6728668054674316,0.6763663479857995
360,0.7,0.7037037037037037,0.3090909090909091,0.4939281613861752,0.4939281613861752,0.5,0.5188535713731455,0.9983498349834984,0.9998491219192528,0.0016501650165016,0.9983498349834984,0.6675532100791222,0.6680377995349214
361,0.5,0.7037037037037037,0.2181818181818181,0.4885356086634228,0.4885356086634228,0.5,0.4684498212403816,0.9966996699669968,0.977940852102636,0.0016501650165016,1.0,0.8071152210175639,0.8840091129480299
362,0.6,0.7037037037037037,0.109090909090909,0.5060566081593718,0.5060566081593718,1.0,0.5586118788528489,0.9983498349834984,0.999387972029096,0.0,1.0,0.6700108988236301,0.6720615155474946
363,0.5,1.0,0.9636363636363636,0.5060775119601706,0.5060775119601706,1.0,0.5125008340508679,0.9983498349834984,0.999999051057376,0.0,1.0,0.6666688653944645,0.6666717130046653
364,0.6,0.7037037037037037,0.6909090909090909,0.4939227433401825,0.4939227433401825,0.75,0.6253609866629648,0.9983498349834984,0.9999936784359634,0.0049504950495049,0.9966996699669968,0.6667184564677717,0.6667340167977588
365,0.3,0.4814814814814815,0.1818181818181818,0.4885351060445032,0.4885351060445032,0.5,0.5672309501395728,0.9983498349834984,0.966962948242267,0.0049504950495049,0.995049504950495,0.9300243634739688,0.9987948382722874
366,0.3,0.4444444444444444,0.2181818181818181,0.4967387467440101,0.4967387467440101,0.0,0.4710982276313109,0.995049504950495,0.9902416901924092,0.0,0.9983498349834984,0.6992811789322605,0.7302473553670841
367,0.4,0.2962962962962963,0.1818181818181818,0.4885351060445032,0.4885351060445032,0.5,0.4817035518826428,0.995049504950495,0.9456658362090986,0.0066006600660066,0.995049504950495,0.7132169332902705,0.9279149658387044
368,0.4,0.5555555555555556,0.8363636363636363,0.4939225959863105,0.4939225959863105,0.3333333333333333,0.4334886497488065,0.9933993399339934,0.999995875278858,0.0016501650165016,0.995049504950495,0.6666861150279001,0.6666972812357332
369,0.5,1.0,0.2545454545454545,0.505657086685934,0.505657086685934,0.6,0.4786847815973513,0.9966996699669968,0.9963967074197584,0.0066006600660066,0.9933993399339934,0.6928841520132003,0.6985986101760009
370,0.5,0.7037037037037037,0.9636363636363636,0.4939225356869581,0.4939225356869581,0.3333333333333333,0.4766877919128963,0.9966996699669968,0.9999973397342938,0.0,0.9983498349834984,0.6666761210863866,0.6666833104019648
371,0.5,0.5925925925925926,0.2363636363636363,0.5053619675427133,0.5053619675427133,0.0,0.4353534243746337,0.995049504950495,0.9934827447623656,0.0,1.0,0.6978504405057082,0.7124832622138779
372,0.2,0.2962962962962963,0.8363636363636363,0.4939226296829518,0.4939226296829518,0.25,0.4809254327492094,0.9966996699669968,0.9999949391740696,0.0016501650165016,0.995049504950495,0.6666928024115705,0.666706013771341
373,0.7,0.8888888888888888,0.1818181818181818,0.5114648939554968,0.5114648939554968,0.5,0.50847911077379,0.9983498349834984,0.959254374523906,0.0066006600660066,0.9966996699669968,0.8590811550642956,0.9933155261267648
374,0.7,0.8148148148148149,0.9818181818181818,0.5060774764123418,0.5060774764123418,0.5,0.5077157506037366,0.9983498349834984,0.9999979024852697,0.0,0.9983498349834984,0.6666755008825689,0.6666833179704981
375,0.6,0.5555555555555556,0.4909090909090909,0.5060765223177868,0.5060765223177868,1.0,0.5079335595345418,0.9983498349834984,0.9999543682509052,0.0,1.0,0.6668450560226197,0.6669868298673741
376,0.3,0.7407407407407407,0.1636363636363636,0.493939799423015,0.493939799423015,0.0,0.494216209435135,0.9966996699669968,0.9993033521125326,0.0,1.0,0.6685788387503777,0.6706463706881604
377,0.7,0.7407407407407407,0.109090909090909,0.4939716206493331,0.4939716206493331,0.0,0.4664329166165619,0.9966996699669968,0.9986429474609608,0.0,1.0,0.671337068676106,0.6765073830441144
378,0.3,0.4444444444444444,0.0909090909090909,0.4885621998177114,0.4885621998177114,1.0,0.5850064131026655,0.9983498349834984,0.9902845399971876,0.0033003300330033,0.9966996699669968,0.7817461877195414,0.8207034443016193
379,0.4,0.5555555555555556,0.9636363636363636,0.4939224851578836,0.4939224851578836,0.0,0.4418610920134368,0.9933993399339934,0.9999986017209228,0.0,1.0,0.666665928502052,0.6666701100273646
380,0.5,0.7037037037037037,0.6363636363636364,0.506076915480218,0.506076915480218,0.6,0.5195375223132114,0.9983498349834984,0.9999869314520876,0.0082508250825082,0.995049504950495,0.6667931310840144,0.6668140617815141
381,0.7,0.7037037037037037,0.3090909090909091,0.4939279570192625,0.4939279570192625,0.5,0.55976815937189,0.9983498349834984,0.9998720509029329,0.0049504950495049,0.9983498349834984,0.6675850185112652,0.6680223701666169
382,0.3,0.8888888888888888,0.9818181818181818,0.4939225254887489,0.4939225254887489,0.0,0.4971404533267793,0.9966996699669968,0.9999974986862726,0.0,1.0,0.6666739330813193,0.6666800544800852
383,0.5,1.0,0.2363636363636363,0.4945803953277865,0.4945803953277865,0.0,0.4870252357838852,0.995049504950495,0.9934180792770134,0.0016501650165016,1.0,0.6904970949564191,0.7077826073474743
384,0.6,0.8148148148148149,0.2,0.494603454207848,0.494603454207848,0.5,0.4744407564660393,0.9966996699669968,0.9949560529278908,0.0049504950495049,0.9966996699669968,0.6915299406550929,0.7073818953258307
385,0.4,0.8888888888888888,0.1636363636363636,0.5059912374339579,0.5059912374339579,0.0,0.4229725476021369,0.9966996699669968,0.9980880062264648,0.0,0.9966996699669968,0.6773700266689493,0.682206058853558
386,0.4,0.5555555555555556,0.1272727272727272,0.5114648939554968,0.5114648939554968,0.6666666666666666,0.4900443376167608,0.9966996699669968,0.9242832657251996,0.0033003300330033,0.995049504950495,0.6641805234714063,0.7879333956046894
387,0.6,0.925925925925926,1.0,0.506077514752654,0.506077514752654,0.0,0.4883894733071582,0.995049504950495,0.999998821609257,0.0,1.0,0.6666679866412609,0.6666719183513728
388,0.6,0.962962962962963,0.2,0.4885351060445032,0.4885351060445032,0.5,0.4273613906180814,0.9966996699669968,0.8748433127052697,0.0,1.0,0.592942050587397,0.8540872269662088
389,0.4,0.2962962962962963,0.1818181818181818,0.4885351060445032,0.4885351060445032,0.5,0.5436607684372404,0.9983498349834984,0.9593760371197148,0.0016501650165016,0.9966996699669968,0.8345171970429017,0.9687909535934132
390,0.5,0.5925925925925926,0.6727272727272727,0.4939228634382688,0.4939228634382688,0.0,0.4735848261932465,0.9966996699669968,0.9999872855693974,0.0,0.9983498349834984,0.6667346656228463,0.6667661198877941
391,0.5,0.8148148148148149,0.2,0.4950845621220043,0.4950845621220043,0.5,0.5363678951350657,0.9983498349834984,0.9945848388769276,0.0,0.9983498349834984,0.7007025824395899,0.7154071492432631
392,0.1,0.0,0.5454545454545454,0.4939238869819308,0.4939238869819308,0.0,0.4117238700342254,0.9867986798679867,0.9999189635929604,0.0,0.9933993399339934,0.6668468297061895,0.6670366973732839
393,0.5,0.8888888888888888,0.2727272727272727,0.4939320705473222,0.4939320705473222,1.0,0.5613091266930852,0.9983498349834984,0.9998282179906643,0.0066006600660066,1.0,0.6683316460207964,0.6688750978374219
394,0.3,0.2962962962962963,0.8363636363636363,0.493922633461471,0.493922633461471,0.0,0.4504120492252663,0.995049504950495,0.999993096358294,0.0,1.0,0.6666914564483274,0.6667070807540789
395,0.5,0.8148148148148149,0.2181818181818181,0.4939329785435462,0.4939329785435462,1.0,0.6155636016663846,0.9983498349834984,0.9998242905064094,0.0099009900990099,1.0,0.66850372150304,0.6690675820746833
396,0.4,0.2962962962962963,0.1818181818181818,0.4885351060445032,0.4885351060445032,1.0,0.5283472532901434,0.9983498349834984,0.9145366314276112,0.0016501650165016,1.0,0.6666666666666666,0.9266816267234108
397,0.4,0.7407407407407407,0.7636363636363637,0.5060773369132426,0.5060773369132426,1.0,0.5044840351310631,0.9983498349834984,0.9999915354660792,0.0,1.0,0.666698640177643,0.6667285785178904
398,0.5,0.5555555555555556,0.1272727272727272,0.493941504476253,0.493941504476253,0.6666666666666666,0.4997581206081237,0.9966996699669968,0.9995125280648708,0.0016501650165016,1.0,0.6697167751506582,0.6708735165058288
399,0.8,0.8888888888888888,0.509090909090909,0.4939244175806844,0.4939244175806844,0.5,0.4720122710964086,0.9966996699669968,0.9999338327001446,0.0016501650165016,0.9983498349834984,0.6669657117932061,0.667171455176804
400,0.3,0.0,0.5454545454545454,0.4939237074984695,0.4939237074984695,0.0,0.4944872703298988,0.9966996699669968,0.9999527930115272,0.0,1.0,0.6668688179416286,0.6669840585086737
401,0.6,0.7777777777777778,0.6545454545454545,0.4939230345369303,0.4939230345369303,0.5555555555555556,0.4656384125305187,0.995049504950495,0.999984365046993,0.0115511551155115,0.9917491749174916,0.6667700948030113,0.6668091780313534
402,0.4,0.5555555555555556,0.1454545454545454,0.5059198628969254,0.5059198628969254,0.25,0.5324390955424254,0.9983498349834984,0.9983721681435428,0.0016501650165016,0.995049504950495,0.6826342550790774,0.6873627214193279
403,0.2,0.4074074074074074,0.1454545454545454,0.4887372464215017,0.4887372464215017,0.3333333333333333,0.5600248758685554,0.9983498349834984,0.9893639754017294,0.0033003300330033,0.9917491749174916,0.7666214229842585,0.7947970255006283
404,0.3,1.0,0.1818181818181818,0.5060340168881535,0.5060340168881535,0.5,0.4106603081109985,0.9966996699669968,0.9989902423454924,0.0,0.9983498349834984,0.6731188096831484,0.6764494259596423
405,0.4,0.1111111111111111,0.1818181818181818,0.5060351743876351,0.5060351743876351,1.0,0.5135432625336523,0.9983498349834984,0.9989079375284212,0.0,1.0,0.6727545215733324,0.6759307695719136
406,0.3,0.5925925925925926,0.3818181818181818,0.4939268845623592,0.4939268845623592,0.3333333333333333,0.5084714166262636,0.9983498349834984,0.9999063965419376,0.0016501650165016,0.995049504950495,0.667504949190071,0.6677308862595206
407,0.3,0.4444444444444444,0.9454545454545454,0.493922525464511,0.493922525464511,0.0,0.430091725952891,0.995049504950495,0.9999977434610522,0.0,1.0,0.6666727170848802,0.6666803446994954
408,0.3,0.7777777777777778,0.509090909090909,0.5060757952368231,0.5060757952368231,0.0,0.4609117627174286,0.99009900990099,0.999927056114935,0.0,0.9983498349834984,0.666977578868651,0.6671870604290826
409,0.7,0.962962962962963,0.1272727272727272,0.5060578734322528,0.5060578734322528,1.0,0.5817706264040584,0.9983498349834984,0.9996356593306374,0.0082508250825082,1.0,0.6699766384394864,0.6715208970147205
410,0.9,0.6296296296296297,0.7818181818181819,0.5060773702133451,0.5060773702133451,1.0,0.517985697291587,0.9983498349834984,0.9999925211868788,0.0,1.0,0.6666946424016816,0.6667155685281326
411,0.5,0.962962962962963,0.1636363636363636,0.4941104908749092,0.4941104908749092,1.0,0.5490413585875096,0.9983498349834984,0.9975998516307548,0.0066006600660066,0.9983498349834984,0.6815221810883773,0.6890260505436671
412,0.6,0.5925925925925926,0.2363636363636363,0.5052456050075735,0.5052456050075735,0.5,0.5386399684425706,0.9983498349834984,0.995363559242921,0.0033003300330033,0.9983498349834984,0.6994474974665064,0.7119607056848524
413,0.6,0.5555555555555556,0.9636363636363636,0.506077456854304,0.506077456854304,1.0,0.614348105295841,0.9983498349834984,0.9999983147787708,0.0033003300330033,1.0,0.6666801255831615,0.6666869038305108
414,0.6,0.3703703703703703,0.109090909090909,0.5104145052653962,0.5104145052653962,1.0,0.5361123636419156,0.9983498349834984,0.982832907578302,0.0,1.0,0.7364678409253912,0.7882961298716551
415,0.7,0.6296296296296297,0.1636363636363636,0.5114648939554928,0.5114648939554928,1.0,0.5333096831813172,0.9983498349834984,0.9664210812767924,0.0049504950495049,0.9966996699669968,0.9013829488906544,0.9996241151377616
416,0.3,0.4074074074074074,0.2545454545454545,0.4939295855563401,0.4939295855563401,0.5,0.4552942609616649,0.995049504950495,0.9997288554144972,0.0,0.9983498349834984,0.6678592236839742,0.6683534990300904
417,0.7,0.6296296296296297,0.0727272727272727,0.5060487148311394,0.5060487148311394,0.0,0.4429794713835722,0.9933993399339934,0.9993956943503712,0.0016501650165016,0.9983498349834984,0.6714030732366566,0.6729685654367892
418,0.6,0.8148148148148149,0.1272727272727272,0.5114025302225639,0.5114025302225639,0.5,0.5308825689386482,0.9983498349834984,0.9865860212088784,0.0033003300330033,0.9983498349834984,0.7682884494029182,0.8144378282486272
419,0.7,0.5185185185185186,0.4545454545454545,0.5060752884574734,0.5060752884574734,1.0,0.5239519252379994,0.9983498349834984,0.9999101906777234,0.0,1.0,0.6670894651538107,0.6673744978724883
420,0.4,0.5925925925925926,0.2363636363636363,0.5056130738772986,0.5056130738772986,0.4,0.4127373560573144,0.995049504950495,0.9959537098012098,0.0049504950495049,0.995049504950495,0.6931806680459739,0.7020902856730822
421,0.5,0.7037037037037037,0.9090909090909092,0.4939224914428769,0.4939224914428769,0.0,0.4675117455903417,0.9933993399339934,0.9999985859614648,0.0,0.9983498349834984,0.6666674323667912,0.6666715664220464
422,0.6,0.7777777777777778,0.7090909090909091,0.5060772579237905,0.5060772579237905,0.5,0.5164987624266897,0.9983498349834984,0.9999892737022974,0.0,0.9983498349834984,0.6667158249175611,0.6667442591390075
423,0.5,0.5185185185185186,0.4545454545454545,0.5060757877095287,0.5060757877095287,0.75,0.5339959538435737,0.9983498349834984,0.9999695751161743,0.0099009900990099,0.995049504950495,0.6670123295422342,0.6670902894980445
424,0.4,0.6296296296296297,0.6181818181818182,0.5060770918435713,0.5060770918435713,0.5,0.4744022320485691,0.9966996699669968,0.9999879082272533,0.0066006600660066,0.9933993399339934,0.6667502096893522,0.6667826715551477
425,0.5,0.4814814814814815,0.1818181818181818,0.4885351060475803,0.4885351060475803,0.5,0.4647213201562264,0.9966996699669968,0.946112848367198,0.0,1.0,0.8772083015799774,0.9993943903240876
426,0.5,0.2962962962962963,0.4727272727272727,0.4939246341499997,0.4939246341499997,0.0,0.4363666971962849,0.995049504950495,0.9999185740764353,0.0,1.0,0.6670285701751528,0.6672038853101163
427,0.2,0.3333333333333333,0.109090909090909,0.5060425644777939,0.5060425644777939,0.0,0.4248528072556847,0.99009900990099,0.9991187448397508,0.0,0.995049504950495,0.672279717268985,0.6742943656074528
428,0.6,0.7777777777777778,0.5272727272727272,0.5060767014644181,0.5060767014644181,1.0,0.5150116994706295,0.9983498349834984,0.9999698893986504,0.0,1.0,0.6668217065380914,0.66691230710814
429,0.3,0.6296296296296297,0.6,0.5060768050405542,0.5060768050405542,0.5,0.4938293531844977,0.9966996699669968,0.9999761914075196,0.0016501650165016,0.9966996699669968,0.6668042355966189,0.6668688171021988
430,0.7,0.7407407407407407,0.3272727272727272,0.4939276394637926,0.4939276394637926,0.75,0.6557190206601998,0.9983498349834984,0.9999110773010268,0.0082508250825082,0.9983498349834984,0.6676193849081679,0.6679273780984927
431,0.5,0.7407407407407407,0.3818181818181818,0.5060739293193657,0.5060739293193657,0.3333333333333333,0.4793390814266937,0.9966996699669968,0.9999011136010704,0.0016501650165016,0.9966996699669968,0.6673668407898127,0.6676867655501147
432,0.7,0.4074074074074074,0.1818181818181818,0.4943484186691893,0.4943484186691893,0.0,0.4899796082610586,0.9966996699669968,0.994408043686112,0.0,1.0,0.684066125228785,0.7016686396222703
433,0.5,1.0,0.1272727272727272,0.5059369897425086,0.5059369897425086,0.25,0.4413032575614733,0.995049504950495,0.99790885633334,0.0066006600660066,0.99009900990099,0.6818624818300743,0.6866827594312307
434,0.7,0.7037037037037037,0.9090909090909092,0.4939224943279507,0.4939224943279507,1.0,0.5826743838947808,0.9983498349834984,0.9999990998399596,0.0033003300330033,1.0,0.6666693461319794,0.6666720422686141
435,0.9,0.8888888888888888,0.1636363636363636,0.4939884379714674,0.4939884379714674,1.0,0.5773646389205033,0.9983498349834984,0.9986016325472904,0.0066006600660066,0.9983498349834984,0.6732596894919579,0.6783531192290913
436,0.4,0.4444444444444444,0.0909090909090909,0.488536237603223,0.488536237603223,1.0,0.5267508089983157,0.9983498349834984,0.9751137477262942,0.0016501650165016,1.0,0.7966537763007723,0.8806988236017015
437,0.6,0.7037037037037037,0.6181818181818182,0.49392290849316,0.49392290849316,1.0,0.55149373619172,0.9983498349834984,0.999985518402107,0.0,1.0,0.6667347598365203,0.666779045881455
438,0.4,0.4444444444444444,0.9454545454545454,0.4939225373993255,0.4939225373993255,0.0,0.4889217812615053,0.9966996699669968,0.9999968767372144,0.0,0.9983498349834984,0.666672447821207,0.6666839013196992
439,0.5,0.962962962962963,0.1272727272727272,0.4939754420366039,0.4939754420366039,0.0,0.4282586854797402,0.9966996699669968,0.998524811559384,0.0,0.9983498349834984,0.6725050396438745,0.6766808039290011
440,0.6,0.8148148148148149,0.1272727272727272,0.5060612831931766,0.5060612831931766,0.0,0.4837578327561245,0.9966996699669968,0.9994301054516496,0.0,1.0,0.6694155135022194,0.67083638528712
441,0.5,0.6296296296296297,0.0727272727272727,0.5060515237587981,0.5060515237587981,0.0,0.4803940784322176,0.995049504950495,0.9989366407372404,0.0,1.0,0.6706083291679636,0.6737593493066775
442,0.7,0.6296296296296297,0.4181818181818181,0.4939256354314393,0.4939256354314393,0.5,0.4624508396574204,0.9966996699669968,0.9999093885662458,0.0033003300330033,0.9966996699669968,0.6671900958264525,0.667442233942516
443,0.5,0.5925925925925926,0.5818181818181818,0.493923095257506,0.493923095257506,0.0,0.4938498068785872,0.9966996699669968,0.9999741502807764,0.0,1.0,0.6667416101153029,0.6668313984295765
444,0.8,1.0,0.7818181818181819,0.5060773002743659,0.5060773002743659,1.0,0.5947142356478049,0.9983498349834984,0.9999946536260764,0.0082508250825082,1.0,0.6667105791303761,0.6667263306812977
445,0.2,0.4444444444444444,0.0909090909090909,0.4885437771892943,0.4885437771892943,0.5,0.5130276776752251,0.9983498349834984,0.984128207052182,0.0,0.9983498349834984,0.7914142203409124,0.8604587766629347
446,0.3,0.4444444444444444,0.9454545454545454,0.4939225228043862,0.4939225228043862,1.0,0.5253934702547144,0.9983498349834984,0.999997569570645,0.0,1.0,0.666671298814913,0.6666799090847018
447,0.5,0.5555555555555556,0.9636363636363636,0.4939224885518573,0.4939224885518573,0.75,0.6375666880527386,0.9983498349834984,0.9999993542585768,0.0099009900990099,0.9983498349834984,0.6666688702138953,0.6666702923430226
448,0.4,0.4074074074074074,0.1818181818181818,0.4941860199527736,0.4941860199527736,1.0,0.5677105428501106,0.9983498349834984,0.9972009879761756,0.0,0.9983498349834984,0.6834161791869009,0.6940809583999964
449,0.5,0.5555555555555556,0.1454545454545454,0.505886230019766,0.505886230019766,1.0,0.5248152589960536,0.9983498349834984,0.9976301013890888,0.0033003300330033,1.0,0.6846159157262058,0.6904140538069664
450,0.7,0.7407407407407407,0.2363636363636363,0.4955639971047116,0.4955639971047116,1.0,0.5083272399084108,0.9983498349834984,0.9916298373593744,0.0,1.0,0.6936136347470877,0.7208101955990689
451,0.3,0.5925925925925926,0.1818181818181818,0.5039548683362521,0.5039548683362521,0.0,0.4605065837881064,0.9933993399339934,0.9879773706920816,0.0,1.0,0.7038776497842346,0.7413458800460889
452,0.4,0.3333333333333333,0.109090909090909,0.5060391412743614,0.5060391412743614,0.0,0.4866507790627816,0.9966996699669968,0.9989898820070332,0.0,0.9983498349834984,0.6724260558078259,0.6755245050302552
453,0.4,0.2962962962962963,0.4727272727272727,0.4939249520541259,0.4939249520541259,1.0,0.5076572933850868,0.9983498349834984,0.9999060908753415,0.0,1.0,0.6669853691695327,0.6673344520209631
454,0.2,0.4444444444444444,0.2181818181818181,0.4966648383928922,0.4966648383928922,0.3333333333333333,0.5478411441388049,0.9983498349834984,0.9938560112641308,0.0033003300330033,0.995049504950495,0.7064373232290552,0.7289854564009052
455,0.5,0.5185185185185186,0.8909090909090909,0.506077503089745,0.506077503089745,0.0,0.4451683125380256,0.995049504950495,0.9999987376715844,0.0,0.9983498349834984,0.6666706764619091,0.6666753641907925
456,0.8,0.6296296296296297,0.0909090909090909,0.4951743869156371,0.4951743869156371,1.0,0.5436696310346024,0.9983498349834984,0.9895663020783172,0.0016501650165016,1.0,0.7308303743736629,0.7671187336090524
457,0.6,0.6666666666666667,0.1272727272727272,0.4941164718394433,0.4941164718394433,0.0,0.3997887938184262,0.9917491749174916,0.9966356242303316,0.0,0.9966996699669968,0.6818480855851943,0.6897535252835929
458,0.5,0.6296296296296297,0.0909090909090909,0.4981493090948217,0.4981493090948217,0.0,0.4690847571532672,0.9966996699669968,0.9891075318762308,0.0,1.0,0.7246476972878393,0.757963940916979
459,0.4,0.6666666666666667,0.1272727272727272,0.5096227035889204,0.5096227035889204,0.5,0.5184518325053575,0.9983498349834984,0.9827986380953776,0.0,1.0,0.7167661584518854,0.7761062765450235
460,0.4,0.5555555555555556,0.1272727272727272,0.5114648939554968,0.5114648939554968,0.0,0.4593498228342051,0.99009900990099,0.8906827786230246,0.0,0.9983498349834984,0.740995485367319,0.9927983020257573
461,0.4,0.4074074074074074,0.1454545454545454,0.4885692542910161,0.4885692542910161,1.0,0.5233110385373336,0.9983498349834984,0.9825050344059147,0.0,1.0,0.773138272565154,0.8508224478993474
462,0.5,0.2962962962962963,0.8363636363636363,0.4939226599838083,0.4939226599838083,1.0,0.5496512966845807,0.9983498349834984,0.9999945590140208,0.0,1.0,0.6666950097599268,0.6667146106121256
463,0.6,0.5555555555555556,0.1454545454545454,0.5058391988633146,0.5058391988633146,0.5,0.4674265409523377,0.9966996699669968,0.9961527997177074,0.0,0.9983498349834984,0.6856045785993983,0.6987765603417607
464,0.5,0.5555555555555556,0.1272727272727272,0.5114648939554968,0.5114648939554968,0.5,0.5664228452425684,0.9983498349834984,0.938340772869096,0.0016501650165016,0.9983498349834984,0.6222029414134028,0.7740073402062807
465,0.5,1.0,0.0727272727272727,0.4940660838075077,0.4940660838075077,0.0,0.480426172002849,0.9966996699669968,0.9976103378863238,0.0,0.9983498349834984,0.6780379448185763,0.6869542992538166
466,0.8,1.0,0.1636363636363636,0.5058705206106165,0.5058705206106165,1.0,0.5076368694007636,0.9983498349834984,0.9964175747580432,0.0,1.0,0.6837316825869196,0.6973938131153702
467,0.5,0.7777777777777778,0.2,0.500533124835071,0.500533124835071,0.0,0.4163446274308342,0.9933993399339934,0.9850715036239924,0.0,0.9983498349834984,0.7156142583357452,0.7646906152823377
468,0.4,0.4444444444444444,0.2545454545454545,0.5060647190774369,0.5060647190774369,0.0,0.4388061659379154,0.9933993399339934,0.999538986991554,0.0,0.9966996699669968,0.6689360227794379,0.6699493965442564
469,0.6,0.7407407407407407,0.1636363636363636,0.5060636847242322,0.5060636847242322,0.3333333333333333,0.5008854172203172,0.9983498349834984,0.9996049810828596,0.0049504950495049,0.9917491749174916,0.6691362576786317,0.6699938700036073
470,0.7,0.962962962962963,0.2,0.4944812653886661,0.4944812653886661,0.5,0.5437122320120996,0.9983498349834984,0.9947803589530164,0.0016501650165016,0.9983498349834984,0.6877678471997046,0.7053585426396547
471,0.6,0.3333333333333333,0.109090909090909,0.5060482700045228,0.5060482700045228,0.0,0.4903790652227882,0.995049504950495,0.9989044820739984,0.0,1.0,0.67109334623346,0.6750379845707744
472,0.7,0.6666666666666667,0.1272727272727272,0.4940800297157663,0.4940800297157663,0.8,0.6017627177010183,0.9983498349834984,0.998350598926402,0.0099009900990099,0.9983498349834984,0.681989621952606,0.6869281549151983
473,0.2,0.4814814814814815,0.5272727272727272,0.4939233824747124,0.4939233824747124,0.0,0.4817934868997919,0.9966996699669968,0.999958139169824,0.0,1.0,0.6667859972486381,0.6669077576597643
474,0.4,0.2962962962962963,0.8363636363636363,0.4939226357112478,0.4939226357112478,0.0,0.397764163764316,0.9933993399339934,0.9999934134232196,0.0,0.9966996699669968,0.6666923610532185,0.666709818807244
475,0.3,0.925925925925926,0.5454545454545454,0.5060764346469786,0.5060764346469786,0.0,0.461077050405923,0.99009900990099,0.9999652033214776,0.0,0.9966996699669968,0.666874852113371,0.6669777173151084
476,0.4,0.6296296296296297,0.7818181818181819,0.5060773904468787,0.5060773904468787,0.0,0.4971342481893127,0.9966996699669968,0.9999956277088876,0.0,0.9966996699669968,0.6666912279145302,0.6667062926377124
477,0.7,0.0,0.5454545454545454,0.4939241091381714,0.4939241091381714,0.0,0.4446912757893863,0.995049504950495,0.999941640898478,0.0,1.0,0.6669340356708582,0.6670799941666665
478,0.4,0.5925925925925926,0.4727272727272727,0.5060744465931909,0.5060744465931909,0.0,0.4659382517757957,0.9933993399339934,0.9998594126571646,0.0,1.0,0.6671972469200668,0.667598192328038
479,0.3,0.1111111111111111,0.0727272727272727,0.5060045892146899,0.5060045892146899,0.3333333333333333,0.4793810050000979,0.9966996699669968,0.9987224051195503,0.0049504950495049,0.9818481848184818,0.676570449420628,0.6796609858687487
480,0.7,0.8888888888888888,0.9818181818181818,0.4939225341436934,0.4939225341436934,0.6,0.5742378109066989,0.9983498349834984,0.999998471101362,0.0082508250825082,0.9966996699669968,0.6666784344627807,0.6666815050889074
481,0.4,0.5555555555555556,0.1454545454545454,0.5059155171752697,0.5059155171752697,1.0,0.5410394805213736,0.9983498349834984,0.9981853564533134,0.0,1.0,0.6830515032673656,0.6870540179919686
482,0.2,0.2962962962962963,0.4727272727272727,0.4939250713014771,0.4939250713014771,1.0,0.5212416084214664,0.9983498349834984,0.9999069225609064,0.0,0.9983498349834984,0.6670139791258908,0.6673694642705434
483,0.7,0.8148148148148149,0.2,0.4951222636842334,0.4951222636842334,1.0,0.5116987729423619,0.9983498349834984,0.9915832319334494,0.0,1.0,0.6863598596252097,0.7177582186138839
484,0.5,0.7037037037037037,0.6909090909090909,0.4939227155279173,0.4939227155279173,0.3333333333333333,0.4795324129173152,0.9933993399339934,0.9999912044010764,0.0016501650165016,0.9983498349834984,0.6667039245079898,0.6667281570031728
485,0.4,0.4074074074074074,0.1818181818181818,0.494205171022588,0.494205171022588,0.6666666666666666,0.5224421978687581,0.9983498349834984,0.997647896605844,0.0066006600660066,0.995049504950495,0.6869117556225737,0.6936277462356316
486,0.4,0.6666666666666667,0.0727272727272727,0.4939494732553553,0.4939494732553553,1.0,0.5362957435633844,0.9983498349834984,0.9991491294590906,0.0,0.9983498349834984,0.6700071996375621,0.6725715537470857
487,0.4,0.5925925925925926,0.3818181818181818,0.4939267008513008,0.4939267008513008,0.3333333333333333,0.5334896731113827,0.9983498349834984,0.999899996691579,0.0,0.9966996699669968,0.6674274696124441,0.6677168916999258
488,0.4,0.4074074074074074,0.1818181818181818,0.4941521722218105,0.4941521722218105,0.3333333333333333,0.4071603102191177,0.9917491749174916,0.997103515792367,0.0033003300330033,0.9884488448844884,0.6853528087494802,0.6912654879431864
489,0.4,0.4074074074074074,0.2545454545454545,0.4939301539691417,0.4939301539691417,0.0,0.4994630992271417,0.9966996699669968,0.999692302609546,0.0,1.0,0.6675708076807896,0.6686645348877979
490,0.6,0.7037037037037037,0.9454545454545454,0.50607749017715,0.50607749017715,0.0,0.4915870222460603,0.9966996699669968,0.999997731425451,0.0,1.0,0.6666729661468821,0.6666793768199617
491,0.8,0.8148148148148149,0.1272727272727272,0.5114553672630215,0.5114553672630215,0.8571428571428571,0.6656504250313535,0.9983498349834984,0.9876544994608584,0.0165016501650165,0.9983498349834984,0.784296237279131,0.8275343605635419
492,0.3,0.5925925925925926,0.4727272727272727,0.5060743634361653,0.5060743634361653,1.0,0.5414576718747426,0.9983498349834984,0.9999136270463662,0.0049504950495049,0.9983498349834984,0.6672622065004838,0.6675227024545095
493,0.5,0.5925925925925926,0.2727272727272727,0.5060692819067409,0.5060692819067409,1.0,0.5123865999820225,0.9983498349834984,0.9997758409145002,0.0,1.0,0.6681655299400707,0.6689194968952221
494,0.3,0.4814814814814815,0.5272727272727272,0.4939234466517423,0.4939234466517423,0.25,0.530272949531885,0.9983498349834984,0.9999779807682612,0.0016501650165016,0.9933993399339934,0.6668448325121232,0.666906374847557
495,0.5,0.4814814814814815,0.1818181818181818,0.4885351060445875,0.4885351060445875,0.5,0.5379639354412343,0.9983498349834984,0.9612914845121984,0.0,1.0,0.9003458410113037,0.9977777737930206
496,0.3,0.8888888888888888,0.1636363636363636,0.5060033877853396,0.5060033877853396,0.0,0.4493770010561588,0.9917491749174916,0.998023065376186,0.0,0.9966996699669968,0.675660865404388,0.6808855575283685
497,0.6,0.6296296296296297,0.0909090909090909,0.4976415499046932,0.4976415499046932,1.0,0.5239158209992305,0.9983498349834984,0.9910453108526128,0.0,1.0,0.7263817587222522,0.7646336306970728
498,0.6,0.6296296296296297,0.4181818181818181,0.4939254278649034,0.4939254278649034,1.0,0.5238982651946043,0.9983498349834984,0.9998683579440664,0.0,1.0,0.6670263452680247,0.6674650180315633
499,0.6,0.6666666666666667,0.1272727272727272,0.5105361131658762,0.5105361131658762,1.0,0.5105154559714012,0.9983498349834984,0.9790928912583404,0.0,1.0,0.7194504220449349,0.7947081384262357
500,0.5,0.7407407407407407,0.6909090909090909,0.5060772462675993,0.5060772462675993,0.8,0.5244317386299313,0.9983498349834984,0.9999937574408336,0.0099009900990099,0.9983498349834984,0.6667232901089282,0.6667352151535998
501,0.5,0.5555555555555556,0.9818181818181818,0.4939225113291026,0.4939225113291026,0.0,0.4696820292492275,0.9966996699669968,0.999997918368772,0.0,0.9983498349834984,0.6666700429609776,0.6666762935038842
502,0.7,1.0,0.2,0.5114648939554968,0.5114648939554968,0.4,0.510086638099501,0.9983498349834984,0.9442514084652988,0.0132013201320132,0.9933993399339934,0.8054945478303898,0.9278331293326284
503,0.4,0.7037037037037037,0.109090909090909,0.5060524874369803,0.5060524874369803,0.3333333333333333,0.4759753823865851,0.9966996699669968,0.9995265579534696,0.0016501650165016,0.995049504950495,0.6709860927965686,0.6720644244302966
504,0.6,0.5185185185185186,0.3272727272727272,0.5060728656465707,0.5060728656465707,1.0,0.5026180088654562,0.9983498349834984,0.9998383613724074,0.0,1.0,0.6675254549367197,0.6681225459378348
505,0.4,0.7777777777777778,0.5272727272727272,0.5060764825918187,0.5060764825918187,0.0,0.461994519384622,0.9966996699669968,0.9999652524665243,0.0,0.9983498349834984,0.6668647927972949,0.6669772651752022
506,0.3,0.5555555555555556,0.9636363636363636,0.5060774664857606,0.5060774664857606,1.0,0.5061191134605487,0.9983498349834984,0.9999984902154768,0.0016501650165016,0.9966996699669968,0.6666784660600599,0.6666817488287698
507,0.5,0.4444444444444444,0.2545454545454545,0.5060674916573596,0.5060674916573596,0.0,0.4931924927715276,0.9966996699669968,0.9996549908939786,0.0,1.0,0.6683624306358654,0.6694481320653025
508,0.6,0.4814814814814815,0.5272727272727272,0.4939235374268377,0.4939235374268377,0.5,0.5146200563718075,0.9983498349834984,0.99997312872126,0.0,0.9983498349834984,0.6668556143761578,0.6669298920723125
509,0.3,0.7777777777777778,0.5454545454545454,0.4939233620621343,0.4939233620621343,0.0,0.421599542366613,0.9966996699669968,0.9999779185731004,0.0,0.9983498349834984,0.6668269594292233,0.6668788706086464
510,0.2,0.4074074074074074,0.2545454545454545,0.4939295252231859,0.4939295252231859,0.3333333333333333,0.4701674903613216,0.9933993399339934,0.999743164450488,0.0016501650165016,0.9983498349834984,0.6677697933487443,0.6684433300492167
511,0.5,0.5925925925925926,0.2727272727272727,0.5060694332839522,0.5060694332839522,0.5,0.5218361865737455,0.9983498349834984,0.9998102724248736,0.0016501650165016,1.0,0.6682192644681527,0.6687875088653232
512,0.4,0.925925925925926,0.7090909090909091,0.4939228328224101,0.4939228328224101,0.5,0.4915496554337274,0.9966996699669968,0.9999883258791626,0.0,0.9966996699669968,0.6667225118644943,0.6667563942565569
513,0.7,0.7407407407407407,0.7636363636363637,0.5060773624060597,0.5060773624060597,1.0,0.5288113865695689,0.9983498349834984,0.9999935908244388,0.0,1.0,0.6666963386314472,0.6667165785882223
514,0.3,0.5555555555555556,0.4909090909090909,0.5060764112846154,0.5060764112846154,0.3333333333333333,0.4888552407120593,0.9966996699669968,0.9999724281504182,0.0016501650165016,0.995049504950495,0.6668881871685919,0.6669694659878043
515,0.7,0.8148148148148149,0.9818181818181818,0.5060774840988748,0.5060774840988748,1.0,0.5199843624604112,0.9983498349834984,0.9999975050154029,0.0,1.0,0.6666736637060012,0.6666821964199354
516,0.3,0.4444444444444444,0.9454545454545454,0.4939225379763119,0.4939225379763119,0.0,0.4726828736410213,0.9966996699669968,0.9999960155354394,0.0,1.0,0.6666708325153516,0.6666852108518205
517,0.5,0.6296296296296297,0.0727272727272727,0.5060498498585893,0.5060498498585893,1.0,0.508435161797683,0.9983498349834984,0.9990473818136602,0.0,1.0,0.6708987272251861,0.6745445867492983
518,0.2,0.0,0.5454545454545454,0.4939238352013184,0.4939238352013184,0.0,0.3952876723882657,0.99009900990099,0.9999271048913254,0.0,0.9917491749174916,0.6668337050186973,0.6670101915434404
519,0.5,0.2962962962962963,0.8363636363636363,0.4939226621573589,0.4939226621573589,1.0,0.5156283561043188,0.9983498349834984,0.9999925753488744,0.0,1.0,0.6666911667128511,0.666715934184829
520,0.5,0.4444444444444444,0.2545454545454545,0.5060668297916305,0.5060668297916305,0.0,0.4914066290009496,0.995049504950495,0.999512375372499,0.0,1.0,0.6684521216166832,0.6702410590060253
521,0.6,0.6296296296296297,0.1636363636363636,0.5114648939554968,0.5114648939554968,0.75,0.5043050682060732,0.9983498349834984,0.9506346599479414,0.0082508250825082,0.9966996699669968,0.9112033805713954,0.9995367593851324
522,0.7,0.4444444444444444,0.2181818181818181,0.4956130219586694,0.4956130219586694,1.0,0.5084530701281128,0.9983498349834984,0.9916286540397186,0.0,1.0,0.693546781333359,0.7235255968467935
523,0.5,0.4814814814814815,0.5272727272727272,0.4939235522437915,0.4939235522437915,0.0,0.481821520313954,0.9966996699669968,0.9999697034074562,0.0,0.9966996699669968,0.6668453367409265,0.6669355182418997
524,0.6,0.6296296296296297,0.4181818181818181,0.4939260377366878,0.4939260377366878,0.5,0.4685062510774327,0.995049504950495,0.9998998646797256,0.0082508250825082,0.995049504950495,0.6673120308582021,0.6675610123057948
525,0.2,0.4074074074074074,0.1454545454545454,0.4887051155055812,0.4887051155055812,0.0,0.4837122564193661,0.9933993399339934,0.9755904916033936,0.0,1.0,0.7550587954782138,0.8369502460011788
526,0.6,0.7037037037037037,0.2727272727272727,0.5060716530253834,0.5060716530253834,0.625,0.4902490734772916,0.9966996699669968,0.9998440238045456,0.0082508250825082,0.9966996699669968,0.6677829260361043,0.6681271135563129
527,0.6,0.8148148148148149,0.1272727272727272,0.506058308434665,0.506058308434665,1.0,0.5048064003286177,0.9983498349834984,0.9994806295986725,0.0,1.0,0.6699855992202771,0.6717130530728902
528,0.5,0.2962962962962963,0.4727272727272727,0.4939245994992449,0.4939245994992449,0.0,0.4157244178977107,0.9933993399339934,0.999916747627714,0.0,0.9983498349834984,0.6669461274931023,0.6672294974237415
529,0.5,0.5925925925925926,0.1818181818181818,0.5050158269060065,0.5050158269060065,0.5,0.4795248852757189,0.9966996699669968,0.9920039028392532,0.0,0.9983498349834984,0.698670327582882,0.7249071420459919
530,0.7,0.8888888888888888,0.2363636363636363,0.5058001288869373,0.5058001288869373,0.6,0.5168347898049102,0.9983498349834984,0.99768041669676,0.0115511551155115,0.9966996699669968,0.6887167034887912,0.6938825362733587
531,0.6,0.4444444444444444,0.2545454545454545,0.506065582878629,0.506065582878629,0.0,0.4944612140646023,0.995049504950495,0.9995014981327708,0.0,1.0,0.6686022252131516,0.6699775787686745
532,0.5,0.7407407407407407,0.1636363636363636,0.5060630932157592,0.5060630932157592,0.0,0.4886204321514272,0.995049504950495,0.999439334849256,0.0,0.9983498349834984,0.6690766199388632,0.6705297355571737
533,0.6,0.7407407407407407,0.3818181818181818,0.5060737873538632,0.5060737873538632,0.0,0.4295733826008259,0.995049504950495,0.9998791043435366,0.0,0.9983498349834984,0.6673673462368561,0.6677513855184146
534,0.1,0.0,0.5454545454545454,0.4939239156650707,0.4939239156650707,0.0,0.4128394348699669,0.9834983498349836,0.99992890611712,0.0,0.99009900990099,0.6668923678030962,0.6670220480572696
535,0.4,0.925925925925926,0.7090909090909091,0.5060771357352352,0.5060771357352352,0.25,0.4725779272440663,0.9966996699669968,0.9999894949723992,0.0016501650165016,0.995049504950495,0.666742231004262,0.6667754160494758
536,0.7,0.7037037037037037,0.3090909090909091,0.4939277677745997,0.4939277677745997,0.0,0.4459209063705399,0.9966996699669968,0.999769409409056,0.0,1.0,0.6673532492806353,0.668054677756474
537,0.6,0.6296296296296297,0.6,0.5060766933347898,0.5060766933347898,0.0,0.4856459089643039,0.9966996699669968,0.99997276781137,0.0,1.0,0.6668260925862899,0.6668935268586472
538,0.6,0.7407407407407407,0.2363636363636363,0.4952699762923235,0.4952699762923235,1.0,0.5144423310007076,0.9983498349834984,0.9913074203220266,0.0,1.0,0.6903024318272912,0.720531058993812
539,0.5,0.2962962962962963,0.4727272727272727,0.493924578529195,0.493924578529195,0.4,0.4429252060836666,0.995049504950495,0.9999576406277232,0.0099009900990099,0.99009900990099,0.667083405859795,0.6671837728572477
540,0.4,0.7777777777777778,0.5454545454545454,0.4939233310360602,0.4939233310360602,0.0,0.4681625994017545,0.9966996699669968,0.9999666784118034,0.0,1.0,0.6667889306546032,0.6668949520240681
541,0.6,0.6296296296296297,0.6181818181818182,0.5060770219821018,0.5060770219821018,0.6666666666666666,0.5841296000198031,0.9983498349834984,0.999991266268374,0.0066006600660066,0.9983498349834984,0.6667680319279323,0.6667943216476261
542,0.2,0.4444444444444444,0.0909090909090909,0.4885351746803724,0.4885351746803724,0.0,0.3985005239780999,0.995049504950495,0.9654807479924076,0.0,0.9983498349834984,0.8060338692552149,0.9361882268433238
543,0.7,0.925925925925926,0.7818181818181819,0.5060773634810238,0.5060773634810238,1.0,0.5239613153982825,0.9983498349834984,0.9999924338968188,0.0,1.0,0.6666961110090625,0.6667198678650237
544,0.5,0.5925925925925926,0.1818181818181818,0.5048484862674212,0.5048484862674212,0.0,0.4515764403141494,0.9966996699669968,0.991016722031413,0.0,0.9983498349834984,0.7011863683542323,0.7320946383168647
545,0.4,0.5555555555555556,0.1454545454545454,0.5058853673383408,0.5058853673383408,0.5,0.5123973616376719,0.9983498349834984,0.9975093050035848,0.0,0.9983498349834984,0.6846904786745714,0.690698435231366
546,0.6,0.7777777777777778,0.7090909090909091,0.5060773336124318,0.5060773336124318,0.0,0.4418287045765222,0.9966996699669968,0.9999925257121486,0.0,1.0,0.6667011831342434,0.666724537767857
547,0.6,0.7777777777777778,0.6545454545454545,0.4939229779704777,0.4939229779704777,0.6666666666666666,0.5522693176778461,0.9983498349834984,0.9999911556791662,0.0082508250825082,0.995049504950495,0.6667600751376419,0.6667893366521266
548,0.7,0.5555555555555556,0.9636363636363636,0.4939224904994628,0.4939224904994628,1.0,0.5084276823871301,0.9983498349834984,0.999998864181698,0.0,1.0,0.666667996392695,0.6666710827008895
549,0.8,0.8888888888888888,0.1636363636363636,0.4939949570341181,0.4939949570341181,0.5,0.5688006353736867,0.9983498349834984,0.9986114946384542,0.0016501650165016,0.9983498349834984,0.6745320648967942,0.6796432696622671
550,0.6,0.5555555555555556,0.1272727272727272,0.4939444599618118,0.4939444599618118,0.5,0.4654941096468825,0.9966996699669968,0.9994025835127066,0.0016501650165016,0.9966996699669968,0.6698278109047401,0.6713421281330947
551,0.4,0.7037037037037037,0.2181818181818181,0.4885351084897876,0.4885351084897876,1.0,0.505965872429744,0.9983498349834984,0.9543389386150192,0.0,1.0,0.8188761114955178,0.9982131639288184
552,0.2,0.4444444444444444,0.0909090909090909,0.4885351482644031,0.4885351482644031,0.0,0.475248002686201,0.995049504950495,0.9527926642034116,0.0,1.0,0.8055877855604862,0.9335831073189204
553,0.4,0.6666666666666667,0.0727272727272727,0.4939483962848531,0.4939483962848531,1.0,0.588461094700688,0.9983498349834984,0.9995203532391594,0.0099009900990099,1.0,0.6708249290326922,0.6722134186206901
554,0.5,0.6666666666666667,0.0727272727272727,0.4939498080560351,0.4939498080560351,0.5,0.4791698082940743,0.9966996699669968,0.9993472534798752,0.0016501650165016,0.9966996699669968,0.6705440702806822,0.6724360743495728
555,0.2,0.3703703703703703,0.109090909090909,0.5049025008755156,0.5049025008755156,0.0,0.3869988339148362,0.99009900990099,0.9883141850183176,0.0,0.99009900990099,0.7264805323927419,0.7533267489677536
556,0.5,0.7407407407407407,0.1636363636363636,0.4939384025292823,0.4939384025292823,0.5,0.475439163499789,0.9966996699669968,0.9995417127789804,0.0,0.9983498349834984,0.668646195137472,0.6702883424908739
557,0.4,0.5555555555555556,0.1272727272727272,0.4939408450516831,0.4939408450516831,0.0,0.427238580803429,0.995049504950495,0.9995649336686268,0.0016501650165016,0.9966996699669968,0.6695957239802297,0.670781319816708
558,0.5,0.6296296296296297,0.6,0.5060767609197587,0.5060767609197587,0.25,0.3800002714887512,0.995049504950495,0.999969052651041,0.0016501650165016,0.995049504950495,0.6668094703047152,0.6668773654876152
559,0.4,0.5185185185185186,0.4545454545454545,0.5060754654945172,0.5060754654945172,0.3333333333333333,0.5158595142768807,0.9983498349834984,0.9999581716725866,0.0082508250825082,0.995049504950495,0.6670771216585245,0.6671648853267599
560,0.5,0.4444444444444444,0.0909090909090909,0.4885870013886828,0.4885870013886828,0.0,0.4263511349271129,0.9933993399339934,0.9748139242497028,0.0,1.0,0.7627185303191796,0.8386760933096935
561,0.6,0.5555555555555556,0.9636363636363636,0.5060774724104681,0.5060774724104681,0.3333333333333333,0.5325383166476655,0.9983498349834984,0.9999983326539524,0.0082508250825082,0.9966996699669968,0.6666769919125647,0.6666813470538167
562,0.5,1.0,0.6909090909090909,0.4939229145780295,0.4939229145780295,1.0,0.5003531411127162,0.9983498349834984,0.9999870338771952,0.0,1.0,0.666736725205572,0.66677641002615
563,0.4,0.0,0.5454545454545454,0.4939240640022335,0.4939240640022335,0.6666666666666666,0.5388200710346926,0.9983498349834984,0.9999588636080732,0.0033003300330033,0.9983498349834984,0.6669443934358755,0.6670614065306631
564,0.4,0.2962962962962963,0.8363636363636363,0.4939226390794076,0.4939226390794076,0.0,0.435858436118399,0.9933993399339934,0.999991200818179,0.0,1.0,0.6666842561597219,0.666712490053733
565,0.6,0.7777777777777778,0.5454545454545454,0.4939232232338131,0.4939232232338131,1.0,0.5273245317996715,0.9983498349834984,0.9999623162175474,0.0,1.0,0.6667655998575024,0.6668634124716558
566,0.7,0.7037037037037037,0.109090909090909,0.5060569594370008,0.5060569594370008,1.0,0.5238990232871666,0.9983498349834984,0.9994584981357644,0.0,1.0,0.6700322170236581,0.6720953432923812
567,0.5,0.5555555555555556,0.8363636363636363,0.4939226032387545,0.4939226032387545,1.0,0.5194018843711382,0.9983498349834984,0.9999954279522244,0.0,1.0,0.6666851094028132,0.6667001370471197
568,0.7,0.0,0.5454545454545454,0.4939236201674666,0.4939236201674666,0.5,0.5577126830972634,0.9983498349834984,0.9999669466816276,0.0,0.9983498349834984,0.6668448967548096,0.666965707545995
569,0.4,0.4074074074074074,0.1454545454545454,0.4886332638288124,0.4886332638288124,0.0,0.4183765082217752,0.995049504950495,0.9847234899145264,0.0,0.99009900990099,0.7740306608219737,0.8039926844197304
570,0.5,0.4074074074074074,0.1454545454545454,0.4886407743580455,0.4886407743580455,0.0,0.4573054956642609,0.9933993399339934,0.9795444639329672,0.0,1.0,0.7696422899815976,0.8215707626589731
571,0.8,0.8888888888888888,0.1636363636363636,0.4939926651138717,0.4939926651138717,1.0,0.5860132495180281,0.9983498349834984,0.9987067347167948,0.0115511551155115,1.0,0.6747914593076085,0.679205576002615
572,0.5,0.8888888888888888,0.2363636363636363,0.5056795341029238,0.5056795341029238,0.5,0.4635893035750809,0.9966996699669968,0.9961777928508996,0.0016501650165016,0.9983498349834984,0.6918853416685158,0.7009474672683289
573,0.2,0.4074074074074074,0.1454545454545454,0.488635874364522,0.488635874364522,0.0,0.4901995394614059,0.995049504950495,0.9788101906484288,0.0,1.0,0.7669248607206118,0.834040093878241
574,0.3,0.7037037037037037,0.6363636363636364,0.5060769594477651,0.5060769594477651,1.0,0.5179942385683209,0.9983498349834984,0.9999788514174804,0.0,1.0,0.6667738952342622,0.6668606924349535
575,0.5,0.7777777777777778,0.6545454545454545,0.4939229893731939,0.4939229893731939,0.5,0.4524843635411447,0.9966996699669968,0.9999867994259338,0.0,1.0,0.6667590039401147,0.6667938634531609
576,0.4,0.6296296296296297,0.6,0.5060768261861098,0.5060768261861098,1.0,0.5026887942382037,0.9983498349834984,0.9999693712922224,0.0,1.0,0.666796138397312,0.6668838962091125
577,0.7,0.6666666666666667,0.9818181818181818,0.4939224770127937,0.4939224770127937,0.25,0.4577510191702842,0.9966996699669968,0.9999993995220589,0.0016501650165016,0.9933993399339934,0.6666662039715645,0.6666677654580374
578,0.6,0.8148148148148149,0.1272727272727272,0.5060605828632743,0.5060605828632743,0.5,0.5466085173481348,0.9983498349834984,0.9995569019402571,0.0033003300330033,0.9983498349834984,0.6696190999202558,0.6712094111783127
579,0.4,0.2962962962962963,0.1818181818181818,0.4885351060445032,0.4885351060445032,0.0,0.4860747692745754,0.995049504950495,0.915819406418293,0.0,1.0,0.6546304065788014,0.9173111972627896
580,0.5,0.7037037037037037,0.2,0.4939368010921892,0.4939368010921892,0.0,0.4803398935245825,0.995049504950495,0.9995182499202592,0.0016501650165016,0.9983498349834984,0.6683790163815775,0.6700972613142746
581,0.5,0.4074074074074074,0.2545454545454545,0.4939301274703199,0.4939301274703199,0.5,0.4672517341961284,0.9966996699669968,0.9998232752905188,0.0,0.9983498349834984,0.6680159813069394,0.668516950749316
582,0.6,0.6666666666666667,0.2,0.5114648939550716,0.5114648939550716,0.6,0.5345128628842197,0.9983498349834984,0.966143397889087,0.0049504950495049,0.995049504950495,0.8902337095738302,0.9802972480972734
583,0.5,0.7407407407407407,0.7636363636363637,0.506077337290558,0.506077337290558,0.0,0.4924619381169342,0.995049504950495,0.999991828042718,0.0,0.9983498349834984,0.6667019853733086,0.6667310378089751
584,0.6,0.8888888888888888,0.4909090909090909,0.5060751894995835,0.5060751894995835,0.0,0.4641931283804422,0.9966996699669968,0.9999090573893924,0.0,1.0,0.6670888564051077,0.667392821093564
585,0.5,0.5555555555555556,0.8363636363636363,0.4939226032391219,0.4939226032391219,0.3333333333333333,0.4869376929882502,0.9966996699669968,0.9999973046274094,0.0049504950495049,0.995049504950495,0.6666926472718777,0.6666988541115509
586,0.5,0.5925925925925926,0.8363636363636363,0.5060774320962901,0.5060774320962901,0.0,0.4571004938932264,0.9933993399339934,0.9999947024173944,0.0,1.0,0.6666831923444005,0.6666980773103126
587,0.7,0.8518518518518519,1.0,0.5060775247800156,0.5060775247800156,0.8,0.5381217529596778,0.9983498349834984,0.9999995337833686,0.0066006600660066,0.9983498349834984,0.6666663816474584,0.6666676488699487
588,0.5,0.5925925925925926,0.4727272727272727,0.5060745439737879,0.5060745439737879,0.3333333333333333,0.4936805269366517,0.9966996699669968,0.9999406395972764,0.0016501650165016,0.9933993399339934,0.6672605845246917,0.6673875551203631
589,0.5,0.2962962962962963,0.8363636363636363,0.4939226484645634,0.4939226484645634,0.0,0.497004466950142,0.9966996699669968,0.9999930209435772,0.0,1.0,0.6666908136426304,0.6667129458240019
590,0.5,0.6296296296296297,0.4181818181818181,0.4939258902448705,0.4939258902448705,0.0,0.4368759202235888,0.9933993399339934,0.9998851497696176,0.0,0.995049504950495,0.6672516594696916,0.667518118380522
591,0.3,0.2962962962962963,0.1818181818181818,0.4885351060445032,0.4885351060445032,0.0,0.4482378881639917,0.995049504950495,0.9300600255997796,0.0,0.9983498349834984,0.8589252906162469,0.999430006036396
592,0.2,0.1111111111111111,0.0727272727272727,0.5059892526682247,0.5059892526682247,0.5,0.4678682058677416,0.9966996699669968,0.9981319939749036,0.0,0.995049504950495,0.6777466872344986,0.6808617044013111
593,0.7,0.7037037037037037,0.3090909090909091,0.4939287163570139,0.4939287163570139,0.8,0.6264127110627675,0.9983498349834984,0.9998947601740168,0.0066006600660066,0.9983498349834984,0.6678325144253683,0.6681596237282208
594,0.2,0.1111111111111111,0.0727272727272727,0.5059851353971446,0.5059851353971446,0.3333333333333333,0.426118984422167,0.9917491749174916,0.9981846639011044,0.0016501650165016,0.99009900990099,0.6785659072603482,0.6818922612345252
595,0.6,0.7037037037037037,0.9454545454545454,0.506077493175358,0.506077493175358,1.0,0.5491286052024691,0.9983498349834984,0.999998878403634,0.0099009900990099,1.0,0.6666729565606735,0.6666760215679647
596,0.4,0.4074074074074074,0.1818181818181818,0.4941363447996832,0.4941363447996832,0.0,0.4711642938538345,0.995049504950495,0.9957850893592824,0.0,1.0,0.6800221759599946,0.6917068591370127
597,0.7,0.5925925925925926,0.5818181818181818,0.4939232360868111,0.4939232360868111,0.0,0.4532977785772919,0.9966996699669968,0.9999615549611528,0.0,1.0,0.6667630223914216,0.6668721638546229
598,0.5,0.7037037037037037,0.6909090909090909,0.4939227573731952,0.4939227573731952,1.0,0.5405387151307839,0.9983498349834984,0.99998527085751,0.0,1.0,0.6666963784854161,0.6667444634773925
599,0.5,0.925925925925926,1.0,0.4939224808034947,0.4939224808034947,0.3333333333333333,0.4345762393944284,0.995049504950495,0.9999993863956358,0.0016501650165016,0.9966996699669968,0.666667322814363,0.6666686106846333
600,0.4,0.8888888888888888,0.1636363636363636,0.5059994999017008,0.5059994999017008,0.2,0.4529148221817883,0.9933993399339934,0.9983053277182404,0.0016501650165016,0.9933993399339934,0.6769242428838247,0.6804819105071716
601,0.4,0.7037037037037037,0.6363636363636364,0.5060769232710385,0.5060769232710385,0.0,0.4883336844803602,0.9966996699669968,0.9999827114885604,0.0,0.9983498349834984,0.6667844689002388,0.6668426912875443
602,0.5,0.962962962962963,0.1272727272727272,0.4939763309343572,0.4939763309343572,0.3333333333333333,0.4918527238684588,0.9966996699669968,0.9988580643369772,0.0066006600660066,0.995049504950495,0.673192884220124,0.6767529197641903
603,0.2,0.2962962962962963,0.8363636363636363,0.4939226264830179,0.4939226264830179,0.0,0.4944019690253791,0.9966996699669968,0.9999952083444976,0.0,1.0,0.6666914016101653,0.6667048288711669
604,0.7,0.7037037037037037,0.9636363636363636,0.4939225505526636,0.4939225505526636,0.6666666666666666,0.5855507719988402,0.9983498349834984,0.999998673807377,0.0082508250825082,0.9983498349834984,0.6666816053734284,0.6666854506500678
605,0.5,0.6666666666666667,0.9818181818181818,0.4939224761069573,0.4939224761069573,0.0,0.4957289944903101,0.995049504950495,0.9999992186010698,0.0,1.0,0.6666657377568986,0.6666676751271561
606,0.6,0.0,0.5454545454545454,0.4939235881591168,0.4939235881591168,0.0,0.4513849878744307,0.995049504950495,0.9999540130870846,0.0,1.0,0.6667962354312145,0.6669562215948958
607,0.6,0.6296296296296297,0.6181818181818182,0.5060770165424311,0.5060770165424311,1.0,0.5069635764488595,0.9983498349834984,0.9999880696396806,0.0016501650165016,1.0,0.6667657258392017,0.66680057395434
608,0.4,0.4814814814814815,0.5272727272727272,0.4939234229100062,0.4939234229100062,0.0,0.4685029160794984,0.9933993399339934,0.999956579338014,0.0,1.0,0.6667691165246807,0.6669194647051198
609,0.2,0.4814814814814815,0.5272727272727272,0.4939233893272776,0.4939233893272776,0.0,0.4990418113386961,0.995049504950495,0.9999617478625468,0.0,0.9983498349834984,0.6667801895186745,0.6669070687733256
610,0.7,0.7777777777777778,0.5272727272727272,0.5060765374026149,0.5060765374026149,1.0,0.6272818985131603,0.9983498349834984,0.9999782559836616,0.0049504950495049,1.0,0.6668610253653287,0.6669262626127169
611,0.2,0.1111111111111111,0.0727272727272727,0.5059838201341009,0.5059838201341009,0.0,0.4198965193176088,0.995049504950495,0.9981369536204632,0.0,0.99009900990099,0.678168149413887,0.6821823003354687
612,0.7,0.6666666666666667,0.1272727272727272,0.4940834844127058,0.4940834844127058,0.0,0.4945496890839818,0.9966996699669968,0.9972464594349196,0.0,1.0,0.6773113692655488,0.688011383524168
613,0.4,0.4074074074074074,0.2545454545454545,0.4939300401625361,0.4939300401625361,0.25,0.4826068890313831,0.9966996699669968,0.999854413681533,0.0049504950495049,0.9933993399339934,0.6679974432348085,0.66844315298951
614,0.6,0.4444444444444444,0.2181818181818181,0.4959472462939205,0.4959472462939205,0.5,0.4547293942462402,0.9966996699669968,0.9923607321141787,0.0066006600660066,0.9983498349834984,0.7006385874907647,0.7231349595708194
615,0.6,0.7037037037037037,0.2,0.493937326710405,0.493937326710405,0.6,0.5720783358298989,0.9983498349834984,0.999677191340038,0.0049504950495049,0.9983498349834984,0.6691793256936535,0.6700316092976805
616,0.3,0.5555555555555556,0.4909090909090909,0.5060764439929205,0.5060764439929205,0.5,0.4324541141198056,0.9966996699669968,0.9999730763234764,0.0,0.995049504950495,0.6668798659989398,0.6669477438696436
617,0.6,0.7037037037037037,0.6909090909090909,0.4939228784136282,0.4939228784136282,0.0,0.4960354104522424,0.9966996699669968,0.9999834160529362,0.0,1.0,0.6667219868798832,0.6667717047588806
618,0.4,0.3333333333333333,0.109090909090909,0.5060400018299177,0.5060400018299177,0.0,0.4125028313583913,0.99009900990099,0.9989759659408448,0.0,0.9983498349834984,0.6725325116434387,0.6747028729347204
619,0.3,0.2962962962962963,0.1818181818181818,0.4885351060445032,0.4885351060445032,0.0,0.4840252281258976,0.9966996699669968,0.9224099327376428,0.0,1.0,0.6752531187724671,0.9245800695163818
620,0.6,0.5925925925925926,0.2727272727272727,0.5060685078502863,0.5060685078502863,1.0,0.5417223625388435,0.9983498349834984,0.999718369121033,0.0033003300330033,1.0,0.6683392709254582,0.6690448779314017
621,0.3,0.3333333333333333,0.109090909090909,0.5060433208602588,0.5060433208602588,0.0,0.3879063666005429,0.9917491749174916,0.9989069296033052,0.0,0.9983498349834984,0.6719286728579108,0.6746441769195133
622,0.5,0.8148148148148149,0.6363636363636364,0.5060770297849464,0.5060770297849464,1.0,0.5068465929219415,0.9983498349834984,0.9999793415120608,0.0,1.0,0.6667580985787442,0.666828126535885
623,0.6,0.6666666666666667,0.8363636363636363,0.4939225741605813,0.4939225741605813,0.5,0.4887702909801152,0.9966996699669968,0.999997077629204,0.0082508250825082,0.995049504950495,0.6666834653466176,0.6666924692139505
624,0.5,0.6666666666666667,0.8363636363636363,0.4939225617082217,0.4939225617082217,0.6,0.5941374024987394,0.9983498349834984,0.9999983476364136,0.0066006600660066,0.9966996699669968,0.6666827061370536,0.6666888584984082
625,0.5,0.8518518518518519,1.0,0.5060775220525229,0.5060775220525229,1.0,0.5282171018546307,0.9983498349834984,0.99999918582105,0.0,1.0,0.6666665389274672,0.666669037343811
626,0.5,0.7407407407407407,0.3818181818181818,0.506073542197635,0.506073542197635,0.3333333333333333,0.4727413997036404,0.9966996699669968,0.9999076992979896,0.0016501650165016,0.9966996699669968,0.6674175380454592,0.6677303292184453
627,0.6,0.6666666666666667,0.9818181818181818,0.4939224774687815,0.4939224774687815,0.5,0.4088490945985462,0.995049504950495,0.9999992670690931,0.0033003300330033,0.9966996699669968,0.6666663789181368,0.6666679767644854
628,0.4,0.5185185185185186,0.3272727272727272,0.5060734861324545,0.5060734861324545,0.0,0.496666983089873,0.9966996699669968,0.9998859405306068,0.0,1.0,0.667404025339273,0.6678883869451754
629,0.7,0.5925925925925926,0.8909090909090909,0.4939224968869261,0.4939224968869261,1.0,0.5321242800019879,0.9983498349834984,0.999999167538573,0.0049504950495049,1.0,0.6666703293477069,0.6666722859179602
630,0.5,0.925925925925926,1.0,0.4939224805376565,0.4939224805376565,0.0,0.452567688633923,0.9966996699669968,0.999999305786122,0.0016501650165016,0.9983498349834984,0.6666669133084613,0.6666685524995241
631,0.4,0.7407407407407407,0.6909090909090909,0.506077217477018,0.506077217477018,0.0,0.3903868737941721,0.9933993399339934,0.9999866076303768,0.0,0.9983498349834984,0.6667259228411355,0.6667596347974721
632,0.5,0.8148148148148149,0.2181818181818181,0.493934059413433,0.493934059413433,0.0,0.4874949643667827,0.995049504950495,0.9995508636337505,0.0016501650165016,1.0,0.6682620541403549,0.6694609585565819
633,0.5,0.6666666666666667,0.2,0.5114648939539682,0.5114648939539682,0.0,0.4217719756761096,0.9966996699669968,0.9475489228876776,0.0,0.9983498349834984,0.8416516851258122,0.9914776371301456
634,0.5,0.8888888888888888,0.4909090909090909,0.5060753838801164,0.5060753838801164,0.0,0.4430353149647847,0.9917491749174916,0.9999110477853708,0.0,1.0,0.6670758246534962,0.6672923399167193
635,0.5,0.5925925925925926,0.2727272727272727,0.5060673856567611,0.5060673856567611,0.0,0.4397624565649413,0.995049504950495,0.9996116201682576,0.0,0.9983498349834984,0.6684538885891045,0.6695940720245667
636,0.6,0.4444444444444444,0.2181818181818181,0.4983402110157231,0.4983402110157231,1.0,0.5123768550627313,0.9983498349834984,0.9879368390279616,0.0,1.0,0.7067016818209508,0.7398762834827824
637,0.2,0.5185185185185186,0.3272727272727272,0.506072275854931,0.506072275854931,0.0,0.4833468998558673,0.9966996699669968,0.9997987011674864,0.0,1.0,0.6675920817055263,0.6682177803552092
638,0.5,0.5555555555555556,0.0363636363636363,0.4939520439312488,0.4939520439312488,0.5,0.6563900352816165,0.9983498349834984,0.9995074276077268,0.0066006600660066,0.9966996699669968,0.671333422890777,0.67292822635163
639,0.7,0.5555555555555556,0.0363636363636363,0.4939670555689469,0.4939670555689469,0.5,0.5194154395866021,0.9983498349834984,0.998711744074691,0.0,0.9983498349834984,0.6715102575007791,0.6755380439330931
640,0.6,0.5925925925925926,0.3818181818181818,0.4939262599179088,0.4939262599179088,0.0,0.495884824596552,0.9966996699669968,0.9998727067070526,0.0,1.0,0.6672044430008538,0.6675770733541335
641,0.8,0.7407407407407407,0.109090909090909,0.4939659358601507,0.4939659358601507,1.0,0.552444500234547,0.9983498349834984,0.9990812748928954,0.0066006600660066,1.0,0.6721093823741432,0.6751082422603107
642,0.7,0.8888888888888888,0.2363636363636363,0.5057838671913579,0.5057838671913579,0.0,0.4397101703939596,0.9966996699669968,0.9968340682734652,0.0,1.0,0.6884551066804349,0.6978298858516154
643,0.2,0.4444444444444444,0.0909090909090909,0.4885394449575552,0.4885394449575552,1.0,0.523170826904978,0.9983498349834984,0.9787769916501337,0.0,1.0,0.7865809476292658,0.8673876732799808
644,0.3,0.5555555555555556,0.4909090909090909,0.5060764086947409,0.5060764086947409,1.0,0.5151672280199094,0.9983498349834984,0.9999628687677604,0.0,1.0,0.6668736053486379,0.6670061235825492
645,0.5,0.6666666666666667,0.2,0.5114648938258892,0.5114648938258892,0.5,0.5516474532238604,0.9983498349834984,0.9668869417620374,0.0016501650165016,0.9966996699669968,0.8194221170126901,0.9363644779261432
646,0.6,0.7037037037037037,0.6181818181818182,0.493922949886152,0.493922949886152,0.0,0.4552478201215667,0.9933993399339934,0.999981381049436,0.0,0.9983498349834984,0.6667280495531139,0.6667928689901689
647,0.3,0.5185185185185186,0.4545454545454545,0.5060756123177492,0.5060756123177492,0.5,0.3285061589832253,0.995049504950495,0.999934661947045,0.0033003300330033,0.9917491749174916,0.6670440277634371,0.6671768995858796
648,0.5,0.925925925925926,0.2363636363636363,0.5042095757592587,0.5042095757592587,0.4285714285714285,0.4752877281682046,0.9966996699669968,0.9924867639885604,0.0049504950495049,0.995049504950495,0.7100090238321904,0.7306239676659588
649,0.6,0.4814814814814815,0.5272727272727272,0.493923545441143,0.493923545441143,1.0,0.5119711286552879,0.9983498349834984,0.9999630529243204,0.0,1.0,0.6668185698419307,0.6669437440944662
650,0.5,0.7777777777777778,0.2,0.4976953445429117,0.4976953445429117,0.0,0.4848621973018754,0.9966996699669968,0.9866076668668976,0.0,1.0,0.7212091723309759,0.7788506284142152
651,0.7,0.8148148148148149,0.1272727272727272,0.5114246900967393,0.5114246900967393,0.3333333333333333,0.4779265995434089,0.9966996699669968,0.9892846360510544,0.0033003300330033,0.9966996699669968,0.7709327417830516,0.8139121409591775
652,0.4,0.5555555555555556,0.8363636363636363,0.4939225875131051,0.4939225875131051,1.0,0.5003826213233691,0.9983498349834984,0.9999950937953196,0.0016501650165016,1.0,0.6666823969522087,0.6666969350158608
653,0.4,0.1111111111111111,0.0727272727272727,0.5059429109119128,0.5059429109119128,0.0,0.481192823219728,0.9966996699669968,0.9972293493058292,0.0,0.9983498349834984,0.6809500550325124,0.6894298663511912
654,0.4,0.6666666666666667,0.1272727272727272,0.5083945896935187,0.5083945896935187,0.5,0.5668827402749635,0.9983498349834984,0.989048172181732,0.0,1.0,0.7377958714564142,0.7658576129403345
655,0.7,0.8148148148148149,0.1272727272727272,0.5113979049315147,0.5113979049315147,0.0,0.4873458535608518,0.995049504950495,0.9819899425603444,0.0,1.0,0.7498975202387577,0.823057689477377
656,0.7,0.6666666666666667,0.1272727272727272,0.5105171182434023,0.5105171182434023,1.0,0.5105007399791726,0.9983498349834984,0.986909323517892,0.0033003300330033,1.0,0.7424531565085916,0.7830849041556419
657,0.4,0.6666666666666667,0.1272727272727272,0.4941053244123199,0.4941053244123199,0.5,0.4975139125443698,0.9966996699669968,0.9975860929498096,0.0,0.9966996699669968,0.6814792384472965,0.6895634913234319
658,0.4,0.7037037037037037,0.2181818181818181,0.4885353237067958,0.4885353237067958,0.6666666666666666,0.4672851936908674,0.9966996699669968,0.9766440600704566,0.0016501650165016,0.995049504950495,0.8105121623542568,0.8755691032444942
659,0.4,0.5555555555555556,0.9636363636363636,0.4939224839957026,0.4939224839957026,0.5,0.5583277960327203,0.9983498349834984,0.9999991986601232,0.0,0.9983498349834984,0.6666666252515966,0.6666694058287106
660,0.4,0.1111111111111111,0.0727272727272727,0.5059146440428776,0.5059146440428776,0.0,0.453975326052273,0.9966996699669968,0.9976344684338142,0.0,1.0,0.6819679262218209,0.6896424535172075
661,0.5,0.2962962962962963,0.1818181818181818,0.4885351060445032,0.4885351060445032,0.5,0.4550755586242131,0.9933993399339934,0.9382909385479786,0.0016501650165016,0.9966996699669968,0.7099376407903717,0.9069067526900036
662,0.3,0.1111111111111111,0.1818181818181818,0.5060322690053198,0.5060322690053198,1.0,0.5164232173035694,0.9983498349834984,0.9989971773881494,0.0,0.9966996699669968,0.6734370933892747,0.6759659664564789
663,0.3,0.4074074074074074,0.1454545454545454,0.4889590973078281,0.4889590973078281,0.0,0.3141651769836584,0.9884488448844884,0.9841727108625942,0.0,0.99009900990099,0.7593607967079129,0.7889208795039127
664,0.4,0.5185185185185186,0.3272727272727272,0.5060722045861246,0.5060722045861246,0.25,0.3824411977004351,0.9966996699669968,0.9999121857037798,0.0033003300330033,0.995049504950495,0.6677084407335738,0.6679196437776016
665,0.4,0.5555555555555556,0.1272727272727272,0.4939400639673552,0.4939400639673552,0.0,0.4806842036095128,0.9966996699669968,0.9995565682597886,0.0,0.9983498349834984,0.6689769795384757,0.6706381643393245
666,0.9,1.0,0.1636363636363636,0.5112440099865664,0.5112440099865664,1.0,0.5859351762735819,0.9983498349834984,0.9892040220113116,0.0148514851485148,1.0,0.759134837167833,0.793560336052939
667,0.4,0.3333333333333333,0.109090909090909,0.5060380179692275,0.5060380179692275,0.5714285714285714,0.4397440917788943,0.9966996699669968,0.9993703317462022,0.0066006600660066,0.99009900990099,0.6729670694063883,0.674854303958346
668,0.6,0.5925925925925926,0.8909090909090909,0.4939224993909827,0.4939224993909827,0.5,0.5770955689176,0.9983498349834984,0.999999350616644,0.0016501650165016,0.9966996699669968,0.6666711702573862,0.666672921373611
669,0.4,0.4444444444444444,0.2545454545454545,0.5060657479708836,0.5060657479708836,0.0,0.4610876620846715,0.9966996699669968,0.999466255566637,0.0,0.9983498349834984,0.668594614406264,0.6705652706980687
670,0.6,0.6666666666666667,0.2,0.5114648939502934,0.5114648939502934,0.0,0.4977079578312736,0.9966996699669968,0.9361127721292102,0.0,1.0,0.7904951640906481,0.9965976017817784
671,0.2,0.5185185185185186,0.8909090909090909,0.5060775093683434,0.5060775093683434,0.0,0.456599043376927,0.9933993399339934,0.99999849071759,0.0,1.0,0.6666690130676844,0.6666733756687242
672,0.5,0.3333333333333333,0.109090909090909,0.5060444030623765,0.5060444030623765,0.4,0.4244182070703238,0.9966996699669968,0.999444729431098,0.0082508250825082,0.9917491749174916,0.6720395661170736,0.6737690220977102
673,0.3,0.3703703703703703,0.109090909090909,0.5046229900060487,0.5046229900060487,0.0,0.4409897208857694,0.9917491749174916,0.98989523054617,0.0,0.99009900990099,0.726448498413891,0.7541128726787024
674,0.5,0.6296296296296297,0.4181818181818181,0.493925728009262,0.493925728009262,0.0,0.4721577895456443,0.9933993399339934,0.9998578879538096,0.0,1.0,0.6670346240431306,0.6675181692855071
675,0.4,0.6666666666666667,0.8363636363636363,0.493922554896935,0.493922554896935,0.0,0.4980871226653707,0.9966996699669968,0.999996684113414,0.0,1.0,0.6666753787875348,0.6666886383340915
676,0.4,0.3703703703703703,0.109090909090909,0.5063610335674822,0.5063610335674822,0.0,0.480262783378952,0.9966996699669968,0.9845550826558216,0.0,1.0,0.7124671218392835,0.7648193347228083
677,0.4,0.6296296296296297,0.7818181818181819,0.5060774007425328,0.5060774007425328,1.0,0.5303143419343801,0.9983498349834984,0.9999943603945612,0.0,1.0,0.6666883853385798,0.6667067816444928
678,0.8,0.5555555555555556,0.1454545454545454,0.5058583340550726,0.5058583340550726,1.0,0.5863699085460023,0.9983498349834984,0.9976547046109192,0.0082508250825082,1.0,0.685288921940661,0.691490085922226
679,0.4,0.2962962962962963,0.1818181818181818,0.4885351060445032,0.4885351060445032,0.4,0.4731249850417103,0.9966996699669968,0.9602029853397974,0.0033003300330033,0.9917491749174916,0.8350030342457734,0.9511164545209838
680,0.4,0.7037037037037037,0.2545454545454545,0.4942758388803614,0.4942758388803614,0.5,0.5664098684312993,0.9983498349834984,0.9975067080817472,0.0033003300330033,0.9966996699669968,0.6903471309253785,0.6972441830064458
681,0.5,0.4074074074074074,0.2545454545454545,0.4939292284894574,0.4939292284894574,1.0,0.5185409533272652,0.9983498349834984,0.9997060970974164,0.0,1.0,0.6675752438850591,0.668380612247846
682,0.4,0.7037037037037037,0.9090909090909092,0.4939224916788771,0.4939224916788771,0.0,0.4981768238280228,0.9966996699669968,0.9999986827040004,0.0,1.0,0.6666681223436169,0.6666718716132517
683,0.4,0.6666666666666667,0.1272727272727272,0.4941223254686645,0.4941223254686645,0.0,0.3957685609581107,0.9933993399339934,0.9965761526421284,0.0,0.9983498349834984,0.6803119011045278,0.6906948608936914
684,0.4,0.5185185185185186,0.8909090909090909,0.5060775045296071,0.5060775045296071,0.0,0.4816123300850116,0.9966996699669968,0.9999986439674776,0.0,1.0,0.6666703369398355,0.6666738749757983
685,0.4,0.7407407407407407,0.6909090909090909,0.5060772163826391,0.5060772163826391,0.6666666666666666,0.4308758801516869,0.9966996699669968,0.9999908038251198,0.0033003300330033,0.9966996699669968,0.6667282016955965,0.6667449001895521
686,0.7,0.962962962962963,0.2363636363636363,0.4967813721666394,0.4967813721666394,0.5,0.5250106696559234,0.9983498349834984,0.9940125226167024,0.0165016501650165,0.9966996699669968,0.7321313571671131,0.7476834650066718
687,0.3,0.4444444444444444,0.9454545454545454,0.4939225245551815,0.4939225245551815,0.0,0.3812188372725963,0.9917491749174916,0.9999975042978472,0.0,0.9966996699669968,0.6666731923575364,0.6666802338287587
688,0.3,0.4074074074074074,0.1818181818181818,0.4942610930483874,0.4942610930483874,0.0,0.4481719960908178,0.9966996699669968,0.995994232775443,0.0,1.0,0.6864187501861991,0.6973226725879734
689,0.6,0.7037037037037037,0.9090909090909092,0.4939224942043337,0.4939224942043337,0.75,0.5392308664828681,0.9983498349834984,0.9999989356835244,0.0033003300330033,0.9983498349834984,0.6666690691126549,0.6666718191013953
690,0.5,0.5925925925925926,0.8363636363636363,0.5060774156035075,0.5060774156035075,0.5,0.4348940319650807,0.9917491749174916,0.99999505492247,0.0033003300330033,1.0,0.6666875199384575,0.6666966017436781
691,0.2,0.3333333333333333,0.109090909090909,0.5060405580372993,0.5060405580372993,0.0,0.479149827453839,0.9966996699669968,0.9987530769301164,0.0,1.0,0.6719071819370457,0.6753553746750862
692,0.3,0.5185185185185186,0.8909090909090909,0.5060775024591526,0.5060775024591526,0.0,0.4913404922835962,0.9966996699669968,0.9999985939947196,0.0,1.0,0.6666707490324794,0.6666757140421172
693,0.3,0.5555555555555556,0.4909090909090909,0.5060763750259321,0.5060763750259321,0.5,0.458620875068737,0.995049504950495,0.9999688716395568,0.0033003300330033,0.9933993399339934,0.6668945058933705,0.666946731133088
694,0.6,0.7407407407407407,0.2363636363636363,0.4950641871679856,0.4950641871679856,0.5,0.5337460980003923,0.9983498349834984,0.9950107452587322,0.0033003300330033,0.9983498349834984,0.6992843095620372,0.7153792603028654
695,0.5,0.2962962962962963,0.1818181818181818,0.4885351060445032,0.4885351060445032,0.0,0.425256773355517,0.9933993399339934,0.9340855637444728,0.0,0.9983498349834984,0.7631668522152758,0.959461017991696
696,0.5,0.7407407407407407,0.1636363636363636,0.5060635231630373,0.5060635231630373,0.0,0.4165547063924225,0.9933993399339934,0.9994447132207166,0.0,0.9983498349834984,0.668905442983019,0.6706035094653555
697,0.2,0.7407407407407407,0.3272727272727272,0.4939269081095011,0.4939269081095011,0.0,0.485425191742359,0.995049504950495,0.999839630992346,0.0,1.0,0.667305597131553,0.6677939210035224
698,0.6,0.7407407407407407,0.1636363636363636,0.506063123408804,0.506063123408804,1.0,0.5156722703976161,0.9983498349834984,0.9994953517782188,0.0,1.0,0.6690117170084996,0.6706444330713405
699,0.5,0.5555555555555556,0.9818181818181818,0.4939225134813277,0.4939225134813277,0.0,0.4702159485315857,0.995049504950495,0.9999976058918127,0.0,0.9983498349834984,0.6666719495998495,0.6666776071887087
700,0.4,0.7037037037037037,0.2545454545454545,0.4942207302771315,0.4942207302771315,0.0,0.4931841573108697,0.9933993399339934,0.9960355547645996,0.0,0.9983498349834984,0.684882043505999,0.6947749384562744
701,0.4,1.0,0.2363636363636363,0.4939336872310137,0.4939336872310137,0.3333333333333333,0.458447611078396,0.9966996699669968,0.999725080385346,0.0049504950495049,0.995049504950495,0.6686301223096385,0.6691832101361675
702,0.3,0.4444444444444444,0.0909090909090909,0.4885473162125426,0.4885473162125426,0.0,0.4502195490540865,0.995049504950495,0.9843354991831276,0.0,0.9966996699669968,0.7839932132099557,0.8286959972643738
703,0.5,1.0,0.5454545454545454,0.4939235498961081,0.4939235498961081,0.0,0.4835825327574005,0.9966996699669968,0.999954688999255,0.0,1.0,0.6668009546866902,0.6669463981282083
704,0.5,0.7037037037037037,0.6909090909090909,0.4939227453251711,0.4939227453251711,0.0,0.4939562909236256,0.9966996699669968,0.9999891896159008,0.0,0.9983498349834984,0.6666969440772914,0.6667352333257018
705,0.3,0.4444444444444444,0.2181818181818181,0.4967383460661361,0.4967383460661361,0.0,0.4365528663916737,0.995049504950495,0.9865514890799596,0.0,1.0,0.6991182127812016,0.7383850439528318
706,0.7,0.925925925925926,0.1272727272727272,0.4885351060445032,0.4885351060445032,1.0,0.6171266774469021,0.9983498349834984,0.939111579270388,0.0049504950495049,1.0,0.5690817007286627,0.7121347635465122
707,0.6,0.7037037037037037,0.9454545454545454,0.5060774916889063,0.5060774916889063,1.0,0.5533843690036706,0.9983498349834984,0.9999985749105114,0.0,1.0,0.6666729475308713,0.666676784760519
708,0.2,0.4074074074074074,0.1454545454545454,0.4887796223895124,0.4887796223895124,0.0,0.4437043499201901,0.9933993399339934,0.9845564262371156,0.0,0.9917491749174916,0.7588557899779528,0.8123996698325451
709,0.6,0.7037037037037037,0.2545454545454545,0.494359238400096,0.494359238400096,0.0,0.4755320836643233,0.9966996699669968,0.9942898027093764,0.0,1.0,0.6843606538137299,0.7016902610449974
710,0.7,0.7037037037037037,0.2545454545454545,0.4944105544649475,0.4944105544649475,1.0,0.5229411874071052,0.9983498349834984,0.9952513739699526,0.0016501650165016,1.0,0.6889855076875653,0.7015075790844212
711,0.6,0.6296296296296297,0.0909090909090909,0.4969550099734043,0.4969550099734043,0.0,0.4767812788374745,0.9966996699669968,0.9927442342368548,0.0,1.0,0.7307717062738234,0.7516582480225434
712,0.6,0.6666666666666667,0.2,0.5114648907998662,0.5114648907998662,0.5,0.4833598580649521,0.9966996699669968,0.968909556748436,0.0,1.0,0.8184179188738735,0.9056814166692236
713,0.4,0.4444444444444444,0.2181818181818181,0.4975069083126683,0.4975069083126683,1.0,0.512853066357519,0.9983498349834984,0.9858846551367726,0.0,1.0,0.6984065942298349,0.7353399249732532
714,0.5,0.7407407407407407,0.3818181818181818,0.5060743595453232,0.5060743595453232,0.0,0.4351108068691552,0.9966996699669968,0.9999032637866238,0.0,0.9966996699669968,0.6672804713956034,0.6675458752191986
715,0.4,0.7407407407407407,0.6909090909090909,0.5060772215409792,0.5060772215409792,0.3333333333333333,0.3852699588831962,0.995049504950495,0.9999888911225332,0.0,0.9966996699669968,0.6667263157933581,0.6667428855662942
716,0.5,0.4444444444444444,0.9454545454545454,0.4939225190318843,0.4939225190318843,0.3333333333333333,0.4898504318742819,0.9966996699669968,0.9999984507938848,0.0033003300330033,0.9966996699669968,0.6666739353082513,0.6666782973149145
717,0.5,0.7037037037037037,0.2727272727272727,0.50607091058305,0.50607091058305,0.6666666666666666,0.5000815482863701,0.9983498349834984,0.999800145076503,0.0049504950495049,0.9983498349834984,0.6678906491429626,0.6685956918564255
718,0.4,0.5555555555555556,0.1272727272727272,0.493939996095223,0.493939996095223,0.0,0.4166285020905927,0.99009900990099,0.9994698924850572,0.0,0.9966996699669968,0.6690943295192924,0.6707014535336407
719,0.8,0.4444444444444444,0.9454545454545454,0.4939225307524335,0.4939225307524335,0.5,0.5630276138376376,0.9983498349834984,0.9999983996054016,0.0016501650165016,0.9983498349834984,0.6666745760999155,0.6666816812165801
720,0.4,0.4444444444444444,0.9454545454545454,0.493922524665104,0.493922524665104,0.0,0.428396263660543,0.9917491749174916,0.9999979484625244,0.0,0.9966996699669968,0.6666749757983872,0.6666797438172982
721,0.3,0.2962962962962963,0.4727272727272727,0.4939250808857621,0.4939250808857621,0.0,0.4916604886215567,0.9966996699669968,0.9999117529617808,0.0,1.0,0.6670221053591845,0.667345022285495
722,0.6,0.8148148148148149,0.6363636363636364,0.5060771408493019,0.5060771408493019,0.0,0.4981822042011429,0.9966996699669968,0.9999893356997662,0.0033003300330033,1.0,0.6667400987990789,0.6667766755013124
723,0.4,0.6296296296296297,0.9818181818181818,0.5060775209991171,0.5060775209991171,0.0,0.495220054903663,0.995049504950495,0.9999990114766408,0.0,1.0,0.6666668903148136,0.6666698653988861
724,0.6,0.5925925925925926,0.8909090909090909,0.493922507004094,0.493922507004094,0.0,0.4848918790966998,0.9966996699669968,0.9999982378847982,0.0,1.0,0.6666701198775118,0.6666759046275935
725,0.5,0.5555555555555556,0.0363636363636363,0.4939511856890479,0.4939511856890479,0.0,0.4654588802806386,0.995049504950495,0.9987591498331738,0.0,1.0,0.6694362802671217,0.6730203282786019
726,0.6,0.7407407407407407,0.109090909090909,0.4939619515576736,0.4939619515576736,1.0,0.5341326853222719,0.9983498349834984,0.9987562145890502,0.0,1.0,0.6706173462502273,0.6750003245677713
727,0.6,0.6666666666666667,0.1272727272727272,0.5104173373729559,0.5104173373729559,1.0,0.5703877336919133,0.9983498349834984,0.9848467858104204,0.0,1.0,0.7377387402617346,0.7795225199048618
728,0.5,0.962962962962963,0.0909090909090909,0.4893509039231192,0.4893509039231192,0.0,0.4819517678264678,0.9966996699669968,0.9828188643586766,0.0,1.0,0.7529437877414278,0.8053336618425927
729,0.9,0.5555555555555556,0.0363636363636363,0.4939576806464327,0.4939576806464327,1.0,0.6106754930396523,0.9983498349834984,0.9993373750674504,0.0132013201320132,1.0,0.6718064742692988,0.6738345486198771
730,0.4,0.1111111111111111,0.1818181818181818,0.5060293350124179,0.5060293350124179,0.0,0.451207633340402,0.995049504950495,0.9983558071039124,0.0,1.0,0.6730791592813206,0.6782387231342569
731,0.6,0.6296296296296297,0.0909090909090909,0.492335509280721,0.492335509280721,0.0,0.4990667231955782,0.9966996699669968,0.9862423035853772,0.0,1.0,0.7375545355749219,0.780712731906814
732,0.7,0.5925925925925926,0.4727272727272727,0.5060749731183607,0.5060749731183607,0.0,0.4800357109152023,0.9966996699669968,0.999894287269236,0.0,1.0,0.6671321424305569,0.6675061876518145
733,0.6,0.6296296296296297,0.9454545454545454,0.5060775174069829,0.5060775174069829,0.0,0.4728263789669003,0.995049504950495,0.9999990103567667,0.0,1.0,0.6666677865911502,0.666670252909609
734,0.5,0.6296296296296297,0.9818181818181818,0.506077519381071,0.506077519381071,0.0,0.4562852313580936,0.9966996699669968,0.9999991971814935,0.0,1.0,0.6666672832714956,0.6666695061007392
735,0.4,0.6296296296296297,0.6181818181818182,0.5060769629884329,0.5060769629884329,1.0,0.5322472713830498,0.9983498349834984,0.999980026502752,0.0,1.0,0.6667741463866234,0.6668431239515068
736,0.6,0.7407407407407407,0.3454545454545454,0.506073124457582,0.506073124457582,0.0,0.4837422440755625,0.9966996699669968,0.999894324469543,0.0033003300330033,1.0,0.6675092526587939,0.6677965174910501
737,0.5,0.7407407407407407,0.1636363636363636,0.4939389961118281,0.4939389961118281,0.0,0.4838056890953476,0.995049504950495,0.9992747496414862,0.0,1.0,0.668702541487178,0.6705978457976952
738,0.5,1.0,0.1636363636363636,0.4916560772110914,0.4916560772110914,1.0,0.502865005907565,0.9983498349834984,0.9824344716629442,0.0,1.0,0.7353612605900882,0.7930898849050985
739,0.5,0.962962962962963,0.2909090909090909,0.5060708766038877,0.5060708766038877,0.0,0.4772405896156237,0.995049504950495,0.9997127051237048,0.0,1.0,0.6677996034434346,0.6686702701449175
740,0.6,0.6296296296296297,0.9818181818181818,0.5060775180383008,0.5060775180383008,0.6666666666666666,0.4312604474121102,0.9966996699669968,0.9999994332749148,0.0049504950495049,0.9966996699669968,0.6666679977887982,0.666668844945146
741,0.5,0.4444444444444444,0.2181818181818181,0.4963218949510144,0.4963218949510144,0.3333333333333333,0.4247868432053927,0.995049504950495,0.9930966750150712,0.0016501650165016,0.9966996699669968,0.7087543712519228,0.7238045140192856
742,0.3,0.0,0.5454545454545454,0.4939239686407763,0.4939239686407763,0.3333333333333333,0.5669107958974038,0.9983498349834984,0.9999572549239428,0.0016501650165016,0.99009900990099,0.6669015109533346,0.6670472585259968
743,0.6,0.7407407407407407,0.6909090909090909,0.5060771946736453,0.5060771946736453,1.0,0.5116127932194692,0.9983498349834984,0.999988697836841,0.0,1.0,0.6667297806077349,0.6667631184239653
744,0.5,0.5555555555555556,0.1454545454545454,0.5058895481804749,0.5058895481804749,0.0,0.4687292807987963,0.9933993399339934,0.9965719583912592,0.0,1.0,0.6831220639996561,0.6931089672870907
745,0.5,0.5925925925925926,0.5818181818181818,0.4939231221450062,0.4939231221450062,0.0,0.4850840872392654,0.9966996699669968,0.9999708680618072,0.0,0.9983498349834984,0.66674141950034,0.6668366373709377
746,0.5,0.8148148148148149,0.8545454545454545,0.5060774479711498,0.5060774479711498,0.5,0.5972795081182132,0.9983498349834984,0.9999986903860414,0.0049504950495049,0.9966996699669968,0.6666821138782586,0.6666856779562849
747,0.5,0.7407407407407407,0.3272727272727272,0.4939272409073181,0.4939272409073181,0.7142857142857143,0.4979920069054477,0.9966996699669968,0.9998952528473828,0.0132013201320132,0.9933993399339934,0.6675871230541864,0.667782943375344
748,0.6,0.5925925925925926,0.2727272727272727,0.506069549790054,0.506069549790054,0.0,0.479779191573172,0.9966996699669968,0.9998085830647516,0.0,0.9983498349834984,0.668152322613741,0.6686129080749394
749,0.2,0.7777777777777778,0.509090909090909,0.5060756588551302,0.5060756588551302,0.0,0.4818195025661639,0.9917491749174916,0.9999373854185666,0.0,0.9983498349834984,0.6670076806748407,0.6671885789518137
750,0.4,0.5925925925925926,0.1818181818181818,0.5046895056721488,0.5046895056721488,0.4,0.5089352188161904,0.9983498349834984,0.9964208631177224,0.0066006600660066,0.9867986798679867,0.7063447370323005,0.7171963811383155
751,0.4,0.7037037037037037,0.9090909090909092,0.4939224917576907,0.4939224917576907,0.5,0.5066507318522533,0.9983498349834984,0.9999987266081684,0.0,0.9983498349834984,0.666667453425964,0.6666719602275983
752,0.3,0.6296296296296297,0.0909090909090909,0.4965686053293673,0.4965686053293673,1.0,0.50971032574916,0.9983498349834984,0.9855345418883142,0.0,1.0,0.7252728361482245,0.7787712929409824
753,0.5,0.8148148148148149,0.7272727272727273,0.4939226657497069,0.4939226657497069,1.0,0.5207242205005416,0.9983498349834984,0.9999897620255154,0.0,1.0,0.6666850696343808,0.6667180860327732
754,0.6,0.5925925925925926,0.8363636363636363,0.5060774217640371,0.5060774217640371,0.25,0.5000141319542153,0.9983498349834984,0.9999971141584928,0.0049504950495049,0.9933993399339934,0.6666869323190815,0.6666946167748501
755,0.3,0.1111111111111111,0.1818181818181818,0.506010838891761,0.506010838891761,0.25,0.4993955886038265,0.9966996699669968,0.998619042458951,0.0033003300330033,0.99009900990099,0.6758008691414378,0.6786386653203962
756,0.3,0.5555555555555556,0.1272727272727272,0.4939406690695421,0.4939406690695421,0.0,0.3771085841160946,0.9917491749174916,0.9994640210544492,0.0,0.9966996699669968,0.6694608443206698,0.6708390664193111
757,0.6,0.8148148148148149,0.2181818181818181,0.4939332049185893,0.4939332049185893,1.0,0.5285665627724895,0.9983498349834984,0.9996357107979716,0.0,0.9983498349834984,0.6680910468248284,0.6693057928494812
758,0.4,0.6666666666666667,0.9818181818181818,0.4939224762150214,0.4939224762150214,1.0,0.5066826427261122,0.9983498349834984,0.999999175987228,0.0,1.0,0.66666487325243,0.6666678060227423
759,0.4,0.4074074074074074,0.1818181818181818,0.4942324405619234,0.4942324405619234,0.0,0.4408732687692532,0.9933993399339934,0.9940657589188924,0.0,1.0,0.6795983494197398,0.6981898184759108
760,0.6,0.4444444444444444,0.9454545454545454,0.4939225277791967,0.4939225277791967,0.0,0.4934533930019577,0.995049504950495,0.999997472358599,0.0,1.0,0.6666728383129165,0.6666816461061449
761,0.6,0.5925925925925926,0.8363636363636363,0.5060774228134086,0.5060774228134086,0.0,0.4957262006278125,0.9966996699669968,0.9999970642329892,0.0033003300330033,0.995049504950495,0.6666866092162815,0.6666955515630406
762,0.4,1.0,0.9818181818181818,0.4939225237864293,0.4939225237864293,0.0,0.4769412294654703,0.9966996699669968,0.9999977777023096,0.0,1.0,0.6666725956227675,0.6666802338287587
763,0.6,0.7037037037037037,0.9090909090909092,0.4939224953829806,0.4939224953829806,1.0,0.5231817914446755,0.9983498349834984,0.999998687268468,0.0,1.0,0.6666688935099795,0.6666728957648841
764,0.5,0.5925925925925926,0.1818181818181818,0.5040778870442639,0.5040778870442639,0.0,0.4178762163108486,0.995049504950495,0.990508355272092,0.0,0.9966996699669968,0.7059236284680802,0.7386100578142212
765,0.5,0.7037037037037037,0.9090909090909092,0.4939224900033665,0.4939224900033665,0.5,0.4920976448203029,0.9966996699669968,0.9999987186363476,0.0,0.9983498349834984,0.6666677445140934,0.6666712898431125
766,0.3,0.5925925925925926,0.6727272727272727,0.4939228273086145,0.4939228273086145,0.0,0.4902267323257471,0.9966996699669968,0.9999848639417238,0.0,1.0,0.6667073050201624,0.666760665486295
767,0.5,0.7777777777777778,0.509090909090909,0.5060757904704953,0.5060757904704953,0.0,0.4890870549432181,0.9966996699669968,0.9999643447857788,0.0016501650165016,0.995049504950495,0.6670024834405819,0.6671144677350072
768,0.5,0.5185185185185186,0.8909090909090909,0.5060775041035495,0.5060775041035495,0.3333333333333333,0.5243472374286988,0.9983498349834984,0.999999109015497,0.0016501650165016,0.995049504950495,0.6666707296314003,0.6666728955467368
769,0.3,0.6296296296296297,0.9818181818181818,0.506077520873881,0.506077520873881,0.0,0.4455448817938455,0.9966996699669968,0.9999991734050898,0.0,0.9966996699669968,0.6666670257744848,0.6666689031548881
770,0.5,0.2962962962962963,0.4727272727272727,0.4939248110084366,0.4939248110084366,0.6666666666666666,0.5669030782151772,0.9983498349834984,0.9999273617795,0.0033003300330033,1.0,0.6670494327723846,0.6672423258610773
771,0.6,0.8148148148148149,0.2181818181818181,0.4939320948117052,0.4939320948117052,1.0,0.5175741682972903,0.9983498349834984,0.9997951380172292,0.0016501650165016,1.0,0.6681801412132666,0.6689435731666398
772,0.6,0.5925925925925926,0.6727272727272727,0.4939228743244545,0.4939228743244545,0.2,0.4756901813298956,0.995049504950495,0.9999893619291624,0.0049504950495049,0.9933993399339934,0.6667445317751238,0.6667653876096372
773,0.7,0.8888888888888888,0.1818181818181818,0.5114648939554968,0.5114648939554968,0.0,0.4482334258835891,0.995049504950495,0.9379377056714346,0.0,1.0,0.8425198511226798,0.9988786725472484
774,0.6,1.0,0.2181818181818181,0.5114648853268873,0.5114648853268873,0.0,0.467941782026929,0.9966996699669968,0.97441335306924,0.0033003300330033,0.9966996699669968,0.8005140158217885,0.9035354563824622
775,0.4,0.6296296296296297,0.6,0.5060768302205781,0.5060768302205781,0.5,0.4806969226881793,0.9966996699669968,0.9999779025189371,0.0016501650165016,0.9983498349834984,0.6668010316839813,0.6668552457412842
776,0.6,0.2962962962962963,0.8363636363636363,0.4939226188840155,0.4939226188840155,0.5,0.4456783766288621,0.9966996699669968,0.9999958119843853,0.0033003300330033,0.995049504950495,0.6666957675948233,0.6667020245889032
777,0.6,0.5185185185185186,0.8909090909090909,0.5060774989743742,0.5060774989743742,0.0,0.4886366292351896,0.995049504950495,0.9999978630904623,0.0,1.0,0.6666711634274797,0.6666760923117564
778,0.6,1.0,0.9454545454545454,0.4939224876901232,0.4939224876901232,0.0,0.4547590887788688,0.9966996699669968,0.9999986995296704,0.0,1.0,0.6666663839547241,0.6666708133499326
779,0.4,0.4074074074074074,0.1818181818181818,0.4941689367543387,0.4941689367543387,0.3333333333333333,0.4563801672483526,0.9933993399339934,0.996922696000497,0.0,0.9933993399339934,0.6862563735303665,0.6923175279475053
780,0.5,0.8148148148148149,0.2181818181818181,0.4939321190615816,0.4939321190615816,0.5,0.5207879073198731,0.9983498349834984,0.9997168720185786,0.0,1.0,0.6681029653128872,0.6690238426625507
781,0.6,0.7777777777777778,0.7090909090909091,0.5060773328417074,0.5060773328417074,0.25,0.4750359815570334,0.9966996699669968,0.9999942702227784,0.0016501650165016,0.9966996699669968,0.6667044752242384,0.6667180050468089
782,0.8,0.7037037037037037,0.2,0.4939353538163689,0.4939353538163689,1.0,0.508532162883059,0.9983498349834984,0.9995394962335556,0.0,1.0,0.6683006720865305,0.6697741764007501
783,0.5,0.8148148148148149,0.2,0.4947612844119201,0.4947612844119201,0.5,0.5547780256738395,0.9983498349834984,0.995297342172568,0.0016501650165016,0.9983498349834984,0.6976887048366941,0.7090316897315319
784,0.4,0.8888888888888888,0.2727272727272727,0.4939314235906827,0.4939314235906827,1.0,0.5333099407862317,0.9983498349834984,0.99966794097867,0.0,1.0,0.6676373487639506,0.6689060375393467
785,0.6,0.6296296296296297,0.1636363636363636,0.5114648939554968,0.5114648939554968,0.6666666666666666,0.5193769885928246,0.9983498349834984,0.9559230229763642,0.0049504950495049,0.9966996699669968,0.9130328174590052,0.9999945743320252
786,0.6,0.5555555555555556,0.0363636363636363,0.4939548976173089,0.4939548976173089,0.0,0.4945445599607661,0.9966996699669968,0.9986817060969836,0.0,1.0,0.6702216517353657,0.674034428124342
787,0.6,0.4814814814814815,0.5272727272727272,0.4939235516733697,0.4939235516733697,1.0,0.5718250267182765,0.9983498349834984,0.9999786667618306,0.0115511551155115,0.9983498349834984,0.6668767271619458,0.6669312662666167
788,0.5,1.0,0.3272727272727272,0.4939280852852148,0.4939280852852148,1.0,0.5046108138304336,0.9983498349834984,0.9997480873080185,0.0,1.0,0.6672584297134386,0.6681897881575164
789,0.7,0.8148148148148149,0.1272727272727272,0.5060599190171482,0.5060599190171482,1.0,0.516080016410102,0.9983498349834984,0.9995255497021834,0.0,1.0,0.669713875440644,0.6714782621074453
790,0.3,0.4444444444444444,0.0909090909090909,0.4885466913478913,0.4885466913478913,0.0,0.4556826373406347,0.9917491749174916,0.9811424407344292,0.0,1.0,0.7804373722390013,0.8360878406026875
791,0.6,1.0,0.109090909090909,0.4939463858796813,0.4939463858796813,0.3333333333333333,0.6244289984774543,0.9983498349834984,0.9995311123484242,0.0049504950495049,0.9966996699669968,0.670400098766703,0.6718970152836655
792,0.4,0.1111111111111111,0.1818181818181818,0.5060173975263328,0.5060173975263328,0.0,0.4021961599610668,0.9933993399339934,0.997808242979278,0.0,0.9966996699669968,0.6747233352684916,0.6789761071051894
793,0.5,0.6666666666666667,0.8363636363636363,0.4939225754987458,0.4939225754987458,0.0,0.4936725260427673,0.9966996699669968,0.999996508582123,0.0016501650165016,0.9983498349834984,0.666682824078124,0.6666938342507457
794,0.3,0.4444444444444444,0.0909090909090909,0.4885523904737179,0.4885523904737179,0.0,0.4635024179767169,0.995049504950495,0.9804374422118398,0.0,1.0,0.7721763628787913,0.8579693354149803
795,0.3,0.7037037037037037,0.6909090909090909,0.493922708549898,0.493922708549898,0.0,0.4664629966682816,0.9933993399339934,0.9999920198796268,0.0,0.9983498349834984,0.6667051180203294,0.666724026513024
796,0.6,0.5925925925925926,0.1818181818181818,0.5048894375903419,0.5048894375903419,0.5,0.4498279821031056,0.995049504950495,0.995075624903774,0.0082508250825082,0.9917491749174916,0.7035259961742673,0.716297036812844
797,0.5,0.5555555555555556,0.4909090909090909,0.5060763090998375,0.5060763090998375,1.0,0.5320089990313049,0.9983498349834984,0.9999490987154556,0.0,1.0,0.6668897301019653,0.6671011326383158
798,0.3,0.4444444444444444,0.0909090909090909,0.4885356618357623,0.4885356618357623,0.5,0.5195930076386794,0.9983498349834984,0.9718146861992624,0.0,0.9983498349834984,0.8002596188665906,0.8944873037067222
799,0.3,0.962962962962963,0.1272727272727272,0.4885503505897837,0.4885503505897837,0.25,0.5157240275334753,0.9983498349834984,0.9879867154404938,0.0016501650165016,0.9966996699669968,0.7862436806966245,0.823598492393618
800,0.3,0.0,0.5454545454545454,0.4939239343543814,0.4939239343543814,0.0,0.4963579135662039,0.9966996699669968,0.9999432269876648,0.0,0.9917491749174916,0.6668837458830136,0.6670334914244508
801,0.4,0.4444444444444444,0.9454545454545454,0.4939225198802253,0.4939225198802253,0.0,0.4575283630249074,0.9966996699669968,0.9999977872572042,0.0,1.0,0.6666718020447882,0.6666786188408413
802,0.5,0.6666666666666667,0.2,0.5114648938408776,0.5114648938408776,1.0,0.5331395507375043,0.9983498349834984,0.9552123383941238,0.0,1.0,0.8037200829855402,0.9423252544907798
803,0.3,0.4444444444444444,0.2545454545454545,0.5060638002304887,0.5060638002304887,1.0,0.505412559937102,0.9983498349834984,0.9994677416361613,0.0,1.0,0.6688863784327765,0.6706846619984405
804,0.4,0.6666666666666667,0.0727272727272727,0.493950300949632,0.493950300949632,1.0,0.5293595044208683,0.9983498349834984,0.999294002390912,0.0,1.0,0.6703010574310738,0.6727339053878849
805,0.6,1.0,0.6545454545454545,0.5060769807003029,0.5060769807003029,1.0,0.509736467405155,0.9983498349834984,0.9999815895499626,0.0033003300330033,1.0,0.666775150774788,0.6668218257422356
806,0.7,1.0,0.8363636363636363,0.5060773520523787,0.5060773520523787,1.0,0.6331179977766923,0.9983498349834984,0.9999960874851086,0.0066006600660066,1.0,0.6667008885570449,0.6667134267148295
807,0.6,0.8888888888888888,0.1272727272727272,0.492532967439707,0.492532967439707,0.8,0.5710467268957506,0.9983498349834984,0.9917786390513114,0.0115511551155115,0.9966996699669968,0.7392482914001614,0.7691822206664845
808,0.4,0.5555555555555556,0.9636363636363636,0.4939224852830446,0.4939224852830446,0.0,0.4920088086639458,0.995049504950495,0.9999989483754308,0.0,1.0,0.6666665026979968,0.6666697815741807
809,0.6,0.7407407407407407,0.6909090909090909,0.5060772390228099,0.5060772390228099,0.0,0.3878616866838681,0.9966996699669968,0.9999891354135024,0.0,0.9983498349834984,0.6667232283321011,0.6667425634224124
810,0.2,0.4444444444444444,0.9454545454545454,0.4939225222382121,0.4939225222382121,0.0,0.4536473446957172,0.995049504950495,0.9999971923511743,0.0,0.9983498349834984,0.6666713749998878,0.6666802327676682
811,0.5,0.5555555555555556,0.0363636363636363,0.4939508656109888,0.4939508656109888,0.0,0.490026911341797,0.995049504950495,0.998955633289024,0.0,1.0,0.6696558510619386,0.6731569107691757
812,0.4,0.5555555555555556,0.0363636363636363,0.4939502258396955,0.4939502258396955,1.0,0.5010692709135843,0.9983498349834984,0.9992072232722878,0.0,1.0,0.6700423504974486,0.6728291363444439
813,0.5,0.4814814814814815,0.1818181818181818,0.4885351060445032,0.4885351060445032,0.0,0.4654052878369316,0.9966996699669968,0.9210632064764368,0.0,1.0,0.8386297885456814,0.9987137475936588
814,0.4,0.7407407407407407,0.3818181818181818,0.506073674742191,0.506073674742191,0.3333333333333333,0.4705995430827761,0.9966996699669968,0.9999069081611386,0.0049504950495049,0.9933993399339934,0.6674045146140716,0.667629470504061
815,0.7,0.925925925925926,0.1272727272727272,0.4885351060445032,0.4885351060445032,1.0,0.587619230060291,0.9983498349834984,0.9270882742480762,0.0033003300330033,1.0,0.5564686398087876,0.7823567408474934
816,0.6,0.7407407407407407,0.3454545454545454,0.5060727997690511,0.5060727997690511,0.0,0.4414671578768617,0.9966996699669968,0.9998270334928612,0.0,1.0,0.66754688907444,0.6680678050476766
817,0.6,0.8148148148148149,0.8545454545454545,0.5060774444090557,0.5060774444090557,0.5,0.3919251324138418,0.9966996699669968,0.9999977509494582,0.0016501650165016,0.9966996699669968,0.6666828799888234,0.6666878283445626
818,0.7,0.7407407407407407,0.3818181818181818,0.5060742679542437,0.5060742679542437,0.3333333333333333,0.4459305404232689,0.9966996699669968,0.999907415108613,0.0082508250825082,0.9966996699669968,0.6672675164092279,0.6675729105989271
819,0.4,0.7037037037037037,0.9636363636363636,0.4939225407161175,0.4939225407161175,0.0,0.3757214075530499,0.9966996699669968,0.999997441802698,0.0,0.9966996699669968,0.6666765209208341,0.6666836606408516
820,0.7,0.8518518518518519,1.0,0.5060775222450096,0.5060775222450096,1.0,0.5324429292631738,0.9983498349834984,0.9999990578191856,0.0,1.0,0.6666666275993729,0.6666697830270378
821,0.5,1.0,0.0727272727272727,0.4939496091141822,0.4939496091141822,1.0,0.5567756436529192,0.9983498349834984,0.9993334690545236,0.0,1.0,0.6701185127970104,0.6724337784021857
822,0.4,0.5925925925925926,0.1818181818181818,0.5047066781232445,0.5047066781232445,0.0,0.4192677943621794,0.9933993399339934,0.9950941679690464,0.0,0.9884488448844884,0.7056170205994928,0.7165325836410361
823,0.5,0.925925925925926,0.8545454545454545,0.4939225886714694,0.4939225886714694,1.0,0.5349711410842217,0.9983498349834984,0.9999949923123974,0.0016501650165016,1.0,0.6666816914879459,0.6666962604940397
824,0.4,0.6296296296296297,0.0727272727272727,0.5060537575119877,0.5060537575119877,0.0,0.3558483191830354,0.995049504950495,0.9993534530267524,0.0,0.9983498349834984,0.6706645995517,0.6720296020250925
825,0.6,0.8888888888888888,0.2363636363636363,0.5058035811057396,0.5058035811057396,0.0,0.4405480086152401,0.9966996699669968,0.9963499694028228,0.0,1.0,0.6872889243218503,0.6967885316711662
826,0.4,0.3703703703703703,0.109090909090909,0.5067901850522237,0.5067901850522237,0.0,0.4755898910058946,0.9933993399339934,0.985698131629571,0.0,0.9966996699669968,0.7210618316059032,0.7669634111965121
827,0.6,0.6296296296296297,0.9454545454545454,0.5060775133487492,0.5060775133487492,0.0,0.4774476086019764,0.995049504950495,0.9999986480264332,0.0,1.0,0.6666683107665332,0.6666716036133594
828,0.5,0.7777777777777778,0.5454545454545454,0.4939233291883009,0.4939233291883009,0.0,0.4827625215593148,0.9966996699669968,0.9999731558728674,0.0,1.0,0.6668039937318176,0.6668870212993255
829,0.4,0.5185185185185186,0.8909090909090909,0.5060775074791185,0.5060775074791185,0.0,0.4480080540303337,0.995049504950495,0.9999986189694752,0.0,0.9966996699669968,0.6666694610755216,0.6666734405942911
830,0.2,0.1111111111111111,0.0727272727272727,0.5059679268912984,0.5059679268912984,0.0,0.406780970470542,0.9884488448844884,0.996247400402972,0.0,0.9966996699669968,0.6778385592724369,0.6860425227470959
831,0.6,0.8518518518518519,0.2181818181818181,0.5014400762256424,0.5014400762256424,1.0,0.5233840757392857,0.9983498349834984,0.9892901085897796,0.0,1.0,0.7042416617154623,0.7482194680972374
832,0.6,0.5555555555555556,0.1272727272727272,0.49394253897697,0.49394253897697,0.5,0.4647699613818771,0.9966996699669968,0.9995765883387484,0.0016501650165016,0.9966996699669968,0.6699683110301835,0.6710191591966715
833,0.4,0.7037037037037037,0.2181818181818181,0.4885351115159988,0.4885351115159988,0.0,0.4934456116106869,0.9966996699669968,0.9609801622302324,0.0,1.0,0.8221629219208029,0.989258691640895
834,0.4,0.3333333333333333,0.109090909090909,0.5060378730394914,0.5060378730394914,0.3333333333333333,0.4401244018850029,0.9966996699669968,0.9993712910767096,0.0016501650165016,0.9933993399339934,0.6729974985885729,0.6748412681598577
835,0.5,0.5925925925925926,0.5818181818181818,0.4939230995342151,0.4939230995342151,0.3333333333333333,0.4960034842184906,0.9966996699669968,0.9999867658529632,0.0099009900990099,0.9933993399339934,0.6667877394722936,0.6668209392611445
836,0.4,0.6296296296296297,0.6181818181818182,0.50607713702093,0.50607713702093,0.0,0.457668699886231,0.995049504950495,0.9999831907658971,0.0,1.0,0.6667357810853352,0.6667908183459412
837,0.6,0.4444444444444444,0.2545454545454545,0.5060664190172672,0.5060664190172672,1.0,0.5027260841905599,0.9983498349834984,0.9996408277961548,0.0,1.0,0.668571649494262,0.6696000426833522
838,0.6,0.5925925925925926,0.3818181818181818,0.493926216628644,0.493926216628644,1.0,0.5458001379154853,0.9983498349834984,0.99987875413062,0.0,1.0,0.6671951640843046,0.6676416365816509
839,0.6,0.5925925925925926,0.3818181818181818,0.4939264719205766,0.4939264719205766,0.5,0.558823602550627,0.9983498349834984,0.9999065273251576,0.0049504950495049,0.9983498349834984,0.6673968128117593,0.667627329429172
840,0.7,0.7407407407407407,0.109090909090909,0.493963335746336,0.493963335746336,1.0,0.5619804874636597,0.9983498349834984,0.9993629982575352,0.0066006600660066,1.0,0.6728637234984659,0.6743388798225998
841,0.7,0.5555555555555556,0.1272727272727272,0.5114648939554968,0.5114648939554968,1.0,0.5673551471705489,0.9983498349834984,0.9070634967565168,0.0,1.0,0.6895099826941816,0.9691927748714432
842,0.4,0.5555555555555556,0.9818181818181818,0.4939225049829197,0.4939225049829197,0.0,0.4993976515762204,0.9966996699669968,0.9999976625213128,0.0,1.0,0.6666685865145533,0.6666749600847839
843,0.4,0.5185185185185186,0.8909090909090909,0.5060775077012183,0.5060775077012183,0.0,0.4409920928218408,0.9917491749174916,0.9999986333534364,0.0,0.9966996699669968,0.6666695834775787,0.6666731691075254
844,0.5,0.5185185185185186,0.4545454545454545,0.5060755305029202,0.5060755305029202,0.0,0.4592434252157864,0.9933993399339934,0.9999237674462133,0.0,1.0,0.6670528069736233,0.6672396744634205
845,0.4,0.8888888888888888,0.1818181818181818,0.4885351060445032,0.4885351060445032,0.3333333333333333,0.4796222946938095,0.9966996699669968,0.9493375392919718,0.0016501650165016,0.995049504950495,0.8944750762863953,0.9998965911631568
846,0.1,0.0,0.5454545454545454,0.4939238985278165,0.4939238985278165,0.0,0.4307797445841198,0.9851485148514852,0.9999255471794676,0.0,0.9917491749174916,0.666828635162083,0.6670292233911292
847,0.6,0.7037037037037037,0.9454545454545454,0.5060774920293509,0.5060774920293509,0.5,0.5001818018041535,0.9983498349834984,0.9999986349689448,0.0,0.9983498349834984,0.6666731734281123,0.6666766926608698
848,0.4,0.4444444444444444,0.2545454545454545,0.5060657250152665,0.5060657250152665,0.0,0.4585087919724345,0.9966996699669968,0.9996022138767532,0.0,0.9983498349834984,0.6687349575902127,0.6699041508021896
849,0.4,0.6296296296296297,0.6181818181818182,0.5060770396206685,0.5060770396206685,0.5,0.5546102990429714,0.9983498349834984,0.9999836210952968,0.0,0.9983498349834984,0.6667559989860616,0.6668242714833704
850,0.3,0.5925925925925926,0.6727272727272727,0.4939228218439624,0.4939228218439624,0.0,0.4695809787845911,0.995049504950495,0.999987470952801,0.0,0.995049504950495,0.6667244626300761,0.6667554096284937
851,0.5,0.7037037037037037,0.6181818181818182,0.4939229677002457,0.4939229677002457,0.5,0.4849608219678748,0.9966996699669968,0.9999805810140624,0.0,0.9983498349834984,0.666729231021139,0.666793869886575
852,0.7,1.0,0.6181818181818182,0.4939231803562905,0.4939231803562905,0.3333333333333333,0.467033191989476,0.995049504950495,0.9999758900930578,0.0049504950495049,0.9983498349834984,0.6667994339436877,0.6668483396902376
853,0.3,0.5555555555555556,0.9636363636363636,0.5060774688492975,0.5060774688492975,0.5,0.4672924847973519,0.995049504950495,0.9999984582439984,0.0016501650165016,0.9933993399339934,0.6666777374300636,0.6666820334722048
854,0.3,0.1111111111111111,0.0727272727272727,0.5059193552920163,0.5059193552920163,1.0,0.528806817603412,0.9983498349834984,0.9972563410395244,0.0,1.0,0.6816352439874311,0.693079350038505
855,0.5,0.4814814814814815,0.1818181818181818,0.4885351060445112,0.4885351060445112,1.0,0.5087809466885065,0.9983498349834984,0.9508040255640038,0.0,1.0,0.9087111565840214,0.9996774619165828
856,0.4,0.7407407407407407,0.1636363636363636,0.4939397295157262,0.4939397295157262,0.3333333333333333,0.4304271391415076,0.995049504950495,0.9995550795492272,0.0033003300330033,0.9917491749174916,0.6693137621752302,0.6704770415179583
857,0.3,0.5925925925925926,0.8909090909090909,0.4939225011202537,0.4939225011202537,1.0,0.5317192400256573,0.9983498349834984,0.9999981762685658,0.0,1.0,0.6666691063623983,0.6666745167811876
858,0.2,0.1111111111111111,0.0727272727272727,0.5059858083192188,0.5059858083192188,0.0,0.4603780471688283,0.9917491749174916,0.9979616157166408,0.0,0.9966996699669968,0.6776603420259324,0.6837476453114137
859,0.5,0.7037037037037037,0.3090909090909091,0.4939283230152722,0.4939283230152722,1.0,0.5104084601084325,0.9983498349834984,0.999820347947242,0.0033003300330033,1.0,0.6676743971302554,0.6680958409300826
860,0.8,0.8148148148148149,0.0727272727272727,0.4939992708824308,0.4939992708824308,1.0,0.5906318874846743,0.9983498349834984,0.998487800841423,0.0066006600660066,1.0,0.6747633713440919,0.679471606332954
861,0.5,0.3703703703703703,0.109090909090909,0.5070158045547486,0.5070158045547486,0.6666666666666666,0.6045560227189509,0.9983498349834984,0.9916677796726088,0.0132013201320132,0.9966996699669968,0.7345234484202606,0.7617528630015559
862,0.5,0.5925925925925926,0.2363636363636363,0.5053456770706272,0.5053456770706272,0.25,0.5022630908744596,0.9983498349834984,0.9950150433138588,0.0049504950495049,0.9966996699669968,0.6985535602420914,0.7073110062056328
863,0.3,0.4444444444444444,0.9454545454545454,0.4939225251869579,0.4939225251869579,0.3333333333333333,0.4686287981632845,0.9966996699669968,0.9999983115478874,0.0033003300330033,0.9917491749174916,0.666674703024053,0.6666798655232536
864,0.5,0.0,0.5454545454545454,0.4939236756009393,0.4939236756009393,0.5,0.5364343174661053,0.9983498349834984,0.9999600963169372,0.0,0.9983498349834984,0.6668637037478675,0.666964017948891
865,0.6,1.0,0.3818181818181818,0.5060725930836769,0.5060725930836769,0.0,0.4789869469853566,0.9966996699669968,0.9998186594610426,0.0,1.0,0.6675561233632352,0.6680346780795025
866,0.5,0.7407407407407407,0.1636363636363636,0.4939391751569617,0.4939391751569617,0.0,0.4144828434912708,0.995049504950495,0.9995251518528976,0.0033003300330033,0.9933993399339934,0.6693831379501278,0.6703790776186306
867,0.4,0.4074074074074074,0.1818181818181818,0.4941676420364043,0.4941676420364043,0.0,0.4638464446665917,0.9933993399339934,0.9958505402032024,0.0,1.0,0.6804733034456906,0.6939394231046863
868,0.6,0.5925925925925926,0.2727272727272727,0.5060695563455104,0.5060695563455104,0.0,0.4646261902839366,0.995049504950495,0.9997887941147744,0.0,1.0,0.6681353116482563,0.6687123237404298
869,0.4,0.6296296296296297,0.1636363636363636,0.5114648939553924,0.5114648939553924,0.0,0.4748915145092769,0.9933993399339934,0.9118194072204384,0.0,0.9983498349834984,0.7960060512654223,0.9984841201957556
870,0.5,0.925925925925926,0.7090909090909091,0.5060771272674536,0.5060771272674536,0.0,0.4530320844971859,0.9966996699669968,0.999988635599478,0.0016501650165016,0.9966996699669968,0.6667430520105992,0.6667830661218318
871,0.4,0.6666666666666667,0.0727272727272727,0.4939490668995452,0.4939490668995452,1.0,0.5254043282306684,0.9983498349834984,0.999160454295408,0.0,1.0,0.67011045114968,0.6727424585110138
872,0.8,0.925925925925926,1.0,0.5060775161525819,0.5060775161525819,0.5,0.4528216043543798,0.9966996699669968,0.9999993008023482,0.0066006600660066,0.9966996699669968,0.6666683696980199,0.6666693892306719
873,0.5,0.5925925925925926,0.4727272727272727,0.506074476414399,0.506074476414399,0.0,0.3781652040913836,0.9933993399339934,0.9998929609611528,0.0,0.9983498349834984,0.6672586794227967,0.6675012960858595
874,0.7,0.7407407407407407,0.109090909090909,0.4939595159960432,0.4939595159960432,1.0,0.507251936854062,0.9983498349834984,0.9989923542848748,0.0,1.0,0.671541798838526,0.6742301005687763
875,0.7,0.5555555555555556,0.9636363636363636,0.506077460508157,0.506077460508157,1.0,0.5555355085259732,0.9983498349834984,0.9999978521678368,0.0099009900990099,1.0,0.666679002134449,0.666685081829357
876,0.4,0.6296296296296297,0.0727272727272727,0.5060458275222656,0.5060458275222656,1.0,0.5143553450356999,0.9983498349834984,0.9991356209531648,0.0,1.0,0.6717247979668012,0.6739107219508195
877,0.6,0.6296296296296297,0.6181818181818182,0.5060770276912687,0.5060770276912687,0.5,0.4881691268315014,0.9966996699669968,0.999985554643163,0.0,1.0,0.6667644496827483,0.6667981234997141
878,0.3,0.1111111111111111,0.0727272727272727,0.5059587559405958,0.5059587559405958,0.3333333333333333,0.4954917240608215,0.9966996699669968,0.9976187771243183,0.0033003300330033,0.995049504950495,0.6801689370661912,0.6845045327924569
879,0.5,0.0,0.5454545454545454,0.4939237203867048,0.4939237203867048,0.3333333333333333,0.4531640835584678,0.9966996699669968,0.9999598675544016,0.0016501650165016,0.995049504950495,0.6668862282975153,0.6669835245989217
880,0.4,0.7037037037037037,0.6181818181818182,0.4939229369014806,0.4939229369014806,1.0,0.5179303074997598,0.9983498349834984,0.999980122372074,0.0,1.0,0.6667223352698881,0.6667906281694432
881,0.4,0.2962962962962963,0.1818181818181818,0.4885351060445032,0.4885351060445032,0.0,0.4582399642938974,0.9933993399339934,0.9390868695426804,0.0016501650165016,0.9917491749174916,0.7264550775563685,0.9181856898250036
882,0.5,0.7037037037037037,0.2,0.4939364257857489,0.4939364257857489,0.5,0.5188487881320532,0.9983498349834984,0.9995999562686936,0.0033003300330033,0.9983498349834984,0.6685556817094944,0.669900205406353
883,0.2,0.7037037037037037,0.2727272727272727,0.5060724270997818,0.5060724270997818,0.5,0.4926015827912122,0.9966996699669968,0.9998266838408786,0.0,0.9983498349834984,0.6675881522214117,0.668255870166677
884,0.7,0.8888888888888888,0.1272727272727272,0.4916445185532114,0.4916445185532114,0.75,0.5136794719909201,0.9983498349834984,0.9899035780871592,0.0066006600660066,0.9983498349834984,0.7435043115442443,0.7680020826776102
885,0.6,0.6296296296296297,0.9818181818181818,0.5060775176501036,0.5060775176501036,0.25,0.3983176538483968,0.9966996699669968,0.9999993508628868,0.0016501650165016,0.9966996699669968,0.6666679558899292,0.6666693859202365
886,0.7,0.8148148148148149,0.1272727272727272,0.5114310736396297,0.5114310736396297,0.75,0.4992497188376164,0.9966996699669968,0.990138647300706,0.0066006600660066,0.9966996699669968,0.7700783224911888,0.8137139241762624
887,0.4,0.2962962962962963,0.8363636363636363,0.4939226238440517,0.4939226238440517,0.0,0.493980983488072,0.995049504950495,0.9999952409106364,0.0,0.9966996699669968,0.6666937985423399,0.6667038408536011
888,0.7,0.8888888888888888,0.1818181818181818,0.5114648939554968,0.5114648939554968,1.0,0.5399710894208611,0.9983498349834984,0.9479332866018098,0.0033003300330033,1.0,0.9083578605187316,0.999936773219992
889,0.5,0.2962962962962963,0.4727272727272727,0.49392447109153,0.49392447109153,0.0,0.4386162973576469,0.9933993399339934,0.9999242887037983,0.0,0.9983498349834984,0.6669837115548605,0.6672014427320535
890,0.6,0.5925925925925926,0.8909090909090909,0.4939224961714925,0.4939224961714925,1.0,0.5258943813917908,0.9983498349834984,0.9999985162686936,0.0,1.0,0.6666670071924146,0.6666730604556417
891,0.6,0.6296296296296297,0.9818181818181818,0.5060775250140302,0.5060775250140302,1.0,0.5384176457559872,0.9983498349834984,0.9999995164141148,0.0,1.0,0.6666661982898413,0.6666677439912819
892,0.6,0.6296296296296297,0.7818181818181819,0.5060773808423675,0.5060773808423675,1.0,0.5213117115036057,0.9983498349834984,0.9999935769339576,0.0,1.0,0.6666930581838739,0.6667177392723246
893,0.7,0.962962962962963,0.2,0.4885351060445032,0.4885351060445032,0.75,0.5360307274965079,0.9983498349834984,0.9224941319184056,0.0033003300330033,0.9983498349834984,0.6899737698129014,0.8570790058109385
894,0.7,0.8148148148148149,0.0727272727272727,0.4940054325743791,0.4940054325743791,0.0,0.4881976510968284,0.9966996699669968,0.9974922109573062,0.0,1.0,0.6722354595717628,0.6814414596047822
895,0.5,0.8148148148148149,0.6363636363636364,0.506077101673727,0.506077101673727,0.0,0.4901048009047333,0.9966996699669968,0.9999839283656464,0.0,1.0,0.666748705588156,0.6667856376942289
896,0.5,0.4444444444444444,0.9454545454545454,0.4939225172583411,0.4939225172583411,0.0,0.4319262681160328,0.995049504950495,0.9999976585441172,0.0,1.0,0.6666720106130777,0.6666785586824587
897,0.2,0.4444444444444444,0.0909090909090909,0.4885437932261819,0.4885437932261819,0.75,0.5033032733265623,0.9983498349834984,0.9867183261755742,0.0049504950495049,0.9966996699669968,0.7885190204669958,0.8479554761505539
898,0.4,0.8148148148148149,0.2,0.4948818769890111,0.4948818769890111,0.3333333333333333,0.4846481265987318,0.995049504950495,0.9939565406537512,0.0016501650165016,1.0,0.6967699090566282,0.7112919692106761
899,0.5,0.5925925925925926,0.8909090909090909,0.4939225001378908,0.4939225001378908,1.0,0.5148385443069408,0.9983498349834984,0.9999982738716642,0.0016501650165016,1.0,0.6666688990084599,0.6666740278266527
900,0.3,0.4814814814814815,0.1818181818181818,0.4885351060445032,0.4885351060445032,0.0,0.4776488405035032,0.9966996699669968,0.9281352935474282,0.0,1.0,0.8694663063068633,0.9990252493284886
901,0.4,0.5555555555555556,0.8363636363636363,0.4939225954325135,0.4939225954325135,0.6666666666666666,0.4589297064456386,0.995049504950495,0.9999961480494473,0.0049504950495049,0.9966996699669968,0.6666892239661676,0.6666974648117036
902,0.3,0.1111111111111111,0.0727272727272727,0.5060040190120622,0.5060040190120622,0.0,0.4448175988809422,0.9917491749174916,0.9978998845636562,0.0,0.9966996699669968,0.675605426660432,0.6818855176860312
903,0.6,0.5185185185185186,0.3272727272727272,0.5060726351929978,0.5060726351929978,1.0,0.5061669421397779,0.9983498349834984,0.9998659898792006,0.0016501650165016,1.0,0.6675493997425194,0.6680741392556717
904,0.5,0.3703703703703703,0.109090909090909,0.5026489769070558,0.5026489769070558,0.6666666666666666,0.5537259610310712,0.9983498349834984,0.9938710933009184,0.0033003300330033,0.9966996699669968,0.7293529472500123,0.747235387103141
905,0.4,0.4074074074074074,0.1454545454545454,0.4885914785444915,0.4885914785444915,0.0,0.4598729479108929,0.9933993399339934,0.9779271421198852,0.0,1.0,0.7696162314950697,0.8403323605553298
906,0.5,1.0,0.4727272727272727,0.5060753662189106,0.5060753662189106,0.0,0.4869398553108974,0.9966996699669968,0.9999447889140202,0.0,0.9983498349834984,0.6670832850208032,0.6672574197070377
907,0.7,0.962962962962963,0.6181818181818182,0.5060766984608267,0.5060766984608267,1.0,0.5143553585201446,0.9983498349834984,0.9999710857853992,0.0016501650165016,1.0,0.6668204520834081,0.6669079250076881
908,0.5,0.962962962962963,0.9818181818181818,0.4939225556227675,0.4939225556227675,0.3333333333333333,0.4962696435908941,0.9966996699669968,0.9999970591438598,0.0016501650165016,0.9983498349834984,0.6666786282960583,0.6666873230112439
909,0.8,0.4814814814814815,0.5272727272727272,0.4939236029894098,0.4939236029894098,1.0,0.5822547133915905,0.9983498349834984,0.9999684775981864,0.0033003300330033,1.0,0.6668657822381386,0.6669554991999391
910,0.5,0.8148148148148149,0.8545454545454545,0.5060774428859859,0.5060774428859859,0.5,0.3576475190576055,0.9966996699669968,0.9999973964629622,0.0049504950495049,0.995049504950495,0.6666829025861578,0.6666896455224264
911,0.7,0.7037037037037037,0.2545454545454545,0.4943411818881982,0.4943411818881982,0.3333333333333333,0.5603283855421446,0.9983498349834984,0.9962389571573796,0.0066006600660066,0.9966996699669968,0.6865621363290281,0.7003404186692682
912,0.3,0.2962962962962963,0.1818181818181818,0.4885351060445032,0.4885351060445032,0.0,0.4813670866616393,0.995049504950495,0.9212650601518249,0.0,1.0,0.7292304948622516,0.9738776864623314
913,0.4,0.962962962962963,0.2,0.5047157395817446,0.5047157395817446,0.0,0.4728350423051696,0.9884488448844884,0.9917346179233234,0.0,1.0,0.7016958166880229,0.7271773074783071
914,0.3,0.8518518518518519,0.2181818181818181,0.5033483982752278,0.5033483982752278,0.0,0.4696562754651966,0.9966996699669968,0.992801591893473,0.0,0.9933993399339934,0.7252733451681458,0.7501504516074949
915,0.6,0.4444444444444444,0.2545454545454545,0.5060650444971917,0.5060650444971917,0.25,0.4054330283027026,0.9933993399339934,0.9995793674667428,0.0016501650165016,0.995049504950495,0.6688675251919192,0.6698098193183272
916,0.5,0.7407407407407407,0.7636363636363637,0.5060773133591272,0.5060773133591272,1.0,0.5570810383910137,0.9983498349834984,0.999992752798622,0.0016501650165016,1.0,0.6667066851732066,0.6667320773691376
917,0.2,0.8518518518518519,0.2181818181818181,0.5047804992092085,0.5047804992092085,0.0,0.4521845412967136,0.9933993399339934,0.9833703341460116,0.0,1.0,0.7056404658617758,0.7587252746777293
918,0.8,0.7037037037037037,0.9454545454545454,0.5060774972790719,0.5060774972790719,1.0,0.5527038395452482,0.9983498349834984,0.999998493733352,0.0099009900990099,1.0,0.6666719597130583,0.666674478967557
919,0.3,0.5185185185185186,0.8909090909090909,0.506077503197996,0.506077503197996,0.0,0.4783564332402583,0.9966996699669968,0.9999989103578144,0.0,1.0,0.6666706813434071,0.6666742421465267
920,0.6,0.7037037037037037,0.2545454545454545,0.4943186986195993,0.4943186986195993,1.0,0.5030025242960379,0.9983498349834984,0.9954691783330442,0.0,1.0,0.6851128519012756,0.699966274396314
921,0.6,0.6666666666666667,0.2,0.5114648913777844,0.5114648913777844,0.0,0.457989573253602,0.995049504950495,0.9494226923728624,0.0,1.0,0.7548987884131669,0.940871510462786
922,0.6,0.7037037037037037,0.2,0.4939345634191048,0.4939345634191048,0.5,0.4506231091461202,0.9966996699669968,0.9995953386546216,0.0033003300330033,0.9966996699669968,0.6683713425288319,0.6694673787501373
923,0.4,0.6296296296296297,0.9454545454545454,0.5060775118418365,0.5060775118418365,0.3333333333333333,0.5355988180808053,0.9983498349834984,0.9999993623311828,0.0033003300330033,0.9933993399339934,0.6666691640794914,0.666670646428335
924,0.4,0.6296296296296297,0.6181818181818182,0.5060770970198678,0.5060770970198678,0.0,0.425653262078452,0.9933993399339934,0.9999833264147948,0.0,1.0,0.666746978357345,0.6667959535491866
925,0.3,0.8148148148148149,0.7272727272727273,0.4939226956488716,0.4939226956488716,1.0,0.5266446672164313,0.9983498349834984,0.9999923587459923,0.0,1.0,0.6666959165842014,0.6667247751101246
926,0.6,0.7777777777777778,0.509090909090909,0.5060758145689386,0.5060758145689386,0.0,0.4557522004326557,0.9966996699669968,0.9999535644613988,0.0,1.0,0.6669834215772515,0.6671537723371668
927,0.5,1.0,0.2363636363636363,0.4979312740913144,0.4979312740913144,1.0,0.5544150947528264,0.9983498349834984,0.9917532350741942,0.0016501650165016,1.0,0.7094326016428937,0.7326009083152626
928,0.4,0.6296296296296297,0.0909090909090909,0.4996831726525345,0.4996831726525345,0.0,0.4807053739139976,0.9933993399339934,0.9862333501476738,0.0,1.0,0.7201958047675128,0.7614433468158479
929,0.6,0.7037037037037037,0.6909090909090909,0.4939227644306643,0.4939227644306643,1.0,0.5345883723867206,0.9983498349834984,0.999988953124306,0.0016501650165016,1.0,0.6667117927006484,0.6667408275681072
930,0.5,0.6666666666666667,0.8363636363636363,0.4939225739830015,0.4939225739830015,0.0,0.4703429900894491,0.9966996699669968,0.999995254479836,0.0,1.0,0.6666797970175355,0.6666931297149277
931,0.7,0.925925925925926,0.2181818181818181,0.5114636667202609,0.5114636667202609,0.6666666666666666,0.5833384196056794,0.9983498349834984,0.982558029881314,0.0033003300330033,0.9983498349834984,0.7921569294047627,0.8505653855698283
932,0.4,0.8148148148148149,0.8545454545454545,0.5060774494364064,0.5060774494364064,0.0,0.4649090446763537,0.9966996699669968,0.999997764490742,0.0,1.0,0.6666808520742258,0.6666870443312749
933,0.7,0.962962962962963,0.2727272727272727,0.5060672472160318,0.5060672472160318,1.0,0.5355440803115072,0.9983498349834984,0.9997606783208748,0.0016501650165016,0.9983498349834984,0.6685762633509336,0.6692810932393886
934,0.3,0.4444444444444444,0.9454545454545454,0.4939225253590737,0.4939225253590737,0.3333333333333333,0.4883975413933225,0.9966996699669968,0.9999982439165006,0.0,0.995049504950495,0.6666743498586453,0.6666796997856272
935,0.5,0.6296296296296297,0.9818181818181818,0.5060775224391834,0.5060775224391834,0.6666666666666666,0.5210060602062465,0.9983498349834984,0.9999994070285394,0.0066006600660066,0.9983498349834984,0.6666669343102783,0.666668348401235
936,0.5,0.7407407407407407,0.3272727272727272,0.493927310766503,0.493927310766503,0.3333333333333333,0.4537530570146859,0.995049504950495,0.9998640625022523,0.0016501650165016,0.995049504950495,0.6675295138074189,0.6678763348905431
937,0.8,0.7407407407407407,0.3454545454545454,0.5060731575847655,0.5060731575847655,0.6,0.517210731816006,0.9983498349834984,0.9999075705916546,0.0115511551155115,0.9966996699669968,0.6675222857530129,0.6677404573248086
938,0.5,0.7037037037037037,0.2181818181818181,0.4885351063659103,0.4885351063659103,0.75,0.4921371810730711,0.9966996699669968,0.9724016833373772,0.0066006600660066,0.9983498349834984,0.8528602223909609,0.9380488373261516
939,0.3,0.0,0.5454545454545454,0.4939240869976543,0.4939240869976543,1.0,0.5065532752826212,0.9983498349834984,0.9999426474103854,0.0,1.0,0.6669088721388537,0.6670648997556536
940,0.4,0.5555555555555556,0.9636363636363636,0.5060774496660301,0.5060774496660301,0.0,0.4980279118341555,0.9966996699669968,0.9999972913593234,0.0,0.9983498349834984,0.6666811218796261,0.6666896121685367
941,0.4,0.7037037037037037,0.6363636363636364,0.506076935120555,0.506076935120555,1.0,0.5211355294213943,0.9983498349834984,0.9999777037137944,0.0,1.0,0.6667770129868885,0.6668647938624324
942,0.7,0.8148148148148149,0.1272727272727272,0.5112666307808995,0.5112666307808995,1.0,0.5360234460091545,0.9983498349834984,0.982321216181454,0.0,1.0,0.7451193431494336,0.8050638884110826
943,0.4,0.8888888888888888,0.9818181818181818,0.5060774463907529,0.5060774463907529,1.0,0.5063919416190605,0.9983498349834984,0.999996208154322,0.0,1.0,0.6666808317683888,0.666690889515061
944,0.5,0.5925925925925926,0.4727272727272727,0.5060746843224995,0.5060746843224995,1.0,0.5528252610985934,0.9983498349834984,0.9999319034305588,0.0016501650165016,1.0,0.6672065894519311,0.6674437446467718
945,0.2,0.0,0.5454545454545454,0.4939238221231168,0.4939238221231168,0.25,0.3791684421784275,0.9933993399339934,0.999943761182894,0.0016501650165016,0.9884488448844884,0.666930924637963,0.6669972312135574
946,0.3,0.962962962962963,0.4363636363636363,0.4939257515255013,0.4939257515255013,0.0,0.4639273163466092,0.9966996699669968,0.999890397929026,0.0,0.9966996699669968,0.667182280262204,0.6674962615017647
947,0.5,0.5555555555555556,0.1454545454545454,0.505895094914236,0.505895094914236,0.5,0.4903772285460329,0.9966996699669968,0.997296594632406,0.0,0.9983498349834984,0.6834890330438306,0.691124275511418
948,0.6,0.925925925925926,0.8545454545454545,0.5060774064967752,0.5060774064967752,1.0,0.5082303744251653,0.9983498349834984,0.999994832307391,0.0,1.0,0.6666888917844785,0.6667038015379677
949,0.4,0.3333333333333333,0.109090909090909,0.5060383661946419,0.5060383661946419,0.0,0.4697914561398337,0.9933993399339934,0.9988141195421396,0.0,0.9983498349834984,0.6723177051094954,0.6767894181111592
950,0.6,0.0,0.5454545454545454,0.4939241935152597,0.4939241935152597,0.0,0.4995682234588353,0.9966996699669968,0.9999382183123354,0.0,1.0,0.6669464435294808,0.667115521575311
951,0.5,0.8888888888888888,0.509090909090909,0.4939242172526179,0.4939242172526179,1.0,0.5140026236788617,0.9983498349834984,0.9999360508223856,0.0,1.0,0.6669527816819834,0.6671185473803959
952,0.6,0.6296296296296297,0.0727272727272727,0.5060483687642017,0.5060483687642017,0.6,0.3578185027306579,0.995049504950495,0.9995137020330144,0.0066006600660066,0.995049504950495,0.6715063059813949,0.6725559425191365
953,0.2,0.4814814814814815,0.1818181818181818,0.4885351196300032,0.4885351196300032,0.0,0.4104929145839157,0.9933993399339934,0.9548656321921548,0.0,0.9983498349834984,0.8101951404137918,0.979985349523674
954,0.5,0.5555555555555556,0.0363636363636363,0.4939525997841906,0.4939525997841906,1.0,0.5241903952832212,0.9983498349834984,0.9987963466542608,0.0,1.0,0.6691470883465634,0.6733888696833489
955,0.4,1.0,0.2,0.5060639255930682,0.5060639255930682,0.0,0.4759146910900955,0.995049504950495,0.999545433460957,0.0,0.9983498349834984,0.669046471320085,0.6703286844873817
956,0.4,0.7037037037037037,0.109090909090909,0.5060536789662925,0.5060536789662925,0.0,0.4158249535671928,0.995049504950495,0.9994982024505658,0.0,0.995049504950495,0.6706852584012482,0.6719121983581722
957,0.2,0.4074074074074074,0.1454545454545454,0.4887589825971441,0.4887589825971441,0.0,0.4611177022309149,0.995049504950495,0.9797349953133184,0.0,1.0,0.7611118929723827,0.815005745362572
958,0.7,0.7777777777777778,0.7090909090909091,0.5060772857398874,0.5060772857398874,1.0,0.5259378755574755,0.9983498349834984,0.9999916405755624,0.0016501650165016,1.0,0.666712360367983,0.6667426719892758
959,0.5,0.3703703703703703,0.109090909090909,0.5064852746612135,0.5064852746612135,1.0,0.5003262454587283,0.9983498349834984,0.9841831508453004,0.0,1.0,0.7127756828526051,0.7652706204462915
960,0.5,0.6296296296296297,0.6,0.5060767558945041,0.5060767558945041,0.5,0.4912131325925097,0.9966996699669968,0.9999671273177664,0.0016501650165016,1.0,0.6668066899173383,0.6668823107594714
961,0.4,0.1111111111111111,0.0727272727272727,0.5060046503969442,0.5060046503969442,0.0,0.4438997719378001,0.9933993399339934,0.9980037335320352,0.0,0.9966996699669968,0.6760971992757926,0.6829494362302411
962,0.6,0.4074074074074074,0.2545454545454545,0.4939290699754557,0.4939290699754557,0.0,0.4932555971673594,0.995049504950495,0.9996769228307572,0.0,1.0,0.6674836305517601,0.6683255651174601
963,0.5,1.0,0.1636363636363636,0.5114648939554968,0.5114648939554968,0.0,0.4852125051260253,0.9966996699669968,0.9289772546783008,0.0,0.995049504950495,0.7763847519452024,0.9940680815993584
964,0.4,0.8888888888888888,0.1818181818181818,0.4885351060445032,0.4885351060445032,0.6666666666666666,0.4960553932055529,0.9966996699669968,0.9561846598725048,0.0049504950495049,0.9983498349834984,0.932458858225662,0.9988200928884128
965,0.6,0.8888888888888888,0.1272727272727272,0.4919808249876878,0.4919808249876878,1.0,0.5201862076435351,0.9983498349834984,0.9900451671043812,0.0016501650165016,1.0,0.7433091996274643,0.7671471079375378
966,0.4,0.7777777777777778,0.509090909090909,0.5060757647264487,0.5060757647264487,0.2857142857142857,0.4862073138086926,0.995049504950495,0.999963930933958,0.0033003300330033,0.99009900990099,0.6670174509583587,0.6671105190636599
967,0.4,0.2962962962962963,0.1818181818181818,0.4885351060445032,0.4885351060445032,1.0,0.5309492456504707,0.9983498349834984,0.9530461428870324,0.0,1.0,0.8346396189008423,0.9770566657454496
968,0.3,0.4074074074074074,0.1454545454545454,0.4888911232905795,0.4888911232905795,0.1666666666666666,0.3518973649048684,0.99009900990099,0.98660551031934,0.0016501650165016,0.99009900990099,0.7635674647695614,0.7885645391123547
969,0.7,0.8148148148148149,0.1272727272727272,0.5060579305115345,0.5060579305115345,1.0,0.5089236566531021,0.9983498349834984,0.9995110277209333,0.0,1.0,0.6698803620747016,0.6713231232275185
970,0.4,0.7407407407407407,0.1636363636363636,0.4939406044043859,0.4939406044043859,0.5,0.5232060327948016,0.9983498349834984,0.999641553502722,0.0049504950495049,0.99009900990099,0.6697883765626848,0.6706572489859518
971,0.6,0.6296296296296297,0.6,0.5060768612300736,0.5060768612300736,1.0,0.5259129473994484,0.9983498349834984,0.999977949966085,0.0,1.0,0.666794889706017,0.66686570210134
972,0.4,0.5925925925925926,0.2363636363636363,0.5055144101925075,0.5055144101925075,0.25,0.4901558650706261,0.9966996699669968,0.99484938811644,0.0016501650165016,0.9966996699669968,0.6951717089602841,0.7032817432180519
973,0.5,0.5555555555555556,0.1272727272727272,0.4939424186425396,0.4939424186425396,0.0,0.4175304769663575,0.995049504950495,0.9993922348024908,0.0,1.0,0.6695541069905447,0.6712361833485158
974,0.7,0.6296296296296297,0.4181818181818181,0.4939256277610313,0.4939256277610313,1.0,0.5036748138025225,0.9983498349834984,0.9998517004736294,0.0,1.0,0.6670591090094575,0.6675017493689449
975,0.5,0.5555555555555556,0.9636363636363636,0.4939224841330311,0.4939224841330311,1.0,0.5097838052091686,0.9983498349834984,0.9999992919506924,0.0016501650165016,0.9983498349834984,0.6666674175282754,0.6666695268867304
976,0.3,0.2962962962962963,0.8363636363636363,0.4939226364981597,0.4939226364981597,0.3333333333333333,0.4487903264351899,0.9933993399339934,0.99999367376922,0.0016501650165016,0.9983498349834984,0.6666936891237193,0.6667075055698318
977,0.5,0.8888888888888888,0.4909090909090909,0.5060752197843378,0.5060752197843378,0.5,0.5234383994024718,0.9983498349834984,0.9999282705240888,0.0033003300330033,0.9966996699669968,0.6671144556776624,0.6672903929445172
978,0.2,0.3333333333333333,0.109090909090909,0.5060420018829934,0.5060420018829934,0.0,0.4902714369085702,0.9966996699669968,0.999040537414554,0.0,0.9983498349834984,0.6719418609092115,0.6744372320308761
979,0.6,0.5185185185185186,0.4545454545454545,0.506075240603249,0.506075240603249,1.0,0.5299298497911428,0.9983498349834984,0.9999174981208216,0.0,1.0,0.6670907093933591,0.667317430420414
980,0.3,0.4444444444444444,0.2545454545454545,0.5060657477608037,0.5060657477608037,0.5,0.4899705720989503,0.9966996699669968,0.9995246459293884,0.0,0.9983498349834984,0.6686963578592297,0.6700899799186448
981,0.5,0.5555555555555556,0.1272727272727272,0.5114648939554968,0.5114648939554968,0.0,0.4255131136642649,0.995049504950495,0.8944505056278146,0.0,1.0,0.6163217433068051,0.964811270836903
982,0.1,0.0,0.5454545454545454,0.4939238438969001,0.4939238438969001,0.0,0.4066290280622162,0.99009900990099,0.9999382056135452,0.0,0.9867986798679867,0.6668831682732663,0.6669945447694892
983,0.3,0.4444444444444444,0.2181818181818181,0.4968418572397356,0.4968418572397356,0.0,0.4907704858361622,0.9966996699669968,0.9930661728699246,0.0,0.9983498349834984,0.7086679737040469,0.7281469020254288
984,0.4,0.7037037037037037,0.2181818181818181,0.4885365665296731,0.4885365665296731,1.0,0.5229231927537579,0.9983498349834984,0.9678715817396352,0.0,1.0,0.7892669771410424,0.9067558697790534
985,0.4,0.3333333333333333,0.109090909090909,0.5060442999191292,0.5060442999191292,0.0,0.4023757465390747,0.9966996699669968,0.999391851471639,0.0,0.9933993399339934,0.6720055255913163,0.6738525922837806
986,0.2,0.3333333333333333,0.109090909090909,0.5060426476164871,0.5060426476164871,0.2,0.4546829971693201,0.995049504950495,0.999345754273214,0.0016501650165016,0.9884488448844884,0.6722950047809702,0.6741529482572763
987,0.7,0.7407407407407407,0.109090909090909,0.4939613895632281,0.4939613895632281,1.0,0.550684404340354,0.9983498349834984,0.9993021952632408,0.0016501650165016,1.0,0.6717149083979831,0.6746532274363908
988,0.5,0.5185185185185186,0.8909090909090909,0.5060775041274785,0.5060775041274785,1.0,0.5212434316214076,0.9983498349834984,0.9999984330494768,0.0,1.0,0.6666700183546815,0.6666750008114322
989,0.4,0.5925925925925926,0.1818181818181818,0.5047423607749897,0.5047423607749897,0.0,0.4415270074597154,0.99009900990099,0.9930059802035828,0.0,0.9966996699669968,0.7028412641626308,0.7241721333433817
990,0.6,0.8888888888888888,0.1818181818181818,0.5114648939554968,0.5114648939554968,0.75,0.4791023165224428,0.9966996699669968,0.9526899146397728,0.0049504950495049,0.9983498349834984,0.8718603106326128,0.9973589171963332
991,0.6,0.4814814814814815,0.5272727272727272,0.4939234872775015,0.4939234872775015,0.6666666666666666,0.5040830980785486,0.9983498349834984,0.999971997663713,0.0033003300330033,0.9983498349834984,0.6668389574713608,0.6669149307069328
992,0.3,0.3703703703703703,0.109090909090909,0.5047897437858323,0.5047897437858323,0.0,0.4579621205925896,0.9884488448844884,0.9812591320188658,0.0,1.0,0.7102333546797261,0.7631800435403988
993,0.6,0.2962962962962963,0.4727272727272727,0.4939245579899884,0.4939245579899884,0.0,0.4252839901858315,0.995049504950495,0.999952845307614,0.0016501650165016,0.995049504950495,0.6670432504236936,0.6671740132782576
994,0.7,0.7037037037037037,0.2,0.4939356640675579,0.4939356640675579,0.6666666666666666,0.4884892399336589,0.9966996699669968,0.9995803021258054,0.0082508250825082,0.9983498349834984,0.6686776147948901,0.6696698898521148
995,0.2,0.5185185185185186,0.4545454545454545,0.5060756125919389,0.5060756125919389,0.0,0.3526795021382921,0.9933993399339934,0.999941331312208,0.0,0.99009900990099,0.6670514176339247,0.667124584217759
996,0.3,0.0,0.5454545454545454,0.4939237990423686,0.4939237990423686,0.0,0.3521446704424179,0.9917491749174916,0.9999368102724698,0.0,0.9966996699669968,0.6668938887667163,0.6670025431268275
997,0.3,0.6296296296296297,0.4181818181818181,0.493925852437111,0.493925852437111,0.0,0.4802890452348899,0.995049504950495,0.9998726903692824,0.0,1.0,0.6671462229397961,0.6675229792669389
998,0.3,0.4074074074074074,0.1818181818181818,0.4941546539215999,0.4941546539215999,0.3333333333333333,0.4746546995383581,0.9966996699669968,0.9972385864670794,0.0033003300330033,0.9917491749174916,0.6842372926230509,0.6921431324466153
999,0.5,1.0,0.2181818181818181,0.4885358513648693,0.4885358513648693,0.6666666666666666,0.5284731431839453,0.9983498349834984,0.9827501381115844,0.0033003300330033,0.9983498349834984,0.8071708179287013,0.8534432234173466
1000,0.3,0.1111111111111111,0.1818181818181818,0.5060327390369468,0.5060327390369468,0.6666666666666666,0.5366597405418183,0.9983498349834984,0.9990926750345244,0.0033003300330033,0.9966996699669968,0.6734466294408492,0.6758817413853763
1001,0.3,0.5185185185185186,0.3272727272727272,0.5060722693351312,0.5060722693351312,0.0,0.3661916072735122,0.9966996699669968,0.9999058783573814,0.0,0.9966996699669968,0.6676873561919233,0.6679073191152319
1002,0.4,0.1111111111111111,0.1818181818181818,0.5060008635232653,0.5060008635232653,0.0,0.4228885047824012,0.995049504950495,0.9977399241205948,0.0,0.9983498349834984,0.675875216044967,0.68269208148623
1003,0.6,0.0,0.5454545454545454,0.4939241939901064,0.4939241939901064,0.5,0.5227405219128118,0.9983498349834984,0.9999370103770676,0.0,0.9983498349834984,0.6668932269523882,0.6671151431483481
1004,0.5,0.6296296296296297,0.4181818181818181,0.4939257300175218,0.4939257300175218,0.0,0.4796086493432571,0.9966996699669968,0.9998788174805469,0.0,1.0,0.667227368298675,0.667462715998509
1005,0.4,0.5555555555555556,0.4909090909090909,0.5060763304411027,0.5060763304411027,0.0,0.4764767095435031,0.9933993399339934,0.9999555301852028,0.0,1.0,0.6668914181450304,0.6670087706176725
1006,0.8,0.925925925925926,0.2363636363636363,0.5031518355092937,0.5031518355092937,0.6666666666666666,0.5018162471111223,0.9983498349834984,0.9939382177862044,0.0115511551155115,0.9983498349834984,0.7130182683942935,0.7313452610063689
1007,0.6,0.7407407407407407,0.2363636363636363,0.4950607959752049,0.4950607959752049,0.0,0.4730651997448695,0.9966996699669968,0.9924376279500036,0.0,1.0,0.6907124012073036,0.718238514233864
1008,0.5,0.7407407407407407,0.3454545454545454,0.5060736979707481,0.5060736979707481,0.0,0.4989497014171766,0.9966996699669968,0.9998744814951296,0.0,1.0,0.6674029910518356,0.6678391149533892
1009,0.8,1.0,0.1636363636363636,0.5060597094082679,0.5060597094082679,1.0,0.5884451691469323,0.9983498349834984,0.9996461032575878,0.0099009900990099,1.0,0.6697961093949651,0.6708964293343532
1010,0.4,0.3333333333333333,0.109090909090909,0.5060384804898019,0.5060384804898019,0.0,0.4742269293891931,0.9933993399339934,0.9988351799070878,0.0,0.9983498349834984,0.6725694975894438,0.6763176432662689
1011,0.3,0.5555555555555556,0.4909090909090909,0.5060764019552308,0.5060764019552308,0.0,0.4610721988319536,0.9884488448844884,0.9999647897189204,0.0,0.9983498349834984,0.6668825569463046,0.6669760958626209
1012,0.4,0.7407407407407407,0.3818181818181818,0.5060745285713567,0.5060745285713567,0.0,0.4738976065539811,0.9933993399339934,0.9998623628791964,0.0,1.0,0.6672328058709385,0.6676031885548068
1013,0.6,0.925925925925926,0.1272727272727272,0.4885351060445032,0.4885351060445032,1.0,0.5342048604398497,0.9983498349834984,0.9042340212910313,0.0,1.0,0.5237759704429279,0.7888538884081163
1014,0.6,0.5555555555555556,0.1272727272727272,0.5114648939554968,0.5114648939554968,1.0,0.5799039489260505,0.9983498349834984,0.9107239487424592,0.0016501650165016,1.0,0.6797096291647545,0.9831002041186768
1015,0.6,0.5555555555555556,0.1454545454545454,0.5058497415150621,0.5058497415150621,0.0,0.4648018388721744,0.9966996699669968,0.9961166428025776,0.0,0.9983498349834984,0.6841280426469006,0.6969125442084813
1016,0.7,0.4074074074074074,0.2545454545454545,0.4939289648441227,0.4939289648441227,0.75,0.5692275732307164,0.9983498349834984,0.9998664416772344,0.0049504950495049,0.9983498349834984,0.6677472856452176,0.6682252970585228
1017,0.4,0.7407407407407407,0.3272727272727272,0.4939272379801707,0.4939272379801707,0.0,0.444395331301044,0.9933993399339934,0.9998621642145834,0.0,0.995049504950495,0.6675191596683475,0.6678244910220396
1018,0.4,0.4444444444444444,0.2181818181818181,0.4964072499146311,0.4964072499146311,0.3333333333333333,0.4411317130827653,0.9966996699669968,0.9935328733441308,0.0,0.995049504950495,0.7090518162039698,0.7262279478049789
1019,0.6,0.5925925925925926,0.2363636363636363,0.5056681952738995,0.5056681952738995,0.0,0.4689727292454371,0.995049504950495,0.9955606413354156,0.0,1.0,0.6914458019688574,0.7022677444114828
1020,0.5,0.8888888888888888,0.2727272727272727,0.4939320853779562,0.4939320853779562,1.0,0.5192571845430247,0.9983498349834984,0.999777268198136,0.0016501650165016,1.0,0.6682875039472249,0.6690003812202122
1021,0.5,0.7777777777777778,0.6545454545454545,0.4939230270203611,0.4939230270203611,0.0,0.494824298958208,0.995049504950495,0.9999791812598372,0.0,0.9983498349834984,0.6667556888433387,0.6668050850083829
1022,0.3,0.4074074074074074,0.1818181818181818,0.4942213898729324,0.4942213898729324,0.0,0.3962158065105361,0.995049504950495,0.995112512763576,0.0,0.9966996699669968,0.6831105808197999,0.6963911790386266
1023,0.6,0.7037037037037037,0.9454545454545454,0.5060774944612807,0.5060774944612807,1.0,0.510056609007769,0.9983498349834984,0.9999980112864676,0.0,1.0,0.6666717136966701,0.6666781273700686
1024,0.6,0.5185185185185186,0.3272727272727272,0.5060727050820508,0.5060727050820508,1.0,0.5106375706117854,0.9983498349834984,0.9998610316590744,0.0,1.0,0.6675180251915872,0.6680433292535216
1025,0.5,0.6296296296296297,0.0727272727272727,0.5060514710810076,0.5060514710810076,0.0,0.4609906369678136,0.9933993399339934,0.9992695942933192,0.0,1.0,0.670886729866254,0.6732148532568366
1026,0.4,0.2962962962962963,0.1818181818181818,0.4885351060445032,0.4885351060445032,0.5,0.5164527876488451,0.9983498349834984,0.948234658308235,0.0033003300330033,0.9966996699669968,0.9053386254936736,0.998826161306668
1027,0.6,0.8888888888888888,0.2727272727272727,0.4939324435873435,0.4939324435873435,0.5,0.517824094045148,0.9983498349834984,0.9997134534821508,0.0,1.0,0.6682030618018824,0.66907150813016
1028,0.4,0.5925925925925926,0.3818181818181818,0.4939269909728107,0.4939269909728107,0.0,0.4161590005132882,0.9933993399339934,0.9998738113245998,0.0,0.995049504950495,0.6674012282173157,0.6677461300986269
1029,0.7,1.0,0.8,0.5060773505598709,0.5060773505598709,1.0,0.529504555654015,0.9983498349834984,0.9999939993685258,0.0033003300330033,1.0,0.6666997309464129,0.6667171951450588
1030,0.7,0.4444444444444444,0.2181818181818181,0.500375536615272,0.500375536615272,1.0,0.5319586992209445,0.9983498349834984,0.991438826795336,0.0016501650165016,1.0,0.7176189579361741,0.7441471768310147
1031,0.4,0.5555555555555556,0.9818181818181818,0.4939225084895154,0.4939225084895154,0.5,0.4755703399835242,0.9966996699669968,0.9999987160582156,0.0049504950495049,0.995049504950495,0.6666732623676374,0.666674869770898
1032,0.7,0.7407407407407407,0.7636363636363637,0.5060773258084813,0.5060773258084813,0.0,0.495288490210656,0.9966996699669968,0.9999920141835336,0.0,1.0,0.6667034490723485,0.6667234602896084
1033,0.4,1.0,0.3090909090909091,0.5060712209475551,0.5060712209475551,1.0,0.5175679909413589,0.9983498349834984,0.9998195110677576,0.0,1.0,0.6678520772682085,0.6684281892768921
1034,0.3,0.5925925925925926,0.4727272727272727,0.5060745883781341,0.5060745883781341,0.3333333333333333,0.51004391759218,0.9983498349834984,0.9999444022052724,0.0016501650165016,0.995049504950495,0.6672423292095567,0.6674242690394048
1035,0.5,0.8888888888888888,0.9818181818181818,0.5060774440911167,0.5060774440911167,0.0,0.4257306360414862,0.995049504950495,0.9999967865590146,0.0,1.0,0.6666816087946943,0.6666903671182078
1036,0.6,0.1111111111111111,0.1818181818181818,0.5060245790903877,0.5060245790903877,0.5,0.4736352694190047,0.9966996699669968,0.9988725872852016,0.0082508250825082,0.9933993399339934,0.6743320449082892,0.6762342724751739
1037,0.6,0.7777777777777778,0.7090909090909091,0.5060772718857203,0.5060772718857203,0.5,0.4877034811547139,0.9966996699669968,0.9999897960978724,0.0,0.9983498349834984,0.6667155438814942,0.6667355356186246
1038,0.5,0.5555555555555556,0.4909090909090909,0.5060763354116171,0.5060763354116171,0.5,0.4511100769449813,0.995049504950495,0.9999670074706032,0.0033003300330033,0.9933993399339934,0.6669018782970539,0.6669774155650344
1039,0.5,0.4444444444444444,0.2545454545454545,0.5060640592074803,0.5060640592074803,0.0,0.4847635002322501,0.995049504950495,0.9995719478089652,0.0016501650165016,0.9983498349834984,0.6690864089739371,0.6701863033572998
1040,0.7,0.6296296296296297,0.9454545454545454,0.5060775082982117,0.5060775082982117,0.6666666666666666,0.4895502115572068,0.9966996699669968,0.9999990258442362,0.0082508250825082,0.9983498349834984,0.6666696113792865,0.6666725134418958
1041,0.6,0.7037037037037037,0.2,0.4939361544246829,0.4939361544246829,1.0,0.5351977718988639,0.9983498349834984,0.9995221148030076,0.0,1.0,0.6684102276365643,0.6699561354947935
1042,0.3,0.5925925925925926,0.3818181818181818,0.49392698592893,0.49392698592893,0.3333333333333333,0.4566621589590158,0.995049504950495,0.999892978721058,0.0016501650165016,0.995049504950495,0.6675128268226805,0.6677680872407655
1043,0.6,0.962962962962963,0.1272727272727272,0.5060552131550837,0.5060552131550837,1.0,0.5578956459979325,0.9983498349834984,0.9994099749956966,0.0033003300330033,1.0,0.6702040293929853,0.6724037262008395
1044,0.5,0.5555555555555556,0.9636363636363636,0.4939224824794989,0.4939224824794989,1.0,0.5545706483440067,0.9983498349834984,0.999999326210218,0.0,1.0,0.6666672429094586,0.6666690840522708
1045,0.5,0.6296296296296297,0.6181818181818182,0.506077116132247,0.506077116132247,0.0,0.4988230004629208,0.9966996699669968,0.999985323667355,0.0,0.9983498349834984,0.6667422682873932,0.6667944736831986
1046,0.6,0.5925925925925926,0.2727272727272727,0.5060679385145086,0.5060679385145086,0.0,0.4553147540780626,0.995049504950495,0.9996563709171776,0.0,1.0,0.6683225534434348,0.6693469087324895
1047,0.5,0.2962962962962963,0.4727272727272727,0.4939246835305568,0.4939246835305568,0.0,0.4412057272184317,0.9966996699669968,0.9999089605146948,0.0,1.0,0.6669720392652567,0.6672324316883911
1048,0.3,0.5555555555555556,0.9636363636363636,0.5060774670188886,0.5060774670188886,0.0,0.3984537363882164,0.9933993399339934,0.999998394815104,0.0,0.9966996699669968,0.6666785947772488,0.6666827385314301
1049,0.6,0.6666666666666667,0.1272727272727272,0.4940553942185219,0.4940553942185219,0.0,0.464837129450544,0.9966996699669968,0.9976441742877477,0.0,0.9983498349834984,0.6779634184679296,0.6862703106067745
1050,0.8,0.962962962962963,0.5636363636363636,0.4939242931916148,0.4939242931916148,1.0,0.526757415143434,0.9983498349834984,0.999943627847977,0.0066006600660066,1.0,0.6669351474117428,0.6671125418683855
1051,0.4,0.7037037037037037,0.109090909090909,0.5060522089941193,0.5060522089941193,0.0,0.4168371618045854,0.995049504950495,0.999398369531264,0.0,0.995049504950495,0.6710029312038294,0.6720611577502218
1052,0.7,0.7037037037037037,0.9636363636363636,0.493922548395072,0.493922548395072,0.0,0.4563511194940494,0.9966996699669968,0.999997767873731,0.0,1.0,0.6666780578531512,0.6666854679840534
1053,0.7,0.925925925925926,0.7090909090909091,0.5060771598954508,0.5060771598954508,0.75,0.5853716424149602,0.9983498349834984,0.9999933596305806,0.0082508250825082,0.9983498349834984,0.6667400952367799,0.6667621771366123
1054,0.4,0.5555555555555556,0.8363636363636363,0.493922591850277,0.493922591850277,0.0,0.4605613322069847,0.9966996699669968,0.9999943209651658,0.0,1.0,0.666678433477809,0.6666989175365816
1055,0.5,0.7407407407407407,0.1636363636363636,0.4939362886702223,0.4939362886702223,0.0,0.4529260350237044,0.9966996699669968,0.9994472007301,0.0,0.9983498349834984,0.6684124123225819,0.6700931625024412
1056,0.4,0.4074074074074074,0.1454545454545454,0.4890114223048414,0.4890114223048414,0.0,0.3457833582037958,0.9884488448844884,0.9818123297319348,0.0,0.9966996699669968,0.7584086822499915,0.8095073388484905
1057,0.4,0.4074074074074074,0.2545454545454545,0.4939299445680519,0.4939299445680519,0.0,0.4579461137794262,0.9933993399339934,0.999796609103616,0.0,0.9966996699669968,0.6679277697326517,0.6684129086683769
1058,0.6,1.0,0.8545454545454545,0.4939225852937144,0.4939225852937144,1.0,0.508611090940464,0.9983498349834984,0.9999944684141064,0.0,1.0,0.6666835239522317,0.6666984578040022
1059,0.4,0.5555555555555556,0.9818181818181818,0.4939225109453243,0.4939225109453243,0.0,0.4930542896530306,0.995049504950495,0.9999981198461378,0.0,0.9966996699669968,0.6666704819602902,0.6666762068082097
1060,0.8,0.7407407407407407,0.1636363636363636,0.5060597389349915,0.5060597389349915,1.0,0.5090455688073905,0.9983498349834984,0.999340893448202,0.0,1.0,0.6695373558561997,0.6718817617678015
1061,0.4,0.5185185185185186,0.3272727272727272,0.5060719824294385,0.5060719824294385,0.5,0.4789015058055401,0.9966996699669968,0.9998736466563544,0.0033003300330033,0.9933993399339934,0.6677111790373239,0.6680806581839147
1062,0.5,0.6666666666666667,0.1272727272727272,0.4940665338694565,0.4940665338694565,0.3333333333333333,0.5103841975326979,0.9983498349834984,0.9978801694963872,0.0066006600660066,0.9966996699669968,0.679656961635977,0.6860517791988511
1063,0.7,0.8888888888888888,0.1636363636363636,0.4939868578253654,0.4939868578253654,0.0,0.4982523548894635,0.995049504950495,0.997505387953238,0.0,1.0,0.6725011288707343,0.6789529433666528
1064,0.4,0.5185185185185186,0.4545454545454545,0.5060754415997017,0.5060754415997017,0.0,0.4528589701676055,0.9966996699669968,0.9999328641339088,0.0,0.9983498349834984,0.6670620498878258,0.6673110059327284
1065,0.5,0.6296296296296297,0.9454545454545454,0.5060775111482743,0.5060775111482743,0.0,0.4677129639138933,0.995049504950495,0.9999991399059176,0.0016501650165016,0.9966996699669968,0.6666691268045355,0.6666713196346894
1066,0.5,0.5185185185185186,0.8909090909090909,0.506077506527999,0.506077506527999,0.3333333333333333,0.4752968323017893,0.995049504950495,0.9999988098050884,0.0,0.9966996699669968,0.6666700471504171,0.6666726279462272
1067,0.4,0.7037037037037037,0.2727272727272727,0.5060725366338223,0.5060725366338223,0.0,0.4642243005685971,0.995049504950495,0.9998058142636804,0.0,0.9983498349834984,0.6675610316863887,0.6681877845683543
1068,0.5,0.2962962962962963,0.8363636363636363,0.493922646242692,0.493922646242692,0.5,0.5458124496043736,0.9983498349834984,0.9999960379547522,0.0033003300330033,0.9917491749174916,0.6666986400830316,0.6667083548401087
1069,0.5,0.0,0.5454545454545454,0.4939242069462167,0.4939242069462167,0.0,0.4608851387406593,0.995049504950495,0.9999409954434832,0.0,1.0,0.6669019160869719,0.6670956471214639
1070,0.5,0.6666666666666667,0.1272727272727272,0.5073682864792736,0.5073682864792736,0.5,0.4871209668995457,0.9966996699669968,0.9862400120467224,0.0,0.9983498349834984,0.7240987665902543,0.7673241961811672
1071,0.6,1.0,0.6909090909090909,0.5060771432497577,0.5060771432497577,1.0,0.5218441363640753,0.9983498349834984,0.99999140993185,0.0033003300330033,1.0,0.6667423097621085,0.6667596607085384
1072,0.5,0.5185185185185186,0.3272727272727272,0.5060716291924496,0.5060716291924496,0.0,0.4669832590511127,0.995049504950495,0.9997908377900668,0.0,1.0,0.6677021933333949,0.6683805287677115
1073,0.7,0.6296296296296297,0.7818181818181819,0.5060773972732049,0.5060773972732049,0.0,0.4675487583413307,0.9966996699669968,0.9999957672923718,0.0,1.0,0.6666910810556521,0.6667078818304933
1074,0.5,0.8888888888888888,0.9818181818181818,0.4939225361371724,0.4939225361371724,0.0,0.4626787126348675,0.9966996699669968,0.9999963978362651,0.0,1.0,0.6666741714330391,0.6666835722040947
1075,0.3,0.5185185185185186,0.4545454545454545,0.5060757971516638,0.5060757971516638,0.0,0.4757848405321734,0.9933993399339934,0.999931240018606,0.0,0.9983498349834984,0.666989364221049,0.6672532959028028
1076,0.3,0.1111111111111111,0.0727272727272727,0.5059981984514794,0.5059981984514794,0.0,0.47296044341524,0.9933993399339934,0.9979519553727928,0.0,0.9983498349834984,0.6761322207473192,0.6827899544280892
1077,0.3,0.2962962962962963,0.1818181818181818,0.4885351060445032,0.4885351060445032,0.0,0.4441755536805774,0.9933993399339934,0.9286121733832234,0.0,0.9983498349834984,0.7496855357216867,0.9459503744920196
1078,0.3,0.962962962962963,0.2,0.504590518763498,0.504590518763498,0.0,0.4376254329761103,0.9917491749174916,0.9937970595128776,0.0,0.9933993399339934,0.7039614356379512,0.7212983761984413
1079,0.4,0.4444444444444444,0.2181818181818181,0.498111299600557,0.498111299600557,0.0,0.48102247531852,0.9966996699669968,0.9887283794644032,0.0,1.0,0.695030495963094,0.7389810682586362
1080,0.6,0.6666666666666667,0.9818181818181818,0.4939224815208045,0.4939224815208045,0.5,0.4510801363550784,0.9966996699669968,0.9999994261006464,0.0016501650165016,0.9983498349834984,0.6666672308665879,0.6666686950194072
1081,0.4,0.4444444444444444,0.2181818181818181,0.4976735140961186,0.4976735140961186,0.3333333333333333,0.5307055982860684,0.9983498349834984,0.9920723091894436,0.0049504950495049,0.9966996699669968,0.7136434940891041,0.7331867125515771
1082,0.3,0.2962962962962963,0.4727272727272727,0.4939250394597185,0.4939250394597185,0.0,0.4758691167260435,0.9966996699669968,0.9999427409785088,0.0,1.0,0.6671250813498032,0.6672909387697764
1083,0.5,0.6666666666666667,0.8363636363636363,0.4939225645508939,0.4939225645508939,1.0,0.5310189404976392,0.9983498349834984,0.9999956436793938,0.0,1.0,0.666676811370647,0.6666917047242444
1084,0.4,0.2962962962962963,0.8363636363636363,0.4939226381093112,0.4939226381093112,0.3333333333333333,0.4638323327732101,0.995049504950495,0.9999949712630636,0.0033003300330033,0.995049504950495,0.6666956640036471,0.6667086608822249
1085,0.5,1.0,0.8181818181818182,0.5060773904509237,0.5060773904509237,0.0,0.4698918368173316,0.995049504950495,0.9999947981491754,0.0,0.9983498349834984,0.6666921702447575,0.6667079332400229
1086,0.6,0.7407407407407407,0.6909090909090909,0.5060772779028384,0.5060772779028384,0.5,0.5279453954971381,0.9983498349834984,0.9999913143422838,0.0016501650165016,0.9983498349834984,0.6667122730649983,0.6667405901869047
1087,0.4,0.5555555555555556,0.9818181818181818,0.4939225165169136,0.4939225165169136,0.0,0.4852083842716713,0.9966996699669968,0.9999974894314574,0.0,1.0,0.66667036914314,0.666678907216544
1088,0.2,0.4814814814814815,0.5272727272727272,0.4939233870239731,0.4939233870239731,0.0,0.4575086571291992,0.9966996699669968,0.9999674897427032,0.0,0.9983498349834984,0.6668126225804797,0.6669068361368952
1089,0.6,0.6296296296296297,0.4181818181818181,0.493925985283101,0.493925985283101,0.0,0.4267444584539316,0.995049504950495,0.9998814297626708,0.0,0.9966996699669968,0.667238787420707,0.6675349436590867
1090,0.8,0.962962962962963,0.1818181818181818,0.4939696489667476,0.4939696489667476,0.8,0.5416179335497621,0.9983498349834984,0.9989966246308148,0.0082508250825082,0.9983498349834984,0.6723215818949665,0.6759310479538102
1091,0.5,0.5555555555555556,0.1272727272727272,0.5114648939554968,0.5114648939554968,0.0,0.4587635014513221,0.9933993399339934,0.90901612317256,0.0,0.9966996699669968,0.7492452332220705,0.990801009892148
1092,0.7,0.8148148148148149,0.9818181818181818,0.5060774793674842,0.5060774793674842,0.0,0.4898994379713611,0.9966996699669968,0.9999976043318284,0.0,1.0,0.6666748671968402,0.6666837690882823
1093,0.3,0.5925925925925926,0.6727272727272727,0.4939228177805466,0.4939228177805466,0.0,0.4899012705601885,0.995049504950495,0.99998450613236,0.0,1.0,0.6667108087681171,0.66675877722013
1094,0.5,0.3703703703703703,0.109090909090909,0.5072028275308158,0.5072028275308158,0.0,0.482700406669529,0.9966996699669968,0.9860498846618664,0.0,0.9983498349834984,0.721544067094559,0.7669998664024832
1095,0.5,0.962962962962963,0.2909090909090909,0.5060707654502323,0.5060707654502323,1.0,0.5156080583090727,0.9983498349834984,0.9997544617408076,0.0,0.9983498349834984,0.6678566714225534,0.6686589885136179
1096,0.6,1.0,0.2,0.4885351060673388,0.4885351060673388,0.6666666666666666,0.5621257392156691,0.9983498349834984,0.9646382502879388,0.0049504950495049,0.9983498349834984,0.8688176048023013,0.9654632852626231
1097,0.5,0.7037037037037037,0.3090909090909091,0.4939282568278754,0.4939282568278754,0.0,0.4978493297989956,0.9966996699669968,0.9996983771000588,0.0,1.0,0.66731928475055,0.6682406581000118
1098,0.5,0.5925925925925926,0.3818181818181818,0.4939265930433503,0.4939265930433503,0.0,0.48047727963198,0.995049504950495,0.9998112526515982,0.0,1.0,0.6672097048020776,0.6677406995211174
1099,0.6,1.0,0.2545454545454545,0.4939335779688677,0.4939335779688677,0.6666666666666666,0.541833750208176,0.9983498349834984,0.9998032239620634,0.0016501650165016,0.9966996699669968,0.668484320924396,0.6692460653751439
1100,0.4,0.3703703703703703,0.109090909090909,0.506844839353645,0.506844839353645,0.5,0.5023293435862626,0.9983498349834984,0.9855203177711724,0.0,0.9966996699669968,0.7224279390465176,0.7648457654798193
1101,0.4,0.7407407407407407,0.3272727272727272,0.4939271329077369,0.4939271329077369,0.3333333333333333,0.4377387099087834,0.995049504950495,0.9998665374292776,0.0016501650165016,0.9933993399339934,0.6674543193998763,0.6677986629179418
1102,0.5,0.7407407407407407,0.3454545454545454,0.506072743649635,0.506072743649635,0.5,0.5552838486751717,0.9983498349834984,0.9998899984679184,0.0,0.9983498349834984,0.6675504304047223,0.6679911716805436
1103,0.4,0.5555555555555556,0.1272727272727272,0.4939420348649112,0.4939420348649112,0.0,0.4674786249564265,0.9966996699669968,0.9995870584848354,0.0,0.9983498349834984,0.6696852641185662,0.6710820246451356
1104,0.6,0.4814814814814815,0.1818181818181818,0.4885351060445032,0.4885351060445032,0.0,0.4329109138221864,0.995049504950495,0.9426560097836854,0.0,0.995049504950495,0.9003511458613732,0.9988674338653678
1105,0.5,0.6296296296296297,0.7818181818181819,0.506077381845737,0.506077381845737,0.0,0.4532062401584259,0.995049504950495,0.9999926381891248,0.0,1.0,0.6666916459441788,0.6667176932581674
1106,0.3,0.4074074074074074,0.2545454545454545,0.4939298222837027,0.4939298222837027,0.0,0.4082404480448393,0.9917491749174916,0.9997753559463364,0.0,0.9917491749174916,0.6679788113252536,0.668431180867095
1107,0.5,0.7037037037037037,0.6363636363636364,0.5060768790245531,0.5060768790245531,0.6666666666666666,0.4364199315231656,0.9966996699669968,0.9999862714027968,0.0082508250825082,0.9966996699669968,0.6667970078435652,0.6668372780368049
1108,0.5,0.7777777777777778,0.0909090909090909,0.5114648939499965,0.5114648939499965,0.0,0.448873658960676,0.995049504950495,0.9226226243357116,0.0,1.0,0.7759638553330164,0.9985088180263204
1109,0.7,0.8888888888888888,0.1272727272727272,0.4918397290459595,0.4918397290459595,0.0,0.4496552384438605,0.995049504950495,0.986980072460618,0.0,1.0,0.7404463836043281,0.7715599306204375
1110,0.6,0.4814814814814815,0.1818181818181818,0.4885351062119428,0.4885351062119428,1.0,0.5010481376754956,0.9983498349834984,0.9657864502868624,0.0,1.0,0.8450958646016229,0.9890571506855887
1111,0.9,0.8148148148148149,0.0727272727272727,0.4940074545829702,0.4940074545829702,1.0,0.5237496936440025,0.9983498349834984,0.9981255327073568,0.0066006600660066,1.0,0.6756014997099051,0.6805444302772407
1112,0.6,0.5555555555555556,0.8363636363636363,0.4939225726562266,0.4939225726562266,0.0,0.4418000026642853,0.995049504950495,0.9999947239220583,0.0,1.0,0.6666791035796482,0.6666937330153593
1113,0.3,0.5555555555555556,0.8363636363636363,0.4939225888012839,0.4939225888012839,0.5,0.5405340032620958,0.9983498349834984,0.9999958742537036,0.0,0.9983498349834984,0.6666847074839137,0.6666965748859786
1114,0.6,0.6296296296296297,0.1636363636363636,0.5114648939554486,0.5114648939554486,1.0,0.501247489414453,0.9983498349834984,0.9215816607505384,0.0,1.0,0.8093256651438748,0.999070298116825
1115,0.6,0.962962962962963,0.1636363636363636,0.4940878771330872,0.4940878771330872,0.5,0.5626870439412999,0.9983498349834984,0.9980607386287508,0.0,0.9983498349834984,0.6811548638026891,0.6875554535559265
1116,0.3,0.7037037037037037,0.9636363636363636,0.4939225409514389,0.4939225409514389,0.5,0.4144775891474206,0.9966996699669968,0.9999978249758112,0.0033003300330033,0.9966996699669968,0.666678836070944,0.6666833241181032
1117,0.4,0.4814814814814815,0.1818181818181818,0.4885351060445032,0.4885351060445032,0.0,0.4651698135476786,0.9933993399339934,0.9081583988217838,0.0,1.0,0.811737171018675,0.9999524504733238
1118,0.6,0.7037037037037037,0.6181818181818182,0.4939228946157445,0.4939228946157445,0.5,0.4490283137184506,0.9966996699669968,0.999987755236161,0.0066006600660066,0.9983498349834984,0.6667394884859535,0.6667713135389113
1119,0.6,0.5925925925925926,0.2363636363636363,0.5053933513104102,0.5053933513104102,0.0,0.4915258440614944,0.9966996699669968,0.993777635393643,0.0,1.0,0.6958606671193561,0.7173433230331607
1120,0.3,0.962962962962963,0.1272727272727272,0.488541144742712,0.488541144742712,0.0,0.4535857380952629,0.9966996699669968,0.9719204871451246,0.0,1.0,0.7799750839267422,0.8878044771487411
1121,0.2,0.1111111111111111,0.1818181818181818,0.50601469219839,0.50601469219839,0.0,0.4315216084707255,0.9933993399339934,0.9978634807369796,0.0,0.9983498349834984,0.6745124986151063,0.6800332272753727
1122,0.2,0.4444444444444444,0.2181818181818181,0.4962817342885743,0.4962817342885743,0.0,0.4318333432926571,0.995049504950495,0.986008009143528,0.0,1.0,0.6911716162460836,0.7308894765374828
1123,0.5,0.962962962962963,0.5636363636363636,0.493924189552115,0.493924189552115,0.5,0.5079786634885428,0.9983498349834984,0.999969190123618,0.0115511551155115,0.995049504950495,0.6670067566858391,0.667074382277389
1124,0.5,0.1111111111111111,0.1818181818181818,0.5060196601737311,0.5060196601737311,0.0,0.4549580112704129,0.9933993399339934,0.9979352440483816,0.0,1.0,0.674236181216894,0.6789336458973201
1125,0.7,0.6296296296296297,0.1636363636363636,0.5114648939554968,0.5114648939554968,1.0,0.5155550140643962,0.9983498349834984,0.9441537590968836,0.0,1.0,0.8985846404126736,0.9991513775279496
1126,0.5,0.5185185185185186,0.8909090909090909,0.506077505439257,0.506077505439257,0.6,0.529480882412718,0.9983498349834984,0.9999991110929506,0.0049504950495049,0.9966996699669968,0.6666704881422356,0.6666722992741497
1127,0.4,0.5925925925925926,0.6727272727272727,0.4939229008887584,0.4939229008887584,1.0,0.5139786918020164,0.9983498349834984,0.9999812046745112,0.0,1.0,0.6667281936900487,0.6667802163802046
1128,0.5,0.6666666666666667,0.9818181818181818,0.493922477890317,0.493922477890317,1.0,0.5110879284247698,0.9983498349834984,0.9999989082395284,0.0,1.0,0.6666656128333628,0.6666684839005073
1129,0.6,0.7037037037037037,0.6181818181818182,0.493922962934517,0.493922962934517,0.0,0.475330977358306,0.995049504950495,0.9999822512519504,0.0,0.9983498349834984,0.6667326609181375,0.6667937108407014
1130,0.4,0.4074074074074074,0.1818181818181818,0.4941015208887069,0.4941015208887069,0.0,0.4958925100019181,0.9966996699669968,0.9957406128676428,0.0,1.0,0.6763594720169672,0.6911611208842796
1131,0.5,0.5555555555555556,0.0363636363636363,0.4939767516159392,0.4939767516159392,0.0,0.4748008568483495,0.995049504950495,0.9984919048645072,0.0,0.9983498349834984,0.6715670872984348,0.6771538562923348
1132,0.3,0.1111111111111111,0.1818181818181818,0.5060300017471897,0.5060300017471897,0.0,0.494566757634418,0.9966996699669968,0.9985189910634288,0.0,1.0,0.6734284001263653,0.6770708710786554
1133,0.8,0.8148148148148149,0.0727272727272727,0.4940407388962111,0.4940407388962111,0.5,0.5901011421858675,0.9983498349834984,0.9975881212647648,0.0066006600660066,0.9983498349834984,0.6770415766204726,0.6837805515245563
1134,0.4,0.3703703703703703,0.109090909090909,0.5041910583313756,0.5041910583313756,0.25,0.4530896300145943,0.995049504950495,0.9920546775017244,0.0016501650165016,0.9884488448844884,0.7299228235522791,0.7511161293961525
1135,0.5,0.925925925925926,1.0,0.4939224819899269,0.4939224819899269,1.0,0.5433011012988982,0.9983498349834984,0.9999993907791536,0.0033003300330033,1.0,0.666667514803933,0.6666690558123852
1136,0.6,0.6296296296296297,0.7818181818181819,0.5060773882969128,0.5060773882969128,0.6666666666666666,0.5608383787424196,0.9983498349834984,0.9999971194994632,0.0049504950495049,1.0,0.6666936919041847,0.6667014056668084
1137,0.2,0.0,0.5454545454545454,0.493923886161276,0.493923886161276,0.0,0.4627088057323691,0.9884488448844884,0.9999357529905334,0.0,0.995049504950495,0.6668476693549091,0.6670372667314993
1138,0.7,0.5925925925925926,0.4727272727272727,0.5060748629423196,0.5060748629423196,0.0,0.4864015349133028,0.9966996699669968,0.9999339969735588,0.0,0.9983498349834984,0.6671734940345325,0.667363309809751
1139,0.3,0.5925925925925926,0.6727272727272727,0.4939228180373679,0.4939228180373679,0.3333333333333333,0.490723886951378,0.995049504950495,0.9999884886751398,0.0,0.9966996699669968,0.6667301590186554,0.6667519675121405
1140,0.6,0.8888888888888888,0.4909090909090909,0.5060748437549578,0.5060748437549578,0.0,0.4910572433688109,0.9966996699669968,0.999892781560932,0.0,1.0,0.667148342357945,0.6675044633038327
1141,0.5,0.7037037037037037,0.9454545454545454,0.5060774930922418,0.5060774930922418,1.0,0.5013981767831948,0.9983498349834984,0.9999981851273,0.0,1.0,0.6666719532398199,0.6666783823534627
1142,0.4,0.7037037037037037,0.3090909090909091,0.4939272797927705,0.4939272797927705,0.0,0.4666632336364599,0.995049504950495,0.9997624941698952,0.0,1.0,0.667153026499464,0.6679430970503446
1143,0.5,0.6296296296296297,0.0727272727272727,0.5060466253190037,0.5060466253190037,1.0,0.5010422474480392,0.9983498349834984,0.99883073267375,0.0,1.0,0.6713655844072889,0.6748511711332934
1144,0.5,0.7037037037037037,0.9636363636363636,0.4939225535255811,0.4939225535255811,1.0,0.5366418698798654,0.9983498349834984,0.9999970613371648,0.0,1.0,0.6666778507277593,0.6666876788952562
1145,0.4,0.2962962962962963,0.8363636363636363,0.4939226665720684,0.4939226665720684,1.0,0.5605891949589201,0.9983498349834984,0.9999955911643104,0.0049504950495049,1.0,0.6666993037824058,0.6667158517454286
1146,0.5,0.7777777777777778,0.2,0.5011957593951215,0.5011957593951215,0.0,0.4702622968538038,0.9933993399339934,0.988250240494931,0.0,0.9983498349834984,0.7153458125580388,0.7489564868255097
1147,0.4,0.4444444444444444,0.2181818181818181,0.4980538727228527,0.4980538727228527,1.0,0.5039815733432026,0.9983498349834984,0.9911474369302768,0.0,1.0,0.7048776101781731,0.736252047658931
1148,0.6,0.4074074074074074,0.2545454545454545,0.4939312039858381,0.4939312039858381,0.0,0.4194611790445839,0.9966996699669968,0.9996910478606844,0.0,0.9983498349834984,0.6679956225740592,0.6687889825152254
1149,0.5,0.5185185185185186,0.8909090909090909,0.5060775044276364,0.5060775044276364,0.0,0.4263694785102466,0.9933993399339934,0.9999986785666118,0.0,0.9983498349834984,0.6666706151618698,0.6666738571777839
1150,0.4,0.8888888888888888,0.9818181818181818,0.5060774511047739,0.5060774511047739,0.0,0.4907194255843971,0.9966996699669968,0.9999960420149074,0.0,1.0,0.6666798465432823,0.6666911835682059
1151,0.4,0.7407407407407407,0.3454545454545454,0.5060727641142432,0.5060727641142432,0.0,0.4710829661033628,0.9966996699669968,0.99983479776157,0.0,1.0,0.6675475299302848,0.6680126445403962
1152,0.6,0.6666666666666667,0.8363636363636363,0.4939225547461756,0.4939225547461756,0.6666666666666666,0.5392629067195229,0.9983498349834984,0.9999977768534858,0.0049504950495049,0.9983498349834984,0.66668039245826,0.6666868074927705
1153,0.4,0.7037037037037037,0.2727272727272727,0.50607118092307,0.50607118092307,0.0,0.4583221610304402,0.9966996699669968,0.9998171808894496,0.0,1.0,0.6678343149071729,0.6684634712030607
1154,0.4,0.3703703703703703,0.109090909090909,0.508058570221287,0.508058570221287,0.5,0.5079056881794968,0.9983498349834984,0.9875677071636731,0.0,0.9983498349834984,0.7264289541253649,0.7695189932629525
1155,0.4,0.4074074074074074,0.1454545454545454,0.4890990730615906,0.4890990730615906,0.0,0.4886137322992883,0.9966996699669968,0.9812044261713584,0.0,1.0,0.7459193431503458,0.8194173401695636
1156,0.6,0.8518518518518519,1.0,0.5060775246648004,0.5060775246648004,1.0,0.5257821348128304,0.9983498349834984,0.999999510093755,0.0016501650165016,1.0,0.6666665462064689,0.6666678211246221
1157,0.4,0.5555555555555556,0.1272727272727272,0.4939395621795137,0.4939395621795137,0.0,0.4584015355590599,0.995049504950495,0.999360921741623,0.0,1.0,0.6686129666369431,0.6707645500512642
1158,0.3,0.8888888888888888,0.1636363636363636,0.5059947452691133,0.5059947452691133,0.0,0.4600076603517531,0.9966996699669968,0.9980935603893591,0.0,0.9983498349834984,0.6767024045798525,0.6814544276677409
1159,0.6,0.5555555555555556,0.4909090909090909,0.5060762981079794,0.5060762981079794,0.0,0.4839089721019891,0.9966996699669968,0.9999668828050716,0.0049504950495049,0.9983498349834984,0.6669081449215191,0.6669803825171902
1160,0.3,0.3333333333333333,0.109090909090909,0.5060430794047143,0.5060430794047143,0.0,0.4687195447647601,0.9917491749174916,0.9989409586303596,0.0,1.0,0.6717120840696744,0.6753025531349613
1161,0.2,0.4444444444444444,0.0909090909090909,0.4885404742865306,0.4885404742865306,0.0,0.490520062726084,0.9966996699669968,0.971131170783887,0.0,1.0,0.7836722592326534,0.8782757953441883
1162,0.6,0.6296296296296297,0.0727272727272727,0.5060483552694016,0.5060483552694016,0.0,0.317326089336803,0.9966996699669968,0.9994170495206196,0.0,0.995049504950495,0.6715933994866611,0.672786046170801
1163,0.3,0.3333333333333333,0.109090909090909,0.506038959242095,0.506038959242095,0.0,0.4384290255528866,0.995049504950495,0.9985559094906796,0.0,1.0,0.6722124667858014,0.676797168312246
1164,0.5,0.1111111111111111,0.0727272727272727,0.5059300705931187,0.5059300705931187,0.0,0.4605959749087366,0.995049504950495,0.9978323508566564,0.0016501650165016,0.995049504950495,0.681873961265657,0.6888164861610947
1165,0.4,0.4814814814814815,0.1818181818181818,0.4885351106892123,0.4885351106892123,0.0,0.4672476047957848,0.995049504950495,0.9636636574622004,0.0,0.9983498349834984,0.8265875918358151,0.9708550688536628
1166,0.6,0.6296296296296297,0.1636363636363636,0.5114648939554888,0.5114648939554888,0.6666666666666666,0.5177138199442266,0.9983498349834984,0.9643709657417522,0.0033003300330033,0.9966996699669968,0.9034195397669444,0.997956414999942
1167,0.6,0.6296296296296297,0.0909090909090909,0.4927905193679521,0.4927905193679521,1.0,0.512124956450767,0.9983498349834984,0.9838735617299346,0.0,1.0,0.7356418559494058,0.7833868821987883
1168,0.3,0.1111111111111111,0.1818181818181818,0.5059994610958403,0.5059994610958403,0.0,0.4698397547141236,0.995049504950495,0.9976685004114484,0.0,1.0,0.6758402794252345,0.6831007275258216
1169,0.5,0.6296296296296297,0.0727272727272727,0.5060502702033223,0.5060502702033223,0.875,0.5094837623434108,0.9983498349834984,0.9994356266587792,0.0115511551155115,0.9966996699669968,0.671365728082738,0.6723012634713101
1170,0.5,0.7037037037037037,0.2,0.4939343810161906,0.4939343810161906,0.0,0.483254103379383,0.9933993399339934,0.999468520269964,0.0,1.0,0.6679027459064126,0.6696177887130546
1171,0.8,0.7777777777777778,0.509090909090909,0.5060759554738763,0.5060759554738763,1.0,0.540550190413255,0.9983498349834984,0.9999593780852928,0.0033003300330033,1.0,0.6669744238178333,0.6671086502096402
1172,0.7,0.6666666666666667,0.9818181818181818,0.4939224783840338,0.4939224783840338,0.6666666666666666,0.4202106221937747,0.995049504950495,0.999999236459086,0.0082508250825082,0.9983498349834984,0.6666665040773291,0.6666680810403095
1173,0.4,0.2962962962962963,0.4727272727272727,0.4939250399510172,0.4939250399510172,1.0,0.5297495742593408,0.9983498349834984,0.9999279756505424,0.0,1.0,0.6670121483405502,0.6673241532029132
1174,0.7,0.7407407407407407,0.3454545454545454,0.5060728918105113,0.5060728918105113,1.0,0.5415397878658311,0.9983498349834984,0.999842688127654,0.0,0.9983498349834984,0.667529339272754,0.6681797766251412
1175,0.6,0.7777777777777778,0.0909090909090909,0.5114596701908581,0.5114596701908581,1.0,0.5050242423201912,0.9983498349834984,0.965563916295676,0.0,1.0,0.7469914146860118,0.8494800484964588
1176,0.4,0.5555555555555556,0.8363636363636363,0.4939225984919821,0.4939225984919821,0.0,0.3776603190439702,0.9933993399339934,0.999995784518974,0.0,0.995049504950495,0.6666909309265072,0.6666979734287489
1177,0.5,0.2962962962962963,0.4727272727272727,0.4939245894724783,0.4939245894724783,0.25,0.4326311288912791,0.995049504950495,0.9999558311371592,0.0033003300330033,0.9917491749174916,0.667059440633915,0.6671888336649408
1178,0.4,0.4444444444444444,0.0909090909090909,0.4885986326905173,0.4885986326905173,0.4,0.4611985211789949,0.9966996699669968,0.9870869232081848,0.0049504950495049,0.9933993399339934,0.7764336350747082,0.8049897143419519
1179,0.6,0.7037037037037037,0.6363636363636364,0.5060768844609607,0.5060768844609607,0.0,0.419630813465543,0.9966996699669968,0.9999852968202068,0.0,0.9966996699669968,0.6667933069682908,0.6668396951268263
1180,0.6,0.5555555555555556,0.9818181818181818,0.4939225127701072,0.4939225127701072,0.3333333333333333,0.4730027185032732,0.995049504950495,0.9999977144778976,0.0,0.9983498349834984,0.6666706813434071,0.666677063068472
1181,0.5,0.7407407407407407,0.1636363636363636,0.5060621116267245,0.5060621116267245,0.75,0.4976558143586096,0.9966996699669968,0.9996811729970486,0.0049504950495049,0.9983498349834984,0.6694544387690253,0.6702738392491205
1182,0.6,0.5555555555555556,0.1272727272727272,0.5114648939554968,0.5114648939554968,0.6666666666666666,0.5173481030665985,0.9983498349834984,0.9340456388666486,0.0033003300330033,0.9933993399339934,0.7593408635527837,0.934747369826069
1183,0.5,0.6666666666666667,0.1272727272727272,0.5088970835121914,0.5088970835121914,0.0,0.468535581240423,0.9966996699669968,0.9823473317193504,0.0,1.0,0.72097166591713,0.7760205172124108
1184,0.3,0.0,0.5454545454545454,0.4939240464501919,0.4939240464501919,1.0,0.503120890259689,0.9983498349834984,0.9999409178642702,0.0,1.0,0.6669035541375806,0.6670684522281363
1185,0.3,0.4814814814814815,0.5272727272727272,0.4939234131438061,0.4939234131438061,0.0,0.4027003114538786,0.9933993399339934,0.99997227952449,0.0,0.995049504950495,0.6668490789856875,0.6668978311110391
1186,0.6,0.7777777777777778,0.0909090909090909,0.5114648806359197,0.5114648806359197,1.0,0.5219656555073942,0.9983498349834984,0.9621878231331016,0.0,1.0,0.7593750924462384,0.9128002363974372
1187,0.5,0.5925925925925926,0.8363636363636363,0.5060774441185548,0.5060774441185548,0.0,0.4911290172853698,0.995049504950495,0.9999955327645644,0.0,1.0,0.6666806909542546,0.6666951918806868
1188,0.5,0.5555555555555556,0.9636363636363636,0.49392248648422,0.49392248648422,0.3333333333333333,0.4682447385310945,0.9966996699669968,0.9999989510120976,0.0,0.9983498349834984,0.6666680249106475,0.666670325703262
1189,0.2,0.1111111111111111,0.1818181818181818,0.5059961364978407,0.5059961364978407,1.0,0.5046590037030152,0.9983498349834984,0.9977588492058928,0.0,1.0,0.6762409548049355,0.6837274494675779
1190,0.5,0.6296296296296297,0.6,0.5060768430499276,0.5060768430499276,0.0,0.4244279495410186,0.9933993399339934,0.9999722612776556,0.0,0.9983498349834984,0.6667951056088421,0.6668779199205199
1191,0.3,0.5555555555555556,0.9636363636363636,0.4939224852141598,0.4939224852141598,0.0,0.396719782963529,0.9966996699669968,0.999999102689589,0.0016501650165016,0.995049504950495,0.6666679168188652,0.6666696586167533
1192,0.5,0.7037037037037037,0.6363636363636364,0.5060769566353381,0.5060769566353381,0.5,0.4930644756266867,0.9966996699669968,0.9999838370448962,0.0016501650165016,0.9983498349834984,0.6667748745573773,0.6668185518702886
1193,0.5,0.962962962962963,0.2,0.4946955642051371,0.4946955642051371,1.0,0.5006375165638758,0.9983498349834984,0.992633530856375,0.0,1.0,0.6831442173690707,0.7119208772513386
1194,0.5,0.8888888888888888,0.1818181818181818,0.4885351060445032,0.4885351060445032,1.0,0.5107735630990624,0.9983498349834984,0.9506053888877,0.0016501650165016,0.9983498349834984,0.8758903327170562,0.9999146145762964
1195,0.3,0.0,0.5454545454545454,0.4939240489382815,0.4939240489382815,1.0,0.5328721284345446,0.9983498349834984,0.9999443782361112,0.0,1.0,0.6668633394582357,0.6670746689135528
1196,0.7,0.5925925925925926,0.4727272727272727,0.5060741050747732,0.5060741050747732,0.0,0.4838463794808555,0.995049504950495,0.999852973086044,0.0,1.0,0.6672713999892607,0.6676534453458172
1197,0.4,0.8148148148148149,0.6363636363636364,0.5060770428430663,0.5060770428430663,0.0,0.48167419177325,0.9966996699669968,0.9999780526111536,0.0,1.0,0.6667533412691347,0.6668236614915124
1198,0.5,0.8148148148148149,0.8545454545454545,0.506077433477613,0.506077433477613,1.0,0.5139866526115211,0.9983498349834984,0.9999966348669576,0.0,1.0,0.6666838134598506,0.6666934739849496
1199,0.4,0.7037037037037037,0.9090909090909092,0.4939224924942278,0.4939224924942278,0.0,0.4953810725702019,0.995049504950495,0.9999987316664678,0.0,0.9983498349834984,0.6666676616026292,0.6666718334853184
1200,0.7,0.7037037037037037,0.109090909090909,0.5060588320531576,0.5060588320531576,0.0,0.4669619364889442,0.9966996699669968,0.999327938851722,0.0,1.0,0.6696731394598414,0.6722101214277446
1201,0.4,0.5925925925925926,0.1818181818181818,0.5043512865601039,0.5043512865601039,0.0,0.441865903869635,0.9917491749174916,0.990049341952606,0.0,0.9983498349834984,0.704142913841949,0.7325711377295501
1202,0.6,0.5925925925925926,0.2727272727272727,0.5060680744100698,0.5060680744100698,0.5555555555555556,0.5813284510553183,0.9983498349834984,0.9998303811620898,0.0066006600660066,0.9933993399339934,0.6684132527310974,0.6688630738234758
1203,0.7,0.7037037037037037,0.9090909090909092,0.4939224921735186,0.4939224921735186,0.75,0.5579463475300426,0.9983498349834984,0.999999013511994,0.0099009900990099,0.9966996699669968,0.6666689115115514,0.666671514392322
1204,0.2,0.1111111111111111,0.0727272727272727,0.5059801620812384,0.5059801620812384,0.0,0.4332456436756631,0.9917491749174916,0.9977719663600824,0.0,0.99009900990099,0.6785549897794286,0.6836256837370043
1205,0.5,0.2962962962962963,0.8363636363636363,0.4939226655923064,0.4939226655923064,0.0,0.4937959562578571,0.9966996699669968,0.9999948840941764,0.0049504950495049,0.9983498349834984,0.6667016935880484,0.6667133601113929
1206,0.5,0.925925925925926,0.7090909090909091,0.49392279969164,0.49392279969164,1.0,0.5785703419917745,0.9983498349834984,0.9999906873274316,0.0066006600660066,0.9983498349834984,0.6667280038797843,0.666748569001748
1207,0.7,0.5555555555555556,0.0363636363636363,0.4939699900187217,0.4939699900187217,0.0,0.4943713239342872,0.9966996699669968,0.998433098201824,0.0,1.0,0.6710172531612631,0.6757321909485156
1208,0.7,0.7777777777777778,0.7090909090909091,0.5060772999621089,0.5060772999621089,1.0,0.5655583460238408,0.9983498349834984,0.9999939735756768,0.0,1.0,0.6667104866118883,0.6667288651199913
1209,0.5,0.7777777777777778,0.5454545454545454,0.4939233437829342,0.4939233437829342,0.4444444444444444,0.4546105177228605,0.9966996699669968,0.9999806908715702,0.0082508250825082,0.9933993399339934,0.6668412915857884,0.666876915235077
1210,0.5,0.5925925925925926,0.1818181818181818,0.5047360155903655,0.5047360155903655,0.0,0.4453346872365421,0.9966996699669968,0.9932159140764192,0.0,1.0,0.7040868596857628,0.7231958103536832
1211,0.6,0.6296296296296297,0.6,0.5060769133683449,0.5060769133683449,0.0,0.3984702054650175,0.9966996699669968,0.9999786672931944,0.0,1.0,0.6667856421888609,0.6668350361313632
1212,0.6,0.8148148148148149,0.2,0.4945890951827338,0.4945890951827338,0.0,0.408286981805656,0.9966996699669968,0.9934046687989866,0.0,0.9983498349834984,0.6887294341131799,0.7089381676769863
