instances,row_original,feature_kDN,feature_DS,feature_TD_U,feature_CL,feature_CLD,feature_N1,feature_N2,feature_LSC,feature_LSR,feature_Harmfulness,feature_Usefulness,feature_F2,feature_F4,algo_knn,algo_tree,algo_nb,algo_logreg,algo_svm_rbf,algo_rf
1,0,0.4,0.5925925925925926,0.5818181818181818,0.4939231334068727,0.4939231334068727,0.5,0.5357768692514954,0.9983498349834984,0.9999806918459496,0.0049504950495049,0.995049504950495,0.6667894429524834,0.6668334057366696,0.4,1.0,0.9967162170097624,0.5066407043872996,0.5,0.5
2,1,0.4,0.6296296296296297,0.9454545454545454,0.5060775097953522,0.5060775097953522,0.6,0.5404951258860999,0.9983498349834984,0.9999991008486698,0.0033003300330033,0.9966996699669968,0.6666693158303091,0.6666711118810904,0.6,1.0,0.99837534967284,0.496672687229912,0.5133725103308221,0.87
3,2,0.3,0.2962962962962963,0.1818181818181818,0.4885351060445032,0.4885351060445032,0.0,0.4746870382412539,0.995049504950495,0.9423001969824144,0.0016501650165016,0.995049504950495,0.7387992321455039,0.9542502855856916,0.4,1.0,4.5860687706927317e-48,0.9889092064288274,0.4916723853184321,0.61
4,3,0.6,0.6666666666666667,0.2,0.5114648938012764,0.5114648938012764,0.0,0.4762597840138185,0.9966996699669968,0.947546955264056,0.0,1.0,0.7849207339003711,0.9739293703557728,0.2,1.0,1.134807280348503e-16,0.9415093567119792,0.4659200070453726,0.47
5,4,0.5,0.7037037037037037,0.9636363636363636,0.4939225579445725,0.4939225579445725,0.0,0.4770672177813295,0.9966996699669968,0.9999969975082172,0.0,1.0,0.6666776776074127,0.6666884036758634,0.2,0.0,0.9994195045947996,0.5070870583091223,0.4947178867723017,0.41
6,5,0.4,0.4444444444444444,0.9454545454545454,0.4939225185711566,0.4939225185711566,0.25,0.558061610564478,0.9983498349834984,0.9999988219750648,0.0033003300330033,0.9933993399339934,0.666674487189536,0.6666778181416159,0.4,0.0,0.9994196214488869,0.5070487903778178,0.4947172775575581,0.71
7,6,0.5,0.5925925925925926,0.6727272727272727,0.4939228662983704,0.4939228662983704,0.0,0.4364396370550374,0.995049504950495,0.999982654989306,0.0,1.0,0.6667114593442232,0.6667700255486189,0.4,0.0,0.9987328843039373,0.5121822612975154,0.5213835231353326,0.55
8,7,0.6,1.0,0.109090909090909,0.4939548478873844,0.4939548478873844,1.0,0.5117702259145418,0.9983498349834984,0.9990848162733882,0.0,1.0,0.6709490081026803,0.673293427418715,0.2,0.0,0.9960326269644796,0.5173184943444669,0.5,0.25
9,8,0.6,0.8148148148148149,0.6363636363636364,0.5060770730056683,0.5060770730056683,0.3333333333333333,0.4699048170475883,0.995049504950495,0.9999881928553456,0.0033003300330033,0.9966996699669968,0.6667573576977175,0.6667827933004986,0.6,0.0,0.0012681078426431,0.4882618626933553,0.4786546847328029,0.49
10,9,0.4,0.5925925925925926,0.2363636363636363,0.5055180102485658,0.5055180102485658,0.0,0.4707641361959291,0.995049504950495,0.9933602481609008,0.0,1.0,0.6928545397494963,0.7161018573948059,0.6,1.0,0.015404678776106,0.6457320320097099,0.5477654716484555,0.76
11,10,0.7,0.5925925925925926,0.4727272727272727,0.5060741536788884,0.5060741536788884,1.0,0.5137806013375243,0.9983498349834984,0.999865886989957,0.0,1.0,0.6672716211811157,0.6676008636843388,0.2,0.0,0.0013167869974849,0.4903241338690605,0.4803562255302736,0.35
12,11,0.2,0.1111111111111111,0.1818181818181818,0.5060296719891291,0.5060296719891291,0.0,0.4482628843176549,0.9933993399339934,0.9984259020170556,0.0,1.0,0.6736103087811282,0.6771283647806078,0.8,1.0,0.9991848642882578,0.5382762346193869,0.5063311146802706,0.8
13,12,0.6,0.962962962962963,0.9818181818181818,0.4939225616772005,0.4939225616772005,1.0,0.5277992486332785,0.9983498349834984,0.9999977712602252,0.0016501650165016,1.0,0.6666810518885228,0.6666898272231295,0.2,1.0,0.9994194986443766,0.5070414868382654,0.4947180661620133,0.35
14,13,0.8,0.8148148148148149,0.0727272727272727,0.4940014133860494,0.4940014133860494,1.0,0.5452721220680086,0.9983498349834984,0.9982833440997232,0.0033003300330033,1.0,0.6746569488480293,0.6800937707774869,0.2,0.0,0.9972926325352712,0.5480679527040753,0.4922176679199206,0.26
15,14,0.6,1.0,0.2909090909090909,0.4939307631500023,0.4939307631500023,0.75,0.6041977399008511,0.9983498349834984,0.9998078529996678,0.0049504950495049,1.0,0.6681175560345312,0.6685801945004627,0.4,0.0,0.001372032482473,0.5052701004368155,0.488279230411988,0.42
16,15,0.8,0.7777777777777778,0.2,0.503181658734465,0.503181658734465,0.0,0.4862319239349657,0.9966996699669968,0.9935514114683264,0.0016501650165016,1.0,0.7119778219662736,0.7298229060971997,0.4,1.0,0.0254687924758884,0.5813207454675553,0.5,0.27
17,16,0.5,0.7777777777777778,0.6545454545454545,0.493923012675827,0.493923012675827,0.0,0.4928862682583917,0.9966996699669968,0.99997833945117,0.0,1.0,0.6667479909662823,0.666810430169831,0.2,0.0,0.9994181974530169,0.5066895776309626,0.4947262066971147,0.27
18,17,0.4,0.6296296296296297,0.9818181818181818,0.5060775215745855,0.5060775215745855,0.0,0.4100608533760089,0.995049504950495,0.9999990720903836,0.0,1.0,0.666666875203832,0.6666693017026052,0.6,1.0,0.0012606931104202,0.4880142469392795,0.4783835699177421,0.61
19,18,0.5,0.5555555555555556,0.9636363636363636,0.5060774566959191,0.5060774566959191,1.0,0.5088422219864019,0.9983498349834984,0.999996132699394,0.0,1.0,0.66667841472087,0.6666899284391321,0.4,0.0,0.0005804443320021,0.4930516976534789,0.5052821957558283,0.55
20,19,0.4,0.2962962962962963,0.1818181818181818,0.4885351060445032,0.4885351060445032,0.0,0.38899606303024,0.9966996699669968,0.9449111387213548,0.0,0.995049504950495,0.8058140550106275,0.9426429594171328,0.6,1.0,1.0,0.8040296938642503,0.5663676452514683,0.76
21,20,0.7,0.8148148148148149,0.9818181818181818,0.5060774844564022,0.5060774844564022,0.0,0.4590407875185002,0.9966996699669968,0.9999984188219952,0.0,0.9983498349834984,0.6666742294290819,0.6666785119821901,0.4,1.0,2.211008528454028e-05,0.4900763615951643,0.4865600201734744,0.54
22,21,0.5,0.7037037037037037,0.109090909090909,0.5060542188674482,0.5060542188674482,0.6666666666666666,0.4870631887644159,0.9966996699669968,0.9995371316538398,0.0049504950495049,0.9966996699669968,0.6706798827424553,0.6718062059187944,0.6,1.0,2.4319769487903587e-05,0.4916928755593737,0.4869938112483397,0.32
23,22,0.6,0.8888888888888888,0.509090909090909,0.4939241539448906,0.4939241539448906,0.5,0.5082945409935229,0.9983498349834984,0.9999495127463472,0.0,0.9983498349834984,0.6669252487546319,0.6671003353497408,0.4,0.0,0.9994147994423505,0.5075838205711634,0.4947438904726086,0.46
24,23,0.4,0.4074074074074074,0.1818181818181818,0.4942266287982857,0.4942266287982857,0.0,0.3836697934188861,0.9933993399339934,0.995858699151932,0.0,0.995049504950495,0.6860463078927505,0.694411005496835,0.6,0.0,0.9901275851396436,0.5256042812866722,0.5,0.77
25,24,0.7,0.7777777777777778,0.0909090909090909,0.511461620727913,0.511461620727913,0.3333333333333333,0.4336674702969275,0.995049504950495,0.9732145824624382,0.0016501650165016,0.9983498349834984,0.7666248374809009,0.8435835820080458,0.4,1.0,0.0003543483401497,0.7757689204754935,0.4885166706542111,0.44
26,25,0.5,0.7407407407407407,0.2363636363636363,0.4949604431138287,0.4949604431138287,0.0,0.4690192739411847,0.9966996699669968,0.9913047758190612,0.0,1.0,0.6897624929994638,0.7164841233252666,0.6,0.0,0.9673082914065746,0.6049533410809985,0.4458181228570015,0.53
27,26,0.5,0.6666666666666667,0.2,0.5114648929846557,0.5114648929846557,1.0,0.5523081740465039,0.9983498349834984,0.9719645561621426,0.0049504950495049,1.0,0.8378875901455858,0.9206050251176482,0.4,0.0,1.879166777264346e-11,0.581413315785791,0.5050227423295388,0.55
28,27,0.8,0.7777777777777778,0.6545454545454545,0.4939230515613877,0.4939230515613877,0.5,0.4774563575526718,0.9966996699669968,0.9999834848195046,0.0016501650165016,0.995049504950495,0.6667756738856162,0.666811316316827,0.4,0.0,0.0016044691069269,0.5036418731967556,0.4867470852320373,0.61
29,28,0.6,0.6666666666666667,0.0727272727272727,0.4939492581249984,0.4939492581249984,0.0,0.4767071671246254,0.9966996699669968,0.9993408616940715,0.0,0.9966996699669968,0.6705578974413817,0.6725661641279879,0.2,1.0,0.9993331554200072,0.4919588676480955,0.5,0.41
30,29,0.8,0.5925925925925926,0.2727272727272727,0.506068296651678,0.506068296651678,0.0,0.4693688376603622,0.9966996699669968,0.999615292569137,0.0,1.0,0.668228891126885,0.6697094479651483,0.2,0.0,0.0014154510363436,0.4957222163143441,0.4837615729905172,0.5
31,30,0.3,0.4074074074074074,0.1454545454545454,0.4885598577085266,0.4885598577085266,0.5,0.5063807615378442,0.9983498349834984,0.9870962764263684,0.0,0.9966996699669968,0.7768672258448258,0.8263463130441148,0.6,1.0,0.9970592669837418,0.6435068844700343,0.5101186161017682,0.78
32,31,0.4,0.6296296296296297,0.6,0.5060769621557111,0.5060769621557111,0.0,0.4583115980862845,0.9966996699669968,0.9999766309773422,0.0,1.0,0.6667726140897772,0.6668468436776933,0.6,1.0,0.0005819073886899,0.4934541012082562,0.5052735162124591,0.72
33,32,0.5,0.5555555555555556,0.1454545454545454,0.5059074486978501,0.5059074486978501,0.75,0.5357019200812023,0.9983498349834984,0.9980904180401168,0.0049504950495049,0.9966996699669968,0.6833018183989664,0.6887061639245795,0.6,1.0,4.874065693809051e-05,0.5051048095025205,0.4873596867475933,0.75
34,33,0.5,0.8148148148148149,0.6363636363636364,0.5060771088366309,0.5060771088366309,0.0,0.4852160094755838,0.9966996699669968,0.9999820519113872,0.0,1.0,0.6667452479720469,0.6668133322187264,0.6,0.0,0.0032785351524175,0.4942620106325792,0.5,0.64
35,34,0.8,0.925925925925926,1.0,0.5060775157720953,0.5060775157720953,0.3333333333333333,0.4598083895570407,0.9966996699669968,0.999999320218762,0.0066006600660066,0.9966996699669968,0.6666682291865738,0.6666699505603935,0.0,0.0,2.2107861181166167e-05,0.4900400583355896,0.4865589549749931,0.07
36,35,0.5,0.2962962962962963,0.1818181818181818,0.4885351060445032,0.4885351060445032,1.0,0.5377565339971515,0.9983498349834984,0.9528093050165996,0.0016501650165016,1.0,0.798068470225794,0.9947266534674928,0.4,1.0,1.0,0.9756688790166984,0.5681829775590252,0.42
37,36,0.5,0.8148148148148149,0.8545454545454545,0.5060774386079451,0.5060774386079451,0.4,0.5700496481882251,0.9983498349834984,0.9999983682935624,0.0049504950495049,0.995049504950495,0.6666842551323955,0.6666883999416536,0.4,1.0,0.0032716970654183,0.4937600390145915,0.5,0.56
38,37,0.5,0.5555555555555556,0.1272727272727272,0.5114648939554968,0.5114648939554968,0.0,0.4399941977113936,0.995049504950495,0.8921161627551356,0.0,1.0,0.6168323984757015,0.9440222578271512,0.6,0.0,2.163669539807477e-122,0.8897696568347767,0.4770157834499506,0.54
39,38,0.4,0.4074074074074074,0.2545454545454545,0.4939313542543226,0.4939313542543226,0.6666666666666666,0.4390769548407063,0.9966996699669968,0.9997148054711068,0.0016501650165016,0.9983498349834984,0.6680519574676118,0.6687892181065378,0.4,1.0,0.9993927001562138,0.5133741618073064,0.4948442120170408,0.51
40,39,0.4,0.6296296296296297,0.9818181818181818,0.5060775204576797,0.5060775204576797,0.0,0.3827587238987481,0.995049504950495,0.9999990713402628,0.0,0.9966996699669968,0.6666671875058219,0.6666690541446713,0.6,0.0,2.2107534919440902e-05,0.4900468310757382,0.4865589069491975,0.54
41,40,0.5,0.2962962962962963,0.4727272727272727,0.4939245886552394,0.4939245886552394,0.0,0.4741563411524,0.995049504950495,0.9999352096907168,0.0,0.9983498349834984,0.6669919469108573,0.6671987967057467,0.6,1.0,0.9966855115094704,0.5082377457964702,0.5,0.61
42,41,0.5,0.6666666666666667,0.8363636363636363,0.4939225722014926,0.4939225722014926,0.2,0.4889067066807563,0.9966996699669968,0.9999970792279828,0.0016501650165016,0.9933993399339934,0.6666853030413071,0.6666904858823858,0.2,1.0,0.999419464550938,0.5070710883489036,0.4947181569314388,0.45
43,42,0.6,0.7407407407407407,0.7636363636363637,0.5060773067671106,0.5060773067671106,1.0,0.5727730992813438,0.9983498349834984,0.9999927327189692,0.0,1.0,0.6667068920888619,0.6667371547615007,0.2,0.0,0.0012642211197302,0.4880315311224031,0.4785126381377463,0.34
44,43,0.7,0.5925925925925926,0.2363636363636363,0.5057106900212253,0.5057106900212253,0.5,0.6131590381975152,0.9983498349834984,0.9975375853832852,0.0049504950495049,0.9983498349834984,0.6902188254724986,0.6996643496367947,0.6,0.0,0.999626169879848,0.525490461495099,0.5,0.32
45,44,0.4,0.4074074074074074,0.2545454545454545,0.4939302719023652,0.4939302719023652,1.0,0.5240447886868527,0.9983498349834984,0.9997847342796028,0.0,1.0,0.6678720563758517,0.6686094976602636,0.6,1.0,0.9986093947440732,0.5151669585571124,0.5171939663564726,0.59
46,45,0.2,0.4074074074074074,0.1454545454545454,0.4889508854097416,0.4889508854097416,0.25,0.3868228091420204,0.9917491749174916,0.9858588724405486,0.0016501650165016,0.9917491749174916,0.7625354995485762,0.792566094519775,0.6,1.0,0.9443294587102736,0.5989779129409154,0.5,0.72
47,46,0.5,0.0,0.5454545454545454,0.4939236983018058,0.4939236983018058,0.5,0.4988483407318305,0.9966996699669968,0.999966588909208,0.0049504950495049,0.9966996699669968,0.6668696145054647,0.6669736967300639,0.2,1.0,0.9967042921887228,0.5063986632906106,0.5,0.55
48,47,0.5,0.6666666666666667,0.9818181818181818,0.4939224758574521,0.4939224758574521,1.0,0.5089462712660396,0.9983498349834984,0.9999993109698848,0.0016501650165016,1.0,0.6666648029936056,0.666667619416129,0.6,1.0,0.9987393518633912,0.5119916793496044,0.5216185263667482,0.52
49,48,0.4,0.5555555555555556,0.9818181818181818,0.4939225045323131,0.4939225045323131,1.0,0.5073683973337364,0.9983498349834984,0.9999982585787254,0.0,1.0,0.6666704036323307,0.6666749499524192,0.6,1.0,0.9987388817359668,0.5120211264024139,0.521601271527826,0.61
50,49,0.5,0.7407407407407407,0.109090909090909,0.4939746310046662,0.4939746310046662,1.0,0.5009265202610285,0.9983498349834984,0.99847371136918,0.0,1.0,0.6715759732742315,0.6769261619074215,0.4,0.0,0.9978104839343124,0.5491261856685403,0.5,0.48
51,50,0.6,0.7407407407407407,0.2363636363636363,0.4952017817148437,0.4952017817148437,0.25,0.6134087742011798,0.9983498349834984,0.9963770788584908,0.0132013201320132,0.995049504950495,0.7022378157627684,0.7160168056616609,0.2,0.0,0.9994783816472654,0.5977686482685337,0.511190389852957,0.24
52,51,0.5,0.7037037037037037,0.9454545454545454,0.5060775020211434,0.5060775020211434,1.0,0.5364011997940428,0.9983498349834984,0.9999992832195386,0.0049504950495049,1.0,0.6666710636960947,0.6666729686014121,0.4,0.0,2.210884480556003e-05,0.4900390184156002,0.4865592813025674,0.58
53,52,0.5,0.5555555555555556,0.9636363636363636,0.5060774522998666,0.5060774522998666,1.0,0.5231629804499605,0.9983498349834984,0.9999969059064222,0.0,1.0,0.6666797234627361,0.6666877538079993,0.2,0.0,0.9983774212132484,0.4967578561460992,0.5133599788579526,0.39
54,53,0.5,0.1111111111111111,0.1818181818181818,0.5060261523142782,0.5060261523142782,0.0,0.4333268170305786,0.995049504950495,0.998019709355374,0.0,1.0,0.6734970267767721,0.6795396556036989,0.6,1.0,0.0021760425663359,0.5603430903616595,0.5,0.7
55,54,0.3,0.3703703703703703,0.109090909090909,0.5047700783838099,0.5047700783838099,0.0,0.4423861581182463,0.99009900990099,0.9844459768369288,0.0,0.9983498349834984,0.7223347531334032,0.757431612683058,0.8,1.0,0.9005407428450838,0.6400651754452893,0.4878369119393197,0.64
56,55,0.5,0.6296296296296297,0.0909090909090909,0.4986814591443566,0.4986814591443566,0.5,0.5533406329157549,0.9983498349834984,0.993171139127176,0.0033003300330033,0.9966996699669968,0.7245385219553886,0.7444812193820778,0.6,1.0,0.9978753923885076,0.5735790261135447,0.5,0.83
57,56,0.3,0.5555555555555556,0.4909090909090909,0.5060764403660221,0.5060764403660221,0.0,0.430494127140812,0.9966996699669968,0.9999728603201452,0.0,0.995049504950495,0.6668805474864528,0.6669544545553124,0.8,1.0,2.218419411076085e-05,0.4907047047278263,0.486592309653632,0.73
58,57,0.4,0.5185185185185186,0.3272727272727272,0.5060724986071032,0.5060724986071032,0.6666666666666666,0.5266194476395272,0.9983498349834984,0.999865754956776,0.0016501650165016,0.9983498349834984,0.6676480668359935,0.6679334675160495,0.4,1.0,0.0033765411095011,0.4960302133305221,0.5,0.46
59,58,0.4,0.5925925925925926,0.3818181818181818,0.4939266243007489,0.4939266243007489,1.0,0.5142196355499169,0.9983498349834984,0.9998250824385192,0.0,1.0,0.6671669748492182,0.6677191018605675,0.4,0.0,0.9966419725566136,0.50565865656572,0.5,0.45
60,59,0.3,0.1111111111111111,0.0727272727272727,0.5060108662246224,0.5060108662246224,0.0,0.4600634365783771,0.9917491749174916,0.998047043523861,0.0,0.9983498349834984,0.6755367347335519,0.6806691233981251,1.0,1.0,0.0024683698206339,0.5176711646237611,0.5055071248728191,0.82
61,60,0.7,0.7777777777777778,0.0909090909090909,0.5114554668486929,0.5114554668486929,1.0,0.5283987309785003,0.9983498349834984,0.9747178685901596,0.0,1.0,0.7366497680457049,0.8415801878730428,0.0,1.0,0.9807024109847252,0.2539588709094771,0.5248939960000097,0.48
62,61,0.7,0.6296296296296297,0.6181818181818182,0.5060770581485046,0.5060770581485046,0.5,0.5108697791951826,0.9983498349834984,0.999989978844036,0.0016501650165016,0.9983498349834984,0.6667578478481879,0.6667936593845056,0.4,1.0,0.9983915295846036,0.4968056301623921,0.513275397738066,0.48
63,62,0.3,0.5555555555555556,0.9636363636363636,0.4939224847910471,0.4939224847910471,0.0,0.4815973453926031,0.9966996699669968,0.999999156435108,0.0,1.0,0.6666669105508218,0.6666697940054683,0.6,0.0,0.9994197196833536,0.507044769557524,0.4947167108034185,0.49
64,63,0.7,0.7407407407407407,0.1636363636363636,0.5060616137076104,0.5060616137076104,0.0,0.4025927594637684,0.9966996699669968,0.999531203573906,0.0,0.9983498349834984,0.6693758181633557,0.6706539007117043,0.2,1.0,0.0006299043974943,0.5032659407207524,0.5050523641857043,0.46
65,64,0.2,0.2962962962962963,0.4727272727272727,0.4939249362355866,0.4939249362355866,0.0,0.472863905146511,0.9933993399339934,0.999892543869382,0.0,1.0,0.6669319135006121,0.6673163826399345,0.8,1.0,0.9999777104982376,0.5117380226664706,0.5133879657288837,0.86
66,65,0.6,0.925925925925926,0.2363636363636363,0.5037883337800086,0.5037883337800086,1.0,0.5223499757289243,0.9983498349834984,0.992666155987642,0.0,0.9983498349834984,0.7092408699309546,0.7317174422238776,0.4,0.0,0.9994008290608464,0.5071550725937012,0.5,0.47
67,66,0.4,0.4074074074074074,0.2545454545454545,0.4939292807073511,0.4939292807073511,0.0,0.4916715417372052,0.995049504950495,0.9997091062078232,0.0,0.9983498349834984,0.6674602532892651,0.6683208325476513,0.4,1.0,0.0014155257677111,0.507354822916211,0.487944301754639,0.63
68,67,0.4,0.4814814814814815,0.1818181818181818,0.4885351060445032,0.4885351060445032,0.0,0.4987756428352894,0.9966996699669968,0.924624889860928,0.0,1.0,0.877654142968492,0.9993508856055492,0.6,1.0,1.0,0.9607197049100542,0.5106786300481212,0.48
69,68,0.5,0.6666666666666667,0.8363636363636363,0.493922560254445,0.493922560254445,0.0,0.4814115449956787,0.9966996699669968,0.9999973943298782,0.0,1.0,0.6666822414953213,0.6666889699896374,0.6,1.0,0.996728337613302,0.5063222045436113,0.5,0.56
70,69,0.5,0.7407407407407407,0.7636363636363637,0.5060773273926343,0.5060773273926343,0.0,0.4912271049315236,0.9966996699669968,0.9999917875285744,0.0,0.9983498349834984,0.6667019401143717,0.6667330716777056,0.6,1.0,0.9983819172783478,0.496974654981605,0.5133323214807932,0.56
71,70,0.2,0.5185185185185186,0.4545454545454545,0.5060756058927761,0.5060756058927761,0.0,0.4226750053419164,0.99009900990099,0.9999189538392608,0.0,0.9983498349834984,0.6670227927101121,0.6672234502663991,0.8,1.0,0.0005858621228244,0.4948727247979973,0.5052501462688446,0.87
72,71,0.4,0.5925925925925926,0.2363636363636363,0.5055942497163672,0.5055942497163672,0.0,0.3711502898069966,0.995049504950495,0.9951771612655036,0.0,0.995049504950495,0.6930540824238037,0.7041775408880839,0.8,1.0,0.0001320055414618,0.5737486066856323,0.4883725875056849,0.68
73,72,0.7,0.6666666666666667,0.1272727272727272,0.5113838839523885,0.5113838839523885,0.0,0.4981576026887381,0.9966996699669968,0.9732934961926296,0.0,1.0,0.730485677588341,0.8245621788413896,0.6,0.0,0.0006529638747162,0.8800162917047986,0.4428396173867505,0.47
74,73,0.5,0.5925925925925926,0.5818181818181818,0.4939230981984139,0.4939230981984139,1.0,0.5000903187916568,0.9983498349834984,0.999979963975824,0.0,1.0,0.6667572716912503,0.6668188555042146,0.8,0.0,0.9967167984399332,0.5065075608563777,0.5,0.58
75,74,0.3,0.1111111111111111,0.1818181818181818,0.5060042254578397,0.5060042254578397,0.0,0.4187307283357453,0.9917491749174916,0.9976723890944076,0.0,0.9983498349834984,0.6752152847989321,0.6829029047200933,0.8,1.0,0.0048562573142547,0.5587685645423259,0.5,0.7
76,75,0.3,0.3333333333333333,0.109090909090909,0.506040261200732,0.506040261200732,0.0,0.382702133799401,0.9917491749174916,0.9988403569770066,0.0,0.9983498349834984,0.6719730740897978,0.6754406319322495,0.8,1.0,0.0040706788271906,0.5066391120949791,0.5,0.75
77,76,0.6,0.7777777777777778,0.2,0.5015290604481144,0.5015290604481144,0.7142857142857143,0.4313961131379273,0.9966996699669968,0.992143441005678,0.0082508250825082,0.9933993399339934,0.7198262924430809,0.7388748237602015,0.4,0.0,0.1165210894320817,0.6419973912812627,0.5,0.42
78,77,0.6,0.4814814814814815,0.5272727272727272,0.4939235528964674,0.4939235528964674,0.5,0.4825546898301416,0.9966996699669968,0.9999697921232092,0.0,0.9966996699669968,0.666841671955468,0.6669396293662371,0.6,1.0,0.9967073202360912,0.5067302041434323,0.5,0.47
79,78,0.4,0.2962962962962963,0.1818181818181818,0.4885351060445032,0.4885351060445032,0.0,0.489144363187501,0.995049504950495,0.9215500555898186,0.0,1.0,0.7667101930855824,0.9868382202474688,0.6,0.0,1.0,0.4902950598614564,0.5516542249017692,0.51
80,79,0.5,0.4444444444444444,0.2545454545454545,0.50606730834394,0.50606730834394,0.3333333333333333,0.5255734302801967,0.9983498349834984,0.9997435527762188,0.0,0.9966996699669968,0.6685128627618373,0.6692299890062738,0.4,1.0,0.0014322535745452,0.496317525277108,0.4841197099768749,0.5
81,80,0.5,0.962962962962963,0.0909090909090909,0.4893820426751719,0.4893820426751719,0.6666666666666666,0.547314757638443,0.9983498349834984,0.9871136401119356,0.0099009900990099,0.9933993399339934,0.7535272766592654,0.7818393402205285,0.4,0.0,0.9406522609232744,0.5390148906495015,0.5,0.25
82,81,0.5,0.7407407407407407,0.7636363636363637,0.5060773125147575,0.5060773125147575,1.0,0.529903053150485,0.9983498349834984,0.9999919135924056,0.0,1.0,0.6667055102926944,0.6667322798167752,0.4,1.0,2.2122469920690396e-05,0.4901342367833656,0.48656532638292,0.49
83,82,0.3,0.5925925925925926,0.6727272727272727,0.493922824025935,0.493922824025935,0.0,0.4260564055246243,0.9933993399339934,0.9999848626310356,0.0,0.9983498349834984,0.6667216415792532,0.6667539799691842,0.8,1.0,0.999977867018657,0.5102139580936544,0.5134326581002434,0.81
84,83,0.4,0.5555555555555556,0.9818181818181818,0.4939225181090969,0.4939225181090969,0.0,0.466226900091199,0.9933993399339934,0.9999974388208164,0.0,1.0,0.6666717683207687,0.6666785365160075,0.6,1.0,0.9999778897862732,0.51001743333444,0.5134404088114444,0.76
85,84,0.6,0.5925925925925926,0.5818181818181818,0.4939230260486572,0.4939230260486572,0.0,0.4555343957003739,0.995049504950495,0.9999718662360972,0.0,1.0,0.6667315998666372,0.6668146283087873,0.4,1.0,0.9999778537173072,0.5107452211209028,0.5134305178708457,0.55
86,85,0.6,0.6296296296296297,0.7818181818181819,0.5060773958117178,0.5060773958117178,0.4,0.5801938896902998,0.9983498349834984,0.999997338320744,0.0066006600660066,0.995049504950495,0.6666927383717414,0.6667006282748179,0.4,1.0,0.0005806233769218,0.4930295035796666,0.505281187577978,0.53
87,86,0.3,0.8148148148148149,0.7272727272727273,0.493922701558194,0.493922701558194,0.0,0.4556877741240387,0.9966996699669968,0.999993346460318,0.0,0.9966996699669968,0.6667040555087158,0.6667240833227203,0.8,1.0,0.9967253465012514,0.5063267887942117,0.5,0.61
88,87,0.2,0.5185185185185186,0.4545454545454545,0.506075691526476,0.506075691526476,0.0,0.4532899941426539,0.99009900990099,0.9999415740111132,0.0,0.9933993399339934,0.6670246458378943,0.6671384016901976,0.8,1.0,0.0012910103395468,0.488821409586575,0.479478743061036,0.7
89,88,0.4,0.6296296296296297,0.9818181818181818,0.5060775211197233,0.5060775211197233,1.0,0.519599195181307,0.9983498349834984,0.9999991364725292,0.0,1.0,0.6666669195871554,0.6666697928075292,0.2,0.0,2.210748857550689e-05,0.4900272235186735,0.4865587597712899,0.35
90,89,0.5,0.5555555555555556,0.8363636363636363,0.4939226112093007,0.4939226112093007,1.0,0.6079929135189033,0.9983498349834984,0.9999970830332698,0.0049504950495049,1.0,0.6666922025406982,0.6667003779482891,0.4,0.0,0.0016202877127449,0.503357247413168,0.4866532911973357,0.27
91,90,0.5,0.5555555555555556,0.1272727272727272,0.5114648939554968,0.5114648939554968,0.0,0.3999989244823073,0.9917491749174916,0.9161905445634884,0.0,0.995049504950495,0.7869038681876923,0.9914511593929504,0.4,0.0,1.4259430013775297e-43,0.9355928075234856,0.5,0.41
92,91,0.4,0.5925925925925926,0.8363636363636363,0.5060774292800696,0.5060774292800696,0.6666666666666666,0.5408852645892943,0.9983498349834984,0.9999971157433956,0.0049504950495049,0.9983498349834984,0.6666853626429472,0.666694332792477,0.6,1.0,2.211400210561546e-05,0.4900430004123022,0.4865615108764364,0.7
93,92,0.3,0.2962962962962963,0.4727272727272727,0.4939248246955938,0.4939248246955938,1.0,0.5438954272610821,0.9983498349834984,0.9999201162536934,0.0016501650165016,1.0,0.6669933139841699,0.6672984015220236,0.6,0.0,0.9966804938092092,0.5081819178060933,0.5,0.61
94,93,0.5,0.1111111111111111,0.1818181818181818,0.5060198051048285,0.5060198051048285,0.0,0.4532217183474041,0.9933993399339934,0.998443036122754,0.0,0.995049504950495,0.6750151517235743,0.6774271534250187,0.8,1.0,0.0022959821091287,0.495942825572933,0.5,0.7
95,94,0.8,0.925925925925926,0.7818181818181819,0.5060773350311225,0.5060773350311225,0.0,0.4386368195712327,0.9966996699669968,0.9999936739144296,0.0,1.0,0.6667028996234428,0.6667245710752948,0.4,1.0,0.0005807971951872,0.4930181917328327,0.5052801859825147,0.44
96,95,0.4,0.5925925925925926,0.3818181818181818,0.493926899093136,0.493926899093136,0.0,0.4972954903884324,0.9966996699669968,0.9999002955002242,0.0016501650165016,0.9966996699669968,0.6674106842629906,0.6677224376753056,0.8,0.0,0.9966355433876884,0.508505488814516,0.5,0.57
97,96,0.5,0.5185185185185186,0.3272727272727272,0.5060737875486852,0.5060737875486852,0.0,0.4898338137893694,0.9966996699669968,0.9998602000052584,0.0,1.0,0.6673542384486566,0.6678177198330121,0.6,1.0,0.0005914055854958,0.4963237411070306,0.505220403287882,0.4
98,97,0.5,0.4074074074074074,0.2545454545454545,0.493928245679416,0.493928245679416,1.0,0.5182131319641199,0.9983498349834984,0.9997830587802188,0.0,1.0,0.6674214883718899,0.6681646461603,0.6,1.0,0.9994020999458336,0.5121263657300906,0.4948028625935781,0.52
99,98,0.3,0.4444444444444444,0.9454545454545454,0.4939225243620098,0.4939225243620098,0.2,0.4495065077248352,0.995049504950495,0.999998176374163,0.0016501650165016,0.99009900990099,0.6666746435433413,0.6666794796273595,0.6,1.0,0.9987385491712578,0.5119785609998289,0.521588751284664,0.79
100,99,0.3,0.7037037037037037,0.9636363636363636,0.4939225429987143,0.4939225429987143,0.0,0.4549926406741692,0.9933993399339934,0.9999959498909778,0.0,1.0,0.6666731579897913,0.6666848055218547,0.8,1.0,0.9994195476470588,0.5070804365611703,0.4947176243997804,0.62
101,100,0.5,0.6666666666666667,0.0727272727272727,0.4939486848424244,0.4939486848424244,1.0,0.533210954787011,0.9983498349834984,0.9993111818483044,0.0,1.0,0.6704560588979471,0.6723182648381827,0.4,0.0,0.9961690966507998,0.5274521645936844,0.5,0.54
102,101,0.4,0.6296296296296297,0.7818181818181819,0.5060773846441682,0.5060773846441682,1.0,0.5261883398646583,0.9983498349834984,0.9999937013046872,0.0,1.0,0.6666918887802814,0.6667111952264336,0.4,0.0,2.2116531184418143e-05,0.4900850436849179,0.4865632833256416,0.58
103,102,0.2,0.6296296296296297,0.4181818181818181,0.4939259087768295,0.4939259087768295,0.0,0.4396460871974659,0.9933993399339934,0.9998680223508144,0.0,0.9966996699669968,0.6672198963429556,0.6674869515298871,0.6,0.0,0.0015103870208804,0.5049438037090264,0.4873233801255431,0.63
104,103,0.4,0.4814814814814815,0.5272727272727272,0.4939234135453035,0.4939234135453035,0.5,0.4220371369866464,0.9966996699669968,0.9999744059619948,0.0016501650165016,0.9966996699669968,0.6668388468239831,0.6668979618808668,0.6,1.0,0.996710267827892,0.5065784056414686,0.5,0.76
105,104,0.4,0.3703703703703703,0.109090909090909,0.5081192653128113,0.5081192653128113,0.0,0.4838923182577272,0.9966996699669968,0.9859851713973558,0.0,0.9983498349834984,0.7190778871650193,0.7702762144784389,0.4,0.0,0.1193205710658112,0.531353083768811,0.4382454422960173,0.7
106,105,0.6,0.7037037037037037,0.2545454545454545,0.4943762354727395,0.4943762354727395,0.5,0.5512026231672631,0.9983498349834984,0.9957791223601552,0.0,0.9983498349834984,0.6882113354408089,0.7016824990104267,0.4,0.0,0.986850190610149,0.5795394250083168,0.5,0.47
107,106,0.3,0.2962962962962963,0.4727272727272727,0.4939250560455089,0.4939250560455089,0.25,0.5545599574838693,0.9983498349834984,0.9999582416980868,0.0066006600660066,0.9933993399339934,0.66717679254957,0.6672926638460283,0.6,1.0,0.9966755999909384,0.5066380388604017,0.5,0.7
108,107,0.5,0.6296296296296297,0.0909090909090909,0.4925304668938768,0.4925304668938768,1.0,0.5023520850841068,0.9983498349834984,0.9846250692390331,0.0,1.0,0.7352550612942653,0.7788646616009839,0.6,0.0,0.9884446389458348,0.8496144874219858,0.5,0.42
109,108,0.6,1.0,0.1636363636363636,0.5059326860604156,0.5059326860604156,0.0,0.4051705621011598,0.9966996699669968,0.9975733112203288,0.0,0.9983498349834984,0.6814588672518314,0.689595053953335,0.6,0.0,4.373760645787747e-05,0.5165463675823786,0.4874249616686998,0.55
110,109,0.6,0.5555555555555556,0.1454545454545454,0.5058537309571581,0.5058537309571581,1.0,0.5380336699150476,0.9983498349834984,0.9971436953719428,0.0049504950495049,1.0,0.6857252693493681,0.6936199361732824,0.2,1.0,0.0059737856889433,0.4834599614097015,0.5295560097156836,0.34
111,110,0.4,0.7037037037037037,0.2181818181818181,0.4885351106450576,0.4885351106450576,0.0,0.4401600125475473,0.9966996699669968,0.971532317395228,0.0,0.9966996699669968,0.8333623972587871,0.9291283561762752,0.4,0.0,0.9999999994873576,0.6509109996070295,0.4925061210512786,0.7
112,111,0.4,0.962962962962963,1.0,0.4939224750631197,0.4939224750631197,1.0,0.5096031876991588,0.9983498349834984,0.9999993539484398,0.0,1.0,0.6666655715882531,0.6666674814055455,0.4,0.0,0.9967301323183992,0.5062673331871153,0.5,0.4
113,112,0.5,0.7037037037037037,0.6363636363636364,0.5060769184625467,0.5060769184625467,0.0,0.4909355865476935,0.995049504950495,0.9999735867045684,0.0,1.0,0.6667774571921598,0.6668617095130637,0.8,0.0,2.2148041059015155e-05,0.4909123804393646,0.4865800199008023,0.61
114,113,0.7,0.925925925925926,0.7818181818181819,0.5060773363399586,0.5060773363399586,0.6666666666666666,0.5316963552513112,0.9983498349834984,0.9999956462887992,0.0115511551155115,0.995049504950495,0.6667047392080935,0.6667155930607859,0.2,0.0,0.0032738376700111,0.4937846098807562,0.5,0.23
115,114,0.7,1.0,0.8545454545454545,0.5060774086116403,0.5060774086116403,0.4,0.48754280468252,0.9966996699669968,0.9999961962123396,0.0049504950495049,0.995049504950495,0.6666898286385918,0.6666962028509978,0.2,0.0,0.001262555883703,0.4880450129571204,0.4784514012652332,0.21
116,115,0.7,0.7407407407407407,0.109090909090909,0.49396177058802,0.49396177058802,1.0,0.5616005017591168,0.9983498349834984,0.9993622784885664,0.0049504950495049,1.0,0.6717068663371395,0.6743867839387521,0.4,1.0,0.9958845287721724,0.5141671446790408,0.5,0.43
117,116,0.7,0.6296296296296297,0.7818181818181819,0.506077356042467,0.506077356042467,1.0,0.5333846869175448,0.9983498349834984,0.9999937552910168,0.0,1.0,0.6666982236780912,0.6667159974680482,0.6,1.0,0.0012634301145487,0.4881488165773944,0.4784841856827655,0.57
118,117,0.6,0.7037037037037037,0.2545454545454545,0.4943143779909211,0.4943143779909211,0.0,0.4410752240840319,0.9966996699669968,0.9939366940625184,0.0,1.0,0.682279463503975,0.7009121694467524,0.2,0.0,0.9895887926302758,0.6350952922306586,0.4592611856152646,0.47
119,118,0.3,0.5555555555555556,0.9636363636363636,0.5060774676899238,0.5060774676899238,0.0,0.3717245677795722,0.9933993399339934,0.9999982029401135,0.0,0.9933993399339934,0.6666780356375301,0.6666817876495037,0.6,0.0,0.0005804168242969,0.4929994566014886,0.5052824444973194,0.6
120,119,0.5,0.5555555555555556,0.9636363636363636,0.5060774712112776,0.5060774712112776,0.0,0.4315166330386768,0.9917491749174916,0.9999974976321908,0.0,0.9983498349834984,0.6666764700513076,0.6666828402107068,0.8,0.0,2.211091256129365e-05,0.4900812841070617,0.4865604280936768,0.3
121,120,0.3,0.7037037037037037,0.2727272727272727,0.5060720581638471,0.5060720581638471,0.0,0.4660293496008222,0.995049504950495,0.999868956985156,0.0016501650165016,0.9966996699669968,0.6677280908485398,0.6681072184032326,0.6,0.0,0.998552275656084,0.4987897180552036,0.5122502465489323,0.71
122,121,0.6,0.7407407407407407,0.1636363636363636,0.4939372928248698,0.4939372928248698,1.0,0.5023468179753419,0.9983498349834984,0.999537514550112,0.0,1.0,0.6686514196748966,0.6701115505824281,0.4,0.0,0.9999766053263682,0.5147392068132397,0.5131611354444399,0.42
123,122,0.7,0.8148148148148149,0.9818181818181818,0.5060774818943181,0.5060774818943181,0.0,0.4604228828998652,0.995049504950495,0.9999978980341692,0.0,1.0,0.6666745873883174,0.6666808305095753,0.4,0.0,0.0032707792942268,0.4937852320960332,0.5,0.42
124,123,0.5,0.7037037037037037,0.6363636363636364,0.5060769603904249,0.5060769603904249,0.0,0.4516128537110135,0.995049504950495,0.999980910625282,0.0,0.9983498349834984,0.6667721202731796,0.66681628837136,0.4,0.0,0.0032818083617553,0.4940909138457422,0.5,0.36
125,124,0.3,0.3703703703703703,0.109090909090909,0.5045629397975058,0.5045629397975058,0.0,0.4802737059931338,0.9917491749174916,0.980016061053375,0.0,1.0,0.7041159666724329,0.7652080357672447,0.6,1.0,0.3106454384930898,0.7218441044994877,0.4401787571494303,0.56
126,125,0.6,0.925925925925926,0.7090909090909091,0.4939227886229136,0.4939227886229136,1.0,0.5309639668447217,0.9983498349834984,0.9999882002377944,0.0,1.0,0.6667153508101464,0.6667449485081207,0.4,1.0,0.9987341763958448,0.5121519958438716,0.5214324562639335,0.48
127,126,0.4,0.5555555555555556,0.9818181818181818,0.4939225156111978,0.4939225156111978,0.5,0.5534117832006606,0.9983498349834984,0.99999870602681,0.0033003300330033,0.9933993399339934,0.6666745184070935,0.6666770776024181,0.4,0.0,0.0016237231697227,0.503360440832516,0.4866328945952869,0.61
128,127,0.3,0.1111111111111111,0.0727272727272727,0.5059919644668425,0.5059919644668425,0.0,0.4696920118168591,0.995049504950495,0.9977160047135128,0.0,1.0,0.6769957749847585,0.6830305384633545,0.8,1.0,0.0028456592794969,0.5540717316557707,0.5101618302085322,0.88
129,128,0.7,0.7407407407407407,0.3454545454545454,0.5060727813054657,0.5060727813054657,0.6666666666666666,0.5692934130521239,0.9983498349834984,0.9998965675782426,0.0082508250825082,0.9983498349834984,0.6675497379136587,0.6678799738130347,0.4,1.0,0.9985295900219248,0.4985282740154713,0.5124007410896698,0.41
130,129,0.5,0.5555555555555556,0.1272727272727272,0.5114648939554968,0.5114648939554968,0.0,0.4350661407008102,0.9966996699669968,0.9052497971478188,0.0,0.9966996699669968,0.6245675115390449,0.8890068196258128,0.6,1.0,4.874792593605665e-60,0.9984549955289788,0.5,0.57
131,130,0.6,0.7037037037037037,0.3090909090909091,0.4939282835305169,0.4939282835305169,0.5,0.570722232341672,0.9983498349834984,0.9998295374990784,0.0,0.9983498349834984,0.6675551462454673,0.6681375113446921,0.4,1.0,0.9994024821674072,0.51090137835153,0.4948026553905071,0.46
132,131,0.5,0.2962962962962963,0.8363636363636363,0.493922617735226,0.493922617735226,0.5,0.4099325202428633,0.9966996699669968,0.999995153176202,0.0016501650165016,0.9983498349834984,0.6666924999421925,0.6667029465805095,0.8,0.0,0.9994193351910085,0.5071016205002485,0.4947189040367278,0.51
133,132,0.9,1.0,0.9818181818181818,0.5060774776685983,0.5060774776685983,1.0,0.573979958130627,0.9983498349834984,0.9999983943807178,0.0099009900990099,1.0,0.6666760145237315,0.6666786996110321,0.0,0.0,2.21105779802274e-05,0.490056859892314,0.4865600811891704,0.09
134,133,0.5,0.4444444444444444,0.2545454545454545,0.506065276866354,0.506065276866354,0.5,0.476810530710468,0.9966996699669968,0.9996003635287845,0.0049504950495049,0.9983498349834984,0.6689043299028483,0.6697265563845896,0.4,0.0,0.0006181250858656,0.4940866674641876,0.5051088337419606,0.49
135,134,0.5,0.7777777777777778,0.5272727272727272,0.5060767667980843,0.5060767667980843,0.0,0.3883775278790624,0.995049504950495,0.999970129385715,0.0,0.9983498349834984,0.6668066422798083,0.6668883058101432,0.6,1.0,0.0012731310685116,0.4884169405352493,0.4788361457148479,0.75
136,135,0.6,0.6296296296296297,0.6,0.506076958818387,0.506076958818387,0.5,0.5297384791929363,0.9983498349834984,0.9999845605075348,0.0049504950495049,0.9966996699669968,0.6667771147253048,0.666821669567823,0.8,1.0,0.9983951083388416,0.497159371356539,0.5132531757306976,0.52
137,136,0.4,0.5555555555555556,0.1272727272727272,0.5114648939554968,0.5114648939554968,0.0,0.4440432665961555,0.99009900990099,0.8852655476259496,0.0,0.9983498349834984,0.7160002993341943,0.9862771110715612,0.8,1.0,2.4567354674469925e-37,0.3855186476932067,0.4824454871076876,0.7
138,137,0.5,0.5555555555555556,0.8363636363636363,0.493922599590046,0.493922599590046,0.0,0.4959244258059152,0.9966996699669968,0.9999942522254156,0.0,1.0,0.6666798581991191,0.6667003704969772,0.6,0.0,0.9967275012871376,0.5061562556273254,0.5,0.44
139,138,0.5,0.5555555555555556,0.9818181818181818,0.4939225104775773,0.4939225104775773,1.0,0.5245402612566278,0.9983498349834984,0.999998275235054,0.0,1.0,0.6666715850316147,0.6666760773021978,0.2,0.0,0.9994196445352106,0.5070536208006476,0.4947171380971337,0.43
140,139,0.5,1.0,0.9454545454545454,0.493922507204142,0.493922507204142,1.0,0.5090924669442057,0.9983498349834984,0.999998164875013,0.0,1.0,0.6666697599330297,0.6666757140421172,0.6,0.0,0.9967294527455588,0.5062872298721549,0.5,0.53
141,140,0.8,0.6296296296296297,0.0909090909090909,0.4947290661020697,0.4947290661020697,0.0,0.4821345779137713,0.9966996699669968,0.9860343350037788,0.0,1.0,0.7324232703460968,0.7770167787131816,0.2,1.0,0.9945188322030124,0.8144881581983084,0.5,0.43
142,141,0.3,0.1111111111111111,0.0727272727272727,0.5059951825600043,0.5059951825600043,0.6666666666666666,0.4448582149546273,0.9966996699669968,0.9982524607973332,0.0033003300330033,0.995049504950495,0.6768376368090613,0.6813609949839665,0.6,0.0,0.9993681204347052,0.5317060894463195,0.5,0.78
143,142,0.7,0.6666666666666667,0.1272727272727272,0.5110222695135386,0.5110222695135386,1.0,0.514072831933547,0.9983498349834984,0.9754106521275814,0.0,1.0,0.7218218537759136,0.8041391129505658,0.2,0.0,0.0138292490836995,0.9277188250739176,0.4631859141810394,0.41
144,143,0.6,0.5925925925925926,0.8909090909090909,0.4939224978302453,0.4939224978302453,0.6666666666666666,0.5497187849279918,0.9983498349834984,0.9999992741454544,0.0066006600660066,0.9983498349834984,0.666670646428335,0.6666725832783432,0.4,1.0,0.9994196832542884,0.5070457069233666,0.494716935729528,0.51
145,144,0.6,0.5925925925925926,0.8909090909090909,0.4939224984613168,0.4939224984613168,0.0,0.4607402612785509,0.995049504950495,0.999998851816434,0.0,1.0,0.6666704944416921,0.6666732594692217,0.6,0.0,0.999977891130576,0.5099909308056854,0.5134408127767877,0.55
146,145,0.3,0.925925925925926,0.5454545454545454,0.5060764249035679,0.5060764249035679,0.0,0.4925291574309008,0.9966996699669968,0.9999681425043544,0.0,1.0,0.6668811427416708,0.6669560131316086,0.8,0.0,2.2187111024128604e-05,0.4907431472759651,0.4865927565872962,0.5
147,146,0.7,0.925925925925926,0.8545454545454545,0.4939225717659461,0.4939225717659461,1.0,0.5201280125240286,0.9983498349834984,0.999994849894869,0.0,1.0,0.6666753164013024,0.6666942518044549,0.4,0.0,0.9967280897397104,0.5064177702755372,0.5,0.59
148,147,0.6,0.7777777777777778,0.5272727272727272,0.5060764880067525,0.5060764880067525,1.0,0.524565221579189,0.9983498349834984,0.9999624547795812,0.0,1.0,0.6668591302480918,0.6669923992689841,0.2,0.0,0.9984116491379276,0.4965182334124755,0.513156351050569,0.22
149,148,0.4,0.6296296296296297,0.4181818181818181,0.4939256845156079,0.4939256845156079,0.0,0.4835171347221904,0.995049504950495,0.9999001494930052,0.0,0.9966996699669968,0.6671917956330268,0.667478421318386,0.6,1.0,0.9994103262736496,0.5075682737456215,0.4947682227788784,0.64
150,149,0.4,0.5555555555555556,0.9818181818181818,0.4939225079512315,0.4939225079512315,0.5,0.4927190571719476,0.9966996699669968,0.9999988012684212,0.0016501650165016,0.9966996699669968,0.6666719707689707,0.6666753866043174,0.4,1.0,0.9994196533187422,0.5070530461458056,0.4947170964662281,0.51
151,150,0.5,0.6666666666666667,0.8363636363636363,0.4939225749103414,0.4939225749103414,0.0,0.4595706400426482,0.9966996699669968,0.9999947860491718,0.0,1.0,0.6666751689457762,0.6666941975468288,0.6,1.0,0.9987377264104174,0.5120432635291338,0.5215600994292618,0.64
152,151,0.6,0.962962962962963,0.2727272727272727,0.5060670817790747,0.5060670817790747,1.0,0.5121028177888638,0.9983498349834984,0.9996849673843592,0.0,1.0,0.6685533221642198,0.6695824273492114,0.6,0.0,0.9986807471501696,0.5067572125203297,0.5113075368066144,0.56
153,152,0.5,0.0,0.5454545454545454,0.4939242057604689,0.4939242057604689,0.0,0.4296662832349459,0.9966996699669968,0.9999577769970642,0.0,0.9983498349834984,0.6669690500557175,0.6670836658360699,0.4,1.0,0.9987107318244718,0.5126646661579084,0.5206083402753308,0.63
154,153,0.5,0.2962962962962963,0.8363636363636363,0.4939226572993025,0.4939226572993025,0.8,0.4982474689354427,0.9966996699669968,0.999994974407578,0.0049504950495049,0.9983498349834984,0.6667008999453503,0.6667115797639619,0.4,0.0,0.9987363513972196,0.5120163637733268,0.5215091554654947,0.24
155,154,0.4,0.5925925925925926,0.3818181818181818,0.4939267429238694,0.4939267429238694,0.0,0.4667715008946386,0.9933993399339934,0.9998154424902056,0.0,1.0,0.6671070123198497,0.6677195996886417,0.6,1.0,0.999977547530352,0.5158241160994839,0.5133521685196148,0.72
156,155,0.5,0.5925925925925926,0.2363636363636363,0.5055726361736346,0.5055726361736346,0.0,0.4599263063159492,0.995049504950495,0.9946400812066511,0.0,1.0,0.6931251490943594,0.7073298075549094,0.8,0.0,0.0137725956673473,0.5781338219861065,0.54582053124728,0.65
157,156,0.6,0.7407407407407407,0.2363636363636363,0.4951296874791038,0.4951296874791038,0.0,0.4958289209643504,0.9966996699669968,0.9941650127732496,0.0,1.0,0.6999527042553042,0.7163818815899287,0.4,0.0,0.9922083638173222,0.5806100546972905,0.4947996001477406,0.51
158,157,0.5,0.962962962962963,0.1818181818181818,0.4939736498943341,0.4939736498943341,1.0,0.585286435569568,0.9983498349834984,0.9988584985999378,0.0033003300330033,1.0,0.6730380953028097,0.676593792301188,0.4,1.0,0.9999721252428464,0.5378335797066076,0.5128784272006828,0.34
159,158,0.5,0.5925925925925926,0.6727272727272727,0.4939228568699749,0.4939228568699749,1.0,0.5258267310203639,0.9983498349834984,0.9999886911307858,0.0,1.0,0.6667200912268221,0.6667657938541555,0.4,1.0,0.9994186264869956,0.5072582425230234,0.4947227456788858,0.58
160,159,0.3,0.4074074074074074,0.1818181818181818,0.4941509626381508,0.4941509626381508,0.0,0.4529942136227893,0.9917491749174916,0.994946906297766,0.0,1.0,0.6784400764088819,0.6945967496913219,0.6,0.0,0.0004202678462059,0.6089689850113146,0.5,0.56
161,160,0.3,0.5555555555555556,0.9636363636363636,0.5060774668558824,0.5060774668558824,1.0,0.530755347763018,0.9983498349834984,0.999997898889273,0.0,1.0,0.6666776567599677,0.6666831874861621,0.8,0.0,2.2111297476586972e-05,0.4900518818935529,0.4865601389082871,0.38
162,161,0.6,0.6666666666666667,0.2,0.5114648880939189,0.5114648880939189,0.5,0.4900310652207614,0.9966996699669968,0.9763855645385804,0.0066006600660066,0.995049504950495,0.811581427043391,0.9078464945865434,0.2,0.0,3.6849345636800302e-09,0.8291457899540069,0.4571712068384889,0.23
163,162,0.4,0.5925925925925926,0.6727272727272727,0.4939228408668794,0.4939228408668794,0.3333333333333333,0.5937142192185847,0.9983498349834984,0.9999932755564056,0.0016501650165016,0.9966996699669968,0.666736760509202,0.6667570724050224,0.6,1.0,0.0016120012058324,0.5034565574257368,0.486702329821874,0.63
164,163,0.2,0.1111111111111111,0.0727272727272727,0.505967069203958,0.505967069203958,0.0,0.456749895588717,0.9966996699669968,0.9972386792156616,0.0,0.9966996699669968,0.6785216467616589,0.6859303375982341,0.8,1.0,0.0009940183751283,0.5373369030145618,0.5,0.8
165,164,0.6,0.7037037037037037,0.6181818181818182,0.493922947182799,0.493922947182799,0.75,0.6052535453331434,0.9983498349834984,0.9999898519102052,0.0066006600660066,0.9966996699669968,0.6667570726777623,0.666783023231754,0.4,0.0,0.0016082067007674,0.5033235116323382,0.4867261743880566,0.47
166,165,0.5,0.4814814814814815,0.1818181818181818,0.4885351064153287,0.4885351064153287,0.0,0.4902459608932811,0.9966996699669968,0.9722173504973756,0.0,0.9983498349834984,0.8527050584473077,0.9326988838173396,0.6,1.0,0.9999999999941735,0.8808182252990177,0.4943405609985802,0.47
167,166,0.2,0.1111111111111111,0.0727272727272727,0.5059714151269529,0.5059714151269529,0.0,0.4256425687420597,0.9867986798679867,0.9971561029339814,0.0,0.9917491749174916,0.6794033500731202,0.6824535027206742,1.0,1.0,0.999440442686769,0.5138551042110743,0.5,0.86
168,167,0.7,0.7777777777777778,0.5454545454545454,0.4939232620041922,0.4939232620041922,0.3333333333333333,0.4990565524443633,0.9966996699669968,0.9999692433877072,0.0016501650165016,0.9983498349834984,0.6667887932215576,0.6668712556343636,0.4,1.0,0.9994174454384148,0.507478232896919,0.4947296095908939,0.38
169,168,0.5,0.7777777777777778,0.2,0.4997601419332306,0.4997601419332306,0.0,0.4777816808498011,0.995049504950495,0.9861536667383788,0.0,1.0,0.7205239428495035,0.7615932368569014,0.6,1.0,0.1757241924670475,0.6032741616333249,0.5,0.59
170,169,0.5,1.0,0.8181818181818182,0.5060773445298954,0.5060773445298954,1.0,0.5220393287760166,0.9983498349834984,0.9999938183460142,0.0,1.0,0.666701359048641,0.6667171232262016,0.4,0.0,0.9983812883868934,0.4968867227968814,0.5133365438973555,0.53
171,170,0.8,0.7777777777777778,0.5272727272727272,0.5060766367177361,0.5060766367177361,1.0,0.5219433094571289,0.9983498349834984,0.9999800171787658,0.0049504950495049,1.0,0.6668428991365698,0.6669093632188986,0.2,0.0,0.0012753723048955,0.4883802131016299,0.4789191583562588,0.12
172,171,0.5,0.8888888888888888,0.1818181818181818,0.4885351060445032,0.4885351060445032,0.5,0.5047822532807731,0.9983498349834984,0.9449511061605586,0.0,1.0,0.8200212437596259,0.9963319132970264,0.8,0.0,3.629929627909242e-33,0.7122680741276791,0.4731098108474773,0.48
173,172,0.6,0.5925925925925926,0.2363636363636363,0.5052286259485419,0.5052286259485419,0.0,0.4249572892337045,0.9966996699669968,0.9920758472808028,0.0,1.0,0.69660402821484,0.7240879718073536,0.2,0.0,0.999612643454158,0.6557767306368296,0.5,0.4
174,173,0.5,0.7407407407407407,0.2363636363636363,0.4950011559990495,0.4950011559990495,0.0,0.4820470876167464,0.9966996699669968,0.9932856221761628,0.0,1.0,0.6908365775305474,0.7160616582827569,0.6,1.0,0.9931401244334552,0.6031152046371975,0.494932121236692,0.57
175,174,0.5,0.7407407407407407,0.3818181818181818,0.5060741016501934,0.5060741016501934,0.0,0.4894560035100637,0.9966996699669968,0.9998736884074226,0.0,0.9983498349834984,0.6672688467308339,0.6677438301061981,0.6,1.0,0.9984921585112282,0.4999675126940089,0.5126420124471657,0.67
176,175,0.5,0.5925925925925926,0.5818181818181818,0.4939231149517531,0.4939231149517531,0.0,0.4776750458118377,0.9966996699669968,0.9999753686227894,0.0,1.0,0.6667658800056426,0.666830650555005,0.6,1.0,0.0016023996627321,0.5036458396973438,0.4867584249767504,0.5
177,176,0.3,0.1111111111111111,0.0727272727272727,0.5059195215281662,0.5059195215281662,0.0,0.4950555835801759,0.9966996699669968,0.9968245960082156,0.0,1.0,0.6818320603709535,0.6925028948697587,0.8,1.0,0.0043981559468255,0.6001535284682816,0.5230752477845048,0.63
178,177,0.5,0.7037037037037037,0.6909090909090909,0.4939227423295222,0.4939227423295222,0.0,0.4753714146038803,0.995049504950495,0.9999878251643392,0.0,1.0,0.6666969310130709,0.6667364425395687,0.4,0.0,0.9999778723569744,0.5101264561585622,0.513435338509579,0.32
179,178,0.7,0.6666666666666667,0.1272727272727272,0.510490959806015,0.510490959806015,1.0,0.504241474591886,0.9983498349834984,0.9865859057772745,0.0016501650165016,1.0,0.7383333589375507,0.7846736516460003,0.2,0.0,0.0853576466810472,0.6616702026636293,0.4668429915124533,0.26
180,179,0.4,0.8518518518518519,0.2181818181818181,0.5032080216769854,0.5032080216769854,0.3333333333333333,0.5117426521687671,0.9983498349834984,0.9939234329534444,0.0016501650165016,0.9917491749174916,0.7254404859043294,0.7476244698968673,0.6,0.0,0.4271289100680842,0.4856963161041602,0.4362058645825342,0.51
181,180,0.3,0.1111111111111111,0.1818181818181818,0.5060004338308792,0.5060004338308792,0.0,0.4543554498932398,0.9917491749174916,0.9976324865994914,0.0,0.9983498349834984,0.6763600581855678,0.6829159513214671,0.6,0.0,0.0049394504628119,0.549148514646559,0.5,0.71
182,181,0.8,0.8148148148148149,0.0727272727272727,0.4940115707081967,0.4940115707081967,0.5,0.5658316669321339,0.9983498349834984,0.9981621089000204,0.0082508250825082,0.9983498349834984,0.6751389574794867,0.6817855617598036,0.4,0.0,0.9947984706108676,0.5273733968854537,0.5,0.22
183,182,0.5,0.6666666666666667,0.9818181818181818,0.4939224788681933,0.4939224788681933,1.0,0.5034747394541398,0.9983498349834984,0.9999992153591708,0.0,1.0,0.6666657098869194,0.6666684346346579,0.6,1.0,0.0016250570951394,0.5033586501038371,0.4866249887948591,0.61
184,183,0.4,0.5925925925925926,0.5818181818181818,0.4939230991187714,0.4939230991187714,0.0,0.4533395764194307,0.995049504950495,0.9999695577706638,0.0,1.0,0.6667419013866354,0.6668392206479204,0.6,0.0,0.9994179167397802,0.5080508061045552,0.4947259361463486,0.59
185,184,0.1,0.0,0.5454545454545454,0.4939239743103017,0.4939239743103017,0.0,0.4197971761386995,0.9867986798679867,0.9999183777511182,0.0,0.9966996699669968,0.6668333005160186,0.6670585983296624,1.0,0.0,0.9999777741718516,0.5117353201838634,0.5134086547763781,0.85
186,185,0.6,1.0,0.2,0.5058011299723457,0.5058011299723457,1.0,0.5244933361359096,0.9983498349834984,0.996829314976104,0.0,1.0,0.6872234765158065,0.6982464306621172,0.4,0.0,0.0017640564290686,0.5176835477143117,0.5,0.21
187,186,0.6,0.6666666666666667,0.1272727272727272,0.4940562291418215,0.4940562291418215,0.5,0.4906509632958327,0.9966996699669968,0.9978755685383148,0.0049504950495049,0.9983498349834984,0.6791239445539055,0.6856902425403691,0.2,0.0,0.9938246635399692,0.5350299310854563,0.5,0.16
188,187,0.5,0.5925925925925926,0.8363636363636363,0.5060774193907558,0.5060774193907558,0.0,0.4372629388156199,0.995049504950495,0.9999957112114448,0.0,0.9966996699669968,0.6666877830369737,0.6666966590920018,0.8,1.0,0.0005805542893545,0.4930817986872807,0.5052815582019868,0.52
189,188,0.7,0.7777777777777778,0.0909090909090909,0.5114630845750407,0.5114630845750407,0.3333333333333333,0.4510674811582209,0.995049504950495,0.9748178003255432,0.0016501650165016,0.9983498349834984,0.7712441559912248,0.8446838245318212,0.6,0.0,1.7611448442435185e-07,0.4233599046350237,0.4304901852266393,0.36
190,189,0.4,0.5555555555555556,0.1272727272727272,0.4939431553139841,0.4939431553139841,0.0,0.4855841973763367,0.995049504950495,0.9992769121717372,0.0,1.0,0.6693929857340316,0.6714979190757199,0.4,0.0,0.0011163380665846,0.4985728767155566,0.4904033174148975,0.24
191,190,0.3,0.2962962962962963,0.4727272727272727,0.4939246583274208,0.4939246583274208,0.0,0.4902893693676324,0.9966996699669968,0.9999327085105252,0.0,0.9983498349834984,0.6670047724809448,0.6672160938823002,0.8,1.0,0.9994133330853936,0.5083155524818748,0.4947517433062768,0.84
192,191,0.4,0.4814814814814815,0.5272727272727272,0.4939234288316393,0.4939234288316393,0.0,0.4915846235182978,0.9966996699669968,0.999961599717537,0.0,1.0,0.6668116403155204,0.6669130454255913,0.6,0.0,0.9967099553881,0.505918667464522,0.5,0.48
193,192,0.6,0.962962962962963,0.1818181818181818,0.5114648939554727,0.5114648939554727,0.0,0.4632578002163434,0.995049504950495,0.9073484339622696,0.0,0.9983498349834984,0.7725984396163125,0.9995697359569256,0.4,1.0,3.4538650401714016e-19,0.9497202135430834,0.5,0.55
194,193,0.7,0.925925925925926,0.2181818181818181,0.5114644938535969,0.5114644938535969,1.0,0.5349552681411693,0.9983498349834984,0.9774069702551894,0.0082508250825082,1.0,0.79323517046129,0.8652867734789603,0.2,0.0,4.106885594959229e-07,0.8049503675958026,0.5093602506976843,0.23
195,194,0.6,1.0,0.9272727272727272,0.4939224995957886,0.4939224995957886,0.5,0.4655003730810317,0.9966996699669968,0.9999989260289742,0.0,1.0,0.6666697536932492,0.6666733068465519,0.8,1.0,0.9987389617549466,0.5119826998100413,0.5216039823555008,0.56
196,195,0.5,0.7777777777777778,0.6545454545454545,0.4939230871689215,0.4939230871689215,0.0,0.4285853761463785,0.9966996699669968,0.9999826353820056,0.0,0.9983498349834984,0.6667669274900857,0.6668247833373613,0.4,1.0,0.9999778488587664,0.5101685069075985,0.5134263906919514,0.4
197,196,0.6,0.5555555555555556,0.1454545454545454,0.5058223384208957,0.5058223384208957,1.0,0.5294121649720083,0.9983498349834984,0.9957502545242108,0.0,1.0,0.6853487050879579,0.7003940802250634,0.2,1.0,0.0067297702957265,0.5644460575731456,0.5331243245452838,0.39
198,197,0.4,0.4814814814814815,0.1818181818181818,0.4885351060445072,0.4885351060445072,0.25,0.4980912714879717,0.9966996699669968,0.9566616270850642,0.0049504950495049,0.9983498349834984,0.9185737074008496,0.9995656791892202,0.4,1.0,1.0,0.8788194877514719,0.5,0.61
199,198,0.5,0.925925925925926,0.8545454545454545,0.4939225730651506,0.4939225730651506,0.0,0.4818050988013262,0.9966996699669968,0.9999961481807348,0.0,1.0,0.6666813730098659,0.6666921707680133,0.4,0.0,0.9999778856742116,0.510046564537421,0.5134388216857825,0.49
200,199,0.3,0.5555555555555556,0.9636363636363636,0.4939224849996575,0.4939224849996575,0.3333333333333333,0.4615507290358199,0.9966996699669968,0.9999993116128286,0.0049504950495049,0.9933993399339934,0.6666682052525379,0.6666695076925253,0.6,0.0,0.9994197203564578,0.5070369622248039,0.4947167231915172,0.65
201,200,0.7,1.0,0.9818181818181818,0.5060774891144757,0.5060774891144757,1.0,0.5228823832494134,0.9983498349834984,0.99999847952352,0.0066006600660066,1.0,0.6666737774376841,0.6666773570896481,0.4,0.0,0.0012612298085617,0.4880321628563981,0.4784032249767933,0.27
202,201,0.8,0.5925925925925926,0.4727272727272727,0.506074925262941,0.506074925262941,0.625,0.6025145953575175,0.9983498349834984,0.9999587636350116,0.0148514851485148,0.995049504950495,0.6671765639438518,0.6672987528063441,0.2,1.0,0.9984644066601442,0.496915119411703,0.51282426222404,0.19
203,202,0.5,0.1111111111111111,0.0727272727272727,0.505927119293611,0.505927119293611,0.0,0.4648166331617294,0.995049504950495,0.9966399067648078,0.0,1.0,0.6812386367984582,0.6914667461330433,0.6,1.0,4.483722461302896e-05,0.5538369374151132,0.4880277511899192,0.56
204,203,0.6,0.5555555555555556,0.9636363636363636,0.4939224886231068,0.4939224886231068,0.0,0.4904060771878156,0.9966996699669968,0.9999988196130306,0.0,1.0,0.6666667917889502,0.6666705365053981,0.2,1.0,0.9999778916856682,0.5100057965022009,0.513441059442085,0.45
205,204,0.7,0.5555555555555556,0.8363636363636363,0.493922583567165,0.493922583567165,1.0,0.551103047585046,0.9983498349834984,0.999994850610599,0.0,1.0,0.6666823670772587,0.6666962532888417,0.2,1.0,0.9967278209553296,0.5062017610973599,0.5,0.44
206,205,0.4,0.1111111111111111,0.1818181818181818,0.5060269658610252,0.5060269658610252,0.3333333333333333,0.4911171864039843,0.9966996699669968,0.998761185912841,0.0016501650165016,0.9983498349834984,0.6739910868010427,0.6768865614848153,0.6,1.0,2.774651810402251e-05,0.5159073300156114,0.4874221044765451,0.66
207,206,0.5,0.5925925925925926,0.6727272727272727,0.4939228577720462,0.4939228577720462,0.6666666666666666,0.52595807383974,0.9983498349834984,0.9999913011749736,0.0049504950495049,0.9983498349834984,0.6667350596777752,0.6667618582459282,0.4,1.0,0.9999778643885276,0.5101215045164822,0.5134318902242438,0.71
208,207,0.4,0.2962962962962963,0.4727272727272727,0.4939250905452781,0.4939250905452781,0.0,0.488315160283734,0.9966996699669968,0.9999441358562576,0.0016501650165016,0.9966996699669968,0.6671420629634499,0.6673239772653583,0.6,0.0,0.9986960526148964,0.5129557144128795,0.5200753625480004,0.5
209,208,0.2,0.4444444444444444,0.0909090909090909,0.4885419073227312,0.4885419073227312,1.0,0.5044812531549334,0.9983498349834984,0.9717239470271466,0.0,1.0,0.7764824460100063,0.8823939144480891,0.8,1.0,0.9999652701699092,0.935186458974266,0.5676901088737365,0.65
210,209,0.5,0.7037037037037037,0.3090909090909091,0.4939280550218039,0.4939280550218039,0.0,0.4707098134645553,0.9966996699669968,0.999740004237367,0.0,1.0,0.6673280649726141,0.6680767959031554,0.4,0.0,0.0014468014780616,0.5103566181661054,0.4877150987030016,0.52
211,210,0.5,0.7037037037037037,0.2181818181818181,0.4885351144219977,0.4885351144219977,0.3333333333333333,0.4932356505270334,0.9966996699669968,0.9770381295185898,0.0066006600660066,0.9933993399339934,0.8369205535223064,0.8977351353534829,0.6,1.0,0.999999993065245,0.6629752112776143,0.549229223353589,0.75
212,211,0.5,0.6666666666666667,0.1272727272727272,0.4940602137817458,0.4940602137817458,0.0,0.4822714775993949,0.995049504950495,0.9971276366367776,0.0,1.0,0.6757848465920586,0.6876524632603771,0.6,1.0,0.9999575323568284,0.6023329134495279,0.5131111769901233,0.62
213,212,0.4,0.8148148148148149,0.1272727272727272,0.5060626291216386,0.5060626291216386,1.0,0.5314094532090121,0.9983498349834984,0.9994952322585786,0.0,1.0,0.6692555783342878,0.6706144366738477,0.4,1.0,2.339652850196716e-05,0.504828949637951,0.486937209920897,0.4
214,213,0.3,0.8148148148148149,0.7272727272727273,0.4939227006257752,0.4939227006257752,0.6666666666666666,0.5071083041948534,0.9983498349834984,0.9999945859433554,0.0033003300330033,0.9966996699669968,0.6667092359026109,0.6667220685314759,0.6,0.0,0.9987356277722214,0.5119070217764174,0.5214820483868285,0.48
215,214,0.5,0.7037037037037037,0.6909090909090909,0.4939227431608826,0.4939227431608826,1.0,0.512996856581371,0.9983498349834984,0.99998951659342,0.0,1.0,0.6667074377934,0.6667342148431327,0.0,0.0,0.9967244269199018,0.5063678436259891,0.5,0.21
216,215,0.4,0.5925925925925926,0.8909090909090909,0.49392250511172,0.49392250511172,0.5714285714285714,0.572867107414589,0.9983498349834984,0.9999988642057314,0.0066006600660066,0.9933993399339934,0.6666716232812423,0.6666744314528621,0.6,0.0,0.9987388671977484,0.5119793164043864,0.5216003886524891,0.58
217,216,0.6,0.6296296296296297,0.9454545454545454,0.5060775077729126,0.5060775077729126,1.0,0.5008496028023905,0.9983498349834984,0.9999984047951582,0.0,1.0,0.6666694162353495,0.6666753303123201,0.6,1.0,0.0005802990912026,0.4929896848837058,0.5052831360665972,0.7
218,217,0.6,0.7777777777777778,0.2,0.5012233567418024,0.5012233567418024,0.0,0.3857908522200118,0.9966996699669968,0.9904871530930894,0.0016501650165016,0.9917491749174916,0.7213586455766222,0.7364106337091207,0.4,0.0,0.0580318417896894,0.5541926026373244,0.5,0.47
219,218,0.4,0.5185185185185186,0.4545454545454545,0.5060754474888254,0.5060754474888254,0.0,0.4305909550029685,0.995049504950495,0.9999410625712114,0.0,0.9983498349834984,0.6670518109900919,0.6672116477619084,0.4,1.0,0.001295091022581,0.4887596848366987,0.4796049704621041,0.6
220,219,0.7,0.8888888888888888,0.9818181818181818,0.506077441712889,0.506077441712889,1.0,0.5173248086386897,0.9983498349834984,0.9999970823470216,0.0,1.0,0.6666828799888234,0.6666945253787754,0.4,0.0,0.0012620119101065,0.488076983274143,0.4784328503825081,0.41
221,220,0.4,0.4074074074074074,0.1818181818181818,0.4941361645357156,0.4941361645357156,0.6,0.5016380658071877,0.9983498349834984,0.9976246129916488,0.0049504950495049,0.9917491749174916,0.6837010885466109,0.6907241237789813,0.6,1.0,0.0004220108841846,0.5290341500831783,0.5,0.33
222,221,0.6,0.7037037037037037,0.109090909090909,0.5060586897114965,0.5060586897114965,0.5,0.5569217287349499,0.9983498349834984,0.9995788311465652,0.0049504950495049,0.9983498349834984,0.6699437095837618,0.6710963615666442,0.6,1.0,0.9988501128656296,0.4966209175449232,0.5100077778677155,0.39
223,222,0.7,0.8148148148148149,0.9818181818181818,0.5060774826070426,0.5060774826070426,0.6,0.5356164685609037,0.9983498349834984,0.999998836702523,0.0148514851485148,0.9966996699669968,0.6666751819104433,0.6666781325883351,0.4,0.0,0.0012613363105926,0.4880417038367354,0.4784070451436866,0.07
224,223,0.3,0.5925925925925926,0.8909090909090909,0.4939225032746241,0.4939225032746241,0.0,0.446384161660575,0.995049504950495,0.9999979691177076,0.0,0.9983498349834984,0.6666682695155155,0.666674898860945,0.6,1.0,0.9999778907715894,0.5100151066648397,0.5134406732445221,0.61
225,224,0.3,0.1111111111111111,0.1818181818181818,0.5060335818418364,0.5060335818418364,0.5,0.4109878248677612,0.9966996699669968,0.998991474982758,0.0,0.9983498349834984,0.6732241583749767,0.6761846535420559,0.6,0.0,2.6924137506326e-05,0.4916827733265482,0.4870932974640836,0.67
226,225,0.7,0.8148148148148149,0.2181818181818181,0.4939343475003354,0.4939343475003354,1.0,0.5439457127497027,0.9983498349834984,0.9995741226842068,0.0016501650165016,1.0,0.6681591237577081,0.6696193060785299,0.4,0.0,0.999976880651296,0.5143482057508202,0.5131878303081858,0.33
227,226,0.6,0.7407407407407407,0.3272727272727272,0.4939274176783735,0.4939274176783735,0.0,0.4979753135335113,0.9966996699669968,0.999829276936079,0.0,1.0,0.6674219902419699,0.6679114634651073,0.6,0.0,0.0014637163644754,0.5045369261985264,0.4876527590506909,0.28
228,227,0.4,0.6296296296296297,0.0727272727272727,0.5060438330114998,0.5060438330114998,0.0,0.4849901114624723,0.9966996699669968,0.999227897331262,0.0,0.9983498349834984,0.6719370167060568,0.6740071846188529,0.6,0.0,0.001846571987877,0.5028832229738038,0.4946185336976229,0.65
229,228,0.4,0.5925925925925926,0.8363636363636363,0.5060774346786634,0.5060774346786634,0.25,0.4536731313556846,0.9966996699669968,0.9999973947659662,0.0016501650165016,0.9966996699669968,0.6666839584777358,0.6666913557431702,0.4,1.0,0.003271784403856,0.4937604297503101,0.5,0.53
230,229,0.3,0.2962962962962963,0.8363636363636363,0.4939226626545687,0.4939226626545687,0.5,0.5405670300723753,0.9983498349834984,0.9999952147229028,0.0,0.9983498349834984,0.6666985942422307,0.6667154532379584,0.6,1.0,0.0016183855248139,0.503485607148688,0.486664217857212,0.45
231,230,0.8,0.5925925925925926,0.5818181818181818,0.4939231760334694,0.4939231760334694,0.5,0.4856317873061524,0.9966996699669968,0.9999776225569748,0.0016501650165016,0.9983498349834984,0.6667816518182241,0.6668464759897542,0.4,0.0,0.0016000182506626,0.5033037479779565,0.4867751273277794,0.32
232,231,0.6,0.6296296296296297,0.9454545454545454,0.5060775123399319,0.5060775123399319,0.3333333333333333,0.4393758594268455,0.995049504950495,0.9999990616238656,0.0016501650165016,0.9966996699669968,0.666668977704754,0.6666711316751328,0.4,0.0,0.0012608448930096,0.4880269496345773,0.4783890208104116,0.47
233,232,0.6,0.5555555555555556,0.4909090909090909,0.5060766580823682,0.5060766580823682,0.5,0.4964391922501554,0.9966996699669968,0.9999650775928932,0.0,0.9983498349834984,0.6668252707400665,0.6669377388895127,0.4,0.0,0.0012749744137319,0.4890527519043277,0.4789068234115392,0.57
234,233,0.4,0.5185185185185186,0.3272727272727272,0.5060721399637207,0.5060721399637207,0.0,0.4500145687873145,0.995049504950495,0.9998515583616648,0.0,1.0,0.6676867931373741,0.6681304535907391,0.6,1.0,0.0033842698229933,0.4971119010657732,0.5,0.85
235,234,0.9,1.0,0.1272727272727272,0.5111904273898056,0.5111904273898056,1.0,0.5200670229803586,0.9983498349834984,0.9859751436833244,0.0049504950495049,1.0,0.7376700974319941,0.7955248805591799,0.2,0.0,0.0039603158862224,0.5683015421085233,0.4374885897162953,0.21
236,235,0.6,0.6296296296296297,0.9454545454545454,0.5060775083064317,0.5060775083064317,0.0,0.4609378366615428,0.9966996699669968,0.9999989073803188,0.0,0.9966996699669968,0.6666697504908168,0.6666717488991869,0.8,0.0,2.210839333657483e-05,0.4900468901197835,0.4865592363836241,0.64
237,236,0.2,0.1111111111111111,0.1818181818181818,0.5060126163125472,0.5060126163125472,0.0,0.4821584594209152,0.995049504950495,0.9979429970487949,0.0,0.9983498349834984,0.6751425598188735,0.6809773422987364,0.6,1.0,0.0046700878492921,0.5003109787570608,0.5,0.64
238,237,0.7,0.5555555555555556,0.1272727272727272,0.5114648939554968,0.5114648939554968,0.0,0.4599212531439843,0.9966996699669968,0.9188578911365604,0.0,0.9983498349834984,0.789662977374731,0.9840611518226288,0.0,0.0,1.1107398934939157e-41,0.4945274684232833,0.5086925386488715,0.18
239,238,0.7,0.6296296296296297,0.1636363636363636,0.5114648939554968,0.5114648939554968,0.0,0.4546143846508066,0.9933993399339934,0.8961048257995585,0.0,1.0,0.8295895889107319,0.9996013152055953,0.6,1.0,1.0218660373089465e-18,0.9989717563407212,0.4794320968424865,0.57
240,239,0.5,0.6296296296296297,0.1636363636363636,0.5114648939554968,0.5114648939554968,0.5,0.5301284697151277,0.9983498349834984,0.9291792954327848,0.0,0.9966996699669968,0.847170460456036,0.9999359962475408,0.4,0.0,1.6963199742150156e-14,0.7556112645277031,0.4900273430609723,0.52
241,240,0.5,0.7777777777777778,0.7090909090909091,0.5060772734339862,0.5060772734339862,0.0,0.4933822206417946,0.995049504950495,0.9999873084617042,0.0,1.0,0.6667098060843706,0.6667419151850251,0.2,1.0,0.00126479626697,0.4881601020358208,0.4785334632035466,0.39
242,241,0.5,0.1111111111111111,0.0727272727272727,0.5059461235571799,0.5059461235571799,0.0,0.4810565358262324,0.9966996699669968,0.9975825178535336,0.0,0.9983498349834984,0.680702382112206,0.6870520755187147,0.6,1.0,0.0010843800607801,0.4877545744552635,0.5,0.66
243,242,0.3,0.4444444444444444,0.0909090909090909,0.4885399136002083,0.4885399136002083,1.0,0.5130195065902103,0.9983498349834984,0.983614912636764,0.0,1.0,0.792747178144002,0.8552328853163021,0.8,0.0,0.9999988888173084,0.7351475218255276,0.5684898567152461,0.66
244,243,0.3,0.1111111111111111,0.1818181818181818,0.5060297370870019,0.5060297370870019,1.0,0.5022578967524313,0.9983498349834984,0.9984874184466022,0.0,1.0,0.6730917929987981,0.6785321900609891,0.8,1.0,0.0042945721981196,0.5079636044852326,0.5,0.55
245,244,0.5,1.0,0.1818181818181818,0.4939731908226815,0.4939731908226815,1.0,0.5160463521988656,0.9983498349834984,0.9981887483129211,0.0,1.0,0.6710196409482768,0.676943407829181,0.6,0.0,0.0007942513584975,0.5378536191518095,0.4936216956105688,0.46
246,245,1.0,1.0,0.509090909090909,0.5060761273824181,0.5060761273824181,1.0,0.6156982209434867,0.9983498349834984,0.9999444629134326,0.0115511551155115,1.0,0.6669271498279371,0.6671199128754909,0.0,0.0,0.0012838795717673,0.4892804544536208,0.4792291625225757,0.05
247,246,0.4,0.7037037037037037,0.2727272727272727,0.5060710560310355,0.5060710560310355,1.0,0.5244984573670257,0.9983498349834984,0.9997322981339906,0.0,1.0,0.6677917064217338,0.6687129930282707,0.4,1.0,0.0006000237096888,0.498990071677082,0.5051760903591649,0.54
248,247,0.7,1.0,0.4181818181818181,0.5060739507472983,0.5060739507472983,1.0,0.5060880942024817,0.9983498349834984,0.9998887246029,0.0016501650165016,1.0,0.6673369672333546,0.6676358133198034,0.4,0.0,0.0013201120336007,0.4900721528681439,0.4804984978234925,0.18
249,248,0.7,0.6296296296296297,0.9454545454545454,0.506077514649446,0.506077514649446,1.0,0.5068276336278696,0.9983498349834984,0.9999988777740244,0.0,1.0,0.6666680290910532,0.6666715905738362,0.4,0.0,0.0032700884876911,0.4937552018423945,0.5,0.47
250,249,0.4,0.5555555555555556,0.9636363636363636,0.4939224848774137,0.4939224848774137,0.0,0.497717373158009,0.9966996699669968,0.9999991632573364,0.0,0.9983498349834984,0.6666670186026311,0.6666696976469135,0.6,1.0,0.998739204623474,0.5119997447105291,0.5216130789097009,0.65
251,250,0.4,0.8148148148148149,0.7272727272727273,0.4939227056639694,0.4939227056639694,1.0,0.5187092861607167,0.9983498349834984,0.9999938187391588,0.0,0.9983498349834984,0.6667048906180677,0.6667252483374304,1.0,0.0,0.9999778761729448,0.5100176418467091,0.513435039628931,0.53
252,251,0.5,0.5925925925925926,0.5818181818181818,0.4939231019236718,0.4939231019236718,0.0,0.4912892328207628,0.9966996699669968,0.999981424421392,0.0,1.0,0.6667762690618826,0.6668211004217975,0.2,0.0,0.9999778488733464,0.5098341710924453,0.5134221073618781,0.45
253,252,0.7,0.8518518518518519,1.0,0.5060775235577047,0.5060775235577047,0.0,0.4854632927688048,0.9966996699669968,0.9999991051374264,0.0,1.0,0.6666663020670972,0.6666684012205976,0.4,0.0,0.9983748469638324,0.4966654734049759,0.5133755763374399,0.44
254,253,0.8,0.0,0.5454545454545454,0.4939235887480613,0.4939235887480613,0.0,0.4578984265243969,0.995049504950495,0.999946271042762,0.0,1.0,0.6668063656311154,0.666971049718918,0.4,1.0,0.9967067133090268,0.5073902162791766,0.5,0.59
255,254,0.5,0.2962962962962963,0.1818181818181818,0.4885351060445032,0.4885351060445032,1.0,0.5016003179900139,0.9983498349834984,0.9362362371994284,0.0,1.0,0.8400743641482842,0.998559526494384,0.4,0.0,1.0,0.9595606463722351,0.4914833443105451,0.58
256,255,0.6,0.7037037037037037,0.109090909090909,0.5060499798418981,0.5060499798418981,1.0,0.5266644818308592,0.9983498349834984,0.9990135558249554,0.0,1.0,0.6708951376455617,0.6745986724484206,0.4,0.0,0.998982047692097,0.4705098802944843,0.5088604281961163,0.47
257,256,0.4,0.5925925925925926,0.1818181818181818,0.5047245406098686,0.5047245406098686,0.3333333333333333,0.4052205256137792,0.9933993399339934,0.9948036013303296,0.0016501650165016,0.99009900990099,0.7042048308285137,0.71990405275735,0.8,1.0,0.0452516690344017,0.6111946853917806,0.5584067326855445,0.73
258,257,0.5,0.4444444444444444,0.2545454545454545,0.506066036409681,0.506066036409681,0.3333333333333333,0.5076474064289478,0.9983498349834984,0.999673365047083,0.0,0.9966996699669968,0.6686566905328688,0.6697788849784896,0.4,0.0,0.000615813503749,0.5015648942686529,0.5051046495293924,0.62
259,258,0.4,0.5925925925925926,0.8363636363636363,0.5060774187760035,0.5060774187760035,0.0,0.4524296689071376,0.9917491749174916,0.9999938294167298,0.0,1.0,0.6666855738944345,0.6667012268291108,0.8,1.0,0.0005805547117308,0.4930448600327222,0.5052815240849805,0.49
260,259,0.6,1.0,0.5818181818181818,0.4939233326161992,0.4939233326161992,0.0,0.4777108917060266,0.9966996699669968,0.9999711542288064,0.0,1.0,0.6668037932041594,0.6668855030865062,0.4,1.0,0.9987252295603624,0.512150866145669,0.5211066864385969,0.68
261,260,0.4,0.5925925925925926,0.8363636363636363,0.5060774537008652,0.5060774537008652,1.0,0.5243010510926867,0.9983498349834984,0.9999964875909833,0.0,1.0,0.6666795859988468,0.6666902827992377,0.6,1.0,2.21120089226614e-05,0.4900814518932596,0.4865609827634385,0.58
262,261,0.5,0.962962962962963,0.6181818181818182,0.5060767000096401,0.5060767000096401,0.5,0.5423247824552951,0.9983498349834984,0.9999783012163522,0.0016501650165016,0.9983498349834984,0.666827595515775,0.6668962673707511,0.4,0.0,2.2166950065194137e-05,0.4900868339180105,0.4865791684092579,0.46
263,262,0.2,0.3703703703703703,0.109090909090909,0.5034920607075869,0.5034920607075869,0.0,0.448015276503014,0.9917491749174916,0.982670589335851,0.0,1.0,0.7006501514125032,0.7583906529877079,0.6,1.0,0.762057251534804,0.8455493503650113,0.5,0.65
264,263,0.5,0.962962962962963,0.1818181818181818,0.5114648939554727,0.5114648939554727,0.0,0.4782797739993074,0.9933993399339934,0.9297834732980572,0.0,1.0,0.8334601026159266,0.999017117268088,0.6,0.0,3.137033039646516e-16,0.945654753925056,0.482900956271418,0.64
265,264,0.4,0.2962962962962963,0.8363636363636363,0.4939226700638786,0.4939226700638786,0.5,0.5127941169898593,0.9983498349834984,0.9999935172178472,0.0,1.0,0.6666986963833538,0.6667178774279895,0.4,1.0,0.0016180963297013,0.5035245156342762,0.4866657881649524,0.54
266,265,0.5,0.6296296296296297,0.9818181818181818,0.5060775202535048,0.5060775202535048,0.4285714285714285,0.4615173773437567,0.995049504950495,0.9999993280910932,0.0049504950495049,0.9917491749174916,0.6666675008161109,0.6666683035459307,0.6,1.0,0.0012607130170782,0.4880200754107103,0.47838418384917,0.68
267,266,0.5,0.5185185185185186,0.3272727272727272,0.5060717239910366,0.5060717239910366,0.0,0.459342223831916,0.995049504950495,0.9998019168780736,0.0,1.0,0.6677563046293225,0.6682287289008128,0.6,1.0,0.0033929513016551,0.4970676022993965,0.5,0.71
268,267,0.4,0.4444444444444444,0.2545454545454545,0.5060672293502955,0.5060672293502955,0.0,0.466655224940007,0.995049504950495,0.9995837808097848,0.0,0.9983498349834984,0.6684215248897231,0.6695918527872822,0.4,0.0,0.0014341445847088,0.4979575255204648,0.4841012456995606,0.38
269,268,0.2,0.3703703703703703,0.109090909090909,0.5048990674619279,0.5048990674619279,0.0,0.409129785380252,0.99009900990099,0.9878790309333052,0.0016501650165016,0.99009900990099,0.7332302492623693,0.7533285459105427,0.6,1.0,0.3079452123844993,0.5634260347143402,0.4367814477579048,0.79
270,269,0.5,0.5925925925925926,0.5818181818181818,0.4939230309559415,0.4939230309559415,0.0,0.4813554010075145,0.9966996699669968,0.9999778304286868,0.0,0.9983498349834984,0.6667263306812977,0.6668151076787704,0.6,1.0,0.996718255365138,0.5066149297069004,0.5,0.71
271,270,0.6,0.925925925925926,0.8545454545454545,0.5060774103963791,0.5060774103963791,0.0,0.4932131507604853,0.995049504950495,0.9999934492798148,0.0,1.0,0.6666873905650552,0.6667070512265258,0.4,1.0,0.0032722736154818,0.4938465120798898,0.5,0.49
272,271,0.4,0.5555555555555556,0.1272727272727272,0.4939426801673334,0.4939426801673334,0.375,0.4955912111174363,0.995049504950495,0.9996309497589172,0.0049504950495049,0.9933993399339934,0.6699800191490325,0.6710808200395489,0.4,0.0,0.0011249401972351,0.5051085444971894,0.4902450226848808,0.42
273,272,0.3,0.0,0.5454545454545454,0.4939238981773826,0.4939238981773826,0.0,0.4241833407330485,0.995049504950495,0.9999248923572562,0.0,0.9983498349834984,0.6668452676312533,0.6670613644989104,0.6,0.0,0.9994156237463228,0.5076785308339817,0.4947410819265855,0.55
274,273,0.6,0.5555555555555556,0.1272727272727272,0.4939444537525075,0.4939444537525075,0.0,0.3995135864756258,0.9966996699669968,0.9992180511275278,0.0,0.9983498349834984,0.6694370813129582,0.6714978949330507,0.6,0.0,0.999349255387231,0.5138681549786852,0.4949935710284215,0.48
275,274,0.6,1.0,0.4545454545454545,0.4939251990926676,0.4939251990926676,0.5,0.4839508177834917,0.9966996699669968,0.9998887284280724,0.0,1.0,0.6669520959056011,0.6673594190560236,0.6,0.0,0.9999776864974492,0.5120303903384664,0.5133759789573474,0.27
276,275,0.5,0.8148148148148149,0.7272727272727273,0.4939227169264792,0.4939227169264792,0.5,0.4986577653350202,0.9966996699669968,0.9999915347507998,0.0049504950495049,0.9983498349834984,0.6667069273109436,0.6667295473607217,0.6,0.0,0.99941904646926,0.5071644191761868,0.4947204913385375,0.39
277,276,0.6,0.6666666666666667,0.0727272727272727,0.4939539688642901,0.4939539688642901,0.0,0.4945795206262626,0.995049504950495,0.9990899760703806,0.0,1.0,0.6706519010881541,0.6734072635363226,0.6,0.0,0.9993165843796284,0.5308263446637236,0.5,0.45
278,277,0.2,0.1111111111111111,0.0727272727272727,0.5059766865941261,0.5059766865941261,0.0,0.412767456513458,0.9884488448844884,0.9970050085836202,0.0,0.9966996699669968,0.6783277896327812,0.6849621802426715,1.0,1.0,0.0054561529416516,0.5505891034222321,0.5,0.96
279,278,0.7,1.0,0.4545454545454545,0.5060749370315447,0.5060749370315447,0.0,0.4974178028566037,0.9966996699669968,0.9999193773415492,0.0,1.0,0.6671493193576561,0.6674471923054961,0.2,0.0,2.2298971882373146e-05,0.4924786931688583,0.4866378795367768,0.34
280,279,0.4,0.5555555555555556,0.9818181818181818,0.4939225092755819,0.4939225092755819,0.0,0.4485083163277299,0.9933993399339934,0.9999977541076456,0.0,1.0,0.6666699050644226,0.6666760341335384,0.8,1.0,0.9987388034423432,0.5120436261079605,0.5215992213313398,0.72
281,280,0.3,0.2962962962962963,0.1818181818181818,0.4885351060445032,0.4885351060445032,0.0,0.4685626788544583,0.9933993399339934,0.9333211839705224,0.0,0.9983498349834984,0.8566557368155139,0.9999008531034588,0.6,1.0,6.356660433815873e-28,0.9166854509972714,0.4815460325724413,0.7
282,281,0.6,0.6666666666666667,0.9818181818181818,0.4939224764372123,0.4939224764372123,0.0,0.4974045114678027,0.9966996699669968,0.9999990102539807,0.0,1.0,0.6666655206179984,0.6666680810403095,0.4,1.0,0.9999778927327576,0.5099527430821567,0.5134411196151121,0.6
283,282,0.4,0.4074074074074074,0.1818181818181818,0.4941455533352008,0.4941455533352008,0.0,0.4076918708119846,0.99009900990099,0.9971119750569792,0.0,0.9933993399339934,0.6848998833876428,0.6907642933327457,1.0,1.0,0.9984967342493092,0.5711165716025863,0.5,0.91
284,283,0.6,0.7037037037037037,0.6181818181818182,0.4939229489146481,0.4939229489146481,0.0,0.478817869383404,0.995049504950495,0.9999800975108222,0.0,0.9983498349834984,0.6667358858360376,0.6667878375543617,0.4,1.0,0.9967200069676394,0.5066294083307968,0.5,0.53
285,284,0.5,0.6296296296296297,0.6181818181818182,0.5060770096982482,0.5060770096982482,1.0,0.5188234152406139,0.9983498349834984,0.9999851447257316,0.0,1.0,0.6667673426333324,0.6668201983976649,0.4,0.0,0.9983935834865744,0.496877426187187,0.5132628200900493,0.39
286,285,0.4,0.5925925925925926,0.4727272727272727,0.5060744268485184,0.5060744268485184,0.3333333333333333,0.4211357457527928,0.995049504950495,0.9999105230351432,0.0033003300330033,0.9966996699669968,0.6672825653464283,0.6674778900723601,0.6,0.0,0.9984802040905656,0.4982965393208691,0.5127182851978428,0.67
287,286,0.2,0.3333333333333333,0.109090909090909,0.5060423552804554,0.5060423552804554,0.0,0.4238209840847455,0.9966996699669968,0.9992583267508796,0.0,0.9933993399339934,0.6722654088531106,0.6742330069104087,0.6,1.0,0.0006971235409033,0.5060488631610344,0.5,0.6
288,287,0.8,0.7037037037037037,0.2727272727272727,0.5060705135120547,0.5060705135120547,1.0,0.5656283655639163,0.9983498349834984,0.9997463833399816,0.0033003300330033,1.0,0.667933917865674,0.6686387085120723,0.0,0.0,0.0013781722653762,0.492831671983849,0.4824894666285407,0.19
289,288,0.3,0.5925925925925926,0.8909090909090909,0.4939225034496399,0.4939225034496399,0.0,0.4629305196867185,0.995049504950495,0.9999981002357748,0.0,0.9983498349834984,0.6666688168315218,0.6666750764925399,0.6,1.0,0.9994196682082588,0.5070482053623776,0.4947170280305145,0.66
290,289,0.7,0.5925925925925926,0.3818181818181818,0.4939263605408954,0.4939263605408954,0.5,0.5567035263836857,0.9983498349834984,0.9999057280068906,0.0016501650165016,0.9983498349834984,0.6673236072137375,0.6676018098540877,0.2,1.0,0.9966473867397246,0.5079906118005693,0.5,0.45
291,290,0.7,0.5555555555555556,0.1454545454545454,0.5058634688728374,0.5058634688728374,1.0,0.5401901298455127,0.9983498349834984,0.997162265777882,0.0016501650165016,1.0,0.6846743543885051,0.6943120685367272,0.0,0.0,0.0014615392233015,0.5972135015529886,0.5,0.43
292,291,0.6,0.6296296296296297,0.1636363636363636,0.5114648939554968,0.5114648939554968,0.0,0.4489989919056548,0.9966996699669968,0.9372597434465664,0.0,0.9983498349834984,0.8914937348878597,0.9994719231804344,0.2,0.0,1.0,0.9053266463477028,0.5143844260453534,0.29
293,292,0.7,0.7407407407407407,0.6909090909090909,0.5060771916822351,0.5060771916822351,1.0,0.5139670744627709,0.9983498349834984,0.9999888038155202,0.0033003300330033,1.0,0.6667285321649603,0.6667589636308221,0.4,1.0,2.21305387585551e-05,0.4902709252428956,0.4865692744366683,0.32
294,293,0.4,0.962962962962963,1.0,0.4939224748300936,0.4939224748300936,0.75,0.5871186317186599,0.9983498349834984,0.9999995278814194,0.0049504950495049,0.9983498349834984,0.6666662230654007,0.6666671484130116,0.6,1.0,0.9994197505015088,0.5070382515855505,0.4947165521411039,0.65
295,294,0.7,0.7037037037037037,0.6181818181818182,0.4939230279315352,0.4939230279315352,0.0,0.4011081795040423,0.995049504950495,0.9999796579143172,0.0,0.9983498349834984,0.666753493604305,0.6668124750066554,0.4,1.0,0.9994181208474338,0.5073402161348672,0.4947254878090982,0.45
296,295,0.4,0.5185185185185186,0.4545454545454545,0.5060755080269738,0.5060755080269738,0.0,0.3963338587325927,0.9917491749174916,0.9999298025279404,0.0,0.9966996699669968,0.6670547078369051,0.6672163677396914,0.6,1.0,0.0005862068943587,0.493741948181806,0.5052504507378345,0.81
297,296,0.6,0.7777777777777778,0.5454545454545454,0.4939232932236341,0.4939232932236341,0.5,0.5302568741011587,0.9983498349834984,0.999978026437198,0.0049504950495049,0.9983498349834984,0.6668136221958755,0.6668702398243868,0.6,0.0,0.9967127964012544,0.5062452076534283,0.5,0.18
298,297,0.6,0.5555555555555556,0.0363636363636363,0.4939540677442895,0.4939540677442895,0.5,0.4560405683881761,0.9966996699669968,0.9993364628239638,0.0033003300330033,0.9966996699669968,0.6711990621277628,0.6731670107924634,0.2,0.0,0.99605224997234,0.5146143392439068,0.5,0.47
299,298,0.4,0.8888888888888888,0.9818181818181818,0.4939225205472632,0.4939225205472632,1.0,0.5002255038919357,0.9983498349834984,0.9999971821036764,0.0,1.0,0.6666708431722062,0.6666791856961894,0.6,1.0,0.9999778893418244,0.510027544465775,0.5134402372820214,0.79
300,299,0.5,0.7037037037037037,0.9636363636363636,0.4939225444187622,0.4939225444187622,0.5,0.5667103664758034,0.9983498349834984,0.9999982934441284,0.0049504950495049,0.9983498349834984,0.6666804092363973,0.666683847751971,0.6,1.0,0.9999778878409354,0.509992382595174,0.513439572214261,0.44
301,300,0.6,0.7777777777777778,0.509090909090909,0.5060757964559748,0.5060757964559748,0.5,0.5006182339151775,0.9983498349834984,0.9999625961181672,0.0,0.995049504950495,0.6670137254067781,0.6671214880447442,0.8,0.0,2.223085538121653e-05,0.4910098165236975,0.4866116152568416,0.64
302,301,0.8,0.7777777777777778,0.5272727272727272,0.5060766271126719,0.5060766271126719,1.0,0.5336231251113279,0.9983498349834984,0.9999809320856738,0.0115511551155115,0.9983498349834984,0.6668409842051951,0.6668877262449979,0.2,0.0,0.9984066940061286,0.4971121522093399,0.5131834261518456,0.3
303,302,0.4,0.7407407407407407,0.3272727272727272,0.4939271106894456,0.4939271106894456,0.0,0.4463715960422368,0.99009900990099,0.999786326317467,0.0,1.0,0.6672409979793393,0.6678666336457774,0.6,1.0,0.9999775382528192,0.5158387424148583,0.5133517529855149,0.59
304,303,0.5,0.925925925925926,0.2181818181818181,0.5114638200510729,0.5114638200510729,1.0,0.5149904590661374,0.9983498349834984,0.9668916124559852,0.0,1.0,0.7529916260968981,0.8812236319703569,0.4,0.0,2.5120442858838765e-08,0.9267945118338224,0.4426339413008076,0.51
305,304,0.5,0.4814814814814815,0.1818181818181818,0.4885351060445835,0.4885351060445835,1.0,0.5716671813433535,0.9983498349834984,0.9662435782728928,0.0049504950495049,1.0,0.9057009215228148,0.9964455801213582,0.6,0.0,1.0,0.7877976314655571,0.52300525539931,0.32
306,305,0.5,0.1111111111111111,0.0727272727272727,0.5059412966326706,0.5059412966326706,0.0,0.456487284112144,0.99009900990099,0.99625361030283,0.0,1.0,0.6792103618789006,0.6903818310993934,0.8,0.0,0.0062290403561007,0.5764276417073655,0.5,0.91
307,306,0.5,0.5555555555555556,0.8363636363636363,0.4939225875354647,0.4939225875354647,0.0,0.4546794218581904,0.9966996699669968,0.9999938926999362,0.0,1.0,0.6666779398003306,0.6666978548981821,0.4,0.0,0.9994194123684388,0.5072220837584199,0.4947182900851087,0.59
308,307,0.4,0.5555555555555556,0.9636363636363636,0.5060774710491023,0.5060774710491023,0.0,0.4107755249830612,0.9917491749174916,0.9999976930735046,0.0,0.9983498349834984,0.6666769829046078,0.6666837715305404,0.8,1.0,0.0012615295845962,0.4880351566984957,0.4784149406241106,0.6
309,308,0.4,0.5185185185185186,0.8909090909090909,0.5060775016703934,0.5060775016703934,0.0,0.476824951932788,0.9966996699669968,0.9999988593419028,0.0,0.9983498349834984,0.6666709915059281,0.6666745278708875,0.6,1.0,2.2108806660702915e-05,0.4900682771817263,0.4865595153887849,0.56
310,309,0.4,0.962962962962963,0.2363636363636363,0.4994326123797499,0.4994326123797499,0.5,0.5361668261719825,0.9983498349834984,0.9927090622707404,0.0016501650165016,0.9966996699669968,0.7234145790400854,0.745997549248482,0.4,0.0,0.1041620038210204,0.4709806511366927,0.5,0.54
311,310,0.7,0.6666666666666667,0.0727272727272727,0.4939455104058223,0.4939455104058223,0.0,0.4854974184765024,0.9966996699669968,0.9991741488872842,0.0,0.9983498349834984,0.6695648903344321,0.6719032780148747,0.0,0.0,0.0010798504154949,0.5310910660706158,0.4905469823112386,0.09
312,311,0.5,0.4444444444444444,0.2545454545454545,0.5060667455652545,0.5060667455652545,0.75,0.6139817325165142,0.9983498349834984,0.9998264790100746,0.0082508250825082,0.9983498349834984,0.6687418759451575,0.6690893189310753,0.6,1.0,0.0034991486367674,0.4962156305054049,0.5,0.45
313,312,0.6,0.5185185185185186,0.3272727272727272,0.5060732021865031,0.5060732021865031,0.0,0.4798990959731221,0.9966996699669968,0.9998458564931876,0.0,1.0,0.6674333930050252,0.667917193786928,0.6,1.0,0.0033614269225053,0.4973889387960346,0.5,0.72
314,313,0.8,0.8888888888888888,0.509090909090909,0.493924279717533,0.493924279717533,0.0,0.4918321509362565,0.9966996699669968,0.9999281773987504,0.0,1.0,0.6669345495312887,0.6671549800676198,0.0,0.0,0.9994145153675472,0.5076837141477386,0.494747431923301,0.13
315,314,0.4,0.1111111111111111,0.1818181818181818,0.5060295674506226,0.5060295674506226,0.3333333333333333,0.547499368841686,0.9983498349834984,0.9990092317116964,0.0033003300330033,0.9966996699669968,0.6736497796519941,0.676172417593569,0.6,1.0,2.7442605126635167e-05,0.5152948949312158,0.4873635439741272,0.62
316,315,0.5,0.5555555555555556,0.0363636363636363,0.4939761249369681,0.4939761249369681,0.0,0.4825912636986774,0.995049504950495,0.998604299698968,0.0,0.9983498349834984,0.6710706163726485,0.6767077189917597,0.6,1.0,0.999234895399582,0.4988278998282804,0.5,0.63
317,316,0.6,1.0,0.7818181818181819,0.4939226868352271,0.4939226868352271,0.8,0.5335591967077102,0.9983498349834984,0.9999926610464384,0.0049504950495049,1.0,0.6667068983767158,0.6667189783475876,0.4,0.0,0.9999778773853172,0.510013540323484,0.5134358560325069,0.49
318,317,0.6,0.5925925925925926,0.2727272727272727,0.5060683055422541,0.5060683055422541,0.5,0.4458268956878686,0.9966996699669968,0.9997072752357544,0.0016501650165016,0.9983498349834984,0.6682732289746802,0.6690084033644208,0.6,1.0,2.2867732704701694e-05,0.4940016645837231,0.4868033342628304,0.65
319,318,0.4,0.4074074074074074,0.1818181818181818,0.4941346673297424,0.4941346673297424,0.0,0.4055385342525998,0.9933993399339934,0.9964653475913416,0.0,0.9966996699669968,0.6820804227253264,0.6917848569339676,0.6,1.0,0.9943122338823656,0.5735734605885892,0.4714526431854439,0.75
320,319,0.3,0.2962962962962963,0.4727272727272727,0.4939249921029535,0.4939249921029535,0.0,0.4840874442109787,0.995049504950495,0.9999345563097258,0.0,0.9983498349834984,0.6671024916593319,0.6672989634400734,0.8,0.0,0.999412294779803,0.5084022709923417,0.4947564942454395,0.85
321,320,0.5,0.7037037037037037,0.9454545454545454,0.5060775010067793,0.5060775010067793,0.4,0.5639454037151836,0.9983498349834984,0.9999993587348326,0.0049504950495049,0.995049504950495,0.6666714005844692,0.6666730751989111,0.4,0.0,0.0012610318173788,0.4880301152479955,0.4783958894846357,0.39
322,321,0.5,0.7777777777777778,0.0909090909090909,0.5114640507276734,0.5114640507276734,1.0,0.520973172803535,0.9983498349834984,0.9615799713954276,0.0,1.0,0.7437295208701536,0.8819513098682553,0.4,0.0,7.494469298728189e-05,0.7138345216124962,0.4886441928434278,0.38
323,322,0.6,0.8518518518518519,0.2181818181818181,0.5013224317292315,0.5013224317292315,0.75,0.5324938452494992,0.9983498349834984,0.9930653605961564,0.0099009900990099,1.0,0.7257196787292475,0.7443791137522944,0.4,0.0,0.7850585364072447,0.6506488878793295,0.5,0.45
324,323,0.3,0.2962962962962963,0.8363636363636363,0.4939226498850103,0.4939226498850103,0.0,0.4836301457857711,0.9966996699669968,0.999992023676262,0.0,1.0,0.6666893277484615,0.666715237924076,0.4,1.0,0.9987364879355256,0.512131982279617,0.5215135404174818,0.48
325,324,0.8,0.925925925925926,0.8545454545454545,0.5060774089930713,0.5060774089930713,0.6666666666666666,0.486082271452298,0.9966996699669968,0.9999961739077908,0.0066006600660066,0.995049504950495,0.6666893677189415,0.6666999507276303,0.2,1.0,0.0032723271861111,0.4938123607571282,0.5,0.34
326,325,0.4,0.5925925925925926,0.1818181818181818,0.5045895950153804,0.5045895950153804,0.0,0.4294591296373146,0.99009900990099,0.9909071989171012,0.0,1.0,0.7027204867889713,0.7328656413940731,0.8,0.0,0.0362462611422853,0.6318168318632424,0.5,0.58
327,326,0.8,1.0,0.5272727272727272,0.5060759883966207,0.5060759883966207,0.0,0.4840833062897667,0.9966996699669968,0.9999509515548056,0.0,1.0,0.6669516002654863,0.6671181110391667,0.2,0.0,0.0033024532661736,0.4941480257818663,0.5,0.14
328,327,0.5,0.5925925925925926,0.8909090909090909,0.4939224940237924,0.4939224940237924,1.0,0.5050757264715384,0.9983498349834984,0.9999985874890897,0.0,1.0,0.6666682690846697,0.6666721537030302,0.4,0.0,0.9999778912666276,0.5100028384826628,0.5134409463261865,0.34
329,328,0.5,0.925925925925926,0.5454545454545454,0.5060764612085319,0.5060764612085319,0.8333333333333334,0.5653377223129628,0.9983498349834984,0.9999789337414544,0.0132013201320132,0.9966996699669968,0.6668795580050347,0.6669225587286337,0.2,0.0,0.9984125328036036,0.4968558621281753,0.5131490981070223,0.19
330,329,0.5,0.6296296296296297,0.1636363636363636,0.511464893955228,0.511464893955228,0.0,0.4760439645568812,0.995049504950495,0.9189855596115112,0.0,1.0,0.804059444106877,0.9979804850776374,0.6,0.0,5.0708764054971913e-23,0.9448598720691253,0.4778531481427835,0.43
331,330,0.5,0.962962962962963,0.4363636363636363,0.4939257153195238,0.4939257153195238,0.375,0.4712444395278223,0.9966996699669968,0.9999125294046854,0.0082508250825082,0.9917491749174916,0.6672776551126219,0.6674473997811118,0.4,0.0,0.99666157427519,0.5071422101860953,0.5,0.43
332,331,0.5,0.7037037037037037,0.2727272727272727,0.5060711487373968,0.5060711487373968,0.75,0.5981301020829186,0.9983498349834984,0.9998960705542634,0.0049504950495049,0.9983498349834984,0.6678935969120374,0.6682975531406371,0.6,0.0,0.001366903428819,0.4905706737161416,0.482070969554203,0.1
333,332,0.2,0.4074074074074074,0.1454545454545454,0.4887883736210411,0.4887883736210411,0.0,0.4180900450843515,0.995049504950495,0.9852172601552116,0.0,0.995049504950495,0.7575254781473102,0.8083673170120249,0.6,0.0,0.9643902849081724,0.7072242137817814,0.5055614718193645,0.79
334,333,0.6,0.6666666666666667,0.0727272727272727,0.4939456629590254,0.4939456629590254,0.0,0.478789545076326,0.995049504950495,0.9990143290491196,0.0,1.0,0.6687417292090952,0.6722350884095003,0.0,0.0,0.0010778340836012,0.5266395798536392,0.4905548988741318,0.1
335,334,0.3,0.4074074074074074,0.2545454545454545,0.493929368876211,0.493929368876211,0.0,0.4664357017261376,0.995049504950495,0.9997393045634576,0.0,0.9983498349834984,0.6676163543330198,0.668379019281613,0.6,1.0,0.0014082170331278,0.5054936942536633,0.4880342598131184,0.69
336,335,0.7,1.0,0.2181818181818181,0.4939357935399335,0.4939357935399335,0.0,0.4618270749612452,0.995049504950495,0.999532939886367,0.0,0.9983498349834984,0.6683508902285924,0.6697692487404457,0.4,0.0,0.9999767099767948,0.5141136889894393,0.5131796507644898,0.41
337,336,0.6,0.5925925925925926,0.2727272727272727,0.506069800845719,0.506069800845719,0.5,0.5511259659222525,0.9983498349834984,0.9998562268898206,0.0115511551155115,0.9966996699669968,0.6681200264671013,0.6685440017678751,0.4,0.0,0.9986146986329136,0.4981247466900568,0.5118104044202054,0.36
338,337,0.4,0.1111111111111111,0.1818181818181818,0.5060079172709786,0.5060079172709786,0.0,0.4256899000961411,0.995049504950495,0.9984139982694532,0.0,0.99009900990099,0.6758586708147849,0.6801740627445528,0.6,0.0,0.0008277019112088,0.5098527241818035,0.5,0.79
339,338,0.5,0.7037037037037037,0.2545454545454545,0.4943137704634643,0.4943137704634643,1.0,0.5439864870964292,0.9983498349834984,0.9963546597456622,0.0016501650165016,1.0,0.6884340161651161,0.6985865876806395,0.2,0.0,0.9882294336665112,0.5517550781786544,0.5,0.39
340,339,0.2,0.4074074074074074,0.1454545454545454,0.4886823840923171,0.4886823840923171,0.0,0.4874635791070386,0.995049504950495,0.9839192987935732,0.0,0.9966996699669968,0.763670506796965,0.8101209032442858,0.8,0.0,0.4608965415935532,0.8143678471841115,0.4837522188493849,0.6
341,340,0.7,0.5555555555555556,0.0363636363636363,0.4939547965690165,0.4939547965690165,0.5,0.497401101546738,0.9966996699669968,0.9994377491720874,0.0066006600660066,0.9966996699669968,0.6709712127567492,0.6733884057337729,0.2,0.0,0.0009575630233001,0.5130097905076106,0.4918459378874719,0.41
342,341,0.8,1.0,0.4909090909090909,0.4939253359984349,0.4939253359984349,0.6666666666666666,0.6495611869513145,0.9983498349834984,0.9999436991776696,0.0082508250825082,0.9983498349834984,0.6672396599611911,0.6673532605664361,0.0,0.0,0.9986919133151864,0.5124170614103098,0.5199314139025853,0.11
343,342,0.7,0.6666666666666667,0.1272727272727272,0.4940477920091644,0.4940477920091644,0.0,0.4914334922376698,0.9966996699669968,0.9964028161861664,0.0,1.0,0.6734975713892504,0.6856795007214709,0.2,1.0,0.9989418652832912,0.498907281583292,0.5,0.28
344,343,0.3,0.5925925925925926,0.2727272727272727,0.5060689605833735,0.5060689605833735,1.0,0.5310555822256972,0.9983498349834984,0.999754855746008,0.0,1.0,0.6682139868607514,0.6690323873565327,1.0,1.0,0.9986345347447978,0.5065780806736349,0.5116390346120168,0.72
345,344,0.5,0.5925925925925926,0.8363636363636363,0.506077433631207,0.506077433631207,0.0,0.4629339372357282,0.995049504950495,0.999995619511972,0.0,1.0,0.666683440694098,0.6666974119894193,0.6,1.0,0.0012621480645002,0.4881587938971021,0.4784370997208493,0.57
346,345,0.3,0.4444444444444444,0.2181818181818181,0.4965512128823681,0.4965512128823681,0.0,0.496053900366638,0.9966996699669968,0.9905427252470592,0.0,1.0,0.696239522664116,0.7298598926783925,0.6,1.0,0.0007381382881421,0.7438676077310895,0.5,0.77
347,346,0.3,0.4074074074074074,0.2545454545454545,0.493930019525828,0.493930019525828,0.0,0.4555996913826748,0.9966996699669968,0.9998377356717588,0.0,0.9933993399339934,0.6679608868168614,0.6684864026095907,0.4,1.0,0.9993969874707116,0.5055167249541014,0.4948360384979277,0.6
348,347,0.4,0.5925925925925926,0.8363636363636363,0.50607743329596,0.50607743329596,1.0,0.5185500056698136,0.9983498349834984,0.999995340529977,0.0,0.9983498349834984,0.6666840491760544,0.6667017376319329,0.6,0.0,0.0005805111574713,0.4930564656458619,0.505281770081908,0.53
349,348,0.5,0.5185185185185186,0.4545454545454545,0.5060754363316521,0.5060754363316521,0.3333333333333333,0.5491444023113086,0.9983498349834984,0.9999575464013516,0.0066006600660066,0.995049504950495,0.6670666637316162,0.6672104756511081,0.6,0.0,2.2256152196201644e-05,0.4908636506605963,0.4866197332237058,0.58
350,349,0.7,0.6296296296296297,0.7818181818181819,0.5060773728983949,0.5060773728983949,1.0,0.6267851200710644,0.9983498349834984,0.999995434220444,0.0082508250825082,1.0,0.6666961844396013,0.6667053331818641,0.0,0.0,0.0032730913155214,0.4938333860477646,0.5,0.39
351,350,0.4,0.7037037037037037,0.2181818181818181,0.4885352296948847,0.4885352296948847,0.0,0.4585689613096209,0.995049504950495,0.975620837704072,0.0,0.9966996699669968,0.8102347915108069,0.8942166335548416,0.8,0.0,1.098900532720428e-05,0.795420639205167,0.4765816346979886,0.68
352,351,0.7,1.0,0.1454545454545454,0.5114648939554968,0.5114648939554968,1.0,0.5133659409289519,0.9983498349834984,0.9562577733505182,0.0016501650165016,1.0,0.8497779618177062,0.999703720420096,0.4,0.0,2.590782656869196e-34,0.8418087648487107,0.5086700720914652,0.33
353,352,0.8,1.0,0.5636363636363636,0.5060759797931246,0.5060759797931246,0.8,0.523106099123747,0.9983498349834984,0.9999580435631488,0.0099009900990099,0.9983498349834984,0.6669701087796344,0.6670722765497595,0.4,0.0,0.9984291173918276,0.4975382883103703,0.5130431458955175,0.15
354,353,0.4,0.7407407407407407,0.1636363636363636,0.5060645306822456,0.5060645306822456,0.5,0.4090792696123893,0.9933993399339934,0.9995855795151894,0.0049504950495049,0.9933993399339934,0.669025518037729,0.6697898002863008,0.4,1.0,0.0006201995679951,0.4971180598938099,0.50509094187563,0.55
355,354,0.4,0.6296296296296297,0.9454545454545454,0.5060775044867161,0.5060775044867161,1.0,0.506931524858492,0.9983498349834984,0.9999984816612284,0.0,1.0,0.6666698401690383,0.6666742662280959,0.8,1.0,0.0005803114352349,0.4929535661551784,0.505283135716326,0.5
356,355,0.6,0.1111111111111111,0.1818181818181818,0.5060233099278268,0.5060233099278268,0.5,0.4736688405600021,0.9966996699669968,0.9988723042604272,0.0033003300330033,0.9917491749174916,0.6745151102111537,0.6772879162807133,0.6,1.0,0.9992299931983664,0.5103541528169504,0.5058028319165575,0.57
357,356,0.5,0.7037037037037037,0.2,0.4939341075211376,0.4939341075211376,0.0,0.4187829618591158,0.9933993399339934,0.999539415564812,0.0,0.9966996699669968,0.6680774293754974,0.6694138225499751,0.6,1.0,0.9999768945724248,0.5132428031367773,0.5131850833497396,0.51
358,357,0.7,0.5555555555555556,0.4909090909090909,0.5060766181947667,0.5060766181947667,0.0,0.4873938574412885,0.995049504950495,0.9999637899470508,0.0,0.9983498349834984,0.6668296176462181,0.6669568383604622,0.4,0.0,2.2174052071100065e-05,0.4907355911568977,0.4865868879939287,0.55
359,358,0.4,0.3333333333333333,0.109090909090909,0.5060352079975834,0.5060352079975834,1.0,0.5160970705144053,0.9983498349834984,0.9988693536089552,0.0,1.0,0.6728668054674316,0.6763663479857995,0.8,1.0,0.0007232922284976,0.5203096380050926,0.5,0.56
360,359,0.7,0.7037037037037037,0.3090909090909091,0.4939281613861752,0.4939281613861752,0.5,0.5188535713731455,0.9983498349834984,0.9998491219192528,0.0016501650165016,0.9983498349834984,0.6675532100791222,0.6680377995349214,0.4,0.0,0.9994026074968676,0.5085548787869643,0.4948033871546262,0.44
361,360,0.5,0.7037037037037037,0.2181818181818181,0.4885356086634228,0.4885356086634228,0.5,0.4684498212403816,0.9966996699669968,0.977940852102636,0.0016501650165016,1.0,0.8071152210175639,0.8840091129480299,0.6,1.0,0.9999548409123402,0.5098853903796157,0.5125989039806416,0.67
362,361,0.6,0.7037037037037037,0.109090909090909,0.5060566081593718,0.5060566081593718,1.0,0.5586118788528489,0.9983498349834984,0.999387972029096,0.0,1.0,0.6700108988236301,0.6720615155474946,0.2,0.0,2.4031102102136232e-05,0.4993169645564246,0.4869413212032659,0.33
363,362,0.5,1.0,0.9636363636363636,0.5060775119601706,0.5060775119601706,1.0,0.5125008340508679,0.9983498349834984,0.999999051057376,0.0,1.0,0.6666688653944645,0.6666717130046653,0.8,0.0,2.210812144314484e-05,0.4900501360424959,0.4865590970314485,0.43
364,363,0.6,0.7037037037037037,0.6909090909090909,0.4939227433401825,0.4939227433401825,0.75,0.6253609866629648,0.9983498349834984,0.9999936784359634,0.0049504950495049,0.9966996699669968,0.6667184564677717,0.6667340167977588,0.2,0.0,0.9967244622952142,0.5064062684218531,0.5,0.26
365,364,0.3,0.4814814814814815,0.1818181818181818,0.4885351060445032,0.4885351060445032,0.5,0.5672309501395728,0.9983498349834984,0.966962948242267,0.0049504950495049,0.995049504950495,0.9300243634739688,0.9987948382722874,0.4,1.0,1.0,0.8921385787002758,0.5349103163930394,0.58
366,365,0.3,0.4444444444444444,0.2181818181818181,0.4967387467440101,0.4967387467440101,0.0,0.4710982276313109,0.995049504950495,0.9902416901924092,0.0,0.9983498349834984,0.6992811789322605,0.7302473553670841,0.6,1.0,0.9310704047083828,0.6838487375580014,0.5,0.78
367,366,0.4,0.2962962962962963,0.1818181818181818,0.4885351060445032,0.4885351060445032,0.5,0.4817035518826428,0.995049504950495,0.9456658362090986,0.0066006600660066,0.995049504950495,0.7132169332902705,0.9279149658387044,0.2,1.0,8.7287775521002e-52,0.9917673694611808,0.5,0.44
368,367,0.4,0.5555555555555556,0.8363636363636363,0.4939225959863105,0.4939225959863105,0.3333333333333333,0.4334886497488065,0.9933993399339934,0.999995875278858,0.0016501650165016,0.995049504950495,0.6666861150279001,0.6666972812357332,0.6,1.0,0.9967275764751774,0.506291253084769,0.5,0.71
369,368,0.5,1.0,0.2545454545454545,0.505657086685934,0.505657086685934,0.6,0.4786847815973513,0.9966996699669968,0.9963967074197584,0.0066006600660066,0.9933993399339934,0.6928841520132003,0.6985986101760009,0.6,0.0,0.0025159227989064,0.5353749421123731,0.5,0.32
370,369,0.5,0.7037037037037037,0.9636363636363636,0.4939225356869581,0.4939225356869581,0.3333333333333333,0.4766877919128963,0.9966996699669968,0.9999973397342938,0.0,0.9983498349834984,0.6666761210863866,0.6666833104019648,0.4,0.0,0.0016229881848255,0.5033458010210643,0.4866374714075335,0.57
371,370,0.5,0.5925925925925926,0.2363636363636363,0.5053619675427133,0.5053619675427133,0.0,0.4353534243746337,0.995049504950495,0.9934827447623656,0.0,1.0,0.6978504405057082,0.7124832622138779,0.6,1.0,0.0002183348434104,0.6214987417806229,0.4888999141121989,0.56
372,371,0.2,0.2962962962962963,0.8363636363636363,0.4939226296829518,0.4939226296829518,0.25,0.4809254327492094,0.9966996699669968,0.9999949391740696,0.0016501650165016,0.995049504950495,0.6666928024115705,0.666706013771341,0.8,1.0,0.9999778820183796,0.5099420858975736,0.5134366678304794,0.54
373,372,0.7,0.8888888888888888,0.1818181818181818,0.5114648939554968,0.5114648939554968,0.5,0.50847911077379,0.9983498349834984,0.959254374523906,0.0066006600660066,0.9966996699669968,0.8590811550642956,0.9933155261267648,0.4,0.0,1.0,0.8068620803405555,0.5252367910011886,0.27
374,373,0.7,0.8148148148148149,0.9818181818181818,0.5060774764123418,0.5060774764123418,0.5,0.5077157506037366,0.9983498349834984,0.9999979024852697,0.0,0.9983498349834984,0.6666755008825689,0.6666833179704981,0.2,0.0,2.2110673887952517e-05,0.4900647476613671,0.4865599901483499,0.22
375,374,0.6,0.5555555555555556,0.4909090909090909,0.5060765223177868,0.5060765223177868,1.0,0.5079335595345418,0.9983498349834984,0.9999543682509052,0.0,1.0,0.6668450560226197,0.6669868298673741,0.4,0.0,0.0012771528368672,0.4886786309021464,0.478979312112147,0.48
376,375,0.3,0.7407407407407407,0.1636363636363636,0.493939799423015,0.493939799423015,0.0,0.494216209435135,0.9966996699669968,0.9993033521125326,0.0,1.0,0.6685788387503777,0.6706463706881604,0.4,1.0,0.9984455340148743,0.5229527417172295,0.5125126141444699,0.51
377,376,0.7,0.7407407407407407,0.109090909090909,0.4939716206493331,0.4939716206493331,0.0,0.4664329166165619,0.9966996699669968,0.9986429474609608,0.0,1.0,0.671337068676106,0.6765073830441144,0.4,1.0,0.0008045138890796,0.5283858765695814,0.4936173480160389,0.47
378,377,0.3,0.4444444444444444,0.0909090909090909,0.4885621998177114,0.4885621998177114,1.0,0.5850064131026655,0.9983498349834984,0.9902845399971876,0.0033003300330033,0.9966996699669968,0.7817461877195414,0.8207034443016193,0.8,1.0,0.9999424774462692,0.7150504949260396,0.564342046666712,0.64
379,378,0.4,0.5555555555555556,0.9636363636363636,0.4939224851578836,0.4939224851578836,0.0,0.4418610920134368,0.9933993399339934,0.9999986017209228,0.0,1.0,0.666665928502052,0.6666701100273646,0.6,0.0,0.996729916271335,0.5062796453566041,0.5,0.79
380,379,0.5,0.7037037037037037,0.6363636363636364,0.506076915480218,0.506076915480218,0.6,0.5195375223132114,0.9983498349834984,0.9999869314520876,0.0082508250825082,0.995049504950495,0.6667931310840144,0.6668140617815141,0.2,0.0,0.0032827457236037,0.4938183706053767,0.5,0.35
381,380,0.7,0.7037037037037037,0.3090909090909091,0.4939279570192625,0.4939279570192625,0.5,0.55976815937189,0.9983498349834984,0.9998720509029329,0.0049504950495049,0.9983498349834984,0.6675850185112652,0.6680223701666169,0.2,1.0,0.9999774619987332,0.5119426885817204,0.5133112668982793,0.37
382,381,0.3,0.8888888888888888,0.9818181818181818,0.4939225254887489,0.4939225254887489,0.0,0.4971404533267793,0.9966996699669968,0.9999974986862726,0.0,1.0,0.6666739330813193,0.6666800544800852,0.6,0.0,0.0016233870434101,0.5033457859355415,0.4866350589980569,0.52
383,382,0.5,1.0,0.2363636363636363,0.4945803953277865,0.4945803953277865,0.0,0.4870252357838852,0.995049504950495,0.9934180792770134,0.0016501650165016,1.0,0.6904970949564191,0.7077826073474743,0.4,0.0,0.9960648602732978,0.6177665299173836,0.4949798257229622,0.29
384,383,0.6,0.8148148148148149,0.2,0.494603454207848,0.494603454207848,0.5,0.4744407564660393,0.9966996699669968,0.9949560529278908,0.0049504950495049,0.9966996699669968,0.6915299406550929,0.7073818953258307,0.4,0.0,0.999793707285536,0.5733732004338226,0.5125364463467997,0.46
385,384,0.4,0.8888888888888888,0.1636363636363636,0.5059912374339579,0.5059912374339579,0.0,0.4229725476021369,0.9966996699669968,0.9980880062264648,0.0,0.9966996699669968,0.6773700266689493,0.682206058853558,0.8,0.0,0.0051376178516007,0.5426825405785659,0.5,0.84
386,385,0.4,0.5555555555555556,0.1272727272727272,0.5114648939554968,0.5114648939554968,0.6666666666666666,0.4900443376167608,0.9966996699669968,0.9242832657251996,0.0033003300330033,0.995049504950495,0.6641805234714063,0.7879333956046894,0.6,1.0,1.0,0.4805222655329438,0.4883171313998738,0.79
387,386,0.6,0.925925925925926,1.0,0.506077514752654,0.506077514752654,0.0,0.4883894733071582,0.995049504950495,0.999998821609257,0.0,1.0,0.6666679866412609,0.6666719183513728,0.4,1.0,0.0032700896705555,0.4937634202122922,0.5,0.53
388,387,0.6,0.962962962962963,0.2,0.4885351060445032,0.4885351060445032,0.5,0.4273613906180814,0.9966996699669968,0.8748433127052697,0.0,1.0,0.592942050587397,0.8540872269662088,0.4,0.0,1.0,0.9869842828519702,0.5,0.53
389,388,0.4,0.2962962962962963,0.1818181818181818,0.4885351060445032,0.4885351060445032,0.5,0.5436607684372404,0.9983498349834984,0.9593760371197148,0.0016501650165016,0.9966996699669968,0.8345171970429017,0.9687909535934132,0.2,1.0,1.0,0.9034125959665767,0.5632589658969085,0.55
390,389,0.5,0.5925925925925926,0.6727272727272727,0.4939228634382688,0.4939228634382688,0.0,0.4735848261932465,0.9966996699669968,0.9999872855693974,0.0,0.9983498349834984,0.6667346656228463,0.6667661198877941,0.6,1.0,0.9967219411669828,0.5064343622492519,0.5,0.58
391,390,0.5,0.8148148148148149,0.2,0.4950845621220043,0.4950845621220043,0.5,0.5363678951350657,0.9983498349834984,0.9945848388769276,0.0,0.9983498349834984,0.7007025824395899,0.7154071492432631,0.4,1.0,0.9995478036941248,0.6130236842653949,0.5109613745958411,0.44
392,391,0.1,0.0,0.5454545454545454,0.4939238869819308,0.4939238869819308,0.0,0.4117238700342254,0.9867986798679867,0.9999189635929604,0.0,0.9933993399339934,0.6668468297061895,0.6670366973732839,1.0,1.0,0.9987159633121808,0.5124472739649919,0.520797083099429,0.92
393,392,0.5,0.8888888888888888,0.2727272727272727,0.4939320705473222,0.4939320705473222,1.0,0.5613091266930852,0.9983498349834984,0.9998282179906643,0.0066006600660066,1.0,0.6683316460207964,0.6688750978374219,0.4,1.0,0.996526425592828,0.508959400128175,0.5,0.34
394,393,0.3,0.2962962962962963,0.8363636363636363,0.493922633461471,0.493922633461471,0.0,0.4504120492252663,0.995049504950495,0.999993096358294,0.0,1.0,0.6666914564483274,0.6667070807540789,0.8,1.0,0.9987367414513788,0.5120808077120005,0.5215246936069978,0.63
395,394,0.5,0.8148148148148149,0.2181818181818181,0.4939329785435462,0.4939329785435462,1.0,0.6155636016663846,0.9983498349834984,0.9998242905064094,0.0099009900990099,1.0,0.66850372150304,0.6690675820746833,0.4,0.0,0.9985632090028768,0.5128925247446073,0.5157505969652421,0.44
396,395,0.4,0.2962962962962963,0.1818181818181818,0.4885351060445032,0.4885351060445032,1.0,0.5283472532901434,0.9983498349834984,0.9145366314276112,0.0016501650165016,1.0,0.6666666666666666,0.9266816267234108,0.4,1.0,1.0,0.9470722735265954,0.5276913534816474,0.73
397,396,0.4,0.7407407407407407,0.7636363636363637,0.5060773369132426,0.5060773369132426,1.0,0.5044840351310631,0.9983498349834984,0.9999915354660792,0.0,1.0,0.666698640177643,0.6667285785178904,0.6,1.0,0.0032738580535474,0.4939077649141978,0.5,0.63
398,397,0.5,0.5555555555555556,0.1272727272727272,0.493941504476253,0.493941504476253,0.6666666666666666,0.4997581206081237,0.9966996699669968,0.9995125280648708,0.0016501650165016,1.0,0.6697167751506582,0.6708735165058288,0.4,1.0,0.0011464669093652,0.5046165982470736,0.4900702115400249,0.52
399,398,0.8,0.8888888888888888,0.509090909090909,0.4939244175806844,0.4939244175806844,0.5,0.4720122710964086,0.9966996699669968,0.9999338327001446,0.0016501650165016,0.9983498349834984,0.6669657117932061,0.667171455176804,0.2,1.0,0.9966889999594728,0.5071747198366274,0.5,0.45
400,399,0.3,0.0,0.5454545454545454,0.4939237074984695,0.4939237074984695,0.0,0.4944872703298988,0.9966996699669968,0.9999527930115272,0.0,1.0,0.6668688179416286,0.6669840585086737,0.6,1.0,0.9987188242376926,0.510629070851105,0.5208689364088025,0.85
401,400,0.6,0.7777777777777778,0.6545454545454545,0.4939230345369303,0.4939230345369303,0.5555555555555556,0.4656384125305187,0.995049504950495,0.999984365046993,0.0115511551155115,0.9917491749174916,0.6667700948030113,0.6668091780313534,0.4,0.0,0.9987301391233327,0.5121643916260583,0.5212836950951496,0.34
402,401,0.4,0.5555555555555556,0.1454545454545454,0.5059198628969254,0.5059198628969254,0.25,0.5324390955424254,0.9983498349834984,0.9983721681435428,0.0016501650165016,0.995049504950495,0.6826342550790774,0.6873627214193279,0.6,1.0,0.0066951221925061,0.5483319413515714,0.5,0.73
403,402,0.2,0.4074074074074074,0.1454545454545454,0.4887372464215017,0.4887372464215017,0.3333333333333333,0.5600248758685554,0.9983498349834984,0.9893639754017294,0.0033003300330033,0.9917491749174916,0.7666214229842585,0.7947970255006283,0.8,1.0,0.9934449430241726,0.6970871804699171,0.5,0.72
404,403,0.3,1.0,0.1818181818181818,0.5060340168881535,0.5060340168881535,0.5,0.4106603081109985,0.9966996699669968,0.9989902423454924,0.0,0.9983498349834984,0.6731188096831484,0.6764494259596423,0.6,1.0,0.0042046744427137,0.4982483147333824,0.5,0.49
405,404,0.4,0.1111111111111111,0.1818181818181818,0.5060351743876351,0.5060351743876351,1.0,0.5135432625336523,0.9983498349834984,0.9989079375284212,0.0,1.0,0.6727545215733324,0.6759307695719136,0.6,0.0,0.0041800860465369,0.5500826137737681,0.5,0.68
406,405,0.3,0.5925925925925926,0.3818181818181818,0.4939268845623592,0.4939268845623592,0.3333333333333333,0.5084714166262636,0.9983498349834984,0.9999063965419376,0.0016501650165016,0.995049504950495,0.667504949190071,0.6677308862595206,0.8,0.0,0.9966366705090716,0.5076759499726258,0.5,0.58
407,406,0.3,0.4444444444444444,0.9454545454545454,0.493922525464511,0.493922525464511,0.0,0.430091725952891,0.995049504950495,0.9999977434610522,0.0,1.0,0.6666727170848802,0.6666803446994954,1.0,1.0,0.9999778892417251,0.5100293993669327,0.513440218498957,0.83
408,407,0.3,0.7777777777777778,0.509090909090909,0.5060757952368231,0.5060757952368231,0.0,0.4609117627174286,0.99009900990099,0.999927056114935,0.0,0.9983498349834984,0.666977578868651,0.6671870604290826,1.0,1.0,2.2225677765955743e-05,0.4927746645787765,0.4866178239179204,0.73
409,408,0.7,0.962962962962963,0.1272727272727272,0.5060578734322528,0.5060578734322528,1.0,0.5817706264040584,0.9983498349834984,0.9996356593306374,0.0082508250825082,1.0,0.6699766384394864,0.6715208970147205,0.2,0.0,0.0015953217476813,0.49748868488917,0.4888481785834958,0.24
410,409,0.9,0.6296296296296297,0.7818181818181819,0.5060773702133451,0.5060773702133451,1.0,0.517985697291587,0.9983498349834984,0.9999925211868788,0.0,1.0,0.6666946424016816,0.6667155685281326,0.2,1.0,0.0012632168114378,0.4882184623184805,0.4784779242028685,0.51
411,410,0.5,0.962962962962963,0.1636363636363636,0.4941104908749092,0.4941104908749092,1.0,0.5490413585875096,0.9983498349834984,0.9975998516307548,0.0066006600660066,0.9983498349834984,0.6815221810883773,0.6890260505436671,0.4,0.0,0.9999474900021889,0.5328509383332829,0.5128864464353844,0.18
412,411,0.6,0.5925925925925926,0.2363636363636363,0.5052456050075735,0.5052456050075735,0.5,0.5386399684425706,0.9983498349834984,0.995363559242921,0.0033003300330033,0.9983498349834984,0.6994474974665064,0.7119607056848524,0.4,0.0,0.999613506222801,0.5102551651574918,0.5,0.28
413,412,0.6,0.5555555555555556,0.9636363636363636,0.506077456854304,0.506077456854304,1.0,0.614348105295841,0.9983498349834984,0.9999983147787708,0.0033003300330033,1.0,0.6666801255831615,0.6666869038305108,0.0,0.0,0.998377305247286,0.4967139014502387,0.5133607560777946,0.32
414,413,0.6,0.3703703703703703,0.109090909090909,0.5104145052653962,0.5104145052653962,1.0,0.5361123636419156,0.9983498349834984,0.982832907578302,0.0,1.0,0.7364678409253912,0.7882961298716551,0.0,0.0,0.0927370987838265,0.7001534396304732,0.4650343718288019,0.26
415,414,0.7,0.6296296296296297,0.1636363636363636,0.5114648939554928,0.5114648939554928,1.0,0.5333096831813172,0.9983498349834984,0.9664210812767924,0.0049504950495049,0.9966996699669968,0.9013829488906544,0.9996241151377616,0.2,0.0,1.0,0.723285446156022,0.5,0.5
416,415,0.3,0.4074074074074074,0.2545454545454545,0.4939295855563401,0.4939295855563401,0.5,0.4552942609616649,0.995049504950495,0.9997288554144972,0.0,0.9983498349834984,0.6678592236839742,0.6683534990300904,0.8,1.0,0.0014052824000739,0.5061293105432535,0.488034635719251,0.72
417,416,0.7,0.6296296296296297,0.0727272727272727,0.5060487148311394,0.5060487148311394,0.0,0.4429794713835722,0.9933993399339934,0.9993956943503712,0.0016501650165016,0.9983498349834984,0.6714030732366566,0.6729685654367892,0.4,1.0,0.003887948281834,0.5028053647716035,0.5,0.38
418,417,0.6,0.8148148148148149,0.1272727272727272,0.5114025302225639,0.5114025302225639,0.5,0.5308825689386482,0.9983498349834984,0.9865860212088784,0.0033003300330033,0.9983498349834984,0.7682884494029182,0.8144378282486272,0.4,0.0,0.0076846436861602,0.6542834266349989,0.4923887490730583,0.36
419,418,0.7,0.5185185185185186,0.4545454545454545,0.5060752884574734,0.5060752884574734,1.0,0.5239519252379994,0.9983498349834984,0.9999101906777234,0.0,1.0,0.6670894651538107,0.6673744978724883,0.4,0.0,0.0033169884366971,0.4959892479001093,0.5,0.57
420,419,0.4,0.5925925925925926,0.2363636363636363,0.5056130738772986,0.5056130738772986,0.4,0.4127373560573144,0.995049504950495,0.9959537098012098,0.0049504950495049,0.995049504950495,0.6931806680459739,0.7020902856730822,0.6,1.0,0.013359455196465,0.5462061583036467,0.5,0.6
421,420,0.5,0.7037037037037037,0.9090909090909092,0.4939224914428769,0.4939224914428769,0.0,0.4675117455903417,0.9933993399339934,0.9999985859614648,0.0,0.9983498349834984,0.6666674323667912,0.6666715664220464,0.6,1.0,0.00162460098771,0.503382402725479,0.486627574665542,0.54
422,421,0.6,0.7777777777777778,0.7090909090909091,0.5060772579237905,0.5060772579237905,0.5,0.5164987624266897,0.9983498349834984,0.9999892737022974,0.0,0.9983498349834984,0.6667158249175611,0.6667442591390075,0.4,0.0,0.9983843972203478,0.4967187143817886,0.5133178186813518,0.34
423,422,0.5,0.5185185185185186,0.4545454545454545,0.5060757877095287,0.5060757877095287,0.75,0.5339959538435737,0.9983498349834984,0.9999695751161743,0.0099009900990099,0.995049504950495,0.6670123295422342,0.6670902894980445,0.6,1.0,0.0012894495689565,0.4885340966482461,0.4794170508396935,0.52
424,423,0.4,0.6296296296296297,0.6181818181818182,0.5060770918435713,0.5060770918435713,0.5,0.4744022320485691,0.9966996699669968,0.9999879082272533,0.0066006600660066,0.9933993399339934,0.6667502096893522,0.6667826715551477,0.6,1.0,0.9983903761675864,0.4969374138823155,0.5132817460054327,0.48
425,424,0.5,0.4814814814814815,0.1818181818181818,0.4885351060475803,0.4885351060475803,0.5,0.4647213201562264,0.9966996699669968,0.946112848367198,0.0,1.0,0.8772083015799774,0.9993943903240876,0.6,0.0,1.0,0.8998752772778518,0.5,0.3
426,425,0.5,0.2962962962962963,0.4727272727272727,0.4939246341499997,0.4939246341499997,0.0,0.4363666971962849,0.995049504950495,0.9999185740764353,0.0,1.0,0.6670285701751528,0.6672038853101163,0.6,0.0,0.9994132967337944,0.5083147585079539,0.4947508803900283,0.67
427,426,0.2,0.3333333333333333,0.109090909090909,0.5060425644777939,0.5060425644777939,0.0,0.4248528072556847,0.99009900990099,0.9991187448397508,0.0,0.995049504950495,0.672279717268985,0.6742943656074528,0.6,1.0,0.0006958473819115,0.5006835643161317,0.5,0.64
428,427,0.6,0.7777777777777778,0.5272727272727272,0.5060767014644181,0.5060767014644181,1.0,0.5150116994706295,0.9983498349834984,0.9999698893986504,0.0,1.0,0.6668217065380914,0.66691230710814,0.2,0.0,0.001274284437316,0.4883712165398781,0.4788885750773661,0.33
429,428,0.3,0.6296296296296297,0.6,0.5060768050405542,0.5060768050405542,0.5,0.4938293531844977,0.9966996699669968,0.9999761914075196,0.0016501650165016,0.9966996699669968,0.6668042355966189,0.6668688171021988,0.6,0.0,2.2159210670532383e-05,0.4905397187830638,0.4865798674001332,0.6
430,429,0.7,0.7407407407407407,0.3272727272727272,0.4939276394637926,0.4939276394637926,0.75,0.6557190206601998,0.9983498349834984,0.9999110773010268,0.0082508250825082,0.9983498349834984,0.6676193849081679,0.6679273780984927,0.2,1.0,0.9986534778463908,0.513810899936265,0.518629584147324,0.35
431,430,0.5,0.7407407407407407,0.3818181818181818,0.5060739293193657,0.5060739293193657,0.3333333333333333,0.4793390814266937,0.9966996699669968,0.9999011136010704,0.0016501650165016,0.9966996699669968,0.6673668407898127,0.6676867655501147,0.6,1.0,0.0005908007340747,0.495372311799063,0.5052223696323381,0.6
432,431,0.7,0.4074074074074074,0.1818181818181818,0.4943484186691893,0.4943484186691893,0.0,0.4899796082610586,0.9966996699669968,0.994408043686112,0.0,1.0,0.684066125228785,0.7016686396222703,0.0,0.0,0.9885706643885026,0.5483845014012297,0.4581108057945413,0.49
433,432,0.5,1.0,0.1272727272727272,0.5059369897425086,0.5059369897425086,0.25,0.4413032575614733,0.995049504950495,0.99790885633334,0.0066006600660066,0.99009900990099,0.6818624818300743,0.6866827594312307,0.4,0.0,0.0011246484980538,0.5117548668493805,0.5,0.58
434,433,0.7,0.7037037037037037,0.9090909090909092,0.4939224943279507,0.4939224943279507,1.0,0.5826743838947808,0.9983498349834984,0.9999990998399596,0.0033003300330033,1.0,0.6666693461319794,0.6666720422686141,0.4,0.0,0.9999778913909416,0.5099866979141678,0.5134408097760292,0.31
435,434,0.9,0.8888888888888888,0.1636363636363636,0.4939884379714674,0.4939884379714674,1.0,0.5773646389205033,0.9983498349834984,0.9986016325472904,0.0066006600660066,0.9983498349834984,0.6732596894919579,0.6783531192290913,0.2,1.0,0.9991871275330064,0.515445575659992,0.5,0.28
436,435,0.4,0.4444444444444444,0.0909090909090909,0.488536237603223,0.488536237603223,1.0,0.5267508089983157,0.9983498349834984,0.9751137477262942,0.0016501650165016,1.0,0.7966537763007723,0.8806988236017015,0.4,1.0,0.9999975368831636,0.8888048385623855,0.4887763314441667,0.7
437,436,0.6,0.7037037037037037,0.6181818181818182,0.49392290849316,0.49392290849316,1.0,0.55149373619172,0.9983498349834984,0.999985518402107,0.0,1.0,0.6667347598365203,0.666779045881455,0.4,0.0,0.9967209825362888,0.5065260792553345,0.5,0.37
438,437,0.4,0.4444444444444444,0.9454545454545454,0.4939225373993255,0.4939225373993255,0.0,0.4889217812615053,0.9966996699669968,0.9999968767372144,0.0,0.9983498349834984,0.666672447821207,0.6666839013196992,0.6,1.0,0.9994195685838306,0.5071182291772209,0.4947175354033277,0.72
439,438,0.5,0.962962962962963,0.1272727272727272,0.4939754420366039,0.4939754420366039,0.0,0.4282586854797402,0.9966996699669968,0.998524811559384,0.0,0.9983498349834984,0.6725050396438745,0.6766808039290011,0.6,1.0,0.9977990267866786,0.5395659357109306,0.5,0.55
440,439,0.6,0.8148148148148149,0.1272727272727272,0.5060612831931766,0.5060612831931766,0.0,0.4837578327561245,0.9966996699669968,0.9994301054516496,0.0,1.0,0.6694155135022194,0.67083638528712,0.6,1.0,0.0015367873197682,0.499111664753212,0.4870738150352878,0.6
441,440,0.5,0.6296296296296297,0.0727272727272727,0.5060515237587981,0.5060515237587981,0.0,0.4803940784322176,0.995049504950495,0.9989366407372404,0.0,1.0,0.6706083291679636,0.6737593493066775,0.2,1.0,0.0038294750260151,0.5232621339034319,0.5,0.51
442,441,0.7,0.6296296296296297,0.4181818181818181,0.4939256354314393,0.4939256354314393,0.5,0.4624508396574204,0.9966996699669968,0.9999093885662458,0.0033003300330033,0.9966996699669968,0.6671900958264525,0.667442233942516,0.4,1.0,0.0015191304260658,0.5048243060314039,0.4872716033734066,0.46
443,442,0.5,0.5925925925925926,0.5818181818181818,0.493923095257506,0.493923095257506,0.0,0.4938498068785872,0.9966996699669968,0.9999741502807764,0.0,1.0,0.6667416101153029,0.6668313984295765,0.4,0.0,0.99941795356651,0.5072215860867115,0.4947273186171393,0.47
444,443,0.8,1.0,0.7818181818181819,0.5060773002743659,0.5060773002743659,1.0,0.5947142356478049,0.9983498349834984,0.9999946536260764,0.0082508250825082,1.0,0.6667105791303761,0.6667263306812977,0.2,1.0,2.212260501126992e-05,0.4901219663984113,0.4865653915616028,0.44
445,444,0.2,0.4444444444444444,0.0909090909090909,0.4885437771892943,0.4885437771892943,0.5,0.5130276776752251,0.9983498349834984,0.984128207052182,0.0,0.9983498349834984,0.7914142203409124,0.8604587766629347,0.8,1.0,0.0066754324492939,0.6936194115325319,0.4755860750978641,0.6
446,445,0.3,0.4444444444444444,0.9454545454545454,0.4939225228043862,0.4939225228043862,1.0,0.5253934702547144,0.9983498349834984,0.999997569570645,0.0,1.0,0.666671298814913,0.6666799090847018,0.8,1.0,0.999977889017554,0.5100333181919705,0.513440327968766,0.82
447,446,0.5,0.5555555555555556,0.9636363636363636,0.4939224885518573,0.4939224885518573,0.75,0.6375666880527386,0.9983498349834984,0.9999993542585768,0.0099009900990099,0.9983498349834984,0.6666688702138953,0.6666702923430226,0.2,0.0,0.0016247103322833,0.5033462293983912,0.4866270777048905,0.21
448,447,0.4,0.4074074074074074,0.1818181818181818,0.4941860199527736,0.4941860199527736,1.0,0.5677105428501106,0.9983498349834984,0.9972009879761756,0.0,0.9983498349834984,0.6834161791869009,0.6940809583999964,0.4,1.0,0.0003991706216944,0.5475733198123415,0.5,0.74
449,448,0.5,0.5555555555555556,0.1454545454545454,0.505886230019766,0.505886230019766,1.0,0.5248152589960536,0.9983498349834984,0.9976301013890888,0.0033003300330033,1.0,0.6846159157262058,0.6904140538069664,0.6,0.0,0.0051848081746084,0.4603347773519421,0.5263033389642509,0.46
450,449,0.7,0.7407407407407407,0.2363636363636363,0.4955639971047116,0.4955639971047116,1.0,0.5083272399084108,0.9983498349834984,0.9916298373593744,0.0,1.0,0.6936136347470877,0.7208101955990689,0.2,0.0,0.9992034641844536,0.6581736402371527,0.5109108050882306,0.52
451,450,0.3,0.5925925925925926,0.1818181818181818,0.5039548683362521,0.5039548683362521,0.0,0.4605065837881064,0.9933993399339934,0.9879773706920816,0.0,1.0,0.7038776497842346,0.7413458800460889,0.8,1.0,0.0012262981213889,0.73939940412333,0.4947215188068718,0.79
452,451,0.4,0.3333333333333333,0.109090909090909,0.5060391412743614,0.5060391412743614,0.0,0.4866507790627816,0.9966996699669968,0.9989898820070332,0.0,0.9983498349834984,0.6724260558078259,0.6755245050302552,0.4,1.0,0.0007081722326889,0.5075038659554169,0.5,0.53
453,452,0.4,0.2962962962962963,0.4727272727272727,0.4939249520541259,0.4939249520541259,1.0,0.5076572933850868,0.9983498349834984,0.9999060908753415,0.0,1.0,0.6669853691695327,0.6673344520209631,0.6,0.0,0.9966777050846336,0.507546149022478,0.5,0.54
454,453,0.2,0.4444444444444444,0.2181818181818181,0.4966648383928922,0.4966648383928922,0.3333333333333333,0.5478411441388049,0.9983498349834984,0.9938560112641308,0.0033003300330033,0.995049504950495,0.7064373232290552,0.7289854564009052,0.8,1.0,0.9761520172570428,0.5767572716706595,0.4949003199494641,0.8
455,454,0.5,0.5185185185185186,0.8909090909090909,0.506077503089745,0.506077503089745,0.0,0.4451683125380256,0.995049504950495,0.9999987376715844,0.0,0.9983498349834984,0.6666706764619091,0.6666753641907925,0.6,1.0,0.0032703254667495,0.4937554282639864,0.5,0.49
456,455,0.8,0.6296296296296297,0.0909090909090909,0.4951743869156371,0.4951743869156371,1.0,0.5436696310346024,0.9983498349834984,0.9895663020783172,0.0016501650165016,1.0,0.7308303743736629,0.7671187336090524,0.2,1.0,0.3124574619405565,0.793440053401965,0.5,0.43
457,456,0.6,0.6666666666666667,0.1272727272727272,0.4941164718394433,0.4941164718394433,0.0,0.3997887938184262,0.9917491749174916,0.9966356242303316,0.0,0.9966996699669968,0.6818480855851943,0.6897535252835929,0.6,0.0,0.0004362484135541,0.5371978382691878,0.5,0.48
458,457,0.5,0.6296296296296297,0.0909090909090909,0.4981493090948217,0.4981493090948217,0.0,0.4690847571532672,0.9966996699669968,0.9891075318762308,0.0,1.0,0.7246476972878393,0.757963940916979,0.6,1.0,0.2359205723996319,0.4875376567079784,0.5,0.62
459,458,0.4,0.6666666666666667,0.1272727272727272,0.5096227035889204,0.5096227035889204,0.5,0.5184518325053575,0.9983498349834984,0.9827986380953776,0.0,1.0,0.7167661584518854,0.7761062765450235,0.6,1.0,0.1690520439349402,0.6663320243021309,0.5,0.89
460,459,0.4,0.5555555555555556,0.1272727272727272,0.5114648939554968,0.5114648939554968,0.0,0.4593498228342051,0.99009900990099,0.8906827786230246,0.0,0.9983498349834984,0.740995485367319,0.9927983020257573,0.8,1.0,8.059196546103604e-31,0.9976261496105994,0.5,0.6
461,460,0.4,0.4074074074074074,0.1454545454545454,0.4885692542910161,0.4885692542910161,1.0,0.5233110385373336,0.9983498349834984,0.9825050344059147,0.0,1.0,0.773138272565154,0.8508224478993474,0.6,0.0,0.9998966911608518,0.6896364972717542,0.5594876695960062,0.54
462,461,0.5,0.2962962962962963,0.8363636363636363,0.4939226599838083,0.4939226599838083,1.0,0.5496512966845807,0.9983498349834984,0.9999945590140208,0.0,1.0,0.6666950097599268,0.6667146106121256,0.6,0.0,0.998736319373034,0.512102528510331,0.5215072870506454,0.4
463,462,0.6,0.5555555555555556,0.1454545454545454,0.5058391988633146,0.5058391988633146,0.5,0.4674265409523377,0.9966996699669968,0.9961527997177074,0.0,0.9983498349834984,0.6856045785993983,0.6987765603417607,0.4,1.0,0.008458258658213,0.5789565214446848,0.5,0.54
464,463,0.5,0.5555555555555556,0.1272727272727272,0.5114648939554968,0.5114648939554968,0.5,0.5664228452425684,0.9983498349834984,0.938340772869096,0.0016501650165016,0.9983498349834984,0.6222029414134028,0.7740073402062807,0.6,0.0,2.1375853939204774e-133,0.7352724831823059,0.4669244580722738,0.36
465,464,0.5,1.0,0.0727272727272727,0.4940660838075077,0.4940660838075077,0.0,0.480426172002849,0.9966996699669968,0.9976103378863238,0.0,0.9983498349834984,0.6780379448185763,0.6869542992538166,0.2,0.0,0.999956441395953,0.5223235622801023,0.5127367558351793,0.51
466,465,0.8,1.0,0.1636363636363636,0.5058705206106165,0.5058705206106165,1.0,0.5076368694007636,0.9983498349834984,0.9964175747580432,0.0,1.0,0.6837316825869196,0.6973938131153702,0.2,1.0,0.0077601680500795,0.4986094017085436,0.5,0.37
467,466,0.5,0.7777777777777778,0.2,0.500533124835071,0.500533124835071,0.0,0.4163446274308342,0.9933993399339934,0.9850715036239924,0.0,0.9983498349834984,0.7156142583357452,0.7646906152823377,0.8,1.0,0.0096399721656392,0.6675296396375104,0.5,0.77
468,467,0.4,0.4444444444444444,0.2545454545454545,0.5060647190774369,0.5060647190774369,0.0,0.4388061659379154,0.9933993399339934,0.999538986991554,0.0,0.9966996699669968,0.6689360227794379,0.6699493965442564,0.6,0.0,0.0006197712279518,0.5023041164756304,0.5050888013696608,0.48
469,468,0.6,0.7407407407407407,0.1636363636363636,0.5060636847242322,0.5060636847242322,0.3333333333333333,0.5008854172203172,0.9983498349834984,0.9996049810828596,0.0049504950495049,0.9917491749174916,0.6691362576786317,0.6699938700036073,0.8,1.0,0.0035655029987087,0.4979706583424301,0.5,0.49
470,469,0.7,0.962962962962963,0.2,0.4944812653886661,0.4944812653886661,0.5,0.5437122320120996,0.9983498349834984,0.9947803589530164,0.0016501650165016,0.9983498349834984,0.6877678471997046,0.7053585426396547,0.2,0.0,0.9966739911895988,0.5163795639253519,0.5,0.27
471,470,0.6,0.3333333333333333,0.109090909090909,0.5060482700045228,0.5060482700045228,0.0,0.4903790652227882,0.995049504950495,0.9989044820739984,0.0,1.0,0.67109334623346,0.6750379845707744,0.4,0.0,0.0038933775344652,0.5075866247675676,0.5,0.44
472,471,0.7,0.6666666666666667,0.1272727272727272,0.4940800297157663,0.4940800297157663,0.8,0.6017627177010183,0.9983498349834984,0.998350598926402,0.0099009900990099,0.9983498349834984,0.681989621952606,0.6869281549151983,0.0,0.0,0.0004707510453762,0.5108764392193219,0.5,0.29
473,472,0.2,0.4814814814814815,0.5272727272727272,0.4939233824747124,0.4939233824747124,0.0,0.4817934868997919,0.9966996699669968,0.999958139169824,0.0,1.0,0.6667859972486381,0.6669077576597643,0.6,0.0,0.9967109133703644,0.5069369872193783,0.5,0.61
474,473,0.4,0.2962962962962963,0.8363636363636363,0.4939226357112478,0.4939226357112478,0.0,0.397764163764316,0.9933993399339934,0.9999934134232196,0.0,0.9966996699669968,0.6666923610532185,0.666709818807244,0.6,1.0,0.0016193499510356,0.5034567605796418,0.4866587405946593,0.56
475,474,0.3,0.925925925925926,0.5454545454545454,0.5060764346469786,0.5060764346469786,0.0,0.461077050405923,0.99009900990099,0.9999652033214776,0.0,0.9966996699669968,0.666874852113371,0.6669777173151084,0.8,0.0,2.218610510955878e-05,0.490905613115197,0.4865934281109578,0.65
476,475,0.4,0.6296296296296297,0.7818181818181819,0.5060773904468787,0.5060773904468787,0.0,0.4971342481893127,0.9966996699669968,0.9999956277088876,0.0,0.9966996699669968,0.6666912279145302,0.6667062926377124,0.4,0.0,0.0012628626839554,0.4881237565580131,0.4784630193899893,0.57
477,476,0.7,0.0,0.5454545454545454,0.4939241091381714,0.4939241091381714,0.0,0.4446912757893863,0.995049504950495,0.999941640898478,0.0,1.0,0.6669340356708582,0.6670799941666665,0.0,0.0,0.9999777737735588,0.5101934523487865,0.5133995580507075,0.47
478,477,0.4,0.5925925925925926,0.4727272727272727,0.5060744465931909,0.5060744465931909,0.0,0.4659382517757957,0.9933993399339934,0.9998594126571646,0.0,1.0,0.6671972469200668,0.667598192328038,0.8,0.0,0.0033354823940892,0.4975585596921961,0.5,0.56
479,478,0.3,0.1111111111111111,0.0727272727272727,0.5060045892146899,0.5060045892146899,0.3333333333333333,0.4793810050000979,0.9966996699669968,0.9987224051195503,0.0049504950495049,0.9818481848184818,0.676570449420628,0.6796609858687487,0.4,1.0,3.1096222470412536e-05,0.5015288056153098,0.4873818616242725,0.74
480,479,0.7,0.8888888888888888,0.9818181818181818,0.4939225341436934,0.4939225341436934,0.6,0.5742378109066989,0.9983498349834984,0.999998471101362,0.0082508250825082,0.9966996699669968,0.6666784344627807,0.6666815050889074,0.2,0.0,0.0016230501051329,0.5033485987561356,0.4866369177706739,0.37
481,480,0.4,0.5555555555555556,0.1454545454545454,0.5059155171752697,0.5059155171752697,1.0,0.5410394805213736,0.9983498349834984,0.9981853564533134,0.0,1.0,0.6830515032673656,0.6870540179919686,0.6,0.0,0.0067886413384474,0.5070933547764676,0.5,0.49
482,481,0.2,0.2962962962962963,0.4727272727272727,0.4939250713014771,0.4939250713014771,1.0,0.5212416084214664,0.9983498349834984,0.9999069225609064,0.0,0.9983498349834984,0.6670139791258908,0.6673694642705434,1.0,1.0,0.0015358108261978,0.5063526622859671,0.4871595635452632,0.81
483,482,0.7,0.8148148148148149,0.2,0.4951222636842334,0.4951222636842334,1.0,0.5116987729423619,0.9983498349834984,0.9915832319334494,0.0,1.0,0.6863598596252097,0.7177582186138839,0.2,1.0,0.0004367339590339,0.5926683904736487,0.5,0.44
484,483,0.5,0.7037037037037037,0.6909090909090909,0.4939227155279173,0.4939227155279173,0.3333333333333333,0.4795324129173152,0.9933993399339934,0.9999912044010764,0.0016501650165016,0.9983498349834984,0.6667039245079898,0.6667281570031728,0.6,1.0,0.9987354070960456,0.5121122207973301,0.5214751933623816,0.7
485,484,0.4,0.4074074074074074,0.1818181818181818,0.494205171022588,0.494205171022588,0.6666666666666666,0.5224421978687581,0.9983498349834984,0.997647896605844,0.0066006600660066,0.995049504950495,0.6869117556225737,0.6936277462356316,0.4,1.0,0.9925333513865846,0.5388875863059687,0.4653626179819907,0.68
486,485,0.4,0.6666666666666667,0.0727272727272727,0.4939494732553553,0.4939494732553553,1.0,0.5362957435633844,0.9983498349834984,0.9991491294590906,0.0,0.9983498349834984,0.6700071996375621,0.6725715537470857,0.6,0.0,0.9999752436017548,0.5288376740971181,0.5130692413117903,0.77
487,486,0.4,0.5925925925925926,0.3818181818181818,0.4939267008513008,0.4939267008513008,0.3333333333333333,0.5334896731113827,0.9983498349834984,0.999899996691579,0.0,0.9966996699669968,0.6674274696124441,0.6677168916999258,0.4,1.0,0.9999775690943428,0.5116893878913307,0.5133424292968058,0.32
488,487,0.4,0.4074074074074074,0.1818181818181818,0.4941521722218105,0.4941521722218105,0.3333333333333333,0.4071603102191177,0.9917491749174916,0.997103515792367,0.0033003300330033,0.9884488448844884,0.6853528087494802,0.6912654879431864,0.4,0.0,0.0004132489954149,0.5384433428932445,0.5,0.53
489,488,0.4,0.4074074074074074,0.2545454545454545,0.4939301539691417,0.4939301539691417,0.0,0.4994630992271417,0.9966996699669968,0.999692302609546,0.0,1.0,0.6675708076807896,0.6686645348877979,0.4,1.0,0.9986115408358458,0.5159557271151203,0.5172056500171425,0.67
490,489,0.6,0.7037037037037037,0.9454545454545454,0.50607749017715,0.50607749017715,0.0,0.4915870222460603,0.9966996699669968,0.999997731425451,0.0,1.0,0.6666729661468821,0.6666793768199617,0.2,1.0,0.0012612095301528,0.4880580079018689,0.4784028437060883,0.32
491,490,0.8,0.8148148148148149,0.1272727272727272,0.5114553672630215,0.5114553672630215,0.8571428571428571,0.6656504250313535,0.9983498349834984,0.9876544994608584,0.0165016501650165,0.9983498349834984,0.784296237279131,0.8275343605635419,0.0,0.0,5.587828967803943e-05,0.455012336558509,0.5093913596421352,0.15
492,491,0.3,0.5925925925925926,0.4727272727272727,0.5060743634361653,0.5060743634361653,1.0,0.5414576718747426,0.9983498349834984,0.9999136270463662,0.0049504950495049,0.9983498349834984,0.6672622065004838,0.6675227024545095,0.6,1.0,0.0005896155427098,0.4961379357353682,0.5052292195034177,0.48
493,492,0.5,0.5925925925925926,0.2727272727272727,0.5060692819067409,0.5060692819067409,1.0,0.5123865999820225,0.9983498349834984,0.9997758409145002,0.0,1.0,0.6681655299400707,0.6689194968952221,0.8,1.0,0.0013981689594731,0.4918195016166952,0.4830602301262462,0.65
494,493,0.3,0.4814814814814815,0.5272727272727272,0.4939234466517423,0.4939234466517423,0.25,0.530272949531885,0.9983498349834984,0.9999779807682612,0.0016501650165016,0.9933993399339934,0.6668448325121232,0.666906374847557,0.6,1.0,0.999416924112699,0.5073452555291856,0.4947324444724026,0.81
495,494,0.5,0.4814814814814815,0.1818181818181818,0.4885351060445875,0.4885351060445875,0.5,0.5379639354412343,0.9983498349834984,0.9612914845121984,0.0,1.0,0.9003458410113037,0.9977777737930206,0.6,1.0,0.999999999998238,0.8532334816293398,0.509327978361754,0.57
496,495,0.3,0.8888888888888888,0.1636363636363636,0.5060033877853396,0.5060033877853396,0.0,0.4493770010561588,0.9917491749174916,0.998023065376186,0.0,0.9966996699669968,0.675660865404388,0.6808855575283685,0.6,0.0,0.0008458840791371,0.5204654497871689,0.5,0.71
497,496,0.6,0.6296296296296297,0.0909090909090909,0.4976415499046932,0.4976415499046932,1.0,0.5239158209992305,0.9983498349834984,0.9910453108526128,0.0,1.0,0.7263817587222522,0.7646336306970728,0.4,1.0,0.0316338920700338,0.6472734009541398,0.5,0.5
498,497,0.6,0.6296296296296297,0.4181818181818181,0.4939254278649034,0.4939254278649034,1.0,0.5238982651946043,0.9983498349834984,0.9998683579440664,0.0,1.0,0.6670263452680247,0.6674650180315633,0.2,1.0,0.9994111749722708,0.5112540922556217,0.4947600916268028,0.59
499,498,0.6,0.6666666666666667,0.1272727272727272,0.5105361131658762,0.5105361131658762,1.0,0.5105154559714012,0.9983498349834984,0.9790928912583404,0.0,1.0,0.7194504220449349,0.7947081384262357,0.4,1.0,0.0181359931232622,0.6622211702077592,0.4401702330697318,0.44
500,499,0.5,0.7407407407407407,0.6909090909090909,0.5060772462675993,0.5060772462675993,0.8,0.5244317386299313,0.9983498349834984,0.9999937574408336,0.0099009900990099,0.9983498349834984,0.6667232901089282,0.6667352151535998,0.8,1.0,0.0032757634009323,0.4938059438519911,0.5,0.82
501,500,0.5,0.5555555555555556,0.9818181818181818,0.4939225113291026,0.4939225113291026,0.0,0.4696820292492275,0.9966996699669968,0.999997918368772,0.0,0.9983498349834984,0.6666700429609776,0.6666762935038842,0.6,0.0,0.9999778898530768,0.5100153098945178,0.5134406046228879,0.67
502,501,0.7,1.0,0.2,0.5114648939554968,0.5114648939554968,0.4,0.510086638099501,0.9983498349834984,0.9442514084652988,0.0132013201320132,0.9933993399339934,0.8054945478303898,0.9278331293326284,0.0,0.0,4.4468845990336735e-41,0.4824921932364664,0.5076220111455687,0.18
503,502,0.4,0.7037037037037037,0.109090909090909,0.5060524874369803,0.5060524874369803,0.3333333333333333,0.4759753823865851,0.9966996699669968,0.9995265579534696,0.0016501650165016,0.995049504950495,0.6709860927965686,0.6720644244302966,0.6,1.0,0.0038048017401771,0.4987791593269917,0.5,0.47
504,503,0.6,0.5185185185185186,0.3272727272727272,0.5060728656465707,0.5060728656465707,1.0,0.5026180088654562,0.9983498349834984,0.9998383613724074,0.0,1.0,0.6675254549367197,0.6681225459378348,0.4,0.0,0.0005938960972158,0.4975634844175944,0.5052044542663374,0.51
505,504,0.4,0.7777777777777778,0.5272727272727272,0.5060764825918187,0.5060764825918187,0.0,0.461994519384622,0.9966996699669968,0.9999652524665243,0.0,0.9983498349834984,0.6668647927972949,0.6669772651752022,0.6,1.0,2.21830931740532e-05,0.490813505799236,0.4865921020542145,0.47
506,505,0.3,0.5555555555555556,0.9636363636363636,0.5060774664857606,0.5060774664857606,1.0,0.5061191134605487,0.9983498349834984,0.9999984902154768,0.0016501650165016,0.9966996699669968,0.6666784660600599,0.6666817488287698,1.0,1.0,0.998376919839333,0.4967141327070372,0.5133630444681034,0.65
507,506,0.5,0.4444444444444444,0.2545454545454545,0.5060674916573596,0.5060674916573596,0.0,0.4931924927715276,0.9966996699669968,0.9996549908939786,0.0,1.0,0.6683624306358654,0.6694481320653025,0.4,1.0,0.0034837302299152,0.4955819924941648,0.5,0.61
508,507,0.6,0.4814814814814815,0.5272727272727272,0.4939235374268377,0.4939235374268377,0.5,0.5146200563718075,0.9983498349834984,0.99997312872126,0.0,0.9983498349834984,0.6668556143761578,0.6669298920723125,0.4,1.0,0.9994166166435804,0.5074042857908412,0.4947339430830094,0.32
509,508,0.3,0.7777777777777778,0.5454545454545454,0.4939233620621343,0.4939233620621343,0.0,0.421599542366613,0.9966996699669968,0.9999779185731004,0.0,0.9983498349834984,0.6668269594292233,0.6668788706086464,0.8,1.0,0.0015937803631128,0.5037945429203419,0.4868119614683381,0.75
510,509,0.2,0.4074074074074074,0.2545454545454545,0.4939295252231859,0.4939295252231859,0.3333333333333333,0.4701674903613216,0.9933993399339934,0.999743164450488,0.0016501650165016,0.9983498349834984,0.6677697933487443,0.6684433300492167,1.0,1.0,0.998621462993091,0.5160976197628722,0.5175730393499933,0.79
511,510,0.5,0.5925925925925926,0.2727272727272727,0.5060694332839522,0.5060694332839522,0.5,0.5218361865737455,0.9983498349834984,0.9998102724248736,0.0016501650165016,1.0,0.6682192644681527,0.6687875088653232,0.8,1.0,2.274410469973673e-05,0.4936269465898279,0.4867720674248201,0.58
512,511,0.4,0.925925925925926,0.7090909090909091,0.4939228328224101,0.4939228328224101,0.5,0.4915496554337274,0.9966996699669968,0.9999883258791626,0.0,0.9966996699669968,0.6667225118644943,0.6667563942565569,0.8,1.0,0.9994186971953312,0.507172488131065,0.4947223131261568,0.55
513,512,0.7,0.7407407407407407,0.7636363636363637,0.5060773624060597,0.5060773624060597,1.0,0.5288113865695689,0.9983498349834984,0.9999935908244388,0.0,1.0,0.6666963386314472,0.6667165785882223,0.4,0.0,0.9983806627056786,0.496855508284139,0.5133401224168134,0.41
514,513,0.3,0.5555555555555556,0.4909090909090909,0.5060764112846154,0.5060764112846154,0.3333333333333333,0.4888552407120593,0.9966996699669968,0.9999724281504182,0.0016501650165016,0.995049504950495,0.6668881871685919,0.6669694659878043,0.8,1.0,2.21881074309558e-05,0.4902164282302414,0.4865889376278668,0.8
515,514,0.7,0.8148148148148149,0.9818181818181818,0.5060774840988748,0.5060774840988748,1.0,0.5199843624604112,0.9983498349834984,0.9999975050154029,0.0,1.0,0.6666736637060012,0.6666821964199354,0.0,0.0,0.001261313823267,0.4880540126680298,0.478407481539204,0.15
516,515,0.3,0.4444444444444444,0.9454545454545454,0.4939225379763119,0.4939225379763119,0.0,0.4726828736410213,0.9966996699669968,0.9999960155354394,0.0,1.0,0.6666708325153516,0.6666852108518205,0.6,1.0,0.9999778883838206,0.5100191316686018,0.5134400201705,0.63
517,516,0.5,0.6296296296296297,0.0727272727272727,0.5060498498585893,0.5060498498585893,1.0,0.508435161797683,0.9983498349834984,0.9990473818136602,0.0,1.0,0.6708987272251861,0.6745445867492983,0.4,1.0,2.4851768511779635e-05,0.5194709604112349,0.4872359422689858,0.47
518,517,0.2,0.0,0.5454545454545454,0.4939238352013184,0.4939238352013184,0.0,0.3952876723882657,0.99009900990099,0.9999271048913254,0.0,0.9917491749174916,0.6668337050186973,0.6670101915434404,0.8,1.0,0.9999777883949812,0.5111883969965786,0.5134077785115505,0.84
519,518,0.5,0.2962962962962963,0.8363636363636363,0.4939226621573589,0.4939226621573589,1.0,0.5156283561043188,0.9983498349834984,0.9999925753488744,0.0,1.0,0.6666911667128511,0.666715934184829,0.6,0.0,0.999977878868386,0.5100527255958363,0.5134372327019012,0.5
520,519,0.5,0.4444444444444444,0.2545454545454545,0.5060668297916305,0.5060668297916305,0.0,0.4914066290009496,0.995049504950495,0.999512375372499,0.0,1.0,0.6684521216166832,0.6702410590060253,0.4,1.0,0.0006125566268088,0.5003470170347322,0.5051182848583127,0.51
521,520,0.6,0.6296296296296297,0.1636363636363636,0.5114648939554968,0.5114648939554968,0.75,0.5043050682060732,0.9983498349834984,0.9506346599479414,0.0082508250825082,0.9966996699669968,0.9112033805713954,0.9995367593851324,0.4,1.0,4.004925876403316e-17,0.7938831972638062,0.4897806791203836,0.45
522,521,0.7,0.4444444444444444,0.2181818181818181,0.4956130219586694,0.4956130219586694,1.0,0.5084530701281128,0.9983498349834984,0.9916286540397186,0.0,1.0,0.693546781333359,0.7235255968467935,0.2,0.0,0.9391506526294128,0.6000040092200126,0.4417104279479485,0.44
523,522,0.5,0.4814814814814815,0.5272727272727272,0.4939235522437915,0.4939235522437915,0.0,0.481821520313954,0.9966996699669968,0.9999697034074562,0.0,0.9966996699669968,0.6668453367409265,0.6669355182418997,0.8,1.0,0.9999778103827212,0.510495988837404,0.5134173205310675,0.68
524,523,0.6,0.6296296296296297,0.4181818181818181,0.4939260377366878,0.4939260377366878,0.5,0.4685062510774327,0.995049504950495,0.9998998646797256,0.0082508250825082,0.995049504950495,0.6673120308582021,0.6675610123057948,0.6,1.0,0.9966547321537964,0.5077474228711455,0.5,0.37
525,524,0.2,0.4074074074074074,0.1454545454545454,0.4887051155055812,0.4887051155055812,0.0,0.4837122564193661,0.9933993399339934,0.9755904916033936,0.0,1.0,0.7550587954782138,0.8369502460011788,0.8,0.0,0.996947006301288,0.7995535305599483,0.5551042251214782,0.81
526,525,0.6,0.7037037037037037,0.2727272727272727,0.5060716530253834,0.5060716530253834,0.625,0.4902490734772916,0.9966996699669968,0.9998440238045456,0.0082508250825082,0.9966996699669968,0.6677829260361043,0.6681271135563129,0.6,1.0,0.0005977924332254,0.4943003260612362,0.5051907456921986,0.59
527,526,0.6,0.8148148148148149,0.1272727272727272,0.506058308434665,0.506058308434665,1.0,0.5048064003286177,0.9983498349834984,0.9994806295986725,0.0,1.0,0.6699855992202771,0.6717130530728902,0.2,1.0,0.0006414960176011,0.5058947940945336,0.5050141267046316,0.38
528,527,0.5,0.2962962962962963,0.4727272727272727,0.4939245994992449,0.4939245994992449,0.0,0.4157244178977107,0.9933993399339934,0.999916747627714,0.0,0.9983498349834984,0.6669461274931023,0.6672294974237415,0.4,1.0,0.999977729664644,0.5120904871567565,0.5133988591975154,0.52
529,528,0.5,0.5925925925925926,0.1818181818181818,0.5050158269060065,0.5050158269060065,0.5,0.4795248852757189,0.9966996699669968,0.9920039028392532,0.0,0.9983498349834984,0.698670327582882,0.7249071420459919,0.4,1.0,0.0340790271693926,0.4348859749421959,0.5540414500666604,0.5
530,529,0.7,0.8888888888888888,0.2363636363636363,0.5058001288869373,0.5058001288869373,0.6,0.5168347898049102,0.9983498349834984,0.99768041669676,0.0115511551155115,0.9966996699669968,0.6887167034887912,0.6938825362733587,0.6,0.0,0.999607597985035,0.5356773647176826,0.5,0.33
531,530,0.6,0.4444444444444444,0.2545454545454545,0.506065582878629,0.506065582878629,0.0,0.4944612140646023,0.995049504950495,0.9995014981327708,0.0,1.0,0.6686022252131516,0.6699775787686745,0.4,1.0,0.001461513111951,0.4956859670514636,0.4849044103199346,0.36
532,531,0.5,0.7407407407407407,0.1636363636363636,0.5060630932157592,0.5060630932157592,0.0,0.4886204321514272,0.995049504950495,0.999439334849256,0.0,0.9983498349834984,0.6690766199388632,0.6705297355571737,0.6,1.0,0.0015054628469316,0.4947507066877179,0.4863773502238839,0.68
533,532,0.6,0.7407407407407407,0.3818181818181818,0.5060737873538632,0.5060737873538632,0.0,0.4295733826008259,0.995049504950495,0.9998791043435366,0.0,0.9983498349834984,0.6673673462368561,0.6677513855184146,0.6,1.0,0.9985012170524756,0.4988808534184085,0.5125857173568716,0.55
534,533,0.1,0.0,0.5454545454545454,0.4939239156650707,0.4939239156650707,0.0,0.4128394348699669,0.9834983498349836,0.99992890611712,0.0,0.99009900990099,0.6668923678030962,0.6670220480572696,1.0,1.0,0.9994154766511316,0.5077296203576831,0.4947395534898006,0.92
535,534,0.4,0.925925925925926,0.7090909090909091,0.5060771357352352,0.5060771357352352,0.25,0.4725779272440663,0.9966996699669968,0.9999894949723992,0.0016501650165016,0.995049504950495,0.666742231004262,0.6667754160494758,0.6,0.0,0.000581371655972,0.4932488082515793,0.5052766234340873,0.64
536,535,0.7,0.7037037037037037,0.3090909090909091,0.4939277677745997,0.4939277677745997,0.0,0.4459209063705399,0.9966996699669968,0.999769409409056,0.0,1.0,0.6673532492806353,0.668054677756474,0.2,0.0,0.9986516629820862,0.5203565390153484,0.5185940339064544,0.54
537,536,0.6,0.6296296296296297,0.6,0.5060766933347898,0.5060766933347898,0.0,0.4856459089643039,0.9966996699669968,0.99997276781137,0.0,1.0,0.6668260925862899,0.6668935268586472,0.4,0.0,0.9984045104556554,0.4973748714857469,0.5131967543005824,0.55
538,537,0.6,0.7407407407407407,0.2363636363636363,0.4952699762923235,0.4952699762923235,1.0,0.5144423310007076,0.9983498349834984,0.9913074203220266,0.0,1.0,0.6903024318272912,0.720531058993812,0.2,0.0,0.999420074686974,0.6786787026711033,0.5113898689706987,0.5
539,538,0.5,0.2962962962962963,0.4727272727272727,0.493924578529195,0.493924578529195,0.4,0.4429252060836666,0.995049504950495,0.9999576406277232,0.0099009900990099,0.99009900990099,0.667083405859795,0.6671837728572477,0.4,1.0,0.9999777379010576,0.5103138506079989,0.5133885951317363,0.45
540,539,0.4,0.7777777777777778,0.5454545454545454,0.4939233310360602,0.4939233310360602,0.0,0.4681625994017545,0.9966996699669968,0.9999666784118034,0.0,1.0,0.6667889306546032,0.6668949520240681,0.4,0.0,0.9967119868126972,0.506949854000774,0.5,0.56
541,540,0.6,0.6296296296296297,0.6181818181818182,0.5060770219821018,0.5060770219821018,0.6666666666666666,0.5841296000198031,0.9983498349834984,0.999991266268374,0.0066006600660066,0.9983498349834984,0.6667680319279323,0.6667943216476261,0.4,0.0,0.0032805306260134,0.4938259305350819,0.5,0.47
542,541,0.2,0.4444444444444444,0.0909090909090909,0.4885351746803724,0.4885351746803724,0.0,0.3985005239780999,0.995049504950495,0.9654807479924076,0.0,0.9983498349834984,0.8060338692552149,0.9361882268433238,0.6,1.0,0.9999998666940346,0.7996736298153574,0.5556264405866014,0.67
543,542,0.7,0.925925925925926,0.7818181818181819,0.5060773634810238,0.5060773634810238,1.0,0.5239613153982825,0.9983498349834984,0.9999924338968188,0.0,1.0,0.6666961110090625,0.6667198678650237,0.2,1.0,0.0012633157283355,0.4881131599905293,0.4784825818362688,0.4
544,543,0.5,0.5925925925925926,0.1818181818181818,0.5048484862674212,0.5048484862674212,0.0,0.4515764403141494,0.9966996699669968,0.991016722031413,0.0,0.9983498349834984,0.7011863683542323,0.7320946383168647,0.6,0.0,0.999532206615996,0.4724237885825829,0.5,0.38
545,544,0.4,0.5555555555555556,0.1454545454545454,0.5058853673383408,0.5058853673383408,0.5,0.5123973616376719,0.9983498349834984,0.9975093050035848,0.0,0.9983498349834984,0.6846904786745714,0.690698435231366,0.8,0.0,0.99956217021244,0.5429488146626233,0.5,0.58
546,545,0.6,0.7777777777777778,0.7090909090909091,0.5060773336124318,0.5060773336124318,0.0,0.4418287045765222,0.9966996699669968,0.9999925257121486,0.0,1.0,0.6667011831342434,0.666724537767857,0.4,0.0,2.2120805917413823e-05,0.4901685050756621,0.4865646501409482,0.58
547,546,0.6,0.7777777777777778,0.6545454545454545,0.4939229779704777,0.4939229779704777,0.6666666666666666,0.5522693176778461,0.9983498349834984,0.9999911556791662,0.0082508250825082,0.995049504950495,0.6667600751376419,0.6667893366521266,0.2,0.0,0.999418285179914,0.5070445345219692,0.4947250924856225,0.16
548,547,0.7,0.5555555555555556,0.9636363636363636,0.4939224904994628,0.4939224904994628,1.0,0.5084276823871301,0.9983498349834984,0.999998864181698,0.0,1.0,0.666667996392695,0.6666710827008895,0.2,0.0,0.9994197031024616,0.5070579261272535,0.4947167897283643,0.43
549,548,0.8,0.8888888888888888,0.1636363636363636,0.4939949570341181,0.4939949570341181,0.5,0.5688006353736867,0.9983498349834984,0.9986114946384542,0.0016501650165016,0.9983498349834984,0.6745320648967942,0.6796432696622671,0.4,0.0,0.995163928030292,0.5278177050568658,0.5,0.19
550,549,0.6,0.5555555555555556,0.1272727272727272,0.4939444599618118,0.4939444599618118,0.5,0.4654941096468825,0.9966996699669968,0.9994025835127066,0.0016501650165016,0.9966996699669968,0.6698278109047401,0.6713421281330947,0.2,0.0,0.0010998656904121,0.5095634090235884,0.4904504603609549,0.29
551,550,0.4,0.7037037037037037,0.2181818181818181,0.4885351084897876,0.4885351084897876,1.0,0.505965872429744,0.9983498349834984,0.9543389386150192,0.0,1.0,0.8188761114955178,0.9982131639288184,0.4,0.0,5.63256805608582e-10,0.0733236511335736,0.5,0.47
552,551,0.2,0.4444444444444444,0.0909090909090909,0.4885351482644031,0.4885351482644031,0.0,0.475248002686201,0.995049504950495,0.9527926642034116,0.0,1.0,0.8055877855604862,0.9335831073189204,1.0,1.0,0.9999999842744955,0.974043264967258,0.4893259267300199,0.72
553,552,0.4,0.6666666666666667,0.0727272727272727,0.4939483962848531,0.4939483962848531,1.0,0.588461094700688,0.9983498349834984,0.9995203532391594,0.0099009900990099,1.0,0.6708249290326922,0.6722134186206901,0.4,0.0,0.0010385918800668,0.5082765617700673,0.4910502646628137,0.14
554,553,0.5,0.6666666666666667,0.0727272727272727,0.4939498080560351,0.4939498080560351,0.5,0.4791698082940743,0.9966996699669968,0.9993472534798752,0.0016501650165016,0.9966996699669968,0.6705440702806822,0.6724360743495728,0.2,0.0,0.9993311390955972,0.5223811739587481,0.5,0.54
555,554,0.2,0.3703703703703703,0.109090909090909,0.5049025008755156,0.5049025008755156,0.0,0.3869988339148362,0.99009900990099,0.9883141850183176,0.0,0.99009900990099,0.7264805323927419,0.7533267489677536,0.8,1.0,0.6788620498651745,0.5922123486146905,0.5,0.8
556,555,0.5,0.7407407407407407,0.1636363636363636,0.4939384025292823,0.4939384025292823,0.5,0.475439163499789,0.9966996699669968,0.9995417127789804,0.0,0.9983498349834984,0.668646195137472,0.6702883424908739,0.6,1.0,0.9963878394612056,0.5186179608971683,0.5,0.77
557,556,0.4,0.5555555555555556,0.1272727272727272,0.4939408450516831,0.4939408450516831,0.0,0.427238580803429,0.995049504950495,0.9995649336686268,0.0016501650165016,0.9966996699669968,0.6695957239802297,0.670781319816708,0.8,1.0,0.9963377201341506,0.5104159080335819,0.5,0.52
558,557,0.5,0.6296296296296297,0.6,0.5060767609197587,0.5060767609197587,0.25,0.3800002714887512,0.995049504950495,0.999969052651041,0.0016501650165016,0.995049504950495,0.6668094703047152,0.6668773654876152,0.6,1.0,0.0005825106843491,0.4933615867009635,0.5052702300640615,0.58
559,558,0.4,0.5185185185185186,0.4545454545454545,0.5060754654945172,0.5060754654945172,0.3333333333333333,0.5158595142768807,0.9983498349834984,0.9999581716725866,0.0082508250825082,0.995049504950495,0.6670771216585245,0.6671648853267599,0.4,1.0,0.9984462873849445,0.497494876399694,0.5129399419409691,0.8
560,559,0.5,0.4444444444444444,0.0909090909090909,0.4885870013886828,0.4885870013886828,0.0,0.4263511349271129,0.9933993399339934,0.9748139242497028,0.0,1.0,0.7627185303191796,0.8386760933096935,0.2,0.0,0.2749643192145344,0.8451551216767326,0.4826137112139384,0.54
561,560,0.6,0.5555555555555556,0.9636363636363636,0.5060774724104681,0.5060774724104681,0.3333333333333333,0.5325383166476655,0.9983498349834984,0.9999983326539524,0.0082508250825082,0.9966996699669968,0.6666769919125647,0.6666813470538167,0.4,0.0,2.2110957937229665e-05,0.490062017905533,0.4865602963596315,0.15
562,561,0.5,1.0,0.6909090909090909,0.4939229145780295,0.4939229145780295,1.0,0.5003531411127162,0.9983498349834984,0.9999870338771952,0.0,1.0,0.666736725205572,0.66677641002615,0.4,0.0,0.999418461403114,0.5071082782861744,0.4947236501461786,0.57
563,562,0.4,0.0,0.5454545454545454,0.4939240640022335,0.4939240640022335,0.6666666666666666,0.5388200710346926,0.9983498349834984,0.9999588636080732,0.0033003300330033,0.9983498349834984,0.6669443934358755,0.6670614065306631,0.4,0.0,0.9999777764849012,0.5103107758459368,0.5133994244418816,0.53
564,563,0.4,0.2962962962962963,0.8363636363636363,0.4939226390794076,0.4939226390794076,0.0,0.435858436118399,0.9933993399339934,0.999991200818179,0.0,1.0,0.6666842561597219,0.666712490053733,0.4,0.0,0.001619206822176,0.5035028683874982,0.4866594819021961,0.57
565,564,0.6,0.7777777777777778,0.5454545454545454,0.4939232232338131,0.4939232232338131,1.0,0.5273245317996715,0.9983498349834984,0.9999623162175474,0.0,1.0,0.6667655998575024,0.6668634124716558,0.2,1.0,0.9967142004011932,0.5061803934356683,0.5,0.21
566,565,0.7,0.7037037037037037,0.109090909090909,0.5060569594370008,0.5060569594370008,1.0,0.5238990232871666,0.9983498349834984,0.9994584981357644,0.0,1.0,0.6700322170236581,0.6720953432923812,0.2,0.0,2.3971644235419424e-05,0.4983795979835045,0.4870431591542528,0.38
567,566,0.5,0.5555555555555556,0.8363636363636363,0.4939226032387545,0.4939226032387545,1.0,0.5194018843711382,0.9983498349834984,0.9999954279522244,0.0,1.0,0.6666851094028132,0.6667001370471197,0.4,0.0,0.0016205166492271,0.5034365922819567,0.4866516775289058,0.34
568,567,0.7,0.0,0.5454545454545454,0.4939236201674666,0.4939236201674666,0.5,0.5577126830972634,0.9983498349834984,0.9999669466816276,0.0,0.9983498349834984,0.6668448967548096,0.666965707545995,0.4,1.0,0.9999778099713686,0.5103887302705176,0.5134144238336422,0.38
569,568,0.4,0.4074074074074074,0.1454545454545454,0.4886332638288124,0.4886332638288124,0.0,0.4183765082217752,0.995049504950495,0.9847234899145264,0.0,0.99009900990099,0.7740306608219737,0.8039926844197304,0.4,0.0,0.2794286201872489,0.6579203462800934,0.4826097604848627,0.67
570,569,0.5,0.4074074074074074,0.1454545454545454,0.4886407743580455,0.4886407743580455,0.0,0.4573054956642609,0.9933993399339934,0.9795444639329672,0.0,1.0,0.7696422899815976,0.8215707626589731,0.8,1.0,0.9991827678754636,0.6837935356974192,0.5540721476092616,0.73
571,570,0.8,0.8888888888888888,0.1636363636363636,0.4939926651138717,0.4939926651138717,1.0,0.5860132495180281,0.9983498349834984,0.9987067347167948,0.0115511551155115,1.0,0.6747914593076085,0.679205576002615,0.4,0.0,0.9974612639824584,0.5351219859983083,0.4939375935792078,0.1
572,571,0.5,0.8888888888888888,0.2363636363636363,0.5056795341029238,0.5056795341029238,0.5,0.4635893035750809,0.9966996699669968,0.9961777928508996,0.0016501650165016,0.9983498349834984,0.6918853416685158,0.7009474672683289,0.6,0.0,0.0105850729359761,0.5743032964876165,0.5417552781890012,0.49
573,572,0.2,0.4074074074074074,0.1454545454545454,0.488635874364522,0.488635874364522,0.0,0.4901995394614059,0.995049504950495,0.9788101906484288,0.0,1.0,0.7669248607206118,0.834040093878241,1.0,1.0,0.9990346517380552,0.8457695540593877,0.5583398809692304,0.87
574,573,0.3,0.7037037037037037,0.6363636363636364,0.5060769594477651,0.5060769594477651,1.0,0.5179942385683209,0.9983498349834984,0.9999788514174804,0.0,1.0,0.6667738952342622,0.6668606924349535,0.6,0.0,0.0032817354450057,0.4943453525337343,0.5,0.48
575,574,0.5,0.7777777777777778,0.6545454545454545,0.4939229893731939,0.4939229893731939,0.5,0.4524843635411447,0.9966996699669968,0.9999867994259338,0.0,1.0,0.6667590039401147,0.6667938634531609,0.2,0.0,0.9994182397744398,0.507092282322809,0.4947250463820437,0.17
576,575,0.4,0.6296296296296297,0.6,0.5060768261861098,0.5060768261861098,1.0,0.5026887942382037,0.9983498349834984,0.9999693712922224,0.0,1.0,0.666796138397312,0.6668838962091125,0.4,1.0,0.0005823153504214,0.4935279205370189,0.5052710385983541,0.45
577,576,0.7,0.6666666666666667,0.9818181818181818,0.4939224770127937,0.4939224770127937,0.25,0.4577510191702842,0.9966996699669968,0.9999993995220589,0.0016501650165016,0.9933993399339934,0.6666662039715645,0.6666677654580374,0.6,1.0,0.0016251257811468,0.5033450293681062,0.4866246264413478,0.57
578,577,0.6,0.8148148148148149,0.1272727272727272,0.5060605828632743,0.5060605828632743,0.5,0.5466085173481348,0.9983498349834984,0.9995569019402571,0.0033003300330033,0.9983498349834984,0.6696190999202558,0.6712094111783127,0.2,1.0,0.9988167542192052,0.5070572579601759,0.5102419699780313,0.42
579,578,0.4,0.2962962962962963,0.1818181818181818,0.4885351060445032,0.4885351060445032,0.0,0.4860747692745754,0.995049504950495,0.915819406418293,0.0,1.0,0.6546304065788014,0.9173111972627896,0.8,1.0,1.0,0.9921316058969412,0.4931118382165144,0.78
580,579,0.5,0.7037037037037037,0.2,0.4939368010921892,0.4939368010921892,0.0,0.4803398935245825,0.995049504950495,0.9995182499202592,0.0016501650165016,0.9983498349834984,0.6683790163815775,0.6700972613142746,0.6,0.0,0.9999766447588488,0.5211839127088502,0.5131961388699495,0.5
581,580,0.5,0.4074074074074074,0.2545454545454545,0.4939301274703199,0.4939301274703199,0.5,0.4672517341961284,0.9966996699669968,0.9998232752905188,0.0,0.9983498349834984,0.6680159813069394,0.668516950749316,0.6,1.0,0.999396473716676,0.5072594195434803,0.4948324657765944,0.57
582,581,0.6,0.6666666666666667,0.2,0.5114648939550716,0.5114648939550716,0.6,0.5345128628842197,0.9983498349834984,0.966143397889087,0.0049504950495049,0.995049504950495,0.8902337095738302,0.9802972480972734,0.4,0.0,1.6419760019361673e-14,0.751955761835448,0.4746961521871168,0.44
583,582,0.5,0.7407407407407407,0.7636363636363637,0.506077337290558,0.506077337290558,0.0,0.4924619381169342,0.995049504950495,0.999991828042718,0.0,0.9983498349834984,0.6667019853733086,0.6667310378089751,0.6,1.0,0.0005807984218699,0.4931827546453829,0.5052800797599476,0.71
584,583,0.6,0.8888888888888888,0.4909090909090909,0.5060751894995835,0.5060751894995835,0.0,0.4641931283804422,0.9966996699669968,0.9999090573893924,0.0,1.0,0.6670888564051077,0.667392821093564,0.4,1.0,0.9984570706708517,0.4972504820812524,0.5128662479109666,0.3
585,584,0.5,0.5555555555555556,0.8363636363636363,0.4939226032391219,0.4939226032391219,0.3333333333333333,0.4869376929882502,0.9966996699669968,0.9999973046274094,0.0049504950495049,0.995049504950495,0.6666926472718777,0.6666988541115509,0.8,0.0,0.9994193739639876,0.5070357750304249,0.4947187075391618,0.51
586,585,0.5,0.5925925925925926,0.8363636363636363,0.5060774320962901,0.5060774320962901,0.0,0.4571004938932264,0.9933993399339934,0.9999947024173944,0.0,1.0,0.6666831923444005,0.6666980773103126,0.6,1.0,0.0012621796340402,0.4880794651681095,0.4784400946203967,0.54
587,586,0.7,0.8518518518518519,1.0,0.5060775247800156,0.5060775247800156,0.8,0.5381217529596778,0.9983498349834984,0.9999995337833686,0.0066006600660066,0.9983498349834984,0.6666663816474584,0.6666676488699487,0.2,0.0,0.0005802512817317,0.4929795800713687,0.505283424519529,0.33
588,587,0.5,0.5925925925925926,0.4727272727272727,0.5060745439737879,0.5060745439737879,0.3333333333333333,0.4936805269366517,0.9966996699669968,0.9999406395972764,0.0016501650165016,0.9933993399339934,0.6672605845246917,0.6673875551203631,0.6,0.0,0.9984762094791986,0.4971265953952655,0.5127536154134672,0.64
589,588,0.5,0.2962962962962963,0.8363636363636363,0.4939226484645634,0.4939226484645634,0.0,0.497004466950142,0.9966996699669968,0.9999930209435772,0.0,1.0,0.6666908136426304,0.6667129458240019,0.4,0.0,0.9987365059362522,0.5119898105664937,0.5215125458718882,0.34
590,589,0.5,0.6296296296296297,0.4181818181818181,0.4939258902448705,0.4939258902448705,0.0,0.4368759202235888,0.9933993399339934,0.9998851497696176,0.0,0.995049504950495,0.6672516594696916,0.667518118380522,0.8,1.0,0.9986827482257086,0.5131203621816123,0.5196143207846041,0.77
591,590,0.3,0.2962962962962963,0.1818181818181818,0.4885351060445032,0.4885351060445032,0.0,0.4482378881639917,0.995049504950495,0.9300600255997796,0.0,0.9983498349834984,0.8589252906162469,0.999430006036396,0.6,1.0,1.0,0.9591042182139836,0.4944264160560925,0.57
592,591,0.2,0.1111111111111111,0.0727272727272727,0.5059892526682247,0.5059892526682247,0.5,0.4678682058677416,0.9966996699669968,0.9981319939749036,0.0,0.995049504950495,0.6777466872344986,0.6808617044013111,1.0,1.0,0.9993888720260314,0.5297031316938857,0.5,0.91
593,592,0.7,0.7037037037037037,0.3090909090909091,0.4939287163570139,0.4939287163570139,0.8,0.6264127110627675,0.9983498349834984,0.9998947601740168,0.0066006600660066,0.9983498349834984,0.6678325144253683,0.6681596237282208,0.4,0.0,0.9965975955118755,0.5078487257670437,0.5,0.38
594,593,0.2,0.1111111111111111,0.0727272727272727,0.5059851353971446,0.5059851353971446,0.3333333333333333,0.426118984422167,0.9917491749174916,0.9981846639011044,0.0016501650165016,0.99009900990099,0.6785659072603482,0.6818922612345252,0.8,1.0,0.0009198658126328,0.5094070812311724,0.5,0.87
595,594,0.6,0.7037037037037037,0.9454545454545454,0.506077493175358,0.506077493175358,1.0,0.5491286052024691,0.9983498349834984,0.999998878403634,0.0099009900990099,1.0,0.6666729565606735,0.6666760215679647,0.4,1.0,0.0012611616471329,0.4880223473734787,0.4784008358866587,0.39
596,595,0.4,0.4074074074074074,0.1818181818181818,0.4941363447996832,0.4941363447996832,0.0,0.4711642938538345,0.995049504950495,0.9957850893592824,0.0,1.0,0.6800221759599946,0.6917068591370127,0.6,0.0,0.994277628045511,0.5681142442658871,0.4719205837739637,0.68
597,596,0.7,0.5925925925925926,0.5818181818181818,0.4939232360868111,0.4939232360868111,0.0,0.4532977785772919,0.9966996699669968,0.9999615549611528,0.0,1.0,0.6667630223914216,0.6668721638546229,0.4,1.0,0.9967140554398856,0.5068289572095637,0.5,0.43
598,597,0.5,0.7037037037037037,0.6909090909090909,0.4939227573731952,0.4939227573731952,1.0,0.5405387151307839,0.9983498349834984,0.99998527085751,0.0,1.0,0.6666963784854161,0.6667444634773925,0.2,1.0,0.9999778726503508,0.5102179099871095,0.5134353283478469,0.44
599,598,0.5,0.925925925925926,1.0,0.4939224808034947,0.4939224808034947,0.3333333333333333,0.4345762393944284,0.995049504950495,0.9999993863956358,0.0016501650165016,0.9966996699669968,0.666667322814363,0.6666686106846333,0.6,0.0,0.998739269688246,0.5119925068376733,0.5216152149610929,0.39
600,599,0.4,0.8888888888888888,0.1636363636363636,0.5059994999017008,0.5059994999017008,0.2,0.4529148221817883,0.9933993399339934,0.9983053277182404,0.0016501650165016,0.9933993399339934,0.6769242428838247,0.6804819105071716,0.8,1.0,0.0049581745273775,0.517011816597119,0.5,0.7
601,600,0.4,0.7037037037037037,0.6363636363636364,0.5060769232710385,0.5060769232710385,0.0,0.4883336844803602,0.9966996699669968,0.9999827114885604,0.0,0.9983498349834984,0.6667844689002388,0.6668426912875443,0.4,1.0,0.9983967236956048,0.4969583934313751,0.5132428463064875,0.4
602,601,0.5,0.962962962962963,0.1272727272727272,0.4939763309343572,0.4939763309343572,0.3333333333333333,0.4918527238684588,0.9966996699669968,0.9988580643369772,0.0066006600660066,0.995049504950495,0.673192884220124,0.6767529197641903,0.4,1.0,0.995564137184822,0.531344351140411,0.5,0.55
603,602,0.2,0.2962962962962963,0.8363636363636363,0.4939226264830179,0.4939226264830179,0.0,0.4944019690253791,0.9966996699669968,0.9999952083444976,0.0,1.0,0.6666914016101653,0.6667048288711669,0.8,1.0,0.9999778819620064,0.5100782909825717,0.5134377885105648,0.67
604,603,0.7,0.7037037037037037,0.9636363636363636,0.4939225505526636,0.4939225505526636,0.6666666666666666,0.5855507719988402,0.9983498349834984,0.999998673807377,0.0082508250825082,0.9983498349834984,0.6666816053734284,0.6666854506500678,0.6,1.0,0.99672853635508,0.5062720029921806,0.5,0.3
605,604,0.5,0.6666666666666667,0.9818181818181818,0.4939224761069573,0.4939224761069573,0.0,0.4957289944903101,0.995049504950495,0.9999992186010698,0.0,1.0,0.6666657377568986,0.6666676751271561,0.4,1.0,0.9967301090595126,0.5062701764062442,0.5,0.43
606,605,0.6,0.0,0.5454545454545454,0.4939235881591168,0.4939235881591168,0.0,0.4513849878744307,0.995049504950495,0.9999540130870846,0.0,1.0,0.6667962354312145,0.6669562215948958,0.6,0.0,0.9994164539617406,0.5067509580058475,0.4947346767411452,0.49
607,606,0.6,0.6296296296296297,0.6181818181818182,0.5060770165424311,0.5060770165424311,1.0,0.5069635764488595,0.9983498349834984,0.9999880696396806,0.0016501650165016,1.0,0.6667657258392017,0.66680057395434,0.6,1.0,0.9983930368419532,0.4967901558009727,0.5132667068080476,0.47
608,607,0.4,0.4814814814814815,0.5272727272727272,0.4939234229100062,0.4939234229100062,0.0,0.4685029160794984,0.9933993399339934,0.999956579338014,0.0,1.0,0.6667691165246807,0.6669194647051198,0.8,1.0,0.9999778232197408,0.5110545136831419,0.5134149773882994,0.67
609,608,0.2,0.4814814814814815,0.5272727272727272,0.4939233893272776,0.4939233893272776,0.0,0.4990418113386961,0.995049504950495,0.9999617478625468,0.0,0.9983498349834984,0.6667801895186745,0.6669070687733256,0.8,1.0,0.998724332939707,0.5128024388010164,0.5210715996219147,0.84
610,609,0.7,0.7777777777777778,0.5272727272727272,0.5060765374026149,0.5060765374026149,1.0,0.6272818985131603,0.9983498349834984,0.9999782559836616,0.0049504950495049,1.0,0.6668610253653287,0.6669262626127169,0.2,0.0,0.9984099316395882,0.4970673424330381,0.5131624884067889,0.25
611,610,0.2,0.1111111111111111,0.0727272727272727,0.5059838201341009,0.5059838201341009,0.0,0.4198965193176088,0.995049504950495,0.9981369536204632,0.0,0.99009900990099,0.678168149413887,0.6821823003354687,1.0,1.0,0.0052958498657635,0.5181575159862158,0.5,0.92
612,611,0.7,0.6666666666666667,0.1272727272727272,0.4940834844127058,0.4940834844127058,0.0,0.4945496890839818,0.9966996699669968,0.9972464594349196,0.0,1.0,0.6773113692655488,0.688011383524168,0.4,1.0,0.9932312230837606,0.5586454232125071,0.5,0.44
613,612,0.4,0.4074074074074074,0.2545454545454545,0.4939300401625361,0.4939300401625361,0.25,0.4826068890313831,0.9966996699669968,0.999854413681533,0.0049504950495049,0.9933993399339934,0.6679974432348085,0.66844315298951,0.8,1.0,0.9986128860819222,0.5136224635023922,0.5173044777974364,0.77
614,613,0.6,0.4444444444444444,0.2181818181818181,0.4959472462939205,0.4959472462939205,0.5,0.4547293942462402,0.9966996699669968,0.9923607321141787,0.0066006600660066,0.9983498349834984,0.7006385874907647,0.7231349595708194,0.4,0.0,0.9988558293284092,0.605774844626452,0.5094651242513817,0.53
615,614,0.6,0.7037037037037037,0.2,0.493937326710405,0.493937326710405,0.6,0.5720783358298989,0.9983498349834984,0.999677191340038,0.0049504950495049,0.9983498349834984,0.6691793256936535,0.6700316092976805,0.6,0.0,0.9984886921450752,0.5118785794300922,0.5136200172406684,0.54
616,615,0.3,0.5555555555555556,0.4909090909090909,0.5060764439929205,0.5060764439929205,0.5,0.4324541141198056,0.9966996699669968,0.9999730763234764,0.0,0.995049504950495,0.6668798659989398,0.6669477438696436,0.8,0.0,0.9984133890664518,0.4972066211121929,0.5131405633983874,0.61
617,616,0.6,0.7037037037037037,0.6909090909090909,0.4939228784136282,0.4939228784136282,0.0,0.4960354104522424,0.9966996699669968,0.9999834160529362,0.0,1.0,0.6667219868798832,0.6667717047588806,0.6,1.0,0.9987326959483992,0.512197993051718,0.5213748955876819,0.42
618,617,0.4,0.3333333333333333,0.109090909090909,0.5060400018299177,0.5060400018299177,0.0,0.4125028313583913,0.99009900990099,0.9989759659408448,0.0,0.9983498349834984,0.6725325116434387,0.6747028729347204,0.8,1.0,0.0007053662154088,0.5123952524239318,0.5,0.61
619,618,0.3,0.2962962962962963,0.1818181818181818,0.4885351060445032,0.4885351060445032,0.0,0.4840252281258976,0.9966996699669968,0.9224099327376428,0.0,1.0,0.6752531187724671,0.9245800695163818,0.6,1.0,1.0,0.9979196297194692,0.5103111564958115,0.74
620,619,0.6,0.5925925925925926,0.2727272727272727,0.5060685078502863,0.5060685078502863,1.0,0.5417223625388435,0.9983498349834984,0.999718369121033,0.0033003300330033,1.0,0.6683392709254582,0.6690448779314017,0.4,0.0,0.0034612197684583,0.4996737268806366,0.5,0.71
621,620,0.3,0.3333333333333333,0.109090909090909,0.5060433208602588,0.5060433208602588,0.0,0.3879063666005429,0.9917491749174916,0.9989069296033052,0.0,0.9983498349834984,0.6719286728579108,0.6746441769195133,0.6,0.0,2.554772932147907e-05,0.5055095459291682,0.487260648560652,0.58
622,621,0.5,0.8148148148148149,0.6363636363636364,0.5060770297849464,0.5060770297849464,1.0,0.5068465929219415,0.9983498349834984,0.9999793415120608,0.0,1.0,0.6667580985787442,0.666828126535885,0.4,0.0,0.9983929340936062,0.4974357414613553,0.5132640117208874,0.53
623,622,0.6,0.6666666666666667,0.8363636363636363,0.4939225741605813,0.4939225741605813,0.5,0.4887702909801152,0.9966996699669968,0.999997077629204,0.0082508250825082,0.995049504950495,0.6666834653466176,0.6666924692139505,0.2,1.0,0.0016215965598818,0.5033712451024286,0.4866454357606183,0.44
624,623,0.5,0.6666666666666667,0.8363636363636363,0.4939225617082217,0.4939225617082217,0.6,0.5941374024987394,0.9983498349834984,0.9999983476364136,0.0066006600660066,0.9966996699669968,0.6666827061370536,0.6666888584984082,0.4,1.0,0.99997788662295,0.5100018156606014,0.5134391383022133,0.46
625,624,0.5,0.8518518518518519,1.0,0.5060775220525229,0.5060775220525229,1.0,0.5282171018546307,0.9983498349834984,0.99999918582105,0.0,1.0,0.6666665389274672,0.666669037343811,0.4,0.0,0.0012606824898172,0.4880285353665937,0.4783830373795031,0.36
626,625,0.5,0.7407407407407407,0.3818181818181818,0.506073542197635,0.506073542197635,0.3333333333333333,0.4727413997036404,0.9966996699669968,0.9999076992979896,0.0016501650165016,0.9966996699669968,0.6674175380454592,0.6677303292184453,0.6,0.0,0.9985071507780946,0.4994154046965584,0.5125402572766722,0.55
627,626,0.6,0.6666666666666667,0.9818181818181818,0.4939224774687815,0.4939224774687815,0.5,0.4088490945985462,0.995049504950495,0.9999992670690931,0.0033003300330033,0.9966996699669968,0.6666663789181368,0.6666679767644854,0.6,1.0,0.9967300806411074,0.506265543306341,0.5,0.49
628,627,0.4,0.5185185185185186,0.3272727272727272,0.5060734861324545,0.5060734861324545,0.0,0.496666983089873,0.9966996699669968,0.9998859405306068,0.0,1.0,0.667404025339273,0.6678883869451754,0.6,0.0,0.0005922900228191,0.4952525478766501,0.5052163440127496,0.35
629,628,0.7,0.5925925925925926,0.8909090909090909,0.4939224968869261,0.4939224968869261,1.0,0.5321242800019879,0.9983498349834984,0.999999167538573,0.0049504950495049,1.0,0.6666703293477069,0.6666722859179602,0.4,1.0,0.9999778911514088,0.509974973314304,0.5134407370031058,0.36
630,629,0.5,0.925925925925926,1.0,0.4939224805376565,0.4939224805376565,0.0,0.452567688633923,0.9966996699669968,0.999999305786122,0.0016501650165016,0.9983498349834984,0.6666669133084613,0.6666685524995241,0.2,0.0,0.9994197328363326,0.5070439863111413,0.4947166406152262,0.38
631,630,0.4,0.7407407407407407,0.6909090909090909,0.506077217477018,0.506077217477018,0.0,0.3903868737941721,0.9933993399339934,0.9999866076303768,0.0,0.9983498349834984,0.6667259228411355,0.6667596347974721,0.6,1.0,0.0005811530427443,0.4930497571304281,0.5052781776768223,0.48
632,631,0.5,0.8148148148148149,0.2181818181818181,0.493934059413433,0.493934059413433,0.0,0.4874949643667827,0.995049504950495,0.9995508636337505,0.0016501650165016,1.0,0.6682620541403549,0.6694609585565819,0.4,0.0,0.001292178440272,0.5117818613321296,0.4888474186944798,0.42
633,632,0.5,0.6666666666666667,0.2,0.5114648939539682,0.5114648939539682,0.0,0.4217719756761096,0.9966996699669968,0.9475489228876776,0.0,0.9983498349834984,0.8416516851258122,0.9914776371301456,0.6,1.0,4.3558814838155954e-16,0.9361053918416729,0.5,0.66
634,633,0.5,0.8888888888888888,0.4909090909090909,0.5060753838801164,0.5060753838801164,0.0,0.4430353149647847,0.9917491749174916,0.9999110477853708,0.0,1.0,0.6670758246534962,0.6672923399167193,0.6,1.0,0.0033147811385525,0.4963504808707997,0.5,0.62
635,634,0.5,0.5925925925925926,0.2727272727272727,0.5060673856567611,0.5060673856567611,0.0,0.4397624565649413,0.995049504950495,0.9996116201682576,0.0,0.9983498349834984,0.6684538885891045,0.6695940720245667,0.4,0.0,0.0014317110073574,0.4967954684177811,0.4840872547096222,0.49
636,635,0.6,0.4444444444444444,0.2181818181818181,0.4983402110157231,0.4983402110157231,1.0,0.5123768550627313,0.9983498349834984,0.9879368390279616,0.0,1.0,0.7067016818209508,0.7398762834827824,0.8,1.0,0.8865177141073839,0.8050020554012666,0.5,0.56
637,636,0.2,0.5185185185185186,0.3272727272727272,0.506072275854931,0.506072275854931,0.0,0.4833468998558673,0.9966996699669968,0.9997987011674864,0.0,1.0,0.6675920817055263,0.6682177803552092,0.8,0.0,2.251635561173628e-05,0.4912572306304392,0.4866811049640009,0.48
638,637,0.5,0.5555555555555556,0.0363636363636363,0.4939520439312488,0.4939520439312488,0.5,0.6563900352816165,0.9983498349834984,0.9995074276077268,0.0066006600660066,0.9966996699669968,0.671333422890777,0.67292822635163,0.6,0.0,0.9960969895027114,0.5110211456475879,0.5,0.52
639,638,0.7,0.5555555555555556,0.0363636363636363,0.4939670555689469,0.4939670555689469,0.5,0.5194154395866021,0.9983498349834984,0.998711744074691,0.0,0.9983498349834984,0.6715102575007791,0.6755380439330931,0.6,1.0,0.9992679915698616,0.5243724299555688,0.5,0.56
640,639,0.6,0.5925925925925926,0.3818181818181818,0.4939262599179088,0.4939262599179088,0.0,0.495884824596552,0.9966996699669968,0.9998727067070526,0.0,1.0,0.6672044430008538,0.6675770733541335,0.4,1.0,0.996649044094458,0.5091716197244145,0.5,0.57
641,640,0.8,0.7407407407407407,0.109090909090909,0.4939659358601507,0.4939659358601507,1.0,0.552444500234547,0.9983498349834984,0.9990812748928954,0.0066006600660066,1.0,0.6721093823741432,0.6751082422603107,0.2,0.0,0.0008490878285286,0.5105440425300469,0.4931095413164213,0.25
642,641,0.7,0.8888888888888888,0.2363636363636363,0.5057838671913579,0.5057838671913579,0.0,0.4397101703939596,0.9966996699669968,0.9968340682734652,0.0,1.0,0.6884551066804349,0.6978298858516154,0.4,1.0,0.0096527897044872,0.5948431139619067,0.5,0.55
643,642,0.2,0.4444444444444444,0.0909090909090909,0.4885394449575552,0.4885394449575552,1.0,0.523170826904978,0.9983498349834984,0.9787769916501337,0.0,1.0,0.7865809476292658,0.8673876732799808,0.8,1.0,0.9999777989266392,0.8275973628208959,0.5686357925870076,0.65
644,643,0.3,0.5555555555555556,0.4909090909090909,0.5060764086947409,0.5060764086947409,1.0,0.5151672280199094,0.9983498349834984,0.9999628687677604,0.0,1.0,0.6668736053486379,0.6670061235825492,0.8,1.0,0.0032934991993619,0.4944043401809068,0.5,0.66
645,644,0.5,0.6666666666666667,0.2,0.5114648938258892,0.5114648938258892,0.5,0.5516474532238604,0.9983498349834984,0.9668869417620374,0.0016501650165016,0.9966996699669968,0.8194221170126901,0.9363644779261432,0.4,1.0,6.168669860110408e-09,0.7340808832703447,0.4901195696290022,0.52
646,645,0.6,0.7037037037037037,0.6181818181818182,0.493922949886152,0.493922949886152,0.0,0.4552478201215667,0.9933993399339934,0.999981381049436,0.0,0.9983498349834984,0.6667280495531139,0.6667928689901689,0.6,0.0,0.9987315280863124,0.5121321121719465,0.5213329170138563,0.5
647,646,0.3,0.5185185185185186,0.4545454545454545,0.5060756123177492,0.5060756123177492,0.5,0.3285061589832253,0.995049504950495,0.999934661947045,0.0033003300330033,0.9917491749174916,0.6670440277634371,0.6671768995858796,0.8,1.0,0.0005858612348732,0.4927915188660107,0.5052523634777595,0.86
648,647,0.5,0.925925925925926,0.2363636363636363,0.5042095757592587,0.5042095757592587,0.4285714285714285,0.4752877281682046,0.9966996699669968,0.9924867639885604,0.0049504950495049,0.995049504950495,0.7100090238321904,0.7306239676659588,0.8,0.0,0.0136662216459274,0.5808911369226357,0.5,0.38
649,648,0.6,0.4814814814814815,0.5272727272727272,0.493923545441143,0.493923545441143,1.0,0.5119711286552879,0.9983498349834984,0.9999630529243204,0.0,1.0,0.6668185698419307,0.6669437440944662,0.6,0.0,0.999977814603692,0.5108864799863357,0.5134169425717702,0.37
650,649,0.5,0.7777777777777778,0.2,0.4976953445429117,0.4976953445429117,0.0,0.4848621973018754,0.9966996699669968,0.9866076668668976,0.0,1.0,0.7212091723309759,0.7788506284142152,0.4,0.0,0.2538940677691176,0.5560282840239035,0.5,0.53
651,650,0.7,0.8148148148148149,0.1272727272727272,0.5114246900967393,0.5114246900967393,0.3333333333333333,0.4779265995434089,0.9966996699669968,0.9892846360510544,0.0033003300330033,0.9966996699669968,0.7709327417830516,0.8139121409591775,0.4,1.0,0.0001180772676064,0.6299701224559326,0.4396537315949958,0.4
652,651,0.4,0.5555555555555556,0.8363636363636363,0.4939225875131051,0.4939225875131051,1.0,0.5003826213233691,0.9983498349834984,0.9999950937953196,0.0016501650165016,1.0,0.6666823969522087,0.6666969350158608,0.4,0.0,0.9999778846783086,0.5100730086128512,0.5134387475158991,0.57
653,652,0.4,0.1111111111111111,0.0727272727272727,0.5059429109119128,0.5059429109119128,0.0,0.481192823219728,0.9966996699669968,0.9972293493058292,0.0,0.9983498349834984,0.6809500550325124,0.6894298663511912,0.8,1.0,4.176837273145194e-05,0.518696592021754,0.487673922871448,0.69
654,653,0.4,0.6666666666666667,0.1272727272727272,0.5083945896935187,0.5083945896935187,0.5,0.5668827402749635,0.9983498349834984,0.989048172181732,0.0,1.0,0.7377958714564142,0.7658576129403345,0.4,0.0,0.0191546786990473,0.6052144133025523,0.5,0.57
655,654,0.7,0.8148148148148149,0.1272727272727272,0.5113979049315147,0.5113979049315147,0.0,0.4873458535608518,0.995049504950495,0.9819899425603444,0.0,1.0,0.7498975202387577,0.823057689477377,0.6,1.0,0.0011391496601157,0.8076422353947629,0.5061644491433379,0.5
656,655,0.7,0.6666666666666667,0.1272727272727272,0.5105171182434023,0.5105171182434023,1.0,0.5105007399791726,0.9983498349834984,0.986909323517892,0.0033003300330033,1.0,0.7424531565085916,0.7830849041556419,0.2,1.0,0.1010702048890167,0.7077301636292113,0.5,0.46
657,656,0.4,0.6666666666666667,0.1272727272727272,0.4941053244123199,0.4941053244123199,0.5,0.4975139125443698,0.9966996699669968,0.9975860929498096,0.0,0.9966996699669968,0.6814792384472965,0.6895634913234319,0.6,1.0,0.9986854408222012,0.529194841075741,0.5,0.52
658,657,0.4,0.7037037037037037,0.2181818181818181,0.4885353237067958,0.4885353237067958,0.6666666666666666,0.4672851936908674,0.9966996699669968,0.9766440600704566,0.0016501650165016,0.995049504950495,0.8105121623542568,0.8755691032444942,0.6,1.0,0.9999995258227716,0.6966245916112457,0.5599549493479902,0.56
659,658,0.4,0.5555555555555556,0.9636363636363636,0.4939224839957026,0.4939224839957026,0.5,0.5583277960327203,0.9983498349834984,0.9999991986601232,0.0,0.9983498349834984,0.6666666252515966,0.6666694058287106,0.2,0.0,0.9987392185934124,0.512002760259535,0.5216137915420935,0.48
660,659,0.4,0.1111111111111111,0.0727272727272727,0.5059146440428776,0.5059146440428776,0.0,0.453975326052273,0.9966996699669968,0.9976344684338142,0.0,1.0,0.6819679262218209,0.6896424535172075,1.0,1.0,0.9995341176790868,0.5442452679996183,0.5,0.73
661,660,0.5,0.2962962962962963,0.1818181818181818,0.4885351060445032,0.4885351060445032,0.5,0.4550755586242131,0.9933993399339934,0.9382909385479786,0.0016501650165016,0.9966996699669968,0.7099376407903717,0.9069067526900036,0.4,1.0,9.352276813572625e-54,0.9020334383262796,0.5,0.36
662,661,0.3,0.1111111111111111,0.1818181818181818,0.5060322690053198,0.5060322690053198,1.0,0.5164232173035694,0.9983498349834984,0.9989971773881494,0.0,0.9966996699669968,0.6734370933892747,0.6759659664564789,0.8,1.0,0.0020595991146346,0.5037822893445079,0.5,0.74
663,662,0.3,0.4074074074074074,0.1454545454545454,0.4889590973078281,0.4889590973078281,0.0,0.3141651769836584,0.9884488448844884,0.9841727108625942,0.0,0.99009900990099,0.7593607967079129,0.7889208795039127,0.8,1.0,0.9421787893450256,0.5695864681930877,0.5,0.74
664,663,0.4,0.5185185185185186,0.3272727272727272,0.5060722045861246,0.5060722045861246,0.25,0.3824411977004351,0.9966996699669968,0.9999121857037798,0.0033003300330033,0.995049504950495,0.6677084407335738,0.6679196437776016,0.6,1.0,0.0005961863854134,0.493633441290375,0.5051996531573658,0.8
665,664,0.4,0.5555555555555556,0.1272727272727272,0.4939400639673552,0.4939400639673552,0.0,0.4806842036095128,0.9966996699669968,0.9995565682597886,0.0,0.9983498349834984,0.6689769795384757,0.6706381643393245,0.6,1.0,0.9999763114201128,0.5168755039225278,0.5131094723192501,0.39
666,665,0.9,1.0,0.1636363636363636,0.5112440099865664,0.5112440099865664,1.0,0.5859351762735819,0.9983498349834984,0.9892040220113116,0.0148514851485148,1.0,0.759134837167833,0.793560336052939,0.0,0.0,0.0039893125924127,0.5262557833358805,0.4493774338638941,0.14
667,666,0.4,0.3333333333333333,0.109090909090909,0.5060380179692275,0.5060380179692275,0.5714285714285714,0.4397440917788943,0.9966996699669968,0.9993703317462022,0.0066006600660066,0.99009900990099,0.6729670694063883,0.674854303958346,0.6,1.0,0.9991167412228243,0.5032431402242351,0.5072896214825381,0.7
668,667,0.6,0.5925925925925926,0.8909090909090909,0.4939224993909827,0.4939224993909827,0.5,0.5770955689176,0.9983498349834984,0.999999350616644,0.0016501650165016,0.9966996699669968,0.6666711702573862,0.666672921373611,0.6,0.0,0.0016243184010969,0.5033390950806629,0.4866294257901378,0.48
669,668,0.4,0.4444444444444444,0.2545454545454545,0.5060657479708836,0.5060657479708836,0.0,0.4610876620846715,0.9966996699669968,0.999466255566637,0.0,0.9983498349834984,0.668594614406264,0.6705652706980687,0.8,1.0,2.3118755019022205e-05,0.4932260748909556,0.4868083454504643,0.59
670,669,0.6,0.6666666666666667,0.2,0.5114648939502934,0.5114648939502934,0.0,0.4977079578312736,0.9966996699669968,0.9361127721292102,0.0,1.0,0.7904951640906481,0.9965976017817784,0.6,1.0,6.666762039550203e-15,0.6869139394363366,0.5,0.62
671,670,0.2,0.5185185185185186,0.8909090909090909,0.5060775093683434,0.5060775093683434,0.0,0.456599043376927,0.9933993399339934,0.99999849071759,0.0,1.0,0.6666690130676844,0.6666733756687242,0.6,0.0,2.2108350253039312e-05,0.490050873644395,0.4865592068186407,0.65
672,671,0.5,0.3333333333333333,0.109090909090909,0.5060444030623765,0.5060444030623765,0.4,0.4244182070703238,0.9966996699669968,0.999444729431098,0.0082508250825082,0.9917491749174916,0.6720395661170736,0.6737690220977102,0.4,1.0,0.0006892387088607,0.5002837169264808,0.5,0.52
673,672,0.3,0.3703703703703703,0.109090909090909,0.5046229900060487,0.5046229900060487,0.0,0.4409897208857694,0.9917491749174916,0.98989523054617,0.0,0.99009900990099,0.726448498413891,0.7541128726787024,0.8,1.0,0.7018978621834852,0.596370934334612,0.5,0.71
674,673,0.5,0.6296296296296297,0.4181818181818181,0.493925728009262,0.493925728009262,0.0,0.4721577895456443,0.9933993399339934,0.9998578879538096,0.0,1.0,0.6670346240431306,0.6675181692855071,0.4,0.0,0.0015166435757357,0.5056019259052553,0.4872775957243918,0.52
675,674,0.4,0.6666666666666667,0.8363636363636363,0.493922554896935,0.493922554896935,0.0,0.4980871226653707,0.9966996699669968,0.999996684113414,0.0,1.0,0.6666753787875348,0.6666886383340915,0.4,1.0,0.0016222785028023,0.5033179031969639,0.4866417533910471,0.48
676,675,0.4,0.3703703703703703,0.109090909090909,0.5063610335674822,0.5063610335674822,0.0,0.480262783378952,0.9966996699669968,0.9845550826558216,0.0,1.0,0.7124671218392835,0.7648193347228083,0.8,1.0,0.8138753466269651,0.7203292557820655,0.4876149382997607,0.7
677,676,0.4,0.6296296296296297,0.7818181818181819,0.5060774007425328,0.5060774007425328,1.0,0.5303143419343801,0.9983498349834984,0.9999943603945612,0.0,1.0,0.6666883853385798,0.6667067816444928,0.4,1.0,2.2116293824760447e-05,0.4901443041668383,0.4865628783829228,0.58
678,677,0.8,0.5555555555555556,0.1454545454545454,0.5058583340550726,0.5058583340550726,1.0,0.5863699085460023,0.9983498349834984,0.9976547046109192,0.0082508250825082,1.0,0.685288921940661,0.691490085922226,0.2,0.0,0.0014844491040217,0.5535567451335384,0.5,0.26
679,678,0.4,0.2962962962962963,0.1818181818181818,0.4885351060445032,0.4885351060445032,0.4,0.4731249850417103,0.9966996699669968,0.9602029853397974,0.0033003300330033,0.9917491749174916,0.8350030342457734,0.9511164545209838,0.6,0.0,1.0,0.7333686909041738,0.5641587346377168,0.6
680,679,0.4,0.7037037037037037,0.2545454545454545,0.4942758388803614,0.4942758388803614,0.5,0.5664098684312993,0.9983498349834984,0.9975067080817472,0.0033003300330033,0.9966996699669968,0.6903471309253785,0.6972441830064458,0.2,0.0,0.989058171786662,0.5390462179144613,0.5,0.33
681,680,0.5,0.4074074074074074,0.2545454545454545,0.4939292284894574,0.4939292284894574,1.0,0.5185409533272652,0.9983498349834984,0.9997060970974164,0.0,1.0,0.6675752438850591,0.668380612247846,0.4,1.0,0.9999773320114164,0.5176351389922849,0.5133249933550771,0.74
682,681,0.4,0.7037037037037037,0.9090909090909092,0.4939224916788771,0.4939224916788771,0.0,0.4981768238280228,0.9966996699669968,0.9999986827040004,0.0,1.0,0.6666681223436169,0.6666718716132517,0.6,0.0,0.9987390897311388,0.5120285179206256,0.5216087017595844,0.54
683,682,0.4,0.6666666666666667,0.1272727272727272,0.4941223254686645,0.4941223254686645,0.0,0.3957685609581107,0.9933993399339934,0.9965761526421284,0.0,0.9983498349834984,0.6803119011045278,0.6906948608936914,0.6,1.0,0.9999448567842772,0.5684689990678429,0.5127400946010312,0.77
684,683,0.4,0.5185185185185186,0.8909090909090909,0.5060775045296071,0.5060775045296071,0.0,0.4816123300850116,0.9966996699669968,0.9999986439674776,0.0,1.0,0.6666703369398355,0.6666738749757983,0.6,1.0,0.0005803107350006,0.4929876085430179,0.5052830670090134,0.73
685,684,0.4,0.7407407407407407,0.6909090909090909,0.5060772163826391,0.5060772163826391,0.6666666666666666,0.4308758801516869,0.9966996699669968,0.9999908038251198,0.0033003300330033,0.9966996699669968,0.6667282016955965,0.6667449001895521,0.8,0.0,0.0005811467112954,0.4929803714807022,0.5052781760917031,0.44
686,685,0.7,0.962962962962963,0.2363636363636363,0.4967813721666394,0.4967813721666394,0.5,0.5250106696559234,0.9983498349834984,0.9940125226167024,0.0165016501650165,0.9966996699669968,0.7321313571671131,0.7476834650066718,0.2,0.0,0.2963886906499422,0.5906530667893823,0.5,0.35
687,686,0.3,0.4444444444444444,0.9454545454545454,0.4939225245551815,0.4939225245551815,0.0,0.3812188372725963,0.9917491749174916,0.9999975042978472,0.0,0.9966996699669968,0.6666731923575364,0.6666802338287587,0.8,0.0,0.9967290838324196,0.5063133153973678,0.5,0.61
688,687,0.3,0.4074074074074074,0.1818181818181818,0.4942610930483874,0.4942610930483874,0.0,0.4481719960908178,0.9966996699669968,0.995994232775443,0.0,1.0,0.6864187501861991,0.6973226725879734,0.4,0.0,0.9893794270798372,0.5791830803286349,0.5,0.42
689,688,0.6,0.7037037037037037,0.9090909090909092,0.4939224942043337,0.4939224942043337,0.75,0.5392308664828681,0.9983498349834984,0.9999989356835244,0.0033003300330033,0.9983498349834984,0.6666690691126549,0.6666718191013953,0.2,0.0,0.9994196938243948,0.5070597663915598,0.4947168593442752,0.29
690,689,0.5,0.5925925925925926,0.8363636363636363,0.5060774156035075,0.5060774156035075,0.5,0.4348940319650807,0.9917491749174916,0.99999505492247,0.0033003300330033,1.0,0.6666875199384575,0.6666966017436781,0.6,0.0,0.00126244546475,0.4881030363235308,0.4784472942549659,0.31
691,690,0.2,0.3333333333333333,0.109090909090909,0.5060405580372993,0.5060405580372993,0.0,0.479149827453839,0.9966996699669968,0.9987530769301164,0.0,1.0,0.6719071819370457,0.6753553746750862,0.6,0.0,0.0007040679486807,0.4915278197946026,0.5,0.47
692,691,0.3,0.5185185185185186,0.8909090909090909,0.5060775024591526,0.5060775024591526,0.0,0.4913404922835962,0.9966996699669968,0.9999985939947196,0.0,1.0,0.6666707490324794,0.6666757140421172,0.6,1.0,0.003270343874517,0.4937715099225659,0.5,0.52
693,692,0.3,0.5555555555555556,0.4909090909090909,0.5060763750259321,0.5060763750259321,0.5,0.458620875068737,0.995049504950495,0.9999688716395568,0.0033003300330033,0.9933993399339934,0.6668945058933705,0.666946731133088,1.0,1.0,0.9984155622265292,0.4969282230834796,0.5131295876507631,0.69
694,693,0.6,0.7407407407407407,0.2363636363636363,0.4950641871679856,0.4950641871679856,0.5,0.5337460980003923,0.9983498349834984,0.9950107452587322,0.0033003300330033,0.9983498349834984,0.6992843095620372,0.7153792603028654,0.6,1.0,0.0004331301339977,0.5520961899005696,0.5,0.52
695,694,0.5,0.2962962962962963,0.1818181818181818,0.4885351060445032,0.4885351060445032,0.0,0.425256773355517,0.9933993399339934,0.9340855637444728,0.0,0.9983498349834984,0.7631668522152758,0.959461017991696,0.6,1.0,1.0,0.8902522965160344,0.5125970690295182,0.78
696,695,0.5,0.7407407407407407,0.1636363636363636,0.5060635231630373,0.5060635231630373,0.0,0.4165547063924225,0.9933993399339934,0.9994447132207166,0.0,0.9983498349834984,0.668905442983019,0.6706035094653555,0.6,1.0,0.0006232544656277,0.5027291060734885,0.5050742084757011,0.63
697,696,0.2,0.7407407407407407,0.3272727272727272,0.4939269081095011,0.4939269081095011,0.0,0.485425191742359,0.995049504950495,0.999839630992346,0.0,1.0,0.667305597131553,0.6677939210035224,0.8,1.0,0.999977554578465,0.5129737301770128,0.5133493975598957,0.65
698,697,0.6,0.7407407407407407,0.1636363636363636,0.506063123408804,0.506063123408804,1.0,0.5156722703976161,0.9983498349834984,0.9994953517782188,0.0,1.0,0.6690117170084996,0.6706444330713405,0.4,1.0,0.0035750758267612,0.5003621181084458,0.5,0.34
699,698,0.5,0.5555555555555556,0.9818181818181818,0.4939225134813277,0.4939225134813277,0.0,0.4702159485315857,0.995049504950495,0.9999976058918127,0.0,0.9983498349834984,0.6666719495998495,0.6666776071887087,0.8,1.0,0.998738726093095,0.51201109800879,0.5215951992343565,0.72
700,699,0.4,0.7037037037037037,0.2545454545454545,0.4942207302771315,0.4942207302771315,0.0,0.4931841573108697,0.9933993399339934,0.9960355547645996,0.0,0.9983498349834984,0.684882043505999,0.6947749384562744,0.6,1.0,0.0003882405719634,0.5250050949294575,0.5,0.74
701,700,0.4,1.0,0.2363636363636363,0.4939336872310137,0.4939336872310137,0.3333333333333333,0.458447611078396,0.9966996699669968,0.999725080385346,0.0049504950495049,0.995049504950495,0.6686301223096385,0.6691832101361675,0.4,1.0,0.996491266137855,0.5059558187692752,0.5,0.57
702,701,0.3,0.4444444444444444,0.0909090909090909,0.4885473162125426,0.4885473162125426,0.0,0.4502195490540865,0.995049504950495,0.9843354991831276,0.0,0.9966996699669968,0.7839932132099557,0.8286959972643738,0.8,0.0,0.9999216221031904,0.7781694642496212,0.5669033298210782,0.76
703,702,0.5,1.0,0.5454545454545454,0.4939235498961081,0.4939235498961081,0.0,0.4835825327574005,0.9966996699669968,0.999954688999255,0.0,1.0,0.6668009546866902,0.6669463981282083,0.6,0.0,0.9987216467168636,0.5126737859917693,0.5210021541916919,0.54
704,703,0.5,0.7037037037037037,0.6909090909090909,0.4939227453251711,0.4939227453251711,0.0,0.4939562909236256,0.9966996699669968,0.9999891896159008,0.0,0.9983498349834984,0.6666969440772914,0.6667352333257018,0.2,0.0,0.9967243836589252,0.5064532094943335,0.5,0.4
705,704,0.3,0.4444444444444444,0.2181818181818181,0.4967383460661361,0.4967383460661361,0.0,0.4365528663916737,0.995049504950495,0.9865514890799596,0.0,1.0,0.6991182127812016,0.7383850439528318,0.8,1.0,0.9307809376827252,0.7919269060574603,0.5,0.75
706,705,0.7,0.925925925925926,0.1272727272727272,0.4885351060445032,0.4885351060445032,1.0,0.6171266774469021,0.9983498349834984,0.939111579270388,0.0049504950495049,1.0,0.5690817007286627,0.7121347635465122,0.4,0.0,6.914844068808707e-126,0.9988890734047732,0.5106342505322757,0.43
707,706,0.6,0.7037037037037037,0.9454545454545454,0.5060774916889063,0.5060774916889063,1.0,0.5533843690036706,0.9983498349834984,0.9999985749105114,0.0,1.0,0.6666729475308713,0.666676784760519,0.4,1.0,0.0032705697227728,0.4937794046405111,0.5,0.17
708,707,0.2,0.4074074074074074,0.1454545454545454,0.4887796223895124,0.4887796223895124,0.0,0.4437043499201901,0.9933993399339934,0.9845564262371156,0.0,0.9917491749174916,0.7588557899779528,0.8123996698325451,0.6,0.0,0.9908125979319278,0.7968294133699868,0.5,0.71
709,708,0.6,0.7037037037037037,0.2545454545454545,0.494359238400096,0.494359238400096,0.0,0.4755320836643233,0.9966996699669968,0.9942898027093764,0.0,1.0,0.6843606538137299,0.7016902610449974,0.4,0.0,0.988286724377523,0.6135960847103936,0.4576667353704185,0.68
710,709,0.7,0.7037037037037037,0.2545454545454545,0.4944105544649475,0.4944105544649475,1.0,0.5229411874071052,0.9983498349834984,0.9952513739699526,0.0016501650165016,1.0,0.6889855076875653,0.7015075790844212,0.2,0.0,0.0003675260907044,0.5120670387334845,0.5,0.3
711,710,0.6,0.6296296296296297,0.0909090909090909,0.4969550099734043,0.4969550099734043,0.0,0.4767812788374745,0.9966996699669968,0.9927442342368548,0.0,1.0,0.7307717062738234,0.7516582480225434,0.4,0.0,0.0446843171110298,0.6394460948490664,0.507861603085628,0.44
712,711,0.6,0.6666666666666667,0.2,0.5114648907998662,0.5114648907998662,0.5,0.4833598580649521,0.9966996699669968,0.968909556748436,0.0,1.0,0.8184179188738735,0.9056814166692236,0.4,0.0,7.413754625054523e-14,0.7119979176900755,0.4575301912342578,0.44
713,712,0.4,0.4444444444444444,0.2181818181818181,0.4975069083126683,0.4975069083126683,1.0,0.512853066357519,0.9983498349834984,0.9858846551367726,0.0,1.0,0.6984065942298349,0.7353399249732532,0.6,0.0,0.9963724336272244,0.7973193949124724,0.5068214642689325,0.41
714,713,0.5,0.7407407407407407,0.3818181818181818,0.5060743595453232,0.5060743595453232,0.0,0.4351108068691552,0.9966996699669968,0.9999032637866238,0.0,0.9966996699669968,0.6672804713956034,0.6675458752191986,0.8,1.0,0.0033362256697092,0.4954190959305212,0.5,0.68
715,714,0.4,0.7407407407407407,0.6909090909090909,0.5060772215409792,0.5060772215409792,0.3333333333333333,0.3852699588831962,0.995049504950495,0.9999888911225332,0.0,0.9966996699669968,0.6667263157933581,0.6667428855662942,0.6,1.0,0.0032762907974447,0.4939240534580899,0.5,0.82
716,715,0.5,0.4444444444444444,0.9454545454545454,0.4939225190318843,0.4939225190318843,0.3333333333333333,0.4898504318742819,0.9966996699669968,0.9999984507938848,0.0033003300330033,0.9966996699669968,0.6666739353082513,0.6666782973149145,0.4,1.0,0.0016235920372465,0.5033304303216946,0.4866338359829972,0.5
717,716,0.5,0.7037037037037037,0.2727272727272727,0.50607091058305,0.50607091058305,0.6666666666666666,0.5000815482863701,0.9983498349834984,0.999800145076503,0.0049504950495049,0.9983498349834984,0.6678906491429626,0.6685956918564255,0.6,0.0,0.998582860272307,0.502179776287201,0.512021705016473,0.45
718,717,0.4,0.5555555555555556,0.1272727272727272,0.493939996095223,0.493939996095223,0.0,0.4166285020905927,0.99009900990099,0.9994698924850572,0.0,0.9966996699669968,0.6690943295192924,0.6707014535336407,0.8,1.0,0.9984429872248084,0.5136492605370071,0.5124323427781563,0.68
719,718,0.8,0.4444444444444444,0.9454545454545454,0.4939225307524335,0.4939225307524335,0.5,0.5630276138376376,0.9983498349834984,0.9999983996054016,0.0016501650165016,0.9983498349834984,0.6666745760999155,0.6666816812165801,0.2,1.0,0.9967289588097888,0.5062731099718252,0.5,0.44
720,719,0.4,0.4444444444444444,0.9454545454545454,0.493922524665104,0.493922524665104,0.0,0.428396263660543,0.9917491749174916,0.9999979484625244,0.0,0.9966996699669968,0.6666749757983872,0.6666797438172982,0.8,0.0,0.9994196040369452,0.5070616666213323,0.4947173655637933,0.66
721,720,0.3,0.2962962962962963,0.4727272727272727,0.4939250808857621,0.4939250808857621,0.0,0.4916604886215567,0.9966996699669968,0.9999117529617808,0.0,1.0,0.6670221053591845,0.667345022285495,0.8,0.0,0.9986963718938104,0.5152097972977874,0.5201005886543029,0.54
722,721,0.6,0.8148148148148149,0.6363636363636364,0.5060771408493019,0.5060771408493019,0.0,0.4981822042011429,0.9966996699669968,0.9999893356997662,0.0033003300330033,1.0,0.6667400987990789,0.6667766755013124,0.4,0.0,0.9983886666609576,0.4964895289395251,0.5132939789881207,0.26
723,722,0.4,0.6296296296296297,0.9818181818181818,0.5060775209991171,0.5060775209991171,0.0,0.495220054903663,0.995049504950495,0.9999990114766408,0.0,1.0,0.6666668903148136,0.6666698653988861,0.6,0.0,2.210749376019251e-05,0.4900517163387773,0.4865588652918352,0.47
724,723,0.6,0.5925925925925926,0.8909090909090909,0.493922507004094,0.493922507004094,0.0,0.4848918790966998,0.9966996699669968,0.9999982378847982,0.0,1.0,0.6666701198775118,0.6666759046275935,0.6,0.0,0.998738835475621,0.5120077476746557,0.5215993335708001,0.63
725,724,0.5,0.5555555555555556,0.0363636363636363,0.4939511856890479,0.4939511856890479,0.0,0.4654588802806386,0.995049504950495,0.9987591498331738,0.0,1.0,0.6694362802671217,0.6730203282786019,0.8,1.0,0.0010037441617196,0.5429150852094903,0.4912007955215298,0.75
726,725,0.6,0.7407407407407407,0.109090909090909,0.4939619515576736,0.4939619515576736,1.0,0.5341326853222719,0.9983498349834984,0.9987562145890502,0.0,1.0,0.6706173462502273,0.6750003245677713,0.6,0.0,0.9992858730459117,0.5167803769649071,0.5,0.41
727,726,0.6,0.6666666666666667,0.1272727272727272,0.5104173373729559,0.5104173373729559,1.0,0.5703877336919133,0.9983498349834984,0.9848467858104204,0.0,1.0,0.7377387402617346,0.7795225199048618,0.2,1.0,0.1053088316190726,0.3802644198084819,0.4628072881934238,0.3
728,727,0.5,0.962962962962963,0.0909090909090909,0.4893509039231192,0.4893509039231192,0.0,0.4819517678264678,0.9966996699669968,0.9828188643586766,0.0,1.0,0.7529437877414278,0.8053336618425927,0.4,0.0,0.9483962762606134,0.7873828383880069,0.5,0.21
729,728,0.9,0.5555555555555556,0.0363636363636363,0.4939576806464327,0.4939576806464327,1.0,0.6106754930396523,0.9983498349834984,0.9993373750674504,0.0132013201320132,1.0,0.6718064742692988,0.6738345486198771,0.2,0.0,0.9999742060512852,0.525611132443168,0.5129598045273691,0.21
730,729,0.4,0.1111111111111111,0.1818181818181818,0.5060293350124179,0.5060293350124179,0.0,0.451207633340402,0.995049504950495,0.9983558071039124,0.0,1.0,0.6730791592813206,0.6782387231342569,0.4,0.0,2.741117888565913e-05,0.5110239591945744,0.4874649543661168,0.59
731,730,0.6,0.6296296296296297,0.0909090909090909,0.492335509280721,0.492335509280721,0.0,0.4990667231955782,0.9966996699669968,0.9862423035853772,0.0,1.0,0.7375545355749219,0.780712731906814,0.6,1.0,0.5735505139030204,0.781975835838386,0.5,0.39
732,731,0.7,0.5925925925925926,0.4727272727272727,0.5060749731183607,0.5060749731183607,0.0,0.4800357109152023,0.9966996699669968,0.999894287269236,0.0,1.0,0.6671321424305569,0.6675061876518145,0.2,0.0,0.0005876437695822,0.4948801508744777,0.5052397931777042,0.35
733,732,0.6,0.6296296296296297,0.9454545454545454,0.5060775174069829,0.5060775174069829,0.0,0.4728263789669003,0.995049504950495,0.9999990103567667,0.0,1.0,0.6666677865911502,0.666670252909609,0.6,1.0,0.0032700286470731,0.4937653674800337,0.5,0.64
734,733,0.5,0.6296296296296297,0.9818181818181818,0.506077519381071,0.506077519381071,0.0,0.4562852313580936,0.9966996699669968,0.9999991971814935,0.0,1.0,0.6666672832714956,0.6666695061007392,0.4,1.0,2.210760399439616e-05,0.4900422732145542,0.4865588190413789,0.55
735,734,0.4,0.6296296296296297,0.6181818181818182,0.5060769629884329,0.5060769629884329,1.0,0.5322472713830498,0.9983498349834984,0.999980026502752,0.0,1.0,0.6667741463866234,0.6668431239515068,0.6,1.0,0.9983949773032476,0.4962054167520647,0.5132574903394337,0.49
736,735,0.6,0.7407407407407407,0.3454545454545454,0.506073124457582,0.506073124457582,0.0,0.4837422440755625,0.9966996699669968,0.999894324469543,0.0033003300330033,1.0,0.6675092526587939,0.6677965174910501,0.4,1.0,0.0033632321164925,0.4959547784263302,0.5,0.54
737,736,0.5,0.7407407407407407,0.1636363636363636,0.4939389961118281,0.4939389961118281,0.0,0.4838056890953476,0.995049504950495,0.9992747496414862,0.0,1.0,0.668702541487178,0.6705978457976952,0.8,0.0,0.9999764311051672,0.5200222712438216,0.5131759245596367,0.46
738,737,0.5,1.0,0.1636363636363636,0.4916560772110914,0.4916560772110914,1.0,0.502865005907565,0.9983498349834984,0.9824344716629442,0.0,1.0,0.7353612605900882,0.7930898849050985,0.2,0.0,0.6738172998443205,0.8059085437731259,0.5,0.18
739,738,0.5,0.962962962962963,0.2909090909090909,0.5060708766038877,0.5060708766038877,0.0,0.4772405896156237,0.995049504950495,0.9997127051237048,0.0,1.0,0.6677996034434346,0.6686702701449175,0.2,1.0,0.0013719284705477,0.4980684919539782,0.4822548357687835,0.46
740,739,0.6,0.6296296296296297,0.9818181818181818,0.5060775180383008,0.5060775180383008,0.6666666666666666,0.4312604474121102,0.9966996699669968,0.9999994332749148,0.0049504950495049,0.9966996699669968,0.6666679977887982,0.666668844945146,0.4,0.0,0.0005802706983418,0.4929740110198228,0.5052833221091403,0.63
741,740,0.5,0.4444444444444444,0.2181818181818181,0.4963218949510144,0.4963218949510144,0.3333333333333333,0.4247868432053927,0.995049504950495,0.9930966750150712,0.0016501650165016,0.9966996699669968,0.7087543712519228,0.7238045140192856,0.6,0.0,0.0006368307224243,0.5813630439081003,0.5,0.57
742,741,0.3,0.0,0.5454545454545454,0.4939239686407763,0.4939239686407763,0.3333333333333333,0.5669107958974038,0.9983498349834984,0.9999572549239428,0.0016501650165016,0.99009900990099,0.6669015109533346,0.6670472585259968,0.4,1.0,0.998714655639354,0.5122752278375504,0.5207286298317492,0.78
743,742,0.6,0.7407407407407407,0.6909090909090909,0.5060771946736453,0.5060771946736453,1.0,0.5116127932194692,0.9983498349834984,0.999988697836841,0.0,1.0,0.6667297806077349,0.6667631184239653,0.4,1.0,0.0012661066956781,0.488316693469297,0.4785823443566614,0.54
744,743,0.5,0.5555555555555556,0.1454545454545454,0.5058895481804749,0.5058895481804749,0.0,0.4687292807987963,0.9933993399339934,0.9965719583912592,0.0,1.0,0.6831220639996561,0.6931089672870907,0.6,1.0,0.9995576264257284,0.5740656057001148,0.5,0.65
745,744,0.5,0.5925925925925926,0.5818181818181818,0.4939231221450062,0.4939231221450062,0.0,0.4850840872392654,0.9966996699669968,0.9999708680618072,0.0,0.9983498349834984,0.66674141950034,0.6668366373709377,0.4,1.0,0.998728713486089,0.5130271661137058,0.5212331730991272,0.45
746,745,0.5,0.8148148148148149,0.8545454545454545,0.5060774479711498,0.5060774479711498,0.5,0.5972795081182132,0.9983498349834984,0.9999986903860414,0.0049504950495049,0.9966996699669968,0.6666821138782586,0.6666856779562849,0.6,0.0,2.2112687832156576e-05,0.4900447077029965,0.4865608088590487,0.51
747,746,0.5,0.7407407407407407,0.3272727272727272,0.4939272409073181,0.4939272409073181,0.7142857142857143,0.4979920069054477,0.9966996699669968,0.9998952528473828,0.0132013201320132,0.9933993399339934,0.6675871230541864,0.667782943375344,0.8,1.0,0.9986600412205386,0.513121371035237,0.5188551949013689,0.67
748,747,0.6,0.5925925925925926,0.2727272727272727,0.506069549790054,0.506069549790054,0.0,0.479779191573172,0.9966996699669968,0.9998085830647516,0.0,0.9983498349834984,0.668152322613741,0.6686129080749394,0.6,0.0,0.0013939666744286,0.4898741205408973,0.4829074012069523,0.45
749,748,0.2,0.7777777777777778,0.509090909090909,0.5060756588551302,0.5060756588551302,0.0,0.4818195025661639,0.9917491749174916,0.9999373854185666,0.0,0.9983498349834984,0.6670076806748407,0.6671885789518137,1.0,0.0,2.2246714707258464e-05,0.4915131158635472,0.4866169288448245,0.74
750,749,0.4,0.5925925925925926,0.1818181818181818,0.5046895056721488,0.5046895056721488,0.4,0.5089352188161904,0.9983498349834984,0.9964208631177224,0.0066006600660066,0.9867986798679867,0.7063447370323005,0.7171963811383155,0.8,0.0,0.9995455842746028,0.5404239842486289,0.5,0.59
751,750,0.4,0.7037037037037037,0.9090909090909092,0.4939224917576907,0.4939224917576907,0.5,0.5066507318522533,0.9983498349834984,0.9999987266081684,0.0,0.9983498349834984,0.666667453425964,0.6666719602275983,0.8,0.0,0.9999778916286696,0.5099926499458466,0.5134409705764195,0.51
752,751,0.3,0.6296296296296297,0.0909090909090909,0.4965686053293673,0.4965686053293673,1.0,0.50971032574916,0.9983498349834984,0.9855345418883142,0.0,1.0,0.7252728361482245,0.7787712929409824,0.4,1.0,0.0507266292913115,0.7521802522081895,0.5089426476118001,0.62
753,752,0.5,0.8148148148148149,0.7272727272727273,0.4939226657497069,0.4939226657497069,1.0,0.5207242205005416,0.9983498349834984,0.9999897620255154,0.0,1.0,0.6666850696343808,0.6667180860327732,0.4,0.0,0.999977878991705,0.5101670461234185,0.5134377523173212,0.43
754,753,0.6,0.5925925925925926,0.8363636363636363,0.5060774217640371,0.5060774217640371,0.25,0.5000141319542153,0.9983498349834984,0.9999971141584928,0.0049504950495049,0.9933993399339934,0.6666869323190815,0.6666946167748501,0.4,1.0,0.0032720517674985,0.493761668043542,0.5,0.54
755,754,0.3,0.1111111111111111,0.1818181818181818,0.506010838891761,0.506010838891761,0.25,0.4993955886038265,0.9966996699669968,0.998619042458951,0.0033003300330033,0.99009900990099,0.6758008691414378,0.6786386653203962,0.6,1.0,0.0047099434141009,0.517252007244649,0.5,0.7
756,755,0.3,0.5555555555555556,0.1272727272727272,0.4939406690695421,0.4939406690695421,0.0,0.3771085841160946,0.9917491749174916,0.9994640210544492,0.0,0.9966996699669968,0.6694608443206698,0.6708390664193111,0.8,1.0,0.0011630145449486,0.508853408810727,0.4898713852684958,0.65
757,756,0.6,0.8148148148148149,0.2181818181818181,0.4939332049185893,0.4939332049185893,1.0,0.5285665627724895,0.9983498349834984,0.9996357107979716,0.0,0.9983498349834984,0.6680910468248284,0.6693057928494812,0.6,0.0,0.0013106043252256,0.5108706350981311,0.4887039485167368,0.36
758,757,0.4,0.6666666666666667,0.9818181818181818,0.4939224762150214,0.4939224762150214,1.0,0.5066826427261122,0.9983498349834984,0.999999175987228,0.0,1.0,0.66666487325243,0.6666678060227423,0.4,0.0,0.9967300997048134,0.5062734734205754,0.5,0.3
759,758,0.4,0.4074074074074074,0.1818181818181818,0.4942324405619234,0.4942324405619234,0.0,0.4408732687692532,0.9933993399339934,0.9940657589188924,0.0,1.0,0.6795983494197398,0.6981898184759108,0.8,1.0,0.0003903874947034,0.6040285505777283,0.5,0.82
760,759,0.6,0.4444444444444444,0.9454545454545454,0.4939225277791967,0.4939225277791967,0.0,0.4934533930019577,0.995049504950495,0.999997472358599,0.0,1.0,0.6666728383129165,0.6666816461061449,0.6,1.0,0.9967290224465536,0.5063063071452765,0.5,0.61
761,760,0.6,0.5925925925925926,0.8363636363636363,0.5060774228134086,0.5060774228134086,0.0,0.4957262006278125,0.9966996699669968,0.9999970642329892,0.0033003300330033,0.995049504950495,0.6666866092162815,0.6666955515630406,0.6,0.0,0.9983785332826116,0.4967049257869207,0.5133535511054298,0.63
762,761,0.4,1.0,0.9818181818181818,0.4939225237864293,0.4939225237864293,0.0,0.4769412294654703,0.9966996699669968,0.9999977777023096,0.0,1.0,0.6666725956227675,0.6666802338287587,0.6,0.0,0.0016234158578984,0.5032854918609084,0.4866351718600279,0.53
763,762,0.6,0.7037037037037037,0.9090909090909092,0.4939224953829806,0.4939224953829806,1.0,0.5231817914446755,0.9983498349834984,0.999998687268468,0.0,1.0,0.6666688935099795,0.6666728957648841,0.6,0.0,0.9987390276460578,0.5119974508683831,0.5216061690858722,0.58
764,763,0.5,0.5925925925925926,0.1818181818181818,0.5040778870442639,0.5040778870442639,0.0,0.4178762163108486,0.995049504950495,0.990508355272092,0.0,0.9966996699669968,0.7059236284680802,0.7386100578142212,0.6,0.0,0.0010933103578644,0.6108355875299564,0.4911468221142244,0.69
765,764,0.5,0.7037037037037037,0.9090909090909092,0.4939224900033665,0.4939224900033665,0.5,0.4920976448203029,0.9966996699669968,0.9999987186363476,0.0,0.9983498349834984,0.6666677445140934,0.6666712898431125,0.4,1.0,0.0016246502208185,0.5033671779260152,0.4866273398783349,0.41
766,765,0.3,0.5925925925925926,0.6727272727272727,0.4939228273086145,0.4939228273086145,0.0,0.4902267323257471,0.9966996699669968,0.9999848639417238,0.0,1.0,0.6667073050201624,0.666760665486295,0.6,1.0,0.9967226719127834,0.5066605632663791,0.5,0.67
767,766,0.5,0.7777777777777778,0.509090909090909,0.5060757904704953,0.5060757904704953,0.0,0.4890870549432181,0.9966996699669968,0.9999643447857788,0.0016501650165016,0.995049504950495,0.6670024834405819,0.6671144677350072,0.6,1.0,0.0012894028849481,0.4892264299072048,0.4794204541276922,0.56
768,767,0.5,0.5185185185185186,0.8909090909090909,0.5060775041035495,0.5060775041035495,0.3333333333333333,0.5243472374286988,0.9983498349834984,0.999999109015497,0.0016501650165016,0.995049504950495,0.6666707296314003,0.6666728955467368,0.6,1.0,0.0012609800225696,0.4880267384595825,0.4783941956471757,0.65
769,768,0.3,0.6296296296296297,0.9818181818181818,0.506077520873881,0.506077520873881,0.0,0.4455448817938455,0.9966996699669968,0.9999991734050898,0.0,0.9966996699669968,0.6666670257744848,0.6666689031548881,0.8,0.0,0.9983749478410238,0.4966795290536991,0.5133748765176728,0.72
770,769,0.5,0.2962962962962963,0.4727272727272727,0.4939248110084366,0.4939248110084366,0.6666666666666666,0.5669030782151772,0.9983498349834984,0.9999273617795,0.0033003300330033,1.0,0.6670494327723846,0.6672423258610773,0.4,0.0,0.9987005833883849,0.5120648160532022,0.5202369177362688,0.62
771,770,0.6,0.8148148148148149,0.2181818181818181,0.4939320948117052,0.4939320948117052,1.0,0.5175741682972903,0.9983498349834984,0.9997951380172292,0.0016501650165016,1.0,0.6681801412132666,0.6689435731666398,0.4,1.0,0.9999770759727804,0.5171930814195607,0.5132484317050691,0.46
772,771,0.6,0.5925925925925926,0.6727272727272727,0.4939228743244545,0.4939228743244545,0.2,0.4756901813298956,0.995049504950495,0.9999893619291624,0.0049504950495049,0.9933993399339934,0.6667445317751238,0.6667653876096372,0.6,1.0,0.9994185815466126,0.5070933694986428,0.4947231656962128,0.57
773,772,0.7,0.8888888888888888,0.1818181818181818,0.5114648939554968,0.5114648939554968,0.0,0.4482334258835891,0.995049504950495,0.9379377056714346,0.0,1.0,0.8425198511226798,0.9988786725472484,0.6,1.0,9.185202873081684e-27,0.9533607871485704,0.4398359110638459,0.54
774,773,0.6,1.0,0.2181818181818181,0.5114648853268873,0.5114648853268873,0.0,0.467941782026929,0.9966996699669968,0.97441335306924,0.0033003300330033,0.9966996699669968,0.8005140158217885,0.9035354563824622,0.4,0.0,6.5152475895656595e-09,0.6683810488004267,0.4542754386541818,0.27
775,774,0.4,0.6296296296296297,0.6,0.5060768302205781,0.5060768302205781,0.5,0.4806969226881793,0.9966996699669968,0.9999779025189371,0.0016501650165016,0.9983498349834984,0.6668010316839813,0.6668552457412842,0.6,1.0,0.0005822656188869,0.4934055281607934,0.5052713911360712,0.36
776,775,0.6,0.2962962962962963,0.8363636363636363,0.4939226188840155,0.4939226188840155,0.5,0.4456783766288621,0.9966996699669968,0.9999958119843853,0.0033003300330033,0.995049504950495,0.6666957675948233,0.6667020245889032,0.8,1.0,0.9967270930416116,0.5062905278793004,0.5,0.57
777,776,0.6,0.5185185185185186,0.8909090909090909,0.5060774989743742,0.5060774989743742,0.0,0.4886366292351896,0.995049504950495,0.9999978630904623,0.0,1.0,0.6666711634274797,0.6666760923117564,0.4,0.0,0.9983757616275244,0.4967506744551504,0.5133697125314527,0.46
778,777,0.6,1.0,0.9454545454545454,0.4939224876901232,0.4939224876901232,0.0,0.4547590887788688,0.9966996699669968,0.9999986995296704,0.0,1.0,0.6666663839547241,0.6666708133499326,0.2,1.0,0.0016247305821827,0.5033693093306947,0.4866269200129368,0.38
779,778,0.4,0.4074074074074074,0.1818181818181818,0.4941689367543387,0.4941689367543387,0.3333333333333333,0.4563801672483526,0.9933993399339934,0.996922696000497,0.0,0.9933993399339934,0.6862563735303665,0.6923175279475053,0.6,1.0,0.0004057024516907,0.5458048223399985,0.5,0.73
780,779,0.5,0.8148148148148149,0.2181818181818181,0.4939321190615816,0.4939321190615816,0.5,0.5207879073198731,0.9983498349834984,0.9997168720185786,0.0,1.0,0.6681029653128872,0.6690238426625507,0.6,0.0,0.9965252446689544,0.5051402400945377,0.5,0.41
781,780,0.6,0.7777777777777778,0.7090909090909091,0.5060773328417074,0.5060773328417074,0.25,0.4750359815570334,0.9966996699669968,0.9999942702227784,0.0016501650165016,0.9966996699669968,0.6667044752242384,0.6667180050468089,0.4,1.0,0.0012638129154127,0.4881267463822339,0.4784976897141503,0.7
782,781,0.8,0.7037037037037037,0.2,0.4939353538163689,0.4939353538163689,1.0,0.508532162883059,0.9983498349834984,0.9995394962335556,0.0,1.0,0.6683006720865305,0.6697741764007501,0.4,0.0,0.0012634445839405,0.5152381933756527,0.4890342347941921,0.19
783,782,0.5,0.8148148148148149,0.2,0.4947612844119201,0.4947612844119201,0.5,0.5547780256738395,0.9983498349834984,0.995297342172568,0.0016501650165016,0.9983498349834984,0.6976887048366941,0.7090316897315319,0.6,1.0,0.9784187275143432,0.5499225237243082,0.5,0.53
784,783,0.4,0.8888888888888888,0.2727272727272727,0.4939314235906827,0.4939314235906827,1.0,0.5333099407862317,0.9983498349834984,0.99966794097867,0.0,1.0,0.6676373487639506,0.6689060375393467,0.6,0.0,0.0013552145999328,0.5031656663362731,0.4884246581377895,0.49
785,784,0.6,0.6296296296296297,0.1636363636363636,0.5114648939554968,0.5114648939554968,0.6666666666666666,0.5193769885928246,0.9983498349834984,0.9559230229763642,0.0049504950495049,0.9966996699669968,0.9130328174590052,0.9999945743320252,0.2,1.0,1.0,0.8015625732186328,0.5065311149665854,0.43
786,785,0.6,0.5555555555555556,0.0363636363636363,0.4939548976173089,0.4939548976173089,0.0,0.4945445599607661,0.9966996699669968,0.9986817060969836,0.0,1.0,0.6702216517353657,0.674034428124342,0.2,1.0,0.9960334532343784,0.5596473014621264,0.5,0.43
787,786,0.6,0.4814814814814815,0.5272727272727272,0.4939235516733697,0.4939235516733697,1.0,0.5718250267182765,0.9983498349834984,0.9999786667618306,0.0115511551155115,0.9983498349834984,0.6668767271619458,0.6669312662666167,0.4,0.0,0.9999778147134256,0.5102131840478618,0.5134143956512528,0.29
788,787,0.5,1.0,0.3272727272727272,0.4939280852852148,0.4939280852852148,1.0,0.5046108138304336,0.9983498349834984,0.9997480873080185,0.0,1.0,0.6672584297134386,0.6681897881575164,0.4,0.0,0.9966114821265484,0.514190989603807,0.5,0.39
789,788,0.7,0.8148148148148149,0.1272727272727272,0.5060599190171482,0.5060599190171482,1.0,0.516080016410102,0.9983498349834984,0.9995255497021834,0.0,1.0,0.669713875440644,0.6714782621074453,0.0,0.0,0.000635269764165,0.5039478228947434,0.5050363959016146,0.2
790,789,0.3,0.4444444444444444,0.0909090909090909,0.4885466913478913,0.4885466913478913,0.0,0.4556826373406347,0.9917491749174916,0.9811424407344292,0.0,1.0,0.7804373722390013,0.8360878406026875,0.8,1.0,0.99992554743365,0.5462181256256559,0.5626123544228476,0.69
791,790,0.6,1.0,0.109090909090909,0.4939463858796813,0.4939463858796813,0.3333333333333333,0.6244289984774543,0.9983498349834984,0.9995311123484242,0.0049504950495049,0.9966996699669968,0.670400098766703,0.6718970152836655,0.0,0.0,0.0010666479194544,0.5177485807316234,0.4907262345399371,0.03
792,791,0.4,0.1111111111111111,0.1818181818181818,0.5060173975263328,0.5060173975263328,0.0,0.4021961599610668,0.9933993399339934,0.997808242979278,0.0,0.9966996699669968,0.6747233352684916,0.6789761071051894,0.6,1.0,0.0045719867181881,0.5433084750710512,0.5,0.69
793,792,0.5,0.6666666666666667,0.8363636363636363,0.4939225754987458,0.4939225754987458,0.0,0.4936725260427673,0.9966996699669968,0.999996508582123,0.0016501650165016,0.9983498349834984,0.666682824078124,0.6666938342507457,0.2,1.0,0.0016215450910956,0.5034211384098959,0.4866455989201334,0.44
794,793,0.3,0.4444444444444444,0.0909090909090909,0.4885523904737179,0.4885523904737179,0.0,0.4635024179767169,0.995049504950495,0.9804374422118398,0.0,1.0,0.7721763628787913,0.8579693354149803,0.6,1.0,0.9979410899162378,0.8558996615299318,0.5107892269742906,0.72
795,794,0.3,0.7037037037037037,0.6909090909090909,0.493922708549898,0.493922708549898,0.0,0.4664629966682816,0.9933993399339934,0.9999920198796268,0.0,0.9983498349834984,0.6667051180203294,0.666724026513024,0.6,0.0,0.999419059796283,0.5072232649759633,0.4947203098831206,0.47
796,795,0.6,0.5925925925925926,0.1818181818181818,0.5048894375903419,0.5048894375903419,0.5,0.4498279821031056,0.995049504950495,0.995075624903774,0.0082508250825082,0.9917491749174916,0.7035259961742673,0.716297036812844,0.4,1.0,0.9995760655640896,0.5987844379389353,0.5,0.75
797,796,0.5,0.5555555555555556,0.4909090909090909,0.5060763090998375,0.5060763090998375,1.0,0.5320089990313049,0.9983498349834984,0.9999490987154556,0.0,1.0,0.6668897301019653,0.6671011326383158,0.2,1.0,2.2188678135293828e-05,0.491155237116826,0.486596579443158,0.35
798,797,0.3,0.4444444444444444,0.0909090909090909,0.4885356618357623,0.4885356618357623,0.5,0.5195930076386794,0.9983498349834984,0.9718146861992624,0.0,0.9983498349834984,0.8002596188665906,0.8944873037067222,0.6,1.0,0.9999487998468256,0.8587876461504073,0.5143521628878378,0.83
799,798,0.3,0.962962962962963,0.1272727272727272,0.4885503505897837,0.4885503505897837,0.25,0.5157240275334753,0.9983498349834984,0.9879867154404938,0.0016501650165016,0.9966996699669968,0.7862436806966245,0.823598492393618,0.8,1.0,0.9998721540696476,0.6491555766766736,0.4910102717942456,0.83
800,799,0.3,0.0,0.5454545454545454,0.4939239343543814,0.4939239343543814,0.0,0.4963579135662039,0.9966996699669968,0.9999432269876648,0.0,0.9917491749174916,0.6668837458830136,0.6670334914244508,0.6,1.0,0.9987151009121022,0.5117197380609053,0.520746045038599,0.88
801,800,0.4,0.4444444444444444,0.9454545454545454,0.4939225198802253,0.4939225198802253,0.0,0.4575283630249074,0.9966996699669968,0.9999977872572042,0.0,1.0,0.6666718020447882,0.6666786188408413,0.2,1.0,0.0016236031727992,0.5033742730106737,0.4866334681360305,0.62
802,801,0.5,0.6666666666666667,0.2,0.5114648938408776,0.5114648938408776,1.0,0.5331395507375043,0.9983498349834984,0.9552123383941238,0.0,1.0,0.8037200829855402,0.9423252544907798,0.4,0.0,4.642037964993285e-09,0.7214852479332288,0.4892857404181681,0.43
803,802,0.3,0.4444444444444444,0.2545454545454545,0.5060638002304887,0.5060638002304887,1.0,0.505412559937102,0.9983498349834984,0.9994677416361613,0.0,1.0,0.6688863784327765,0.6706846619984405,0.6,1.0,2.3291457840540607e-05,0.4907156274594972,0.4868137164504047,0.59
804,803,0.4,0.6666666666666667,0.0727272727272727,0.493950300949632,0.493950300949632,1.0,0.5293595044208683,0.9983498349834984,0.999294002390912,0.0,1.0,0.6703010574310738,0.6727339053878849,0.8,0.0,0.9961354954577336,0.5108520569462054,0.5,0.58
805,804,0.6,1.0,0.6545454545454545,0.5060769807003029,0.5060769807003029,1.0,0.509736467405155,0.9983498349834984,0.9999815895499626,0.0033003300330033,1.0,0.666775150774788,0.6668218257422356,0.4,0.0,2.2146226785084995e-05,0.4903647663425664,0.4865751204917868,0.46
806,805,0.7,1.0,0.8363636363636363,0.5060773520523787,0.5060773520523787,1.0,0.6331179977766923,0.9983498349834984,0.9999960874851086,0.0066006600660066,1.0,0.6667008885570449,0.6667134267148295,0.2,0.0,0.0032735301637121,0.4937389909904104,0.5,0.2
807,806,0.6,0.8888888888888888,0.1272727272727272,0.492532967439707,0.492532967439707,0.8,0.5710467268957506,0.9983498349834984,0.9917786390513114,0.0115511551155115,0.9966996699669968,0.7392482914001614,0.7691822206664845,0.6,1.0,0.8502616272413667,0.6668296324927818,0.5637295647956916,0.33
808,807,0.4,0.5555555555555556,0.9636363636363636,0.4939224852830446,0.4939224852830446,0.0,0.4920088086639458,0.995049504950495,0.9999989483754308,0.0,1.0,0.6666665026979968,0.6666697815741807,0.6,1.0,0.0016248525543896,0.5033529198951201,0.4866262045240734,0.48
809,808,0.6,0.7407407407407407,0.6909090909090909,0.5060772390228099,0.5060772390228099,0.0,0.3878616866838681,0.9966996699669968,0.9999891354135024,0.0,0.9983498349834984,0.6667232283321011,0.6667425634224124,0.6,1.0,0.001265371028538,0.4881822355194947,0.4785539131745125,0.52
810,809,0.2,0.4444444444444444,0.9454545454545454,0.4939225222382121,0.4939225222382121,0.0,0.4536473446957172,0.995049504950495,0.9999971923511743,0.0,0.9983498349834984,0.6666713749998878,0.6666802327676682,1.0,1.0,0.9999778895035828,0.5100413633389422,0.5134405075430434,0.85
811,810,0.5,0.5555555555555556,0.0363636363636363,0.4939508656109888,0.4939508656109888,0.0,0.490026911341797,0.995049504950495,0.998955633289024,0.0,1.0,0.6696558510619386,0.6731569107691757,0.4,1.0,0.99825153630741,0.5109335123268417,0.507274388622357,0.41
812,811,0.4,0.5555555555555556,0.0363636363636363,0.4939502258396955,0.4939502258396955,1.0,0.5010692709135843,0.9983498349834984,0.9992072232722878,0.0,1.0,0.6700423504974486,0.6728291363444439,0.6,0.0,0.9961343847854056,0.5212090307258923,0.5,0.63
813,812,0.5,0.4814814814814815,0.1818181818181818,0.4885351060445032,0.4885351060445032,0.0,0.4654052878369316,0.9966996699669968,0.9210632064764368,0.0,1.0,0.8386297885456814,0.9987137475936588,0.8,0.0,2.2481459243363333e-21,0.9549816539070696,0.4928788921037056,0.51
814,813,0.4,0.7407407407407407,0.3818181818181818,0.506073674742191,0.506073674742191,0.3333333333333333,0.4705995430827761,0.9966996699669968,0.9999069081611386,0.0049504950495049,0.9933993399339934,0.6674045146140716,0.667629470504061,0.8,1.0,2.2400882065899653e-05,0.4914251894338556,0.4866661324203273,0.67
815,814,0.7,0.925925925925926,0.1272727272727272,0.4885351060445032,0.4885351060445032,1.0,0.587619230060291,0.9983498349834984,0.9270882742480762,0.0033003300330033,1.0,0.5564686398087876,0.7823567408474934,0.4,0.0,7.600049366750805e-109,0.9993813203577292,0.5078665837993233,0.42
816,815,0.6,0.7407407407407407,0.3454545454545454,0.5060727997690511,0.5060727997690511,0.0,0.4414671578768617,0.9966996699669968,0.9998270334928612,0.0,1.0,0.66754688907444,0.6680678050476766,0.2,1.0,0.0005945384840283,0.4980705174792993,0.5052022861508648,0.59
817,816,0.6,0.8148148148148149,0.8545454545454545,0.5060774444090557,0.5060774444090557,0.5,0.3919251324138418,0.9966996699669968,0.9999977509494582,0.0016501650165016,0.9966996699669968,0.6666828799888234,0.6666878283445626,0.6,0.0,0.9983777175117734,0.4967101791176654,0.5133582469421885,0.64
818,817,0.7,0.7407407407407407,0.3818181818181818,0.5060742679542437,0.5060742679542437,0.3333333333333333,0.4459305404232689,0.9966996699669968,0.999907415108613,0.0082508250825082,0.9966996699669968,0.6672675164092279,0.6675729105989271,0.2,1.0,0.0005898062650349,0.4940177990489602,0.5052289255626539,0.48
819,818,0.4,0.7037037037037037,0.9636363636363636,0.4939225407161175,0.4939225407161175,0.0,0.3757214075530499,0.9966996699669968,0.999997441802698,0.0,0.9966996699669968,0.6666765209208341,0.6666836606408516,0.6,1.0,0.9987382759828568,0.5119740942889561,0.5215788198436804,0.64
820,819,0.7,0.8518518518518519,1.0,0.5060775222450096,0.5060775222450096,1.0,0.5324429292631738,0.9983498349834984,0.9999990578191856,0.0,1.0,0.6666666275993729,0.6666697830270378,0.4,0.0,2.2107457051757457e-05,0.4900352270448174,0.4865586466260663,0.25
821,820,0.5,1.0,0.0727272727272727,0.4939496091141822,0.4939496091141822,1.0,0.5567756436529192,0.9983498349834984,0.9993334690545236,0.0,1.0,0.6701185127970104,0.6724337784021857,0.4,1.0,0.9999752028143296,0.5179357726660274,0.512994721678557,0.48
822,821,0.4,0.5925925925925926,0.1818181818181818,0.5047066781232445,0.5047066781232445,0.0,0.4192677943621794,0.9933993399339934,0.9950941679690464,0.0,0.9884488448844884,0.7056170205994928,0.7165325836410361,0.8,1.0,0.0091086528756286,0.5621117756841939,0.5,0.71
823,822,0.5,0.925925925925926,0.8545454545454545,0.4939225886714694,0.4939225886714694,1.0,0.5349711410842217,0.9983498349834984,0.9999949923123974,0.0016501650165016,1.0,0.6666816914879459,0.6666962604940397,0.2,1.0,0.0016211647269974,0.5033399204341015,0.4866480362428397,0.55
824,823,0.4,0.6296296296296297,0.0727272727272727,0.5060537575119877,0.5060537575119877,0.0,0.3558483191830354,0.995049504950495,0.9993534530267524,0.0,0.9983498349834984,0.6706645995517,0.6720296020250925,0.8,1.0,0.9989301050930744,0.5064404160799525,0.5092371243418549,0.89
825,824,0.6,0.8888888888888888,0.2363636363636363,0.5058035811057396,0.5058035811057396,0.0,0.4405480086152401,0.9966996699669968,0.9963499694028228,0.0,1.0,0.6872889243218503,0.6967885316711662,0.6,0.0,0.0072316850638414,0.5778520201729237,0.534495170564109,0.46
826,825,0.4,0.3703703703703703,0.109090909090909,0.5067901850522237,0.5067901850522237,0.0,0.4755898910058946,0.9933993399339934,0.985698131629571,0.0,0.9966996699669968,0.7210618316059032,0.7669634111965121,0.6,1.0,0.1911400507215098,0.6351661908304806,0.4378456585114895,0.73
827,826,0.6,0.6296296296296297,0.9454545454545454,0.5060775133487492,0.5060775133487492,0.0,0.4774476086019764,0.995049504950495,0.9999986480264332,0.0,1.0,0.6666683107665332,0.6666716036133594,0.6,0.0,2.210794433908316e-05,0.4900506835062232,0.4865591680532297,0.41
828,827,0.5,0.7777777777777778,0.5454545454545454,0.4939233291883009,0.4939233291883009,0.0,0.4827625215593148,0.9966996699669968,0.9999731558728674,0.0,1.0,0.6668039937318176,0.6668870212993255,0.4,0.0,0.9999778308973688,0.5100494858725271,0.5134159156965927,0.53
829,828,0.4,0.5185185185185186,0.8909090909090909,0.5060775074791185,0.5060775074791185,0.0,0.4480080540303337,0.995049504950495,0.9999986189694752,0.0,0.9966996699669968,0.6666694610755216,0.6666734405942911,0.8,1.0,2.210847976108896e-05,0.4900495661688137,0.486559312311261,0.75
830,829,0.2,0.1111111111111111,0.0727272727272727,0.5059679268912984,0.5059679268912984,0.0,0.406780970470542,0.9884488448844884,0.996247400402972,0.0,0.9966996699669968,0.6778385592724369,0.6860425227470959,0.8,1.0,3.729519084832905e-05,0.52949228742408,0.4877190911375419,0.89
831,830,0.6,0.8518518518518519,0.2181818181818181,0.5014400762256424,0.5014400762256424,1.0,0.5233840757392857,0.9983498349834984,0.9892901085897796,0.0,1.0,0.7042416617154623,0.7482194680972374,0.4,0.0,0.5625597278544844,0.3206676454254147,0.4336547466939884,0.26
832,831,0.6,0.5555555555555556,0.1272727272727272,0.49394253897697,0.49394253897697,0.5,0.4647699613818771,0.9966996699669968,0.9995765883387484,0.0016501650165016,0.9966996699669968,0.6699683110301835,0.6710191591966715,0.4,0.0,0.0011277044428115,0.5118431365285022,0.4901849652482633,0.22
833,832,0.4,0.7037037037037037,0.2181818181818181,0.4885351115159988,0.4885351115159988,0.0,0.4934456116106869,0.9966996699669968,0.9609801622302324,0.0,1.0,0.8221629219208029,0.989258691640895,0.6,1.0,0.9999999999991188,0.9174308584084452,0.553427624379662,0.73
834,833,0.4,0.3333333333333333,0.109090909090909,0.5060378730394914,0.5060378730394914,0.3333333333333333,0.4401244018850029,0.9966996699669968,0.9993712910767096,0.0016501650165016,0.9933993399339934,0.6729974985885729,0.6748412681598577,0.6,1.0,0.0041221477456709,0.5029785221101586,0.5,0.67
835,834,0.5,0.5925925925925926,0.5818181818181818,0.4939230995342151,0.4939230995342151,0.3333333333333333,0.4960034842184906,0.9966996699669968,0.9999867658529632,0.0099009900990099,0.9933993399339934,0.6667877394722936,0.6668209392611445,0.4,0.0,0.9987290384162142,0.5120766361475164,0.5212439038740312,0.48
836,835,0.4,0.6296296296296297,0.6181818181818182,0.50607713702093,0.50607713702093,0.0,0.457668699886231,0.995049504950495,0.9999831907658971,0.0,1.0,0.6667357810853352,0.6667908183459412,0.6,0.0,2.21351465866134e-05,0.4905007503039074,0.4865722207206093,0.48
837,836,0.6,0.4444444444444444,0.2545454545454545,0.5060664190172672,0.5060664190172672,1.0,0.5027260841905599,0.9983498349834984,0.9996408277961548,0.0,1.0,0.668571649494262,0.6696000426833522,0.2,1.0,0.99869657868048,0.5060401413338798,0.5111771774536377,0.41
838,837,0.6,0.5925925925925926,0.3818181818181818,0.493926216628644,0.493926216628644,1.0,0.5458001379154853,0.9983498349834984,0.99987875413062,0.0,1.0,0.6671951640843046,0.6676416365816509,0.4,1.0,0.0015005799280696,0.5068826184730104,0.4873945315779683,0.63
839,838,0.6,0.5925925925925926,0.3818181818181818,0.4939264719205766,0.4939264719205766,0.5,0.558823602550627,0.9983498349834984,0.9999065273251576,0.0049504950495049,0.9983498349834984,0.6673968128117593,0.667627329429172,0.2,1.0,0.9999775887227168,0.5108474028967616,0.5133409663048552,0.26
840,839,0.7,0.7407407407407407,0.109090909090909,0.493963335746336,0.493963335746336,1.0,0.5619804874636597,0.9983498349834984,0.9993629982575352,0.0066006600660066,1.0,0.6728637234984659,0.6743388798225998,0.6,0.0,0.9980228584432922,0.5119532611153792,0.5,0.33
841,840,0.7,0.5555555555555556,0.1272727272727272,0.5114648939554968,0.5114648939554968,1.0,0.5673551471705489,0.9983498349834984,0.9070634967565168,0.0,1.0,0.6895099826941816,0.9691927748714432,0.2,1.0,6.777408283221686e-58,0.9949369469812822,0.5,0.42
842,841,0.4,0.5555555555555556,0.9818181818181818,0.4939225049829197,0.4939225049829197,0.0,0.4993976515762204,0.9966996699669968,0.9999976625213128,0.0,1.0,0.6666685865145533,0.6666749600847839,0.8,0.0,0.9994196596813398,0.5070707610808469,0.4947170039990123,0.73
843,842,0.4,0.5185185185185186,0.8909090909090909,0.5060775077012183,0.5060775077012183,0.0,0.4409920928218408,0.9917491749174916,0.9999986333534364,0.0,0.9966996699669968,0.6666695834775787,0.6666731691075254,0.8,1.0,0.9983754195583922,0.4967057383605076,0.5133719723508741,0.81
844,843,0.5,0.5185185185185186,0.4545454545454545,0.5060755305029202,0.5060755305029202,0.0,0.4592434252157864,0.9933993399339934,0.9999237674462133,0.0,1.0,0.6670528069736233,0.6672396744634205,0.8,1.0,2.2254158641075747e-05,0.4910931820635689,0.4866166586255298,0.68
845,844,0.4,0.8888888888888888,0.1818181818181818,0.4885351060445032,0.4885351060445032,0.3333333333333333,0.4796222946938095,0.9966996699669968,0.9493375392919718,0.0016501650165016,0.995049504950495,0.8944750762863953,0.9998965911631568,0.4,1.0,1.0,0.8266393660063124,0.5484207233415038,0.52
846,845,0.1,0.0,0.5454545454545454,0.4939238985278165,0.4939238985278165,0.0,0.4307797445841198,0.9851485148514852,0.9999255471794676,0.0,0.9917491749174916,0.666828635162083,0.6670292233911292,1.0,1.0,0.0015756785172621,0.5050517109763577,0.4869206552850956,0.9
847,846,0.6,0.7037037037037037,0.9454545454545454,0.5060774920293509,0.5060774920293509,0.5,0.5001818018041535,0.9983498349834984,0.9999986349689448,0.0,0.9983498349834984,0.6666731734281123,0.6666766926608698,0.4,0.0,0.0032705568596339,0.4937740481864591,0.5,0.4
848,847,0.4,0.4444444444444444,0.2545454545454545,0.5060657250152665,0.5060657250152665,0.0,0.4585087919724345,0.9966996699669968,0.9996022138767532,0.0,0.9983498349834984,0.6687349575902127,0.6699041508021896,0.4,0.0,0.0014587769193921,0.4919488565146157,0.4849298981494653,0.61
849,848,0.4,0.6296296296296297,0.6181818181818182,0.5060770396206685,0.5060770396206685,0.5,0.5546102990429714,0.9983498349834984,0.9999836210952968,0.0,0.9983498349834984,0.6667559989860616,0.6668242714833704,0.8,1.0,0.0005816583234,0.4930040239986128,0.5052754417898239,0.63
850,849,0.3,0.5925925925925926,0.6727272727272727,0.4939228218439624,0.4939228218439624,0.0,0.4695809787845911,0.995049504950495,0.999987470952801,0.0,0.995049504950495,0.6667244626300761,0.6667554096284937,0.6,1.0,0.0016127536591828,0.5036461525837328,0.4866970750694887,0.59
851,850,0.5,0.7037037037037037,0.6181818181818182,0.4939229677002457,0.4939229677002457,0.5,0.4849608219678748,0.9966996699669968,0.9999805810140624,0.0,0.9983498349834984,0.666729231021139,0.666793869886575,0.6,1.0,0.0016076603213709,0.5034419505373753,0.4867289412630203,0.59
852,851,0.7,1.0,0.6181818181818182,0.4939231803562905,0.4939231803562905,0.3333333333333333,0.467033191989476,0.995049504950495,0.9999758900930578,0.0049504950495049,0.9983498349834984,0.6667994339436877,0.6668483396902376,0.4,1.0,0.9987277366157012,0.5123954492169104,0.521198052528248,0.31
853,852,0.3,0.5555555555555556,0.9636363636363636,0.5060774688492975,0.5060774688492975,0.5,0.4672924847973519,0.995049504950495,0.9999984582439984,0.0016501650165016,0.9933993399339934,0.6666777374300636,0.6666820334722048,0.6,0.0,0.0005804125181873,0.4929955723948737,0.5052824638441655,0.6
854,853,0.3,0.1111111111111111,0.0727272727272727,0.5059193552920163,0.5059193552920163,1.0,0.528806817603412,0.9983498349834984,0.9972563410395244,0.0,1.0,0.6816352439874311,0.693079350038505,0.6,1.0,0.001204864885657,0.5030978511401717,0.5,0.53
855,854,0.5,0.4814814814814815,0.1818181818181818,0.4885351060445112,0.4885351060445112,1.0,0.5087809466885065,0.9983498349834984,0.9508040255640038,0.0,1.0,0.9087111565840214,0.9996774619165828,0.8,1.0,9.102540672507712e-21,0.8913264872875516,0.5,0.6
856,855,0.4,0.7407407407407407,0.1636363636363636,0.4939397295157262,0.4939397295157262,0.3333333333333333,0.4304271391415076,0.995049504950495,0.9995550795492272,0.0033003300330033,0.9917491749174916,0.6693137621752302,0.6704770415179583,0.8,0.0,0.9963607545972666,0.5082209624641628,0.5,0.5
857,856,0.3,0.5925925925925926,0.8909090909090909,0.4939225011202537,0.4939225011202537,1.0,0.5317192400256573,0.9983498349834984,0.9999981762685658,0.0,1.0,0.6666691063623983,0.6666745167811876,0.6,0.0,0.001624246925897,0.5033783746514008,0.486629932372795,0.8
858,857,0.2,0.1111111111111111,0.0727272727272727,0.5059858083192188,0.5059858083192188,0.0,0.4603780471688283,0.9917491749174916,0.9979616157166408,0.0,0.9966996699669968,0.6776603420259324,0.6837476453114137,0.8,1.0,0.0052630711776373,0.5203357859608866,0.5,0.94
859,858,0.5,0.7037037037037037,0.3090909090909091,0.4939283230152722,0.4939283230152722,1.0,0.5104084601084325,0.9983498349834984,0.999820347947242,0.0033003300330033,1.0,0.6676743971302554,0.6680958409300826,0.4,1.0,0.9999774455262512,0.507598242713073,0.5132776612999421,0.45
860,859,0.8,0.8148148148148149,0.0727272727272727,0.4939992708824308,0.4939992708824308,1.0,0.5906318874846743,0.9983498349834984,0.998487800841423,0.0066006600660066,1.0,0.6747633713440919,0.679471606332954,0.0,0.0,0.997336285859323,0.5284665185212937,0.4919826169095476,0.22
861,860,0.5,0.3703703703703703,0.109090909090909,0.5070158045547486,0.5070158045547486,0.6666666666666666,0.6045560227189509,0.9983498349834984,0.9916677796726088,0.0132013201320132,0.9966996699669968,0.7345234484202606,0.7617528630015559,0.4,1.0,0.4738770948193168,0.6178320903466286,0.5,0.69
862,861,0.5,0.5925925925925926,0.2363636363636363,0.5053456770706272,0.5053456770706272,0.25,0.5022630908744596,0.9983498349834984,0.9950150433138588,0.0049504950495049,0.9966996699669968,0.6985535602420914,0.7073110062056328,0.4,0.0,0.0192154580140307,0.518367410424994,0.5,0.43
863,862,0.3,0.4444444444444444,0.9454545454545454,0.4939225251869579,0.4939225251869579,0.3333333333333333,0.4686287981632845,0.9966996699669968,0.9999983115478874,0.0033003300330033,0.9917491749174916,0.666674703024053,0.6666798655232536,1.0,1.0,0.9999778892365668,0.5100066269589334,0.5134401418086829,0.96
864,863,0.5,0.0,0.5454545454545454,0.4939236756009393,0.4939236756009393,0.5,0.5364343174661053,0.9983498349834984,0.9999600963169372,0.0,0.9983498349834984,0.6668637037478675,0.666964017948891,0.4,1.0,0.9967046140404616,0.5070932908668375,0.5,0.66
865,864,0.6,1.0,0.3818181818181818,0.5060725930836769,0.5060725930836769,0.0,0.4789869469853566,0.9966996699669968,0.9998186594610426,0.0,1.0,0.6675561233632352,0.6680346780795025,0.6,0.0,0.0013430872511917,0.4928531951460235,0.4812375826659848,0.5
866,865,0.5,0.7407407407407407,0.1636363636363636,0.4939391751569617,0.4939391751569617,0.0,0.4144828434912708,0.995049504950495,0.9995251518528976,0.0033003300330033,0.9933993399339934,0.6693831379501278,0.6703790776186306,0.6,1.0,0.999367128815452,0.512108079244503,0.4949396121504472,0.83
867,866,0.4,0.4074074074074074,0.1818181818181818,0.4941676420364043,0.4941676420364043,0.0,0.4638464446665917,0.9933993399339934,0.9958505402032024,0.0,1.0,0.6804733034456906,0.6939394231046863,0.6,1.0,0.9983887137612424,0.5652858626703624,0.5,0.64
868,867,0.6,0.5925925925925926,0.2727272727272727,0.5060695563455104,0.5060695563455104,0.0,0.4646261902839366,0.995049504950495,0.9997887941147744,0.0,1.0,0.6681353116482563,0.6687123237404298,0.6,1.0,0.9986197355698644,0.5015342619730399,0.5117640905908775,0.35
869,868,0.4,0.6296296296296297,0.1636363636363636,0.5114648939553924,0.5114648939553924,0.0,0.4748915145092769,0.9933993399339934,0.9118194072204384,0.0,0.9983498349834984,0.7960060512654223,0.9984841201957556,0.4,1.0,1.4143147968631397e-12,0.9977110408146992,0.493205175990758,0.57
870,869,0.5,0.925925925925926,0.7090909090909091,0.5060771272674536,0.5060771272674536,0.0,0.4530320844971859,0.9966996699669968,0.999988635599478,0.0016501650165016,0.9966996699669968,0.6667430520105992,0.6667830661218318,0.4,0.0,2.2135886761877453e-05,0.4902136501653341,0.4865703948599471,0.34
871,870,0.4,0.6666666666666667,0.0727272727272727,0.4939490668995452,0.4939490668995452,1.0,0.5254043282306684,0.9983498349834984,0.999160454295408,0.0,1.0,0.67011045114968,0.6727424585110138,0.2,1.0,0.0010291169157413,0.5306301802230781,0.4910301997647954,0.45
872,871,0.8,0.925925925925926,1.0,0.5060775161525819,0.5060775161525819,0.5,0.4528216043543798,0.9966996699669968,0.9999993008023482,0.0066006600660066,0.9966996699669968,0.6666683696980199,0.6666693892306719,0.2,0.0,2.210785294967125e-05,0.4900333235147959,0.4865589399458709,0.12
873,872,0.5,0.5925925925925926,0.4727272727272727,0.506074476414399,0.506074476414399,0.0,0.3781652040913836,0.9933993399339934,0.9998929609611528,0.0,0.9983498349834984,0.6672586794227967,0.6675012960858595,0.6,0.0,0.0005891399309833,0.4946407813551892,0.5052321155996752,0.65
874,873,0.7,0.7407407407407407,0.109090909090909,0.4939595159960432,0.4939595159960432,1.0,0.507251936854062,0.9983498349834984,0.9989923542848748,0.0,1.0,0.671541798838526,0.6742301005687763,0.2,0.0,0.9980930194061364,0.5287599255960866,0.5,0.17
875,874,0.7,0.5555555555555556,0.9636363636363636,0.506077460508157,0.506077460508157,1.0,0.5555355085259732,0.9983498349834984,0.9999978521678368,0.0099009900990099,1.0,0.666679002134449,0.666685081829357,0.2,1.0,0.9983771587840092,0.496706666915796,0.5133615742325891,0.35
876,875,0.4,0.6296296296296297,0.0727272727272727,0.5060458275222656,0.5060458275222656,1.0,0.5143553450356999,0.9983498349834984,0.9991356209531648,0.0,1.0,0.6717247979668012,0.6739107219508195,0.2,0.0,2.5288500589133336e-05,0.4947891727889709,0.4870357756876317,0.32
877,876,0.6,0.6296296296296297,0.6181818181818182,0.5060770276912687,0.5060770276912687,0.5,0.4881691268315014,0.9966996699669968,0.999985554643163,0.0,1.0,0.6667644496827483,0.6667981234997141,0.4,1.0,0.0032803795123185,0.4938251676470651,0.5,0.53
878,877,0.3,0.1111111111111111,0.0727272727272727,0.5059587559405958,0.5059587559405958,0.3333333333333333,0.4954917240608215,0.9966996699669968,0.9976187771243183,0.0033003300330033,0.995049504950495,0.6801689370661912,0.6845045327924569,0.8,1.0,0.0035357603365009,0.5458085949155692,0.5168827589009738,0.84
879,878,0.5,0.0,0.5454545454545454,0.4939237203867048,0.4939237203867048,0.3333333333333333,0.4531640835584678,0.9966996699669968,0.9999598675544016,0.0016501650165016,0.995049504950495,0.6668862282975153,0.6669835245989217,0.6,1.0,0.0015810091197313,0.5038029154828501,0.4868887084049326,0.74
880,879,0.4,0.7037037037037037,0.6181818181818182,0.4939229369014806,0.4939229369014806,1.0,0.5179303074997598,0.9983498349834984,0.999980122372074,0.0,1.0,0.6667223352698881,0.6667906281694432,0.4,0.0,0.9967203982099776,0.5065888085408354,0.5,0.5
881,880,0.4,0.2962962962962963,0.1818181818181818,0.4885351060445032,0.4885351060445032,0.0,0.4582399642938974,0.9933993399339934,0.9390868695426804,0.0016501650165016,0.9917491749174916,0.7264550775563685,0.9181856898250036,0.4,1.0,5.0878193035346187e-51,0.9878222895109856,0.4932782101706981,0.53
882,881,0.5,0.7037037037037037,0.2,0.4939364257857489,0.4939364257857489,0.5,0.5188487881320532,0.9983498349834984,0.9995999562686936,0.0033003300330033,0.9983498349834984,0.6685556817094944,0.669900205406353,0.6,0.0,0.9993762969226192,0.5092034819162679,0.4949097703116704,0.48
883,882,0.2,0.7037037037037037,0.2727272727272727,0.5060724270997818,0.5060724270997818,0.5,0.4926015827912122,0.9966996699669968,0.9998266838408786,0.0,0.9983498349834984,0.6675881522214117,0.668255870166677,0.8,1.0,0.0013456357540584,0.4918436975278762,0.4814285653491102,0.62
884,883,0.7,0.8888888888888888,0.1272727272727272,0.4916445185532114,0.4916445185532114,0.75,0.5136794719909201,0.9983498349834984,0.9899035780871592,0.0066006600660066,0.9983498349834984,0.7435043115442443,0.7680020826776102,0.4,0.0,0.66244907650074,0.5634359102089271,0.5,0.13
885,884,0.6,0.6296296296296297,0.9818181818181818,0.5060775176501036,0.5060775176501036,0.25,0.3983176538483968,0.9966996699669968,0.9999993508628868,0.0016501650165016,0.9966996699669968,0.6666679558899292,0.6666693859202365,0.2,0.0,2.2107740407339484e-05,0.4900330411443147,0.4865588946795015,0.32
886,885,0.7,0.8148148148148149,0.1272727272727272,0.5114310736396297,0.5114310736396297,0.75,0.4992497188376164,0.9966996699669968,0.990138647300706,0.0066006600660066,0.9966996699669968,0.7700783224911888,0.8137139241762624,0.2,0.0,0.0002656427145937,0.4903791538871886,0.4369318104065457,0.35
887,886,0.4,0.2962962962962963,0.8363636363636363,0.4939226238440517,0.4939226238440517,0.0,0.493980983488072,0.995049504950495,0.9999952409106364,0.0,0.9966996699669968,0.6666937985423399,0.6667038408536011,0.8,1.0,0.999419313868442,0.5070679660060733,0.4947190583668117,0.48
888,887,0.7,0.8888888888888888,0.1818181818181818,0.5114648939554968,0.5114648939554968,1.0,0.5399710894208611,0.9983498349834984,0.9479332866018098,0.0033003300330033,1.0,0.9083578605187316,0.999936773219992,0.4,0.0,7.660238553750521e-37,0.8802002313121401,0.4534147608736171,0.31
889,888,0.5,0.2962962962962963,0.4727272727272727,0.49392447109153,0.49392447109153,0.0,0.4386162973576469,0.9933993399339934,0.9999242887037983,0.0,0.9983498349834984,0.6669837115548605,0.6672014427320535,0.6,1.0,0.9994139339837718,0.5073527186122283,0.4947491754143735,0.52
890,889,0.6,0.5925925925925926,0.8909090909090909,0.4939224961714925,0.4939224961714925,1.0,0.5258943813917908,0.9983498349834984,0.9999985162686936,0.0,1.0,0.6666670071924146,0.6666730604556417,0.4,1.0,0.9987390111748728,0.5119892986628383,0.5216056570462461,0.41
891,890,0.6,0.6296296296296297,0.9818181818181818,0.5060775250140302,0.5060775250140302,1.0,0.5384176457559872,0.9983498349834984,0.9999995164141148,0.0,1.0,0.6666661982898413,0.6666677439912819,0.4,1.0,2.2107221318089245e-05,0.4900402566236644,0.4865587355951029,0.47
892,891,0.6,0.6296296296296297,0.7818181818181819,0.5060773808423675,0.5060773808423675,1.0,0.5213117115036057,0.9983498349834984,0.9999935769339576,0.0,1.0,0.6666930581838739,0.6667177392723246,0.2,1.0,0.998380122829302,0.4967454262816264,0.5133435591506224,0.52
893,892,0.7,0.962962962962963,0.2,0.4885351060445032,0.4885351060445032,0.75,0.5360307274965079,0.9983498349834984,0.9224941319184056,0.0033003300330033,0.9983498349834984,0.6899737698129014,0.8570790058109385,0.2,0.0,2.5716511087871518e-68,0.9584861576795184,0.5112928867680452,0.12
894,893,0.7,0.8148148148148149,0.0727272727272727,0.4940054325743791,0.4940054325743791,0.0,0.4881976510968284,0.9966996699669968,0.9974922109573062,0.0,1.0,0.6722354595717628,0.6814414596047822,0.2,0.0,0.9972116598756144,0.5282700097928208,0.4906073204980256,0.21
895,894,0.5,0.8148148148148149,0.6363636363636364,0.506077101673727,0.506077101673727,0.0,0.4901048009047333,0.9966996699669968,0.9999839283656464,0.0,1.0,0.666748705588156,0.6667856376942289,0.6,0.0,0.0005814693460265,0.4933787935493219,0.5052758566050392,0.39
896,895,0.5,0.4444444444444444,0.9454545454545454,0.4939225172583411,0.4939225172583411,0.0,0.4319262681160328,0.995049504950495,0.9999976585441172,0.0,1.0,0.6666720106130777,0.6666785586824587,0.8,1.0,0.999977889654385,0.5100628087692065,0.5134406948622278,0.79
897,896,0.2,0.4444444444444444,0.0909090909090909,0.4885437932261819,0.4885437932261819,0.75,0.5033032733265623,0.9983498349834984,0.9867183261755742,0.0049504950495049,0.9966996699669968,0.7885190204669958,0.8479554761505539,0.8,1.0,0.0104996423493311,0.6579759401097884,0.476120552023406,0.66
898,897,0.4,0.8148148148148149,0.2,0.4948818769890111,0.4948818769890111,0.3333333333333333,0.4846481265987318,0.995049504950495,0.9939565406537512,0.0016501650165016,1.0,0.6967699090566282,0.7112919692106761,0.6,1.0,0.970414314282342,0.5142579942225975,0.4460761578476326,0.58
899,898,0.5,0.5925925925925926,0.8909090909090909,0.4939225001378908,0.4939225001378908,1.0,0.5148385443069408,0.9983498349834984,0.9999982738716642,0.0016501650165016,1.0,0.6666688990084599,0.6666740278266527,0.2,1.0,0.9994196785544608,0.5070612445084056,0.494716955643631,0.65
900,899,0.3,0.4814814814814815,0.1818181818181818,0.4885351060445032,0.4885351060445032,0.0,0.4776488405035032,0.9966996699669968,0.9281352935474282,0.0,1.0,0.8694663063068633,0.9990252493284886,0.4,1.0,1.0,0.9492866738063712,0.5289442966361835,0.54
901,900,0.4,0.5555555555555556,0.8363636363636363,0.4939225954325135,0.4939225954325135,0.6666666666666666,0.4589297064456386,0.995049504950495,0.9999961480494473,0.0049504950495049,0.9966996699669968,0.6666892239661676,0.6666974648117036,0.6,1.0,0.9994193961643189,0.5070968021142663,0.4947185326617848,0.65
902,901,0.3,0.1111111111111111,0.0727272727272727,0.5060040190120622,0.5060040190120622,0.0,0.4448175988809422,0.9917491749174916,0.9978998845636562,0.0,0.9966996699669968,0.675605426660432,0.6818855176860312,0.6,1.0,3.1212184311000854e-05,0.54548870714127,0.487556799374959,0.72
903,902,0.6,0.5185185185185186,0.3272727272727272,0.5060726351929978,0.5060726351929978,1.0,0.5061669421397779,0.9983498349834984,0.9998659898792006,0.0016501650165016,1.0,0.6675493997425194,0.6680741392556717,0.4,1.0,0.0013422130418249,0.4898287412858219,0.4812518489376241,0.5
904,903,0.5,0.3703703703703703,0.109090909090909,0.5026489769070558,0.5026489769070558,0.6666666666666666,0.5537259610310712,0.9983498349834984,0.9938710933009184,0.0033003300330033,0.9966996699669968,0.7293529472500123,0.747235387103141,0.6,1.0,0.8166488334200595,0.5845401420474856,0.5,0.55
905,904,0.4,0.4074074074074074,0.1454545454545454,0.4885914785444915,0.4885914785444915,0.0,0.4598729479108929,0.9933993399339934,0.9779271421198852,0.0,1.0,0.7696162314950697,0.8403323605553298,0.6,0.0,0.9923749588902592,0.8529086634463507,0.5089017348872212,0.63
906,905,0.5,1.0,0.4727272727272727,0.5060753662189106,0.5060753662189106,0.0,0.4869398553108974,0.9966996699669968,0.9999447889140202,0.0,0.9983498349834984,0.6670832850208032,0.6672574197070377,0.4,0.0,0.0005865464167425,0.4936431130212104,0.5052469271363995,0.39
907,906,0.7,0.962962962962963,0.6181818181818182,0.5060766984608267,0.5060766984608267,1.0,0.5143553585201446,0.9983498349834984,0.9999710857853992,0.0016501650165016,1.0,0.6668204520834081,0.6669079250076881,0.2,0.0,0.0005826750049421,0.4926230442634599,0.5052702690897627,0.5
908,907,0.5,0.962962962962963,0.9818181818181818,0.4939225556227675,0.4939225556227675,0.3333333333333333,0.4962696435908941,0.9966996699669968,0.9999970591438598,0.0016501650165016,0.9983498349834984,0.6666786282960583,0.6666873230112439,0.2,1.0,0.998738028533662,0.5120063489368439,0.5215696905746412,0.59
909,908,0.8,0.4814814814814815,0.5272727272727272,0.4939236029894098,0.4939236029894098,1.0,0.5822547133915905,0.9983498349834984,0.9999684775981864,0.0033003300330033,1.0,0.6668657822381386,0.6669554991999391,0.0,0.0,0.998720670214322,0.5127226041797961,0.5209436654611322,0.44
910,909,0.5,0.8148148148148149,0.8545454545454545,0.5060774428859859,0.5060774428859859,0.5,0.3576475190576055,0.9966996699669968,0.9999973964629622,0.0049504950495049,0.995049504950495,0.6666829025861578,0.6666896455224264,0.4,1.0,0.0032716050368129,0.4937586006229347,0.5,0.7
911,910,0.7,0.7037037037037037,0.2545454545454545,0.4943411818881982,0.4943411818881982,0.3333333333333333,0.5603283855421446,0.9983498349834984,0.9962389571573796,0.0066006600660066,0.9966996699669968,0.6865621363290281,0.7003404186692682,0.0,1.0,0.9888098330654548,0.5469248662510322,0.4576177763149258,0.31
912,911,0.3,0.2962962962962963,0.1818181818181818,0.4885351060445032,0.4885351060445032,0.0,0.4813670866616393,0.995049504950495,0.9212650601518249,0.0,1.0,0.7292304948622516,0.9738776864623314,1.0,1.0,1.0,0.9941692038422928,0.4903735501997234,0.81
913,912,0.4,0.962962962962963,0.2,0.5047157395817446,0.5047157395817446,0.0,0.4728350423051696,0.9884488448844884,0.9917346179233234,0.0,1.0,0.7016958166880229,0.7271773074783071,1.0,0.0,0.0005666607701664,0.6843052156304028,0.4912336910755596,0.63
914,913,0.3,0.8518518518518519,0.2181818181818181,0.5033483982752278,0.5033483982752278,0.0,0.4696562754651966,0.9966996699669968,0.992801591893473,0.0,0.9933993399339934,0.7252733451681458,0.7501504516074949,0.6,1.0,0.0035698130191046,0.5819727390395966,0.5,0.68
915,914,0.6,0.4444444444444444,0.2545454545454545,0.5060650444971917,0.5060650444971917,0.25,0.4054330283027026,0.9933993399339934,0.9995793674667428,0.0016501650165016,0.995049504950495,0.6688675251919192,0.6698098193183272,0.6,1.0,0.0035363920344787,0.4991879027119162,0.5,0.58
916,915,0.5,0.7407407407407407,0.7636363636363637,0.5060773133591272,0.5060773133591272,1.0,0.5570810383910137,0.9983498349834984,0.999992752798622,0.0016501650165016,1.0,0.6667066851732066,0.6667320773691376,0.2,1.0,0.9983824159668389,0.4968377457624635,0.5133295232827649,0.45
917,916,0.2,0.8518518518518519,0.2181818181818181,0.5047804992092085,0.5047804992092085,0.0,0.4521845412967136,0.9933993399339934,0.9833703341460116,0.0,1.0,0.7056404658617758,0.7587252746777293,0.8,0.0,0.6257267629119712,0.6104583271058084,0.5,0.63
918,917,0.8,0.7037037037037037,0.9454545454545454,0.5060774972790719,0.5060774972790719,1.0,0.5527038395452482,0.9983498349834984,0.999998493733352,0.0099009900990099,1.0,0.6666719597130583,0.666674478967557,0.2,1.0,0.9983758069746128,0.4966711642438538,0.5133698144199133,0.23
919,918,0.3,0.5185185185185186,0.8909090909090909,0.506077503197996,0.506077503197996,0.0,0.4783564332402583,0.9966996699669968,0.9999989103578144,0.0,1.0,0.6666706813434071,0.6666742421465267,0.6,1.0,2.210868778918729e-05,0.4900445062589396,0.4865594037423985,0.61
920,919,0.6,0.7037037037037037,0.2545454545454545,0.4943186986195993,0.4943186986195993,1.0,0.5030025242960379,0.9983498349834984,0.9954691783330442,0.0,1.0,0.6851128519012756,0.699966274396314,0.6,0.0,0.989387035475948,0.5015997484291808,0.4593238005508121,0.39
921,920,0.6,0.6666666666666667,0.2,0.5114648913777844,0.5114648913777844,0.0,0.457989573253602,0.995049504950495,0.9494226923728624,0.0,1.0,0.7548987884131669,0.940871510462786,0.4,1.0,1.4489698635854982e-07,0.6964037082634813,0.4890884056542531,0.57
922,921,0.6,0.7037037037037037,0.2,0.4939345634191048,0.4939345634191048,0.5,0.4506231091461202,0.9966996699669968,0.9995953386546216,0.0033003300330033,0.9966996699669968,0.6683713425288319,0.6694673787501373,0.4,1.0,0.9993819832280038,0.5166248837404844,0.4948845143013361,0.62
923,922,0.4,0.6296296296296297,0.9454545454545454,0.5060775118418365,0.5060775118418365,0.3333333333333333,0.5355988180808053,0.9983498349834984,0.9999993623311828,0.0033003300330033,0.9933993399339934,0.6666691640794914,0.666670646428335,0.6,0.0,0.0012608531479506,0.488035426506334,0.4783893900693819,0.55
924,923,0.4,0.6296296296296297,0.6181818181818182,0.5060770970198678,0.5060770970198678,0.0,0.425653262078452,0.9933993399339934,0.9999833264147948,0.0,1.0,0.666746978357345,0.6667959535491866,0.8,1.0,0.0032789177551777,0.4943046319666329,0.5,0.75
925,924,0.3,0.8148148148148149,0.7272727272727273,0.4939226956488716,0.4939226956488716,1.0,0.5266446672164313,0.9983498349834984,0.9999923587459923,0.0,1.0,0.6666959165842014,0.6667247751101246,0.8,0.0,0.99941911473225,0.5072240725816208,0.4947201006931051,0.44
926,925,0.6,0.7777777777777778,0.509090909090909,0.5060758145689386,0.5060758145689386,0.0,0.4557522004326557,0.9966996699669968,0.9999535644613988,0.0,1.0,0.6669834215772515,0.6671537723371668,0.6,1.0,0.0005852251837134,0.4936674718294944,0.5052543266694779,0.66
927,926,0.5,1.0,0.2363636363636363,0.4979312740913144,0.4979312740913144,1.0,0.5544150947528264,0.9983498349834984,0.9917532350741942,0.0016501650165016,1.0,0.7094326016428937,0.7326009083152626,0.2,0.0,0.8104873346765245,0.5925668744757763,0.4366817513796385,0.34
928,927,0.4,0.6296296296296297,0.0909090909090909,0.4996831726525345,0.4996831726525345,0.0,0.4807053739139976,0.9933993399339934,0.9862333501476738,0.0,1.0,0.7201958047675128,0.7614433468158479,0.6,1.0,0.1759641319719863,0.6784908153549947,0.5,0.61
929,928,0.6,0.7037037037037037,0.6909090909090909,0.4939227644306643,0.4939227644306643,1.0,0.5345883723867206,0.9983498349834984,0.999988953124306,0.0016501650165016,1.0,0.6667117927006484,0.6667408275681072,0.2,0.0,0.9967239739173396,0.5062622091213176,0.5,0.21
930,929,0.5,0.6666666666666667,0.8363636363636363,0.4939225739830015,0.4939225739830015,0.0,0.4703429900894491,0.9966996699669968,0.999995254479836,0.0,1.0,0.6666797970175355,0.6666931297149277,0.6,0.0,0.9999778853958984,0.5100527183264344,0.5134392677326864,0.52
931,930,0.7,0.925925925925926,0.2181818181818181,0.5114636667202609,0.5114636667202609,0.6666666666666666,0.5833384196056794,0.9983498349834984,0.982558029881314,0.0033003300330033,0.9983498349834984,0.7921569294047627,0.8505653855698283,0.4,0.0,0.000114494960894,0.6246037694899389,0.4869676877222249,0.19
932,931,0.4,0.8148148148148149,0.8545454545454545,0.5060774494364064,0.5060774494364064,0.0,0.4649090446763537,0.9966996699669968,0.999997764490742,0.0,1.0,0.6666808520742258,0.6666870443312749,0.4,0.0,0.9983775402991922,0.4967323536192594,0.5133593977046021,0.53
933,932,0.7,0.962962962962963,0.2727272727272727,0.5060672472160318,0.5060672472160318,1.0,0.5355440803115072,0.9983498349834984,0.9997606783208748,0.0016501650165016,0.9983498349834984,0.6685762633509336,0.6692810932393886,0.4,0.0,0.9986790034223708,0.502095872016094,0.5113256104533316,0.47
934,933,0.3,0.4444444444444444,0.9454545454545454,0.4939225253590737,0.4939225253590737,0.3333333333333333,0.4883975413933225,0.9966996699669968,0.9999982439165006,0.0,0.995049504950495,0.6666743498586453,0.6666796997856272,0.4,1.0,0.9987385374050364,0.5120089295785294,0.5215889967651076,0.54
935,934,0.5,0.6296296296296297,0.9818181818181818,0.5060775224391834,0.5060775224391834,0.6666666666666666,0.5210060602062465,0.9983498349834984,0.9999994070285394,0.0066006600660066,0.9983498349834984,0.6666669343102783,0.666668348401235,0.2,0.0,0.0005802572040643,0.4929746172638181,0.5052833882315338,0.28
936,935,0.5,0.7407407407407407,0.3272727272727272,0.493927310766503,0.493927310766503,0.3333333333333333,0.4537530570146859,0.995049504950495,0.9998640625022523,0.0016501650165016,0.995049504950495,0.6675295138074189,0.6678763348905431,0.8,0.0,0.0014668133922536,0.5052736313554337,0.4876109619110929,0.53
937,936,0.8,0.7407407407407407,0.3454545454545454,0.5060731575847655,0.5060731575847655,0.6,0.517210731816006,0.9983498349834984,0.9999075705916546,0.0115511551155115,0.9966996699669968,0.6675222857530129,0.6677404573248086,0.2,1.0,0.000593176234303,0.4937823712755335,0.5052127597817755,0.3
938,937,0.5,0.7037037037037037,0.2181818181818181,0.4885351063659103,0.4885351063659103,0.75,0.4921371810730711,0.9966996699669968,0.9724016833373772,0.0066006600660066,0.9983498349834984,0.8528602223909609,0.9380488373261516,0.4,0.0,0.9999999842124796,0.7258855243400528,0.5112734952423946,0.4
939,938,0.3,0.0,0.5454545454545454,0.4939240869976543,0.4939240869976543,1.0,0.5065532752826212,0.9983498349834984,0.9999426474103854,0.0,1.0,0.6669088721388537,0.6670648997556536,0.8,0.0,0.9966958110357688,0.5063763786994049,0.5,0.75
940,939,0.4,0.5555555555555556,0.9636363636363636,0.5060774496660301,0.5060774496660301,0.0,0.4980279118341555,0.9966996699669968,0.9999972913593234,0.0,0.9983498349834984,0.6666811218796261,0.6666896121685367,0.6,1.0,0.0005804676007477,0.4930589600636495,0.5052820897381547,0.62
941,940,0.4,0.7037037037037037,0.6363636363636364,0.506076935120555,0.506076935120555,1.0,0.5211355294213943,0.9983498349834984,0.9999777037137944,0.0,1.0,0.6667770129868885,0.6668647938624324,0.4,1.0,0.9983958815756456,0.4962696105559866,0.5132520016897633,0.44
942,941,0.7,0.8148148148148149,0.1272727272727272,0.5112666307808995,0.5112666307808995,1.0,0.5360234460091545,0.9983498349834984,0.982321216181454,0.0,1.0,0.7451193431494336,0.8050638884110826,0.4,0.0,0.0061653999002503,0.8706209049062762,0.5,0.58
943,942,0.4,0.8888888888888888,0.9818181818181818,0.5060774463907529,0.5060774463907529,1.0,0.5063919416190605,0.9983498349834984,0.999996208154322,0.0,1.0,0.6666808317683888,0.666690889515061,0.8,0.0,0.0012619230805301,0.4880612034869218,0.4784282008853731,0.54
944,943,0.5,0.5925925925925926,0.4727272727272727,0.5060746843224995,0.5060746843224995,1.0,0.5528252610985934,0.9983498349834984,0.9999319034305588,0.0016501650165016,1.0,0.6672065894519311,0.6674437446467718,0.8,0.0,0.0033300240289213,0.4947039257111987,0.5,0.44
945,944,0.2,0.0,0.5454545454545454,0.4939238221231168,0.4939238221231168,0.25,0.3791684421784275,0.9933993399339934,0.999943761182894,0.0016501650165016,0.9884488448844884,0.666930924637963,0.6669972312135574,0.8,1.0,0.9967016622572478,0.5066092766052503,0.5,0.92
946,945,0.3,0.962962962962963,0.4363636363636363,0.4939257515255013,0.4939257515255013,0.0,0.4639273163466092,0.9966996699669968,0.999890397929026,0.0,0.9966996699669968,0.667182280262204,0.6674962615017647,0.6,0.0,0.9966607018604146,0.5066567142610006,0.5,0.43
947,946,0.5,0.5555555555555556,0.1454545454545454,0.505895094914236,0.505895094914236,0.5,0.4903772285460329,0.9966996699669968,0.997296594632406,0.0,0.9983498349834984,0.6834890330438306,0.691124275511418,0.6,1.0,0.0013128072710674,0.5605890714959367,0.5,0.7
948,947,0.6,0.925925925925926,0.8545454545454545,0.5060774064967752,0.5060774064967752,1.0,0.5082303744251653,0.9983498349834984,0.999994832307391,0.0,1.0,0.6666888917844785,0.6667038015379677,0.4,0.0,0.0005805891867956,0.4931130194558254,0.5052813141326251,0.5
949,948,0.4,0.3333333333333333,0.109090909090909,0.5060383661946419,0.5060383661946419,0.0,0.4697914561398337,0.9933993399339934,0.9988141195421396,0.0,0.9983498349834984,0.6723177051094954,0.6767894181111592,0.6,1.0,0.9991120588605604,0.537087565241975,0.5071934801157516,0.67
950,949,0.6,0.0,0.5454545454545454,0.4939241935152597,0.4939241935152597,0.0,0.4995682234588353,0.9966996699669968,0.9999382183123354,0.0,1.0,0.6669464435294808,0.667115521575311,0.4,0.0,0.9987110102257796,0.5150731139753284,0.5206088008701217,0.34
951,950,0.5,0.8888888888888888,0.509090909090909,0.4939242172526179,0.4939242172526179,1.0,0.5140026236788617,0.9983498349834984,0.9999360508223856,0.0,1.0,0.6669527816819834,0.6671185473803959,0.4,0.0,0.0015643664701874,0.5049663404185223,0.4869862576785709,0.46
952,951,0.6,0.6296296296296297,0.0727272727272727,0.5060483687642017,0.5060483687642017,0.6,0.3578185027306579,0.995049504950495,0.9995137020330144,0.0066006600660066,0.995049504950495,0.6715063059813949,0.6725559425191365,0.4,1.0,0.003894712334851,0.4979608205930693,0.5,0.48
953,952,0.2,0.4814814814814815,0.1818181818181818,0.4885351196300032,0.4885351196300032,0.0,0.4104929145839157,0.9933993399339934,0.9548656321921548,0.0,0.9983498349834984,0.8101951404137918,0.979985349523674,0.6,1.0,0.9999990275577954,0.8126996522762588,0.5136317615898867,0.8
954,953,0.5,0.5555555555555556,0.0363636363636363,0.4939525997841906,0.4939525997841906,1.0,0.5241903952832212,0.9983498349834984,0.9987963466542608,0.0,1.0,0.6691470883465634,0.6733888696833489,0.4,0.0,0.999974844093554,0.5287011875007939,0.5129501922593949,0.38
955,954,0.4,1.0,0.2,0.5060639255930682,0.5060639255930682,0.0,0.4759146910900955,0.995049504950495,0.999545433460957,0.0,0.9983498349834984,0.669046471320085,0.6703286844873817,0.6,0.0,0.0014905554239857,0.4980887915962591,0.4858548525890743,0.79
956,955,0.4,0.7037037037037037,0.109090909090909,0.5060536789662925,0.5060536789662925,0.0,0.4158249535671928,0.995049504950495,0.9994982024505658,0.0,0.995049504950495,0.6706852584012482,0.6719121983581722,0.4,1.0,2.436458757822364e-05,0.4999613997861641,0.4870288951402329,0.5
957,956,0.2,0.4074074074074074,0.1454545454545454,0.4887589825971441,0.4887589825971441,0.0,0.4611177022309149,0.995049504950495,0.9797349953133184,0.0,1.0,0.7611118929723827,0.815005745362572,0.8,1.0,0.9970097891002246,0.8648946509106512,0.5653626757145529,0.67
958,957,0.7,0.7777777777777778,0.7090909090909091,0.5060772857398874,0.5060772857398874,1.0,0.5259378755574755,0.9983498349834984,0.9999916405755624,0.0016501650165016,1.0,0.666712360367983,0.6667426719892758,0.2,0.0,0.998383623370484,0.4967546430353672,0.5133225092250138,0.38
959,958,0.5,0.3703703703703703,0.109090909090909,0.5064852746612135,0.5064852746612135,1.0,0.5003262454587283,0.9983498349834984,0.9841831508453004,0.0,1.0,0.7127756828526051,0.7652706204462915,0.8,0.0,0.8153998872622558,0.7722423820688245,0.4856113702720891,0.61
960,959,0.5,0.6296296296296297,0.6,0.5060767558945041,0.5060767558945041,0.5,0.4912131325925097,0.9966996699669968,0.9999671273177664,0.0016501650165016,1.0,0.6668066899173383,0.6668823107594714,0.6,1.0,0.003286239898342,0.4937646869564364,0.5,0.68
961,960,0.4,0.1111111111111111,0.0727272727272727,0.5060046503969442,0.5060046503969442,0.0,0.4438997719378001,0.9933993399339934,0.9980037335320352,0.0,0.9966996699669968,0.6760971992757926,0.6829494362302411,0.8,1.0,0.0008401643027835,0.535162959617437,0.5,0.77
962,961,0.6,0.4074074074074074,0.2545454545454545,0.4939290699754557,0.4939290699754557,0.0,0.4932555971673594,0.995049504950495,0.9996769228307572,0.0,1.0,0.6674836305517601,0.6683255651174601,0.4,1.0,0.0014209419151465,0.5107937492579021,0.4879169102729966,0.59
963,962,0.5,1.0,0.1636363636363636,0.5114648939554968,0.5114648939554968,0.0,0.4852125051260253,0.9966996699669968,0.9289772546783008,0.0,0.995049504950495,0.7763847519452024,0.9940680815993584,0.4,0.0,5.773028898324742e-59,0.9061556698279578,0.4606249385485716,0.45
964,963,0.4,0.8888888888888888,0.1818181818181818,0.4885351060445032,0.4885351060445032,0.6666666666666666,0.4960553932055529,0.9966996699669968,0.9561846598725048,0.0049504950495049,0.9983498349834984,0.932458858225662,0.9988200928884128,0.6,1.0,1.0,0.69131103603379,0.5378748142514502,0.5
965,964,0.6,0.8888888888888888,0.1272727272727272,0.4919808249876878,0.4919808249876878,1.0,0.5201862076435351,0.9983498349834984,0.9900451671043812,0.0016501650165016,1.0,0.7433091996274643,0.7671471079375378,0.6,0.0,0.9862128242984606,0.6686238932563441,0.5,0.32
966,965,0.4,0.7777777777777778,0.509090909090909,0.5060757647264487,0.5060757647264487,0.2857142857142857,0.4862073138086926,0.995049504950495,0.999963930933958,0.0033003300330033,0.99009900990099,0.6670174509583587,0.6671105190636599,0.8,1.0,0.9984363319486552,0.4975956165506512,0.5129984695648123,0.74
967,966,0.4,0.2962962962962963,0.1818181818181818,0.4885351060445032,0.4885351060445032,1.0,0.5309492456504707,0.9983498349834984,0.9530461428870324,0.0,1.0,0.8346396189008423,0.9770566657454496,0.6,1.0,1.0,0.4136229852627107,0.4920702788682845,0.61
968,967,0.3,0.4074074074074074,0.1454545454545454,0.4888911232905795,0.4888911232905795,0.1666666666666666,0.3518973649048684,0.99009900990099,0.98660551031934,0.0016501650165016,0.99009900990099,0.7635674647695614,0.7885645391123547,0.6,1.0,0.984459985296786,0.6096325520209096,0.5,0.64
969,968,0.7,0.8148148148148149,0.1272727272727272,0.5060579305115345,0.5060579305115345,1.0,0.5089236566531021,0.9983498349834984,0.9995110277209333,0.0,1.0,0.6698803620747016,0.6713231232275185,0.4,0.0,0.0006426527884936,0.5017988102059083,0.5050113651219857,0.2
970,969,0.4,0.7407407407407407,0.1636363636363636,0.4939406044043859,0.4939406044043859,0.5,0.5232060327948016,0.9983498349834984,0.999641553502722,0.0049504950495049,0.99009900990099,0.6697883765626848,0.6706572489859518,0.4,0.0,0.998431813920362,0.5171953189061871,0.5120315777573627,0.48
971,970,0.6,0.6296296296296297,0.6,0.5060768612300736,0.5060768612300736,1.0,0.5259129473994484,0.9983498349834984,0.999977949966085,0.0,1.0,0.666794889706017,0.66686570210134,0.6,0.0,0.9983990494506476,0.4970859455734164,0.5132287538031224,0.42
972,971,0.4,0.5925925925925926,0.2363636363636363,0.5055144101925075,0.5055144101925075,0.25,0.4901558650706261,0.9966996699669968,0.99484938811644,0.0016501650165016,0.9966996699669968,0.6951717089602841,0.7032817432180519,0.4,1.0,0.015506732925429,0.5383268584441142,0.5,0.41
973,972,0.5,0.5555555555555556,0.1272727272727272,0.4939424186425396,0.4939424186425396,0.0,0.4175304769663575,0.995049504950495,0.9993922348024908,0.0,1.0,0.6695541069905447,0.6712361833485158,0.8,0.0,0.999357002928614,0.5202060584666482,0.4949678764747536,0.57
974,973,0.7,0.6296296296296297,0.4181818181818181,0.4939256277610313,0.4939256277610313,1.0,0.5036748138025225,0.9983498349834984,0.9998517004736294,0.0,1.0,0.6670591090094575,0.6675017493689449,0.2,1.0,0.9999776554935524,0.5136323264226663,0.5133756591548724,0.53
975,974,0.5,0.5555555555555556,0.9636363636363636,0.4939224841330311,0.4939224841330311,1.0,0.5097838052091686,0.9983498349834984,0.9999992919506924,0.0016501650165016,0.9983498349834984,0.6666674175282754,0.6666695268867304,0.6,0.0,0.996729939657399,0.5062557397446291,0.5,0.57
976,975,0.3,0.2962962962962963,0.8363636363636363,0.4939226364981597,0.4939226364981597,0.3333333333333333,0.4487903264351899,0.9933993399339934,0.99999367376922,0.0016501650165016,0.9983498349834984,0.6666936891237193,0.6667075055698318,0.8,1.0,0.9967267111834234,0.5062934821197842,0.5,0.84
977,976,0.5,0.8888888888888888,0.4909090909090909,0.5060752197843378,0.5060752197843378,0.5,0.5234383994024718,0.9983498349834984,0.9999282705240888,0.0033003300330033,0.9966996699669968,0.6671144556776624,0.6672903929445172,0.6,0.0,0.0033184290087771,0.4944958571724958,0.5,0.24
978,977,0.2,0.3333333333333333,0.109090909090909,0.5060420018829934,0.5060420018829934,0.0,0.4902714369085702,0.9966996699669968,0.999040537414554,0.0,0.9983498349834984,0.6719418609092115,0.6744372320308761,1.0,1.0,2.5768244541142003e-05,0.5096726937482209,0.4871368623720448,0.61
979,978,0.6,0.5185185185185186,0.4545454545454545,0.506075240603249,0.506075240603249,1.0,0.5299298497911428,0.9983498349834984,0.9999174981208216,0.0,1.0,0.6670907093933591,0.667317430420414,0.4,0.0,2.227655558973243e-05,0.4921649377640256,0.4866339441970408,0.35
980,979,0.3,0.4444444444444444,0.2545454545454545,0.5060657477608037,0.5060657477608037,0.5,0.4899705720989503,0.9966996699669968,0.9995246459293884,0.0,0.9983498349834984,0.6686963578592297,0.6700899799186448,0.6,0.0,0.0035198486356322,0.4935702107168063,0.5,0.37
981,980,0.5,0.5555555555555556,0.1272727272727272,0.5114648939554968,0.5114648939554968,0.0,0.4255131136642649,0.995049504950495,0.8944505056278146,0.0,1.0,0.6163217433068051,0.964811270836903,0.6,1.0,1.0,0.9967534669953632,0.4876300607415335,0.72
982,981,0.1,0.0,0.5454545454545454,0.4939238438969001,0.4939238438969001,0.0,0.4066290280622162,0.99009900990099,0.9999382056135452,0.0,0.9867986798679867,0.6668831682732663,0.6669945447694892,1.0,1.0,0.9994156885055512,0.5075781618805879,0.4947386129374652,0.9
983,982,0.3,0.4444444444444444,0.2181818181818181,0.4968418572397356,0.4968418572397356,0.0,0.4907704858361622,0.9966996699669968,0.9930661728699246,0.0,0.9983498349834984,0.7086679737040469,0.7281469020254288,0.6,1.0,0.8741040209215645,0.5657273175033037,0.4382837529153566,0.61
984,983,0.4,0.7037037037037037,0.2181818181818181,0.4885365665296731,0.4885365665296731,1.0,0.5229231927537579,0.9983498349834984,0.9678715817396352,0.0,1.0,0.7892669771410424,0.9067558697790534,0.6,1.0,0.99983457879977,0.8283890997210923,0.512869906294377,0.79
985,984,0.4,0.3333333333333333,0.109090909090909,0.5060442999191292,0.5060442999191292,0.0,0.4023757465390747,0.9966996699669968,0.999391851471639,0.0,0.9933993399339934,0.6720055255913163,0.6738525922837806,0.4,0.0,0.000689546910866,0.5015747215881419,0.5,0.56
986,985,0.2,0.3333333333333333,0.109090909090909,0.5060426476164871,0.5060426476164871,0.2,0.4546829971693201,0.995049504950495,0.999345754273214,0.0016501650165016,0.9884488448844884,0.6722950047809702,0.6741529482572763,1.0,1.0,2.5702294742516888e-05,0.5040311473984929,0.4872122130865714,0.82
987,986,0.7,0.7407407407407407,0.109090909090909,0.4939613895632281,0.4939613895632281,1.0,0.550684404340354,0.9983498349834984,0.9993021952632408,0.0016501650165016,1.0,0.6717149083979831,0.6746532274363908,0.4,0.0,0.0008897253780081,0.5113038681937578,0.4926099730609947,0.28
988,987,0.5,0.5185185185185186,0.8909090909090909,0.5060775041274785,0.5060775041274785,1.0,0.5212434316214076,0.9983498349834984,0.9999984330494768,0.0,1.0,0.6666700183546815,0.6666750008114322,0.6,1.0,2.210870078538068e-05,0.4900309550078895,0.486559181033497,0.59
989,988,0.4,0.5925925925925926,0.1818181818181818,0.5047423607749897,0.5047423607749897,0.0,0.4415270074597154,0.99009900990099,0.9930059802035828,0.0,0.9966996699669968,0.7028412641626308,0.7241721333433817,1.0,1.0,0.0005513486998705,0.6747761817873764,0.4915605515532759,0.74
990,989,0.6,0.8888888888888888,0.1818181818181818,0.5114648939554968,0.5114648939554968,0.75,0.4791023165224428,0.9966996699669968,0.9526899146397728,0.0049504950495049,0.9983498349834984,0.8718603106326128,0.9973589171963332,0.4,0.0,3.39021804532638e-21,0.6158741330057729,0.4868862287297267,0.31
991,990,0.6,0.4814814814814815,0.5272727272727272,0.4939234872775015,0.4939234872775015,0.6666666666666666,0.5040830980785486,0.9983498349834984,0.999971997663713,0.0033003300330033,0.9983498349834984,0.6668389574713608,0.6669149307069328,0.6,1.0,0.9967087326911434,0.506494664105805,0.5,0.43
992,991,0.3,0.3703703703703703,0.109090909090909,0.5047897437858323,0.5047897437858323,0.0,0.4579621205925896,0.9884488448844884,0.9812591320188658,0.0,1.0,0.7102333546797261,0.7631800435403988,1.0,1.0,0.3065094037507177,0.6110876625052994,0.4380066439066321,0.67
993,992,0.6,0.2962962962962963,0.4727272727272727,0.4939245579899884,0.4939245579899884,0.0,0.4252839901858315,0.995049504950495,0.999952845307614,0.0016501650165016,0.995049504950495,0.6670432504236936,0.6671740132782576,0.2,0.0,0.9999777401518364,0.5104655073000639,0.5133888286129111,0.46
994,993,0.7,0.7037037037037037,0.2,0.4939356640675579,0.4939356640675579,0.6666666666666666,0.4884892399336589,0.9966996699669968,0.9995803021258054,0.0082508250825082,0.9983498349834984,0.6686776147948901,0.6696698898521148,0.4,1.0,0.9985178095791248,0.515731121741092,0.5144539332960857,0.27
995,994,0.2,0.5185185185185186,0.4545454545454545,0.5060756125919389,0.5060756125919389,0.0,0.3526795021382921,0.9933993399339934,0.999941331312208,0.0,0.99009900990099,0.6670514176339247,0.667124584217759,1.0,1.0,0.0012923376406655,0.4884511061058206,0.4795181291066004,0.91
996,995,0.3,0.0,0.5454545454545454,0.4939237990423686,0.4939237990423686,0.0,0.3521446704424179,0.9917491749174916,0.9999368102724698,0.0,0.9966996699669968,0.6668938887667163,0.6670025431268275,0.6,1.0,0.9994158591739304,0.5081919536587441,0.4947374399700341,0.91
997,996,0.3,0.6296296296296297,0.4181818181818181,0.493925852437111,0.493925852437111,0.0,0.4802890452348899,0.995049504950495,0.9998726903692824,0.0,1.0,0.6671462229397961,0.6675229792669389,0.6,0.0,0.9999776379824618,0.5124901522681844,0.5133621794853329,0.63
998,997,0.3,0.4074074074074074,0.1818181818181818,0.4941546539215999,0.4941546539215999,0.3333333333333333,0.4746546995383581,0.9966996699669968,0.9972385864670794,0.0033003300330033,0.9917491749174916,0.6842372926230509,0.6921431324466153,0.8,1.0,0.9938282696266876,0.5235268082545081,0.4694789177152663,0.58
999,998,0.5,1.0,0.2181818181818181,0.4885358513648693,0.4885358513648693,0.6666666666666666,0.5284731431839453,0.9983498349834984,0.9827501381115844,0.0033003300330033,0.9983498349834984,0.8071708179287013,0.8534432234173466,0.4,0.0,0.999998007574727,0.5224495656494603,0.5609290724037856,0.43
1000,999,0.3,0.1111111111111111,0.1818181818181818,0.5060327390369468,0.5060327390369468,0.6666666666666666,0.5366597405418183,0.9983498349834984,0.9990926750345244,0.0033003300330033,0.9966996699669968,0.6734466294408492,0.6758817413853763,0.8,1.0,0.0020489155326511,0.5013787374389794,0.5,0.58
1001,1000,0.3,0.5185185185185186,0.3272727272727272,0.5060722693351312,0.5060722693351312,0.0,0.3661916072735122,0.9966996699669968,0.9999058783573814,0.0,0.9966996699669968,0.6676873561919233,0.6679073191152319,0.8,1.0,0.0013483282910841,0.4899160454171238,0.4814319107003101,0.76
1002,1001,0.4,0.1111111111111111,0.1818181818181818,0.5060008635232653,0.5060008635232653,0.0,0.4228885047824012,0.995049504950495,0.9977399241205948,0.0,0.9983498349834984,0.675875216044967,0.68269208148623,0.6,1.0,0.0008558686098917,0.5239596782320265,0.5,0.67
1003,1002,0.6,0.0,0.5454545454545454,0.4939241939901064,0.4939241939901064,0.5,0.5227405219128118,0.9983498349834984,0.9999370103770676,0.0,0.9983498349834984,0.6668932269523882,0.6671151431483481,0.4,0.0,0.9994147299577112,0.5078379273029198,0.4947455984917662,0.31
1004,1003,0.5,0.6296296296296297,0.4181818181818181,0.4939257300175218,0.4939257300175218,0.0,0.4796086493432571,0.9966996699669968,0.9998788174805469,0.0,1.0,0.667227368298675,0.667462715998509,0.4,0.0,0.0015157040249668,0.5028378444466474,0.4873059851878039,0.45
1005,1004,0.4,0.5555555555555556,0.4909090909090909,0.5060763304411027,0.5060763304411027,0.0,0.4764767095435031,0.9933993399339934,0.9999555301852028,0.0,1.0,0.6668914181450304,0.6670087706176725,0.6,1.0,0.9984170432446235,0.4962414063774645,0.5131246667253375,0.5
1006,1005,0.8,0.925925925925926,0.2363636363636363,0.5031518355092937,0.5031518355092937,0.6666666666666666,0.5018162471111223,0.9983498349834984,0.9939382177862044,0.0115511551155115,0.9983498349834984,0.7130182683942935,0.7313452610063689,0.2,0.0,0.0022835035791496,0.5825990573484158,0.4943428309043352,0.19
1007,1006,0.6,0.7407407407407407,0.2363636363636363,0.4950607959752049,0.4950607959752049,0.0,0.4730651997448695,0.9966996699669968,0.9924376279500036,0.0,1.0,0.6907124012073036,0.718238514233864,0.6,0.0,0.9716462378219004,0.5909615967312474,0.5,0.61
1008,1007,0.5,0.7407407407407407,0.3454545454545454,0.5060736979707481,0.5060736979707481,0.0,0.4989497014171766,0.9966996699669968,0.9998744814951296,0.0,1.0,0.6674029910518356,0.6678391149533892,0.8,0.0,0.003350208006529,0.4943989945903745,0.5,0.7
1009,1008,0.8,1.0,0.1636363636363636,0.5060597094082679,0.5060597094082679,1.0,0.5884451691469323,0.9983498349834984,0.9996461032575878,0.0099009900990099,1.0,0.6697961093949651,0.6708964293343532,0.0,1.0,0.0006360613756074,0.4968411745638815,0.5050357691877179,0.18
1010,1009,0.4,0.3333333333333333,0.109090909090909,0.5060384804898019,0.5060384804898019,0.0,0.4742269293891931,0.9933993399339934,0.9988351799070878,0.0,0.9983498349834984,0.6725694975894438,0.6763176432662689,0.6,1.0,0.0007101436287663,0.5340071444958093,0.5,0.65
1011,1010,0.3,0.5555555555555556,0.4909090909090909,0.5060764019552308,0.5060764019552308,0.0,0.4610721988319536,0.9884488448844884,0.9999647897189204,0.0,0.9983498349834984,0.6668825569463046,0.6669760958626209,1.0,1.0,0.0032936891448772,0.494378678538261,0.5,0.72
1012,1011,0.4,0.7407407407407407,0.3818181818181818,0.5060745285713567,0.5060745285713567,0.0,0.4738976065539811,0.9933993399339934,0.9998623628791964,0.0,1.0,0.6672328058709385,0.6676031885548068,0.8,1.0,2.2320256402453007e-05,0.4916693667277153,0.4866466216301549,0.63
1013,1012,0.6,0.925925925925926,0.1272727272727272,0.4885351060445032,0.4885351060445032,1.0,0.5342048604398497,0.9983498349834984,0.9042340212910313,0.0,1.0,0.5237759704429279,0.7888538884081163,0.4,0.0,1.0,0.9999990268280132,0.5,0.37
1014,1013,0.6,0.5555555555555556,0.1272727272727272,0.5114648939554968,0.5114648939554968,1.0,0.5799039489260505,0.9983498349834984,0.9107239487424592,0.0016501650165016,1.0,0.6797096291647545,0.9831002041186768,0.2,0.0,8.33767923699026e-58,0.997877477292763,0.5,0.43
1015,1014,0.6,0.5555555555555556,0.1454545454545454,0.5058497415150621,0.5058497415150621,0.0,0.4648018388721744,0.9966996699669968,0.9961166428025776,0.0,0.9983498349834984,0.6841280426469006,0.6969125442084813,0.4,1.0,6.134897342992741e-05,0.5897194031984508,0.4880260768851137,0.62
1016,1015,0.7,0.4074074074074074,0.2545454545454545,0.4939289648441227,0.4939289648441227,0.75,0.5692275732307164,0.9983498349834984,0.9998664416772344,0.0049504950495049,0.9983498349834984,0.6677472856452176,0.6682252970585228,0.2,1.0,0.9994003418994994,0.5085938118001017,0.4948154144688111,0.52
1017,1016,0.4,0.7407407407407407,0.3272727272727272,0.4939272379801707,0.4939272379801707,0.0,0.444395331301044,0.9933993399339934,0.9998621642145834,0.0,0.995049504950495,0.6675191596683475,0.6678244910220396,0.8,1.0,0.001468840313137,0.5050556555462875,0.4875978270106935,0.69
1018,1017,0.4,0.4444444444444444,0.2181818181818181,0.4964072499146311,0.4964072499146311,0.3333333333333333,0.4411317130827653,0.9966996699669968,0.9935328733441308,0.0,0.995049504950495,0.7090518162039698,0.7262279478049789,0.6,1.0,0.9983233297460872,0.6160521803500232,0.5083851132334134,0.69
1019,1018,0.6,0.5925925925925926,0.2363636363636363,0.5056681952738995,0.5056681952738995,0.0,0.4689727292454371,0.995049504950495,0.9955606413354156,0.0,1.0,0.6914458019688574,0.7022677444114828,0.4,0.0,0.0001092961464814,0.4692745478235031,0.4868781950553225,0.51
1020,1019,0.5,0.8888888888888888,0.2727272727272727,0.4939320853779562,0.4939320853779562,1.0,0.5192571845430247,0.9983498349834984,0.999777268198136,0.0016501650165016,1.0,0.6682875039472249,0.6690003812202122,0.4,0.0,0.9999771039062184,0.5121015419839199,0.5132357282315825,0.3
1021,1020,0.5,0.7777777777777778,0.6545454545454545,0.4939230270203611,0.4939230270203611,0.0,0.494824298958208,0.995049504950495,0.9999791812598372,0.0,0.9983498349834984,0.6667556888433387,0.6668050850083829,0.4,0.0,0.9987302491303388,0.5121549526909039,0.5212939770347165,0.44
1022,1021,0.3,0.4074074074074074,0.1818181818181818,0.4942213898729324,0.4942213898729324,0.0,0.3962158065105361,0.995049504950495,0.995112512763576,0.0,0.9966996699669968,0.6831105808197999,0.6963911790386266,0.4,1.0,0.9921302884032628,0.5768322330109603,0.4643253670331866,0.69
1023,1022,0.6,0.7037037037037037,0.9454545454545454,0.5060774944612807,0.5060774944612807,1.0,0.510056609007769,0.9983498349834984,0.9999980112864676,0.0,1.0,0.6666717136966701,0.6666781273700686,0.4,1.0,0.000580339792649,0.493002434876819,0.5052829421761696,0.44
1024,1023,0.6,0.5185185185185186,0.3272727272727272,0.5060727050820508,0.5060727050820508,1.0,0.5106375706117854,0.9983498349834984,0.9998610316590744,0.0,1.0,0.6675180251915872,0.6680433292535216,0.6,1.0,0.9985321232103632,0.499614319572708,0.5123675829812114,0.6
1025,1024,0.5,0.6296296296296297,0.0727272727272727,0.5060514710810076,0.5060514710810076,0.0,0.4609906369678136,0.9933993399339934,0.9992695942933192,0.0,1.0,0.670886729866254,0.6732148532568366,0.4,1.0,2.4618457185177757e-05,0.5033629570267726,0.4871233453788962,0.54
1026,1025,0.4,0.2962962962962963,0.1818181818181818,0.4885351060445032,0.4885351060445032,0.5,0.5164527876488451,0.9983498349834984,0.948234658308235,0.0033003300330033,0.9966996699669968,0.9053386254936736,0.998826161306668,0.6,1.0,2.519116974730805e-30,0.9099998096523264,0.4763363704578915,0.72
1027,1026,0.6,0.8888888888888888,0.2727272727272727,0.4939324435873435,0.4939324435873435,0.5,0.517824094045148,0.9983498349834984,0.9997134534821508,0.0,1.0,0.6682030618018824,0.66907150813016,0.6,0.0,0.9993894116103464,0.5126644384443,0.4948641860016928,0.43
1028,1027,0.4,0.5925925925925926,0.3818181818181818,0.4939269909728107,0.4939269909728107,0.0,0.4161590005132882,0.9933993399339934,0.9998738113245998,0.0,0.995049504950495,0.6674012282173157,0.6677461300986269,0.6,0.0,0.996633730635188,0.5072649987143514,0.5,0.63
1029,1028,0.7,1.0,0.8,0.5060773505598709,0.5060773505598709,1.0,0.529504555654015,0.9983498349834984,0.9999939993685258,0.0033003300330033,1.0,0.6666997309464129,0.6667171951450588,0.2,0.0,0.0032735704176388,0.4938561798482624,0.5,0.23
1030,1029,0.7,0.4444444444444444,0.2181818181818181,0.500375536615272,0.500375536615272,1.0,0.5319586992209445,0.9983498349834984,0.991438826795336,0.0016501650165016,1.0,0.7176189579361741,0.7441471768310147,0.2,0.0,0.6293600652616276,0.6934698317625435,0.4378680806157639,0.27
1031,1030,0.4,0.5555555555555556,0.9818181818181818,0.4939225084895154,0.4939225084895154,0.5,0.4755703399835242,0.9966996699669968,0.9999987160582156,0.0049504950495049,0.995049504950495,0.6666732623676374,0.666674869770898,0.6,1.0,0.9967294210081754,0.5062630635876273,0.5,0.69
1032,1031,0.7,0.7407407407407407,0.7636363636363637,0.5060773258084813,0.5060773258084813,0.0,0.495288490210656,0.9966996699669968,0.9999920141835336,0.0,1.0,0.6667034490723485,0.6667234602896084,0.4,0.0,0.9983819701163816,0.4967060922592082,0.5133337216732962,0.47
1033,1032,0.4,1.0,0.3090909090909091,0.5060712209475551,0.5060712209475551,1.0,0.5175679909413589,0.9983498349834984,0.9998195110677576,0.0,1.0,0.6678520772682085,0.6684281892768921,0.6,1.0,0.0013663415301966,0.4919677404095037,0.4820588299028698,0.44
1034,1033,0.3,0.5925925925925926,0.4727272727272727,0.5060745883781341,0.5060745883781341,0.3333333333333333,0.51004391759218,0.9983498349834984,0.9999444022052724,0.0016501650165016,0.995049504950495,0.6672423292095567,0.6674242690394048,0.8,1.0,0.001309301992078,0.4888193397398638,0.4801147875451096,0.87
1035,1034,0.5,0.8888888888888888,0.9818181818181818,0.5060774440911167,0.5060774440911167,0.0,0.4257306360414862,0.995049504950495,0.9999967865590146,0.0,1.0,0.6666816087946943,0.6666903671182078,0.6,1.0,0.0032715779820426,0.4938175889042365,0.5,0.7
1036,1035,0.6,0.1111111111111111,0.1818181818181818,0.5060245790903877,0.5060245790903877,0.5,0.4736352694190047,0.9966996699669968,0.9988725872852016,0.0082508250825082,0.9933993399339934,0.6743320449082892,0.6762342724751739,0.6,1.0,0.0007626688612456,0.5057427550714518,0.5,0.54
1037,1036,0.6,0.7777777777777778,0.7090909090909091,0.5060772718857203,0.5060772718857203,0.5,0.4877034811547139,0.9966996699669968,0.9999897960978724,0.0,0.9983498349834984,0.6667155438814942,0.6667355356186246,0.2,0.0,0.0012648047724231,0.4881715776986548,0.4785334044589879,0.28
1038,1037,0.5,0.5555555555555556,0.4909090909090909,0.5060763354116171,0.5060763354116171,0.5,0.4511100769449813,0.995049504950495,0.9999670074706032,0.0033003300330033,0.9933993399339934,0.6669018782970539,0.6669774155650344,0.6,0.0,2.2193751966075632e-05,0.4902293953581824,0.486592793651715,0.53
1039,1038,0.5,0.4444444444444444,0.2545454545454545,0.5060640592074803,0.5060640592074803,0.0,0.4847635002322501,0.995049504950495,0.9995719478089652,0.0016501650165016,0.9983498349834984,0.6690864089739371,0.6701863033572998,0.4,0.0,0.0006216820195013,0.5004624138765082,0.5050829373251703,0.55
1040,1039,0.7,0.6296296296296297,0.9454545454545454,0.5060775082982117,0.5060775082982117,0.6666666666666666,0.4895502115572068,0.9966996699669968,0.9999990258442362,0.0082508250825082,0.9983498349834984,0.6666696113792865,0.6666725134418958,0.2,1.0,0.0032702161915128,0.4937604058276768,0.5,0.55
1041,1040,0.6,0.7037037037037037,0.2,0.4939361544246829,0.4939361544246829,1.0,0.5351977718988639,0.9983498349834984,0.9995221148030076,0.0,1.0,0.6684102276365643,0.6699561354947935,0.2,0.0,0.0012470730484691,0.5130845709958929,0.4892112858820531,0.37
1042,1041,0.3,0.5925925925925926,0.3818181818181818,0.49392698592893,0.49392698592893,0.3333333333333333,0.4566621589590158,0.995049504950495,0.999892978721058,0.0016501650165016,0.995049504950495,0.6675128268226805,0.6677680872407655,0.6,0.0,0.9999775418016446,0.5105876719769742,0.5133358319118464,0.62
1043,1042,0.6,0.962962962962963,0.1272727272727272,0.5060552131550837,0.5060552131550837,1.0,0.5578956459979325,0.9983498349834984,0.9994099749956966,0.0033003300330033,1.0,0.6702040293929853,0.6724037262008395,0.4,0.0,0.001642601784839,0.4940510641817862,0.4899798191068809,0.43
1044,1043,0.5,0.5555555555555556,0.9636363636363636,0.4939224824794989,0.4939224824794989,1.0,0.5545706483440067,0.9983498349834984,0.999999326210218,0.0,1.0,0.6666672429094586,0.6666690840522708,0.4,0.0,0.0016249287403007,0.5033431635470571,0.4866257842525142,0.45
1045,1044,0.5,0.6296296296296297,0.6181818181818182,0.506077116132247,0.506077116132247,0.0,0.4988230004629208,0.9966996699669968,0.999985323667355,0.0,0.9983498349834984,0.6667422682873932,0.6667944736831986,0.8,0.0,0.0005814330094463,0.4934711181254383,0.5052760564622425,0.58
1046,1045,0.6,0.5925925925925926,0.2727272727272727,0.5060679385145086,0.5060679385145086,0.0,0.4553147540780626,0.995049504950495,0.9996563709171776,0.0,1.0,0.6683225534434348,0.6693469087324895,0.4,1.0,0.003473673646722,0.5007915098568814,0.5,0.61
1047,1046,0.5,0.2962962962962963,0.4727272727272727,0.4939246835305568,0.4939246835305568,0.0,0.4412057272184317,0.9966996699669968,0.9999089605146948,0.0,1.0,0.6669720392652567,0.6672324316883911,0.6,0.0,0.001548668256311,0.505021732780658,0.4870908159826951,0.8
1048,1047,0.3,0.5555555555555556,0.9636363636363636,0.5060774670188886,0.5060774670188886,0.0,0.3984537363882164,0.9933993399339934,0.999998394815104,0.0,0.9966996699669968,0.6666785947772488,0.6666827385314301,0.8,1.0,0.998376906402546,0.4967215425543169,0.513363051682173,0.8
1049,1048,0.6,0.6666666666666667,0.1272727272727272,0.4940553942185219,0.4940553942185219,0.0,0.464837129450544,0.9966996699669968,0.9976441742877477,0.0,0.9983498349834984,0.6779634184679296,0.6862703106067745,0.4,0.0,0.9938437058268216,0.5591989850804728,0.5,0.2
1050,1049,0.8,0.962962962962963,0.5636363636363636,0.4939242931916148,0.4939242931916148,1.0,0.526757415143434,0.9983498349834984,0.999943627847977,0.0066006600660066,1.0,0.6669351474117428,0.6671125418683855,0.2,0.0,0.9987091871390454,0.5124680870976694,0.5205416840309114,0.26
1051,1050,0.4,0.7037037037037037,0.109090909090909,0.5060522089941193,0.5060522089941193,0.0,0.4168371618045854,0.995049504950495,0.999398369531264,0.0,0.995049504950495,0.6710029312038294,0.6720611577502218,0.6,0.0,2.453730300299942e-05,0.4959465469689592,0.4870327370203788,0.53
1052,1051,0.7,0.7037037037037037,0.9636363636363636,0.493922548395072,0.493922548395072,0.0,0.4563511194940494,0.9966996699669968,0.999997767873731,0.0,1.0,0.6666780578531512,0.6666854679840534,0.4,1.0,0.999419535122988,0.5070632453261312,0.4947177590026064,0.61
1053,1052,0.7,0.925925925925926,0.7090909090909091,0.5060771598954508,0.5060771598954508,0.75,0.5853716424149602,0.9983498349834984,0.9999933596305806,0.0082508250825082,0.9983498349834984,0.6667400952367799,0.6667621771366123,0.4,0.0,2.213335321700716e-05,0.490154403042488,0.4865688520018655,0.21
1054,1053,0.4,0.5555555555555556,0.8363636363636363,0.493922591850277,0.493922591850277,0.0,0.4605613322069847,0.9966996699669968,0.9999943209651658,0.0,1.0,0.666678433477809,0.6666989175365816,0.6,0.0,0.0016209088754875,0.5033885789712522,0.4866496330767227,0.45
1055,1054,0.5,0.7407407407407407,0.1636363636363636,0.4939362886702223,0.4939362886702223,0.0,0.4529260350237044,0.9966996699669968,0.9994472007301,0.0,0.9983498349834984,0.6684124123225819,0.6700931625024412,0.6,1.0,0.9985053925526388,0.5264367597160411,0.5140694134852447,0.68
1056,1055,0.4,0.4074074074074074,0.1454545454545454,0.4890114223048414,0.4890114223048414,0.0,0.3457833582037958,0.9884488448844884,0.9818123297319348,0.0,0.9966996699669968,0.7584086822499915,0.8095073388484905,0.6,0.0,0.9749555622851136,0.6462969304643212,0.5,0.54
1057,1056,0.4,0.4074074074074074,0.2545454545454545,0.4939299445680519,0.4939299445680519,0.0,0.4579461137794262,0.9933993399339934,0.999796609103616,0.0,0.9966996699669968,0.6679277697326517,0.6684129086683769,0.8,0.0,0.9965710713172982,0.5073291160412104,0.5,0.67
1058,1057,0.6,1.0,0.8545454545454545,0.4939225852937144,0.4939225852937144,1.0,0.508611090940464,0.9983498349834984,0.9999944684141064,0.0,1.0,0.6666835239522317,0.6666984578040022,0.2,0.0,0.9967278084097912,0.5063370873031773,0.5,0.55
1059,1058,0.4,0.5555555555555556,0.9818181818181818,0.4939225109453243,0.4939225109453243,0.0,0.4930542896530306,0.995049504950495,0.9999981198461378,0.0,0.9966996699669968,0.6666704819602902,0.6666762068082097,0.6,1.0,0.9994196433010324,0.5070352852174234,0.4947171340034407,0.57
1060,1059,0.8,0.7407407407407407,0.1636363636363636,0.5060597389349915,0.5060597389349915,1.0,0.5090455688073905,0.9983498349834984,0.999340893448202,0.0,1.0,0.6695373558561997,0.6718817617678015,0.2,1.0,0.9988315256469212,0.5147727433342142,0.5100520370979408,0.31
1061,1060,0.4,0.5185185185185186,0.3272727272727272,0.5060719824294385,0.5060719824294385,0.5,0.4789015058055401,0.9966996699669968,0.9998736466563544,0.0033003300330033,0.9933993399339934,0.6677111790373239,0.6680806581839147,0.8,0.0,2.252857626377327e-05,0.4916868028917477,0.4867059110456961,0.65
1062,1061,0.5,0.6666666666666667,0.1272727272727272,0.4940665338694565,0.4940665338694565,0.3333333333333333,0.5103841975326979,0.9983498349834984,0.9978801694963872,0.0066006600660066,0.9966996699669968,0.679656961635977,0.6860517791988511,0.4,0.0,0.9988604865872868,0.529225508105442,0.5,0.5
1063,1062,0.7,0.8888888888888888,0.1636363636363636,0.4939868578253654,0.4939868578253654,0.0,0.4982523548894635,0.995049504950495,0.997505387953238,0.0,1.0,0.6725011288707343,0.6789529433666528,0.4,0.0,0.9975786283545394,0.5705188566002657,0.5,0.42
1064,1063,0.4,0.5185185185185186,0.4545454545454545,0.5060754415997017,0.5060754415997017,0.0,0.4528589701676055,0.9966996699669968,0.9999328641339088,0.0,0.9983498349834984,0.6670620498878258,0.6673110059327284,0.6,1.0,0.9984481707491968,0.4980718441486312,0.5129221485296511,0.78
1065,1064,0.5,0.6296296296296297,0.9454545454545454,0.5060775111482743,0.5060775111482743,0.0,0.4677129639138933,0.995049504950495,0.9999991399059176,0.0016501650165016,0.9966996699669968,0.6666691268045355,0.6666713196346894,0.8,1.0,0.0032701624957553,0.4937487950015571,0.5,0.62
1066,1065,0.5,0.5185185185185186,0.8909090909090909,0.506077506527999,0.506077506527999,0.3333333333333333,0.4752968323017893,0.995049504950495,0.9999988098050884,0.0,0.9966996699669968,0.6666700471504171,0.6666726279462272,0.6,0.0,0.003270261497865,0.4937532041293553,0.5,0.66
1067,1066,0.4,0.7037037037037037,0.2727272727272727,0.5060725366338223,0.5060725366338223,0.0,0.4642243005685971,0.995049504950495,0.9998058142636804,0.0,0.9983498349834984,0.6675610316863887,0.6681877845683543,0.8,1.0,0.0013437661074696,0.492334113394593,0.4813594751275674,0.61
1068,1067,0.5,0.2962962962962963,0.8363636363636363,0.493922646242692,0.493922646242692,0.5,0.5458124496043736,0.9983498349834984,0.9999960379547522,0.0033003300330033,0.9917491749174916,0.6666986400830316,0.6667083548401087,0.6,1.0,0.9994192486259766,0.5070493906799773,0.4947194103579084,0.47
1069,1068,0.5,0.0,0.5454545454545454,0.4939242069462167,0.4939242069462167,0.0,0.4608851387406593,0.995049504950495,0.9999409954434832,0.0,1.0,0.6669019160869719,0.6670956471214639,0.4,1.0,0.9966931167560714,0.5062985874081667,0.5,0.56
1070,1069,0.5,0.6666666666666667,0.1272727272727272,0.5073682864792736,0.5073682864792736,0.5,0.4871209668995457,0.9966996699669968,0.9862400120467224,0.0,0.9983498349834984,0.7240987665902543,0.7673241961811672,0.8,0.0,0.0101323894645145,0.6479096475204316,0.5,0.63
1071,1070,0.6,1.0,0.6909090909090909,0.5060771432497577,0.5060771432497577,1.0,0.5218441363640753,0.9983498349834984,0.99999140993185,0.0033003300330033,1.0,0.6667423097621085,0.6667596607085384,0.2,0.0,0.0032779377403662,0.4938197550719564,0.5,0.28
1072,1071,0.5,0.5185185185185186,0.3272727272727272,0.5060716291924496,0.5060716291924496,0.0,0.4669832590511127,0.995049504950495,0.9997908377900668,0.0,1.0,0.6677021933333949,0.6683805287677115,0.4,0.0,2.256994460428993e-05,0.4921291133091667,0.4867256180334678,0.64
1073,1072,0.7,0.6296296296296297,0.7818181818181819,0.5060773972732049,0.5060773972732049,0.0,0.4675487583413307,0.9966996699669968,0.9999957672923718,0.0,1.0,0.6666910810556521,0.6667078818304933,0.4,0.0,0.0012627509615329,0.4880880688512644,0.4784609265217099,0.39
1074,1073,0.5,0.8888888888888888,0.9818181818181818,0.4939225361371724,0.4939225361371724,0.0,0.4626787126348675,0.9966996699669968,0.9999963978362651,0.0,1.0,0.6666741714330391,0.6666835722040947,0.2,1.0,0.9987383572652988,0.5120459220809411,0.5215819490920331,0.48
1075,1074,0.3,0.5185185185185186,0.4545454545454545,0.5060757971516638,0.5060757971516638,0.0,0.4757848405321734,0.9933993399339934,0.999931240018606,0.0,0.9983498349834984,0.666989364221049,0.6672532959028028,0.8,1.0,0.0005852533865143,0.4938256377624465,0.5052530744540258,0.74
1076,1075,0.3,0.1111111111111111,0.0727272727272727,0.5059981984514794,0.5059981984514794,0.0,0.47296044341524,0.9933993399339934,0.9979519553727928,0.0,0.9983498349834984,0.6761322207473192,0.6827899544280892,0.8,1.0,0.9993584452788168,0.5286976481678876,0.5,0.77
1077,1076,0.3,0.2962962962962963,0.1818181818181818,0.4885351060445032,0.4885351060445032,0.0,0.4441755536805774,0.9933993399339934,0.9286121733832234,0.0,0.9983498349834984,0.7496855357216867,0.9459503744920196,0.6,1.0,2.4498145277202684e-45,0.9889810292605632,0.4835931532882393,0.68
1078,1077,0.3,0.962962962962963,0.2,0.504590518763498,0.504590518763498,0.0,0.4376254329761103,0.9917491749174916,0.9937970595128776,0.0,0.9933993399339934,0.7039614356379512,0.7212983761984413,0.8,0.0,0.0361329612940704,0.6712227527385102,0.5,0.63
1079,1078,0.4,0.4444444444444444,0.2181818181818181,0.498111299600557,0.498111299600557,0.0,0.48102247531852,0.9966996699669968,0.9887283794644032,0.0,1.0,0.695030495963094,0.7389810682586362,0.6,1.0,0.7872318776217209,0.7703490120364541,0.4399798759671987,0.57
1080,1079,0.6,0.6666666666666667,0.9818181818181818,0.4939224815208045,0.4939224815208045,0.5,0.4510801363550784,0.9966996699669968,0.9999994261006464,0.0016501650165016,0.9983498349834984,0.6666672308665879,0.6666686950194072,0.6,0.0,0.9994197303250272,0.5070530078412607,0.4947166500235436,0.56
1081,1080,0.4,0.4444444444444444,0.2181818181818181,0.4976735140961186,0.4976735140961186,0.3333333333333333,0.5307055982860684,0.9983498349834984,0.9920723091894436,0.0049504950495049,0.9966996699669968,0.7136434940891041,0.7331867125515771,0.6,1.0,0.9960991940213482,0.5865218529927256,0.5057947527690275,0.68
1082,1081,0.3,0.2962962962962963,0.4727272727272727,0.4939250394597185,0.4939250394597185,0.0,0.4758691167260435,0.9966996699669968,0.9999427409785088,0.0,1.0,0.6671250813498032,0.6672909387697764,0.8,1.0,0.9999776964935676,0.5110694318683053,0.5133791282367616,0.76
1083,1082,0.5,0.6666666666666667,0.8363636363636363,0.4939225645508939,0.4939225645508939,1.0,0.5310189404976392,0.9983498349834984,0.9999956436793938,0.0,1.0,0.666676811370647,0.6666917047242444,0.2,1.0,0.9999778864385966,0.5100282011264473,0.5134391057004927,0.44
1084,1083,0.4,0.2962962962962963,0.8363636363636363,0.4939226381093112,0.4939226381093112,0.3333333333333333,0.4638323327732101,0.995049504950495,0.9999949712630636,0.0033003300330033,0.995049504950495,0.6666956640036471,0.6667086608822249,0.6,1.0,0.0016192800425835,0.5032947365517337,0.4866595855063667,0.59
1085,1084,0.5,1.0,0.8181818181818182,0.5060773904509237,0.5060773904509237,0.0,0.4698918368173316,0.995049504950495,0.9999947981491754,0.0,0.9983498349834984,0.6666921702447575,0.6667079332400229,0.6,0.0,0.0012628681816059,0.4881679559784307,0.4784632605037576,0.62
1086,1085,0.6,0.7407407407407407,0.6909090909090909,0.5060772779028384,0.5060772779028384,0.5,0.5279453954971381,0.9983498349834984,0.9999913143422838,0.0016501650165016,0.9983498349834984,0.6667122730649983,0.6667405901869047,0.2,0.0,0.0012647104973625,0.488166981699889,0.4785294904822623,0.29
1087,1086,0.4,0.5555555555555556,0.9818181818181818,0.4939225165169136,0.4939225165169136,0.0,0.4852083842716713,0.9966996699669968,0.9999974894314574,0.0,1.0,0.66667036914314,0.666678907216544,0.4,0.0,0.0016236827727545,0.5033941277331158,0.4866330986752746,0.55
1088,1087,0.2,0.4814814814814815,0.5272727272727272,0.4939233870239731,0.4939233870239731,0.0,0.4575086571291992,0.9966996699669968,0.9999674897427032,0.0,0.9983498349834984,0.6668126225804797,0.6669068361368952,0.8,1.0,0.9967109167131664,0.506949141735818,0.5,0.55
1089,1088,0.6,0.6296296296296297,0.4181818181818181,0.493925985283101,0.493925985283101,0.0,0.4267444584539316,0.995049504950495,0.9998814297626708,0.0,0.9966996699669968,0.667238787420707,0.6675349436590867,0.4,1.0,0.9999776315093916,0.5108147327098072,0.5133561762566127,0.5
1090,1089,0.8,0.962962962962963,0.1818181818181818,0.4939696489667476,0.4939696489667476,0.8,0.5416179335497621,0.9983498349834984,0.9989966246308148,0.0082508250825082,0.9983498349834984,0.6723215818949665,0.6759310479538102,0.4,0.0,0.9979047520461738,0.5144620949472016,0.5,0.28
1091,1090,0.5,0.5555555555555556,0.1272727272727272,0.5114648939554968,0.5114648939554968,0.0,0.4587635014513221,0.9933993399339934,0.90901612317256,0.0,0.9966996699669968,0.7492452332220705,0.990801009892148,0.6,1.0,4.535450770788998e-37,0.9985807061305312,0.4705121566540147,0.71
1092,1091,0.7,0.8148148148148149,0.9818181818181818,0.5060774793674842,0.5060774793674842,0.0,0.4898994379713611,0.9966996699669968,0.9999976043318284,0.0,1.0,0.6666748671968402,0.6666837690882823,0.4,0.0,0.0012613864743134,0.4880846494797876,0.4784095454840377,0.26
1093,1092,0.3,0.5925925925925926,0.6727272727272727,0.4939228177805466,0.4939228177805466,0.0,0.4899012705601885,0.995049504950495,0.99998450613236,0.0,1.0,0.6667108087681171,0.66675877722013,0.6,0.0,0.0016127679550485,0.5037477393057626,0.4866967100028653,0.61
1094,1093,0.5,0.3703703703703703,0.109090909090909,0.5072028275308158,0.5072028275308158,0.0,0.482700406669529,0.9966996699669968,0.9860498846618664,0.0,0.9983498349834984,0.721544067094559,0.7669998664024832,0.8,1.0,0.0115973510594197,0.7294246293442233,0.5,0.68
1095,1094,0.5,0.962962962962963,0.2909090909090909,0.5060707654502323,0.5060707654502323,1.0,0.5156080583090727,0.9983498349834984,0.9997544617408076,0.0,0.9983498349834984,0.6678566714225534,0.6686589885136179,0.2,0.0,0.0013738029249409,0.4947627234052222,0.4822934022404057,0.35
1096,1095,0.6,1.0,0.2,0.4885351060673388,0.4885351060673388,0.6666666666666666,0.5621257392156691,0.9983498349834984,0.9646382502879388,0.0049504950495049,0.9983498349834984,0.8688176048023013,0.9654632852626231,0.4,0.0,0.9999999999999432,0.6647043014646306,0.5,0.22
1097,1096,0.5,0.7037037037037037,0.3090909090909091,0.4939282568278754,0.4939282568278754,0.0,0.4978493297989956,0.9966996699669968,0.9996983771000588,0.0,1.0,0.66731928475055,0.6682406581000118,0.4,0.0,0.9994023114652528,0.5147823537779277,0.4947999779604634,0.61
1098,1097,0.5,0.5925925925925926,0.3818181818181818,0.4939265930433503,0.4939265930433503,0.0,0.48047727963198,0.995049504950495,0.9998112526515982,0.0,1.0,0.6672097048020776,0.6677406995211174,0.6,1.0,0.0014880432647755,0.5064712286085511,0.4874647338178638,0.52
1099,1098,0.6,1.0,0.2545454545454545,0.4939335779688677,0.4939335779688677,0.6666666666666666,0.541833750208176,0.9983498349834984,0.9998032239620634,0.0016501650165016,0.9966996699669968,0.668484320924396,0.6692460653751439,0.4,1.0,0.9993855895530908,0.5077049387608173,0.4948773456151741,0.4
1100,1099,0.4,0.3703703703703703,0.109090909090909,0.506844839353645,0.506844839353645,0.5,0.5023293435862626,0.9983498349834984,0.9855203177711724,0.0,0.9966996699669968,0.7224279390465176,0.7648457654798193,0.2,1.0,0.4783737328045701,0.6716778980484523,0.5,0.68
1101,1100,0.4,0.7407407407407407,0.3272727272727272,0.4939271329077369,0.4939271329077369,0.3333333333333333,0.4377387099087834,0.995049504950495,0.9998665374292776,0.0016501650165016,0.9933993399339934,0.6674543193998763,0.6677986629179418,0.6,1.0,0.9994058831300776,0.50847615373826,0.4947900651139358,0.72
1102,1101,0.5,0.7407407407407407,0.3454545454545454,0.506072743649635,0.506072743649635,0.5,0.5552838486751717,0.9983498349834984,0.9998899984679184,0.0,0.9983498349834984,0.6675504304047223,0.6679911716805436,0.4,0.0,0.0013404320961734,0.4932723601428193,0.4812047976280417,0.45
1103,1102,0.4,0.5555555555555556,0.1272727272727272,0.4939420348649112,0.4939420348649112,0.0,0.4674786249564265,0.9966996699669968,0.9995870584848354,0.0,0.9983498349834984,0.6696852641185662,0.6710820246451356,0.8,1.0,0.9984066047578212,0.5194908950614083,0.5113682694430951,0.8
1104,1103,0.6,0.4814814814814815,0.1818181818181818,0.4885351060445032,0.4885351060445032,0.0,0.4329109138221864,0.995049504950495,0.9426560097836854,0.0,0.995049504950495,0.9003511458613732,0.9988674338653678,0.8,1.0,1.0,0.8289506816535437,0.5111233361121472,0.59
1105,1104,0.5,0.6296296296296297,0.7818181818181819,0.506077381845737,0.506077381845737,0.0,0.4532062401584259,0.995049504950495,0.9999926381891248,0.0,1.0,0.6666916459441788,0.6667176932581674,0.6,1.0,0.0032729082635625,0.4938729090095684,0.5,0.68
1106,1105,0.3,0.4074074074074074,0.2545454545454545,0.4939298222837027,0.4939298222837027,0.0,0.4082404480448393,0.9917491749174916,0.9997753559463364,0.0,0.9917491749174916,0.6679788113252536,0.668431180867095,0.8,1.0,0.9993974057194548,0.506949188704684,0.494828532295327,0.7
1107,1106,0.5,0.7037037037037037,0.6363636363636364,0.5060768790245531,0.5060768790245531,0.6666666666666666,0.4364199315231656,0.9966996699669968,0.9999862714027968,0.0082508250825082,0.9966996699669968,0.6667970078435652,0.6668372780368049,0.4,1.0,0.0012713369098118,0.4881556109118926,0.4787725453300673,0.53
1108,1107,0.5,0.7777777777777778,0.0909090909090909,0.5114648939499965,0.5114648939499965,0.0,0.448873658960676,0.995049504950495,0.9226226243357116,0.0,1.0,0.7759638553330164,0.9985088180263204,0.6,1.0,1.4238362630997688e-10,0.9488145921547816,0.4939571342046879,0.71
1109,1108,0.7,0.8888888888888888,0.1272727272727272,0.4918397290459595,0.4918397290459595,0.0,0.4496552384438605,0.995049504950495,0.986980072460618,0.0,1.0,0.7404463836043281,0.7715599306204375,0.4,0.0,0.6386077966490512,0.755147210831135,0.5,0.33
1110,1109,0.6,0.4814814814814815,0.1818181818181818,0.4885351062119428,0.4885351062119428,1.0,0.5010481376754956,0.9983498349834984,0.9657864502868624,0.0,1.0,0.8450958646016229,0.9890571506855887,0.6,1.0,5.1475671244336016e-11,0.9265120227224242,0.4934678290178492,0.41
1111,1110,0.9,0.8148148148148149,0.0727272727272727,0.4940074545829702,0.4940074545829702,1.0,0.5237496936440025,0.9983498349834984,0.9981255327073568,0.0066006600660066,1.0,0.6756014997099051,0.6805444302772407,0.2,0.0,0.0006239456278947,0.5468454800837408,0.5,0.17
1112,1111,0.6,0.5555555555555556,0.8363636363636363,0.4939225726562266,0.4939225726562266,0.0,0.4418000026642853,0.995049504950495,0.9999947239220583,0.0,1.0,0.6666791035796482,0.6666937330153593,0.2,0.0,0.0016216341943628,0.5034288931013934,0.486644879573947,0.46
1113,1112,0.3,0.5555555555555556,0.8363636363636363,0.4939225888012839,0.4939225888012839,0.5,0.5405340032620958,0.9983498349834984,0.9999958742537036,0.0,0.9983498349834984,0.6666847074839137,0.6666965748859786,0.4,0.0,0.0016210605322511,0.503370531032693,0.4866485850840751,0.4
1114,1113,0.6,0.6296296296296297,0.1636363636363636,0.5114648939554486,0.5114648939554486,1.0,0.501247489414453,0.9983498349834984,0.9215816607505384,0.0,1.0,0.8093256651438748,0.999070298116825,0.4,1.0,4.1053276048433087e-19,0.7193807266736251,0.5,0.5
1115,1114,0.6,0.962962962962963,0.1636363636363636,0.4940878771330872,0.4940878771330872,0.5,0.5626870439412999,0.9983498349834984,0.9980607386287508,0.0,0.9983498349834984,0.6811548638026891,0.6875554535559265,0.4,0.0,0.9999521805982212,0.5424844340868791,0.5128037984946261,0.36
1116,1115,0.3,0.7037037037037037,0.9636363636363636,0.4939225409514389,0.4939225409514389,0.5,0.4144775891474206,0.9966996699669968,0.9999978249758112,0.0033003300330033,0.9966996699669968,0.666678836070944,0.6666833241181032,0.6,0.0,0.9999778881977904,0.5099455646845871,0.5134392658653275,0.4
1117,1116,0.4,0.4814814814814815,0.1818181818181818,0.4885351060445032,0.4885351060445032,0.0,0.4651698135476786,0.9933993399339934,0.9081583988217838,0.0,1.0,0.811737171018675,0.9999524504733238,0.8,1.0,1.9272615613700406e-26,0.9983001277978392,0.4798026940941217,0.65
1118,1117,0.6,0.7037037037037037,0.6181818181818182,0.4939228946157445,0.4939228946157445,0.5,0.4490283137184506,0.9966996699669968,0.999987755236161,0.0066006600660066,0.9983498349834984,0.6667394884859535,0.6667713135389113,0.4,1.0,0.9987324460821554,0.5120956414658698,0.5213700552542885,0.57
1119,1118,0.6,0.5925925925925926,0.2363636363636363,0.5053933513104102,0.5053933513104102,0.0,0.4915258440614944,0.9966996699669968,0.993777635393643,0.0,1.0,0.6958606671193561,0.7173433230331607,0.4,1.0,0.0181505389932256,0.5099166168302025,0.5,0.42
1120,1119,0.3,0.962962962962963,0.1272727272727272,0.488541144742712,0.488541144742712,0.0,0.4535857380952629,0.9966996699669968,0.9719204871451246,0.0,1.0,0.7799750839267422,0.8878044771487411,0.6,1.0,0.9999732173153948,0.8384304417016879,0.5626358054436936,0.47
1121,1120,0.2,0.1111111111111111,0.1818181818181818,0.50601469219839,0.50601469219839,0.0,0.4315216084707255,0.9933993399339934,0.9978634807369796,0.0,0.9983498349834984,0.6745124986151063,0.6800332272753727,0.6,1.0,0.0046288800483205,0.5307079696270689,0.5,0.67
1122,1121,0.2,0.4444444444444444,0.2181818181818181,0.4962817342885743,0.4962817342885743,0.0,0.4318333432926571,0.995049504950495,0.986008009143528,0.0,1.0,0.6911716162460836,0.7308894765374828,0.8,1.0,0.9805338485116016,0.7475524006102483,0.4945121179902259,0.78
1123,1122,0.5,0.962962962962963,0.5636363636363636,0.493924189552115,0.493924189552115,0.5,0.5079786634885428,0.9983498349834984,0.999969190123618,0.0115511551155115,0.995049504950495,0.6670067566858391,0.667074382277389,0.2,1.0,0.9999777666370544,0.5104015253801171,0.5133966852991346,0.5
1124,1123,0.5,0.1111111111111111,0.1818181818181818,0.5060196601737311,0.5060196601737311,0.0,0.4549580112704129,0.9933993399339934,0.9979352440483816,0.0,1.0,0.674236181216894,0.6789336458973201,0.6,1.0,0.0022970844575451,0.5422031395586802,0.5,0.66
1125,1124,0.7,0.6296296296296297,0.1636363636363636,0.5114648939554968,0.5114648939554968,1.0,0.5155550140643962,0.9983498349834984,0.9441537590968836,0.0,1.0,0.8985846404126736,0.9991513775279496,0.4,0.0,1.0,0.7770436864765298,0.5229758490025752,0.4
1126,1125,0.5,0.5185185185185186,0.8909090909090909,0.506077505439257,0.506077505439257,0.6,0.529480882412718,0.9983498349834984,0.9999991110929506,0.0049504950495049,0.9966996699669968,0.6666704881422356,0.6666722992741497,0.8,1.0,2.2108572190369148e-05,0.4900421230943482,0.4865592990872089,0.66
1127,1126,0.4,0.5925925925925926,0.6727272727272727,0.4939229008887584,0.4939229008887584,1.0,0.5139786918020164,0.9983498349834984,0.9999812046745112,0.0,1.0,0.6667281936900487,0.6667802163802046,0.8,1.0,0.9999778621683438,0.5103018984730036,0.5134318391504883,0.57
1128,1127,0.5,0.6666666666666667,0.9818181818181818,0.493922477890317,0.493922477890317,1.0,0.5110879284247698,0.9983498349834984,0.9999989082395284,0.0,1.0,0.6666656128333628,0.6666684839005073,0.8,0.0,0.9987393184312976,0.5120066544363955,0.5216170090501099,0.51
1129,1128,0.6,0.7037037037037037,0.6181818181818182,0.493922962934517,0.493922962934517,0.0,0.475330977358306,0.995049504950495,0.9999822512519504,0.0,0.9983498349834984,0.6667326609181375,0.6667937108407014,0.8,0.0,0.9967198091250228,0.5064552778518074,0.5,0.44
1130,1129,0.4,0.4074074074074074,0.1818181818181818,0.4941015208887069,0.4941015208887069,0.0,0.4958925100019181,0.9966996699669968,0.9957406128676428,0.0,1.0,0.6763594720169672,0.6911611208842796,0.4,1.0,0.0004525257786569,0.6045197025018421,0.5,0.49
1131,1130,0.5,0.5555555555555556,0.0363636363636363,0.4939767516159392,0.4939767516159392,0.0,0.4748008568483495,0.995049504950495,0.9984919048645072,0.0,0.9983498349834984,0.6715670872984348,0.6771538562923348,0.6,0.0,0.9955491497061658,0.5264576340428992,0.5,0.64
1132,1131,0.3,0.1111111111111111,0.1818181818181818,0.5060300017471897,0.5060300017471897,0.0,0.494566757634418,0.9966996699669968,0.9985189910634288,0.0,1.0,0.6734284001263653,0.6770708710786554,0.8,1.0,0.9991820802857684,0.4896843027122948,0.506644613889419,0.52
1133,1132,0.8,0.8148148148148149,0.0727272727272727,0.4940407388962111,0.4940407388962111,0.5,0.5901011421858675,0.9983498349834984,0.9975881212647648,0.0066006600660066,0.9983498349834984,0.6770415766204726,0.6837805515245563,0.0,0.0,0.9941555988733124,0.5215577393159072,0.5,0.14
1134,1133,0.4,0.3703703703703703,0.109090909090909,0.5041910583313756,0.5041910583313756,0.25,0.4530896300145943,0.995049504950495,0.9920546775017244,0.0016501650165016,0.9884488448844884,0.7299228235522791,0.7511161293961525,0.8,1.0,0.9295739170381584,0.5220957599561031,0.4910255598237898,0.94
1135,1134,0.5,0.925925925925926,1.0,0.4939224819899269,0.4939224819899269,1.0,0.5433011012988982,0.9983498349834984,0.9999993907791536,0.0033003300330033,1.0,0.666667514803933,0.6666690558123852,0.6,1.0,0.9967299844017554,0.5062685239600087,0.5,0.44
1136,1135,0.6,0.6296296296296297,0.7818181818181819,0.5060773882969128,0.5060773882969128,0.6666666666666666,0.5608383787424196,0.9983498349834984,0.9999971194994632,0.0049504950495049,1.0,0.6666936919041847,0.6667014056668084,0.4,1.0,0.0005806492365748,0.4929654944590712,0.5052811694213336,0.44
1137,1136,0.2,0.0,0.5454545454545454,0.493923886161276,0.493923886161276,0.0,0.4627088057323691,0.9884488448844884,0.9999357529905334,0.0,0.995049504950495,0.6668476693549091,0.6670372667314993,1.0,1.0,0.9967002723062592,0.5067148163082571,0.5,0.84
1138,1137,0.7,0.5925925925925926,0.4727272727272727,0.5060748629423196,0.5060748629423196,0.0,0.4864015349133028,0.9966996699669968,0.9999339969735588,0.0,0.9983498349834984,0.6671734940345325,0.667363309809751,0.2,1.0,2.230639843323544e-05,0.4913212952119813,0.4866375060448667,0.42
1139,1138,0.3,0.5925925925925926,0.6727272727272727,0.4939228180373679,0.4939228180373679,0.3333333333333333,0.490723886951378,0.995049504950495,0.9999884886751398,0.0,0.9966996699669968,0.6667301590186554,0.6667519675121405,0.8,0.0,0.9987336843433998,0.5120298081124854,0.5214124326645948,0.61
1140,1139,0.6,0.8888888888888888,0.4909090909090909,0.5060748437549578,0.5060748437549578,0.0,0.4910572433688109,0.9966996699669968,0.999892781560932,0.0,1.0,0.667148342357945,0.6675044633038327,0.2,1.0,0.9984678288512044,0.5007264071706952,0.5127967176685824,0.38
1141,1140,0.5,0.7037037037037037,0.9454545454545454,0.5060774930922418,0.5060774930922418,1.0,0.5013981767831948,0.9983498349834984,0.9999981851273,0.0,1.0,0.6666719532398199,0.6666783823534627,0.4,0.0,0.9983759575632554,0.4967134823457471,0.5133687026374486,0.28
1142,1141,0.4,0.7037037037037037,0.3090909090909091,0.4939272797927705,0.4939272797927705,0.0,0.4666632336364599,0.995049504950495,0.9997624941698952,0.0,1.0,0.667153026499464,0.6679430970503446,0.6,0.0,0.0014681274343728,0.5082776383666262,0.4875832923909434,0.52
1143,1142,0.5,0.6296296296296297,0.0727272727272727,0.5060466253190037,0.5060466253190037,1.0,0.5010422474480392,0.9983498349834984,0.99883073267375,0.0,1.0,0.6713655844072889,0.6748511711332934,0.6,1.0,0.0006804298416321,0.5115615898986506,0.5,0.55
1144,1143,0.5,0.7037037037037037,0.9636363636363636,0.4939225535255811,0.4939225535255811,1.0,0.5366418698798654,0.9983498349834984,0.9999970613371648,0.0,1.0,0.6666778507277593,0.6666876788952562,0.4,0.0,0.9967284711296288,0.5063052387736081,0.5,0.4
1145,1144,0.4,0.2962962962962963,0.8363636363636363,0.4939226665720684,0.4939226665720684,1.0,0.5605891949589201,0.9983498349834984,0.9999955911643104,0.0049504950495049,1.0,0.6666993037824058,0.6667158517454286,0.6,0.0,0.9994191961808684,0.50714752802808,0.4947196726591329,0.38
1146,1145,0.5,0.7777777777777778,0.2,0.5011957593951215,0.5011957593951215,0.0,0.4702622968538038,0.9933993399339934,0.988250240494931,0.0,0.9983498349834984,0.7153458125580388,0.7489564868255097,0.8,1.0,0.2409007510099633,0.7147526118806299,0.5658431928384267,0.77
1147,1146,0.4,0.4444444444444444,0.2181818181818181,0.4980538727228527,0.4980538727228527,1.0,0.5039815733432026,0.9983498349834984,0.9911474369302768,0.0,1.0,0.7048776101781731,0.736252047658931,0.6,1.0,0.0011240306198952,0.7249160366433403,0.5,0.68
1148,1147,0.6,0.4074074074074074,0.2545454545454545,0.4939312039858381,0.4939312039858381,0.0,0.4194611790445839,0.9966996699669968,0.9996910478606844,0.0,0.9983498349834984,0.6679956225740592,0.6687889825152254,0.4,1.0,0.9965443923488844,0.5102952717539916,0.5,0.5
1149,1148,0.5,0.5185185185185186,0.8909090909090909,0.5060775044276364,0.5060775044276364,0.0,0.4263694785102466,0.9933993399339934,0.9999986785666118,0.0,0.9983498349834984,0.6666706151618698,0.6666738571777839,0.6,1.0,0.0012609767586825,0.488046736165277,0.4783943681393535,0.68
1150,1149,0.4,0.8888888888888888,0.9818181818181818,0.5060774511047739,0.5060774511047739,0.0,0.4907194255843971,0.9966996699669968,0.9999960420149074,0.0,1.0,0.6666798465432823,0.6666911835682059,0.8,1.0,0.9983775008088328,0.4967997618620053,0.5133591510703204,0.46
1151,1150,0.4,0.7407407407407407,0.3454545454545454,0.5060727641142432,0.5060727641142432,0.0,0.4710829661033628,0.9966996699669968,0.99983479776157,0.0,1.0,0.6675475299302848,0.6680126445403962,0.4,0.0,0.0013401525031631,0.4927429544925963,0.4811892908986231,0.48
1152,1151,0.6,0.6666666666666667,0.8363636363636363,0.4939225547461756,0.4939225547461756,0.6666666666666666,0.5392629067195229,0.9983498349834984,0.9999977768534858,0.0049504950495049,0.9983498349834984,0.66668039245826,0.6666868074927705,0.4,0.0,0.9999778868894686,0.5100166434751661,0.513439298055995,0.43
1153,1152,0.4,0.7037037037037037,0.2727272727272727,0.50607118092307,0.50607118092307,0.0,0.4583221610304402,0.9966996699669968,0.9998171808894496,0.0,1.0,0.6678343149071729,0.6684634712030607,0.6,1.0,0.0005991404977448,0.497781078778739,0.5051817770731106,0.45
1154,1153,0.4,0.3703703703703703,0.109090909090909,0.508058570221287,0.508058570221287,0.5,0.5079056881794968,0.9983498349834984,0.9875677071636731,0.0,0.9983498349834984,0.7264289541253649,0.7695189932629525,0.6,1.0,0.3739485803740984,0.689723647009244,0.5,0.81
1155,1154,0.4,0.4074074074074074,0.1454545454545454,0.4890990730615906,0.4890990730615906,0.0,0.4886137322992883,0.9966996699669968,0.9812044261713584,0.0,1.0,0.7459193431503458,0.8194173401695636,0.6,1.0,0.9233015668671845,0.7697015539935139,0.5,0.28
1156,1155,0.6,0.8518518518518519,1.0,0.5060775246648004,0.5060775246648004,1.0,0.5257821348128304,0.9983498349834984,0.999999510093755,0.0016501650165016,1.0,0.6666665462064689,0.6666678211246221,0.4,0.0,0.0005802507826771,0.4929765891371211,0.5052834204626382,0.4
1157,1156,0.4,0.5555555555555556,0.1272727272727272,0.4939395621795137,0.4939395621795137,0.0,0.4584015355590599,0.995049504950495,0.999360921741623,0.0,1.0,0.6686129666369431,0.6707645500512642,0.6,0.0,0.9999763718074554,0.5247734472628333,0.5131636137119652,0.4
1158,1157,0.3,0.8888888888888888,0.1636363636363636,0.5059947452691133,0.5059947452691133,0.0,0.4600076603517531,0.9966996699669968,0.9980935603893591,0.0,0.9983498349834984,0.6767024045798525,0.6814544276677409,0.8,1.0,0.002788805083857,0.5075462002419164,0.5092284970688471,0.82
1159,1158,0.6,0.5555555555555556,0.4909090909090909,0.5060762981079794,0.5060762981079794,0.0,0.4839089721019891,0.9966996699669968,0.9999668828050716,0.0049504950495049,0.9983498349834984,0.6669081449215191,0.6669803825171902,0.4,1.0,0.0012808812896456,0.4883900470246286,0.4791137267018229,0.35
1160,1159,0.3,0.3333333333333333,0.109090909090909,0.5060430794047143,0.5060430794047143,0.0,0.4687195447647601,0.9917491749174916,0.9989409586303596,0.0,1.0,0.6717120840696744,0.6753025531349613,0.8,1.0,0.9990642173773744,0.5342526791641071,0.5077449378554166,0.68
1161,1160,0.2,0.4444444444444444,0.0909090909090909,0.4885404742865306,0.4885404742865306,0.0,0.490520062726084,0.9966996699669968,0.971131170783887,0.0,1.0,0.7836722592326534,0.8782757953441883,0.8,1.0,0.0036882978889392,0.9327478326151296,0.4767470162372635,0.6
1162,1161,0.6,0.6296296296296297,0.0727272727272727,0.5060483552694016,0.5060483552694016,0.0,0.317326089336803,0.9966996699669968,0.9994170495206196,0.0,0.995049504950495,0.6715933994866611,0.672786046170801,0.6,1.0,2.4968207901988345e-05,0.5026021726607409,0.4871575437525091,0.45
1163,1162,0.3,0.3333333333333333,0.109090909090909,0.506038959242095,0.506038959242095,0.0,0.4384290255528866,0.995049504950495,0.9985559094906796,0.0,1.0,0.6722124667858014,0.676797168312246,0.4,0.0,0.0007087453353197,0.5295155466477504,0.5,0.6
1164,1163,0.5,0.1111111111111111,0.0727272727272727,0.5059300705931187,0.5059300705931187,0.0,0.4605959749087366,0.995049504950495,0.9978323508566564,0.0016501650165016,0.995049504950495,0.681873961265657,0.6888164861610947,0.4,1.0,0.0041661787241425,0.4999218912426105,0.5212779496410784,0.55
1165,1164,0.4,0.4814814814814815,0.1818181818181818,0.4885351106892123,0.4885351106892123,0.0,0.4672476047957848,0.995049504950495,0.9636636574622004,0.0,0.9983498349834984,0.8265875918358151,0.9708550688536628,0.6,0.0,0.9999999999996588,0.735187554087438,0.5510473373582145,0.67
1166,1165,0.6,0.6296296296296297,0.1636363636363636,0.5114648939554888,0.5114648939554888,0.6666666666666666,0.5177138199442266,0.9983498349834984,0.9643709657417522,0.0033003300330033,0.9966996699669968,0.9034195397669444,0.997956414999942,0.2,0.0,1.0,0.9172365664364412,0.5,0.39
1167,1166,0.6,0.6296296296296297,0.0909090909090909,0.4927905193679521,0.4927905193679521,1.0,0.512124956450767,0.9983498349834984,0.9838735617299346,0.0,1.0,0.7356418559494058,0.7833868821987883,0.6,1.0,0.8363769447129968,0.7613078920673056,0.5648313845268682,0.48
1168,1167,0.3,0.1111111111111111,0.1818181818181818,0.5059994610958403,0.5059994610958403,0.0,0.4698397547141236,0.995049504950495,0.9976685004114484,0.0,1.0,0.6758402794252345,0.6831007275258216,0.8,1.0,3.188383678801379e-05,0.5460549886309014,0.487769333748587,0.72
1169,1168,0.5,0.6296296296296297,0.0727272727272727,0.5060502702033223,0.5060502702033223,0.875,0.5094837623434108,0.9983498349834984,0.9994356266587792,0.0115511551155115,0.9966996699669968,0.671365728082738,0.6723012634713101,0.4,1.0,0.0038545935733221,0.498688936626159,0.5,0.38
1170,1169,0.5,0.7037037037037037,0.2,0.4939343810161906,0.4939343810161906,0.0,0.483254103379383,0.9933993399339934,0.999468520269964,0.0,1.0,0.6679027459064126,0.6696177887130546,0.6,1.0,0.9985380971563736,0.5139240137138549,0.5150722593274877,0.45
1171,1170,0.8,0.7777777777777778,0.509090909090909,0.5060759554738763,0.5060759554738763,1.0,0.540550190413255,0.9983498349834984,0.9999593780852928,0.0033003300330033,1.0,0.6669744238178333,0.6671086502096402,0.2,0.0,0.0033027685630246,0.4946512548842585,0.5,0.15
1172,1171,0.7,0.6666666666666667,0.9818181818181818,0.4939224783840338,0.4939224783840338,0.6666666666666666,0.4202106221937747,0.995049504950495,0.999999236459086,0.0082508250825082,0.9983498349834984,0.6666665040773291,0.6666680810403095,0.6,1.0,0.9999778925210632,0.5099812449749987,0.5134413182244988,0.63
1173,1172,0.4,0.2962962962962963,0.4727272727272727,0.4939250399510172,0.4939250399510172,1.0,0.5297495742593408,0.9983498349834984,0.9999279756505424,0.0,1.0,0.6670121483405502,0.6673241532029132,0.8,1.0,0.9986967954574322,0.5134676166449923,0.520098189710786,0.43
1174,1173,0.7,0.7407407407407407,0.3454545454545454,0.5060728918105113,0.5060728918105113,1.0,0.5415397878658311,0.9983498349834984,0.999842688127654,0.0,0.9983498349834984,0.667529339272754,0.6681797766251412,0.2,0.0,2.2449777059877745e-05,0.4933307056531271,0.4866904216303279,0.49
1175,1174,0.6,0.7777777777777778,0.0909090909090909,0.5114596701908581,0.5114596701908581,1.0,0.5050242423201912,0.9983498349834984,0.965563916295676,0.0,1.0,0.7469914146860118,0.8494800484964588,0.2,1.0,0.9986360346525096,0.9192360100847626,0.5183599041813356,0.49
1176,1175,0.4,0.5555555555555556,0.8363636363636363,0.4939225984919821,0.4939225984919821,0.0,0.3776603190439702,0.9933993399339934,0.999995784518974,0.0,0.995049504950495,0.6666909309265072,0.6666979734287489,0.6,1.0,0.0016207301870852,0.5033980147597689,0.4866505422027155,0.64
1177,1176,0.5,0.2962962962962963,0.4727272727272727,0.4939245894724783,0.4939245894724783,0.25,0.4326311288912791,0.995049504950495,0.9999558311371592,0.0033003300330033,0.9917491749174916,0.667059440633915,0.6671888336649408,0.4,1.0,0.9966853445010044,0.5064375854223605,0.5,0.62
1178,1177,0.4,0.4444444444444444,0.0909090909090909,0.4885986326905173,0.4885986326905173,0.4,0.4611985211789949,0.9966996699669968,0.9870869232081848,0.0049504950495049,0.9933993399339934,0.7764336350747082,0.8049897143419519,0.2,0.0,0.2110469185564309,0.6170202916413052,0.4814836046054846,0.56
1179,1178,0.6,0.7037037037037037,0.6363636363636364,0.5060768844609607,0.5060768844609607,0.0,0.419630813465543,0.9966996699669968,0.9999852968202068,0.0,0.9966996699669968,0.6667933069682908,0.6668396951268263,0.4,0.0,0.0032834320032401,0.4940846306859432,0.5,0.47
1180,1179,0.6,0.5555555555555556,0.9818181818181818,0.4939225127701072,0.4939225127701072,0.3333333333333333,0.4730027185032732,0.995049504950495,0.9999977144778976,0.0,0.9983498349834984,0.6666706813434071,0.666677063068472,0.4,0.0,0.9999778901270704,0.5100026437674773,0.5134404494337363,0.55
1181,1180,0.5,0.7407407407407407,0.1636363636363636,0.5060621116267245,0.5060621116267245,0.75,0.4976558143586096,0.9966996699669968,0.9996811729970486,0.0049504950495049,0.9983498349834984,0.6694544387690253,0.6702738392491205,0.4,1.0,2.346381530332113e-05,0.4933270659267767,0.4869104240985999,0.51
1182,1181,0.6,0.5555555555555556,0.1272727272727272,0.5114648939554968,0.5114648939554968,0.6666666666666666,0.5173481030665985,0.9983498349834984,0.9340456388666486,0.0033003300330033,0.9933993399339934,0.7593408635527837,0.934747369826069,0.4,1.0,1.0666349842040756e-66,0.8497945911141469,0.4654244423547102,0.5
1183,1182,0.5,0.6666666666666667,0.1272727272727272,0.5088970835121914,0.5088970835121914,0.0,0.468535581240423,0.9966996699669968,0.9823473317193504,0.0,1.0,0.72097166591713,0.7760205172124108,0.6,1.0,0.0752890897704456,0.7764241306667649,0.441139701012153,0.6
1184,1183,0.3,0.0,0.5454545454545454,0.4939240464501919,0.4939240464501919,1.0,0.503120890259689,0.9983498349834984,0.9999409178642702,0.0,1.0,0.6669035541375806,0.6670684522281363,0.4,1.0,0.9994150684253712,0.5081721909721322,0.4947413046398194,0.67
1185,1184,0.3,0.4814814814814815,0.5272727272727272,0.4939234131438061,0.4939234131438061,0.0,0.4027003114538786,0.9933993399339934,0.99997227952449,0.0,0.995049504950495,0.6668490789856875,0.6668978311110391,0.8,1.0,0.0015918270526331,0.5035793194137783,0.4868232321628969,0.93
1186,1185,0.6,0.7777777777777778,0.0909090909090909,0.5114648806359197,0.5114648806359197,1.0,0.5219656555073942,0.9983498349834984,0.9621878231331016,0.0,1.0,0.7593750924462384,0.9128002363974372,0.6,0.0,1.2419228783603115e-09,0.9038374031505716,0.5058287180931538,0.46
1187,1186,0.5,0.5925925925925926,0.8363636363636363,0.5060774441185548,0.5060774441185548,0.0,0.4911290172853698,0.995049504950495,0.9999955327645644,0.0,1.0,0.6666806909542546,0.6666951918806868,0.6,1.0,0.9983777620155142,0.4967220709092049,0.5133576862337774,0.53
1188,1187,0.5,0.5555555555555556,0.9636363636363636,0.49392248648422,0.49392248648422,0.3333333333333333,0.4682447385310945,0.9966996699669968,0.9999989510120976,0.0,0.9983498349834984,0.6666680249106475,0.666670325703262,0.4,1.0,0.0016247783985741,0.5033623741786113,0.4866266362677202,0.46
1189,1188,0.2,0.1111111111111111,0.1818181818181818,0.5059961364978407,0.5059961364978407,1.0,0.5046590037030152,0.9983498349834984,0.9977588492058928,0.0,1.0,0.6762409548049355,0.6837274494675779,0.8,1.0,0.0027624704585763,0.5217264100569143,0.5092312659368071,0.83
1190,1189,0.5,0.6296296296296297,0.6,0.5060768430499276,0.5060768430499276,0.0,0.4244279495410186,0.9933993399339934,0.9999722612776556,0.0,0.9983498349834984,0.6667951056088421,0.6668779199205199,0.6,1.0,0.0005822348645606,0.4936081066280814,0.5052714099236998,0.38
1191,1190,0.3,0.5555555555555556,0.9636363636363636,0.4939224852141598,0.4939224852141598,0.0,0.396719782963529,0.9966996699669968,0.999999102689589,0.0016501650165016,0.995049504950495,0.6666679168188652,0.6666696586167533,1.0,1.0,0.9999778920650184,0.5099862390628633,0.5134411239051534,0.82
1192,1191,0.5,0.7037037037037037,0.6363636363636364,0.5060769566353381,0.5060769566353381,0.5,0.4930644756266867,0.9966996699669968,0.9999838370448962,0.0016501650165016,0.9983498349834984,0.6667748745573773,0.6668185518702886,0.4,0.0,0.0032818529580778,0.4940690113336819,0.5,0.28
1193,1192,0.5,0.962962962962963,0.2,0.4946955642051371,0.4946955642051371,1.0,0.5006375165638758,0.9983498349834984,0.992633530856375,0.0,1.0,0.6831442173690707,0.7119208772513386,0.6,1.0,0.9772743109606532,0.7216388447700234,0.4500420914654418,0.71
1194,1193,0.5,0.8888888888888888,0.1818181818181818,0.4885351060445032,0.4885351060445032,1.0,0.5107735630990624,0.9983498349834984,0.9506053888877,0.0016501650165016,0.9983498349834984,0.8758903327170562,0.9999146145762964,0.4,0.0,1.0,0.8794256612745491,0.5481362937192045,0.38
1195,1194,0.3,0.0,0.5454545454545454,0.4939240489382815,0.4939240489382815,1.0,0.5328721284345446,0.9983498349834984,0.9999443782361112,0.0,1.0,0.6668633394582357,0.6670746689135528,0.8,1.0,0.0015705055483122,0.5041664028256574,0.4869507547970506,0.82
1196,1195,0.7,0.5925925925925926,0.4727272727272727,0.5060741050747732,0.5060741050747732,0.0,0.4838463794808555,0.995049504950495,0.999852973086044,0.0,1.0,0.6672713999892607,0.6676534453458172,0.2,0.0,0.998490640832029,0.4960777751426956,0.512667975952235,0.42
1197,1196,0.4,0.8148148148148149,0.6363636363636364,0.5060770428430663,0.5060770428430663,0.0,0.48167419177325,0.9966996699669968,0.9999780526111536,0.0,1.0,0.6667533412691347,0.6668236614915124,0.6,1.0,0.001268567775761,0.4882233137598267,0.4786756126815353,0.49
1198,1197,0.5,0.8148148148148149,0.8545454545454545,0.506077433477613,0.506077433477613,1.0,0.5139866526115211,0.9983498349834984,0.9999966348669576,0.0,1.0,0.6666838134598506,0.6666934739849496,0.4,0.0,0.0012621403176429,0.4880238773002651,0.4784367075596753,0.28
1199,1198,0.4,0.7037037037037037,0.9090909090909092,0.4939224924942278,0.4939224924942278,0.0,0.4953810725702019,0.995049504950495,0.9999987316664678,0.0,0.9983498349834984,0.6666676616026292,0.6666718334853184,0.4,0.0,0.9994196982069362,0.5070581608635614,0.4947168345838438,0.44
1200,1199,0.7,0.7037037037037037,0.109090909090909,0.5060588320531576,0.5060588320531576,0.0,0.4669619364889442,0.9966996699669968,0.999327938851722,0.0,1.0,0.6696731394598414,0.6722101214277446,0.4,1.0,0.0015789306373428,0.4929730075110972,0.4880998945208108,0.49
1201,1200,0.4,0.5925925925925926,0.1818181818181818,0.5043512865601039,0.5043512865601039,0.0,0.441865903869635,0.9917491749174916,0.990049341952606,0.0,0.9983498349834984,0.704142913841949,0.7325711377295501,0.8,1.0,0.0417978066514344,0.3555688895963181,0.5,0.47
1202,1201,0.6,0.5925925925925926,0.2727272727272727,0.5060680744100698,0.5060680744100698,0.5555555555555556,0.5813284510553183,0.9983498349834984,0.9998303811620898,0.0066006600660066,0.9933993399339934,0.6684132527310974,0.6688630738234758,0.2,0.0,0.00141899477184,0.4902790737942626,0.4837095353387612,0.38
1203,1202,0.7,0.7037037037037037,0.9090909090909092,0.4939224921735186,0.4939224921735186,0.75,0.5579463475300426,0.9983498349834984,0.999999013511994,0.0099009900990099,0.9966996699669968,0.6666689115115514,0.666671514392322,0.2,0.0,0.9994196987118248,0.5070387473301146,0.4947168392728807,0.28
1204,1203,0.2,0.1111111111111111,0.0727272727272727,0.5059801620812384,0.5059801620812384,0.0,0.4332456436756631,0.9917491749174916,0.9977719663600824,0.0,0.99009900990099,0.6785549897794286,0.6836256837370043,1.0,1.0,3.5082599812601694e-05,0.5100214731771564,0.4875861184976845,0.84
1205,1204,0.5,0.2962962962962963,0.8363636363636363,0.4939226655923064,0.4939226655923064,0.0,0.4937959562578571,0.9966996699669968,0.9999948840941764,0.0049504950495049,0.9983498349834984,0.6667016935880484,0.6667133601113929,0.6,1.0,0.9994191913077431,0.5070757582167413,0.494719752766207,0.42
1206,1205,0.5,0.925925925925926,0.7090909090909091,0.49392279969164,0.49392279969164,1.0,0.5785703419917745,0.9983498349834984,0.9999906873274316,0.0066006600660066,0.9983498349834984,0.6667280038797843,0.666748569001748,0.4,1.0,0.9994187945152732,0.507234982072617,0.4947218279704725,0.61
1207,1206,0.7,0.5555555555555556,0.0363636363636363,0.4939699900187217,0.4939699900187217,0.0,0.4943713239342872,0.9966996699669968,0.998433098201824,0.0,1.0,0.6710172531612631,0.6757321909485156,0.4,1.0,0.9999725221691702,0.5179006225888875,0.5128057170976784,0.58
1208,1207,0.7,0.7777777777777778,0.7090909090909091,0.5060772999621089,0.5060772999621089,1.0,0.5655583460238408,0.9983498349834984,0.9999939735756768,0.0,1.0,0.6667104866118883,0.6667288651199913,0.2,0.0,0.0032746130020741,0.4939026466571024,0.5,0.37
1209,1208,0.5,0.7777777777777778,0.5454545454545454,0.4939233437829342,0.4939233437829342,0.4444444444444444,0.4546105177228605,0.9966996699669968,0.9999806908715702,0.0082508250825082,0.9933993399339934,0.6668412915857884,0.666876915235077,0.6,1.0,0.0015943527412708,0.5035279997587876,0.4868093682025099,0.67
1210,1209,0.5,0.5925925925925926,0.1818181818181818,0.5047360155903655,0.5047360155903655,0.0,0.4453346872365421,0.9966996699669968,0.9932159140764192,0.0,1.0,0.7040868596857628,0.7231958103536832,0.8,1.0,0.0087833171181882,0.6274889202920649,0.5,0.6
1211,1210,0.6,0.6296296296296297,0.6,0.5060769133683449,0.5060769133683449,0.0,0.3984702054650175,0.9966996699669968,0.9999786672931944,0.0,1.0,0.6667856421888609,0.6668350361313632,0.2,0.0,0.0005820475812693,0.493249751678423,0.5052728835739185,0.59
1212,1211,0.6,0.8148148148148149,0.2,0.4945890951827338,0.4945890951827338,0.0,0.408286981805656,0.9966996699669968,0.9934046687989866,0.0,0.9983498349834984,0.6887294341131799,0.7089381676769863,0.2,0.0,0.9960094682780104,0.6384075417343633,0.4949388696400433,0.51
