Row,kDN,DS,DCP,TD_P,TD_U,CL,CLD,MV,CB,N1,N2,LSC,LSR,Harmfulness,Usefulness,F2,F3,F4
1,0.062039682462969474,-0.0371723267146882,0.055074305128283006,-0.6215155576865655,-0.12204317937876487,0.5974441363429653,0.5974441363429653,1.3658959117703828,1.365895911769498,0.9283117025082126,-0.10193218810796377,-0.1616366801950753,-0.47093141017498785,-0.7515428208827645,0.0993976796941197,-0.5005476488076274,1.318211519660549,-0.20094041362422466
2,-1.4337822361298194,-0.22881090253958375,0.5775899222938418,1.6089701820518945,0.3864113411997915,-1.2309623144141417,-1.2309623144141417,-0.7321202087089251,-0.7321202087098097,-0.852783591395975,-0.8856015960956676,-1.9663745196588867,-0.6979949611265909,-0.7515428208827645,-1.6324383429541383,-0.5005476488076274,0.597940558583416,0.695660012478161
3,0.062039682462969474,0.5452858837555816,1.3952699738649512,-0.6215155576865655,-0.12204317937876487,0.2874411011000732,0.2874411011000732,1.3658959117703828,1.365895911769498,-0.852783591395975,0.2702075690269764,-0.8140021545840483,-0.9538515336729497,-0.7515428208827645,0.0993976796941197,-0.5005476488076274,-0.48686409087980537,-0.8439378687824348
4,-1.4337822361298194,-1.806735431203195,-1.1007193355684985,-0.6215155576865655,-0.6801117850773627,-1.2709824032281143,-1.2709824032281143,-0.7321202087089251,-0.7321202087098097,-0.852783591395975,-2.280243222900763,-1.9663745196588867,-0.7770773228620528,-0.7515428208827645,-1.9038676724944052,-0.5005476488076274,0.12188063924530466,1.068443801508329
5,0.4347101989165479,0.7513742866788126,0.055074305128283006,-0.6215155576865655,0.3864113411997915,-0.16239081793990678,-0.16239081793990678,1.3658959117703828,1.365895911769498,-0.852783591395975,0.18333632290422863,-0.5231414598616464,-2.786389536594671,-0.7515428208827645,0.5807229812704164,-0.5005476488076274,-0.5776622003424476,-1.2666325726950107
6,0.062039682462969474,-0.5644013565310136,-1.3886013012595027,1.6089701820518945,-1.9782899713102153,-1.013053120953926,-1.013053120953926,-0.7321202087089251,-0.7321202087098097,0.3368099162879238,-1.0924946837042073,0.8009261290727012,1.589339940393819,1.0318543467952668,-0.17497648774524682,-0.5005476488076274,-0.34412934703564146,-0.6427690096411087
7,1.969091132787549,1.0284512646068313,1.8192813849494063,-0.6215155576865655,-0.12204317937876487,1.7053833114317043,1.7053833114317043,1.3658959117703828,1.365895911769498,1.4620201006249185,1.9626413581787234,0.8452391006727372,0.9783382110892994,1.922866304938414,1.1736174047335637,0.7336854518976936,0.6993563578780242,-0.01947547100346879
8,1.0568786595747668,0.6466488868178577,0.5775899222938418,1.6089701820518945,0.3864113411997915,1.3313061177955743,1.3313061177955743,-0.7321202087089251,-0.7321202087098097,1.4620201006249185,1.1353234591916672,1.1479678721196707,0.928459005632494,1.6300971200748542,1.1736174047335637,-0.5005476488076274,-1.6742650259216194,-1.2733912417305897
9,-0.3640300841324564,0.4958394936561029,0.055074305128283006,-0.6215155576865655,0.3864113411997915,-0.16267237058718886,-0.16267237058718886,1.3658959117703828,1.365895911769498,-0.852783591395975,0.30440585466099135,-0.1616366801950753,-2.2748997986337667,-0.7515428208827645,0.5807229812704164,-0.5005476488076274,-0.2743504272549788,0.019594271782797438
10,1.5570469416558246,1.0284512646068313,1.8730403954204675,1.6089701820518945,-1.9782899713102153,1.7073896311448817,1.7073896311448817,1.3658959117703828,1.365895911769498,-0.852783591395975,0.4784983291678638,0.28748694112171974,-0.5182946817943068,0.43805044182625924,1.1736174047335637,-0.5005476488076274,-1.537277429609472,-1.6690499431187007
11,-0.3640300841324564,0.6466488868178577,0.5775899222938418,1.6089701820518945,0.3864113411997915,-0.4682141416918214,-0.4682141416918214,-0.7321202087089251,-0.7321202087098097,0.5766833091167,-0.3087906213249008,-0.6134932418649579,0.20137814448713995,1.0318543467952668,0.2762073651606177,-0.5005476488076274,-1.1229701796496412,-0.7726141416411486
12,0.4347101989165479,-0.7916593857319226,0.055074305128283006,-0.6215155576865655,-0.6801117850773627,0.01781666917604114,0.01781666917604114,1.3658959117703828,1.365895911769498,1.4620201006249185,1.5174709887328564,0.8452391006727372,0.5723167629268675,1.0998960999631677,0.5807229812704164,-0.5005476488076274,-1.2068632967399842,-1.9237797816333408
13,0.7638171863456177,0.3993661173625507,0.24143854285532132,-0.6215155576865655,-0.6801117850773627,1.525549527835661,1.525549527835661,-0.7321202087089251,-0.7321202087098097,-0.852783591395975,0.44487000752657363,0.8009261290727012,-0.8794506006353392,-0.7515428208827645,1.1736174047335637,-0.5005476488076274,-0.14787748311709817,0.22595899039032022
14,-0.8566398098443941,1.086569284774658,0.055074305128283006,-0.6215155576865655,-1.295649915143251,-0.16285251021058286,-0.16285251021058286,1.3658959117703828,1.365895911769498,-0.852783591395975,-0.5893923285654016,-1.5084990425047315,-3.6862796814663694,-0.7515428208827645,0.5807229812704164,-3.057767674463542,-0.5396377001734585,0.2990379844648322
15,0.062039682462969474,0.5452858837555816,1.3952699738649512,-0.6215155576865655,-0.12204317937876487,0.5076478339735787,0.5076478339735787,1.3658959117703828,1.365895911769498,1.4620201006249185,1.3069484838106804,0.8452391006727372,0.5794905370705481,0.43805044182625924,1.1736174047335637,2.1221434210378427,1.0476982972845126,-0.5481000771461845
16,1.3197461913055784,1.0284512646068313,1.1991931003238616,1.6089701820518945,1.2792778261389937,1.2869930556955742,1.2869930556955742,1.3658959117703828,1.365895911769498,1.4620201006249185,2.840400415057057,0.8452391006727372,2.7538046110868057,1.4685529475692103,1.1736174047335637,-0.5005476488076274,-0.14897997933167,1.181841209847573
17,1.0568786595747668,0.6985860862574665,1.1991931003238616,1.6089701820518945,0.3864113411997915,0.779283363914088,0.779283363914088,1.3658959117703828,1.365895911769498,-0.852783591395975,0.33950014220436503,-0.1616366801950753,0.7217700251826568,0.43805044182625924,0.5807229812704164,-0.5005476488076274,-0.693550440241082,-1.4885426860941053
18,1.0568786595747668,0.7513742866788126,1.1991931003238616,1.6089701820518945,2.038464969672743,1.650302523532262,1.650302523532262,1.3658959117703828,1.365895911769498,0.5766833091167,0.6097402177863877,0.8452391006727372,1.420712794306261,0.43805044182625924,0.0993976796941197,-0.5005476488076274,0.2494678066611909,0.6999826297641357
19,-0.8566398098443941,0.6466488868178577,0.5775899222938418,1.6089701820518945,0.3864113411997915,-0.11536695910648576,-0.11536695910648576,-0.7321202087089251,-0.7321202087098097,0.9283117025082126,0.6604170747617621,1.1479678721196707,-0.9001239780028011,1.0318543467952668,1.1736174047335637,0.2408345700799977,-0.5103406920806186,0.4060369440752991
20,1.5570469416558246,0.6985860862574665,1.1991931003238616,1.6089701820518945,0.3864113411997915,1.6345551062987247,1.6345551062987247,1.3658959117703828,1.365895911769498,0.9283117025082126,0.8536241612472318,0.8452391006727372,0.841966115533763,1.9090915465961902,0.0993976796941197,0.8262286274945406,0.7239655106929138,1.6565383975210095
21,1.0568786595747668,0.3993661173625507,-1.1007193355684985,-0.6215155576865655,0.3864113411997915,1.1316254934996932,1.1316254934996932,-0.7321202087089251,-0.7321202087098097,1.1679997327221208,0.7387020623175332,1.1479678721196707,0.19057296359100953,1.6300971200748542,0.8405215457365813,1.5716046486339361,0.04800011885767238,-1.8644426820624784
22,-0.3640300841324564,0.7513742866788126,0.5775899222938418,1.6089701820518945,0.8517241615651268,0.4362009697592717,0.4362009697592717,-0.7321202087089251,-0.7321202087098097,-0.852783591395975,-0.8941029431460829,-0.7672913965880377,-0.04266708471673181,-0.7515428208827645,0.037997333436562315,-0.5005476488076274,0.2368335532358002,1.4910035249770053
23,-0.8566398098443941,-0.7916593857319226,0.055074305128283006,-0.6215155576865655,-0.6801117850773627,-0.12170391907483755,-0.12170391907483755,1.3658959117703828,1.365895911769498,0.9283117025082126,-2.027948519855749,-0.5231414598616464,-1.0207444072493759,0.43805044182625924,0.0993976796941197,-0.5005476488076274,-0.9623512829782516,-0.20094041362422466
24,1.0568786595747668,0.7513742866788126,1.1991931003238616,1.6089701820518945,2.038464969672743,1.4883767387994145,1.4883767387994145,1.3658959117703828,1.365895911769498,-0.852783591395975,0.31323692484917093,-0.1616366801950753,-0.8027108220416842,-0.7515428208827645,0.5807229812704164,-0.5005476488076274,0.3590782570450817,1.270636476758266
25,0.7638171863456177,0.9712486348624837,0.055074305128283006,-0.6215155576865655,1.6735864320707878,-0.012766257011828474,-0.012766257011828474,1.3658959117703828,1.365895911769498,-0.852783591395975,0.07693290056894933,-0.1616366801950753,-0.09968027440867985,0.43805044182625924,-0.2912007386952259,0.7785749721910985,-0.006760590130804358,-0.5553953086770933
26,1.0568786595747668,1.0284512646068313,1.1991931003238616,1.6089701820518945,2.038464969672743,1.0437814094274784,1.0437814094274784,1.3658959117703828,1.365895911769498,1.1679997327221208,1.1953525168749677,0.8452391006727372,1.7077521057551164,1.4685529475692103,0.5807229812704164,0.40897860650014917,1.1160570141899215,-0.3411172164878999
27,0.062039682462969474,1.0284512646068313,0.055074305128283006,-0.6215155576865655,2.038464969672743,0.6358616826818644,0.6358616826818644,1.3658959117703828,1.365895911769498,-0.852783591395975,0.16898790746287634,-0.5231414598616464,0.6721937000888788,0.43805044182625924,-0.6080495599972832,-0.5005476488076274,-0.2234629671444068,-0.20094041362422466
28,-1.4337822361298194,-1.806735431203195,-1.1007193355684985,-0.6215155576865655,-0.6801117850773627,-1.2693058191408146,-1.2693058191408146,-0.7321202087089251,-0.7321202087098097,-0.852783591395975,-0.966595223556435,-1.9193152333704249,-0.05035029045370381,-0.7515428208827645,-1.9038676724944052,-0.1405626747086068,0.05940897323110074,1.181841209847573
29,1.0568786595747668,0.3993661173625507,0.24143854285532132,-0.6215155576865655,-0.6801117850773627,1.4451480028330026,1.4451480028330026,-0.7321202087089251,-0.7321202087098097,-0.852783591395975,-0.24398877926775928,0.8009261290727012,-0.9900088555212813,-0.7515428208827645,0.8405215457365813,-0.5005476488076274,-0.7980566590251774,-1.6412143335852611
30,0.7638171863456177,0.914950442014236,0.5775899222938418,1.6089701820518945,1.2792778261389937,-0.05863426453005961,-0.05863426453005961,-0.7321202087089251,-0.7321202087098097,-0.852783591395975,-0.08775233065343924,0.8009261290727012,1.6213420402009744,1.0318543467952668,0.5426140336360036,-0.5005476488076274,-0.37257191333325856,-1.4225505371929246
31,0.4347101989165479,0.3523190608687431,0.5775899222938418,1.6089701820518945,1.6735864320707878,0.3300174127517306,0.3300174127517306,-0.7321202087089251,-0.7321202087098097,0.9283117025082126,1.9402868734697083,1.1479678721196707,1.064088815199248,1.0318543467952668,0.8405215457365813,-0.5005476488076274,0.8511890283953568,-0.6446341287150366
32,0.7638171863456177,-0.7916593857319226,0.055074305128283006,-0.6215155576865655,-0.6801117850773627,0.3322645472207599,0.3322645472207599,1.3658959117703828,1.365895911769498,-0.852783591395975,-0.665642458021238,-0.8140021545840483,-0.8140734170160575,0.43805044182625924,0.0993976796941197,1.89569369513324,0.7874686258525287,-0.5961311362618368
33,-1.4337822361298194,-1.806735431203195,-1.1007193355684985,-0.6215155576865655,-0.6801117850773627,-1.292109106738196,-1.292109106738196,-0.7321202087089251,-0.7321202087098097,-0.852783591395975,-0.4359819320518626,-1.3924923621662069,0.5688577028337866,-0.7515428208827645,-1.9038676724944052,-0.1405626747086068,-0.027707502997479715,1.115194453509924
34,0.062039682462969474,-1.806735431203195,-1.1007193355684985,-0.6215155576865655,-0.6801117850773627,-1.2038811897946193,-1.2038811897946193,-0.7321202087089251,-0.7321202087098097,-0.852783591395975,-0.5714411121657124,0.21666138785866135,0.4522455945793577,-0.7515428208827645,0.5426140336360036,-0.5005476488076274,-0.685100544924184,-0.006926235327870209
35,1.3197461913055784,0.7513742866788126,0.5775899222938418,1.6089701820518945,2.377160384336841,0.8936941623942999,0.8936941623942999,-0.7321202087089251,-0.7321202087098097,1.4620201006249185,1.3449832692558445,1.1479678721196707,0.7424820303059926,1.8315924213572836,0.2762073651606177,-0.5005476488076274,1.4918605075720561,1.0346384540492137
36,0.062039682462969474,-0.5644013565310136,-1.3886013012595027,1.6089701820518945,-1.9782899713102153,-0.36500239440755416,-0.36500239440755416,-0.7321202087089251,-0.7321202087098097,-0.852783591395975,-0.7850562913167685,-0.02836667027894861,-1.7176085944199002,-0.7515428208827645,0.5426140336360036,3.4184446317254804,2.5317662859277497,0.4060369440752991
37,1.0568786595747668,0.914950442014236,1.4811962827025777,-0.6215155576865655,1.6735864320707878,1.2947598277746064,1.2947598277746064,-0.7321202087089251,-0.7321202087098097,0.5766833091167,0.26130554518966864,0.8009261290727012,0.6145150618564948,-0.7515428208827645,1.1736174047335637,-0.5005476488076274,-0.9109095610463387,-1.2016367660676532
38,0.7638171863456177,0.4472029308174746,1.1991931003238616,1.6089701820518945,-0.6801117850773627,1.1205487559441918,1.1205487559441918,1.3658959117703828,1.365895911769498,0.9283117025082126,1.0766177321228918,0.8452391006727372,0.10461264593527826,1.4685529475692103,0.0993976796941197,-0.5005476488076274,1.7083302759468117,1.0346384540492137
39,1.969091132787549,0.8050239989833801,1.8192813849494063,-0.6215155576865655,1.2792778261389937,1.6624632032679616,1.6624632032679616,1.3658959117703828,1.365895911769498,1.4620201006249185,1.5016527946804712,0.8452391006727372,0.6573770169629608,1.888977924164655,1.1736174047335637,-0.5005476488076274,-0.20266935749755807,-0.3533340080527271
40,0.4347101989165479,0.6985860862574665,1.1991931003238616,1.6089701820518945,0.8517241615651268,-0.04666370172114237,-0.04666370172114237,1.3658959117703828,1.365895911769498,1.4620201006249185,1.1448703541198437,0.8452391006727372,-1.198287915203044,-0.7515428208827645,1.1736174047335637,3.0138410034265473,1.3745606163585857,-0.890187783210395
41,1.0568786595747668,1.0284512646068313,1.4811962827025777,-0.6215155576865655,0.8517241615651268,1.191498168563034,1.191498168563034,-0.7321202087089251,-0.7321202087098097,1.2598404727677617,0.8954753411591941,1.1479678721196707,0.6115750369307176,1.8997316906284631,0.8405215457365813,0.905200381636247,-0.38257226370205494,-0.8439378687824348
42,1.3197461913055784,0.9712486348624837,1.4811962827025777,-0.6215155576865655,0.3864113411997915,1.1719171544897966,1.1719171544897966,-0.7321202087089251,-0.7321202087098097,0.9283117025082126,1.2959480244015678,1.1479678721196707,1.1127762231154033,1.922866304938414,0.8405215457365813,-0.5005476488076274,-0.21362763509385704,-0.20094041362422466
43,0.4347101989165479,-0.5644013565310136,-1.3886013012595027,1.6089701820518945,-1.9782899713102153,-0.6463997825360075,-0.6463997825360075,-0.7321202087089251,-0.7321202087098097,-0.852783591395975,-0.10113744566150659,-0.02836667027894861,-0.7747327699374589,-0.7515428208827645,1.1736174047335637,-0.5005476488076274,0.8601865490727244,-0.18767982303253736
44,-0.8566398098443941,0.6985860862574665,0.055074305128283006,-0.6215155576865655,-0.12204317937876487,-0.15588044746112106,-0.15588044746112106,1.3658959117703828,1.365895911769498,-0.852783591395975,-0.23470483893944358,-1.5084990425047315,-2.485263379750942,-0.7515428208827645,1.1736174047335637,0.11485745518624024,-0.19939616030555604,-1.5011161627907048
45,1.5570469416558246,1.086569284774658,0.24143854285532132,-0.6215155576865655,0.8517241615651268,0.9958956760170539,0.9958956760170539,-0.7321202087089251,-0.7321202087098097,1.4620201006249185,2.3342950641996514,1.1479678721196707,2.1883065946422624,1.8315924213572836,1.1736174047335637,-0.5005476488076274,0.2847364483764445,0.4520692043324983
46,-0.3640300841324564,-0.7916593857319226,0.055074305128283006,-0.6215155576865655,-0.6801117850773627,-0.16060218530480197,-0.16060218530480197,1.3658959117703828,1.365895911769498,-0.852783591395975,-0.47819466937727534,0.28748694112171974,-1.733549524540282,-0.7515428208827645,-0.2912007386952259,-0.5005476488076274,-1.3780615581990319,-1.1937611547385316
47,0.062039682462969474,0.9712486348624837,0.24143854285532132,-0.6215155576865655,0.3864113411997915,-0.22923988192288822,-0.22923988192288822,-0.7321202087089251,-0.7321202087098097,-0.852783591395975,0.2907683156742896,0.8009261290727012,0.4355684790471822,-0.7515428208827645,0.8405215457365813,-0.5005476488076274,-0.618950588551104,1.115194453509924
48,-1.4337822361298194,-1.806735431203195,-1.1007193355684985,-0.6215155576865655,-0.6801117850773627,-1.2616734740096132,-1.2616734740096132,-0.7321202087089251,-0.7321202087098097,-0.852783591395975,-1.0145263294300504,-1.9663745196588867,-0.6845379733116372,-0.7515428208827645,-1.8404458766299985,-0.5005476488076274,0.25862398645530943,0.9719886803041085
49,1.5570469416558246,0.7513742866788126,1.1991931003238616,1.6089701820518945,0.8517241615651268,1.5575690782582763,1.5575690782582763,1.3658959117703828,1.365895911769498,1.4620201006249185,0.9822513394097157,0.8452391006727372,0.5911064423393895,1.6741387980678815,1.1736174047335637,-0.5005476488076274,1.221782679004201,0.4060369440752991
50,-0.3640300841324564,-1.806735431203195,-1.1007193355684985,-0.6215155576865655,-0.6801117850773627,-1.298566492997043,-1.298566492997043,-0.7321202087089251,-0.7321202087098097,-0.852783591395975,-1.0536019903247114,0.8009261290727012,1.4747509483526318,-0.7515428208827645,-0.17497648774524682,-0.5005476488076274,-1.7577157525966092,-0.006926235327870209
51,-1.4337822361298194,-1.806735431203195,-1.1007193355684985,-0.6215155576865655,-0.6801117850773627,-1.2933090775889553,-1.2933090775889553,-0.7321202087089251,-0.7321202087098097,-0.852783591395975,-0.6780599258758517,-1.8976590877261201,-0.27686976778422534,-0.7515428208827645,-1.751229936744782,-0.1405626747086068,-0.8073919706977927,0.4060369440752991
52,-1.4337822361298194,-1.806735431203195,-1.1007193355684985,-0.6215155576865655,-0.6801117850773627,-1.2443702198375783,-1.2443702198375783,-0.7321202087089251,-0.7321202087098097,-0.852783591395975,-1.0092944838749578,-1.4602590873188641,0.22026335831458532,-0.7515428208827645,-1.864056853342299,0.3436817297058983,0.06407472513724945,0.8995931050230905
53,-0.8566398098443941,-0.5644013565310136,-1.3886013012595027,1.6089701820518945,-1.9782899713102153,-1.2266934819026714,-1.2266934819026714,-0.7321202087089251,-0.7321202087098097,-0.852783591395975,-0.3046453618533601,-0.7672913965880377,0.23153418754268018,-0.7515428208827645,-1.1504892548365229,0.042537974079249634,0.8183585824076399,-0.6446341287150366
54,-0.8566398098443941,0.6985860862574665,0.055074305128283006,-0.6215155576865655,-0.12204317937876487,-0.14536495456189175,-0.14536495456189175,1.3658959117703828,1.365895911769498,-0.852783591395975,-0.6813992774878409,-1.2359864681781505,-1.3414684385570566,-0.7515428208827645,-1.0732211827964806,1.3155738054634982,0.7104633402533193,-0.9596853734266299
55,1.5570469416558246,1.0284512646068313,1.4811962827025777,-0.6215155576865655,-0.12204317937876487,1.5242823805087973,1.5242823805087973,-0.7321202087089251,-0.7321202087098097,1.4620201006249185,1.2509585426680303,1.1479678721196707,0.45730057821229575,1.922866304938414,1.1736174047335637,3.329013375779646,2.3818925498272048,-0.20094041362422466
56,-1.4337822361298194,-1.806735431203195,-1.1007193355684985,-0.6215155576865655,-0.6801117850773627,-1.3178511473349508,-1.3178511473349508,-0.7321202087089251,-0.7321202087098097,-0.852783591395975,-2.193903255518151,-1.9663745196588867,-0.8851764180198377,-0.7515428208827645,-1.7264052765847484,-0.5005476488076274,-1.0218980058462672,-0.8439378687824348
57,-0.3640300841324564,0.4958394936561029,0.055074305128283006,-0.6215155576865655,0.3864113411997915,-0.14494570627169653,-0.14494570627169653,1.3658959117703828,1.365895911769498,0.9283117025082126,0.23665408497369322,0.28748694112171974,-1.000035700526362,-0.7515428208827645,0.0993976796941197,0.38427280746680936,1.1860659068537762,-0.20094041362422466
58,0.7638171863456177,0.859545821829031,0.5775899222938418,1.6089701820518945,0.3864113411997915,1.2782622293922212,1.2782622293922212,-0.7321202087089251,-0.7321202087098097,-0.852783591395975,0.2423858640272227,0.4918655558291933,-0.8556270477724569,-0.7515428208827645,0.8405215457365813,-0.5005476488076274,-0.8154419210564041,1.181841209847573
59,1.0568786595747668,0.9712486348624837,1.4811962827025777,-0.6215155576865655,0.3864113411997915,1.5349190743432501,1.5349190743432501,-0.7321202087089251,-0.7321202087098097,1.4620201006249185,0.9035243328698774,1.1479678721196707,-1.5112330568745598,1.0318543467952668,1.1736174047335637,-0.5005476488076274,-1.0304599274968096,0.08354413098540173
60,-0.8566398098443941,-0.6823145776395891,-1.1007193355684985,-0.6215155576865655,-0.12204317937876487,-0.684209228512006,-0.684209228512006,-0.7321202087089251,-0.7321202087098097,-0.852783591395975,-0.7664966223149291,-0.6134932418649579,0.19949452565540385,-0.7515428208827645,-0.36536621947112485,-0.5005476488076274,-0.5392889566809603,-0.006926235327870209
61,-0.8566398098443941,-1.806735431203195,-1.1007193355684985,-0.6215155576865655,-0.6801117850773627,-1.3409701747521243,-1.3409701747521243,-0.7321202087089251,-0.7321202087098097,-0.852783591395975,-3.1905802365748674,-0.9041453836733948,-0.8045609579425139,-0.7515428208827645,0.2762073651606177,-0.5005476488076274,-2.674923342597996,-1.0976703153502467
62,0.7638171863456177,0.9712486348624837,0.055074305128283006,-0.6215155576865655,0.8517241615651268,1.2179174552784837,1.2179174552784837,1.3658959117703828,1.365895911769498,-0.852783591395975,0.0041298502157661905,-0.1616366801950753,1.3495927035109314,0.43805044182625924,-0.6080495599972832,-0.5005476488076274,-0.10881190783545258,-1.1082682271063762
63,-0.8566398098443941,-0.5644013565310136,-1.3886013012595027,1.6089701820518945,-1.9782899713102153,-1.1868985360380515,-1.1868985360380515,-0.7321202087089251,-0.7321202087098097,-0.852783591395975,-0.173935887551713,0.4918655558291933,-0.8293797178335985,-0.7515428208827645,1.1736174047335637,-0.5005476488076274,0.06680966056008471,-0.3754544036317249
64,-0.3640300841324564,1.086569284774658,0.24143854285532132,-0.6215155576865655,1.2792778261389937,-0.48378572018257093,-0.48378572018257093,-0.7321202087089251,-0.7321202087098097,1.4620201006249185,1.3468768489022378,1.1479678721196707,0.8908589475678786,1.0318543467952668,0.037997333436562315,0.5621989716239308,0.7000993315765058,1.115194453509924
65,0.062039682462969474,0.7513742866788126,1.1991931003238616,1.6089701820518945,0.8517241615651268,1.5236560625284297,1.5236560625284297,1.3658959117703828,1.365895911769498,0.3368099162879238,-0.08201509397396763,-0.5231414598616464,1.419792109627969,1.0998960999631677,-0.2912007386952259,-0.5005476488076274,0.755608956021988,-0.20094041362422466
66,-0.8566398098443941,-0.22881090253958375,0.5775899222938418,1.6089701820518945,0.3864113411997915,-1.0353991146966768,-1.0353991146966768,-0.7321202087089251,-0.7321202087098097,0.3368099162879238,-0.5523155537181748,-0.4406733641443425,0.21035319761750193,-0.7515428208827645,-0.9450305917939715,-0.5005476488076274,1.2625400108584113,1.4910035249770053
67,1.0568786595747668,0.914950442014236,1.1991931003238616,1.6089701820518945,0.8517241615651268,1.525048226921433,1.525048226921433,1.3658959117703828,1.365895911769498,1.4620201006249185,0.7829846782224261,0.8452391006727372,-0.7354806212210119,-0.7515428208827645,1.1736174047335637,-0.5005476488076274,0.8264494864047071,1.6565383975210095
68,1.3197461913055784,1.0284512646068313,0.5775899222938418,1.6089701820518945,0.8517241615651268,1.001167665069025,1.001167665069025,-0.7321202087089251,-0.7321202087098097,-0.852783591395975,0.42119590989613515,0.8009261290727012,-0.7956532205582779,-0.7515428208827645,1.1736174047335637,-0.5005476488076274,-0.7359374792832808,-0.6446341287150366
69,-1.4337822361298194,-1.806735431203195,-1.1007193355684985,-0.6215155576865655,-0.6801117850773627,-1.3105171469394268,-1.3105171469394268,-0.7321202087089251,-0.7321202087098097,-0.852783591395975,-1.1327497819910282,-1.9663745196588867,0.045995197305846926,-0.7515428208827645,-1.9038676724944052,0.38963235438339866,-0.5147450836023357,0.64174609526608
70,0.4347101989165479,0.914950442014236,0.24143854285532132,-0.6215155576865655,-0.12204317937876487,-0.13380412469046424,-0.13380412469046424,-0.7321202087089251,-0.7321202087098097,-0.852783591395975,0.11136462507018102,0.8009261290727012,-0.3305240517750173,-0.7515428208827645,0.5426140336360036,0.28682617494206386,0.09970739496639648,1.3765880179822871
71,1.7724912096740832,0.8050239989833801,1.8192813849494063,-0.6215155576865655,1.2792778261389937,1.6575827310387106,1.6575827310387106,1.3658959117703828,1.365895911769498,1.4620201006249185,2.3674062008519825,0.8452391006727372,1.7797964400207194,1.922866304938414,1.1736174047335637,1.5478369198286748,0.9891220008190769,1.181841209847573
72,0.4347101989165479,0.4472029308174746,0.24143854285532132,-0.6215155576865655,-1.9782899713102153,-0.18223196394342292,-0.18223196394342292,-0.7321202087089251,-0.7321202087098097,1.4620201006249185,1.607079356776939,1.1479678721196707,1.1641054334841852,1.0318543467952668,1.1736174047335637,1.2412517981294175,1.0864353720181372,1.5987664732725797
73,1.0568786595747668,0.4472029308174746,1.1991931003238616,1.6089701820518945,-0.6801117850773627,-0.028479557314729086,-0.028479557314729086,1.3658959117703828,1.365895911769498,-0.852783591395975,0.1799659640019935,-0.5231414598616464,-0.9122606927952718,-0.7515428208827645,1.1736174047335637,-0.5005476488076274,-1.2283170853239507,-1.0560801441570296
74,-1.4337822361298194,0.30605185398498463,1.4811962827025777,-0.6215155576865655,0.8517241615651268,0.5545133768464663,0.5545133768464663,-0.7321202087089251,-0.7321202087098097,-0.852783591395975,-0.18674542001558433,-1.0259076098400428,-1.0979952194335383,-0.7515428208827645,0.5426140336360036,0.21372463719044033,0.019890186135376343,-1.6412143335852638
75,-1.4337822361298194,0.30605185398498463,-1.1007193355684985,-0.6215155576865655,0.8517241615651268,-1.2256952584783491,-1.2256952584783491,-0.7321202087089251,-0.7321202087098097,-0.852783591395975,-1.3711494382417544,-1.8144911325981103,0.09982602996851578,-0.7515428208827645,-1.8107372227133327,-0.5005476488076274,-0.05745473175092152,1.6565383975210095
76,-1.4337822361298194,-1.806735431203195,-1.1007193355684985,-0.6215155576865655,-0.6801117850773627,-1.2865580077229217,-1.2865580077229217,-0.7321202087089251,-0.7321202087098097,-0.852783591395975,-1.8416536149619376,-1.9663745196588867,-1.9045141486373858,-0.7515428208827645,0.2762073651606177,-0.5005476488076274,-1.4139879630870682,-1.0065547711461005
77,0.4347101989165479,-0.22881090253958375,0.5775899222938418,1.6089701820518945,0.3864113411997915,-0.7656539352168799,-0.7656539352168799,-0.7321202087089251,-0.7321202087098097,-0.852783591395975,-1.2684435083702972,0.4918655558291933,0.3650862699757127,-0.7515428208827645,0.2762073651606177,-0.5005476488076274,0.20085626823556346,-0.20094041362422466
78,-0.3640300841324564,0.30605185398498463,-1.1007193355684985,-0.6215155576865655,0.8517241615651268,-0.8186873283924632,-0.8186873283924632,-0.7321202087089251,-0.7321202087098097,0.3368099162879238,-0.09345521040710139,0.4918655558291933,0.47613783488096967,1.0318543467952668,-0.9450305917939715,-0.5005476488076274,0.6841452635665237,0.64174609526608
79,0.062039682462969474,0.5955522648308137,0.055074305128283006,-0.6215155576865655,-1.295649915143251,0.8856340404731156,0.8856340404731156,1.3658959117703828,1.365895911769498,0.5766833091167,-2.355406474887066,-1.047928001226318,0.08784884172563555,-0.7515428208827645,-0.2912007386952259,-0.5005476488076274,-2.603972773199503,-2.005732564672043
80,-1.4337822361298194,-1.806735431203195,-1.1007193355684985,-0.6215155576865655,-0.6801117850773627,-1.2230358724377175,-1.2230358724377175,-0.7321202087089251,-0.7321202087098097,-0.852783591395975,-1.1605590442765614,-1.6639959672411442,0.41442218136562026,-0.7515428208827645,-1.9038676724944052,-0.5005476488076274,-0.038032899188771604,-0.8956827017084326
81,-1.4337822361298194,-1.806735431203195,-1.1007193355684985,-0.6215155576865655,-0.6801117850773627,-1.2462372637389418,-1.2462372637389418,-0.7321202087089251,-0.7321202087098097,-0.852783591395975,-0.6642508922503152,-1.4602590873188641,-0.0852537817403066,-0.7515428208827645,-0.9450305917939715,-0.5005476488076274,-0.6970893755022828,-1.0976703153502467
82,-1.4337822361298194,-1.806735431203195,-1.1007193355684985,-0.6215155576865655,-0.6801117850773627,-1.3421439286995616,-1.3421439286995616,-0.7321202087089251,-0.7321202087098097,-0.852783591395975,-3.6597476321616176,-1.0259076098400428,-1.051308845348562,-0.7515428208827645,0.2762073651606177,-0.5005476488076274,-2.910545969931021,-1.7500650427235513
83,0.4347101989165479,-0.22881090253958375,0.5775899222938418,1.6089701820518945,0.3864113411997915,-0.5960592666824888,-0.5960592666824888,-0.7321202087089251,-0.7321202087098097,0.9283117025082126,-0.21417620139729368,0.8009261290727012,-0.4597091897344636,1.0318543467952668,0.2762073651606177,1.1329175606636652,2.0224176279846464,0.9719886803041085
84,-1.4337822361298194,-1.806735431203195,-1.1007193355684985,-0.6215155576865655,-0.6801117850773627,-1.2704546155116836,-1.2704546155116836,-0.7321202087089251,-0.7321202087098097,-0.852783591395975,-1.785792046314737,-1.9283508450908156,0.07054336675007762,-0.7515428208827645,-1.8977049494811598,-0.5005476488076274,0.06184167411668983,0.8995931050230905
85,1.0568786595747668,0.859545821829031,0.055074305128283006,-0.6215155576865655,-0.6801117850773627,0.47082461620495986,0.47082461620495986,1.3658959117703828,1.365895911769498,-0.852783591395975,-0.07964669232983818,0.28748694112171974,-0.5781771820310954,-0.7515428208827645,1.1736174047335637,-0.5005476488076274,-1.627351927214287,-1.6690499431187007
86,0.4347101989165479,0.3993661173625507,-1.1007193355684985,-0.6215155576865655,0.3864113411997915,-0.7528459488093268,-0.7528459488093268,-0.7321202087089251,-0.7321202087098097,0.7346295392293808,-0.451519907138058,-0.2465019633912106,-0.03306801279746724,1.0318543467952668,-0.36536621947112485,1.5716046486339361,0.9560422555719668,0.695660012478161
87,0.7638171863456177,0.7513742866788126,0.5775899222938418,1.6089701820518945,1.2792778261389937,1.4712826067232818,1.4712826067232818,-0.7321202087089251,-0.7321202087098097,-0.852783591395975,0.25456776960399,0.4918655558291933,-0.547992081920814,-0.7515428208827645,0.8405215457365813,-0.5005476488076274,-0.2363301153666553,1.0346384540492137
88,-1.4337822361298194,-0.6823145776395891,-1.1007193355684985,-0.6215155576865655,-0.12204317937876487,-1.0014638931324016,-1.0014638931324016,-0.7321202087089251,-0.7321202087098097,-0.852783591395975,-1.420282096636694,-1.3924923621662069,-0.16583681282230434,-0.7515428208827645,-1.667390190663671,1.1329175606636652,0.19885284087800553,1.181841209847573
89,0.4347101989165479,0.9712486348624837,0.055074305128283006,-0.6215155576865655,1.6735864320707878,-0.09153503071426952,-0.09153503071426952,1.3658959117703828,1.365895911769498,0.9283117025082126,0.5946573010103694,0.8452391006727372,-0.3240042460075113,-0.7515428208827645,0.0993976796941197,-3.3857412418894017,0.14202645678657427,-0.01947547100346879
90,-1.4337822361298194,-1.806735431203195,-1.1007193355684985,-0.6215155576865655,-0.6801117850773627,-1.2326105708611568,-1.2326105708611568,-0.7321202087089251,-0.7321202087098097,-0.852783591395975,-1.240769365427411,-1.960345962494301,0.23669057815103942,-0.7515428208827645,-1.9038676724944052,-0.5005476488076274,-0.3131070341779346,-0.16887579733011066
91,-1.4337822361298194,-1.806735431203195,-1.1007193355684985,-0.6215155576865655,-0.6801117850773627,-1.3261014547874204,-1.3261014547874204,-0.7321202087089251,-0.7321202087098097,-0.852783591395975,-1.7552555642314973,-1.9663745196588867,-0.4044547558122679,-0.7515428208827645,-1.5932733574686915,-0.5005476488076274,-1.2435558198389727,0.6525753097981701
92,0.062039682462969474,0.7513742866788126,0.5775899222938418,1.6089701820518945,2.377160384336841,-0.18517194206384338,-0.18517194206384338,-0.7321202087089251,-0.7321202087098097,0.3368099162879238,0.111907404212501,0.8009261290727012,-0.5417117722049987,-0.7515428208827645,-0.17497648774524682,2.1384275926226093,0.5076510393432999,-0.7747524833384386
93,-0.8566398098443941,-0.22881090253958375,0.5775899222938418,1.6089701820518945,0.3864113411997915,0.44086649252610005,0.44086649252610005,-0.7321202087089251,-0.7321202087098097,-0.852783591395975,-0.2629725295750856,-0.4406733641443425,-0.8768701729237163,-0.7515428208827645,0.5426140336360036,0.6178523719111417,0.5986089490527186,-0.20094041362422466
94,1.5570469416558246,1.086569284774658,1.3952699738649512,-0.6215155576865655,0.3864113411997915,1.5499993878413332,1.5499993878413332,1.3658959117703828,1.365895911769498,1.4620201006249185,1.7235278743050266,0.8452391006727372,1.5495851115612107,1.8530759790880575,1.1736174047335637,-0.5005476488076274,-0.7474649899527719,-1.2873969320199476
95,-0.8566398098443941,0.3993661173625507,0.24143854285532132,-0.6215155576865655,-0.6801117850773627,-0.7074865867652742,-0.7074865867652742,-0.7321202087089251,-0.7321202087098097,-0.852783591395975,0.2549841644656103,-0.02836667027894861,-0.5055438931375855,-0.7515428208827645,0.2762073651606177,-0.5005476488076274,-0.5535152374945362,-1.0065547711461005
96,-0.3640300841324564,0.914950442014236,1.4811962827025777,-0.6215155576865655,1.6735864320707878,1.2225064057479362,1.2225064057479362,-0.7321202087089251,-0.7321202087098097,0.5766833091167,-0.12502375230676777,-0.7672913965880377,-1.1477429271192174,1.8997316906284631,0.8405215457365813,0.7860465274170008,1.7071324116447757,-0.20094041362422466
97,-0.8566398098443941,0.30605185398498463,-1.1007193355684985,-0.6215155576865655,0.8517241615651268,-1.1988730374569383,-1.1988730374569383,-0.7321202087089251,-0.7321202087098097,-0.852783591395975,-0.3420718041206685,-0.7672913965880377,0.8114188360475549,-0.7515428208827645,-1.9038676724944052,-0.5005476488076274,0.4065619502920509,-0.006926235327870209
98,-1.4337822361298194,-1.806735431203195,-1.1007193355684985,-0.6215155576865655,-0.6801117850773627,-1.324208582112453,-1.324208582112453,-0.7321202087089251,-0.7321202087098097,-0.852783591395975,-1.2948874039160694,-1.9663745196588867,-0.5468803072643448,-0.7515428208827645,-1.6985784991912682,-0.1405626747086068,-0.6794824500947836,-1.1937611547385316
99,-0.8566398098443941,-1.806735431203195,-1.1007193355684985,-0.6215155576865655,-0.6801117850773627,-1.1301326626301302,-1.1301326626301302,-0.7321202087089251,-0.7321202087098097,-0.852783591395975,-0.3259668125743321,-0.02836667027894861,-0.05272114471965136,-0.7515428208827645,0.8405215457365813,0.21372463719044033,1.8176635398181549,1.6565383975210095
100,1.0568786595747668,0.6985860862574665,1.1991931003238616,1.6089701820518945,0.3864113411997915,0.5683844613975183,0.5683844613975183,1.3658959117703828,1.365895911769498,-0.852783591395975,-0.07559377063769313,0.28748694112171974,0.11352693725609568,-0.7515428208827645,0.5807229812704164,0.8262286274945406,-1.2298905718731998,-1.705653131963753
101,0.062039682462969474,-0.7916593857319226,0.055074305128283006,-0.6215155576865655,-0.6801117850773627,0.0616146182228517,0.0616146182228517,1.3658959117703828,1.365895911769498,0.9283117025082126,0.002319716441732025,-1.047928001226318,-2.1779887360017645,0.43805044182625924,1.1736174047335637,-0.5005476488076274,-0.7202648277270036,1.275666616703279
102,-0.8566398098443941,0.914950442014236,0.24143854285532132,-0.6215155576865655,-1.9782899713102153,-0.7464010951968751,-0.7464010951968751,-0.7321202087089251,-0.7321202087098097,-0.852783591395975,0.19857328219808543,0.4918655558291933,0.8968824275390855,-0.7515428208827645,-0.6876481810723462,-0.5005476488076274,-1.3805626345091235,0.25645771221800734
103,-0.8566398098443941,-1.806735431203195,-1.1007193355684985,-0.6215155576865655,-0.6801117850773627,-1.1307777758069544,-1.1307777758069544,-0.7321202087089251,-0.7321202087098097,-0.852783591395975,-2.083422743934423,0.21666138785866135,0.5181567630884584,-0.7515428208827645,0.2762073651606177,-0.5005476488076274,-2.104442499840937,-1.586168290469371
104,-1.4337822361298194,-1.806735431203195,-1.1007193355684985,-0.6215155576865655,-0.6801117850773627,-1.2864453919761576,-1.2864453919761576,-0.7321202087089251,-0.7321202087098097,-0.852783591395975,-1.401479164324991,-1.9663745196588867,-0.2619340495884036,-0.7515428208827645,-1.9038676724944052,0.43548112045607623,-0.4141429003962785,-0.10793431688066601
105,-0.3640300841324564,0.6985860862574665,-1.1007193355684985,-0.6215155576865655,-0.12204317937876487,-0.606255841482991,-0.606255841482991,-0.7321202087089251,-0.7321202087098097,-0.852783591395975,-0.09666059193715813,-0.2465019633912106,-0.8913956300802852,-0.7515428208827645,0.5426140336360036,-0.5005476488076274,-0.4013863851419023,-0.9982648618909742
106,-0.8566398098443941,0.21581778270395685,-1.1007193355684985,-0.6215155576865655,-0.12204317937876487,-0.6716301737331436,-0.6716301737331436,-0.7321202087089251,-0.7321202087098097,-0.852783591395975,-1.5281445271725735,-0.7672913965880377,-0.41779689808168213,-0.7515428208827645,-0.6876481810723462,-0.5005476488076274,1.2138611355712723,1.5987664732725797
107,-1.4337822361298194,-1.806735431203195,-1.1007193355684985,-0.6215155576865655,-0.6801117850773627,-0.983472837717535,-0.983472837717535,-0.7321202087089251,-0.7321202087098097,-0.852783591395975,-0.43303384793013316,-1.8537673583182117,-1.2485133438562943,-0.7515428208827645,1.1736174047335637,-1.7802636596384156,-1.8443588699312066,0.8995931050230905
108,0.7638171863456177,0.4472029308174746,0.24143854285532132,-0.6215155576865655,-1.9782899713102153,0.22774409590103967,0.22774409590103967,-0.7321202087089251,-0.7321202087098097,-0.852783591395975,-0.9278877667490091,0.8009261290727012,-0.6685836758502087,-0.7515428208827645,0.5426140336360036,1.0236148544266752,1.522106768805036,1.115194453509924
109,-0.8566398098443941,0.30605185398498463,-1.1007193355684985,-0.6215155576865655,0.8517241615651268,-1.1547209727934102,-1.1547209727934102,-0.7321202087089251,-0.7321202087098097,0.9283117025082126,0.19147369420952357,0.4918655558291933,0.9496680480922376,1.0318543467952668,-1.5493924685986495,-0.07441424048415018,0.696833605073838,1.115194453509924
110,1.969091132787549,1.086569284774658,1.8192813849494063,-0.6215155576865655,0.3864113411997915,1.6902495950627026,1.6902495950627026,1.3658959117703828,1.365895911769498,1.4620201006249185,2.055958935750343,0.8452391006727372,0.9185935908696378,1.922866304938414,1.1736174047335637,-0.5005476488076274,-0.666237034051342,0.64174609526608
111,0.7638171863456177,0.859545821829031,0.055074305128283006,-0.6215155576865655,0.8517241615651268,0.9070895078575817,0.9070895078575817,1.3658959117703828,1.365895911769498,0.9283117025082126,0.6384378985167901,0.8452391006727372,0.23766384459211726,-0.7515428208827645,0.0993976796941197,0.3632554742118688,-0.32545024722540816,-0.5553953086770933
112,0.4347101989165479,1.086569284774658,0.055074305128283006,-0.6215155576865655,-0.12204317937876487,-0.15923655500516773,-0.15923655500516773,1.3658959117703828,1.365895911769498,-0.852783591395975,0.4502138831659107,0.28748694112171974,-0.7616616542967007,-0.7515428208827645,-0.6080495599972832,2.8138270198230564,2.2506839132382748,1.0346384540492137
113,-1.4337822361298194,-0.6823145776395891,-1.1007193355684985,-0.6215155576865655,-0.12204317937876487,-1.2014262733000618,-1.2014262733000618,-0.7321202087089251,-0.7321202087098097,-0.852783591395975,-0.9967907643289038,-1.4602590873188641,0.35170720571730996,-0.7515428208827645,-1.7931239807118278,0.21372463719044033,-0.15096363507622454,-0.3951884546912985
114,-0.8566398098443941,0.30605185398498463,-1.1007193355684985,-0.6215155576865655,0.8517241615651268,-1.1634398359846687,-1.1634398359846687,-0.7321202087089251,-0.7321202087098097,-0.852783591395975,0.026439178783921623,0.21666138785866135,0.7537819478152891,-0.7515428208827645,-0.17497648774524682,-0.5005476488076274,-0.47777202981062833,-0.3754544036317249
115,1.3197461913055784,-0.7916593857319226,0.055074305128283006,-0.6215155576865655,-0.6801117850773627,0.36566585713323946,0.36566585713323946,1.3658959117703828,1.365895911769498,1.4620201006249185,1.2630267204115484,0.8452391006727372,0.029721927067495674,0.43805044182625924,1.1736174047335637,2.5870409640078407,2.2095019196369052,0.2564577122180169
116,1.0568786595747668,-0.0371723267146882,0.055074305128283006,-0.6215155576865655,-0.12204317937876487,0.7822885959743284,0.7822885959743284,1.3658959117703828,1.365895911769498,-0.852783591395975,-0.10890693817306428,-0.1616366801950753,0.24197195666229113,-0.7515428208827645,0.5807229812704164,-0.5005476488076274,-1.0008675389273078,-0.3951884546912985
117,0.7638171863456177,1.0284512646068313,1.1991931003238616,1.6089701820518945,2.038464969672743,1.5412275411178176,1.5412275411178176,1.3658959117703828,1.365895911769498,1.0823348169716234,0.6648830959435182,0.8452391006727372,1.5929518399188998,1.7889191271864646,0.0993976796941197,-0.5005476488076274,-0.1877548798043271,-1.4152065951890118
118,-0.3640300841324564,0.6985860862574665,-1.1007193355684985,-0.6215155576865655,-0.12204317937876487,-1.0218815335866516,-1.0218815335866516,-0.7321202087089251,-0.7321202087098097,-0.852783591395975,-1.2844968979633413,-0.6134932418649579,-1.026353943619986,-0.7515428208827645,0.8405215457365813,-0.5005476488076274,-0.09111599897369634,-1.1937611547385316
119,-1.4337822361298194,-1.806735431203195,-1.1007193355684985,-0.6215155576865655,-0.6801117850773627,-1.2123366546560983,-1.2123366546560983,-0.7321202087089251,-0.7321202087098097,-0.852783591395975,-0.8998198248389062,-1.6216816534273613,-0.0007771658139803485,-0.7515428208827645,-1.8107372227133327,-0.5005476488076274,0.9936073168267666,1.181841209847573
120,-1.4337822361298194,-1.806735431203195,-1.1007193355684985,-0.6215155576865655,-0.6801117850773627,-1.2772385955294308,-1.2772385955294308,-0.7321202087089251,-0.7321202087098097,-0.852783591395975,-0.732915523432865,-1.8352940248511502,-0.24145686632436725,-0.7515428208827645,-1.751229936744782,-0.5005476488076274,-0.1697935861840809,1.4910035249770053
121,1.0568786595747668,-0.7916593857319226,0.055074305128283006,-0.6215155576865655,-0.6801117850773627,0.039744356466406006,0.039744356466406006,1.3658959117703828,1.365895911769498,-0.852783591395975,0.21124235160407165,0.28748694112171974,-0.8083146510454798,-0.7515428208827645,0.5807229812704164,-0.5005476488076274,-1.946084672866218,-2.0134115107742145
122,0.4347101989165479,0.30605185398498463,-1.1007193355684985,-0.6215155576865655,0.8517241615651268,-0.6690902700348529,-0.6690902700348529,-0.7321202087089251,-0.7321202087098097,1.1679997327221208,0.7694387943438277,1.1479678721196707,0.4016757661310476,1.6300971200748542,0.5426140336360036,-0.5005476488076274,0.6539054043091551,-0.20094041362422466
123,-1.4337822361298194,-0.6823145776395891,-1.1007193355684985,-0.6215155576865655,-0.12204317937876487,-1.0345642781948725,-1.0345642781948725,-0.7321202087089251,-0.7321202087098097,-0.852783591395975,-0.31472797935194974,-1.3924923621662069,0.1578710490784001,-0.7515428208827645,-1.6985784991912682,0.21372463719044033,0.48490127368241176,1.6565383975210095
124,0.4347101989165479,0.3993661173625507,0.24143854285532132,-0.6215155576865655,-0.6801117850773627,0.33863470412957003,0.33863470412957003,-0.7321202087089251,-0.7321202087098097,-0.852783591395975,-0.25132316703685453,0.21666138785866135,0.972183818218549,-0.7515428208827645,-0.17497648774524682,-0.5005476488076274,-0.9387812241272234,0.019594271782797438
125,1.7724912096740832,1.0284512646068313,1.8192813849494063,-0.6215155576865655,1.6735864320707878,1.6891100746868604,1.6891100746868604,1.3658959117703828,1.365895911769498,1.4620201006249185,2.259489214761831,0.8452391006727372,1.9211358620249916,1.922866304938414,1.1736174047335637,-0.5005476488076274,-1.4243398863121544,-1.0976703153502467
126,1.7724912096740832,0.9712486348624837,1.8192813849494063,-0.6215155576865655,-1.9782899713102153,1.4671560223222075,1.4671560223222075,1.3658959117703828,1.365895911769498,1.4620201006249185,1.254052123972945,0.8452391006727372,-0.5895854478431893,0.43805044182625924,1.1736174047335637,0.20206943582726627,-1.1562006908342275,-0.6446341287150366
127,0.062039682462969474,0.3523190608687431,0.5775899222938418,1.6089701820518945,1.6735864320707878,0.022790033227192284,0.022790033227192284,-0.7321202087089251,-0.7321202087098097,1.4620201006249185,0.48930816741182787,1.1479678721196707,-0.2490472336821004,-0.7515428208827645,0.5426140336360036,2.2004935656533613,0.5147292326192254,1.6565383975210095
128,-0.3640300841324564,-0.6823145776395891,-1.1007193355684985,-0.6215155576865655,-0.12204317937876487,-0.9349366188835038,-0.9349366188835038,-0.7321202087089251,-0.7321202087098097,-0.852783591395975,-0.5072397825552367,-0.4406733641443425,0.2741433103377822,-0.7515428208827645,-1.3834934042396836,0.21372463719044033,0.14813958870417204,1.115194453509924
129,0.7638171863456177,0.6985860862574665,1.1991931003238616,1.6089701820518945,0.3864113411997915,1.5405821175787233,1.5405821175787233,1.3658959117703828,1.365895911769498,-0.852783591395975,-0.29436681772367207,-0.1616366801950753,-0.6835632455930436,-0.7515428208827645,-0.2912007386952259,0.8262286274945406,0.39155008675698033,-1.4225505371929246
130,1.0568786595747668,0.914950442014236,1.1991931003238616,1.6089701820518945,0.8517241615651268,1.5670298708309403,1.5670298708309403,1.3658959117703828,1.365895911769498,1.4620201006249185,0.7896517093328783,0.8452391006727372,-0.2852404206265829,1.4685529475692103,0.5807229812704164,-0.5005476488076274,-0.6212968755608512,0.8784913596610499
131,0.7638171863456177,0.7513742866788126,1.3952699738649512,-0.6215155576865655,0.8517241615651268,0.7056604422794399,0.7056604422794399,1.3658959117703828,1.365895911769498,1.4620201006249185,0.5473856711196341,0.8452391006727372,0.8098629423888377,0.43805044182625924,0.0993976796941197,1.561526040101314,0.09883785506061289,0.6147859807211598
132,1.0568786595747668,0.4472029308174746,1.1991931003238616,1.6089701820518945,-0.6801117850773627,0.5545612139955389,0.5545612139955389,1.3658959117703828,1.365895911769498,-0.852783591395975,-0.7920280888422654,-0.5231414598616464,-1.0206786782379118,-0.7515428208827645,1.1736174047335637,-0.5005476488076274,0.8302632819930099,1.115194453509924
133,0.4347101989165479,-0.7916593857319226,0.055074305128283006,-0.6215155576865655,-0.6801117850773627,0.33116532860075726,0.33116532860075726,1.3658959117703828,1.365895911769498,-0.852783591395975,0.3874995024399643,-0.1616366801950753,-0.43694685341262746,0.43805044182625924,-1.0732211827964806,1.52569174776189,0.26392864041318087,-0.8439378687824348
134,-0.3640300841324564,-0.22881090253958375,0.5775899222938418,1.6089701820518945,0.3864113411997915,-0.019325894582800384,-0.019325894582800384,-0.7321202087089251,-0.7321202087098097,-0.852783591395975,0.22750257340777888,0.21666138785866135,-0.045545210699459084,-0.7515428208827645,-0.17497648774524682,-0.5005476488076274,1.2034098682447762,0.695660012478161
135,-0.8566398098443941,-1.806735431203195,-1.1007193355684985,-0.6215155576865655,-0.6801117850773627,-1.2707998960475293,-1.2707998960475293,-0.7321202087089251,-0.7321202087098097,0.9283117025082126,-0.5452330015900135,0.4918655558291933,1.324604809228827,1.0318543467952668,-1.8529293456675502,0.6405330613829662,0.014562533648638165,0.8995931050230905
136,-0.3640300841324564,0.6466488868178577,0.5775899222938418,1.6089701820518945,0.3864113411997915,-0.5894490090392492,-0.5894490090392492,-0.7321202087089251,-0.7321202087098097,-0.852783591395975,0.06805893002361701,-0.02836667027894861,-0.2709722497471829,1.0318543467952668,-0.17497648774524682,-0.5005476488076274,0.22064321264815018,0.25645771221800734
137,-0.8566398098443941,-1.806735431203195,-1.1007193355684985,-0.6215155576865655,-0.6801117850773627,-1.174021801886867,-1.174021801886867,-0.7321202087089251,-0.7321202087098097,-0.852783591395975,0.11479198520557908,0.4918655558291933,0.9137822657744723,-0.7515428208827645,-1.7931239807118278,-0.5005476488076274,0.34689881600469774,1.181841209847573
138,-0.8566398098443941,-1.806735431203195,-1.1007193355684985,-0.6215155576865655,-0.6801117850773627,-1.2287793023922597,-1.2287793023922597,-0.7321202087089251,-0.7321202087098097,-0.852783591395975,-0.7352465933696212,-0.4406733641443425,0.7568067108933447,-0.7515428208827645,-1.8977049494811598,-0.5005476488076274,0.71228704349542,1.5987664732725797
139,0.4347101989165479,0.30605185398498463,1.4811962827025777,-0.6215155576865655,0.8517241615651268,-0.425717992998663,-0.425717992998663,-0.7321202087089251,-0.7321202087098097,0.9283117025082126,2.0107176960097957,1.1479678721196707,2.2952203531743476,1.0318543467952668,0.037997333436562315,-0.5005476488076274,-1.0367582267139457,-0.3951884546912985
140,-0.8566398098443941,-0.6823145776395891,-1.1007193355684985,-0.6215155576865655,-0.12204317937876487,0.8490423940844825,0.8490423940844825,-0.7321202087089251,-0.7321202087098097,1.4620201006249185,0.5431587456941098,1.1479678721196707,-0.6186163531954371,-0.7515428208827645,1.1736174047335637,0.0558687259111724,1.7016921693290024,0.695660012478161
141,0.7638171863456177,0.3993661173625507,0.24143854285532132,-0.6215155576865655,-0.6801117850773627,-0.7117634262617154,-0.7117634262617154,-0.7321202087089251,-0.7321202087098097,1.1679997327221208,0.9004608622389821,1.1479678721196707,1.5873920190485509,1.0318543467952668,0.5426140336360036,-0.5005476488076274,-0.8936902202140978,-1.8089184035941708
142,0.062039682462969474,0.3523190608687431,0.5775899222938418,1.6089701820518945,1.6735864320707878,-0.15547980447819454,-0.15547980447819454,-0.7321202087089251,-0.7321202087098097,0.9283117025082126,-0.839433520164346,-0.2465019633912106,-0.15051986330548697,1.6300971200748542,0.037997333436562315,-0.5005476488076274,0.9252305706563714,1.6565383975210095
143,-1.4337822361298194,0.9712486348624837,-1.1007193355684985,-0.6215155576865655,0.3864113411997915,-1.1279900526843385,-1.1279900526843385,-0.7321202087089251,-0.7321202087098097,-0.852783591395975,-0.6996487463024911,-1.8976590877261201,-0.16853547698657412,-0.7515428208827645,-1.8906882649258054,-0.1405626747086068,0.41742624588449667,-0.3754544036317249
144,1.0568786595747668,0.7513742866788126,1.1991931003238616,1.6089701820518945,0.8517241615651268,1.3033869364718014,1.3033869364718014,1.3658959117703828,1.365895911769498,1.2598404727677617,1.7674453672404074,0.8452391006727372,2.7265864203110493,1.7889191271864646,0.5807229812704164,-0.5005476488076274,0.23997325857352036,-0.5052436843453314
145,0.7638171863456177,0.859545821829031,1.4811962827025777,-0.6215155576865655,1.6735864320707878,1.1760856351042783,1.1760856351042783,-0.7321202087089251,-0.7321202087098097,0.9283117025082126,1.3375614731010768,1.1479678721196707,0.958948690196088,1.6300971200748542,0.5426140336360036,0.21372463719044033,0.9516302684977572,0.695660012478161
146,-1.4337822361298194,-1.806735431203195,-1.1007193355684985,-0.6215155576865655,-0.6801117850773627,-1.3496060284913738,-1.3496060284913738,-0.7321202087089251,-0.7321202087098097,-0.852783591395975,-0.6208253471655515,-1.9663745196588867,-1.8623070826336157,-0.7515428208827645,0.8405215457365813,-0.5005476488076274,-1.1474075232832035,0.64174609526608
147,0.062039682462969474,0.9712486348624837,0.5775899222938418,1.6089701820518945,0.8517241615651268,-0.21279806502786044,-0.21279806502786044,-0.7321202087089251,-0.7321202087098097,-0.852783591395975,-0.7481657663267312,0.21666138785866135,-0.6667849147730348,-0.7515428208827645,0.8405215457365813,-0.5005476488076274,0.22680192801804688,-1.0753294706033472
148,0.7638171863456177,0.859545821829031,0.5775899222938418,1.6089701820518945,0.3864113411997915,1.0732223688186004,1.0732223688186004,-0.7321202087089251,-0.7321202087098097,-0.852783591395975,0.3010332324245834,0.4918655558291933,-1.7126578120717817,1.0318543467952668,0.2762073651606177,2.067570442239213,1.9106048613772393,0.019594271782797438
149,0.7638171863456177,0.9712486348624837,1.4811962827025777,-0.6215155576865655,2.038464969672743,1.1514127688384468,1.1514127688384468,-0.7321202087089251,-0.7321202087098097,0.3368099162879238,-0.31300757969750787,0.4918655558291933,1.2782871914472078,1.8315924213572836,0.037997333436562315,-0.5005476488076274,-1.0878266193299941,-1.3406756004312808
150,-1.4337822361298194,-1.806735431203195,-1.1007193355684985,-0.6215155576865655,-0.6801117850773627,-1.271659001877616,-1.271659001877616,-0.7321202087089251,-0.7321202087098097,-0.852783591395975,-1.6023774777127404,-1.9663745196588867,-0.265748574664493,-0.7515428208827645,-1.9038676724944052,-0.5243574628353167,-0.38291373906689924,0.37438268585535805
151,-0.3640300841324564,0.30605185398498463,1.4811962827025777,-0.6215155576865655,0.8517241615651268,0.8080434040342046,0.8080434040342046,-0.7321202087089251,-0.7321202087098097,0.9283117025082126,0.6685238564159977,1.1479678721196707,0.6278934485897716,1.0318543467952668,0.037997333436562315,0.5621989716239308,-0.8416499728327141,-1.9237797816333408
152,0.062039682462969474,-0.5644013565310136,-1.3886013012595027,1.6089701820518945,-1.9782899713102153,-1.086378927071823,-1.086378927071823,-0.7321202087089251,-0.7321202087098097,-0.852783591395975,0.22788909586382122,0.21666138785866135,0.699434059307032,-0.7515428208827645,-0.36536621947112485,-0.5005476488076274,0.03489271323171516,-1.0314408398758874
153,-0.3640300841324564,-0.0371723267146882,0.055074305128283006,-0.6215155576865655,-0.12204317937876487,-0.10878318603250055,-0.10878318603250055,1.3658959117703828,1.365895911769498,0.5766833091167,0.05315665846888024,-0.1616366801950753,-0.8794213242754823,0.43805044182625924,-1.0732211827964806,2.888820929782841,1.7893973286161056,1.1192110979473056
154,0.4347101989165479,0.30605185398498463,1.4811962827025777,-0.6215155576865655,0.8517241615651268,1.536176441270407,1.536176441270407,-0.7321202087089251,-0.7321202087098097,0.5766833091167,-0.4609887279856177,0.8009261290727012,-0.26009072840090897,1.0318543467952668,0.5426140336360036,0.21372463719044033,-0.6477404301901003,-1.939449191722202
155,0.062039682462969474,0.4958394936561029,0.055074305128283006,-0.6215155576865655,0.3864113411997915,-0.12004143840376683,-0.12004143840376683,1.3658959117703828,1.365895911769498,-0.852783591395975,-0.2902339929978119,-0.8140021545840483,-0.8311727460612417,-0.7515428208827645,0.0993976796941197,-0.5005476488076274,-1.3129887544603525,-0.5835258092590583
156,0.4347101989165479,0.859545821829031,0.055074305128283006,-0.6215155576865655,-0.6801117850773627,0.1020630697098797,0.1020630697098797,1.3658959117703828,1.365895911769498,1.4620201006249185,1.1631603010826908,0.8452391006727372,-0.41489072111445874,-0.7515428208827645,1.1736174047335637,-0.5005476488076274,-0.7608854248397284,-0.20094041362422466
157,-0.8566398098443941,-1.806735431203195,-1.1007193355684985,-0.6215155576865655,-0.6801117850773627,-1.2466120816915385,-1.2466120816915385,-0.7321202087089251,-0.7321202087098097,-0.852783591395975,-1.6381356187394682,-0.2465019633912106,0.7472275104500613,-0.7515428208827645,-1.8404458766299985,-0.5005476488076274,0.4038375558039653,1.4910035249770053
158,-1.4337822361298194,0.21581778270395685,-1.1007193355684985,-0.6215155576865655,-0.12204317937876487,-1.071065355876229,-1.071065355876229,-0.7321202087089251,-0.7321202087098097,-0.852783591395975,-0.7213199844947383,-1.7350117008711132,-0.5349005219110126,-0.7515428208827645,-1.5932733574686915,0.21372463719044033,0.8997318033973443,1.115194453509924
159,-1.4337822361298194,-1.806735431203195,-1.1007193355684985,-0.6215155576865655,-0.6801117850773627,-1.2616409819536318,-1.2616409819536318,-0.7321202087089251,-0.7321202087098097,-0.852783591395975,-1.4080064261153067,-1.9663745196588867,-0.13524298022959433,-0.7515428208827645,-1.9038676724944052,-0.1405626747086068,-0.14528732439292186,1.270636476758266
160,-0.8566398098443941,0.6985860862574665,0.055074305128283006,-0.6215155576865655,-0.12204317937876487,-0.1615122224008266,-0.1615122224008266,1.3658959117703828,1.365895911769498,-0.852783591395975,0.4306721847906896,-0.5231414598616464,-1.6941463855181103,-0.7515428208827645,1.1736174047335637,-6.5384163506377035,-0.323634013317797,0.08354413098540173
161,0.4347101989165479,0.914950442014236,0.24143854285532132,-0.6215155576865655,-0.12204317937876487,0.7895633508047869,0.7895633508047869,-0.7321202087089251,-0.7321202087098097,0.9283117025082126,0.3978889297396612,0.8009261290727012,-0.45957254911033185,-0.7515428208827645,0.8405215457365813,-0.5005476488076274,-0.11104502306215215,0.6147859807211598
162,-0.3640300841324564,0.3523190608687431,0.5775899222938418,1.6089701820518945,1.6735864320707878,0.42828778817230106,0.42828778817230106,-0.7321202087089251,-0.7321202087098097,1.1679997327221208,0.30610828865958023,0.8009261290727012,-0.44410762282012695,1.0318543467952668,-0.17497648774524682,0.40136510188560737,1.6812278478904028,1.0346384540492137
163,-0.3640300841324564,-0.6823145776395891,-1.1007193355684985,-0.6215155576865655,-0.12204317937876487,0.8530985349488648,0.8530985349488648,-0.7321202087089251,-0.7321202087098097,-0.852783591395975,-0.305918903753265,0.4918655558291933,-0.3628677148254694,-0.7515428208827645,0.8405215457365813,-0.5005476488076274,-0.21447313970024454,-0.9596853734266299
164,-1.4337822361298194,-1.806735431203195,-1.1007193355684985,-0.6215155576865655,-0.6801117850773627,-1.2256350269409895,-1.2256350269409895,-0.7321202087089251,-0.7321202087098097,-0.852783591395975,-2.1834028361806608,-1.909132703222612,0.35056117282236154,-0.7515428208827645,-1.9038676724944052,-0.5005476488076274,0.37359457483406666,1.181841209847573
165,1.5570469416558246,-0.0371723267146882,0.055074305128283006,-0.6215155576865655,-0.12204317937876487,1.499530586072058,1.499530586072058,1.3658959117703828,1.365895911769498,1.4620201006249185,3.091748933352026,0.8452391006727372,2.1110061049842073,1.0998960999631677,1.1736174047335637,-0.5005476488076274,-1.077394032769414,-0.5961311362618368
166,1.7724912096740832,0.6985860862574665,1.1991931003238616,1.6089701820518945,0.8517241615651268,1.5320978813120565,1.5320978813120565,1.3658959117703828,1.365895911769498,1.1679997327221208,1.2340874129848456,0.8452391006727372,0.12913785596624572,1.4685529475692103,0.5807229812704164,2.9116686435097896,2.3623108128228467,0.4520692043324983
167,0.062039682462969474,0.859545821829031,1.4811962827025777,-0.6215155576865655,1.6735864320707878,-0.3832439172180945,-0.3832439172180945,-0.7321202087089251,-0.7321202087098097,-0.852783591395975,0.27843886777884835,0.4918655558291933,-0.10888243978602193,-0.7515428208827645,0.8405215457365813,-0.5005476488076274,-0.34148346672658986,-0.9706576049263046
168,1.0568786595747668,0.859545821829031,0.5775899222938418,1.6089701820518945,0.3864113411997915,-0.507069746591649,-0.507069746591649,-0.7321202087089251,-0.7321202087098097,0.9283117025082126,0.5170364156499091,1.1479678721196707,0.8650649390167805,1.0318543467952668,0.8405215457365813,-0.5005476488076274,0.3052135275988471,0.6999826297641357
169,0.4347101989165479,0.9712486348624837,0.5775899222938418,1.6089701820518945,1.2792778261389937,-0.9123988327129634,-0.9123988327129634,-0.7321202087089251,-0.7321202087098097,0.164471683245573,-0.7763923813399812,0.4918655558291933,1.2012161013387823,1.0318543467952668,-0.36536621947112485,-0.5005476488076274,-0.08254280083738426,-0.7320382284892791
170,-0.8566398098443941,0.914950442014236,0.5775899222938418,1.6089701820518945,1.2792778261389937,-0.9681100404614821,-0.9681100404614821,-0.7321202087089251,-0.7321202087098097,-0.852783591395975,0.1678371011544805,-0.4406733641443425,-0.45069471016259943,-0.7515428208827645,-0.36536621947112485,1.286908566854767,-0.07733668797017357,1.376588017982301
171,1.5570469416558246,1.086569284774658,1.1991931003238616,1.6089701820518945,1.2792778261389937,1.6435315635958216,1.6435315635958216,1.3658959117703828,1.365895911769498,0.9283117025082126,0.24516707899695828,0.28748694112171974,1.0536852170141275,1.4685529475692103,1.1736174047335637,-0.5005476488076274,0.26430903445302256,0.64174609526608
172,1.5570469416558246,1.0284512646068313,0.055074305128283006,-0.6215155576865655,0.8517241615651268,1.3788966269661636,1.3788966269661636,1.3658959117703828,1.365895911769498,1.4620201006249185,1.095212304308337,0.8452391006727372,0.5133984539086818,1.4685529475692103,1.1736174047335637,2.2134099820895057,0.9568385796869074,-0.20094041362422466
173,-0.8566398098443941,0.21581778270395685,-1.1007193355684985,-0.6215155576865655,-0.12204317937876487,-0.4093878815359153,-0.4093878815359153,-0.7321202087089251,-0.7321202087098097,-0.852783591395975,0.0024879134410550844,0.21666138785866135,-0.834974483145121,-0.7515428208827645,0.8405215457365813,-0.5005476488076274,-0.21195606550295173,1.3765880179822871
174,-0.3640300841324564,0.6985860862574665,-1.1007193355684985,-0.6215155576865655,-0.12204317937876487,-0.7877064733834553,-0.7877064733834553,-0.7321202087089251,-0.7321202087098097,-0.852783591395975,-0.5308948763322704,-0.6134932418649579,-0.3735221602114782,-0.7515428208827645,0.5426140336360036,0.21372463719044033,-0.3885892909796062,0.25645771221800734
175,-1.4337822361298194,-0.22881090253958375,0.5775899222938418,1.6089701820518945,0.3864113411997915,-1.208095676685484,-1.208095676685484,-0.7321202087089251,-0.7321202087098097,-0.852783591395975,-0.556054243242676,-1.8144911325981103,-0.6065317104155845,-0.7515428208827645,-1.3834934042396836,0.7760737707369461,0.6695743509350032,0.6147859807211598
176,0.062039682462969474,-0.7916593857319226,0.055074305128283006,-0.6215155576865655,-0.6801117850773627,-0.056350195223110855,-0.056350195223110855,1.3658959117703828,1.365895911769498,-0.852783591395975,0.15336871251062514,-0.5231414598616464,-1.675966165320773,-0.7515428208827645,0.0993976796941197,1.066072596824085,0.5769290295588249,-1.0414350190270854
177,0.4347101989165479,-0.22881090253958375,0.5775899222938418,1.6089701820518945,0.3864113411997915,-0.778107118744321,-0.778107118744321,-0.7321202087089251,-0.7321202087098097,0.9283117025082126,-0.13627493788973719,0.8009261290727012,1.4139009982734385,1.0318543467952668,0.5426140336360036,-0.5005476488076274,0.6796127823706466,-0.20094041362422466
178,1.0568786595747668,0.914950442014236,0.055074305128283006,-0.6215155576865655,-0.12204317937876487,0.3718285137060585,0.3718285137060585,1.3658959117703828,1.365895911769498,1.4620201006249185,1.1087413641272812,0.8452391006727372,-0.5598972540447774,-0.7515428208827645,1.1736174047335637,-3.725508009604215,-2.458188179465974,-1.9554629018417125
179,1.5570469416558246,0.9712486348624837,1.4811962827025777,-0.6215155576865655,2.038464969672743,1.2223987252647355,1.2223987252647355,-0.7321202087089251,-0.7321202087098097,-0.852783591395975,0.21996580985681674,0.8009261290727012,0.8593559198349914,1.8315924213572836,1.1736174047335637,-0.5005476488076274,-0.6677237138936928,0.08354413098540173
180,1.0568786595747668,-0.0371723267146882,0.055074305128283006,-0.6215155576865655,-0.12204317937876487,0.7801121786987781,0.7801121786987781,1.3658959117703828,1.365895911769498,1.4620201006249185,1.8364475856733973,0.8452391006727372,1.0664856319344833,1.0998960999631677,0.5807229812704164,-0.5005476488076274,-0.01636173205637511,-1.642297913998289
181,-0.3640300841324564,-0.5644013565310136,-1.3886013012595027,1.6089701820518945,-1.9782899713102153,-1.1660038607090684,-1.1660038607090684,-0.7321202087089251,-0.7321202087098097,0.9283117025082126,0.23934263575175474,0.8009261290727012,1.1942974002909983,-0.7515428208827645,0.5426140336360036,-0.5322993989849993,-0.27728810932679604,-0.20094041362422466
182,-0.3640300841324564,0.914950442014236,-1.1007193355684985,-0.6215155576865655,0.8517241615651268,-0.7711402898174117,-0.7711402898174117,-0.7321202087089251,-0.7321202087098097,0.9283117025082126,0.3655460145941916,0.8009261290727012,0.7583633323177863,-0.7515428208827645,-0.36536621947112485,-0.5005476488076274,-0.1062086304988173,-0.8439378687824348
183,-1.4337822361298194,-1.806735431203195,-1.1007193355684985,-0.6215155576865655,-0.6801117850773627,-1.271528310383292,-1.271528310383292,-0.7321202087089251,-0.7321202087098097,-0.852783591395975,-1.8647647301224255,-1.9663745196588867,-1.9973482414958295,-0.7515428208827645,0.5426140336360036,-0.5005476488076274,-1.310767843948637,0.6999826297641357
184,-0.8566398098443941,-1.806735431203195,-1.1007193355684985,-0.6215155576865655,-0.6801117850773627,-1.2365720387912185,-1.2365720387912185,-0.7321202087089251,-0.7321202087098097,-0.852783591395975,-0.33367206887085865,-0.02836667027894861,0.5621485903005328,-0.7515428208827645,-0.8235737531726128,-0.5005476488076274,-0.08923001477684761,0.25645771221800734
185,0.7638171863456177,0.3993661173625507,0.24143854285532132,-0.6215155576865655,-0.6801117850773627,-0.12895901005431393,-0.12895901005431393,-0.7321202087089251,-0.7321202087098097,0.9283117025082126,0.2678007447692602,0.8009261290727012,1.0797140400542158,-0.7515428208827645,0.5426140336360036,-0.5005476488076274,-0.2460447357374461,0.6147859807211598
186,-0.3640300841324564,-0.7916593857319226,0.055074305128283006,-0.6215155576865655,-0.6801117850773627,-0.10695557973465265,-0.10695557973465265,1.3658959117703828,1.365895911769498,-0.852783591395975,-0.6699595639641374,-1.047928001226318,-2.0982254118157,-0.7515428208827645,0.5807229812704164,-0.5005476488076274,1.12282256367276,-0.01947547100346879
187,0.062039682462969474,0.6985860862574665,0.055074305128283006,-0.6215155576865655,-0.12204317937876487,-0.16232224332545941,-0.16232224332545941,1.3658959117703828,1.365895911769498,-0.852783591395975,-0.15827465078069725,-0.5231414598616464,-1.6568156970371857,-0.7515428208827645,-0.8649725089998138,0.8978502775028212,1.134772409939701,0.2990379844648322
188,0.7638171863456177,-0.0371723267146882,0.055074305128283006,-0.6215155576865655,-0.12204317937876487,0.3463781378556697,0.3463781378556697,1.3658959117703828,1.365895911769498,-0.852783591395975,-0.5539378713487051,-0.1616366801950753,-1.2105661770702802,-0.7515428208827645,0.5807229812704164,0.8262286274945406,0.13294432894904465,-0.5609694149694849
189,1.0568786595747668,0.4472029308174746,1.1991931003238616,1.6089701820518945,-0.6801117850773627,1.5117028546966254,1.5117028546966254,1.3658959117703828,1.365895911769498,1.4620201006249185,0.8894772403553944,0.8452391006727372,-0.4314139759179553,0.43805044182625924,1.1736174047335637,2.057917223156937,1.3397931318115983,0.8784913596610499
190,1.0568786595747668,1.0284512646068313,0.055074305128283006,-0.6215155576865655,0.8517241615651268,1.4325267968997963,1.4325267968997963,1.3658959117703828,1.365895911769498,1.4620201006249185,1.9466358283818967,0.8452391006727372,1.0243912065245075,1.0998960999631677,1.1736174047335637,0.9047458419029585,0.46816769272201464,-0.5961311362618368
191,-1.4337822361298194,-1.806735431203195,-1.1007193355684985,-0.6215155576865655,-0.6801117850773627,-1.2586297926121957,-1.2586297926121957,-0.7321202087089251,-0.7321202087098097,-0.852783591395975,-0.9998013566841435,-1.2305833314083114,0.6645895449690187,-0.7515428208827645,-1.5493924685986495,-0.5005476488076274,-0.8685388184851534,-0.3754544036317249
192,1.0568786595747668,0.7513742866788126,0.5775899222938418,1.6089701820518945,2.377160384336841,1.033546778410867,1.033546778410867,-0.7321202087089251,-0.7321202087098097,1.2598404727677617,0.5461570015267657,1.1479678721196707,0.11261435175854469,1.6300971200748542,0.5426140336360036,1.6339473868409966,0.7633203742467094,-1.17139416842923
193,0.062039682462969474,-0.7916593857319226,0.055074305128283006,-0.6215155576865655,-0.6801117850773627,0.8805306338235706,0.8805306338235706,1.3658959117703828,1.365895911769498,0.9283117025082126,2.339281436983004,0.8452391006727372,2.135796005108735,0.43805044182625924,0.0993976796941197,-0.5005476488076274,0.04927560369071633,0.0863068208570581
194,0.7638171863456177,0.7513742866788126,0.055074305128283006,-0.6215155576865655,0.3864113411997915,-0.1227221977876696,-0.1227221977876696,1.3658959117703828,1.365895911769498,0.9283117025082126,0.21548939118980856,0.28748694112171974,-1.3537054315377586,-0.7515428208827645,0.5807229812704164,-0.5005476488076274,-1.8614082938095358,-1.6379715767188057
195,-0.3640300841324564,-0.5644013565310136,-1.3886013012595027,1.6089701820518945,-1.9782899713102153,-0.9522983470878355,-0.9522983470878355,-0.7321202087089251,-0.7321202087098097,-0.852783591395975,0.11913805513116414,0.4918655558291933,-0.1475512064776642,-0.7515428208827645,0.8405215457365813,-0.5005476488076274,1.3708406628979202,0.6525753097981701
196,0.7638171863456177,-0.7916593857319226,0.055074305128283006,-0.6215155576865655,-0.6801117850773627,0.26571576610837083,0.26571576610837083,1.3658959117703828,1.365895911769498,1.4620201006249185,0.6341257292882484,0.8452391006727372,-0.29249212297236155,1.0998960999631677,0.0993976796941197,1.8032074560695852,-0.18106884314168278,-1.6690499431187007
197,-1.4337822361298194,-1.806735431203195,-1.1007193355684985,-0.6215155576865655,-0.6801117850773627,-1.26972213810804,-1.26972213810804,-0.7321202087089251,-0.7321202087098097,-0.852783591395975,-1.7375574330885437,-1.9193152333704249,0.3040223215203879,-0.7515428208827645,-1.882812801578214,-0.5005476488076274,-0.8333103871357886,1.115194453509924
198,1.969091132787549,1.086569284774658,1.8192813849494063,-0.6215155576865655,-0.12204317937876487,1.7091744889380558,1.7091744889380558,1.3658959117703828,1.365895911769498,1.4620201006249185,2.1428796898614206,0.8452391006727372,1.1342540316517296,1.922866304938414,1.1736174047335637,0.21372463719044033,0.25404505420398976,-0.3533340080527271
199,1.0568786595747668,0.8050239989833801,1.8192813849494063,-0.6215155576865655,1.2792778261389937,1.4799840822673984,1.4799840822673984,1.3658959117703828,1.365895911769498,-0.852783591395975,-0.24538596312283073,0.28748694112171974,-0.5257807720993473,0.43805044182625924,0.5807229812704164,1.2412517981294175,0.9579226284267554,-0.6446341287150366
200,1.3197461913055784,0.5955522648308137,0.055074305128283006,-0.6215155576865655,-1.295649915143251,0.6247598809301331,0.6247598809301331,1.3658959117703828,1.365895911769498,1.4620201006249185,1.6868729432289598,0.8452391006727372,0.9674506640997572,1.7889191271864646,0.5807229812704164,-0.013903405340120228,1.3974361752612183,0.25645771221800734
201,-1.4337822361298194,0.3993661173625507,-1.1007193355684985,-0.6215155576865655,0.3864113411997915,-0.8751454503724244,-0.8751454503724244,-0.7321202087089251,-0.7321202087098097,-0.852783591395975,0.01425388513370706,-1.3924923621662069,-0.7368294329519195,-0.7515428208827645,0.2762073651606177,-0.5005476488076274,-0.3883772855997793,-0.2854107554977783
202,-0.3640300841324564,0.30605185398498463,1.4811962827025777,-0.6215155576865655,0.8517241615651268,0.0812085437796821,0.0812085437796821,-0.7321202087089251,-0.7321202087098097,0.9283117025082126,0.715698870785912,1.1479678721196707,1.2382133629294432,1.6300971200748542,1.1736174047335637,-0.5005476488076274,-1.9173350945374041,-2.131796017275931
203,0.062039682462969474,0.859545821829031,0.5775899222938418,1.6089701820518945,0.3864113411997915,-0.9701390186368261,-0.9701390186368261,-0.7321202087089251,-0.7321202087098097,0.9283117025082126,0.21538032684175698,0.8009261290727012,-0.004343981472967596,1.0318543467952668,-0.5355475226872602,-0.5005476488076274,0.5350336884977834,0.37438268585535805
204,-1.4337822361298194,-1.806735431203195,-1.1007193355684985,-0.6215155576865655,-0.6801117850773627,-1.2931204128691598,-1.2931204128691598,-0.7321202087089251,-0.7321202087098097,-0.852783591395975,-1.6588326474535913,-1.9663745196588867,-0.3950617318447405,-0.7515428208827645,-1.9038676724944052,0.5268720308432985,-0.2638998261839369,1.4910035249770053
205,-0.3640300841324564,0.3523190608687431,0.5775899222938418,1.6089701820518945,1.6735864320707878,0.7358760868898839,0.7358760868898839,-0.7321202087089251,-0.7321202087098097,-0.852783591395975,0.21476357490189033,0.4918655558291933,-0.6309724637350296,-0.7515428208827645,0.5426140336360036,1.294589914185189,1.8955688141565756,0.4060369440752991
206,-0.3640300841324564,-1.806735431203195,-1.1007193355684985,-0.6215155576865655,-0.6801117850773627,-1.1261502727708168,-1.1261502727708168,-0.7321202087089251,-0.7321202087098097,-0.852783591395975,-0.4004256480499973,-0.4406733641443425,-0.051201943717068085,-0.7515428208827645,-0.17497648774524682,-0.5005476488076274,0.8414226393734403,-0.01947547100346879
207,-0.8566398098443941,0.6985860862574665,0.055074305128283006,-0.6215155576865655,-0.12204317937876487,-0.15741926822900953,-0.15741926822900953,1.3658959117703828,1.365895911769498,-0.852783591395975,-0.8051699101297181,-1.2359864681781505,-1.602953716462782,-0.7515428208827645,-0.8649725089998138,-0.4104822103718298,0.913953094517937,0.695660012478161
208,1.0568786595747668,0.4958394936561029,0.055074305128283006,-0.6215155576865655,0.3864113411997915,0.1329425978449635,0.1329425978449635,1.3658959117703828,1.365895911769498,-0.852783591395975,0.23316226193086165,-0.1616366801950753,-0.42221416918714005,-0.7515428208827645,1.1736174047335637,-0.5005476488076274,-1.3750456236798767,-1.6690499431187007
209,-1.4337822361298194,-0.6823145776395891,-1.1007193355684985,-0.6215155576865655,-0.12204317937876487,-1.193760969063128,-1.193760969063128,-0.7321202087089251,-0.7321202087098097,-0.852783591395975,-0.549919992217791,-1.7350117008711132,0.5329607746251974,-0.7515428208827645,-1.9038676724944052,-0.5005476488076274,0.35274798485249836,0.8995931050230905
210,0.062039682462969474,-0.7916593857319226,0.055074305128283006,-0.6215155576865655,-0.6801117850773627,-0.024515309259475142,-0.024515309259475142,1.3658959117703828,1.365895911769498,0.5766833091167,0.12122138929471597,-0.5231414598616464,-0.9705915460690943,0.43805044182625924,-0.6080495599972832,-0.5005476488076274,0.39429390349812726,-0.20094041362422466
211,-1.4337822361298194,-1.806735431203195,-1.1007193355684985,-0.6215155576865655,-0.6801117850773627,-1.269087517918363,-1.269087517918363,-0.7321202087089251,-0.7321202087098097,-0.852783591395975,-0.7873940278542413,-1.9663745196588867,0.005779136381568688,-0.7515428208827645,-1.9038676724944052,-0.5005476488076274,0.2526255350566624,0.6999826297641357
212,0.4347101989165479,0.9712486348624837,1.4811962827025777,-0.6215155576865655,0.3864113411997915,1.1240323318445506,1.1240323318445506,-0.7321202087089251,-0.7321202087098097,1.4620201006249185,2.1923455138901513,1.1479678721196707,1.8334538614803844,1.8315924213572836,1.1736174047335637,-0.5005476488076274,-2.170841917475147,-2.227140466833806
213,1.7724912096740832,1.086569284774658,1.4811962827025777,-0.6215155576865655,0.8517241615651268,1.5139898724516923,1.5139898724516923,-0.7321202087089251,-0.7321202087098097,1.4620201006249185,1.1873330563586555,1.1479678721196707,-0.5466734273648057,1.6300971200748542,1.1736174047335637,-0.5005476488076274,-0.26905832704321386,0.695660012478161
214,1.3197461913055784,1.0284512646068313,0.055074305128283006,-0.6215155576865655,0.3864113411997915,1.4383534130623694,1.4383534130623694,1.3658959117703828,1.365895911769498,-0.852783591395975,0.3975157015672486,-0.1616366801950753,-0.2018607734323095,0.43805044182625924,0.5807229812704164,-0.5005476488076274,-0.5450325159530132,-0.9596853734266299
215,1.0568786595747668,0.7513742866788126,1.1991931003238616,1.6089701820518945,2.038464969672743,1.1143661221113146,1.1143661221113146,1.3658959117703828,1.365895911769498,1.1679997327221208,1.0757175453957455,0.8452391006727372,0.4200548507736413,1.6741387980678815,0.0993976796941197,0.8233612403713492,1.0844982566144303,-0.01947547100346879
216,-0.3640300841324564,0.7513742866788126,0.055074305128283006,-0.6215155576865655,0.3864113411997915,-0.14460213535050184,-0.14460213535050184,1.3658959117703828,1.365895911769498,-0.852783591395975,0.4059913196070087,0.28748694112171974,-1.2933493407123486,-0.7515428208827645,-0.2912007386952259,0.8262286274945406,0.44855745218594045,-1.6558768606052772
217,1.7724912096740832,0.8050239989833801,1.8192813849494063,-0.6215155576865655,1.2792778261389937,1.5944492770412684,1.5944492770412684,1.3658959117703828,1.365895911769498,0.9283117025082126,0.027567111546950192,0.28748694112171974,-0.37978418243976875,1.0998960999631677,0.5807229812704164,0.9047458419029585,0.914568568292153,-0.3754544036317249
218,-0.8566398098443941,0.7513742866788126,0.5775899222938418,1.6089701820518945,2.377160384336841,-0.26484151640345394,-0.26484151640345394,-0.7321202087089251,-0.7321202087098097,0.5766833091167,0.9711067899202318,1.1479678721196707,0.3243530316722696,1.0318543467952668,0.2762073651606177,2.1829447445283106,1.9004343833172517,1.6565383975210095
219,1.5570469416558246,0.9712486348624837,1.1991931003238616,1.6089701820518945,0.3864113411997915,1.509085373192302,1.509085373192302,1.3658959117703828,1.365895911769498,1.4620201006249185,0.6784172777114368,0.8452391006727372,-0.8136988577345486,1.0998960999631677,1.1736174047335637,-0.5005476488076274,1.931064698789539,1.270636476758266
220,0.7638171863456177,0.7513742866788126,1.1991931003238616,1.6089701820518945,0.8517241615651268,1.549222030866605,1.549222030866605,1.3658959117703828,1.365895911769498,-0.852783591395975,-0.7488867066550722,-0.8140021545840483,0.5869870729474632,-0.7515428208827645,0.5807229812704164,-0.5005476488076274,0.21943447935090246,-0.9982648618909742
221,0.7638171863456177,-0.7916593857319226,0.055074305128283006,-0.6215155576865655,-0.6801117850773627,-0.1590995581129242,-0.1590995581129242,1.3658959117703828,1.365895911769498,1.4620201006249185,0.631211154747728,0.8452391006727372,-1.1753864618594414,-0.7515428208827645,1.1736174047335637,-0.5005476488076274,0.8007840713374227,0.695660012478161
222,1.0568786595747668,0.859545821829031,0.055074305128283006,-0.6215155576865655,0.8517241615651268,0.3050624147359983,0.3050624147359983,1.3658959117703828,1.365895911769498,-0.852783591395975,-0.6716898573337207,-0.5231414598616464,-1.3900488422976727,-0.7515428208827645,0.5807229812704164,-0.5005476488076274,-1.364446910323073,-0.5961311362618368
223,0.7638171863456177,-0.5644013565310136,-1.3886013012595027,1.6089701820518945,-1.9782899713102153,0.7126839005275778,0.7126839005275778,-0.7321202087089251,-0.7321202087098097,0.9283117025082126,2.265652264440746,1.1479678721196707,2.534740153285585,1.6300971200748542,0.8405215457365813,-0.5005476488076274,-0.5632309317257439,-0.20094041362422466
224,1.0568786595747668,0.4472029308174746,0.24143854285532132,-0.6215155576865655,-1.9782899713102153,1.355261536616513,1.355261536616513,-0.7321202087089251,-0.7321202087098097,-0.852783591395975,0.42506176000019347,0.8009261290727012,-0.4020742528256282,1.0318543467952668,0.8405215457365813,2.5246465607376747,2.1615097468514266,1.485925633535341
225,-0.8566398098443941,-1.806735431203195,-1.1007193355684985,-0.6215155576865655,-0.6801117850773627,-1.23528885656151,-1.23528885656151,-0.7321202087089251,-0.7321202087098097,-0.852783591395975,-0.9561330546793992,-0.2465019633912106,1.0804588731696299,-0.7515428208827645,-1.9038676724944052,0.7985730149284612,0.18170880625354008,1.181841209847573
226,-0.8566398098443941,0.30605185398498463,-1.1007193355684985,-0.6215155576865655,0.8517241615651268,-1.187090109367091,-1.187090109367091,-0.7321202087089251,-0.7321202087098097,0.9283117025082126,-0.5759452263727475,0.21666138785866135,0.8982607665222252,-0.7515428208827645,-1.7264052765847484,-0.39764974054054625,-0.4710825964714257,-0.5553953086770933
227,-0.3640300841324564,0.30605185398498463,-1.1007193355684985,-0.6215155576865655,0.8517241615651268,-1.050624610035968,-1.050624610035968,-0.7321202087089251,-0.7321202087098097,0.5766833091167,-0.7305379803715865,0.8009261290727012,2.1642489878060145,1.0318543467952668,-0.6876481810723462,-0.5005476488076274,-1.309098204404691,0.8995931050230905
228,1.3197461913055784,-0.7916593857319226,0.055074305128283006,-0.6215155576865655,-0.6801117850773627,0.8439495126387007,0.8439495126387007,1.3658959117703828,1.365895911769498,1.4620201006249185,0.7213167085283702,0.8452391006727372,-1.302069306408288,-0.7515428208827645,0.5807229812704164,-0.5005476488076274,-0.3446646284981503,-0.3754544036317249
229,1.7724912096740832,1.0284512646068313,1.4811962827025777,-0.6215155576865655,-1.295649915143251,1.5388352251922857,1.5388352251922857,-0.7321202087089251,-0.7321202087098097,1.4620201006249185,1.6572625726668502,1.1479678721196707,-1.1701703176109626,1.0318543467952668,1.1736174047335637,-0.5005476488076274,-0.9165142523758643,-1.6558768606052772
230,-0.3640300841324564,-0.6823145776395891,-1.1007193355684985,-0.6215155576865655,-0.12204317937876487,-0.46579066853803675,-0.46579066853803675,-0.7321202087089251,-0.7321202087098097,1.4620201006249185,0.5346725882838386,1.1479678721196707,0.13038568765751826,-0.7515428208827645,0.5426140336360036,-0.5005476488076274,-0.9859869337108862,0.695660012478161
231,0.7638171863456177,1.0284512646068313,0.055074305128283006,-0.6215155576865655,0.3864113411997915,1.1674886668158846,1.1674886668158846,1.3658959117703828,1.365895911769498,-0.852783591395975,-0.13841065213565634,-0.1616366801950753,-0.1010624263661238,-0.7515428208827645,0.5807229812704164,-0.5005476488076274,-1.603127093171406,-2.1095989686347476
232,1.0568786595747668,0.859545821829031,0.055074305128283006,-0.6215155576865655,-0.6801117850773627,-0.09602226598401663,-0.09602226598401663,1.3658959117703828,1.365895911769498,1.4620201006249185,0.639914794095023,0.8452391006727372,-1.6647656200337595,-0.7515428208827645,1.1736174047335637,0.6586408312276898,1.7956992346662028,1.4814498772630984
233,-1.4337822361298194,-1.806735431203195,-1.1007193355684985,-0.6215155576865655,-0.6801117850773627,-1.2738169531482084,-1.2738169531482084,-0.7321202087089251,-0.7321202087098097,-0.852783591395975,-1.1004806265422808,-1.9663745196588867,-0.6641057631773098,-0.7515428208827645,-1.7733737755910566,-0.1405626747086068,-0.1875856632527622,-0.7320382284892791
234,0.4347101989165479,0.3523190608687431,0.5775899222938418,1.6089701820518945,1.6735864320707878,-0.5908668952753168,-0.5908668952753168,-0.7321202087089251,-0.7321202087098097,0.5766833091167,-0.6825952040558778,0.4918655558291933,1.2084794103574226,1.6300971200748542,0.2762073651606177,-0.5005476488076274,-0.5506507432645389,-1.4567894231264786
235,-1.4337822361298194,-1.806735431203195,-1.1007193355684985,-0.6215155576865655,-0.6801117850773627,-1.2573520164301197,-1.2573520164301197,-0.7321202087089251,-0.7321202087098097,-0.852783591395975,-0.21718570092402364,-1.0259076098400428,0.5239261130113342,-0.7515428208827645,-1.864056853342299,0.21372463719044033,0.4231599473051986,0.6147859807211598
236,0.4347101989165479,-0.7916593857319226,0.055074305128283006,-0.6215155576865655,-0.6801117850773627,0.4712682690369988,0.4712682690369988,1.3658959117703828,1.365895911769498,-0.852783591395975,-1.3096228889959585,-0.8140021545840483,-0.8043699826771432,-0.7515428208827645,-0.2912007386952259,-0.5005476488076274,-1.6112734406445355,-1.8075354889631812
237,-0.3640300841324564,0.6985860862574665,0.055074305128283006,-0.6215155576865655,-0.12204317937876487,-0.09832444922184962,-0.09832444922184962,1.3658959117703828,1.365895911769498,0.5766833091167,0.6666707415623007,0.8452391006727372,-0.23909973082803304,-0.7515428208827645,-1.0732211827964806,0.8978502775028212,0.7641696551206265,-0.20094041362422466
238,0.062039682462969474,-0.7916593857319226,0.055074305128283006,-0.6215155576865655,-0.6801117850773627,0.185391765691344,0.185391765691344,1.3658959117703828,1.365895911769498,-0.852783591395975,-0.06541089462671484,-0.1616366801950753,-0.762597356378069,-0.7515428208827645,0.0993976796941197,-0.5005476488076274,-1.5931825191117939,-0.5553953086770933
239,-0.8566398098443941,-0.7916593857319226,0.055074305128283006,-0.6215155576865655,-0.6801117850773627,0.16593819076773128,0.16593819076773128,1.3658959117703828,1.365895911769498,-0.852783591395975,-0.2632364706493568,-1.605966406417156,-2.376374007932462,-0.7515428208827645,0.5807229812704164,-0.5005476488076274,0.08799020934906503,-0.16887579733011066
240,-0.8566398098443941,-1.806735431203195,-1.1007193355684985,-0.6215155576865655,-0.6801117850773627,-1.2689808792367208,-1.2689808792367208,-0.7321202087089251,-0.7321202087098097,-0.852783591395975,-1.0540067468052248,-0.6134932418649579,0.05181604820280353,-0.7515428208827645,-1.0535464986016343,-0.5005476488076274,-1.1524742771701517,0.19042599076646446
241,-1.4337822361298194,-1.806735431203195,-1.1007193355684985,-0.6215155576865655,-0.6801117850773627,-1.2623346612536972,-1.2623346612536972,-0.7321202087089251,-0.7321202087098097,-0.852783591395975,-1.7626313813792929,-1.9663745196588867,0.10188410516052444,-0.7515428208827645,-1.9038676724944052,-0.5005476488076274,0.05689822974195616,1.068443801508329
242,-1.4337822361298194,-0.6823145776395891,-1.1007193355684985,-0.6215155576865655,-0.12204317937876487,-1.113795820302211,-1.113795820302211,-0.7321202087089251,-0.7321202087098097,-0.852783591395975,-1.0504013187909662,-1.6639959672411442,-0.6074684062656576,-0.7515428208827645,-0.8235737531726128,-0.1405626747086068,0.8418803660290544,-0.01947547100346879
243,1.5570469416558246,1.086569284774658,1.3952699738649512,-0.6215155576865655,1.2792778261389937,1.6739307197032673,1.6739307197032673,1.3658959117703828,1.365895911769498,1.4620201006249185,1.7275011537231073,0.8452391006727372,1.7188190890960071,1.888977924164655,1.1736174047335637,-0.5005476488076274,-0.8078736043640102,0.2564577122180169
244,1.3197461913055784,0.6985860862574665,1.1991931003238616,1.6089701820518945,0.8517241615651268,0.689410706317858,0.689410706317858,1.3658959117703828,1.365895911769498,1.4620201006249185,1.481005180507403,0.8452391006727372,-0.486485416235317,0.43805044182625924,1.1736174047335637,3.300293903954326,2.6793135871391924,0.22595899039032022
245,0.062039682462969474,0.30605185398498463,1.4811962827025777,-0.6215155576865655,0.8517241615651268,0.9119733034101465,0.9119733034101465,-0.7321202087089251,-0.7321202087098097,0.9283117025082126,-0.1341916956942744,0.21666138785866135,-0.24723792167858125,1.8315924213572836,0.2762073651606177,1.3308996881462885,-0.1954741200845061,-1.2666325726950107
246,0.062039682462969474,0.6985860862574665,0.055074305128283006,-0.6215155576865655,-0.12204317937876487,-0.14557314283169975,-0.14557314283169975,1.3658959117703828,1.365895911769498,-0.852783591395975,-0.2640804722714558,-1.047928001226318,-1.890454868965675,-0.7515428208827645,0.0993976796941197,-0.5005476488076274,0.7394184799310145,1.5249476582432968
247,0.7638171863456177,0.7513742866788126,0.5775899222938418,1.6089701820518945,2.377160384336841,0.7814635126292011,0.7814635126292011,-0.7321202087089251,-0.7321202087098097,0.9283117025082126,1.6437896540899444,1.1479678721196707,2.674703281887961,1.922866304938414,0.8405215457365813,-0.5005476488076274,-0.04076120115639437,-0.3951884546912985
248,0.7638171863456177,1.0284512646068313,1.4811962827025777,-0.6215155576865655,-1.295649915143251,1.5388299837471893,1.5388299837471893,-0.7321202087089251,-0.7321202087098097,1.4620201006249185,0.8568376343827283,1.1479678721196707,-0.6311475887415355,-0.7515428208827645,1.1736174047335637,-0.5005476488076274,-1.8281859319515512,-0.5553953086770933
249,0.4347101989165479,0.3523190608687431,0.5775899222938418,1.6089701820518945,1.6735864320707878,1.5126044250825943,1.5126044250825943,-0.7321202087089251,-0.7321202087098097,1.4620201006249185,0.8946706573170385,1.1479678721196707,-0.3721305719844387,-0.7515428208827645,1.1736174047335637,0.9866900492568283,1.6344555257677535,-0.26293521973992984
250,-1.4337822361298194,-1.806735431203195,-1.1007193355684985,-0.6215155576865655,-0.6801117850773627,-1.121922856701124,-1.121922856701124,-0.7321202087089251,-0.7321202087098097,-0.852783591395975,-1.27689041059013,-1.1342295416072508,0.29297860371627005,-0.7515428208827645,-1.667390190663671,-0.5005476488076274,-0.7917324546154683,0.2990379844648322
251,1.3197461913055784,0.9712486348624837,0.5775899222938418,1.6089701820518945,1.2792778261389937,0.1542980371817536,0.1542980371817536,-0.7321202087089251,-0.7321202087098097,1.4620201006249185,1.2499908103622877,1.1479678721196707,1.7334281061908554,-0.7515428208827645,1.1736174047335637,-0.5005476488076274,0.7406000944883723,-0.18767982303253736
252,-0.3640300841324564,0.3993661173625507,0.24143854285532132,-0.6215155576865655,-0.6801117850773627,-0.8729116852010534,-0.8729116852010534,-0.7321202087089251,-0.7321202087098097,-0.852783591395975,-0.287823254408593,0.21666138785866135,0.8319155097886672,-0.7515428208827645,-0.5355475226872602,-0.5005476488076274,-1.194736854178198,0.9719886803041085
253,-1.4337822361298194,-1.806735431203195,-1.1007193355684985,-0.6215155576865655,-0.6801117850773627,-1.2808905774536363,-1.2808905774536363,-0.7321202087089251,-0.7321202087098097,-0.852783591395975,-1.5719728451305586,-1.9663745196588867,-0.38757374413840506,-0.7515428208827645,-1.8977049494811598,0.5621989716239308,-0.5813700282553734,-0.3533340080527271
254,-0.8566398098443941,0.30605185398498463,-1.1007193355684985,-0.6215155576865655,0.8517241615651268,-1.1392013153325065,-1.1392013153325065,-0.7321202087089251,-0.7321202087098097,-0.852783591395975,-0.13985186609243036,-0.4406733641443425,0.5945880623394781,-0.7515428208827645,-1.3834934042396836,-0.5005476488076274,-0.24499339840402667,-0.01947547100346879
255,0.4347101989165479,1.086569284774658,1.1991931003238616,1.6089701820518945,0.8517241615651268,0.24287919170600064,0.24287919170600064,1.3658959117703828,1.365895911769498,-0.852783591395975,0.46820569537806,0.28748694112171974,-1.8768894969442542,-0.7515428208827645,1.1736174047335637,0.8262286274945406,2.0757586307378157,0.6147859807211598
256,1.7724912096740832,0.8050239989833801,1.8192813849494063,-0.6215155576865655,1.2792778261389937,1.6803416798128612,1.6803416798128612,1.3658959117703828,1.365895911769498,0.9283117025082126,1.3192576004483012,0.8452391006727372,1.8795051578210815,1.922866304938414,1.1736174047335637,-0.5005476488076274,0.03936676588594711,-0.8439378687824348
257,0.062039682462969474,0.9712486348624837,0.5775899222938418,1.6089701820518945,1.2792778261389937,-0.8160976865839844,-0.8160976865839844,-0.7321202087089251,-0.7321202087098097,0.9283117025082126,-0.13443977300665438,0.8009261290727012,-0.6973272393929286,1.0318543467952668,0.5426140336360036,-0.5005476488076274,0.9342890374459437,1.115194453509924
258,-0.8566398098443941,-1.806735431203195,-1.1007193355684985,-0.6215155576865655,-0.6801117850773627,-1.1392438550588817,-1.1392438550588817,-0.7321202087089251,-0.7321202087098097,-0.852783591395975,-0.5536172797606346,-0.4406733641443425,1.0598319408560983,-0.7515428208827645,-1.8977049494811598,-0.5005476488076274,-0.03907845079519457,1.5987664732725797
259,0.4347101989165479,0.914950442014236,0.24143854285532132,-0.6215155576865655,-1.9782899713102153,1.5249547535026347,1.5249547535026347,-0.7321202087089251,-0.7321202087098097,-0.852783591395975,0.336416947727751,0.4918655558291933,-1.8088290566867793,1.0318543467952668,0.8405215457365813,-0.14237571979484653,0.23783778380140747,1.3970457008435535
260,-0.8566398098443941,-0.0371723267146882,0.055074305128283006,-0.6215155576865655,-0.12204317937876487,-0.14929009771846002,-0.14929009771846002,1.3658959117703828,1.365895911769498,-0.852783591395975,-0.7029097836632191,-1.047928001226318,-1.7030926637120511,-0.7515428208827645,0.0993976796941197,2.067570442239213,1.3665952138540107,-0.01947547100346879
261,1.5570469416558246,1.0284512646068313,1.4811962827025777,-0.6215155576865655,-0.6801117850773627,1.4177206134699216,1.4177206134699216,-0.7321202087089251,-0.7321202087098097,1.4620201006249185,1.6133082433084638,1.1479678721196707,0.636765661976001,1.8997316906284631,1.1736174047335637,0.03460259073823924,-0.3411430687351604,-0.22801545256995032
262,0.4347101989165479,0.5955522648308137,0.055074305128283006,-0.6215155576865655,-1.295649915143251,0.7886047031481189,0.7886047031481189,1.3658959117703828,1.365895911769498,-0.852783591395975,-0.21829526686233164,-0.8140021545840483,-0.31515507879950916,1.0998960999631677,-0.6080495599972832,-0.5005476488076274,-1.2844405724872932,0.37438268585535805
263,-0.8566398098443941,0.3993661173625507,-1.1007193355684985,-0.6215155576865655,0.3864113411997915,-1.0356419924476614,-1.0356419924476614,-0.7321202087089251,-0.7321202087098097,-0.852783591395975,-0.7576754093048945,-0.7672913965880377,-0.3157625086168515,-0.7515428208827645,-0.5355475226872602,-0.5005476488076274,0.9942489814143314,0.64174609526608
264,0.4347101989165479,0.859545821829031,1.4811962827025777,-0.6215155576865655,0.3864113411997915,0.7278730530581781,0.7278730530581781,-0.7321202087089251,-0.7321202087098097,0.5766833091167,1.4040478620263575,1.1479678721196707,1.543479627388441,1.0318543467952668,0.5426140336360036,-0.5005476488076274,-0.8595108723538323,-0.9337113405004537
265,1.3197461913055784,0.7513742866788126,1.1991931003238616,1.6089701820518945,0.8517241615651268,1.6248853892369517,1.6248853892369517,1.3658959117703828,1.365895911769498,-0.852783591395975,0.22894623609741685,-0.1616366801950753,1.2323836888579116,-0.7515428208827645,0.5807229812704164,-0.5005476488076274,-0.1099676252489552,-0.3754544036317249
266,1.0568786595747668,1.086569284774658,0.5775899222938418,1.6089701820518945,0.8517241615651268,0.19621937394122851,0.19621937394122851,-0.7321202087089251,-0.7321202087098097,1.4620201006249185,0.6745821288962911,1.1479678721196707,-0.24559854628420424,1.8997316906284631,1.1736174047335637,1.0443382709731621,2.169289514563615,0.8995931050230905
267,-0.3640300841324564,0.5955522648308137,0.055074305128283006,-0.6215155576865655,-1.295649915143251,0.4681204409768659,0.4681204409768659,1.3658959117703828,1.365895911769498,0.5766833091167,-0.36189192430948186,-0.8140021545840483,-0.029841903197844903,0.43805044182625924,-0.6080495599972832,-0.5005476488076274,-1.8498262955345652,-1.737907631114438
268,0.7638171863456177,0.859545821829031,1.4811962827025777,-0.6215155576865655,1.6735864320707878,1.008371994602345,1.008371994602345,-0.7321202087089251,-0.7321202087098097,-0.852783591395975,-0.1750905073971268,0.8009261290727012,-1.3508015611508095,1.6300971200748542,1.1736174047335637,-0.5005476488076274,0.09197879677577088,-0.49795848409548027
269,-1.4337822361298194,-1.806735431203195,-1.1007193355684985,-0.6215155576865655,-0.6801117850773627,-1.2641550104947172,-1.2641550104947172,-0.7321202087089251,-0.7321202087098097,-0.852783591395975,-1.9438297684086132,-1.6216816534273613,0.16737935636435983,-0.7515428208827645,-1.3834934042396836,-0.5800069112877001,-1.0571505327693427,0.64174609526608
270,0.4347101989165479,0.7513742866788126,1.3952699738649512,-0.6215155576865655,0.8517241615651268,1.136510543329434,1.136510543329434,1.3658959117703828,1.365895911769498,0.5766833091167,0.38220277756143567,0.28748694112171974,0.5987989677939041,-0.7515428208827645,-0.6080495599972832,-0.5005476488076274,-1.8938887146647891,0.5321763982753844
271,0.062039682462969474,0.4472029308174746,1.1991931003238616,1.6089701820518945,-0.6801117850773627,0.06189437355142576,0.06189437355142576,1.3658959117703828,1.365895911769498,-0.852783591395975,-1.1344013092198344,-1.2359864681781505,-1.3636465644597877,-0.7515428208827645,0.5807229812704164,-0.5005476488076274,0.8467793233194617,0.8995931050230905
272,-1.4337822361298194,-1.806735431203195,-1.1007193355684985,-0.6215155576865655,-0.6801117850773627,-1.2394446389604055,-1.2394446389604055,-0.7321202087089251,-0.7321202087098097,-0.852783591395975,-1.347972758500077,-1.909132703222612,-0.22269253534118466,-0.7515428208827645,-1.8107372227133327,-0.5005476488076274,0.349564573395245,-0.01947547100346879
273,0.7638171863456177,-0.5644013565310136,-1.3886013012595027,1.6089701820518945,-1.9782899713102153,-0.9543392742238859,-0.9543392742238859,-0.7321202087089251,-0.7321202087098097,-0.852783591395975,-0.4103868725200471,-0.02836667027894861,0.6431701726903863,-0.7515428208827645,0.5426140336360036,-0.5005476488076274,-0.5136863404105707,-1.4837725808438997
274,-1.4337822361298194,-0.6823145776395891,-1.1007193355684985,-0.6215155576865655,-0.12204317937876487,-1.1100219081581562,-1.1100219081581562,-0.7321202087089251,-0.7321202087098097,-0.852783591395975,-0.5598183104118586,-1.3924923621662069,-0.8252585626095801,-0.7515428208827645,0.037997333436562315,-0.5005476488076274,-1.0944929554156193,-1.2016367660676532
275,0.062039682462969474,1.0284512646068313,0.5775899222938418,1.6089701820518945,2.038464969672743,1.3590891040220907,1.3590891040220907,-0.7321202087089251,-0.7321202087098097,1.4620201006249185,0.8927443964317041,1.1479678721196707,0.8588199523000265,-0.7515428208827645,0.8405215457365813,-0.5005476488076274,-0.56137374266547,-0.18767982303253736
276,-0.3640300841324564,0.3993661173625507,-1.1007193355684985,-0.6215155576865655,0.3864113411997915,-0.19683423742214648,-0.19683423742214648,-0.7321202087089251,-0.7321202087098097,0.9283117025082126,0.3150177282797936,0.8009261290727012,-0.02244245374358704,-0.7515428208827645,0.5426140336360036,0.8210462087282926,-0.3739321647537722,1.181841209847573
277,1.7724912096740832,0.7513742866788126,1.1991931003238616,1.6089701820518945,0.8517241615651268,1.681696253953071,1.681696253953071,1.3658959117703828,1.365895911769498,1.4620201006249185,2.04100110854287,0.8452391006727372,1.8621666612968897,1.4685529475692103,0.5807229812704164,-0.5005476488076274,1.4458614670925085,0.25645771221800734
278,-0.8566398098443941,-1.806735431203195,-1.1007193355684985,-0.6215155576865655,-0.6801117850773627,-1.1991099257557805,-1.1991099257557805,-0.7321202087089251,-0.7321202087098097,-0.852783591395975,-0.7738912713645879,-0.4406733641443425,0.6510044196924198,-0.7515428208827645,-1.8906882649258054,-0.5005476488076274,0.46396827209554586,0.7878541034926071
279,0.4347101989165479,-0.5644013565310136,-1.3886013012595027,1.6089701820518945,-1.9782899713102153,-0.18295998683896558,-0.18295998683896558,-0.7321202087089251,-0.7321202087098097,-0.852783591395975,-0.6627826103628015,0.4918655558291933,0.15952422263893212,-0.7515428208827645,0.8405215457365813,-0.5005476488076274,0.3309344509626869,-0.9337113405004537
280,-0.8566398098443941,0.21581778270395685,-1.1007193355684985,-0.6215155576865655,-0.12204317937876487,-0.45830137490052414,-0.45830137490052414,-0.7321202087089251,-0.7321202087098097,-0.852783591395975,-1.1714962484282705,-0.02836667027894861,-0.9124507578341545,-0.7515428208827645,0.037997333436562315,-0.1405626747086068,1.0111987594185876,-0.3754544036317249
281,1.7724912096740832,1.0284512646068313,0.055074305128283006,-0.6215155576865655,1.6735864320707878,1.4531790233980488,1.4531790233980488,1.3658959117703828,1.365895911769498,1.4620201006249185,1.3623843032561895,0.8452391006727372,0.807628972899035,0.43805044182625924,0.0993976796941197,-0.5005476488076274,-1.7077216283784518,-1.6558768606052772
282,1.0568786595747668,0.914950442014236,1.4811962827025777,-0.6215155576865655,1.6735864320707878,1.2118826680495558,1.2118826680495558,-0.7321202087089251,-0.7321202087098097,1.4620201006249185,1.9160527461259333,1.1479678721196707,1.447538519878192,1.8997316906284631,0.8405215457365813,0.9718998107182176,0.7054973755332822,-0.01947547100346879
283,0.062039682462969474,0.859545821829031,1.4811962827025777,-0.6215155576865655,0.3864113411997915,0.733893451217497,0.733893451217497,-0.7321202087089251,-0.7321202087098097,-0.852783591395975,0.16067150974450004,0.8009261290727012,-0.8282476645038646,-0.7515428208827645,0.8405215457365813,0.8382670073098472,0.568519711754413,-0.20094041362422466
284,0.4347101989165479,0.4958394936561029,0.055074305128283006,-0.6215155576865655,0.3864113411997915,0.4821021037658534,0.4821021037658534,1.3658959117703828,1.365895911769498,0.5766833091167,0.5959240298411466,0.8452391006727372,1.6587229122573175,-0.7515428208827645,-0.6080495599972832,-0.5005476488076274,-0.13628617915921662,0.0863068208570581
285,1.0568786595747668,0.7513742866788126,1.1991931003238616,1.6089701820518945,2.038464969672743,1.658631215988638,1.658631215988638,1.3658959117703828,1.365895911769498,1.4620201006249185,1.5332807503810568,0.8452391006727372,1.493035454195733,1.0998960999631677,0.5807229812704164,-0.5005476488076274,-0.33680781864893916,0.15507224058822955
286,1.3197461913055784,0.4472029308174746,0.24143854285532132,-0.6215155576865655,-1.9782899713102153,0.8436404981927688,0.8436404981927688,-0.7321202087089251,-0.7321202087098097,0.5766833091167,1.0764011731231784,1.1479678721196707,0.500658092665347,1.8997316906284631,0.2762073651606177,2.4910794789286697,1.9349571551952842,-0.20094041362422466
287,1.0568786595747668,1.0284512646068313,1.4811962827025777,-0.6215155576865655,-0.12204317937876487,1.5385895954660718,1.5385895954660718,-0.7321202087089251,-0.7321202087098097,-0.852783591395975,0.33070738907647107,0.8009261290727012,-0.7041225166424953,-0.7515428208827645,1.1736174047335637,2.963232512676162,0.15784477108044162,-1.6690499431187007
288,0.4347101989165479,0.6985860862574665,1.1991931003238616,1.6089701820518945,0.8517241615651268,0.7541183979378744,0.7541183979378744,1.3658959117703828,1.365895911769498,0.9283117025082126,0.817084148003532,0.8452391006727372,1.181362456339759,1.6741387980678815,0.0993976796941197,0.8262286274945406,-0.1429149335039337,-1.5494444528851254
289,-1.4337822361298194,-1.806735431203195,-1.1007193355684985,-0.6215155576865655,-0.6801117850773627,-1.2838386894704017,-1.2838386894704017,-0.7321202087089251,-0.7321202087098097,-0.852783591395975,-1.2596569417756662,-1.4602590873188641,-0.0041205211745603786,-0.7515428208827645,-1.8264428715441192,0.6405330613829662,0.509287810418601,1.115194453509924
290,-0.3640300841324564,0.3523190608687431,0.5775899222938418,1.6089701820518945,1.6735864320707878,-0.2980686493801575,-0.2980686493801575,-0.7321202087089251,-0.7321202087098097,-0.852783591395975,-0.3492628414395273,0.8009261290727012,0.3581603090448503,-0.7515428208827645,-0.36536621947112485,0.8457155749948047,0.5228013660874601,-0.5052436843453314
291,-0.8566398098443941,-0.6823145776395891,-1.1007193355684985,-0.6215155576865655,-0.12204317937876487,-1.1367918429868011,-1.1367918429868011,-0.7321202087089251,-0.7321202087098097,1.4620201006249185,0.8100637024319884,1.1479678721196707,1.11246750666989,-0.7515428208827645,-0.36536621947112485,-0.5005476488076274,-0.6965860258008268,0.695660012478161
292,1.5570469416558246,1.0284512646068313,1.8192813849494063,-0.6215155576865655,1.6735864320707878,1.6475560755867122,1.6475560755867122,1.3658959117703828,1.365895911769498,1.4620201006249185,1.264429200669164,0.8452391006727372,1.334542664494956,1.0998960999631677,1.1736174047335637,-0.5005476488076274,0.7355066530456175,1.6565383975210095
293,0.7638171863456177,0.7513742866788126,0.055074305128283006,-0.6215155576865655,0.3864113411997915,0.22464636521192913,0.22464636521192913,1.3658959117703828,1.365895911769498,-0.852783591395975,0.3482998152455197,0.28748694112171974,-0.5301694321474248,0.43805044182625924,0.0993976796941197,2.067570442239213,0.7261932346362524,1.2226770344207942
294,1.3197461913055784,0.5955522648308137,0.055074305128283006,-0.6215155576865655,-1.295649915143251,1.203037839090511,1.203037839090511,1.3658959117703828,1.365895911769498,1.4620201006249185,1.0532117385117181,0.8452391006727372,0.5651789563958939,1.4685529475692103,0.5807229812704164,0.5621989716239308,-0.33550992285094955,-1.1937611547385316
295,0.4347101989165479,0.914950442014236,0.24143854285532132,-0.6215155576865655,-1.295649915143251,0.6277352104774341,0.6277352104774341,-0.7321202087089251,-0.7321202087098097,-0.852783591395975,-0.12367120835755763,0.4918655558291933,-0.7579525197400211,-0.7515428208827645,1.1736174047335637,-0.5005476488076274,-1.7341128967025443,-0.8439378687824348
296,0.7638171863456177,1.086569284774658,1.4811962827025777,-0.6215155576865655,0.8517241615651268,1.089183243781605,1.089183243781605,-0.7321202087089251,-0.7321202087098097,1.4620201006249185,1.1945727706096776,1.1479678721196707,0.4107124627796158,-0.7515428208827645,1.1736174047335637,1.89569369513324,1.3873860736383217,0.695660012478161
297,0.7638171863456177,0.7513742866788126,1.3952699738649512,-0.6215155576865655,0.8517241615651268,0.42667847932137626,0.42667847932137626,1.3658959117703828,1.365895911769498,1.4620201006249185,0.603729238086371,0.8452391006727372,-0.26479183215101426,1.0998960999631677,1.1736174047335637,1.3888415473394529,0.9496586887709586,0.9719886803041085
298,-0.3640300841324564,-1.806735431203195,-1.1007193355684985,-0.6215155576865655,-0.6801117850773627,-0.3023990905768426,-0.3023990905768426,-0.7321202087089251,-0.7321202087098097,0.3368099162879238,-0.9460717474291097,-0.6134932418649579,-0.5191807710588593,1.0318543467952668,-0.5355475226872602,-0.5005476488076274,0.2703959116289362,0.695660012478161
299,0.4347101989165479,1.086569284774658,1.1991931003238616,1.6089701820518945,1.2792778261389937,0.07958727264754961,0.07958727264754961,1.3658959117703828,1.365895911769498,1.4620201006249185,1.0475878423438139,0.8452391006727372,0.23060184453643323,-0.7515428208827645,1.1736174047335637,-1.906616799577726,1.0585785451905725,1.181841209847573
300,-0.3640300841324564,-0.5644013565310136,-1.3886013012595027,1.6089701820518945,-1.9782899713102153,0.46118412308658513,0.46118412308658513,-0.7321202087089251,-0.7321202087098097,-0.852783591395975,-1.4271547195145895,-0.6134932418649579,-0.6915683412852118,-0.7515428208827645,-0.5355475226872602,-0.5005476488076274,0.40482303142423187,-0.9982648618909742
301,-0.8566398098443941,-0.7916593857319226,0.055074305128283006,-0.6215155576865655,-0.6801117850773627,0.07068419408274983,0.07068419408274983,1.3658959117703828,1.365895911769498,-0.852783591395975,-0.7935975746854389,-0.5231414598616464,-0.5608726946444925,-0.7515428208827645,-0.2912007386952259,-0.5005476488076274,-1.884274333121918,-0.8956827017084326
302,1.5570469416558246,0.5955522648308137,0.055074305128283006,-0.6215155576865655,-1.295649915143251,1.538108718224036,1.538108718224036,1.3658959117703828,1.365895911769498,1.4620201006249185,1.4038347730438308,0.8452391006727372,0.8136538033782716,1.4685529475692103,0.5807229812704164,0.9047458419029585,0.5144754022739122,1.115194453509924
303,-0.8566398098443941,0.9712486348624837,0.5775899222938418,1.6089701820518945,0.8517241615651268,-0.7115742068541769,-0.7115742068541769,-0.7321202087089251,-0.7321202087098097,-0.852783591395975,0.11662139159222513,0.4918655558291933,-0.2252327575668683,-0.7515428208827645,-0.17497648774524682,0.03263609606989075,0.12998198438948946,-1.6056788319277824
304,1.3197461913055784,0.9712486348624837,1.8192813849494063,-0.6215155576865655,-1.9782899713102153,1.238426045339322,1.238426045339322,1.3658959117703828,1.365895911769498,0.9283117025082126,0.5391662849206357,0.8452391006727372,0.4515121511796536,0.43805044182625924,0.5807229812704164,-0.5005476488076274,-1.712340347595189,-1.2733912417305897
305,-0.8566398098443941,1.086569284774658,0.24143854285532132,-0.6215155576865655,-0.12204317937876487,-0.5096065946844054,-0.5096065946844054,-0.7321202087089251,-0.7321202087098097,-0.852783591395975,-1.082240464994914,-0.4406733641443425,-0.331687663194037,-0.7515428208827645,0.5426140336360036,-0.5005476488076274,-1.115062109014313,-1.8218660745534494
306,-1.4337822361298194,0.3523190608687431,0.5775899222938418,1.6089701820518945,1.6735864320707878,-0.28079504217327794,-0.28079504217327794,-0.7321202087089251,-0.7321202087098097,-0.852783591395975,-1.5794260985016695,-1.2305833314083114,-0.4893175814752745,-0.7515428208827645,-0.5355475226872602,0.4849589181860993,-0.36278230680190937,-1.6056788319277824
307,1.0568786595747668,0.5452858837555816,1.3952699738649512,-0.6215155576865655,-0.12204317937876487,0.3163685083776899,0.3163685083776899,1.3658959117703828,1.365895911769498,0.9283117025082126,0.5635852364501963,0.8452391006727372,-0.008261879559536247,0.43805044182625924,0.5807229812704164,1.3091226828687108,0.8616049898196892,0.08354413098540173
308,-1.4337822361298194,0.4472029308174746,0.24143854285532132,-0.6215155576865655,-1.9782899713102153,-1.028138055159109,-1.028138055159109,-0.7321202087089251,-0.7321202087098097,-0.852783591395975,-1.8511042519950005,-1.9434798695026223,-1.1877049605709304,-0.7515428208827645,-1.2370832447224374,-0.5005476488076274,-0.9153641517137688,-0.9706576049263046
309,1.7724912096740832,1.0284512646068313,0.055074305128283006,-0.6215155576865655,-0.12204317937876487,0.7276561500400262,0.7276561500400262,1.3658959117703828,1.365895911769498,1.4620201006249185,0.931214029879202,0.8452391006727372,-0.6776104666956715,1.0998960999631677,1.1736174047335637,-0.5005476488076274,0.6381909663005473,0.019594271782797438
310,1.0568786595747668,0.6985860862574665,1.1991931003238616,1.6089701820518945,0.8517241615651268,1.3409412443675315,1.3409412443675315,1.3658959117703828,1.365895911769498,1.4620201006249185,0.5426348060834731,0.8452391006727372,0.4832503025162418,1.0998960999631677,-0.2912007386952259,2.067570442239213,1.3947537835143833,-0.01947547100346879
311,-0.3640300841324564,-0.5644013565310136,-1.3886013012595027,1.6089701820518945,-1.9782899713102153,-1.0526650961493673,-1.0526650961493673,-0.7321202087089251,-0.7321202087098097,-0.852783591395975,-0.5954991304264371,0.21666138785866135,-0.24266032871216983,-0.7515428208827645,0.2762073651606177,-0.5005476488076274,2.0791989257193877,1.6565383975210095
312,-0.3640300841324564,0.3993661173625507,-1.1007193355684985,-0.6215155576865655,0.3864113411997915,-0.6137698680518466,-0.6137698680518466,-0.7321202087089251,-0.7321202087098097,-0.852783591395975,0.17075200011091832,0.8009261290727012,0.8399359074299986,-0.7515428208827645,-0.17497648774524682,-0.5005476488076274,-0.05746278028436932,-0.18767982303253736
313,1.3197461913055784,0.5452858837555816,1.3952699738649512,-0.6215155576865655,-0.12204317937876487,1.5646286501300206,1.5646286501300206,1.3658959117703828,1.365895911769498,0.5766833091167,0.013357914101939589,-0.5231414598616464,-0.3956891245464443,1.8530759790880575,0.0993976796941197,1.5716046486339361,-0.49204776352684426,-0.10793431688066601
314,-0.8566398098443941,-1.806735431203195,-1.1007193355684985,-0.6215155576865655,-0.6801117850773627,-1.0142820715948766,-1.0142820715948766,-0.7321202087089251,-0.7321202087098097,-0.852783591395975,0.42773684716124116,0.4918655558291933,0.360295932539367,-0.7515428208827645,-0.17497648774524682,0.9047458419029585,0.37972018008722047,0.7878541034926071
315,0.4347101989165479,0.4472029308174746,1.1991931003238616,1.6089701820518945,-0.6801117850773627,0.6174981442736553,0.6174981442736553,1.3658959117703828,1.365895911769498,0.9283117025082126,0.41149278337559203,0.28748694112171974,-0.9220689695397015,-0.7515428208827645,0.5807229812704164,-0.5005476488076274,2.6395497162944226,0.695660012478161
316,-1.4337822361298194,-0.6823145776395891,-1.1007193355684985,-0.6215155576865655,-0.12204317937876487,-0.9991845833518007,-0.9991845833518007,-0.7321202087089251,-0.7321202087098097,-0.852783591395975,-1.2297981215781513,-1.4602590873188641,0.0347299006290589,-0.7515428208827645,-1.7733737755910566,1.2290465486887474,0.11306103353342781,-0.9982648618909742
317,-1.4337822361298194,-0.5644013565310136,-1.3886013012595027,1.6089701820518945,-1.9782899713102153,-1.275343474847312,-1.275343474847312,-0.7321202087089251,-0.7321202087098097,-0.852783591395975,-0.9664474760729989,-1.7015991523790133,-0.6470700262307229,-0.7515428208827645,-1.1504892548365229,0.9776264403705254,-0.36549951957658133,1.4910035249770053
318,0.7638171863456177,-0.7916593857319226,0.055074305128283006,-0.6215155576865655,-0.6801117850773627,0.667637487510444,0.667637487510444,1.3658959117703828,1.365895911769498,0.9283117025082126,0.1592668017716088,0.28748694112171974,-0.12239238406536461,0.43805044182625924,-0.2912007386952259,-0.5005476488076274,-1.3333625705894216,0.019594271782797438
319,-1.4337822361298194,-0.6823145776395891,-1.1007193355684985,-0.6215155576865655,-0.12204317937876487,-0.37578630923933504,-0.37578630923933504,-0.7321202087089251,-0.7321202087098097,-0.852783591395975,-0.40701313396525246,-1.0259076098400428,-0.36362568078026086,-0.7515428208827645,-0.5355475226872602,-0.013903405340120228,0.11038028898125532,-1.1937611547385316
320,0.7638171863456177,0.5452858837555816,1.3952699738649512,-0.6215155576865655,-0.12204317937876487,0.03585522158486667,0.03585522158486667,1.3658959117703828,1.365895911769498,1.4620201006249185,0.839785507163426,0.8452391006727372,0.45112501480883915,1.0998960999631677,1.1736174047335637,-0.5005476488076274,-1.1354293556634445,-0.20094041362422466
321,0.062039682462969474,0.4472029308174746,0.24143854285532132,-0.6215155576865655,-1.9782899713102153,-0.11999257760346892,-0.11999257760346892,-0.7321202087089251,-0.7321202087098097,-0.852783591395975,0.3743664308743113,0.8009261290727012,-1.0841872204358343,-0.7515428208827645,1.1736174047335637,2.7078819090923565,1.0946841130105815,0.5321763982753844
322,1.969091132787549,1.0284512646068313,1.8192813849494063,-0.6215155576865655,1.6735864320707878,1.6858979048123834,1.6858979048123834,1.3658959117703828,1.365895911769498,1.4620201006249185,1.9962273335497132,0.8452391006727372,1.1441625146250796,1.922866304938414,1.1736174047335637,-0.5005476488076274,0.33736108160382733,1.6565383975210095
323,1.7724912096740832,0.6985860862574665,1.1991931003238616,1.6089701820518945,0.3864113411997915,1.6744528856746483,1.6744528856746483,1.3658959117703828,1.365895911769498,1.4620201006249185,1.065236009529872,0.8452391006727372,0.05006434720226052,1.8530759790880575,1.1736174047335637,-0.5005476488076274,-0.08060181395262987,0.4520692043324983
324,0.7638171863456177,0.5452858837555816,1.3952699738649512,-0.6215155576865655,-0.12204317937876487,-0.051882115516000936,-0.051882115516000936,1.3658959117703828,1.365895911769498,1.4620201006249185,0.6190527570702332,0.8452391006727372,-1.0937450094786054,-0.7515428208827645,1.1736174047335637,-0.5005476488076274,0.3530036920675923,0.019594271782797438
325,-0.8566398098443941,1.086569284774658,-1.1007193355684985,-0.6215155576865655,1.6735864320707878,-0.9924695444655485,-0.9924695444655485,-0.7321202087089251,-0.7321202087098097,1.4620201006249185,1.135716850414851,1.1479678721196707,1.4015037404972348,1.0318543467952668,-0.8235737531726128,-0.5005476488076274,-0.3614830481616809,-0.01947547100346879
326,0.062039682462969474,0.914950442014236,0.24143854285532132,-0.6215155576865655,-1.9782899713102153,-0.2215461967738114,-0.2215461967738114,-0.7321202087089251,-0.7321202087098097,-0.852783591395975,0.017242073641257315,-0.02836667027894861,-0.25900290063154174,1.0318543467952668,-0.17497648774524682,-0.22454969629415977,-0.6532918144914803,-0.6427690096411087
327,0.7638171863456177,0.6985860862574665,1.1991931003238616,1.6089701820518945,0.8517241615651268,1.5262826312554547,1.5262826312554547,1.3658959117703828,1.365895911769498,0.9283117025082126,0.17284189071833347,-0.1616366801950753,0.2675393068337377,0.43805044182625924,0.5807229812704164,0.8262286274945406,0.8839707479165555,-0.01947547100346879
328,1.3197461913055784,1.0284512646068313,1.4811962827025777,-0.6215155576865655,0.8517241615651268,1.5060009253237725,1.5060009253237725,-0.7321202087089251,-0.7321202087098097,1.4620201006249185,1.0180950896660006,1.1479678721196707,0.7165178227210559,1.0318543467952668,1.1736174047335637,-0.5005476488076274,-1.2079715154049566,-1.6412143335852638
329,1.969091132787549,0.9712486348624837,1.8192813849494063,-0.6215155576865655,-1.9782899713102153,1.6077461738208847,1.6077461738208847,1.3658959117703828,1.365895911769498,1.4620201006249185,1.3131871540517166,0.8452391006727372,0.02126460968101621,1.6741387980678815,1.1736174047335637,-0.1932175562272946,-0.7189464498781254,0.64174609526608
330,-0.8566398098443941,0.7513742866788126,0.5775899222938418,1.6089701820518945,1.2792778261389937,-0.6694123714229474,-0.6694123714229474,-0.7321202087089251,-0.7321202087098097,-0.852783591395975,0.19906088980052136,-0.2465019633912106,-0.29437373648939846,-0.7515428208827645,-0.17497648774524682,-0.2323895118968248,1.824653659862337,-0.006926235327870209
331,0.4347101989165479,-0.5644013565310136,-1.3886013012595027,1.6089701820518945,-1.9782899713102153,1.4049865554314485,1.4049865554314485,-0.7321202087089251,-0.7321202087098097,1.4620201006249185,0.9950705097004007,1.1479678721196707,0.1204163678011744,1.0318543467952668,0.8405215457365813,-0.5005476488076274,1.8289280928725464,1.0346384540492137
332,-1.4337822361298194,-0.6823145776395891,-1.1007193355684985,-0.6215155576865655,-0.12204317937876487,-1.2152490257992785,-1.2152490257992785,-0.7321202087089251,-0.7321202087098097,-0.852783591395975,-0.9388854006740192,-1.9283508450908156,-0.07571974002694622,-0.7515428208827645,-1.8977049494811598,0.10998173123584631,-0.010030956585402227,1.115194453509924
333,-0.3640300841324564,0.4958394936561029,0.055074305128283006,-0.6215155576865655,0.3864113411997915,-0.09949027130793614,-0.09949027130793614,1.3658959117703828,1.365895911769498,1.4620201006249185,1.061212246923539,0.8452391006727372,0.40444557479963295,0.43805044182625924,0.0993976796941197,-0.5005476488076274,-2.3279017221472458,-1.3940464540047515
334,-0.3640300841324564,-0.5644013565310136,-1.3886013012595027,1.6089701820518945,-1.9782899713102153,0.6305165560504752,0.6305165560504752,-0.7321202087089251,-0.7321202087098097,1.4620201006249185,0.568538431536103,1.1479678721196707,0.5014283173044664,-0.7515428208827645,0.8405215457365813,-0.5005476488076274,-0.4160188871159219,0.08354413098540173
335,-1.4337822361298194,-1.806735431203195,-1.1007193355684985,-0.6215155576865655,-0.6801117850773627,-1.2956816071759727,-1.2956816071759727,-0.7321202087089251,-0.7321202087098097,-0.852783591395975,-1.6096907539003147,-1.9663745196588867,-0.06160698375112253,-0.7515428208827645,-1.9038676724944052,-0.1405626747086068,-0.055266928490471615,0.64174609526608
336,0.7638171863456177,1.086569284774658,1.4811962827025777,-0.6215155576865655,0.8517241615651268,1.478432477126453,1.478432477126453,-0.7321202087089251,-0.7321202087098097,0.9283117025082126,-0.27616703660442643,0.8009261290727012,0.5534552024993333,1.6300971200748542,0.8405215457365813,-0.5005476488076274,-1.3627626500578087,-1.9682126833247537
337,1.5570469416558246,1.0284512646068313,0.5775899222938418,1.6089701820518945,0.8517241615651268,1.2948662792334766,1.2948662792334766,-0.7321202087089251,-0.7321202087098097,0.9283117025082126,0.9950597810022939,1.1479678721196707,0.2916264700295225,1.6300971200748542,0.8405215457365813,-0.5005476488076274,-0.5520815900660655,0.08354413098540173
338,0.7638171863456177,0.7513742866788126,1.1991931003238616,1.6089701820518945,2.038464969672743,1.587113211311631,1.587113211311631,1.3658959117703828,1.365895911769498,1.2598404727677617,-0.44377398869864276,0.28748694112171974,1.4781858655361515,1.4685529475692103,0.0993976796941197,-0.5005476488076274,0.5338517988133014,0.08354413098540173
339,-0.3640300841324564,-0.0371723267146882,0.055074305128283006,-0.6215155576865655,-0.12204317937876487,0.06219171694573318,0.06219171694573318,1.3658959117703828,1.365895911769498,0.3368099162879238,0.38055684858581484,0.28748694112171974,-0.7592554017832841,-0.7515428208827645,-1.2419500874264842,3.183962474938168,0.9869923285947353,-0.9596853734266299
340,0.062039682462969474,-0.7916593857319226,0.055074305128283006,-0.6215155576865655,-0.6801117850773627,0.003521025297272982,0.003521025297272982,1.3658959117703828,1.365895911769498,-0.852783591395975,-1.6262623157154497,-1.047928001226318,-0.4840054284604461,-0.7515428208827645,-0.6080495599972832,-0.5005476488076274,-0.8011008923438502,-0.20094041362422466
341,-0.8566398098443941,0.859545821829031,0.24143854285532132,-0.6215155576865655,0.8517241615651268,-1.0779288991195939,-1.0779288991195939,-0.7321202087089251,-0.7321202087098097,0.3368099162879238,-0.18859636269788488,-0.4406733641443425,0.16345508812311488,1.0318543467952668,-1.751229936744782,-0.1405626747086068,-0.5467868509776291,-0.4986306919415408
342,-1.4337822361298194,-0.5644013565310136,-1.3886013012595027,1.6089701820518945,-1.9782899713102153,-1.1095250476277985,-1.1095250476277985,-0.7321202087089251,-0.7321202087098097,-0.852783591395975,-0.9300569731059435,-1.0259076098400428,-0.7236126849819526,-0.7515428208827645,-0.8235737531726128,0.8262286274945406,0.827677251432033,0.64174609526608
343,-1.4337822361298194,0.30605185398498463,-1.1007193355684985,-0.6215155576865655,0.8517241615651268,-1.1795853239721525,-1.1795853239721525,-0.7321202087089251,-0.7321202087098097,-0.852783591395975,-1.286865291591105,-1.1342295416072508,-1.342157652192711,-0.7515428208827645,0.5426140336360036,-0.5005476488076274,-1.0213318873153208,-0.7747524833384386
344,0.062039682462969474,0.3523190608687431,0.5775899222938418,1.6089701820518945,1.6735864320707878,-0.19898339312079769,-0.19898339312079769,-0.7321202087089251,-0.7321202087098097,0.164471683245573,-0.06501016873642396,0.8009261290727012,1.5346615396007268,-0.7515428208827645,0.037997333436562315,-0.5005476488076274,-0.6496680171511054,-1.5667965802447383
345,-0.3640300841324564,0.7513742866788126,0.5775899222938418,1.6089701820518945,0.8517241615651268,0.5345295929039462,0.5345295929039462,-0.7321202087089251,-0.7321202087098097,-0.852783591395975,-1.0604735916207098,-0.7672913965880377,-0.3497233191595331,-0.7515428208827645,-0.17497648774524682,-0.5005476488076274,0.08760006627304034,0.64174609526608
346,0.7638171863456177,0.3523190608687431,0.5775899222938418,1.6089701820518945,1.6735864320707878,1.2656429888890006,1.2656429888890006,-0.7321202087089251,-0.7321202087098097,0.9283117025082126,0.38478065608161705,0.4918655558291933,-0.273945251725295,1.8997316906284631,1.1736174047335637,1.4753983019254475,0.7508117178219763,-1.0560801441570296
347,-1.4337822361298194,1.0284512646068313,0.24143854285532132,-0.6215155576865655,-0.12204317937876487,-0.686320146668653,-0.686320146668653,-0.7321202087089251,-0.7321202087098097,-0.852783591395975,-0.8638008879847804,-1.791067768481189,-1.2593395814311008,-0.7515428208827645,-0.6876481810723462,-0.1405626747086068,-0.09844808730390081,1.5987664732725797
348,0.4347101989165479,-1.806735431203195,-1.1007193355684985,-0.6215155576865655,-0.6801117850773627,-0.6594967698967382,-0.6594967698967382,-0.7321202087089251,-0.7321202087098097,0.9283117025082126,-0.7959302361134765,0.8009261290727012,1.3225468617790808,1.6300971200748542,-0.17497648774524682,-0.5005476488076274,-1.7885827622878476,-1.3510035125486648
349,-1.4337822361298194,-1.806735431203195,-1.1007193355684985,-0.6215155576865655,-0.6801117850773627,-1.2788484253851835,-1.2788484253851835,-0.7321202087089251,-0.7321202087098097,-0.852783591395975,-0.8814269891743209,-1.316281134632133,0.4145262579749745,-0.7515428208827645,-1.9038676724944052,0.9645003426264294,0.38184165892875316,1.4910035249770053
350,1.7724912096740832,1.0284512646068313,1.1991931003238616,1.6089701820518945,-1.295649915143251,1.5810475010320135,1.5810475010320135,1.3658959117703828,1.365895911769498,0.9283117025082126,-0.07790077731037015,0.28748694112171974,-1.1328708690628013,-0.7515428208827645,0.5807229812704164,-0.5005476488076274,-0.3115129486455976,-0.01947547100346879
351,-0.8566398098443941,-0.22881090253958375,0.5775899222938418,1.6089701820518945,0.3864113411997915,-0.7546736810956434,-0.7546736810956434,-0.7321202087089251,-0.7321202087098097,-0.852783591395975,-0.05729321774198269,0.4918655558291933,0.5465408036413381,-0.7515428208827645,0.8405215457365813,-0.5005476488076274,-1.0121335526830315,-0.006926235327870209
352,-0.8566398098443941,0.30605185398498463,1.4811962827025777,-0.6215155576865655,0.8517241615651268,-0.2454541384557103,-0.2454541384557103,-0.7321202087089251,-0.7321202087098097,-0.852783591395975,0.3759204017245118,0.4918655558291933,1.0219624493464423,1.0318543467952668,0.037997333436562315,-0.5005476488076274,-0.9833403375630483,-0.3951884546912985
353,-0.3640300841324564,1.0284512646068313,0.5775899222938418,1.6089701820518945,1.2792778261389937,-0.931335702644565,-0.931335702644565,-0.7321202087089251,-0.7321202087098097,-0.852783591395975,-0.32939139692620095,0.4918655558291933,-0.5093462651436816,-0.7515428208827645,0.5426140336360036,-0.5005476488076274,0.6131343872448741,1.0346384540492137
354,-1.4337822361298194,-1.806735431203195,-1.1007193355684985,-0.6215155576865655,-0.6801117850773627,-1.250118715085995,-1.250118715085995,-0.7321202087089251,-0.7321202087098097,-0.852783591395975,-0.4249330858135491,-1.520509802980736,0.7136523982803986,-0.7515428208827645,-1.9038676724944052,0.504062712601591,0.07223230471344255,0.2990379844648322
355,0.062039682462969474,0.9712486348624837,-1.1007193355684985,-0.6215155576865655,0.8517241615651268,-0.9233151795768095,-0.9233151795768095,-0.7321202087089251,-0.7321202087098097,0.9283117025082126,1.1564812185012598,1.1479678721196707,1.2894016500671805,1.0318543467952668,0.5426140336360036,-0.5005476488076274,-1.2081734632095946,-0.3533340080527271
356,0.4347101989165479,0.6985860862574665,0.055074305128283006,-0.6215155576865655,-0.12204317937876487,0.13262885735656232,0.13262885735656232,1.3658959117703828,1.365895911769498,-0.852783591395975,0.10824129228923644,-0.5231414598616464,1.3420797575483319,-0.7515428208827645,-0.2912007386952259,-0.5005476488076274,-0.6828638808843454,0.0863068208570581
357,0.7638171863456177,1.086569284774658,1.8192813849494063,-0.6215155576865655,0.8517241615651268,1.2365405480564298,1.2365405480564298,1.3658959117703828,1.365895911769498,1.4620201006249185,1.7259907311003189,0.8452391006727372,1.4345885645857637,0.43805044182625924,0.5807229812704164,0.8262286274945406,0.8004949732056955,-0.8439378687824348
358,0.4347101989165479,-0.0371723267146882,0.055074305128283006,-0.6215155576865655,-0.12204317937876487,-0.12681974211639188,-0.12681974211639188,1.3658959117703828,1.365895911769498,-0.852783591395975,-0.5255848430353869,-0.1616366801950753,-2.581764227442864,-0.7515428208827645,0.5807229812704164,-0.5005476488076274,-0.2278250497377836,1.6565383975210095
359,0.062039682462969474,0.7513742866788126,0.5775899222938418,1.6089701820518945,0.8517241615651268,1.2231973896644024,1.2231973896644024,-0.7321202087089251,-0.7321202087098097,0.9283117025082126,1.0559342182036402,1.1479678721196707,0.8205406127973038,1.0318543467952668,0.5426140336360036,0.7535485085196296,0.5274999183499643,-0.5835258092590583
360,-0.3640300841324564,-0.7916593857319226,0.055074305128283006,-0.6215155576865655,-0.6801117850773627,-0.12858356103962845,-0.12858356103962845,1.3658959117703828,1.365895911769498,-0.852783591395975,-0.5693940699879547,-1.047928001226318,-1.0393019351535717,-0.7515428208827645,-0.6080495599972832,-0.4104822103718298,-0.06979123702698549,-1.5011161627907048
361,0.062039682462969474,-0.7916593857319226,0.055074305128283006,-0.6215155576865655,-0.6801117850773627,-0.11437471789427299,-0.11437471789427299,1.3658959117703828,1.365895911769498,-0.852783591395975,0.22952814352806453,-0.8140021545840483,-1.499656646355833,-0.7515428208827645,0.5807229812704164,0.21015682515053818,1.4659791808378542,-0.3951884546912985
362,0.7638171863456177,0.914950442014236,0.24143854285532132,-0.6215155576865655,-1.295649915143251,1.1880986462902965,1.1880986462902965,-0.7321202087089251,-0.7321202087098097,0.5766833091167,-0.8232589007158608,0.4918655558291933,0.7017164292776343,-0.7515428208827645,0.037997333436562315,-0.5005476488076274,-0.7447471415955943,0.5321763982753844
363,-0.3640300841324564,0.3523190608687431,0.5775899222938418,1.6089701820518945,1.6735864320707878,1.0922775075735995,1.0922775075735995,-0.7321202087089251,-0.7321202087098097,-0.852783591395975,0.3356931377674758,0.8009261290727012,-1.1566353968479417,-0.7515428208827645,1.1736174047335637,-0.5005476488076274,-0.4070782595671776,0.4060369440752991
364,0.7638171863456177,-0.0371723267146882,0.055074305128283006,-0.6215155576865655,-0.12204317937876487,0.5703372646088125,0.5703372646088125,1.3658959117703828,1.365895911769498,0.9283117025082126,0.7514502555456484,0.8452391006727372,1.0607478066580918,1.0998960999631677,0.0993976796941197,-0.5005476488076274,-1.3228468914950924,-2.036015866402396
365,0.7638171863456177,0.30605185398498463,1.4811962827025777,-0.6215155576865655,0.8517241615651268,1.2819650171657673,1.2819650171657673,-0.7321202087089251,-0.7321202087098097,1.4620201006249185,0.9363080908224288,1.1479678721196707,0.36925677500626447,1.6300971200748542,0.5426140336360036,1.73248651531547,0.8042365602043285,-1.2666325726950194
366,-0.8566398098443941,-0.22881090253958375,0.5775899222938418,1.6089701820518945,0.3864113411997915,-0.8366852997906445,-0.8366852997906445,-0.7321202087089251,-0.7321202087098097,-0.852783591395975,0.13901351108801496,-0.02836667027894861,-0.4294886954712176,-0.7515428208827645,0.037997333436562315,1.3961000923656914,1.8024471736642953,1.4910035249770053
367,1.5570469416558246,1.086569284774658,1.1991931003238616,1.6089701820518945,2.377160384336841,1.6448292732622916,1.6448292732622916,1.3658959117703828,1.365895911769498,1.4620201006249185,0.8679339719864921,0.8452391006727372,1.5088334340282756,1.6741387980678815,1.1736174047335637,-0.5005476488076274,0.034047705729633504,0.6147859807211598
368,-1.4337822361298194,-1.806735431203195,-1.1007193355684985,-0.6215155576865655,-0.6801117850773627,-1.3068251646804423,-1.3068251646804423,-0.7321202087089251,-0.7321202087098097,-0.852783591395975,-2.636995585754147,-1.9663745196588867,-0.3959863288978451,-0.7515428208827645,-1.9038676724944052,-0.5005476488076274,-0.6371710932949,0.8995931050230905
369,-1.4337822361298194,-1.806735431203195,-1.1007193355684985,-0.6215155576865655,-0.6801117850773627,-1.2596412587531776,-1.2596412587531776,-0.7321202087089251,-0.7321202087098097,-0.852783591395975,-1.2713614779243718,-1.9663745196588867,-0.9001029784793203,-0.7515428208827645,-1.5493924685986495,-0.1405626747086068,-0.4349651349831897,0.5321763982753844
370,0.7638171863456177,0.9712486348624837,0.055074305128283006,-0.6215155576865655,0.8517241615651268,1.1986019061749467,1.1986019061749467,1.3658959117703828,1.365895911769498,-0.852783591395975,-0.5542118625285475,-0.5231414598616464,-1.594855590170152,-0.7515428208827645,0.5807229812704164,0.6285431408808472,0.3899832652216904,1.0346384540492137
371,0.062039682462969474,-0.7916593857319226,0.055074305128283006,-0.6215155576865655,-0.6801117850773627,-0.16284841240051476,-0.16284841240051476,1.3658959117703828,1.365895911769498,0.9283117025082126,0.47732978563419437,0.28748694112171974,-1.50411555288419,0.43805044182625924,0.5807229812704164,0.9047458419029585,-0.9025757450493964,-1.7553775660861535
372,-0.8566398098443941,0.21581778270395685,-1.1007193355684985,-0.6215155576865655,-0.12204317937876487,-0.8685979917607102,-0.8685979917607102,-0.7321202087089251,-0.7321202087098097,-0.852783591395975,0.10042042570470514,0.8009261290727012,-2.3038023491199886,-0.7515428208827645,0.8405215457365813,-0.5005476488076274,-0.817448313991019,-0.8439378687824348
373,-0.8566398098443941,0.6985860862574665,-1.1007193355684985,-0.6215155576865655,-0.12204317937876487,-1.1850006136172893,-1.1850006136172893,-0.7321202087089251,-0.7321202087098097,-0.852783591395975,-0.040513623033516154,-0.4406733641443425,0.7858054339372984,-0.7515428208827645,-1.5002335205353887,-0.5005476488076274,-0.19784774577714115,-0.8439378687824348
374,-1.4337822361298194,-0.6823145776395891,-1.1007193355684985,-0.6215155576865655,-0.12204317937876487,-0.933393118693767,-0.933393118693767,-0.7321202087089251,-0.7321202087098097,-0.852783591395975,-0.9358767803387101,-1.5740717042682388,-0.30184259294925975,-0.7515428208827645,-1.445168023143771,0.5606570580626555,0.275965947518274,1.115194453509924
375,1.0568786595747668,0.914950442014236,-1.1007193355684985,-0.6215155576865655,0.8517241615651268,0.5038606141455301,0.5038606141455301,-0.7321202087089251,-0.7321202087098097,1.4620201006249185,1.7577326231104102,1.1479678721196707,1.2452890715636615,1.6300971200748542,1.1736174047335637,1.89569369513324,0.5537616486259559,-0.3754544036317249
376,-1.4337822361298194,-0.0371723267146882,0.055074305128283006,-0.6215155576865655,-0.12204317937876487,-0.15232666052618482,-0.15232666052618482,1.3658959117703828,1.365895911769498,-0.852783591395975,-0.29545846060927083,-1.6841927714083522,-2.308686855234669,-0.7515428208827645,0.5807229812704164,0.8262286274945406,0.022878353064210658,-0.8839637736169448
377,-1.4337822361298194,-1.806735431203195,-1.1007193355684985,-0.6215155576865655,-0.6801117850773627,-1.264685414678091,-1.264685414678091,-0.7321202087089251,-0.7321202087098097,-0.852783591395975,-0.577747277678919,-1.6639959672411442,0.180083089292508,-0.7515428208827645,-1.8906882649258054,-0.5005476488076274,-0.633718286367915,1.4910035249770053
378,-0.3640300841324564,0.6985860862574665,-1.1007193355684985,-0.6215155576865655,-0.12204317937876487,-1.0753512558992662,-1.0753512558992662,-0.7321202087089251,-0.7321202087098097,0.5766833091167,-0.23373887452615216,0.8009261290727012,1.2462039649615817,-0.7515428208827645,-0.9450305917939715,-0.1405626747086068,0.097689567655781,0.25645771221800734
379,1.0568786595747668,0.859545821829031,0.055074305128283006,-0.6215155576865655,-0.6801117850773627,0.6638805969519297,0.6638805969519297,1.3658959117703828,1.365895911769498,-0.852783591395975,-0.7568408070451837,-0.1616366801950753,-0.6762194069002628,-0.7515428208827645,0.0993976796941197,-0.5005476488076274,-1.6557652974964312,-1.9714709110008493
380,1.0568786595747668,0.9712486348624837,0.5775899222938418,1.6089701820518945,-0.12204317937876487,0.9714090638704983,0.9714090638704983,-0.7321202087089251,-0.7321202087098097,-0.852783591395975,0.31627986773958877,0.8009261290727012,-0.5959488557209204,1.0318543467952668,0.5426140336360036,-0.5005476488076274,-0.08648716886725441,0.19042599076646446
381,0.062039682462969474,0.21581778270395685,-1.1007193355684985,-0.6215155576865655,-0.12204317937876487,-0.9041060311421482,-0.9041060311421482,-0.7321202087089251,-0.7321202087098097,0.5766833091167,0.455380907238197,0.8009261290727012,0.7093601641124941,-0.7515428208827645,-1.2370832447224374,0.5621989716239308,0.9741994073237713,1.6565383975210095
382,-1.4337822361298194,-1.806735431203195,-1.1007193355684985,-0.6215155576865655,-0.6801117850773627,-1.3014962977507905,-1.3014962977507905,-0.7321202087089251,-0.7321202087098097,-0.852783591395975,-2.418223180950319,-1.9647458113829273,-0.13127717010319004,-0.7515428208827645,-1.864056853342299,-0.5005476488076274,-0.6259253590329881,-0.006926235327870209
383,-1.4337822361298194,0.21581778270395685,-1.1007193355684985,-0.6215155576865655,-0.12204317937876487,-0.9116947833433965,-0.9116947833433965,-0.7321202087089251,-0.7321202087098097,-0.852783591395975,-1.3239582941571546,-1.1342295416072508,-1.0448399558777306,-0.7515428208827645,0.2762073651606177,-0.5005476488076274,0.5502581749421396,0.25645771221800734
384,-1.4337822361298194,0.21581778270395685,-1.1007193355684985,-0.6215155576865655,-0.12204317937876487,-0.761031872927682,-0.761031872927682,-0.7321202087089251,-0.7321202087098097,-0.852783591395975,-0.6657090313819053,-1.316281134632133,-1.136610935969695,-0.7515428208827645,-0.17497648774524682,0.8262286274945406,0.9792194990567985,0.24666737766349364
385,-0.8566398098443941,-1.806735431203195,-1.1007193355684985,-0.6215155576865655,-0.6801117850773627,-1.1347645616687732,-1.1347645616687732,-0.7321202087089251,-0.7321202087098097,0.5766833091167,0.3713720155490016,0.4918655558291933,0.5874297294594785,-0.7515428208827645,-1.8264428715441192,0.5304117391415035,-0.19583416024633513,-1.1402804046222248
386,-1.4337822361298194,-1.806735431203195,-1.1007193355684985,-0.6215155576865655,-0.6801117850773627,-1.2432228565367884,-1.2432228565367884,-0.7321202087089251,-0.7321202087098097,-0.852783591395975,-0.5793763363572403,-1.9363677318191037,-0.10415150111472235,-0.7515428208827645,-1.8906882649258054,0.40897860650014917,-0.5973856539352367,0.2564577122180169
387,1.7724912096740832,0.914950442014236,1.1991931003238616,1.6089701820518945,0.8517241615651268,1.5640258887581289,1.5640258887581289,1.3658959117703828,1.365895911769498,1.4620201006249185,1.2043536604965066,0.8452391006727372,0.054317126137421866,1.6741387980678815,1.1736174047335637,-0.5005476488076274,1.4594887338932443,0.695660012478161
388,1.7724912096740832,1.086569284774658,1.1991931003238616,1.6089701820518945,1.6735864320707878,0.7622937449118247,0.7622937449118247,1.3658959117703828,1.365895911769498,1.4620201006249185,0.9880633465588204,0.8452391006727372,-0.6168508875577815,1.4685529475692103,1.1736174047335637,-0.5005476488076274,0.5040001328850408,1.0346384540492137
389,1.0568786595747668,-0.0371723267146882,0.055074305128283006,-0.6215155576865655,-0.12204317937876487,0.20377213285390866,0.20377213285390866,1.3658959117703828,1.365895911769498,0.9283117025082126,0.06054146308620585,-0.1616366801950753,-1.1031694617864802,0.43805044182625924,-0.6080495599972832,2.2004935656533613,1.2606253940912617,-0.7747524833384386
390,0.062039682462969474,1.086569284774658,-1.1007193355684985,-0.6215155576865655,0.8517241615651268,-0.6998572452836043,-0.6998572452836043,-0.7321202087089251,-0.7321202087098097,1.4620201006249185,2.2728409138713648,1.1479678721196707,1.708605774146039,1.0318543467952668,0.037997333436562315,1.3525040050681183,1.4141383242656624,1.181841209847573
391,1.0568786595747668,1.0284512646068313,0.5775899222938418,1.6089701820518945,0.8517241615651268,-0.5424852570033394,-0.5424852570033394,-0.7321202087089251,-0.7321202087098097,1.4620201006249185,1.0882466895543357,1.1479678721196707,0.10325575852367752,1.6300971200748542,0.8405215457365813,0.8262286274945406,1.9917058042332043,1.181841209847573
392,0.4347101989165479,-0.7916593857319226,0.055074305128283006,-0.6215155576865655,-0.6801117850773627,0.4803202907794404,0.4803202907794404,1.3658959117703828,1.365895911769498,0.5766833091167,-0.9439229603842467,-0.1616366801950753,-0.1309375781792212,-0.7515428208827645,0.0993976796941197,-0.5005476488076274,-1.6127529934841827,-1.6690499431187007
393,-1.4337822361298194,0.4472029308174746,0.24143854285532132,-0.6215155576865655,-1.9782899713102153,1.0055905051287666,1.0055905051287666,-0.7321202087089251,-0.7321202087098097,-0.852783591395975,-1.0412228023330579,-1.4602590873188641,-2.1768001374822847,-0.7515428208827645,-0.17497648774524682,-0.5005476488076274,0.16037257021053422,-0.758537301622348
394,-0.3640300841324564,-0.5644013565310136,-1.3886013012595027,1.6089701820518945,-1.9782899713102153,-1.066611027383407,-1.066611027383407,-0.7321202087089251,-0.7321202087098097,-0.852783591395975,-0.5029236698001309,-0.02836667027894861,-0.4812596011771787,-0.7515428208827645,0.037997333436562315,1.4829690352093041,0.4383358779173026,-1.3510035125486648
395,0.7638171863456177,-0.7916593857319226,0.055074305128283006,-0.6215155576865655,-0.6801117850773627,0.8276518780788327,0.8276518780788327,1.3658959117703828,1.365895911769498,-0.852783591395975,0.35752403960414836,0.28748694112171974,-0.2362300400323056,-0.7515428208827645,0.0993976796941197,-0.5005476488076274,-0.6396645566687517,-1.1082682271063762
396,0.062039682462969474,0.21581778270395685,-1.1007193355684985,-0.6215155576865655,-0.12204317937876487,1.4841529740950734,1.4841529740950734,-0.7321202087089251,-0.7321202087098097,0.9283117025082126,0.677022699282463,1.1479678721196707,-0.6516759472951782,1.0318543467952668,0.8405215457365813,0.9047458419029585,1.6115689615064543,1.115194453509924
397,-0.8566398098443941,-0.5644013565310136,-1.3886013012595027,1.6089701820518945,-1.9782899713102153,-0.6688574553083264,-0.6688574553083264,-0.7321202087089251,-0.7321202087098097,-0.852783591395975,-1.1549182145338044,-0.9041453836733948,-2.2148890371875583,-0.7515428208827645,0.5426140336360036,2.0788250210339165,2.482526291724069,1.115194453509924
398,1.5570469416558246,1.086569284774658,0.055074305128283006,-0.6215155576865655,2.038464969672743,1.631654215611925,1.631654215611925,1.3658959117703828,1.365895911769498,1.4620201006249185,3.130136043157259,0.8452391006727372,2.5466619172728255,1.7889191271864646,1.1736174047335637,-0.5005476488076274,-0.9295927043787229,-1.1937611547385316
399,-1.4337822361298194,-1.806735431203195,-1.1007193355684985,-0.6215155576865655,-0.6801117850773627,-1.298977575591592,-1.298977575591592,-0.7321202087089251,-0.7321202087098097,-0.852783591395975,-1.150179811225594,-1.9647458113829273,-0.436341270813119,-0.7515428208827645,-1.3834934042396836,-0.5005476488076274,-0.8887391867354631,-1.2733912417305897
400,0.4347101989165479,1.086569284774658,0.055074305128283006,-0.6215155576865655,0.8517241615651268,0.24373712340370227,0.24373712340370227,1.3658959117703828,1.365895911769498,1.4620201006249185,0.961665896803938,0.8452391006727372,0.5219049484532159,0.43805044182625924,1.1736174047335637,-0.5005476488076274,-0.6997184599483014,0.695660012478161
401,1.7724912096740832,1.086569284774658,1.1991931003238616,1.6089701820518945,0.8517241615651268,1.690251472045431,1.690251472045431,1.3658959117703828,1.365895911769498,1.1679997327221208,0.5286146775740826,0.8452391006727372,1.4995965636218658,1.922866304938414,0.5807229812704164,-0.5005476488076274,-0.06776725568235858,0.64174609526608
402,0.7638171863456177,0.859545821829031,0.24143854285532132,-0.6215155576865655,0.8517241615651268,0.10511386114946927,0.10511386114946927,-0.7321202087089251,-0.7321202087098097,1.4620201006249185,2.079874666455884,1.1479678721196707,1.876747585812309,1.0318543467952668,0.8405215457365813,-0.5005476488076274,0.11078076246966194,-0.08336946116864269
403,1.5570469416558246,0.9712486348624837,0.055074305128283006,-0.6215155576865655,1.6735864320707878,1.2113054922601274,1.2113054922601274,1.3658959117703828,1.365895911769498,1.4620201006249185,1.3666524073091473,0.8452391006727372,0.3936856584023382,1.8530759790880575,1.1736174047335637,1.016235702803429,0.11898962145289504,-1.6233622083554706
404,-0.3640300841324564,-0.22881090253958375,0.5775899222938418,1.6089701820518945,0.3864113411997915,-0.53149875397147,-0.53149875397147,-0.7321202087089251,-0.7321202087098097,-0.852783591395975,-0.31977872253325146,-0.2465019633912106,-0.1837500890178845,-0.7515428208827645,-0.17497648774524682,-0.5005476488076274,0.6115076886030169,-0.5961311362618368
405,0.062039682462969474,0.4958394936561029,0.055074305128283006,-0.6215155576865655,0.3864113411997915,0.6265494515118422,0.6265494515118422,1.3658959117703828,1.365895911769498,0.5766833091167,0.6402002588354531,0.8452391006727372,0.6914574360414398,-0.7515428208827645,0.5807229812704164,-0.5005476488076274,-0.284698663902726,-0.8439378687824348
406,0.4347101989165479,0.914950442014236,-1.1007193355684985,-0.6215155576865655,0.8517241615651268,0.12374637023821855,0.12374637023821855,-0.7321202087089251,-0.7321202087098097,0.9283117025082126,0.7315993978044989,1.1479678721196707,0.23041788821977463,1.6300971200748542,1.1736174047335637,1.2412517981294175,0.3139133110183255,-0.01947547100346879
407,0.7638171863456177,0.7513742866788126,1.1991931003238616,1.6089701820518945,2.038464969672743,1.6275452043738947,1.6275452043738947,1.3658959117703828,1.365895911769498,-0.852783591395975,-0.5430291211125472,0.28748694112171974,1.413469830711069,0.43805044182625924,0.0993976796941197,-0.5005476488076274,0.6619309055339524,1.3765880179822871
408,-1.4337822361298194,-1.806735431203195,-1.1007193355684985,-0.6215155576865655,-0.6801117850773627,-1.2790860243970656,-1.2790860243970656,-0.7321202087089251,-0.7321202087098097,-0.852783591395975,-0.6017142742372472,-1.5740717042682388,0.5694616193413954,-0.7515428208827645,-1.7264052765847484,-0.5005476488076274,-0.8802328625697683,0.8995931050230905
409,0.062039682462969474,0.5452858837555816,1.3952699738649512,-0.6215155576865655,-0.12204317937876487,-0.13928817686842454,-0.13928817686842454,1.3658959117703828,1.365895911769498,-0.852783591395975,-0.38505901868133263,-0.5231414598616464,-1.8288074531666603,-0.7515428208827645,0.0993976796941197,-0.5005476488076274,0.30202494068221486,1.170530011631756
410,0.7638171863456177,-0.7916593857319226,0.055074305128283006,-0.6215155576865655,-0.6801117850773627,-0.1626377195580798,-0.1626377195580798,1.3658959117703828,1.365895911769498,1.4620201006249185,1.0916667965301035,0.8452391006727372,0.047016750818632776,0.43805044182625924,1.1736174047335637,0.8262286274945406,-0.9531327139780026,-1.4567894231264786
411,0.062039682462969474,0.3993661173625507,-1.1007193355684985,-0.6215155576865655,0.3864113411997915,-0.01790184769451958,-0.01790184769451958,-0.7321202087089251,-0.7321202087098097,-0.852783591395975,-0.40160617144290994,-0.6134932418649579,-1.1761423312418837,-0.7515428208827645,0.8405215457365813,-0.5005476488076274,0.6573833712021773,0.64174609526608
412,-0.3640300841324564,0.3993661173625507,-1.1007193355684985,-0.6215155576865655,0.3864113411997915,-0.6944808675942832,-0.6944808675942832,-0.7321202087089251,-0.7321202087098097,0.3368099162879238,-1.242317097068178,0.8009261290727012,1.0050102255085418,1.6300971200748542,-1.0535464986016343,0.8262286274945406,0.6676116427803649,1.6565383975210095
413,0.062039682462969474,0.9712486348624837,1.4811962827025777,-0.6215155576865655,0.3864113411997915,1.4836191776519723,1.4836191776519723,-0.7321202087089251,-0.7321202087098097,-0.852783591395975,-0.4577823174979728,0.8009261290727012,-0.9276979225351885,1.0318543467952668,0.8405215457365813,-0.1405626747086068,0.21375717820068063,-0.7906120908548102
414,-0.8566398098443941,0.3993661173625507,0.24143854285532132,-0.6215155576865655,-0.6801117850773627,-0.9555961399324725,-0.9555961399324725,-0.7321202087089251,-0.7321202087098097,-0.852783591395975,-0.10069878635470583,-0.4406733641443425,0.09236608953205243,-0.7515428208827645,-1.667390190663671,-0.5005476488076274,-0.7455189531990616,-0.3411172164878999
415,1.0568786595747668,0.5955522648308137,0.055074305128283006,-0.6215155576865655,-1.295649915143251,1.5256227102200934,1.5256227102200934,1.3658959117703828,1.365895911769498,0.9283117025082126,0.9879417317050783,0.8452391006727372,0.663927415401364,1.8530759790880575,0.0993976796941197,-0.5005476488076274,0.03245870327290792,0.25645771221800734
416,0.7638171863456177,0.859545821829031,0.055074305128283006,-0.6215155576865655,0.8517241615651268,-0.1502150220515234,-0.1502150220515234,1.3658959117703828,1.365895911769498,1.4620201006249185,0.8167719869172925,0.8452391006727372,-0.5044709864141408,-0.7515428208827645,1.1736174047335637,-0.1405626747086068,-0.3272211348837658,-0.5553953086770933
417,-1.4337822361298194,0.21581778270395685,-1.1007193355684985,-0.6215155576865655,-0.12204317937876487,-0.9451700097115284,-0.9451700097115284,-0.7321202087089251,-0.7321202087098097,-0.852783591395975,-0.43574703754882116,-1.316281134632133,-0.7426136511310107,-0.7515428208827645,-0.9450305917939715,-0.5005476488076274,0.8617952213226722,1.181841209847573
418,1.3197461913055784,-0.0371723267146882,0.055074305128283006,-0.6215155576865655,-0.12204317937876487,0.9806234803864455,0.9806234803864455,1.3658959117703828,1.365895911769498,1.4620201006249185,0.7668617658002628,0.8452391006727372,-0.5602083919940702,0.43805044182625924,1.1736174047335637,-0.5005476488076274,0.2614782707401626,-0.01947547100346879
419,-1.4337822361298194,-1.806735431203195,-1.1007193355684985,-0.6215155576865655,-0.6801117850773627,-1.3025152625317835,-1.3025152625317835,-0.7321202087089251,-0.7321202087098097,-0.852783591395975,-1.6331202742443072,-1.9283508450908156,-0.7548156741985095,-0.7515428208827645,-1.2370832447224374,-0.5005476488076274,-0.9664698605680215,-1.1891526062570623
420,1.7724912096740832,1.086569284774658,1.3952699738649512,-0.6215155576865655,-0.12204317937876487,1.67125141832567,1.67125141832567,1.3658959117703828,1.365895911769498,1.4620201006249185,1.030262377341554,0.8452391006727372,0.5092252927985647,1.9203728176043786,1.1736174047335637,0.51527210162098,0.7459311536668081,0.695660012478161
421,0.4347101989165479,0.3993661173625507,-1.1007193355684985,-0.6215155576865655,0.3864113411997915,0.5834779047386502,0.5834779047386502,-0.7321202087089251,-0.7321202087098097,0.9283117025082126,1.239108076692022,1.1479678721196707,1.0477188596635783,1.8997316906284631,0.5426140336360036,0.8262286274945406,-0.834813003775795,-1.5494444528851254
422,-1.4337822361298194,-1.806735431203195,-1.1007193355684985,-0.6215155576865655,-0.6801117850773627,-1.2617526088744961,-1.2617526088744961,-0.7321202087089251,-0.7321202087098097,-0.852783591395975,-0.8007636962208121,-1.8352940248511502,0.21391668223119045,-0.7515428208827645,-1.9038676724944052,-0.5005476488076274,0.2411634319186905,0.4060369440752991
423,-0.8566398098443941,-0.6823145776395891,-1.1007193355684985,-0.6215155576865655,-0.12204317937876487,-0.7330493036200167,-0.7330493036200167,-0.7321202087089251,-0.7321202087098097,0.9283117025082126,0.7259088593507381,1.1479678721196707,1.338094910055207,-0.7515428208827645,0.037997333436562315,-0.5005476488076274,-0.5815082820613482,0.64174609526608
424,-0.8566398098443941,-1.806735431203195,-1.1007193355684985,-0.6215155576865655,-0.6801117850773627,-1.129177351129328,-1.129177351129328,-0.7321202087089251,-0.7321202087098097,-0.852783591395975,-1.6320008755877118,0.21666138785866135,0.9296330071622525,-0.7515428208827645,-1.9038676724944052,-0.5005476488076274,0.050251018269566176,-0.16887579733011066
425,0.062039682462969474,0.7513742866788126,0.055074305128283006,-0.6215155576865655,0.3864113411997915,0.07537473798716147,0.07537473798716147,1.3658959117703828,1.365895911769498,-0.852783591395975,0.197311224442498,-0.1616366801950753,-1.261651586930887,-0.7515428208827645,0.0993976796941197,2.6345725386218244,0.7696191015374758,-0.01947547100346879
426,0.062039682462969474,0.859545821829031,0.055074305128283006,-0.6215155576865655,0.8517241615651268,-0.08156146496363595,-0.08156146496363595,1.3658959117703828,1.365895911769498,-0.852783591395975,0.14749084393657455,-0.1616366801950753,-0.5961272780956343,-0.7515428208827645,-0.8649725089998138,0.6427191741715486,-0.1031923915155482,-1.7773221785198643
427,-0.8566398098443941,-1.806735431203195,-1.1007193355684985,-0.6215155576865655,-0.6801117850773627,-1.3351170897060434,-1.3351170897060434,-0.7321202087089251,-0.7321202087098097,-0.852783591395975,-1.8851848814097194,-0.7672913965880377,-0.23286775965390552,-0.7515428208827645,0.037997333436562315,-0.5005476488076274,-2.68213159269609,0.4060369440752991
428,0.062039682462969474,-0.7916593857319226,0.055074305128283006,-0.6215155576865655,-0.6801117850773627,0.21317312685913195,0.21317312685913195,1.3658959117703828,1.365895911769498,-0.852783591395975,-0.12974614574749496,-0.8140021545840483,-0.9245093959109277,-0.7515428208827645,-0.2912007386952259,0.8262286274945406,0.47465936845652107,1.6565383975210095
429,-0.3640300841324564,0.30605185398498463,1.4811962827025777,-0.6215155576865655,0.8517241615651268,0.8388915907963582,0.8388915907963582,-0.7321202087089251,-0.7321202087098097,1.4620201006249185,0.5196346082750075,1.1479678721196707,0.10616372819737897,1.0318543467952668,0.8405215457365813,-0.5005476488076274,-1.5374041147305053,-2.086619366189602
430,1.3197461913055784,1.0284512646068313,1.1991931003238616,1.6089701820518945,1.2792778261389937,1.6097704111584163,1.6097704111584163,1.3658959117703828,1.365895911769498,0.9283117025082126,0.300305288771134,0.28748694112171974,0.32403075945853094,1.0998960999631677,0.0993976796941197,0.6210116043964259,0.9579067591565761,0.64174609526608
431,0.062039682462969474,-1.806735431203195,-1.1007193355684985,-0.6215155576865655,-0.6801117850773627,-0.9895130160092808,-0.9895130160092808,-0.7321202087089251,-0.7321202087098097,-0.852783591395975,-1.2806004861510698,-0.02836667027894861,0.9794892116714383,-0.7515428208827645,-0.5355475226872602,-0.5005476488076274,-1.7916090659344952,1.4910035249770053
432,-0.3640300841324564,-0.22881090253958375,0.5775899222938418,1.6089701820518945,0.3864113411997915,-1.0238608977207808,-1.0238608977207808,-0.7321202087089251,-0.7321202087098097,-0.852783591395975,-0.2820579629555441,-0.02836667027894861,-0.6701864579511397,-0.7515428208827645,-0.5355475226872602,1.4395885200590763,0.8956872808844106,0.0863068208570581
433,-1.4337822361298194,-1.806735431203195,-1.1007193355684985,-0.6215155576865655,-0.6801117850773627,-1.2524848299448084,-1.2524848299448084,-0.7321202087089251,-0.7321202087098097,-0.852783591395975,-2.0642197893313794,-1.9663745196588867,-0.8720625179883598,-0.7515428208827645,-1.8264428715441192,-0.1405626747086068,-0.5099117308553429,0.37438268585535805
434,-0.8566398098443941,0.3993661173625507,0.24143854285532132,-0.6215155576865655,-0.6801117850773627,-0.8077601897501925,-0.8077601897501925,-0.7321202087089251,-0.7321202087098097,-0.852783591395975,-0.6104574123857089,-0.4406733641443425,0.4144548680400916,-0.7515428208827645,-0.36536621947112485,-0.5005476488076274,-1.2753531243649567,-0.6427690096411087
435,-0.8566398098443941,-0.5644013565310136,-1.3886013012595027,1.6089701820518945,-1.9782899713102153,-0.7521379663507591,-0.7521379663507591,-0.7321202087089251,-0.7321202087098097,-0.852783591395975,-0.28334162860127593,-0.9041453836733948,-1.4423280107514154,-0.7515428208827645,0.2762073651606177,-0.5005476488076274,0.7297984416424905,0.05095739027599673
436,-0.3640300841324564,0.5955522648308137,0.055074305128283006,-0.6215155576865655,-1.295649915143251,0.590751100378803,0.590751100378803,1.3658959117703828,1.365895911769498,-0.852783591395975,-2.423743170459414,-0.8140021545840483,-0.10324759011858609,-0.7515428208827645,0.0993976796941197,-0.5005476488076274,-2.629779206651738,-2.171799955019358
437,1.3197461913055784,1.086569284774658,1.4811962827025777,-0.6215155576865655,1.6735864320707878,1.4765890495335146,1.4765890495335146,-0.7321202087089251,-0.7321202087098097,1.4620201006249185,0.972911592919449,1.1479678721196707,0.12634435645397593,1.8315924213572836,1.1736174047335637,-0.5005476488076274,-0.28869013918091246,-0.5553953086770933
438,0.4347101989165479,0.9712486348624837,0.24143854285532132,-0.6215155576865655,0.3864113411997915,0.060261765021252314,0.060261765021252314,-0.7321202087089251,-0.7321202087098097,1.4620201006249185,0.7782060844681497,1.1479678721196707,0.9603653622431773,1.922866304938414,1.1736174047335637,-0.5005476488076274,-0.5668754049464931,0.4520692043324983
439,-1.4337822361298194,-1.806735431203195,-1.1007193355684985,-0.6215155576865655,-0.6801117850773627,-1.3220429609823616,-1.3220429609823616,-0.7321202087089251,-0.7321202087098097,-0.852783591395975,-1.9533528967508265,-1.9663745196588867,-0.9554665437379468,-0.7515428208827645,-1.9038676724944052,-0.5005476488076274,-0.9301031508699967,1.181841209847573
440,0.7638171863456177,0.859545821829031,0.5775899222938418,1.6089701820518945,0.3864113411997915,0.09812185641265563,0.09812185641265563,-0.7321202087089251,-0.7321202087098097,-0.852783591395975,0.06723124125813042,0.21666138785866135,-0.3714968147132767,-0.7515428208827645,0.8405215457365813,-0.5005476488076274,-0.0070513894547646816,-0.20094041362422466
441,0.062039682462969474,-0.7916593857319226,0.055074305128283006,-0.6215155576865655,-0.6801117850773627,-0.006814133457217872,-0.006814133457217872,1.3658959117703828,1.365895911769498,0.9283117025082126,-0.19271726757188554,0.28748694112171974,-1.1464034322878975,0.43805044182625924,0.5807229812704164,-0.5005476488076274,-1.0375837860107269,-1.2666325726950194
442,-1.4337822361298194,-0.6823145776395891,-1.1007193355684985,-0.6215155576865655,-0.12204317937876487,-1.2249029722234939,-1.2249029722234939,-0.7321202087089251,-0.7321202087098097,-0.852783591395975,-1.188402337524951,-1.9663745196588867,-0.1044760487738862,-0.7515428208827645,-1.9038676724944052,-0.1405626747086068,0.19430704665455004,-0.8565372761497004
443,-0.3640300841324564,-0.6823145776395891,-1.1007193355684985,-0.6215155576865655,-0.12204317937876487,-0.8804176189060282,-0.8804176189060282,-0.7321202087089251,-0.7321202087098097,0.9283117025082126,0.4690734294082991,0.8009261290727012,0.3727732145163734,1.0318543467952668,-1.1504892548365229,0.5621989716239308,0.7321811767213914,-0.5553953086770933
444,0.7638171863456177,0.4472029308174746,1.1991931003238616,1.6089701820518945,-0.6801117850773627,1.3433415782613525,1.3433415782613525,1.3658959117703828,1.365895911769498,0.5766833091167,1.0639843611490194,0.8452391006727372,1.5455846590640832,1.4685529475692103,0.5807229812704164,-0.5005476488076274,0.8580666283924332,0.019594271782797438
445,1.3197461913055784,1.0284512646068313,1.1991931003238616,1.6089701820518945,1.2792778261389937,1.6777233946824972,1.6777233946824972,1.3658959117703828,1.365895911769498,1.4620201006249185,0.9457920730358201,0.8452391006727372,0.9916738489559924,1.6741387980678815,1.1736174047335637,-0.5005476488076274,0.3845600209531081,0.6147859807211598
446,-0.3640300841324564,-0.7916593857319226,0.055074305128283006,-0.6215155576865655,-0.6801117850773627,-0.1628479345387974,-0.1628479345387974,1.3658959117703828,1.365895911769498,-0.852783591395975,-0.9115510569159045,-1.387108716673251,-3.159656415571012,-0.7515428208827645,1.1736174047335637,-1.4058627203673058,-3.2177335461103453,-2.0829213928621897
447,-1.4337822361298194,-1.806735431203195,-1.1007193355684985,-0.6215155576865655,-0.6801117850773627,-1.190225201968915,-1.190225201968915,-0.7321202087089251,-0.7321202087098097,-0.852783591395975,-1.7794159181034708,-1.4602590873188641,0.06330013816981882,-0.7515428208827645,-1.8529293456675502,0.8262286274945406,0.11049783383228337,1.181841209847573
448,-0.8566398098443941,-0.6823145776395891,-1.1007193355684985,-0.6215155576865655,-0.12204317937876487,-0.8334598477499943,-0.8334598477499943,-0.7321202087089251,-0.7321202087098097,-0.852783591395975,-1.109991858192234,-0.2465019633912106,0.12654516897297596,-0.7515428208827645,-0.17497648774524682,-0.5005476488076274,-0.6844657391625574,0.64174609526608
449,1.5570469416558246,1.0284512646068313,1.8192813849494063,-0.6215155576865655,1.6735864320707878,1.6888746426861656,1.6888746426861656,1.3658959117703828,1.365895911769498,1.2598404727677617,0.556715419372306,0.8452391006727372,1.3886691355709682,1.922866304938414,1.1736174047335637,-0.5005476488076274,0.10809434774146831,0.19042599076646446
450,-0.3640300841324564,-1.806735431203195,-1.1007193355684985,-0.6215155576865655,-0.6801117850773627,-1.0484718224608314,-1.0484718224608314,-0.7321202087089251,-0.7321202087098097,0.9283117025082126,0.32302845511426814,0.4918655558291933,0.29821169133622705,1.0318543467952668,-1.6985784991912682,-0.5005476488076274,-0.5105225871879556,0.019594271782797438
451,-1.4337822361298194,-1.806735431203195,-1.1007193355684985,-0.6215155576865655,-0.6801117850773627,-1.313145568266526,-1.313145568266526,-0.7321202087089251,-0.7321202087098097,-0.852783591395975,-1.0947904532219304,-1.9663745196588867,0.028854602627450224,-0.7515428208827645,-1.9038676724944052,0.21372463719044033,-0.4622891332875929,-0.8439378687824348
452,1.5570469416558246,1.086569284774658,1.3952699738649512,-0.6215155576865655,-0.12204317937876487,1.660229687293574,1.660229687293574,1.3658959117703828,1.365895911769498,0.9283117025082126,0.618007421246844,0.8452391006727372,0.30704367303848523,1.888977924164655,0.5807229812704164,-0.5005476488076274,-0.8524881156399478,1.3765880179822871
453,-0.8566398098443941,-0.6823145776395891,-1.1007193355684985,-0.6215155576865655,-0.12204317937876487,-0.6920055539423287,-0.6920055539423287,-0.7321202087089251,-0.7321202087098097,-0.852783591395975,-0.1514668584075168,-0.9041453836733948,-0.004830059973063518,-0.7515428208827645,0.2762073651606177,-0.5005476488076274,0.32428805693336654,-0.01947547100346879
454,-0.3640300841324564,-0.5644013565310136,-1.3886013012595027,1.6089701820518945,-1.9782899713102153,0.9048933919935667,0.9048933919935667,-0.7321202087089251,-0.7321202087098097,-0.852783591395975,-0.18075712584214612,-0.02836667027894861,-2.2011130656319255,-0.7515428208827645,1.1736174047335637,-1.2371463403909366,-1.7181333666491514,-1.5494444528851254
455,-0.8566398098443941,-0.6823145776395891,-1.1007193355684985,-0.6215155576865655,-0.12204317937876487,-0.9570070746596347,-0.9570070746596347,-0.7321202087089251,-0.7321202087098097,-0.852783591395975,0.27884482249510506,0.21666138785866135,0.5428664540706473,-0.7515428208827645,-1.0535464986016343,0.5621989716239308,0.7998323004321012,1.181841209847573
456,0.4347101989165479,0.4958394936561029,0.055074305128283006,-0.6215155576865655,0.3864113411997915,-0.13176034855273708,-0.13176034855273708,1.3658959117703828,1.365895911769498,-0.852783591395975,0.47770746671680786,0.28748694112171974,-1.272560739929408,-0.7515428208827645,1.1736174047335637,-1.906616799577726,-0.19585036432962638,1.6565383975210095
457,0.7638171863456177,0.859545821829031,0.24143854285532132,-0.6215155576865655,0.8517241615651268,0.2810799372244113,0.2810799372244113,-0.7321202087089251,-0.7321202087098097,0.9283117025082126,0.6398169329413086,1.1479678721196707,-0.014177090929114362,-0.7515428208827645,0.5426140336360036,-0.5005476488076274,-0.47562725043346354,0.2564577122180169
458,-1.4337822361298194,-1.806735431203195,-1.1007193355684985,-0.6215155576865655,-0.6801117850773627,-1.1725737558282676,-1.1725737558282676,-0.7321202087089251,-0.7321202087098097,-0.852783591395975,-0.9210968679860793,-1.8144911325981103,-0.5148772015960925,-0.7515428208827645,-1.3144243662398853,0.5621989716239308,1.1554114222635667,0.2259589903903107
459,-1.4337822361298194,-0.0371723267146882,0.055074305128283006,-0.6215155576865655,-0.12204317937876487,-0.14486396620450429,-0.14486396620450429,1.3658959117703828,1.365895911769498,-0.852783591395975,-0.2872354732707783,-1.7972764588871295,-1.7913917075551435,-0.7515428208827645,-0.2912007386952259,2.768900015986353,0.6518191699328819,-1.4045544278889044
460,0.062039682462969474,0.3993661173625507,0.24143854285532132,-0.6215155576865655,-0.6801117850773627,1.1555749276637592,1.1555749276637592,-0.7321202087089251,-0.7321202087098097,-0.852783591395975,0.18381410727131753,-0.6134932418649579,-2.289240837311631,-0.7515428208827645,1.1736174047335637,-4.803147624626847,-0.05957988231885265,-0.4986306919415408
461,0.7638171863456177,-0.5644013565310136,-1.3886013012595027,1.6089701820518945,-1.9782899713102153,0.16087801501208115,0.16087801501208115,-0.7321202087089251,-0.7321202087098097,-0.852783591395975,0.1563449843464995,-0.02836667027894861,-0.9663736498088679,-0.7515428208827645,0.5426140336360036,0.7985730149284612,1.3113988777605494,-0.5835258092590583
462,-1.4337822361298194,-1.806735431203195,-1.1007193355684985,-0.6215155576865655,-0.6801117850773627,-1.3072391245205535,-1.3072391245205535,-0.7321202087089251,-0.7321202087098097,-0.852783591395975,-1.746842373032371,-1.9663745196588867,-0.9050831314971323,-0.7515428208827645,-1.6324383429541383,-0.5005476488076274,-1.0390268933847133,-0.3754544036317249
463,0.062039682462969474,-0.22881090253958375,0.5775899222938418,1.6089701820518945,0.3864113411997915,0.12813778385750854,0.12813778385750854,-0.7321202087089251,-0.7321202087098097,-0.852783591395975,-0.22287240102327208,-0.02836667027894861,-0.8870113660456532,1.0318543467952668,0.5426140336360036,0.6405330613829662,1.1931658715006146,-1.6558768606052772
464,-1.4337822361298194,-0.22881090253958375,0.5775899222938418,1.6089701820518945,0.3864113411997915,-1.0480766949591636,-1.0480766949591636,-0.7321202087089251,-0.7321202087098097,-0.852783591395975,-1.0737828251686508,-1.0259076098400428,-0.2890214819613431,-0.7515428208827645,-0.8235737531726128,-0.5005476488076274,1.4243336418969137,1.6565383975210095
465,0.7638171863456177,-0.5644013565310136,-1.3886013012595027,1.6089701820518945,-1.9782899713102153,1.132336269251493,1.132336269251493,-0.7321202087089251,-0.7321202087098097,-0.852783591395975,-0.2942234436543168,0.8009261290727012,-0.38813921907528387,-0.7515428208827645,1.1736174047335637,-0.5005476488076274,-0.2731346715905257,-1.2310345591906298
466,-1.4337822361298194,-1.806735431203195,-1.1007193355684985,-0.6215155576865655,-0.6801117850773627,-1.2231920211748855,-1.2231920211748855,-0.7321202087089251,-0.7321202087098097,-0.852783591395975,-1.0010335827899064,-1.9193152333704249,-0.546344984871075,-0.7515428208827645,-1.6324383429541383,-0.5005476488076274,-0.5267747501982484,1.115194453509924
467,-1.4337822361298194,-1.806735431203195,-1.1007193355684985,-0.6215155576865655,-0.6801117850773627,-1.294005455820704,-1.294005455820704,-0.7321202087089251,-0.7321202087098097,-0.852783591395975,-2.0246782188584103,-1.9663745196588867,-0.712274068086845,-0.7515428208827645,-1.5932733574686915,-0.5005476488076274,-0.6926198061903194,0.7878541034926071
468,0.062039682462969474,1.086569284774658,-1.1007193355684985,-0.6215155576865655,1.6735864320707878,-0.9003391821646082,-0.9003391821646082,-0.7321202087089251,-0.7321202087098097,1.1679997327221208,0.7770100048536704,1.1479678721196707,1.3457621258534997,1.6300971200748542,-0.36536621947112485,-0.5005476488076274,0.3516444171713147,1.181841209847573
469,1.0568786595747668,1.0284512646068313,1.1991931003238616,1.6089701820518945,1.2792778261389937,0.7584414454844803,0.7584414454844803,1.3658959117703828,1.365895911769498,1.4620201006249185,2.4402875048998145,0.8452391006727372,2.562755204976399,1.0998960999631677,1.1736174047335637,-0.5005476488076274,-0.6587804421346447,0.37438268585535805
470,1.3197461913055784,0.9712486348624837,1.4811962827025777,-0.6215155576865655,0.3864113411997915,1.4042207902942185,1.4042207902942185,-0.7321202087089251,-0.7321202087098097,1.4620201006249185,0.9046445670584106,1.1479678721196707,0.1321177208567966,1.6300971200748542,1.1736174047335637,1.5716046486339361,-0.1708878468142703,-0.20094041362422466
471,0.7638171863456177,0.30605185398498463,1.4811962827025777,-0.6215155576865655,0.8517241615651268,0.8958398703919891,0.8958398703919891,-0.7321202087089251,-0.7321202087098097,0.9283117025082126,0.8714919108648036,1.1479678721196707,0.03043204583042862,1.0318543467952668,0.8405215457365813,-0.5005476488076274,-1.0918580769032027,-2.0134115107742145
472,-0.3640300841324564,1.086569284774658,1.4811962827025777,-0.6215155576865655,2.038464969672743,-0.5654018074674623,-0.5654018074674623,-0.7321202087089251,-0.7321202087098097,1.4620201006249185,2.9784452626287905,1.1479678721196707,2.591050349546034,1.0318543467952668,0.5426140336360036,-0.5005476488076274,-0.9817565160564821,-1.2016367660676532
473,-0.8566398098443941,0.9712486348624837,-1.1007193355684985,-0.6215155576865655,1.2792778261389937,-0.8719983475280468,-0.8719983475280468,-0.7321202087089251,-0.7321202087098097,0.9283117025082126,0.7127295007475978,1.1479678721196707,1.0261688432125722,-0.7515428208827645,-0.6876481810723462,-0.5005476488076274,-0.5969484900737989,-0.5553953086770933
474,1.0568786595747668,1.0284512646068313,0.24143854285532132,-0.6215155576865655,-0.12204317937876487,0.8843434495368877,0.8843434495368877,-0.7321202087089251,-0.7321202087098097,0.9283117025082126,0.9404765075069782,1.1479678721196707,1.9702380766362118,1.8315924213572836,0.2762073651606177,-0.5005476488076274,-0.054823823789553514,0.4520692043324983
475,-0.3640300841324564,-1.806735431203195,-1.1007193355684985,-0.6215155576865655,-0.6801117850773627,-1.0908725978058071,-1.0908725978058071,-0.7321202087089251,-0.7321202087098097,0.5766833091167,-0.1303222365206181,0.21666138785866135,1.2863665930799877,-0.7515428208827645,-0.6876481810723462,-0.5005476488076274,-0.3843425584718328,1.3765880179822871
476,1.3197461913055784,0.3993661173625507,0.24143854285532132,-0.6215155576865655,-0.6801117850773627,0.1212747421830933,0.1212747421830933,-0.7321202087089251,-0.7321202087098097,-0.852783591395975,-0.2909723029211502,0.4918655558291933,-1.0050504548703805,-0.7515428208827645,0.8405215457365813,-0.5005476488076274,-0.4489707489421092,0.37438268585535805
477,1.5570469416558246,0.6985860862574665,1.1991931003238616,1.6089701820518945,0.8517241615651268,1.4857218524256197,1.4857218524256197,1.3658959117703828,1.365895911769498,1.4620201006249185,1.1105908661199217,0.8452391006727372,0.13797753648982883,1.0998960999631677,0.5807229812704164,2.067570442239213,0.43726584314168243,-0.006926235327870209
478,0.4347101989165479,-0.5644013565310136,-1.3886013012595027,1.6089701820518945,-1.9782899713102153,-0.8689080397066998,-0.8689080397066998,-0.7321202087089251,-0.7321202087098097,0.9283117025082126,0.17892228340052538,-0.02836667027894861,-0.3960616924169219,1.0318543467952668,0.8405215457365813,1.9740075386096048,0.8883908264181178,-0.20094041362422466
479,0.4347101989165479,-0.5644013565310136,-1.3886013012595027,1.6089701820518945,-1.9782899713102153,0.1384672757546467,0.1384672757546467,-0.7321202087089251,-0.7321202087098097,-0.852783591395975,-0.11461909066264352,0.21666138785866135,-0.39190909339029295,1.0318543467952668,0.8405215457365813,0.07907656510554141,0.9137524830089943,-0.4986306919415408
480,0.4347101989165479,0.3993661173625507,0.24143854285532132,-0.6215155576865655,-0.6801117850773627,0.46957214348631765,0.46957214348631765,-0.7321202087089251,-0.7321202087098097,-0.852783591395975,0.3943389882877688,0.4918655558291933,-0.36206943432495814,-0.7515428208827645,0.5426140336360036,-0.5005476488076274,0.3382218666265316,0.9719886803041085
481,0.7638171863456177,-0.7916593857319226,0.055074305128283006,-0.6215155576865655,-0.6801117850773627,0.10022818286101867,0.10022818286101867,1.3658959117703828,1.365895911769498,0.9283117025082126,0.8563243524530104,0.8452391006727372,0.301050011905929,-0.7515428208827645,0.5807229812704164,1.4393850104443724,1.2032866641634237,1.6565383975210095
482,-0.3640300841324564,0.6466488868178577,0.5775899222938418,1.6089701820518945,0.3864113411997915,-0.4029029507787959,-0.4029029507787959,-0.7321202087089251,-0.7321202087098097,-0.852783591395975,0.3183335684525458,0.4918655558291933,0.1256647106947184,-0.7515428208827645,0.5426140336360036,-0.5005476488076274,-0.9697175609499019,-1.6585890719341103
483,-1.4337822361298194,-1.806735431203195,-1.1007193355684985,-0.6215155576865655,-0.6801117850773627,-1.224671807252028,-1.224671807252028,-0.7321202087089251,-0.7321202087098097,-0.852783591395975,-0.5797441691674142,-1.5740717042682388,-0.02262729681783563,-0.7515428208827645,-1.7264052765847484,0.6405330613829662,0.9916490825789952,1.115194453509924
484,-0.8566398098443941,-0.6823145776395891,-1.1007193355684985,-0.6215155576865655,-0.12204317937876487,-1.0539012288398952,-1.0539012288398952,-0.7321202087089251,-0.7321202087098097,0.9283117025082126,0.8830975314979581,1.1479678721196707,1.1160352997641445,1.0318543467952668,-0.5355475226872602,-0.5005476488076274,-0.4355744423381542,0.695660012478161
485,-0.3640300841324564,0.7513742866788126,0.055074305128283006,-0.6215155576865655,0.3864113411997915,0.2545961998089724,0.2545961998089724,1.3658959117703828,1.365895911769498,-0.852783591395975,-1.5205958531950545,-1.387108716673251,-1.0316350763175575,-0.7515428208827645,-0.6080495599972832,-0.5005476488076274,-2.331451285547808,-2.2117492045460523
486,1.3197461913055784,0.914950442014236,0.055074305128283006,-0.6215155576865655,-0.12204317937876487,0.9582626435121088,0.9582626435121088,1.3658959117703828,1.365895911769498,1.2598404727677617,0.8273263926444493,0.8452391006727372,0.6214627198199237,1.7889191271864646,0.5807229812704164,-0.5005476488076274,-0.6042603622287661,-1.4567894231264786
487,1.0568786595747668,0.859545821829031,1.4811962827025777,-0.6215155576865655,1.6735864320707878,1.5284696884553965,1.5284696884553965,-0.7321202087089251,-0.7321202087098097,1.1679997327221208,-0.6877885945287824,0.8009261290727012,-0.7337293242501663,1.0318543467952668,0.8405215457365813,-0.5005476488076274,-0.15444837477527687,-0.3754544036317249
488,1.7724912096740832,1.086569284774658,1.4811962827025777,-0.6215155576865655,0.8517241615651268,1.536448846457087,1.536448846457087,-0.7321202087089251,-0.7321202087098097,1.4620201006249185,1.365074114920118,1.1479678721196707,-0.6717184007749325,-0.7515428208827645,1.1736174047335637,-0.5005476488076274,0.3764570126505715,0.4397435982509095
489,-1.4337822361298194,-1.806735431203195,-1.1007193355684985,-0.6215155576865655,-0.6801117850773627,-1.2090511450243093,-1.2090511450243093,-0.7321202087089251,-0.7321202087098097,-0.852783591395975,0.03271723815284616,-1.1342295416072508,0.4262780465389086,-0.7515428208827645,-1.8264428715441192,-0.5005476488076274,0.3346078996881511,1.4910035249770053
490,0.4347101989165479,0.914950442014236,0.24143854285532132,-0.6215155576865655,-1.295649915143251,1.5232735279611485,1.5232735279611485,-0.7321202087089251,-0.7321202087098097,-0.852783591395975,0.21544181539987126,0.8009261290727012,-0.08371716076165601,-0.7515428208827645,1.1736174047335637,-0.5005476488076274,-1.2362227317313363,-0.3951884546912912
491,-0.8566398098443941,0.6985860862574665,-1.1007193355684985,-0.6215155576865655,-0.12204317937876487,-1.0788753212797186,-1.0788753212797186,-0.7321202087089251,-0.7321202087098097,0.3368099162879238,0.20281773649780563,0.4918655558291933,0.9974455945780852,1.0318543467952668,-1.5493924685986495,0.5621989716239308,0.48514235628875174,-0.01947547100346879
492,0.062039682462969474,-0.22881090253958375,0.5775899222938418,1.6089701820518945,0.3864113411997915,-0.7910509779067104,-0.7910509779067104,-0.7321202087089251,-0.7321202087098097,-0.852783591395975,-0.0740991572590614,0.21666138785866135,-0.2980133184098101,-0.7515428208827645,0.2762073651606177,-0.5005476488076274,0.7027133658416669,1.6565383975210095
493,-0.8566398098443941,0.9712486348624837,0.5775899222938418,1.6089701820518945,0.8517241615651268,-0.8604695474651793,-0.8604695474651793,-0.7321202087089251,-0.7321202087098097,-0.852783591395975,-0.26905923521228126,-0.6134932418649579,-0.49181190539707104,-0.7515428208827645,-0.17497648774524682,-0.5005476488076274,0.70463582499289,1.4910035249770053
494,1.3197461913055784,0.6985860862574665,1.1991931003238616,1.6089701820518945,0.8517241615651268,0.9943159092789915,0.9943159092789915,1.3658959117703828,1.365895911769498,1.4620201006249185,0.9144370886366814,0.8452391006727372,-0.7070120508363851,-0.7515428208827645,1.1736174047335637,2.224396408982192,2.470144068370988,1.3765880179822871
495,-1.4337822361298194,-1.806735431203195,-1.1007193355684985,-0.6215155576865655,-0.6801117850773627,-1.3402260808788853,-1.3402260808788853,-0.7321202087089251,-0.7321202087098097,-0.852783591395975,-3.466336947127399,-1.0259076098400428,-0.6408147236236632,-0.7515428208827645,0.2762073651606177,-0.5005476488076274,-2.6478287830589577,-1.4225505371929246
496,0.4347101989165479,0.914950442014236,0.24143854285532132,-0.6215155576865655,-1.295649915143251,1.3177923847119277,1.3177923847119277,-0.7321202087089251,-0.7321202087098097,0.9283117025082126,-0.56634216503367,0.21666138785866135,0.47074490572547767,1.6300971200748542,0.037997333436562315,-0.5005476488076274,-0.7781525773917677,-0.10793431688066601
497,0.062039682462969474,-0.5644013565310136,-1.3886013012595027,1.6089701820518945,-1.9782899713102153,-1.0694276858845884,-1.0694276858845884,-0.7321202087089251,-0.7321202087098097,-0.852783591395975,-1.1103500569805982,0.4918655558291933,1.5519010908140292,-0.7515428208827645,-0.36536621947112485,-0.5005476488076274,-0.005088090767204491,-0.4476762665935095
498,-1.4337822361298194,-1.806735431203195,-1.1007193355684985,-0.6215155576865655,-0.6801117850773627,-1.2217695685544077,-1.2217695685544077,-0.7321202087089251,-0.7321202087098097,-0.852783591395975,-1.4736548640813882,-1.8144911325981103,-0.21939029965603177,-0.7515428208827645,-1.8529293456675502,0.9047458419029585,-0.001931980773349864,0.2990379844648322
499,0.7638171863456177,0.5452858837555816,1.3952699738649512,-0.6215155576865655,-0.12204317937876487,-0.058651512853298185,-0.058651512853298185,1.3658959117703828,1.365895911769498,-0.852783591395975,0.4567154302583506,0.28748694112171974,-1.4873538364724501,-0.7515428208827645,1.1736174047335637,-0.32076388599925965,0.7308190728508411,-0.20094041362422466
500,0.7638171863456177,0.9712486348624837,0.24143854285532132,-0.6215155576865655,0.3864113411997915,1.3782659736211746,1.3782659736211746,-0.7321202087089251,-0.7321202087098097,1.1679997327221208,1.0029652145650774,1.1479678721196707,0.21898173770593998,1.8315924213572836,0.8405215457365813,3.0372276449272295,2.3090233365095605,0.9719886803041085
501,-1.4337822361298194,-1.806735431203195,-1.1007193355684985,-0.6215155576865655,-0.6801117850773627,-1.1720654289319454,-1.1720654289319454,-0.7321202087089251,-0.7321202087098097,-0.852783591395975,-0.8362956467305737,-1.9553839301823983,-0.7044447543111033,-0.7515428208827645,-1.445168023143771,-0.5005476488076274,-0.7096099595919141,-0.816239473687105
502,-0.3640300841324564,0.30605185398498463,-1.1007193355684985,-0.6215155576865655,0.8517241615651268,-1.0382284993502657,-1.0382284993502657,-0.7321202087089251,-0.7321202087098097,-0.852783591395975,-0.33122493033178874,-0.02836667027894861,0.35733130005189456,-0.7515428208827645,-0.5355475226872602,-0.5005476488076274,0.1281162388181299,-0.01947547100346879
503,1.5570469416558246,1.0284512646068313,1.1991931003238616,1.6089701820518945,-1.295649915143251,1.3710998753178893,1.3710998753178893,1.3658959117703828,1.365895911769498,-0.852783591395975,-0.22446464273883668,0.28748694112171974,-1.2569401125700552,-0.7515428208827645,0.5807229812704164,-0.5005476488076274,0.4617633511912193,-0.20094041362422466
504,-0.3640300841324564,-0.22881090253958375,0.5775899222938418,1.6089701820518945,0.3864113411997915,-0.1257743347099596,-0.1257743347099596,-0.7321202087089251,-0.7321202087098097,0.5766833091167,0.046809755563024115,0.8009261290727012,-0.16569391613432644,-0.7515428208827645,0.037997333436562315,1.3088005115886057,2.6061494047192952,0.4060369440752991
505,-0.8566398098443941,-0.22881090253958375,0.5775899222938418,1.6089701820518945,0.3864113411997915,-0.5109106912710504,-0.5109106912710504,-0.7321202087089251,-0.7321202087098097,-0.852783591395975,-1.4858733851565011,-0.9041453836733948,-0.6658426794265322,-0.7515428208827645,-0.5355475226872602,-0.5005476488076274,0.3964722866991123,0.8995931050230905
506,0.062039682462969474,-0.22881090253958375,0.5775899222938418,1.6089701820518945,0.3864113411997915,-0.025448670778606006,-0.025448670778606006,-0.7321202087089251,-0.7321202087098097,-0.852783591395975,-0.21980533417427392,0.8009261290727012,0.848386279883218,-0.7515428208827645,0.2762073651606177,-0.5005476488076274,-0.6524456052739054,-1.2310345591906298
507,0.4347101989165479,-0.7916593857319226,0.055074305128283006,-0.6215155576865655,-0.6801117850773627,0.2759143157753378,0.2759143157753378,1.3658959117703828,1.365895911769498,-0.852783591395975,-0.29981160180963407,-1.047928001226318,-1.5226706515950756,-0.7515428208827645,0.5807229812704164,-0.5005476488076274,-1.0008095248737947,-0.9596853734266299
508,-0.8566398098443941,0.4472029308174746,0.24143854285532132,-0.6215155576865655,-1.9782899713102153,-0.7191814907117018,-0.7191814907117018,-0.7321202087089251,-0.7321202087098097,-0.852783591395975,-1.3393859874258274,-0.2465019633912106,-0.11342683431104018,-0.7515428208827645,-1.3144243662398853,-0.5005476488076274,0.6863089798564981,1.5987664732725797
509,-0.8566398098443941,0.21581778270395685,-1.1007193355684985,-0.6215155576865655,-0.12204317937876487,-1.0544118751818428,-1.0544118751818428,-0.7321202087089251,-0.7321202087098097,-0.852783591395975,-0.40883479251597155,-0.4406733641443425,-0.4125317675664594,-0.7515428208827645,-0.36536621947112485,-0.5005476488076274,0.9416706588998276,0.0863068208570581
510,-0.8566398098443941,-0.5644013565310136,-1.3886013012595027,1.6089701820518945,-1.9782899713102153,0.3712610457071411,0.3712610457071411,-0.7321202087089251,-0.7321202087098097,-0.852783591395975,-0.9326251749935274,-0.6134932418649579,0.21173074912033468,-0.7515428208827645,-0.6876481810723462,-0.5005476488076274,-0.48078328476068294,-0.8956827017084326
511,1.5570469416558246,1.086569284774658,1.1991931003238616,1.6089701820518945,0.3864113411997915,1.184720750048441,1.184720750048441,1.3658959117703828,1.365895911769498,1.4620201006249185,1.4425131303109826,0.8452391006727372,1.0307841166644742,1.6741387980678815,1.1736174047335637,-0.5005476488076274,1.2602324395688242,1.0346384540492137
512,-1.4337822361298194,0.4472029308174746,0.24143854285532132,-0.6215155576865655,-1.9782899713102153,-0.9491332030294763,-0.9491332030294763,-0.7321202087089251,-0.7321202087098097,-0.852783591395975,-1.7766606199343031,-1.7015991523790133,-1.13378802673086,-0.7515428208827645,-0.6876481810723462,-0.5005476488076274,-0.5745100360071959,-0.3754544036317249
513,-0.3640300841324564,-0.5644013565310136,-1.3886013012595027,1.6089701820518945,-1.9782899713102153,-0.40246469011535907,-0.40246469011535907,-0.7321202087089251,-0.7321202087098097,-0.852783591395975,-1.2459202596999093,-0.6134932418649579,-0.13332612351668405,-0.7515428208827645,-0.36536621947112485,-0.5005476488076274,-0.18627785721939924,-0.18767982303253736
514,-0.8566398098443941,-1.806735431203195,-1.1007193355684985,-0.6215155576865655,-0.6801117850773627,-1.2464210446868647,-1.2464210446868647,-0.7321202087089251,-0.7321202087098097,-0.852783591395975,-0.4473110224660074,-0.4406733641443425,0.9504154500466393,-0.7515428208827645,-1.751229936744782,-0.5005476488076274,-0.34736686298887715,0.37438268585535805
515,-1.4337822361298194,-1.806735431203195,-1.1007193355684985,-0.6215155576865655,-0.6801117850773627,-1.248569027599484,-1.248569027599484,-0.7321202087089251,-0.7321202087098097,-0.852783591395975,-1.13184762950056,-1.7646970460250109,0.06909845976022508,-0.7515428208827645,-1.9038676724944052,0.017133919667563127,0.5070867799629658,1.4910035249770053
516,0.7638171863456177,0.859545821829031,0.055074305128283006,-0.6215155576865655,0.8517241615651268,1.295355627127426,1.295355627127426,1.3658959117703828,1.365895911769498,0.5766833091167,-1.046703513657777,-0.1616366801950753,0.25223110648592595,-0.7515428208827645,0.0993976796941197,0.8829152082909357,-0.40517405776199317,-0.5961311362618368
517,0.062039682462969474,-0.0371723267146882,0.055074305128283006,-0.6215155576865655,-0.12204317937876487,0.08181603331620062,0.08181603331620062,1.3658959117703828,1.365895911769498,-0.852783591395975,-0.024816360151310907,0.28748694112171974,-0.745693728661738,-0.7515428208827645,-0.8649725089998138,3.088005114181974,1.1788783210964382,0.15507224058822955
518,1.3197461913055784,0.3523190608687431,0.5775899222938418,1.6089701820518945,1.6735864320707878,0.9794027574759564,0.9794027574759564,-0.7321202087089251,-0.7321202087098097,-0.852783591395975,-0.08658264953763767,0.4918655558291933,1.0625384132978866,-0.7515428208827645,0.037997333436562315,-0.5005476488076274,-0.22331841829595148,-0.20094041362422466
519,-0.3640300841324564,-0.22881090253958375,0.5775899222938418,1.6089701820518945,0.3864113411997915,0.9318675421412554,0.9318675421412554,-0.7321202087089251,-0.7321202087098097,1.4620201006249185,0.5958230497902942,1.1479678721196707,0.6874424670939809,-0.7515428208827645,1.1736174047335637,-0.5005476488076274,-0.3864697279214999,0.25645771221800734
520,0.7638171863456177,0.4472029308174746,0.24143854285532132,-0.6215155576865655,-1.9782899713102153,1.2863671902464022,1.2863671902464022,-0.7321202087089251,-0.7321202087098097,1.4620201006249185,1.087440667803524,1.1479678721196707,-1.6590060399358375,-0.7515428208827645,1.1736174047335637,1.4786358469573295,0.6345383649742372,-0.20094041362422466
521,-0.8566398098443941,-1.806735431203195,-1.1007193355684985,-0.6215155576865655,-0.6801117850773627,-1.2887508470509912,-1.2887508470509912,-0.7321202087089251,-0.7321202087098097,-0.852783591395975,-0.27384352623920627,-0.7672913965880377,-0.018358617492902508,-0.7515428208827645,-1.667390190663671,0.27150678956788654,0.005182915540645159,-0.01947547100346879
522,0.7638171863456177,-0.6823145776395891,-1.1007193355684985,-0.6215155576865655,-0.12204317937876487,-0.5618656369372024,-0.5618656369372024,-0.7321202087089251,-0.7321202087098097,0.5766833091167,0.8110555770949742,1.1479678721196707,0.4711865230879898,-0.7515428208827645,-0.17497648774524682,1.1559413395506224,0.1944039269422988,-0.5553953086770933
523,-0.8566398098443941,-1.806735431203195,-1.1007193355684985,-0.6215155576865655,-0.6801117850773627,-1.2907732064544555,-1.2907732064544555,-0.7321202087089251,-0.7321202087098097,0.5766833091167,-0.9981590966567505,0.8009261290727012,1.4761182274982294,1.0318543467952668,-0.17497648774524682,-0.5005476488076274,-1.909131939464864,-0.20094041362422466
524,0.4347101989165479,-0.0371723267146882,0.055074305128283006,-0.6215155576865655,-0.12204317937876487,0.7368106379834268,0.7368106379834268,1.3658959117703828,1.365895911769498,-0.852783591395975,-0.17364318420777147,-0.1616366801950753,0.38452686987615536,-0.7515428208827645,0.0993976796941197,-0.5005476488076274,0.4435779700963106,1.0346384540492137
525,0.062039682462969474,0.9712486348624837,-1.1007193355684985,-0.6215155576865655,1.2792778261389937,-0.9245072033626506,-0.9245072033626506,-0.7321202087089251,-0.7321202087098097,0.9283117025082126,1.169925792992893,1.1479678721196707,2.260967546567706,1.0318543467952668,-0.5355475226872602,-0.5005476488076274,-0.690379325138822,1.115194453509924
526,-1.4337822361298194,-1.806735431203195,-1.1007193355684985,-0.6215155576865655,-0.6801117850773627,-1.306539802749164,-1.306539802749164,-0.7321202087089251,-0.7321202087098097,-0.852783591395975,-0.31704659044677885,-1.0259076098400428,0.555517544731718,-0.7515428208827645,-1.9038676724944052,-0.5005476488076274,-0.0027475480182401414,0.25645771221800734
527,-1.4337822361298194,-1.806735431203195,-1.1007193355684985,-0.6215155576865655,-0.6801117850773627,-1.3214389786222216,-1.3214389786222216,-0.7321202087089251,-0.7321202087098097,-0.852783591395975,-1.977278463538581,-1.9663745196588867,-0.5976784499486717,-0.7515428208827645,-1.9038676724944052,-0.5005476488076274,-0.31525981666643044,1.181841209847573
528,-0.8566398098443941,-1.806735431203195,-1.1007193355684985,-0.6215155576865655,-0.6801117850773627,-1.1510578549492574,-1.1510578549492574,-0.7321202087089251,-0.7321202087098097,-0.852783591395975,-0.8208892367264696,-0.9041453836733948,-0.034614256254456424,-0.7515428208827645,-1.5932733574686915,-0.3503112451231182,-0.26926964720240276,-0.2854107554977783
529,-0.3640300841324564,-1.806735431203195,-1.1007193355684985,-0.6215155576865655,-0.6801117850773627,-0.8479953410279888,-0.8479953410279888,-0.7321202087089251,-0.7321202087098097,0.5766833091167,0.18554686204869505,0.4918655558291933,0.5029051798404051,1.0318543467952668,-0.8235737531726128,-0.5005476488076274,0.6525675503772054,0.695660012478161
530,-0.8566398098443941,-0.5644013565310136,-1.3886013012595027,1.6089701820518945,-1.9782899713102153,-1.094411254868101,-1.094411254868101,-0.7321202087089251,-0.7321202087098097,-0.852783591395975,-0.3681216705117724,-0.9041453836733948,-0.06806441187466213,-0.7515428208827645,-0.36536621947112485,-0.5005476488076274,-0.46399187484773335,-0.890187783210395
531,-1.4337822361298194,0.21581778270395685,-1.1007193355684985,-0.6215155576865655,-0.12204317937876487,-0.9201220888453093,-0.9201220888453093,-0.7321202087089251,-0.7321202087098097,-0.852783591395975,-0.5388072360022881,-1.3924923621662069,-0.23683306409891133,-0.7515428208827645,-1.3834934042396836,-0.1405626747086068,0.5267769852736018,0.5321763982753844
532,-0.3640300841324564,0.9712486348624837,-1.1007193355684985,-0.6215155576865655,0.8517241615651268,-0.46726417507892803,-0.46726417507892803,-0.7321202087089251,-0.7321202087098097,1.4620201006249185,1.1811222645429629,1.1479678721196707,1.1478737746659808,-0.7515428208827645,1.1736174047335637,-0.5005476488076274,-1.4540891255003738,-0.3533340080527271
533,-0.3640300841324564,0.9712486348624837,0.5775899222938418,1.6089701820518945,-0.12204317937876487,0.20511965652765657,0.20511965652765657,-0.7321202087089251,-0.7321202087098097,-0.852783591395975,-0.5410647689284692,0.21666138785866135,-0.8711521541095232,-0.7515428208827645,0.037997333436562315,0.8262286274945406,-0.1865678244892851,-0.890187783210395
534,0.4347101989165479,-0.22881090253958375,0.5775899222938418,1.6089701820518945,0.3864113411997915,0.12967530395707402,0.12967530395707402,-0.7321202087089251,-0.7321202087098097,0.5766833091167,1.457693495259598,1.1479678721196707,2.7205184719046382,1.0318543467952668,0.5426140336360036,-0.5005476488076274,-0.2700156898683581,0.5321763982753844
535,-0.3640300841324564,0.6985860862574665,-1.1007193355684985,-0.6215155576865655,-0.12204317937876487,-0.3766894363595028,-0.3766894363595028,-0.7321202087089251,-0.7321202087098097,0.9283117025082126,0.07456263207158312,0.4918655558291933,-0.3403595367237695,1.0318543467952668,0.2762073651606177,0.5621989716239308,1.445428610897304,1.6565383975210095
536,0.7638171863456177,0.5955522648308137,0.055074305128283006,-0.6215155576865655,-1.295649915143251,1.22531264564526,1.22531264564526,1.3658959117703828,1.365895911769498,1.4620201006249185,0.8330552790707605,0.8452391006727372,0.9998516843189824,0.43805044182625924,0.0993976796941197,-0.5005476488076274,-1.7040368411207765,-1.1082682271063762
537,1.0568786595747668,0.7513742866788126,0.5775899222938418,1.6089701820518945,1.2792778261389937,-0.7548255549381641,-0.7548255549381641,-0.7321202087089251,-0.7321202087098097,-0.852783591395975,-0.9419105768984386,0.8009261290727012,0.8655186423234759,1.0318543467952668,0.8405215457365813,-0.5005476488076274,-0.38456837996804855,1.0346384540492137
538,-0.3640300841324564,-0.5644013565310136,-1.3886013012595027,1.6089701820518945,-1.9782899713102153,-1.0989909850948056,-1.0989909850948056,-0.7321202087089251,-0.7321202087098097,1.4620201006249185,0.7215155063443912,1.1479678721196707,-0.21422730356555847,-0.7515428208827645,0.8405215457365813,-0.5005476488076274,-1.0597480165108473,0.25645771221800734
539,-0.3640300841324564,0.3993661173625507,-1.1007193355684985,-0.6215155576865655,0.3864113411997915,0.6115318549164167,0.6115318549164167,-0.7321202087089251,-0.7321202087098097,-0.852783591395975,-0.008274768951773863,0.21666138785866135,-0.2409755436089181,1.0318543467952668,0.5426140336360036,-0.5005476488076274,-0.034804289135201394,-1.6813121225959515
540,0.062039682462969474,-0.0371723267146882,0.055074305128283006,-0.6215155576865655,-0.12204317937876487,0.49448075633688554,0.49448075633688554,1.3658959117703828,1.365895911769498,0.9283117025082126,0.3149031740140045,0.28748694112171974,-0.28172887162183013,-0.7515428208827645,-0.2912007386952259,2.519512952426477,0.026044753008884387,-1.5860403781571526
541,0.7638171863456177,0.4472029308174746,1.1991931003238616,1.6089701820518945,-0.6801117850773627,0.631303344442939,0.631303344442939,1.3658959117703828,1.365895911769498,1.4620201006249185,0.778126558003217,0.8452391006727372,-0.34527126214300674,0.43805044182625924,1.1736174047335637,3.569639804408847,1.9966704039859946,1.181841209847573
542,1.5570469416558246,1.0284512646068313,0.055074305128283006,-0.6215155576865655,1.6735864320707878,1.5506914657807054,1.5506914657807054,1.3658959117703828,1.365895911769498,1.4620201006249185,2.1760639992761117,0.8452391006727372,1.776664736312788,1.7889191271864646,1.1736174047335637,1.5716046486339361,0.7062799601634475,-0.9337113405004537
543,0.4347101989165479,0.9712486348624837,1.1991931003238616,1.6089701820518945,0.3864113411997915,0.6345658964098322,0.6345658964098322,1.3658959117703828,1.365895911769498,-0.852783591395975,0.321080781346278,0.28748694112171974,-0.5824358707595743,0.43805044182625924,0.5807229812704164,-0.5005476488076274,0.923985715338777,-0.01947547100346879
544,-0.8566398098443941,-0.6823145776395891,-1.1007193355684985,-0.6215155576865655,-0.12204317937876487,-0.952283847255352,-0.952283847255352,-0.7321202087089251,-0.7321202087098097,1.4620201006249185,0.5396423598088113,1.1479678721196707,-0.29069490916814866,-0.7515428208827645,0.5426140336360036,0.0558687259111724,-0.5128289646437194,-1.0976703153502467
545,-1.4337822361298194,-0.22881090253958375,0.5775899222938418,1.6089701820518945,0.3864113411997915,-1.1342181952544195,-1.1342181952544195,-0.7321202087089251,-0.7321202087098097,-0.852783591395975,-0.2047434417368666,-1.0259076098400428,0.02987413239117565,-0.7515428208827645,-1.667390190663671,0.8262286274945406,0.3712894941157946,0.695660012478161
546,-1.4337822361298194,-0.7916593857319226,0.055074305128283006,-0.6215155576865655,-0.6801117850773627,-0.12247783561840953,-0.12247783561840953,1.3658959117703828,1.365895911769498,-0.852783591395975,-0.31355779541615364,-1.8376169085575451,-2.055936021792747,-0.7515428208827645,-0.6080495599972832,0.47078703774136893,0.39958975053478174,-1.2666325726950107
547,0.062039682462969474,0.859545821829031,0.055074305128283006,-0.6215155576865655,0.8517241615651268,-0.1511369698951163,-0.1511369698951163,1.3658959117703828,1.365895911769498,0.9283117025082126,-0.10921568055025534,-0.5231414598616464,-1.183558044328422,0.43805044182625924,-0.2912007386952259,0.38427280746680936,1.0754938534058591,-0.5553953086770933
548,0.4347101989165479,1.086569284774658,1.4811962827025777,-0.6215155576865655,1.6735864320707878,-0.31291281906539875,-0.31291281906539875,-0.7321202087089251,-0.7321202087098097,-0.852783591395975,0.10295539360011988,0.21666138785866135,-0.07930908808349477,-0.7515428208827645,-0.17497648774524682,0.06360742843264817,0.34521879351404416,-1.17139416842923
549,1.5570469416558246,0.9712486348624837,1.4811962827025777,-0.6215155576865655,0.3864113411997915,1.334207164167304,1.334207164167304,-0.7321202087089251,-0.7321202087098097,1.4620201006249185,1.2574494547326547,1.1479678721196707,-0.7770515036838258,1.8315924213572836,1.1736174047335637,0.8262286274945406,-0.49935337672179014,-1.0753294706033472
550,1.3197461913055784,0.914950442014236,0.24143854285532132,-0.6215155576865655,-0.12204317937876487,1.5086736293837664,1.5086736293837664,-0.7321202087089251,-0.7321202087098097,1.4620201006249185,0.573116005814958,1.1479678721196707,-1.1490292038758996,1.0318543467952668,1.1736174047335637,-0.5005476488076274,0.00800771002661274,1.485925633535341
551,-0.8566398098443941,-1.806735431203195,-1.1007193355684985,-0.6215155576865655,-0.6801117850773627,-1.1866417598525874,-1.1866417598525874,-0.7321202087089251,-0.7321202087098097,-0.852783591395975,-0.3438505146361841,-0.9041453836733948,0.7697506871817756,-0.7515428208827645,-1.9038676724944052,-0.5005476488076274,-0.0881321471048804,0.4520692043324983
552,-1.4337822361298194,0.6985860862574665,-1.1007193355684985,-0.6215155576865655,-0.12204317937876487,-1.1185499898678213,-1.1185499898678213,-0.7321202087089251,-0.7321202087098097,-0.852783591395975,-0.45841969072978667,-1.1342295416072508,-0.13859064328324788,-0.7515428208827645,-1.2370832447224374,0.9047458419029585,1.0778740681936467,1.6565383975210095
553,0.062039682462969474,0.914950442014236,0.5775899222938418,1.6089701820518945,1.2792778261389937,0.11445991430744454,0.11445991430744454,-0.7321202087089251,-0.7321202087098097,-0.852783591395975,-0.7367335936704924,-0.2465019633912106,0.25148559065701154,-0.7515428208827645,0.037997333436562315,-0.5005476488076274,-0.40737024845787295,0.7878541034926071
554,-1.4337822361298194,-1.806735431203195,-1.1007193355684985,-0.6215155576865655,-0.6801117850773627,-1.2450296713358193,-1.2450296713358193,-0.7321202087089251,-0.7321202087098097,-0.852783591395975,-1.165671473801896,-1.9663745196588867,0.05279516121379586,-0.7515428208827645,-1.9038676724944052,0.21372463719044033,0.38035075587825856,0.4520692043324983
555,-1.4337822361298194,-0.6823145776395891,-1.1007193355684985,-0.6215155576865655,-0.12204317937876487,-1.068353596599377,-1.068353596599377,-0.7321202087089251,-0.7321202087098097,-0.852783591395975,-0.6120917473334379,-1.5740717042682388,-0.2991971987536574,-0.7515428208827645,-1.2370832447224374,0.8262286274945406,0.23716044038836123,-0.8439378687824348
556,-0.3640300841324564,-0.5644013565310136,-1.3886013012595027,1.6089701820518945,-1.9782899713102153,0.23933436858687995,0.23933436858687995,-0.7321202087089251,-0.7321202087098097,-0.852783591395975,-0.4723544516223024,-0.02836667027894861,-1.171957796965828,-0.7515428208827645,0.5426140336360036,0.07134337523246628,1.8635069216365157,-0.20094041362422466
557,-0.8566398098443941,-0.22881090253958375,0.5775899222938418,1.6089701820518945,0.3864113411997915,-0.8320283280412426,-0.8320283280412426,-0.7321202087089251,-0.7321202087098097,0.9283117025082126,0.7440497903598603,1.1479678721196707,0.6516982716185131,1.0318543467952668,-0.5355475226872602,-0.5005476488076274,-0.30614236120649596,1.181841209847573
558,-0.8566398098443941,1.0284512646068313,0.5775899222938418,1.6089701820518945,2.038464969672743,0.1259889551103845,0.1259889551103845,-0.7321202087089251,-0.7321202087098097,-0.852783591395975,-0.39038659511031576,-0.2465019633912106,0.793650602302414,-0.7515428208827645,-0.6876481810723462,-0.5005476488076274,-0.006406743103277411,0.7878541034926071
559,0.7638171863456177,0.7513742866788126,0.5775899222938418,1.6089701820518945,1.2792778261389937,1.3351780728146614,1.3351780728146614,-0.7321202087089251,-0.7321202087098097,-0.852783591395975,0.33162127830961824,0.4918655558291933,-0.5872498988795002,1.0318543467952668,0.5426140336360036,-0.5005476488076274,0.05850856381183683,0.4060369440752991
560,0.062039682462969474,-0.22881090253958375,0.5775899222938418,1.6089701820518945,0.3864113411997915,0.00047923209064023887,0.00047923209064023887,-0.7321202087089251,-0.7321202087098097,0.3368099162879238,-0.12159247662433442,0.8009261290727012,0.8905697238799957,1.0318543467952668,0.2762073651606177,-0.5005476488076274,-0.4324450841345387,0.2990379844648322
561,1.3197461913055784,1.0284512646068313,1.1991931003238616,1.6089701820518945,1.2792778261389937,1.3007039065503592,1.3007039065503592,1.3658959117703828,1.365895911769498,0.9283117025082126,0.6556732068855093,0.8452391006727372,1.4146967820088543,1.6741387980678815,1.1736174047335637,-0.5005476488076274,-0.1281999272477526,-0.20094041362422466
562,-0.3640300841324564,-0.7916593857319226,0.055074305128283006,-0.6215155576865655,-0.6801117850773627,-0.12231555950684345,-0.12231555950684345,1.3658959117703828,1.365895911769498,-0.852783591395975,0.06000403574135152,0.28748694112171974,-0.709711792836416,-0.7515428208827645,0.0993976796941197,-0.5909584138196573,-0.3155067665723125,-0.01947547100346879
563,-1.4337822361298194,-0.6823145776395891,-1.1007193355684985,-0.6215155576865655,-0.12204317937876487,-1.08237499083096,-1.08237499083096,-0.7321202087089251,-0.7321202087098097,-0.852783591395975,-1.1152006707124182,-1.3924923621662069,0.3011081358369307,-0.7515428208827645,-1.7931239807118278,0.5621989716239308,-0.018763895381691383,-0.7726141416411486
564,-0.8566398098443941,-0.22881090253958375,0.5775899222938418,1.6089701820518945,0.3864113411997915,-1.0449667565032288,-1.0449667565032288,-0.7321202087089251,-0.7321202087098097,0.9283117025082126,0.5309439562649179,1.1479678721196707,0.41550155716719306,-0.7515428208827645,0.037997333436562315,0.7535485085196296,1.816744698841577,1.4910035249770053
565,-0.3640300841324564,0.9712486348624837,-1.1007193355684985,-0.6215155576865655,0.8517241615651268,-1.079073377042983,-1.079073377042983,-0.7321202087089251,-0.7321202087098097,-0.852783591395975,-0.10792552020102862,0.21666138785866135,0.660166736511165,-0.7515428208827645,-0.6876481810723462,-0.5005476488076274,-0.9431467266016954,-0.18767982303253736
566,-0.8566398098443941,0.21581778270395685,-1.1007193355684985,-0.6215155576865655,-0.12204317937876487,-1.2106484934828874,-1.2106484934828874,-0.7321202087089251,-0.7321202087098097,-0.852783591395975,-1.6694039664680453,-0.02836667027894861,0.6480300273756617,-0.7515428208827645,-1.8264428715441192,-0.1405626747086068,0.5969169398888303,0.64174609526608
567,-0.8566398098443941,0.30605185398498463,-1.1007193355684985,-0.6215155576865655,0.8517241615651268,-1.0601882966078975,-1.0601882966078975,-0.7321202087089251,-0.7321202087098097,-0.852783591395975,-0.10008450944860446,-0.4406733641443425,0.5066216029609675,-0.7515428208827645,-1.5932733574686915,-0.5005476488076274,0.01673347087896483,1.6565383975210095
568,-0.8566398098443941,0.7513742866788126,0.5775899222938418,1.6089701820518945,0.8517241615651268,-0.47672400816462573,-0.47672400816462573,-0.7321202087089251,-0.7321202087098097,-0.852783591395975,-0.45420106905117097,-0.02836667027894861,-0.8424546195482355,-0.7515428208827645,0.5426140336360036,-0.5243574628353167,2.6812504936290975,1.0346384540492137
569,1.0568786595747668,0.859545821829031,1.4811962827025777,-0.6215155576865655,0.3864113411997915,0.7812025108847833,0.7812025108847833,-0.7321202087089251,-0.7321202087098097,0.9283117025082126,-0.4885482523789864,0.8009261290727012,0.04994733365002867,1.6300971200748542,0.5426140336360036,1.3960709475626316,0.9359243080556242,0.695660012478161
570,1.5570469416558246,0.6985860862574665,1.1991931003238616,1.6089701820518945,0.3864113411997915,1.5966556622634718,1.5966556622634718,1.3658959117703828,1.365895911769498,-0.852783591395975,0.1981115801028125,-0.1616366801950753,-0.4163650763561232,1.0998960999631677,1.1736174047335637,-0.5005476488076274,0.5776737368614204,1.6565383975210095
571,0.7638171863456177,-0.22881090253958375,0.5775899222938418,1.6089701820518945,0.3864113411997915,-1.0654131847227981,-1.0654131847227981,-0.7321202087089251,-0.7321202087098097,-0.852783591395975,0.4674789630898599,0.8009261290727012,0.5288251507306767,-0.7515428208827645,0.8405215457365813,-0.5005476488076274,-0.23054475347426842,-0.9706576049263046
572,-0.8566398098443941,0.3993661173625507,0.24143854285532132,-0.6215155576865655,-0.6801117850773627,-1.0678548745753154,-1.0678548745753154,-0.7321202087089251,-0.7321202087098097,-0.852783591395975,-2.3234438833737494,-0.7672913965880377,0.04735855203733038,-0.7515428208827645,-0.17497648774524682,-0.5005476488076274,-1.910282972999759,-1.5667965802447383
573,-1.4337822361298194,-1.806735431203195,-1.1007193355684985,-0.6215155576865655,-0.6801117850773627,-1.1236770444941357,-1.1236770444941357,-0.7321202087089251,-0.7321202087098097,-0.852783591395975,-0.2038122643071076,-1.2305833314083114,0.07969255850819305,-0.7515428208827645,-1.445168023143771,-0.1405626747086068,1.0675055879876187,1.115194453509924
574,-1.4337822361298194,-0.6823145776395891,-1.1007193355684985,-0.6215155576865655,-0.12204317937876487,-1.1462183298006243,-1.1462183298006243,-0.7321202087089251,-0.7321202087098097,-0.852783591395975,-1.8056645927758053,-1.9663745196588867,-0.7702282171342495,-0.7515428208827645,-1.751229936744782,-0.1405626747086068,0.1447316892970759,1.4910035249770053
575,-0.3640300841324564,0.30605185398498463,1.4811962827025777,-0.6215155576865655,0.8517241615651268,1.375863407305521,1.375863407305521,-0.7321202087089251,-0.7321202087098097,-0.852783591395975,-0.4293741838408315,-0.02836667027894861,-1.107090274655817,-0.7515428208827645,0.5426140336360036,0.21372463719044033,1.0618313084585824,1.6565383975210095
576,-0.3640300841324564,0.9712486348624837,-1.1007193355684985,-0.6215155576865655,0.3864113411997915,-0.4951571537596289,-0.4951571537596289,-0.7321202087089251,-0.7321202087098097,-0.852783591395975,-0.4058695174174487,-0.02836667027894861,-0.6118544517149834,-0.7515428208827645,0.5426140336360036,0.8262286274945406,-0.7680551752971426,-1.5494444528851254
577,-0.3640300841324564,-0.5644013565310136,-1.3886013012595027,1.6089701820518945,-1.9782899713102153,-0.574217020656828,-0.574217020656828,-0.7321202087089251,-0.7321202087098097,0.9283117025082126,0.6370845165250361,1.1479678721196707,-0.6042745752525437,1.0318543467952668,0.8405215457365813,2.3890757347527414,1.9391303595066571,-0.20094041362422466
578,1.0568786595747668,1.0284512646068313,1.8192813849494063,-0.6215155576865655,1.2792778261389937,1.58070118320974,1.58070118320974,1.3658959117703828,1.365895911769498,1.2598404727677617,1.0026492722134654,0.8452391006727372,1.1390418900086856,1.4685529475692103,0.5807229812704164,-0.5005476488076274,-1.44690616711584,-1.4885426860941053
579,0.4347101989165479,0.859545821829031,0.24143854285532132,-0.6215155576865655,0.8517241615651268,0.6503850255820771,0.6503850255820771,-0.7321202087089251,-0.7321202087098097,-0.852783591395975,-0.44625092137471234,0.8009261290727012,1.209189014141372,-0.7515428208827645,0.2762073651606177,-0.5005476488076274,-0.4308373112442857,0.15507224058822955
580,1.0568786595747668,0.859545821829031,0.055074305128283006,-0.6215155576865655,0.8517241615651268,-0.16207087300558845,-0.16207087300558845,1.3658959117703828,1.365895911769498,1.4620201006249185,0.6233620519017734,0.8452391006727372,-3.134868270957322,-0.7515428208827645,1.1736174047335637,-8.644453885028792,-2.1954084380042356,-1.5667965802447383
581,1.0568786595747668,0.914950442014236,0.055074305128283006,-0.6215155576865655,-0.12204317937876487,0.9885236198348422,0.9885236198348422,1.3658959117703828,1.365895911769498,0.9283117025082126,1.9158150606918565,0.8452391006727372,1.8035352787852033,1.0998960999631677,0.5807229812704164,-0.5005476488076274,-2.1268239921627554,-2.209485143512267
582,-0.8566398098443941,-1.806735431203195,-1.1007193355684985,-0.6215155576865655,-0.6801117850773627,-1.100815388722458,-1.100815388722458,-0.7321202087089251,-0.7321202087098097,0.5766833091167,1.3178699257231932,1.1479678721196707,1.8520406015995692,1.0318543467952668,0.2762073651606177,-0.5005476488076274,1.3057418245685433,0.25645771221800734
583,-0.8566398098443941,0.7513742866788126,0.5775899222938418,1.6089701820518945,2.377160384336841,1.2429605378643502,1.2429605378643502,-0.7321202087089251,-0.7321202087098097,-0.852783591395975,-0.3113232669392842,-0.7672913965880377,-0.8878167347707518,-0.7515428208827645,0.5426140336360036,-0.5005476488076274,-0.5917399130926099,-0.16887579733011066
584,1.3197461913055784,0.7513742866788126,0.5775899222938418,1.6089701820518945,1.2792778261389937,0.272627340394697,0.272627340394697,-0.7321202087089251,-0.7321202087098097,1.4620201006249185,0.5546414143690345,1.1479678721196707,1.0571111165847156,-0.7515428208827645,0.5426140336360036,-0.5005476488076274,0.13722251275739147,1.181841209847573
585,0.4347101989165479,0.4472029308174746,1.1991931003238616,1.6089701820518945,-0.6801117850773627,-0.16187813605905027,-0.16187813605905027,1.3658959117703828,1.365895911769498,-0.852783591395975,0.04724806294270274,0.28748694112171974,-1.3119099783521841,-0.7515428208827645,0.5807229812704164,2.6728874780629854,1.8682055344860873,1.5987664732725797
586,-1.4337822361298194,-1.806735431203195,-1.1007193355684985,-0.6215155576865655,-0.6801117850773627,-1.3006610313726303,-1.3006610313726303,-0.7321202087089251,-0.7321202087098097,-0.852783591395975,-1.8310190691081498,-1.9663745196588867,0.19754793122604833,-0.7515428208827645,-1.9038676724944052,-0.5005476488076274,-0.36761676737708276,1.115194453509924
587,0.062039682462969474,1.0284512646068313,0.055074305128283006,-0.6215155576865655,-0.12204317937876487,0.8698172746798383,0.8698172746798383,1.3658959117703828,1.365895911769498,-0.852783591395975,-0.6517028671867876,-0.5231414598616464,0.7696407263686159,-0.7515428208827645,0.0993976796941197,-0.5005476488076274,-0.17481946488500397,-1.1937611547385316
588,0.062039682462969474,-0.5644013565310136,-1.3886013012595027,1.6089701820518945,-1.9782899713102153,-1.1309882103572377,-1.1309882103572377,-0.7321202087089251,-0.7321202087098097,0.9283117025082126,-0.523521774324438,0.4918655558291933,1.5056027587453205,1.0318543467952668,-0.6876481810723462,-0.5005476488076274,0.2374512264008712,0.4060369440752991
589,-0.3640300841324564,0.859545821829031,0.055074305128283006,-0.6215155576865655,0.8517241615651268,-0.10683589579907357,-0.10683589579907357,1.3658959117703828,1.365895911769498,-0.852783591395975,-0.24404162190690298,-1.047928001226318,-1.2373881648609835,-0.7515428208827645,0.0993976796941197,1.3155738054634982,1.1195537981499688,0.3413189383154098
590,-0.8566398098443941,-1.806735431203195,-1.1007193355684985,-0.6215155576865655,-0.6801117850773627,-1.1375559431552922,-1.1375559431552922,-0.7321202087089251,-0.7321202087098097,-0.852783591395975,-1.0076505904607092,0.21666138785866135,0.47441978135099894,-0.7515428208827645,-0.5355475226872602,-0.5005476488076274,-2.2253783921205867,-1.7911596078416978
591,0.4347101989165479,0.4472029308174746,1.1991931003238616,1.6089701820518945,-0.6801117850773627,-0.007002442436364601,-0.007002442436364601,1.3658959117703828,1.365895911769498,-0.852783591395975,-0.5412018834635659,-0.1616366801950753,-0.6888171821837195,-0.7515428208827645,0.0993976796941197,-0.5005476488076274,0.510549483081958,1.0346384540492137
592,-0.8566398098443941,-0.6823145776395891,-1.1007193355684985,-0.6215155576865655,-0.12204317937876487,-0.17110875517225407,-0.17110875517225407,-0.7321202087089251,-0.7321202087098097,-0.852783591395975,-1.0488611797019116,-0.2465019633912106,0.026676650047203702,-0.7515428208827645,-0.17497648774524682,0.17935660514186288,-0.9077918740716588,-0.9982648618909742
593,1.0568786595747668,1.0284512646068313,0.055074305128283006,-0.6215155576865655,2.038464969672743,1.425129983689129,1.425129983689129,1.3658959117703828,1.365895911769498,1.4620201006249185,0.837524945919969,0.8452391006727372,1.104608211659109,0.43805044182625924,0.5807229812704164,-0.5005476488076274,-0.32663332144515506,0.08354413098540173
594,-0.8566398098443941,0.21581778270395685,-1.1007193355684985,-0.6215155576865655,-0.12204317937876487,1.1440654209424614,1.1440654209424614,-0.7321202087089251,-0.7321202087098097,-0.852783591395975,-0.5072361481937482,-0.9041453836733948,-1.9031692215525482,-0.7515428208827645,0.5426140336360036,0.9047458419029585,0.9589271631494438,1.485925633535341
595,0.4347101989165479,1.086569284774658,0.5775899222938418,1.6089701820518945,0.8517241615651268,1.1941916658600358,1.1941916658600358,-0.7321202087089251,-0.7321202087098097,-0.852783591395975,0.45748715650095323,0.8009261290727012,-0.7813613426664794,-0.7515428208827645,1.1736174047335637,3.490168079719877,1.5710650566710085,-0.20094041362422466
596,1.5570469416558246,-0.7916593857319226,0.055074305128283006,-0.6215155576865655,-0.6801117850773627,0.23559049683325625,0.23559049683325625,1.3658959117703828,1.365895911769498,1.4620201006249185,0.5703569166490305,0.8452391006727372,-1.4235456583546486,0.43805044182625924,1.1736174047335637,-0.5005476488076274,-1.1260668833209961,-0.7747524833384386
597,-0.3640300841324564,1.0284512646068313,0.5775899222938418,1.6089701820518945,1.2792778261389937,-0.6299343073736312,-0.6299343073736312,-0.7321202087089251,-0.7321202087098097,1.4620201006249185,0.9565388614205328,1.1479678721196707,0.5104947680365625,-0.7515428208827645,1.1736174047335637,-0.5005476488076274,-1.1977398953610512,1.0346384540492137
598,-1.4337822361298194,-1.806735431203195,-1.1007193355684985,-0.6215155576865655,-0.6801117850773627,-1.1846525928775826,-1.1846525928775826,-0.7321202087089251,-0.7321202087098097,-0.852783591395975,-0.6008528558661363,-1.9663745196588867,-1.415614742306805,-0.7515428208827645,-0.36536621947112485,-0.5005476488076274,-0.45407972611318886,0.7878541034926071
599,0.4347101989165479,0.4958394936561029,0.055074305128283006,-0.6215155576865655,0.3864113411997915,0.5334813428816696,0.5334813428816696,1.3658959117703828,1.365895911769498,-0.852783591395975,0.23013134900460316,-0.5231414598616464,-1.3214876246435987,-0.7515428208827645,0.5807229812704164,-0.5005476488076274,-1.6389102145010044,-1.881735057650192
600,-1.4337822361298194,-1.806735431203195,-1.1007193355684985,-0.6215155576865655,-0.6801117850773627,-1.1962205435516373,-1.1962205435516373,-0.7321202087089251,-0.7321202087098097,-0.852783591395975,-1.0878343220448379,-1.9663745196588867,-1.1691906767337912,-0.7515428208827645,-1.1504892548365229,0.8262286274945406,-0.2169149072053606,-0.6446341287150366
601,-1.4337822361298194,-1.806735431203195,-1.1007193355684985,-0.6215155576865655,-0.6801117850773627,-1.1654036761020818,-1.1654036761020818,-0.7321202087089251,-0.7321202087098097,-0.852783591395975,-1.5950362167889895,-1.6639959672411442,-0.17618665304653217,-0.7515428208827645,-1.7733737755910566,-0.5005476488076274,-0.5542160756241471,0.22595899039032022
602,-0.3640300841324564,-1.806735431203195,-1.1007193355684985,-0.6215155576865655,-0.6801117850773627,-0.5354172366913499,-0.5354172366913499,-0.7321202087089251,-0.7321202087098097,-0.852783591395975,-0.020264555709507553,0.21666138785866135,1.1248605583318334,-0.7515428208827645,0.2762073651606177,-0.5005476488076274,-0.7746143645505228,0.8995931050230905
603,-0.3640300841324564,0.6466488868178577,0.5775899222938418,1.6089701820518945,0.3864113411997915,-0.8873488648038527,-0.8873488648038527,-0.7321202087089251,-0.7321202087098097,-0.852783591395975,0.054794639439418404,-0.02836667027894861,-0.21616715153489763,-0.7515428208827645,0.037997333436562315,-0.5005476488076274,-0.23461803046648794,0.7878541034926071
604,0.062039682462969474,-0.0371723267146882,0.055074305128283006,-0.6215155576865655,-0.12204317937876487,0.24495871583836556,0.24495871583836556,1.3658959117703828,1.365895911769498,1.1679997327221208,1.0688457893910217,0.8452391006727372,0.37564774027909786,1.0998960999631677,-1.0732211827964806,2.306962020100471,1.440423023697747,0.695660012478161
605,0.4347101989165479,0.7513742866788126,1.3952699738649512,-0.6215155576865655,0.8517241615651268,0.00024405193185584912,0.00024405193185584912,1.3658959117703828,1.365895911769498,-0.852783591395975,-0.0160039159298188,-0.1616366801950753,-0.5592016300285743,-0.7515428208827645,1.1736174047335637,-0.5005476488076274,-1.563205636116601,1.376588017982301
606,0.4347101989165479,0.914950442014236,-1.1007193355684985,-0.6215155576865655,0.8517241615651268,-0.7895258065054273,-0.7895258065054273,-0.7321202087089251,-0.7321202087098097,1.4620201006249185,2.237428562862362,1.1479678721196707,2.0192839151453397,1.0318543467952668,1.1736174047335637,-0.5005476488076274,0.009586232752535964,0.25645771221800734
607,0.4347101989165479,-0.7916593857319226,0.055074305128283006,-0.6215155576865655,-0.6801117850773627,-0.1488396536093906,-0.1488396536093906,1.3658959117703828,1.365895911769498,-0.852783591395975,0.3518484389068494,-0.1616366801950753,-0.27070132960904514,0.43805044182625924,-0.6080495599972832,-0.1405626747086068,-0.12681478267538046,0.4397435982509095
608,-1.4337822361298194,-1.806735431203195,-1.1007193355684985,-0.6215155576865655,-0.6801117850773627,-1.3052385022348123,-1.3052385022348123,-0.7321202087089251,-0.7321202087098097,-0.852783591395975,-1.3203396671597547,-1.9663745196588867,-0.3627122695595278,-0.7515428208827645,-1.9038676724944052,0.4583672247675706,0.19317660547593632,-0.006926235327870209
609,0.4347101989165479,0.30605185398498463,1.4811962827025777,-0.6215155576865655,0.8517241615651268,1.3844824860897202,1.3844824860897202,-0.7321202087089251,-0.7321202087098097,0.5766833091167,-0.03867221034822651,0.4918655558291933,0.6737989462776472,1.0318543467952668,0.5426140336360036,-0.5005476488076274,-0.8558923387824097,-1.8284162778710753
610,-1.4337822361298194,-1.806735431203195,-1.1007193355684985,-0.6215155576865655,-0.6801117850773627,-1.1940158205355187,-1.1940158205355187,-0.7321202087089251,-0.7321202087098097,-0.852783591395975,-1.0879903986594754,-1.9663745196588867,-0.7430020976078636,-0.7515428208827645,-1.6324383429541383,-0.10727846283797275,-0.17872006556741937,-0.3754544036317249
611,-1.4337822361298194,-1.806735431203195,-1.1007193355684985,-0.6215155576865655,-0.6801117850773627,-1.0635635194435793,-1.0635635194435793,-0.7321202087089251,-0.7321202087098097,-0.852783591395975,-0.6998393149478304,-1.316281134632133,-0.2143389519685006,-0.7515428208827645,-1.0535464986016343,0.5621989716239308,0.8330554090480944,0.2564577122180169
612,0.062039682462969474,-0.7916593857319226,0.055074305128283006,-0.6215155576865655,-0.6801117850773627,0.30740445415252493,0.30740445415252493,1.3658959117703828,1.365895911769498,-0.852783591395975,-0.7958458854044939,-0.8140021545840483,-1.138313421293061,-0.7515428208827645,-0.2912007386952259,1.4799997081086858,0.854786639508563,1.115194453509924
613,0.062039682462969474,-0.7916593857319226,0.055074305128283006,-0.6215155576865655,-0.6801117850773627,-0.1464082796272679,-0.1464082796272679,1.3658959117703828,1.365895911769498,1.4620201006249185,1.2467823681273864,0.8452391006727372,0.23753451169772924,0.43805044182625924,-0.2912007386952259,1.96396832009529,1.2778246358148235,-0.20094041362422466
614,0.062039682462969474,0.3993661173625507,-1.1007193355684985,-0.6215155576865655,0.3864113411997915,-0.29859863562405164,-0.29859863562405164,-0.7321202087089251,-0.7321202087098097,0.9283117025082126,0.2105502412299789,0.8009261290727012,-0.4337717817007997,1.0318543467952668,0.8405215457365813,-0.5005476488076274,1.5329921493783574,-0.006926235327870209
615,0.062039682462969474,-0.0371723267146882,0.055074305128283006,-0.6215155576865655,-0.12204317937876487,0.10420839325398579,0.10420839325398579,1.3658959117703828,1.365895911769498,-0.852783591395975,0.21982081241622844,0.28748694112171974,-0.06941354584435547,-0.7515428208827645,-0.8649725089998138,2.067570442239213,0.7797830929026901,-0.9596853734266299
616,-1.4337822361298194,-1.806735431203195,-1.1007193355684985,-0.6215155576865655,-0.6801117850773627,-1.188480211743629,-1.188480211743629,-0.7321202087089251,-0.7321202087098097,-0.852783591395975,-0.8384018811763484,-1.4602590873188641,0.6359981950728684,-0.7515428208827645,-1.5002335205353887,-0.5005476488076274,-0.6255105866405919,-0.18767982303253736
617,0.4347101989165479,0.6466488868178577,0.5775899222938418,1.6089701820518945,0.3864113411997915,-0.5132776332186698,-0.5132776332186698,-0.7321202087089251,-0.7321202087098097,-0.852783591395975,0.3101785150988597,0.8009261290727012,0.9528123205159781,1.0318543467952668,0.2762073651606177,-0.5005476488076274,-0.4241960623277282,1.5987664732725797
618,-1.4337822361298194,-1.806735431203195,-1.1007193355684985,-0.6215155576865655,-0.6801117850773627,-1.327430848097553,-1.327430848097553,-0.7321202087089251,-0.7321202087098097,-0.852783591395975,-0.7873280955908104,-1.9647458113829273,-0.16908332455405273,-0.7515428208827645,-1.8404458766299985,-0.14488352003649171,-0.830625288120196,-0.3754544036317249
619,0.4347101989165479,0.4472029308174746,1.1991931003238616,1.6089701820518945,-0.6801117850773627,0.2734856880020406,0.2734856880020406,1.3658959117703828,1.365895911769498,0.5766833091167,0.8454433645754288,0.8452391006727372,-0.15330703780002206,1.0998960999631677,0.0993976796941197,-0.5005476488076274,2.026733005398058,1.1679580485675605
620,0.7638171863456177,1.0284512646068313,1.8192813849494063,-0.6215155576865655,-0.12204317937876487,1.4877995782641404,1.4877995782641404,1.3658959117703828,1.365895911769498,0.9283117025082126,0.6298614138329376,0.8452391006727372,1.320670390833883,1.7889191271864646,0.0993976796941197,-0.5005476488076274,-2.156015429609851,-0.9337113405004537
621,-0.3640300841324564,-0.6823145776395891,-1.1007193355684985,-0.6215155576865655,-0.12204317937876487,-0.11729045163861382,-0.11729045163861382,-0.7321202087089251,-0.7321202087098097,0.3368099162879238,-0.38611833019878294,-0.4406733641443425,-0.01012960005864438,1.0318543467952668,-0.17497648774524682,0.7186993777999038,-0.48270446410750334,-0.9982648618909742
622,0.062039682462969474,0.21581778270395685,-1.1007193355684985,-0.6215155576865655,-0.12204317937876487,1.065978534050677,1.065978534050677,-0.7321202087089251,-0.7321202087098097,-0.852783591395975,0.1593545574704069,0.21666138785866135,-1.407471781958903,-0.7515428208827645,0.5426140336360036,-0.5005476488076274,0.23322411692405537,-0.006926235327870209
623,1.5570469416558246,0.9712486348624837,1.4811962827025777,-0.6215155576865655,0.3864113411997915,1.5377344174728607,1.5377344174728607,-0.7321202087089251,-0.7321202087098097,1.4620201006249185,0.9065376204621516,1.1479678721196707,-1.1737692807310156,1.0318543467952668,1.1736174047335637,-0.5005476488076274,-0.1752234504212999,1.0346384540492137
624,-0.8566398098443941,-0.6823145776395891,-1.1007193355684985,-0.6215155576865655,-0.12204317937876487,-0.9831611307843289,-0.9831611307843289,-0.7321202087089251,-0.7321202087098097,-0.852783591395975,-0.9170413485047965,-0.9041453836733948,0.11285956392418542,1.0318543467952668,-0.36536621947112485,-0.5005476488076274,-0.33259527696094104,0.4060369440752991
625,-1.4337822361298194,-1.806735431203195,-1.1007193355684985,-0.6215155576865655,-0.6801117850773627,-1.1746384973231987,-1.1746384973231987,-0.7321202087089251,-0.7321202087098097,-0.852783591395975,-0.8531124306873117,-1.0259076098400428,0.7163755872915761,-0.7515428208827645,-1.5932733574686915,-0.5005476488076274,-0.8149789566324561,-0.16887579733011066
626,-0.8566398098443941,-0.22881090253958375,0.5775899222938418,1.6089701820518945,0.3864113411997915,-0.4892442645161522,-0.4892442645161522,-0.7321202087089251,-0.7321202087098097,-0.852783591395975,0.27366221218361697,-0.2465019633912106,-0.6207134925611795,-0.7515428208827645,0.8405215457365813,0.7535485085196296,-0.4034054939244031,-0.3533340080527271
627,-0.8566398098443941,-1.806735431203195,-1.1007193355684985,-0.6215155576865655,-0.6801117850773627,-1.1842084966686155,-1.1842084966686155,-0.7321202087089251,-0.7321202087098097,-0.852783591395975,-0.06989590546741904,-0.2465019633912106,1.1065057997261731,-0.7515428208827645,-1.5002335205353887,-0.5005476488076274,-1.487845092011982,-1.0065547711461005
628,0.062039682462969474,0.30605185398498463,1.4811962827025777,-0.6215155576865655,0.8517241615651268,-0.8289442829886992,-0.8289442829886992,-0.7321202087089251,-0.7321202087098097,1.4620201006249185,1.4635293429818363,1.1479678721196707,1.8742845325912258,-0.7515428208827645,-0.17497648774524682,-0.5005476488076274,-1.6512788117886095,-0.9337113405004537
629,1.0568786595747668,0.9712486348624837,1.4811962827025777,-0.6215155576865655,2.038464969672743,0.32923814441962895,0.32923814441962895,-0.7321202087089251,-0.7321202087098097,1.3081160078125147,1.15979828351724,1.1479678721196707,1.7052709818039251,1.922866304938414,0.8405215457365813,-0.5005476488076274,-0.02827564059174816,1.0346384540492137
630,-1.4337822361298194,-1.806735431203195,-1.1007193355684985,-0.6215155576865655,-0.6801117850773627,-1.2748981319774475,-1.2748981319774475,-0.7321202087089251,-0.7321202087098097,-0.852783591395975,-1.1127161228004494,-1.9663745196588867,-0.3907019221604771,-0.7515428208827645,-1.864056853342299,-0.5005476488076274,0.24571398615837192,0.4060369440752991
631,0.7638171863456177,0.4472029308174746,1.1991931003238616,1.6089701820518945,-0.6801117850773627,1.5802086523838665,1.5802086523838665,1.3658959117703828,1.365895911769498,0.9283117025082126,0.605656953699039,0.8452391006727372,1.1704472024836254,1.0998960999631677,0.0993976796941197,-0.5005476488076274,0.9843816268030852,0.4520692043324983
632,-0.3640300841324564,-0.6823145776395891,-1.1007193355684985,-0.6215155576865655,-0.12204317937876487,-0.9778875079558277,-0.9778875079558277,-0.7321202087089251,-0.7321202087098097,-0.852783591395975,-0.8279578635667415,-0.2465019633912106,0.39860292867763586,-0.7515428208827645,-0.6876481810723462,-0.5005476488076274,-0.49094390961530426,0.64174609526608
633,-0.8566398098443941,-1.806735431203195,-1.1007193355684985,-0.6215155576865655,-0.6801117850773627,-1.2070720465858578,-1.2070720465858578,-0.7321202087089251,-0.7321202087098097,0.3368099162879238,-0.31887033250791286,-0.7672913965880377,1.1757700573305092,1.0318543467952668,-1.7733737755910566,-0.5005476488076274,-0.5599532333756704,0.25645771221800734
634,-1.4337822361298194,0.4472029308174746,0.24143854285532132,-0.6215155576865655,-1.9782899713102153,-0.8916786277360798,-0.8916786277360798,-0.7321202087089251,-0.7321202087098097,-0.852783591395975,-0.8441626769191114,-1.9434798695026223,-1.2255842008633502,-0.7515428208827645,-1.0535464986016343,-0.2873440280557643,-0.6175596155052263,0.5321763982753844
635,0.062039682462969474,-0.5644013565310136,-1.3886013012595027,1.6089701820518945,-1.9782899713102153,-0.6951965618109622,-0.6951965618109622,-0.7321202087089251,-0.7321202087098097,-0.852783591395975,-1.848143182762701,-0.02836667027894861,0.399028163406786,-0.7515428208827645,0.8405215457365813,-0.5005476488076274,-0.20734047000547282,-0.006926235327870209
636,1.7724912096740832,0.7513742866788126,1.1991931003238616,1.6089701820518945,2.038464969672743,0.7551327020457687,0.7551327020457687,1.3658959117703828,1.365895911769498,1.4620201006249185,0.7784807860286641,0.8452391006727372,0.8969185285754748,1.4685529475692103,0.5807229812704164,-0.5005476488076274,-0.29224697947659317,0.19042599076646446
637,1.5570469416558246,0.7513742866788126,0.5775899222938418,1.6089701820518945,1.2792778261389937,-0.7060562367188296,-0.7060562367188296,-0.7321202087089251,-0.7321202087098097,1.4620201006249185,0.9629123832264272,1.1479678721196707,1.6081835152248232,1.0318543467952668,0.8405215457365813,-0.5005476488076274,0.6935208756545793,1.485925633535341
638,-0.8566398098443941,0.3993661173625507,-1.1007193355684985,-0.6215155576865655,0.3864113411997915,-1.1426980974367575,-1.1426980974367575,-0.7321202087089251,-0.7321202087098097,-0.852783591395975,-0.6003430880492825,-0.6134932418649579,0.33080079001980767,-0.7515428208827645,-1.7931239807118278,0.21372463719044033,0.15555935427376552,0.4060369440752991
639,1.0568786595747668,0.9712486348624837,1.1991931003238616,1.6089701820518945,0.3864113411997915,1.2648396475269836,1.2648396475269836,1.3658959117703828,1.365895911769498,1.4620201006249185,0.6586063028427922,0.8452391006727372,-0.28614068455566044,0.43805044182625924,0.5807229812704164,1.569405318600842,1.774651003871492,1.181841209847573
640,-1.4337822361298194,-1.806735431203195,-1.1007193355684985,-0.6215155576865655,-0.6801117850773627,-1.2946993847139134,-1.2946993847139134,-0.7321202087089251,-0.7321202087098097,-0.852783591395975,-2.1738026817296467,-1.9663745196588867,-1.024583601558148,-0.7515428208827645,-1.7931239807118278,-0.021669598763628735,-0.7300548594062457,1.181841209847573
641,-1.4337822361298194,0.21581778270395685,-1.1007193355684985,-0.6215155576865655,-0.12204317937876487,-1.008797380932869,-1.008797380932869,-0.7321202087089251,-0.7321202087098097,-0.852783591395975,-0.20681501200391622,-1.4602590873188641,-0.5450880154225645,-0.7515428208827645,-0.5355475226872602,-0.5005476488076274,0.06953877433434183,0.9719886803041085
642,0.4347101989165479,0.859545821829031,1.4811962827025777,-0.6215155576865655,1.6735864320707878,-0.6751344281704005,-0.6751344281704005,-0.7321202087089251,-0.7321202087098097,-0.852783591395975,-0.6071717722651949,0.4918655558291933,1.026157956977114,-0.7515428208827645,0.8405215457365813,-0.5005476488076274,-0.9076768375901122,-1.4837725808439064
643,1.0568786595747668,0.7513742866788126,1.3952699738649512,-0.6215155576865655,0.8517241615651268,1.0630819142991834,1.0630819142991834,1.3658959117703828,1.365895911769498,0.5766833091167,0.8219690006168167,0.8452391006727372,1.8358167219300583,0.43805044182625924,0.5807229812704164,-0.5005476488076274,0.013680276058732349,0.7878541034926071
644,0.4347101989165479,-0.22881090253958375,0.5775899222938418,1.6089701820518945,0.3864113411997915,-0.2189542803657183,-0.2189542803657183,-0.7321202087089251,-0.7321202087098097,-0.852783591395975,-0.8017492589863167,0.8009261290727012,1.122748797479207,1.0318543467952668,0.8405215457365813,-0.5005476488076274,-0.5936482443933528,0.9719886803041085
645,0.4347101989165479,0.21581778270395685,-1.1007193355684985,-0.6215155576865655,-0.12204317937876487,-0.9227430685903041,-0.9227430685903041,-0.7321202087089251,-0.7321202087098097,-0.852783591395975,-0.630178714748437,0.21666138785866135,-0.2956835112580058,-0.7515428208827645,0.037997333436562315,1.5716046486339361,1.6565269873547939,1.6565383975210095
646,1.0568786595747668,0.30605185398498463,1.4811962827025777,-0.6215155576865655,0.8517241615651268,1.5298911233543842,1.5298911233543842,-0.7321202087089251,-0.7321202087098097,1.1679997327221208,0.4525299343867751,0.8009261290727012,-0.24938140761630517,1.8315924213572836,1.1736174047335637,-0.13849091851587078,-0.04439308645847389,-1.2666325726950107
647,0.7638171863456177,0.5452858837555816,1.3952699738649512,-0.6215155576865655,-0.12204317937876487,1.35042005198963,1.35042005198963,1.3658959117703828,1.365895911769498,-0.852783591395975,-0.33809040641158067,-0.5231414598616464,-0.8964739965042937,-0.7515428208827645,0.5807229812704164,0.8262286274945406,-0.5427394090256914,-1.391052553924919
648,0.062039682462969474,-0.7916593857319226,0.055074305128283006,-0.6215155576865655,-0.6801117850773627,0.39612412370738115,0.39612412370738115,1.3658959117703828,1.365895911769498,-0.852783591395975,-0.5903636276144067,-1.2359864681781505,-1.2211561763907783,-0.7515428208827645,1.1736174047335637,-0.5005476488076274,-0.7868060166529621,-0.8439378687824348
649,1.0568786595747668,1.0284512646068313,1.3952699738649512,-0.6215155576865655,-0.6801117850773627,0.46094818237049817,0.46094818237049817,1.3658959117703828,1.365895911769498,1.2598404727677617,0.5301373224222274,0.8452391006727372,0.3079694281645882,0.43805044182625924,0.5807229812704164,0.8233612403713492,0.6836456838496424,1.270636476758266
650,-1.4337822361298194,-1.806735431203195,-1.1007193355684985,-0.6215155576865655,-0.6801117850773627,-1.234208723051366,-1.234208723051366,-0.7321202087089251,-0.7321202087098097,-0.852783591395975,-1.8044246540647648,-1.9663745196588867,-0.17115133721854622,-0.7515428208827645,-1.8739745080209247,-0.5005476488076274,-0.002567249377051019,0.25645771221800734
651,-1.4337822361298194,-1.806735431203195,-1.1007193355684985,-0.6215155576865655,-0.6801117850773627,-1.2763765626401726,-1.2763765626401726,-0.7321202087089251,-0.7321202087098097,-0.852783591395975,-1.0832876636483382,-1.960345962494301,0.020943559707565583,-0.7515428208827645,-1.9038676724944052,0.21372463719044033,0.39446830358791973,0.2564577122180169
652,-0.3640300841324564,-0.6823145776395891,-1.1007193355684985,-0.6215155576865655,-0.12204317937876487,-0.8871028928564842,-0.8871028928564842,-0.7321202087089251,-0.7321202087098097,-0.852783591395975,0.14582215309979174,0.4918655558291933,0.6872636196459513,-0.7515428208827645,-1.2370832447224374,0.8262286274945406,0.382482739551845,0.25645771221800734
653,0.062039682462969474,-0.6823145776395891,-1.1007193355684985,-0.6215155576865655,-0.12204317937876487,-0.2943994824328433,-0.2943994824328433,-0.7321202087089251,-0.7321202087098097,0.3368099162879238,-0.14136877053744418,0.8009261290727012,0.5952559850457643,1.0318543467952668,0.037997333436562315,0.8903464856538764,0.25745239128444275,-1.4386982889903173
654,0.062039682462969474,-1.806735431203195,-1.1007193355684985,-0.6215155576865655,-0.6801117850773627,-1.0659220467882284,-1.0659220467882284,-0.7321202087089251,-0.7321202087098097,-0.852783591395975,-0.13223450101184459,0.8009261290727012,1.2542971283722744,-0.7515428208827645,-0.8235737531726128,-0.5005476488076274,-0.42359522010977535,0.2564577122180169
655,-1.4337822361298194,-0.6823145776395891,-1.1007193355684985,-0.6215155576865655,-0.12204317937876487,-1.0579793462404479,-1.0579793462404479,-0.7321202087089251,-0.7321202087098097,-0.852783591395975,-0.7950630929135523,-1.909132703222612,-0.3209965021184879,-0.7515428208827645,-1.6324383429541383,-0.1405626747086068,0.1511301298990868,-0.01947547100346879
656,1.0568786595747668,0.5955522648308137,0.055074305128283006,-0.6215155576865655,-1.295649915143251,-0.15556314541920838,-0.15556314541920838,1.3658959117703828,1.365895911769498,1.4620201006249185,1.0027576979324029,0.8452391006727372,-0.672795558639991,-0.7515428208827645,0.5807229812704164,0.6736725863971142,-0.04766114517459099,-0.3754544036317249
657,-1.4337822361298194,-1.806735431203195,-1.1007193355684985,-0.6215155576865655,-0.6801117850773627,-1.2736713478166253,-1.2736713478166253,-0.7321202087089251,-0.7321202087098097,-0.852783591395975,-1.6449920979610642,-1.8976590877261201,-0.6243730430311435,-0.7515428208827645,-1.5493924685986495,-0.1405626747086068,0.3869009087458899,1.115194453509924
658,1.7724912096740832,1.086569284774658,0.5775899222938418,1.6089701820518945,0.3864113411997915,1.4440169498450028,1.4440169498450028,-0.7321202087089251,-0.7321202087098097,1.4620201006249185,1.5715524022247205,1.1479678721196707,0.06579841825023326,1.8315924213572836,1.1736174047335637,0.8262286274945406,0.919818170102634,0.5006770088631687
659,0.7638171863456177,1.086569284774658,0.5775899222938418,1.6089701820518945,1.2792778261389937,1.476377837072725,1.476377837072725,-0.7321202087089251,-0.7321202087098097,0.9283117025082126,0.21191585131566168,0.8009261290727012,0.08156539880943477,1.0318543467952668,1.1736174047335637,-0.5005476488076274,-1.500307230930489,-1.6379715767188057
660,1.5570469416558246,1.086569284774658,1.8192813849494063,-0.6215155576865655,-0.12204317937876487,1.3990800162555017,1.3990800162555017,1.3658959117703828,1.365895911769498,1.4620201006249185,1.0535493999934569,0.8452391006727372,-0.18536808229237148,0.43805044182625924,1.1736174047335637,1.110812457774781,1.1369509007609995,0.695660012478161
661,1.3197461913055784,0.914950442014236,0.24143854285532132,-0.6215155576865655,-0.12204317937876487,1.4564268523063053,1.4564268523063053,-0.7321202087089251,-0.7321202087098097,1.4620201006249185,2.5494314389744033,1.1479678721196707,2.262754509693689,1.8315924213572836,1.1736174047335637,-0.5005476488076274,-1.0772829306512224,0.6999826297641357
662,-0.3640300841324564,-0.7916593857319226,0.055074305128283006,-0.6215155576865655,-0.6801117850773627,-0.1537457032056907,-0.1537457032056907,1.3658959117703828,1.365895911769498,-0.852783591395975,-0.20074661100261507,-0.1616366801950753,-1.3076434965155803,-0.7515428208827645,-0.2912007386952259,-0.6817127162061165,-1.4060919053420673,-1.2576496668558557
663,-0.3640300841324564,0.4958394936561029,0.055074305128283006,-0.6215155576865655,0.3864113411997915,-0.12891387221799783,-0.12891387221799783,1.3658959117703828,1.365895911769498,-0.852783591395975,-0.21094413375906348,-0.8140021545840483,-2.1327007684184607,-0.7515428208827645,0.0993976796941197,0.10225958111666297,-0.1681537333296954,-0.5835258092590583
664,-0.3640300841324564,-0.0371723267146882,0.055074305128283006,-0.6215155576865655,-0.12204317937876487,0.08297351477888308,0.08297351477888308,1.3658959117703828,1.365895911769498,0.9283117025082126,0.6842256149435281,0.8452391006727372,-0.4827429033360708,-0.7515428208827645,-0.6080495599972832,2.3890757347527414,0.2457361008789128,-1.6379715767188057
665,1.7724912096740832,0.7513742866788126,1.1991931003238616,1.6089701820518945,0.8517241615651268,1.5027918173110975,1.5027918173110975,1.3658959117703828,1.365895911769498,1.4620201006249185,1.5151757638101733,0.8452391006727372,0.5459077366604403,1.888977924164655,1.1736174047335637,-0.5005476488076274,1.5030154909888072,0.25645771221800734
666,-1.4337822361298194,-0.6823145776395891,-1.1007193355684985,-0.6215155576865655,-0.12204317937876487,-0.6420785511089916,-0.6420785511089916,-0.7321202087089251,-0.7321202087098097,-0.852783591395975,-1.4038812850564937,-1.7350117008711132,-0.5402673255721272,-0.7515428208827645,-1.1504892548365229,0.5001211581195886,-0.6947736934272928,-0.9982648618909742
667,1.3197461913055784,0.9712486348624837,0.055074305128283006,-0.6215155576865655,0.8517241615651268,0.9751272787021894,0.9751272787021894,1.3658959117703828,1.365895911769498,1.4620201006249185,1.9807253210968636,0.8452391006727372,1.5114103950412932,1.4685529475692103,1.1736174047335637,-0.5005476488076274,-0.8667965249606838,-0.9706576049263046
668,1.3197461913055784,1.086569284774658,1.1991931003238616,1.6089701820518945,-0.12204317937876487,1.4490835501403394,1.4490835501403394,1.3658959117703828,1.365895911769498,0.9283117025082126,-0.15426873221628273,0.28748694112171974,0.42696319521720083,1.0998960999631677,1.1736174047335637,-0.5005476488076274,1.0716152852385916,0.5321763982753844
669,0.062039682462969474,0.7513742866788126,0.5775899222938418,1.6089701820518945,0.8517241615651268,0.10039318720192868,0.10039318720192868,-0.7321202087089251,-0.7321202087098097,-0.852783591395975,-0.3372071102804036,-0.2465019633912106,-1.097483212773952,-0.7515428208827645,0.5426140336360036,2.0483356724099897,3.122359412526895,1.4910035249770053
670,1.0568786595747668,0.859545821829031,1.4811962827025777,-0.6215155576865655,0.3864113411997915,1.3615147195397537,1.3615147195397537,-0.7321202087089251,-0.7321202087098097,1.4620201006249185,1.2863958127495523,1.1479678721196707,0.6014664534394051,1.8315924213572836,1.1736174047335637,0.09453466925227125,1.1793541846090525,1.6565383975210095
671,1.3197461913055784,0.9712486348624837,1.4811962827025777,-0.6215155576865655,0.3864113411997915,1.4499043293593619,1.4499043293593619,-0.7321202087089251,-0.7321202087098097,1.4620201006249185,1.1207462612545056,1.1479678721196707,0.6972753540161208,1.922866304938414,0.8405215457365813,2.2006333072020614,1.8167945669943297,-0.20094041362422466
672,-1.4337822361298194,-1.806735431203195,-1.1007193355684985,-0.6215155576865655,-0.6801117850773627,-1.2635552403083847,-1.2635552403083847,-0.7321202087089251,-0.7321202087098097,-0.852783591395975,-1.5879823808399351,-1.6216816534273613,0.39870445665103205,-0.7515428208827645,-1.9038676724944052,-0.5005476488076274,-0.06894810356565377,1.4910035249770053
673,-0.3640300841324564,0.7513742866788126,0.5775899222938418,1.6089701820518945,0.8517241615651268,0.8446648737992954,0.8446648737992954,-0.7321202087089251,-0.7321202087098097,-0.852783591395975,0.04212261090292315,0.8009261290727012,-1.0467896632818716,-0.7515428208827645,1.1736174047335637,0.6405330613829662,0.01568927408639755,0.08354413098540173
674,0.7638171863456177,1.086569284774658,-1.1007193355684985,-0.6215155576865655,-1.9782899713102153,1.4237646455820185,1.4237646455820185,-0.7321202087089251,-0.7321202087098097,-0.852783591395975,0.35581925912288365,0.8009261290727012,-1.2070765631363376,-0.7515428208827645,1.1736174047335637,-0.5005476488076274,-0.44030416897996333,-1.2666325726950107
675,-0.8566398098443941,0.7513742866788126,0.5775899222938418,1.6089701820518945,0.8517241615651268,0.7544132176023887,0.7544132176023887,-0.7321202087089251,-0.7321202087098097,-0.852783591395975,-1.0224036082655776,-0.2465019633912106,-0.5579706304258285,-0.7515428208827645,0.2762073651606177,-0.5005476488076274,-0.5007222761047453,-0.18767982303253736
676,0.062039682462969474,-0.7916593857319226,0.055074305128283006,-0.6215155576865655,-0.6801117850773627,0.09097834215165396,0.09097834215165396,1.3658959117703828,1.365895911769498,-0.852783591395975,-0.37323928411922475,-0.1616366801950753,-0.48051680466315816,-0.7515428208827645,-0.2912007386952259,-0.5005476488076274,-0.6990616331277383,-0.20094041362422466
677,0.7638171863456177,0.5452858837555816,1.3952699738649512,-0.6215155576865655,-0.12204317937876487,0.5076555577734329,0.5076555577734329,1.3658959117703828,1.365895911769498,0.5766833091167,1.1361545762887169,0.8452391006727372,2.2333049729096484,1.0998960999631677,0.0993976796941197,-0.5005476488076274,-0.9534728649630703,-0.9706576049263046
678,-0.8566398098443941,0.30605185398498463,-1.1007193355684985,-0.6215155576865655,0.8517241615651268,-1.1411936662941118,-1.1411936662941118,-0.7321202087089251,-0.7321202087098097,-0.852783591395975,-0.28838462442487706,0.4918655558291933,1.218108454587381,-0.7515428208827645,-0.8235737531726128,-0.5005476488076274,-0.9263864591716318,0.25645771221800734
679,1.5570469416558246,1.086569284774658,1.8192813849494063,-0.6215155576865655,0.3864113411997915,1.6521852508911201,1.6521852508911201,1.3658959117703828,1.365895911769498,1.4620201006249185,2.603593771231433,0.8452391006727372,2.1235135264778187,1.0998960999631677,1.1736174047335637,-0.5005476488076274,-0.9574448284183995,-0.3754544036317249
680,-0.8566398098443941,-1.806735431203195,-1.1007193355684985,-0.6215155576865655,-0.6801117850773627,-0.976741189336933,-0.976741189336933,-0.7321202087089251,-0.7321202087098097,-0.852783591395975,-0.6123386474449135,-0.9041453836733948,-0.620168322346513,-0.7515428208827645,-0.8235737531726128,0.21372463719044033,1.1470421079180395,1.115194453509924
681,-1.4337822361298194,-1.806735431203195,-1.1007193355684985,-0.6215155576865655,-0.6801117850773627,-1.3117530581147705,-1.3117530581147705,-0.7321202087089251,-0.7321202087098097,-0.852783591395975,-0.39181921446056917,-1.8352940248511502,-0.3173093168350376,-0.7515428208827645,-1.445168023143771,-0.1405626747086068,0.1031806852319015,1.115194453509924
682,0.7638171863456177,-0.7916593857319226,0.055074305128283006,-0.6215155576865655,-0.6801117850773627,0.6062491329803372,0.6062491329803372,1.3658959117703828,1.365895911769498,-0.852783591395975,-0.14816117894329195,0.28748694112171974,-0.4032863249170385,-0.7515428208827645,-0.2912007386952259,-0.5005476488076274,-1.6772940414514976,-1.5011161627907048
683,-0.8566398098443941,-0.6823145776395891,-1.1007193355684985,-0.6215155576865655,-0.12204317937876487,-0.8146608165326107,-0.8146608165326107,-0.7321202087089251,-0.7321202087098097,-0.852783591395975,-0.5133033850958408,-0.02836667027894861,0.6135399166899764,-0.7515428208827645,0.037997333436562315,-0.5005476488076274,-0.47125740327251076,0.64174609526608
684,1.5570469416558246,1.0284512646068313,1.8192813849494063,-0.6215155576865655,1.2792778261389937,1.6174010467510909,1.6174010467510909,1.3658959117703828,1.365895911769498,0.9283117025082126,1.4113539658031864,0.8452391006727372,1.1789308649984613,1.7889191271864646,0.5807229812704164,-0.5005476488076274,-0.6855186139225558,-0.8956827017084326
685,0.4347101989165479,0.3993661173625507,0.24143854285532132,-0.6215155576865655,-0.6801117850773627,-1.2009087038245718,-1.2009087038245718,-0.7321202087089251,-0.7321202087098097,-0.852783591395975,-0.025117148849824265,0.8009261290727012,-1.1311037679697529,-0.7515428208827645,1.1736174047335637,-0.5005476488076274,-1.675332639177047,-1.6690499431187007
686,-0.3640300841324564,0.30605185398498463,1.4811962827025777,-0.6215155576865655,0.8517241615651268,-0.0978306758039739,-0.0978306758039739,-0.7321202087089251,-0.7321202087098097,1.1679997327221208,0.4733966909185301,0.8009261290727012,1.7242264973608812,1.6300971200748542,-0.36536621947112485,0.9047458419029585,0.49606924380423373,-0.9596853734266299
687,-0.3640300841324564,0.859545821829031,0.24143854285532132,-0.6215155576865655,0.8517241615651268,-1.14286183307788,-1.14286183307788,-0.7321202087089251,-0.7321202087098097,0.9283117025082126,0.5728271648004711,1.1479678721196707,1.9076081177649458,1.0318543467952668,-1.0535464986016343,-0.5005476488076274,-1.008241581995303,-0.8439378687824348
688,-1.4337822361298194,0.6466488868178577,0.5775899222938418,1.6089701820518945,0.3864113411997915,-1.158068110688484,-1.158068110688484,-0.7321202087089251,-0.7321202087098097,-0.852783591395975,-1.0061052655092155,-1.7015991523790133,-0.22076846115312682,-0.7515428208827645,-1.5932733574686915,-0.5005476488076274,0.10722730799435289,1.270636476758266
689,-1.4337822361298194,0.4472029308174746,0.24143854285532132,-0.6215155576865655,-1.9782899713102153,-0.3335714827470903,-0.3335714827470903,-0.7321202087089251,-0.7321202087098097,-0.852783591395975,-0.3357345014765134,-1.0259076098400428,-1.1875009873347215,-0.7515428208827645,-0.5355475226872602,0.21372463719044033,0.3085813472709076,-0.9596853734266299
690,1.0568786595747668,0.859545821829031,0.055074305128283006,-0.6215155576865655,-0.6801117850773627,0.2877770642371158,0.2877770642371158,1.3658959117703828,1.365895911769498,0.9283117025082126,0.706441353902493,0.8452391006727372,-0.49524841771881856,0.43805044182625924,1.1736174047335637,0.8262286274945406,-0.42223982398274146,1.0346384540492137
691,0.7638171863456177,-0.5644013565310136,-1.3886013012595027,1.6089701820518945,-1.9782899713102153,-0.18525396691497792,-0.18525396691497792,-0.7321202087089251,-0.7321202087098097,0.9283117025082126,1.6749162020644575,1.1479678721196707,1.611300930270463,1.8315924213572836,0.5426140336360036,-0.5005476488076274,0.42187594917982435,-0.3533340080527271
692,-0.3640300841324564,0.4958394936561029,0.055074305128283006,-0.6215155576865655,0.3864113411997915,-0.1453495713333462,-0.1453495713333462,1.3658959117703828,1.365895911769498,0.9283117025082126,0.5431275581538377,0.8452391006727372,-0.1848548556120635,0.43805044182625924,0.5807229812704164,-0.5005476488076274,-2.055062488747797,0.08354413098540173
693,0.7638171863456177,0.3993661173625507,-1.1007193355684985,-0.6215155576865655,0.3864113411997915,0.014702861371663292,0.014702861371663292,-0.7321202087089251,-0.7321202087098097,-0.852783591395975,0.31402220073970977,0.8009261290727012,-0.20811834526677064,-0.7515428208827645,0.8405215457365813,0.21372463719044033,0.4628503847904884,-0.01947547100346879
694,1.3197461913055784,-0.0371723267146882,0.055074305128283006,-0.6215155576865655,-0.12204317937876487,0.6183721639969196,0.6183721639969196,1.3658959117703828,1.365895911769498,1.4620201006249185,0.855537227465191,0.8452391006727372,-0.2718916252739901,0.43805044182625924,1.1736174047335637,2.110762434279601,1.0665056516436857,-0.20094041362422466
695,-1.4337822361298194,-1.806735431203195,-1.1007193355684985,-0.6215155576865655,-0.6801117850773627,-1.2841348797032963,-1.2841348797032963,-0.7321202087089251,-0.7321202087098097,-0.852783591395975,-0.9855770304895654,-1.8144911325981103,0.48086597582394247,-0.7515428208827645,-1.864056853342299,-0.5005476488076274,-0.6901138272169753,0.25645771221800734
696,1.0568786595747668,1.0284512646068313,0.055074305128283006,-0.6215155576865655,-0.12204317937876487,-0.14568446570797344,-0.14568446570797344,1.3658959117703828,1.365895911769498,-0.852783591395975,0.379052786217458,0.28748694112171974,-1.0795494164149575,-0.7515428208827645,1.1736174047335637,-0.1853913078490008,1.5916859366915208,0.0863068208570581
697,0.062039682462969474,0.7513742866788126,1.3952699738649512,-0.6215155576865655,0.8517241615651268,1.0738196902844876,1.0738196902844876,1.3658959117703828,1.365895911769498,1.1679997327221208,-0.7780628243106122,0.28748694112171974,0.5965433513761228,-0.7515428208827645,-0.2912007386952259,0.8829152082909357,-0.2458478800242044,0.4520692043324983
698,0.4347101989165479,-1.806735431203195,-1.1007193355684985,-0.6215155576865655,-0.6801117850773627,-0.9245512911756344,-0.9245512911756344,-0.7321202087089251,-0.7321202087098097,0.164471683245573,-0.031375393209576635,0.4918655558291933,1.6983541480387905,1.0318543467952668,-0.5355475226872602,-0.5005476488076274,-1.8374471792273748,1.4910035249770053
699,0.062039682462969474,0.3993661173625507,-1.1007193355684985,-0.6215155576865655,0.3864113411997915,0.06712375581866284,0.06712375581866284,-0.7321202087089251,-0.7321202087098097,-0.852783591395975,-0.09530439920959824,0.4918655558291933,-0.8139189933536126,-0.7515428208827645,0.2762073651606177,1.89569369513324,-0.18401772795718974,-1.5264252003528154
700,0.7638171863456177,1.086569284774658,-1.1007193355684985,-0.6215155576865655,1.2792778261389937,0.47684717016629774,0.47684717016629774,-0.7321202087089251,-0.7321202087098097,0.9283117025082126,0.6548538934195837,1.1479678721196707,-0.17245891811610875,1.6300971200748542,0.8405215457365813,-0.5005476488076274,-0.5527178177533645,-1.4885426860941053
701,-0.3640300841324564,-0.6823145776395891,-1.1007193355684985,-0.6215155576865655,-0.12204317937876487,-0.20887471903880445,-0.20887471903880445,-0.7321202087089251,-0.7321202087098097,-0.852783591395975,-0.4870582209439143,0.4918655558291933,0.9331424766924388,-0.7515428208827645,-0.17497648774524682,1.2412517981294175,0.3770142997994646,-0.5553953086770933
702,0.7638171863456177,0.914950442014236,1.1991931003238616,1.6089701820518945,0.8517241615651268,1.4319841776021571,1.4319841776021571,1.3658959117703828,1.365895911769498,1.1679997327221208,0.46873083668027177,0.28748694112171974,0.4804918855243089,1.4685529475692103,0.5807229812704164,-0.5005476488076274,1.9653096173502242,0.695660012478161
703,-0.3640300841324564,0.859545821829031,0.055074305128283006,-0.6215155576865655,0.8517241615651268,0.07851613849624361,0.07851613849624361,1.3658959117703828,1.365895911769498,0.9283117025082126,0.09036988842838475,0.28748694112171974,-0.9375582265763731,-0.7515428208827645,0.5807229812704164,-0.5005476488076274,0.10487637278920371,0.695660012478161
704,1.5570469416558246,0.914950442014236,1.4811962827025777,-0.6215155576865655,1.6735864320707878,1.2171997862404114,1.2171997862404114,-0.7321202087089251,-0.7321202087098097,1.4620201006249185,1.3506881322760032,1.1479678721196707,0.7290405425450357,1.8997316906284631,0.8405215457365813,-0.5005476488076274,-1.4747366267735686,-1.3940464540047515
705,-0.8566398098443941,-1.806735431203195,-1.1007193355684985,-0.6215155576865655,-0.6801117850773627,-1.075718785862489,-1.075718785862489,-0.7321202087089251,-0.7321202087098097,-0.852783591395975,-0.8369992481849374,-0.9041453836733948,-0.2269500508571796,-0.7515428208827645,-1.1504892548365229,-0.2637758603268168,0.40616452272738085,1.376588017982301
706,-0.8566398098443941,0.30605185398498463,-1.1007193355684985,-0.6215155576865655,0.8517241615651268,-0.6892143123485146,-0.6892143123485146,-0.7321202087089251,-0.7321202087098097,-0.852783591395975,-0.13801702707103491,0.21666138785866135,-0.3053155758375626,-0.7515428208827645,0.2762073651606177,-0.5005476488076274,0.11034250371643689,-0.20094041362422466
707,1.5570469416558246,1.0284512646068313,1.8730403954204675,1.6089701820518945,-1.9782899713102153,1.6947583692723245,1.6947583692723245,1.3658959117703828,1.365895911769498,1.4620201006249185,2.3242260248725635,0.8452391006727372,1.5653637310366937,1.6741387980678815,1.1736174047335637,-0.5005476488076274,-2.296071112038586,-1.2733912417305897
708,-0.3640300841324564,0.9712486348624837,-1.1007193355684985,-0.6215155576865655,0.3864113411997915,0.8072108926272644,0.8072108926272644,-0.7321202087089251,-0.7321202087098097,-0.852783591395975,0.15056212659531845,-0.2465019633912106,-1.3675817875782463,-0.7515428208827645,0.5426140336360036,-0.1405626747086068,0.3896896044902912,-0.5479035228346811
709,-0.3640300841324564,0.4958394936561029,0.055074305128283006,-0.6215155576865655,0.3864113411997915,0.18296923245679658,0.18296923245679658,1.3658959117703828,1.365895911769498,-0.852783591395975,-0.3736844137143897,-0.1616366801950753,0.6542914852030286,-0.7515428208827645,0.0993976796941197,-0.5005476488076274,-0.5193248727553333,1.0346384540492137
710,1.7724912096740832,0.8050239989833801,1.8192813849494063,-0.6215155576865655,1.2792778261389937,1.6542885632204647,1.6542885632204647,1.3658959117703828,1.365895911769498,1.4620201006249185,1.3497342135949082,0.8452391006727372,1.067263750413866,1.9090915465961902,1.1736174047335637,0.21372463719044033,0.89931513309256,0.19042599076646446
711,1.0568786595747668,1.0284512646068313,1.4811962827025777,-0.6215155576865655,-0.6801117850773627,1.4531094850902435,1.4531094850902435,-0.7321202087089251,-0.7321202087098097,-0.852783591395975,0.2244707937744613,0.4918655558291933,-0.9278934501917658,-0.7515428208827645,0.5426140336360036,0.5621989716239308,0.3913324628873718,0.5279158063842087
712,0.4347101989165479,0.7513742866788126,0.5775899222938418,1.6089701820518945,2.377160384336841,-0.26137342665644075,-0.26137342665644075,-0.7321202087089251,-0.7321202087098097,1.4620201006249185,0.8602033342771902,1.1479678721196707,0.28756712702045634,1.0318543467952668,0.8405215457365813,0.01919734360172059,1.3651563536713924,0.6999826297641357
713,1.0568786595747668,0.7513742866788126,0.055074305128283006,-0.6215155576865655,0.3864113411997915,0.48684324385821814,0.48684324385821814,1.3658959117703828,1.365895911769498,1.4620201006249185,0.7217047666700023,0.8452391006727372,-0.8181292815296268,0.43805044182625924,-0.2912007386952259,-0.5005476488076274,0.39011293540001607,-0.3754544036317249
714,-0.8566398098443941,0.4472029308174746,0.24143854285532132,-0.6215155576865655,-1.9782899713102153,-0.24242517606252015,-0.24242517606252015,-0.7321202087089251,-0.7321202087098097,-0.852783591395975,-0.8837643820500263,-0.9041453836733948,-1.1044800731271804,-0.7515428208827645,-0.36536621947112485,-0.5005476488076274,0.37750748978600457,1.115194453509924
715,0.062039682462969474,0.6466488868178577,0.5775899222938418,1.6089701820518945,0.3864113411997915,-1.0745609259274167,-1.0745609259274167,-0.7321202087089251,-0.7321202087098097,0.5766833091167,0.09568172580371459,0.8009261290727012,1.5040195468390396,1.0318543467952668,-0.36536621947112485,-0.5005476488076274,-0.3473106267891886,0.7878541034926071
716,-0.3640300841324564,-0.7916593857319226,0.055074305128283006,-0.6215155576865655,-0.6801117850773627,-0.1583917992765765,-0.1583917992765765,1.3658959117703828,1.365895911769498,-0.852783591395975,0.0257630933319195,0.28748694112171974,-1.7463823578216033,-0.7515428208827645,0.5807229812704164,0.38427280746680936,2.245452657704176,0.2329341861156858
717,-1.4337822361298194,-0.7916593857319226,0.055074305128283006,-0.6215155576865655,-0.6801117850773627,0.02002443546461029,0.02002443546461029,1.3658959117703828,1.365895911769498,-0.852783591395975,-1.1739969738888856,-1.7469502050838799,-1.4088655137980168,-0.7515428208827645,-0.2912007386952259,1.5616350658531455,0.38862686686341047,-1.3662158754667018
718,-0.3640300841324564,-0.5644013565310136,-1.3886013012595027,1.6089701820518945,-1.9782899713102153,-0.010888650021178304,-0.010888650021178304,-0.7321202087089251,-0.7321202087098097,-0.852783591395975,0.314639655035644,0.21666138785866135,-0.2175423029068022,1.0318543467952668,0.037997333436562315,-0.5005476488076274,0.5738244024047198,0.4060369440752991
719,-0.8566398098443941,-0.6823145776395891,-1.1007193355684985,-0.6215155576865655,-0.12204317937876487,-0.5189986209941128,-0.5189986209941128,-0.7321202087089251,-0.7321202087098097,-0.852783591395975,0.18403683402524756,-0.4406733641443425,0.10114332437667586,-0.7515428208827645,0.037997333436562315,0.5621989716239308,0.09844206765862056,0.25645771221800734
720,1.7724912096740832,1.0284512646068313,1.1991931003238616,1.6089701820518945,1.2792778261389937,1.5651618048500118,1.5651618048500118,1.3658959117703828,1.365895911769498,1.4620201006249185,1.8026807253806945,0.8452391006727372,1.0436930855769013,1.4685529475692103,1.1736174047335637,-0.5005476488076274,1.331886781666123,1.181841209847573
721,-0.8566398098443941,-0.22881090253958375,0.5775899222938418,1.6089701820518945,0.3864113411997915,-1.1062746550335696,-1.1062746550335696,-0.7321202087089251,-0.7321202087098097,-0.852783591395975,-0.3877206737219618,-0.9041453836733948,-0.5947518504514769,-0.7515428208827645,0.5426140336360036,-0.5005476488076274,0.2751760290148355,0.9719886803041085
722,-1.4337822361298194,-0.6823145776395891,-1.1007193355684985,-0.6215155576865655,-0.12204317937876487,-0.543637145415518,-0.543637145415518,-0.7321202087089251,-0.7321202087098097,-0.852783591395975,-0.22657723021987197,-1.3924923621662069,-0.2783076965841495,-0.7515428208827645,-0.6876481810723462,-0.5005476488076274,-0.0046784507863696844,-1.1891526062570623
723,0.062039682462969474,0.7513742866788126,1.3952699738649512,-0.6215155576865655,0.8517241615651268,1.3697435446778556,1.3697435446778556,1.3658959117703828,1.365895911769498,1.4620201006249185,0.8715153783255125,0.8452391006727372,0.07684257599283767,1.0998960999631677,0.0993976796941197,0.8262286274945406,1.0327407238110948,0.9719886803041085
724,0.062039682462969474,0.3523190608687431,0.5775899222938418,1.6089701820518945,1.6735864320707878,0.40908394935113,0.40908394935113,-0.7321202087089251,-0.7321202087098097,-0.852783591395975,-0.4592447002975852,0.8009261290727012,-0.39116527032009607,-0.7515428208827645,0.5426140336360036,0.7561431025628196,1.1552435948816593,1.6565383975210095
725,1.3197461913055784,1.0284512646068313,0.5775899222938418,1.6089701820518945,0.8517241615651268,-0.3965085707026679,-0.3965085707026679,-0.7321202087089251,-0.7321202087098097,0.9283117025082126,-0.8834409534451564,0.8009261290727012,0.8109312745516856,1.8315924213572836,0.8405215457365813,-0.5005476488076274,-0.557002491157026,1.0346384540492137
726,0.062039682462969474,0.3523190608687431,0.5775899222938418,1.6089701820518945,1.6735864320707878,0.03837679201496607,0.03837679201496607,-0.7321202087089251,-0.7321202087098097,-0.852783591395975,-1.1457446541060974,-0.02836667027894861,-0.35798150277147267,-0.7515428208827645,0.2762073651606177,-0.5005476488076274,0.13128904467990266,-0.9982648618909742
727,-0.3640300841324564,-0.6823145776395891,-1.1007193355684985,-0.6215155576865655,-0.12204317937876487,-0.49463208242540735,-0.49463208242540735,-0.7321202087089251,-0.7321202087098097,-0.852783591395975,-1.936193988840485,-0.2465019633912106,0.25710255614170796,-0.7515428208827645,-1.0535464986016343,0.8262286274945406,0.2897468211128216,0.695660012478161
728,-0.8566398098443941,0.30605185398498463,1.4811962827025777,-0.6215155576865655,0.8517241615651268,-0.49175729029108495,-0.49175729029108495,-0.7321202087089251,-0.7321202087098097,-0.852783591395975,-0.11287800249111433,-0.7672913965880377,-0.4788332854292283,1.0318543467952668,0.2762073651606177,-0.5005476488076274,-0.8997136548178433,-0.9337113405004537
729,0.062039682462969474,0.914950442014236,0.24143854285532132,-0.6215155576865655,-1.9782899713102153,0.34231325257563505,0.34231325257563505,-0.7321202087089251,-0.7321202087098097,-0.852783591395975,-0.22263716386359925,0.4918655558291933,-0.0937350715879799,-0.7515428208827645,0.8405215457365813,-0.5005476488076274,-2.151340771935135,-1.5053926112108165
730,-0.8566398098443941,-1.806735431203195,-1.1007193355684985,-0.6215155576865655,-0.6801117850773627,-1.2300548945870688,-1.2300548945870688,-0.7321202087089251,-0.7321202087098097,-0.852783591395975,-0.7523283496082417,-0.6134932418649579,0.9681339686874271,-0.7515428208827645,-1.5493924685986495,-0.5005476488076274,-0.6506775629519695,0.2990379844648322
731,1.5570469416558246,1.0284512646068313,1.3952699738649512,-0.6215155576865655,-0.6801117850773627,1.6378848549097738,1.6378848549097738,1.3658959117703828,1.365895911769498,1.4620201006249185,0.5682229096970152,0.8452391006727372,-0.14698814507657793,1.7889191271864646,1.1736174047335637,1.2873191037815792,0.42619618885414134,1.376588017982301
732,1.0568786595747668,1.086569284774658,1.8192813849494063,-0.6215155576865655,-1.295649915143251,1.6228830494406277,1.6228830494406277,1.3658959117703828,1.365895911769498,-0.852783591395975,0.46079283385051645,0.28748694112171974,0.3400998795668631,-0.7515428208827645,1.1736174047335637,-0.5005476488076274,-0.7491033504943562,1.376588017982301
733,0.4347101989165479,-0.7916593857319226,0.055074305128283006,-0.6215155576865655,-0.6801117850773627,0.16137596435821724,0.16137596435821724,1.3658959117703828,1.365895911769498,-0.852783591395975,-0.01910632844049588,0.28748694112171974,-0.6325626404801343,-0.7515428208827645,0.5807229812704164,0.5621989716239308,-1.1983600893683288,-1.6813121225959515
734,-1.4337822361298194,-1.806735431203195,-1.1007193355684985,-0.6215155576865655,-0.6801117850773627,-1.1095116660661897,-1.1095116660661897,-0.7321202087089251,-0.7321202087098097,-0.852783591395975,-0.5339349242318189,-1.2305833314083114,-0.030426767259661397,-0.7515428208827645,-1.5493924685986495,-0.1405626747086068,1.230559689980943,1.270636476758266
735,1.0568786595747668,-0.5644013565310136,-1.3886013012595027,1.6089701820518945,-1.9782899713102153,-0.9389041524933556,-0.9389041524933556,-0.7321202087089251,-0.7321202087098097,1.1679997327221208,1.493245640608598,1.1479678721196707,1.6327877749274027,1.6300971200748542,0.5426140336360036,-0.5005476488076274,-0.17328846266722223,-0.006926235327870209
736,-0.8566398098443941,0.30605185398498463,-1.1007193355684985,-0.6215155576865655,0.8517241615651268,-0.9842359913648575,-0.9842359913648575,-0.7321202087089251,-0.7321202087098097,-0.852783591395975,-0.7120183973261828,-0.9041453836733948,-0.15887296933158365,-0.7515428208827645,-0.9450305917939715,-0.5005476488076274,0.9490738590950313,0.64174609526608
737,-1.4337822361298194,-1.806735431203195,-1.1007193355684985,-0.6215155576865655,-0.6801117850773627,-0.9554166284426736,-0.9554166284426736,-0.7321202087089251,-0.7321202087098097,-0.852783591395975,-1.3582375741156443,-1.7350117008711132,-0.8763818930270084,-0.7515428208827645,-0.5355475226872602,-0.5005476488076274,-0.22915862983003946,0.4520692043324983
738,-0.8566398098443941,-0.22881090253958375,0.5775899222938418,1.6089701820518945,0.3864113411997915,-0.528775954672492,-0.528775954672492,-0.7321202087089251,-0.7321202087098097,-0.852783591395975,-0.3887874440694354,-0.4406733641443425,-0.533761403356714,-0.7515428208827645,0.037997333436562315,-0.5005476488076274,1.3016932546305655,-0.7747524833384386
739,-0.8566398098443941,-0.6823145776395891,-1.1007193355684985,-0.6215155576865655,-0.12204317937876487,-1.0339694256451633,-1.0339694256451633,-0.7321202087089251,-0.7321202087098097,-0.852783591395975,-0.9349316336560787,0.21666138785866135,0.21975728951416193,-0.7515428208827645,-0.8235737531726128,-0.5005476488076274,0.3440715634424136,1.4910035249770053
740,1.0568786595747668,1.086569284774658,1.1991931003238616,1.6089701820518945,0.8517241615651268,1.6181270715794847,1.6181270715794847,1.3658959117703828,1.365895911769498,1.4620201006249185,0.7120768813528466,0.8452391006727372,0.2549746268108523,1.0998960999631677,0.5807229812704164,-0.5005476488076274,-0.5024237655380118,0.64174609526608
741,-0.3640300841324564,0.4472029308174746,1.1991931003238616,1.6089701820518945,-0.6801117850773627,0.010577308716439558,0.010577308716439558,1.3658959117703828,1.365895911769498,-0.852783591395975,-0.13609847143427148,-0.1616366801950753,-1.2204077360037102,-0.7515428208827645,-0.6080495599972832,2.067570442239213,0.8469107399038308,-0.5835258092590583
742,-0.8566398098443941,-1.806735431203195,-1.1007193355684985,-0.6215155576865655,-0.6801117850773627,-1.099164021413601,-1.099164021413601,-0.7321202087089251,-0.7321202087098097,-0.852783591395975,-0.2945617175458711,0.21666138785866135,0.34153845355675577,-0.7515428208827645,-0.8235737531726128,1.2412517981294175,0.5651037459016088,0.64174609526608
743,-1.4337822361298194,-1.806735431203195,-1.1007193355684985,-0.6215155576865655,-0.6801117850773627,-1.1990186749493525,-1.1990186749493525,-0.7321202087089251,-0.7321202087098097,-0.852783591395975,-1.378080154302306,-1.9663745196588867,-0.5507150960340077,-0.7515428208827645,-1.9038676724944052,-0.1405626747086068,0.271055140152626,1.485925633535341
744,0.062039682462969474,-0.0371723267146882,0.055074305128283006,-0.6215155576865655,-0.12204317937876487,0.3029377326110443,0.3029377326110443,1.3658959117703828,1.365895911769498,-0.852783591395975,-0.7449278343446936,-0.1616366801950753,-0.31389953138750104,-0.7515428208827645,-0.2912007386952259,-0.5005476488076274,-0.04055421296672053,1.0346384540492137
745,1.969091132787549,0.9712486348624837,1.4811962827025777,-0.6215155576865655,0.3864113411997915,1.537032207200124,1.537032207200124,-0.7321202087089251,-0.7321202087098097,1.4620201006249185,1.5869575110440899,1.1479678721196707,0.15763251162857095,1.922866304938414,1.1736174047335637,-0.5005476488076274,0.2764142397965796,0.7593251836735062
746,1.3197461913055784,0.914950442014236,0.5775899222938418,1.6089701820518945,1.2792778261389937,1.1886638776775016,1.1886638776775016,-0.7321202087089251,-0.7321202087098097,1.4620201006249185,0.6218510297038164,1.1479678721196707,0.34288501414811423,1.6300971200748542,1.1736174047335637,0.8262286274945406,1.510199322919452,1.181841209847573
747,1.0568786595747668,0.914950442014236,0.055074305128283006,-0.6215155576865655,-0.12204317937876487,0.7185009560110958,0.7185009560110958,1.3658959117703828,1.365895911769498,0.5766833091167,0.41513245816907074,0.28748694112171974,0.33954856256307325,0.43805044182625924,0.5807229812704164,-0.5005476488076274,-1.9143053126352574,-2.0798438537273745
748,0.062039682462969474,0.9712486348624837,0.5775899222938418,1.6089701820518945,-0.12204317937876487,0.6476556547621293,0.6476556547621293,-0.7321202087089251,-0.7321202087098097,-0.852783591395975,-0.5922099528689571,-0.02836667027894861,-1.465797963925981,-0.7515428208827645,0.5426140336360036,0.8210462087282926,0.09555213758610341,-0.5609694149694849
749,0.062039682462969474,-0.7916593857319226,0.055074305128283006,-0.6215155576865655,-0.6801117850773627,0.03146148533475715,0.03146148533475715,1.3658959117703828,1.365895911769498,0.5766833091167,0.09904111492185366,0.28748694112171974,0.23998465958641907,-0.7515428208827645,-0.8649725089998138,0.38427280746680936,0.04362508355181068,-1.6558768606052772
750,0.7638171863456177,0.5452858837555816,1.3952699738649512,-0.6215155576865655,-0.12204317937876487,0.9985368211278711,0.9985368211278711,1.3658959117703828,1.365895911769498,0.9283117025082126,1.1355836267906299,0.8452391006727372,1.7858769086075388,0.43805044182625924,1.1736174047335637,-0.5005476488076274,0.09983797276767425,-0.20094041362422466
751,1.0568786595747668,1.0284512646068313,0.055074305128283006,-0.6215155576865655,-0.12204317937876487,1.1610482380201461,1.1610482380201461,1.3658959117703828,1.365895911769498,-0.852783591395975,0.3634346963473817,0.28748694112171974,-0.4432155523505663,-0.7515428208827645,0.5807229812704164,-0.5005476488076274,0.06521981483320392,0.945913795878709
752,-1.4337822361298194,-0.6823145776395891,-1.1007193355684985,-0.6215155576865655,-0.12204317937876487,-0.3581005271580408,-0.3581005271580408,-0.7321202087089251,-0.7321202087098097,-0.852783591395975,-1.759834397571254,-1.791067768481189,-0.689239273518556,-0.7515428208827645,-0.6876481810723462,0.8262286274945406,-0.7061664315800456,-1.6576312547257712
753,-0.8566398098443941,-1.806735431203195,-1.1007193355684985,-0.6215155576865655,-0.6801117850773627,-1.2074023038838726,-1.2074023038838726,-0.7321202087089251,-0.7321202087098097,0.3368099162879238,-0.3146167477564291,0.21666138785866135,1.159895576828915,-0.7515428208827645,-1.8977049494811598,-0.5005476488076274,0.43068808557290617,-0.3754544036317249
754,1.5570469416558246,0.859545821829031,0.055074305128283006,-0.6215155576865655,0.8517241615651268,-0.16172589063985127,-0.16172589063985127,1.3658959117703828,1.365895911769498,1.4620201006249185,0.5841922028028487,0.8452391006727372,-0.3309587549146498,0.43805044182625924,1.1736174047335637,-0.5005476488076274,-1.7156890774141667,-2.0873212866999693
755,0.4347101989165479,-0.0371723267146882,0.055074305128283006,-0.6215155576865655,-0.12204317937876487,0.44813459559992136,0.44813459559992136,1.3658959117703828,1.365895911769498,0.9283117025082126,0.9267568858991123,0.8452391006727372,0.35049006794703413,0.43805044182625924,-0.8649725089998138,-0.5005476488076274,1.1779078745700908,1.0346384540492137
756,0.062039682462969474,-0.0371723267146882,0.055074305128283006,-0.6215155576865655,-0.12204317937876487,0.6845881025182985,0.6845881025182985,1.3658959117703828,1.365895911769498,0.5766833091167,0.24826596407001678,-0.1616366801950753,-0.14042223279809601,1.0998960999631677,0.0993976796941197,0.8262286274945406,0.4497360809758241,-0.9792569823048366
757,1.0568786595747668,0.859545821829031,1.4811962827025777,-0.6215155576865655,0.3864113411997915,1.0420764777424367,1.0420764777424367,-0.7321202087089251,-0.7321202087098097,0.9283117025082126,0.3073505725026748,0.8009261290727012,-0.23503133133454082,1.6300971200748542,0.8405215457365813,-0.5005476488076274,0.4902610687274586,-0.20094041362422466
758,0.4347101989165479,0.6985860862574665,1.1991931003238616,1.6089701820518945,0.3864113411997915,1.491780921180241,1.491780921180241,1.3658959117703828,1.365895911769498,-0.852783591395975,0.02633970164704293,-0.5231414598616464,-0.25010399871433964,-0.7515428208827645,0.5807229812704164,-0.5005476488076274,-0.9648224049397623,-1.7500650427235513
759,0.062039682462969474,0.30605185398498463,-1.1007193355684985,-0.6215155576865655,0.8517241615651268,-0.9561165213344579,-0.9561165213344579,-0.7321202087089251,-0.7321202087098097,0.5766833091167,-1.435117380374943,0.8009261290727012,1.5901570271813237,-0.7515428208827645,-0.6876481810723462,-0.5005476488076274,-1.3515199658447907,-0.18767982303253736
760,1.0568786595747668,1.086569284774658,0.055074305128283006,-0.6215155576865655,0.8517241615651268,-0.10380553989745181,-0.10380553989745181,1.3658959117703828,1.365895911769498,1.4620201006249185,0.9316832877165303,0.8452391006727372,0.41735144967056415,-0.7515428208827645,1.1736174047335637,-0.5005476488076274,-1.6128504005456137,-0.20094041362422466
761,-1.4337822361298194,0.21581778270395685,-1.1007193355684985,-0.6215155576865655,-0.12204317937876487,-1.1902347498893342,-1.1902347498893342,-0.7321202087089251,-0.7321202087098097,-0.852783591395975,-0.7563926174440516,-1.9363677318191037,-0.5493056719628853,-0.7515428208827645,-1.5493924685986495,-0.1405626747086068,1.0807373071422972,1.376588017982301
762,0.4347101989165479,-0.7916593857319226,0.055074305128283006,-0.6215155576865655,-0.6801117850773627,-0.05126129755292863,-0.05126129755292863,1.3658959117703828,1.365895911769498,-0.852783591395975,-0.3844476294701702,-0.5231414598616464,-1.6609545645183226,-0.7515428208827645,0.5807229812704164,-0.5005476488076274,0.20140954908473455,0.695660012478161
763,0.062039682462969474,-0.5644013565310136,-1.3886013012595027,1.6089701820518945,-1.9782899713102153,-0.9976657374207484,-0.9976657374207484,-0.7321202087089251,-0.7321202087098097,-0.852783591395975,-2.1052877119574,-0.2465019633912106,0.09317971860536867,-0.7515428208827645,0.2762073651606177,-0.5005476488076274,-0.18736278378586388,-0.3754544036317249
764,0.4347101989165479,0.7513742866788126,0.5775899222938418,1.6089701820518945,1.2792778261389937,1.3454212481237278,1.3454212481237278,-0.7321202087089251,-0.7321202087098097,-0.852783591395975,0.10731895676633177,-0.02836667027894861,-1.987080916079846,1.0318543467952668,1.1736174047335637,0.14855101351334857,0.1256170802078036,0.8995931050230905
765,-0.8566398098443941,0.9712486348624837,-1.1007193355684985,-0.6215155576865655,1.2792778261389937,-0.7030576376038267,-0.7030576376038267,-0.7321202087089251,-0.7321202087098097,-0.852783591395975,-0.03610229912073202,-0.02836667027894861,0.18683000403687441,-0.7515428208827645,0.037997333436562315,-0.5005476488076274,-0.13824132027649438,-0.5553953086770933
766,-0.3640300841324564,-0.5644013565310136,-1.3886013012595027,1.6089701820518945,-1.9782899713102153,-0.914810384922718,-0.914810384922718,-0.7321202087089251,-0.7321202087098097,0.7346295392293808,0.4333177924814109,0.8009261290727012,0.28584858079918996,1.0318543467952668,0.037997333436562315,0.7112020522139827,0.8089478899926975,-0.3411172164878999
767,0.062039682462969474,0.6985860862574665,1.1991931003238616,1.6089701820518945,0.3864113411997915,1.5999535747321851,1.5999535747321851,1.3658959117703828,1.365895911769498,-0.852783591395975,-0.04213399402736288,-0.5231414598616464,-0.2535166208354226,-0.7515428208827645,0.5807229812704164,-0.5005476488076274,0.15616118738913165,0.2990379844648322
768,-1.4337822361298194,-1.806735431203195,-1.1007193355684985,-0.6215155576865655,-0.6801117850773627,-1.2111176165585822,-1.2111176165585822,-0.7321202087089251,-0.7321202087098097,-0.852783591395975,-1.0152732502069797,-1.6216816534273613,0.4520202257293132,-0.7515428208827645,-1.9038676724944052,-0.5005476488076274,0.2945213549330426,0.695660012478161
