Row,kDN,DS,DCP,TD_P,TD_U,CL,CLD,N1,N2,LSC,LSR,Harmfulness,Usefulness,F2,F3,F4
1,0.4,0.98,0.7183098591549295,1.0,0.3684210526315789,0.4579003865855029,0.4579003865855029,0.0,0.4542102028272895,0.9887640449438202,0.9200994258270958,0.0,1.0,0.1583793738489871,0.5344194553081352,0.7027027027027026
2,0.6,1.0,0.3949579831932773,1.0,0.4736842105263157,0.5074260711613037,0.5074260711613037,0.0,0.3873266813528573,0.9887640449438202,0.9520562183429584,0.0,0.99438202247191,0.6666666666666666,0.7795803066989508,0.8190476190476191
3,0.3,0.9,0.3949579831932773,1.0,0.2105263157894736,0.4652785931790635,0.4652785931790635,0.0,0.3978412455821951,0.9887640449438202,0.947188968660205,0.0,0.9887640449438202,0.6842105263157894,0.8216122821385978,0.8686868686868686
4,0.1,0.9,0.3949579831932773,1.0,0.2105263157894736,0.4581503715633186,0.4581503715633186,0.0,0.2310018610421836,0.9550561797752808,0.8396392084318374,0.0,0.9831460674157304,0.7027027027027026,0.8858269105793857,0.9504950495049505
5,0.5,0.86,0.2816901408450704,1.0,0.4210526315789473,0.5420954219306185,0.5420954219306185,0.5,0.4150030248033878,0.9964912280701754,0.9460453943446482,0.0112359550561797,0.9964912280701754,0.6842105263157894,0.8493206502141899,0.9662921348314606
6,0.6,0.98,0.2542372881355932,0.6666666666666666,0.631578947368421,0.2383778573853482,0.2383778573853482,1.0,0.999999999999951,0.9982456140350876,1.0,0.0056179775280898,1.0,0.6760563380281691,0.7043218661562873,0.7428571428571428
7,0.3,1.0,0.3949579831932773,1.0,0.4736842105263157,0.7151870744345831,0.7151870744345831,0.0,0.4302533172496984,0.9719101123595506,0.974205048889821,0.0,1.0,0.7027027027027026,0.7250152250152251,0.7350427350427351
8,0.8,0.98,0.6050420168067228,1.0,0.4736842105263157,0.4636197652677503,0.4636197652677503,1.0,0.6807530326482127,0.9982456140350876,0.9747081989465788,0.0056179775280898,1.0,0.6842105263157894,0.7891380066736682,0.8648648648648649
9,0.3,0.98,0.3949579831932773,1.0,0.631578947368421,0.6514103985121382,0.6514103985121382,0.5,0.4674512257105994,0.9887640449438202,0.9682532653384672,0.0035087719298245,1.0,0.7027027027027026,0.7497550362237773,0.7741935483870969
10,0.4,0.98,0.7183098591549295,1.0,0.3684210526315789,0.4579003865855029,0.4579003865855029,0.5,0.6252115059221658,0.99438202247191,0.9575385795073326,0.0017543859649122,0.99438202247191,0.1560798548094374,0.5585172362956071,0.7647058823529411
11,0.6,1.0,0.2816901408450704,1.0,0.5263157894736842,0.5420878832823547,0.5420878832823547,0.6666666666666666,0.5362413599850551,0.9982456140350876,0.914870147684148,0.0224719101123595,0.9982456140350876,0.7428571428571428,0.9107363900467348,0.9885057471264368
12,0.5,0.98,0.2542372881355932,0.6666666666666666,0.4210526315789473,0.2342516228207576,0.2342516228207576,0.6666666666666666,0.6016260162601625,0.9982456140350876,0.990058289197266,0.0112359550561797,1.0,0.6666666666666666,0.679680751173709,0.6880000000000001
13,0.4,0.9,0.3949579831932773,1.0,0.5263157894736842,0.6120405338602412,0.6120405338602412,0.2,0.3983739837398374,0.9775280898876404,0.9827182718271829,0.0035087719298245,0.9775280898876404,0.7027027027027026,0.7664528935715377,0.8135593220338984
14,0.6,0.98,0.6050420168067228,1.0,0.4736842105263157,0.4909047230451054,0.4909047230451054,1.0,0.6602105717057746,0.9982456140350876,0.9706159281805554,0.0112359550561797,1.0,0.6842105263157894,0.8230006835269994,0.9696969696969696
15,0.3,0.92,0.3949579831932773,1.0,0.4210526315789473,0.7364907949658293,0.7364907949658293,0.0,0.0,0.9775280898876404,0.9859260778957144,0.0,0.9775280898876404,0.7027027027027026,0.7202263203610307,0.7328244274809159
16,0.4,0.96,0.3949579831932773,1.0,0.3157894736842105,0.7503423456102924,0.7503423456102924,0.5,0.3695980122459845,0.9831460674157304,0.985119739595443,0.0,0.9887640449438202,0.7027027027027026,0.7088253542798998,0.7111111111111111
17,0.6,1.0,0.3949579831932773,1.0,0.5789473684210527,0.486945748398402,0.486945748398402,0.6666666666666666,0.4417418012483899,0.9887640449438202,0.9674676813108772,0.0017543859649122,0.9887640449438202,0.7027027027027026,0.8380493630146889,0.9795918367346936
18,0.6,0.9,0.3949579831932773,1.0,0.2105263157894736,0.4734600018594904,0.4734600018594904,0.0,0.3063945297735628,0.9887640449438202,0.9401855533858604,0.0,0.9887640449438202,0.7027027027027026,0.8488409303454726,0.9896907216494848
19,0.3,0.92,0.3949579831932773,1.0,0.4210526315789473,0.7364907949658293,0.7364907949658293,0.0,0.0,0.9775280898876404,0.9859260778957144,0.0,0.9775280898876404,0.7027027027027026,0.7202263203610307,0.7328244274809159
20,0.5,0.96,0.7457627118644068,0.6666666666666666,0.631578947368421,0.759994966702431,0.759994966702431,0.5,0.0,0.9887640449438202,0.9906724038785668,0.0,0.99438202247191,0.6760563380281691,0.688689760182718,0.7027027027027026
21,0.5,0.96,0.7457627118644068,0.6666666666666666,0.631578947368421,0.759994966702431,0.759994966702431,1.0,0.0,0.9887640449438202,0.9906724038785668,0.0017543859649122,0.99438202247191,0.6760563380281691,0.688689760182718,0.7027027027027026
22,0.6,0.94,0.6050420168067228,1.0,0.4736842105263157,0.4262984910137646,0.4262984910137646,0.5,0.3983739837398374,0.9964912280701754,0.9805926031154556,0.0,0.9929824561403509,0.7428571428571428,0.7835995290667969,0.8135593220338984
23,0.4,0.92,0.3949579831932773,1.0,0.4210526315789473,0.7365847083649231,0.7365847083649231,0.25,0.0,0.9719101123595506,0.9845981068506338,0.0,0.9775280898876404,0.7027027027027026,0.7216355981061864,0.7384615384615385
24,0.4,0.92,0.3949579831932773,1.0,0.4210526315789473,0.7365847083649231,0.7365847083649231,0.0,0.0,0.9719101123595506,0.9845981068506338,0.0,0.9775280898876404,0.7027027027027026,0.7216355981061864,0.7384615384615385
25,0.5,1.0,0.1076115485564304,0.3333333333333333,0.4736842105263157,0.2873091322463472,0.2873091322463472,1.0,0.5053101988384505,0.9982456140350876,0.9339198105227542,0.0,0.9982456140350876,0.7384615384615385,0.7818130247333787,0.8666666666666667
26,0.7,0.98,0.6050420168067228,1.0,0.5789473684210527,0.5132107696853515,0.5132107696853515,0.6666666666666666,0.5614733943149406,0.9982456140350876,0.9723913083863296,0.0112359550561797,0.9982456140350876,0.7428571428571428,0.8296051082092483,0.9056603773584908
27,0.9,0.98,0.6050420168067228,1.0,0.4736842105263157,0.2598708668904312,0.2598708668904312,1.0,0.0,0.9964912280701754,0.9915071624647498,0.0112359550561797,0.9982456140350876,0.7226890756302521,0.7288770053475935,0.7428571428571428
28,0.5,0.92,0.3949579831932773,1.0,0.5789473684210527,0.5372661504752205,0.5372661504752205,1.0,0.6350656297576431,0.99438202247191,0.9772990212138586,0.0017543859649122,1.0,0.7428571428571428,0.8018691588785046,0.8571428571428572
29,0.3,0.96,0.3949579831932773,1.0,0.3157894736842105,0.7538751331316629,0.7538751331316629,0.0,0.260752519877293,0.9606741573033708,0.9755079182352758,0.0,0.9831460674157304,0.7107438016528926,0.7188639643185097,0.7428571428571428
30,0.7,1.0,0.6050420168067228,1.0,0.4210526315789473,0.3086813208977665,0.3086813208977665,1.0,0.5873287671232877,0.9982456140350876,0.9777102304967642,0.0056179775280898,1.0,0.7428571428571428,0.7516273291925464,0.7679999999999999
31,0.4,0.86,0.2816901408450704,1.0,0.4210526315789473,0.5107190410045214,0.5107190410045214,1.0,0.8299930609412629,0.9982456140350876,0.985869860225268,0.0056179775280898,1.0,0.6842105263157894,0.819297590503518,0.9230769230769232
32,0.4,0.9,0.3949579831932773,1.0,0.5263157894736842,0.6157672536828346,0.6157672536828346,0.0,0.0,0.9775280898876404,0.9829137945133656,0.0017543859649122,0.9775280898876404,0.7428571428571428,0.7764915036101476,0.8135593220338984
33,0.4,0.9,0.3949579831932773,1.0,0.5263157894736842,0.6157672536828346,0.6157672536828346,0.0,0.0,0.9775280898876404,0.9829137945133656,0.0,0.9775280898876404,0.7428571428571428,0.7764915036101476,0.8135593220338984
34,0.2,0.98,0.3949579831932773,1.0,0.631578947368421,0.6564371476660635,0.6564371476660635,0.25,0.5,0.99438202247191,0.9914983212349708,0.0,0.99438202247191,0.7428571428571428,0.766245259165613,0.8
35,0.5,0.86,0.2816901408450704,1.0,0.4210526315789473,0.5335291447596399,0.5335291447596399,0.5,0.3131446707220312,0.9964912280701754,0.9470061285429576,0.0,0.9982456140350876,0.7027027027027026,0.8282009282009282,0.8727272727272728
36,0.5,0.98,0.3949579831932773,1.0,0.7368421052631579,0.689048506803345,0.689048506803345,0.5,0.6016260162601625,0.99438202247191,0.9889389999012412,0.0,1.0,0.7027027027027026,0.7529785496624111,0.8135593220338984
37,0.5,1.0,0.3949579831932773,1.0,0.631578947368421,0.5389248086557279,0.5389248086557279,0.75,0.5,0.9887640449438202,0.9753956100051048,0.0017543859649122,1.0,0.7027027027027026,0.8199690769784227,0.9696969696969696
38,0.2,0.92,0.3949579831932773,1.0,0.4210526315789473,0.74029915251111,0.74029915251111,0.6666666666666666,0.5647058823529412,0.99438202247191,0.9922179823413012,0.0035087719298245,0.9887640449438202,0.7226890756302521,0.7316742081447963,0.7428571428571428
39,0.6,0.96,0.7183098591549295,1.0,0.3157894736842105,0.4885489228692798,0.4885489228692798,0.6666666666666666,0.775120133902057,0.99438202247191,0.9873817321412882,0.0070175438596491,1.0,0.7027027027027026,0.8261611125688796,0.9320388349514562
40,0.5,1.0,0.3949579831932773,1.0,0.8947368421052632,0.7202279389909729,0.7202279389909729,1.0,0.6211340206185567,0.99438202247191,0.9878583993356608,0.0017543859649122,1.0,0.7350427350427351,0.7467840403324275,0.7741935483870969
41,0.5,0.96,0.7183098591549295,1.0,0.3157894736842105,0.5099227297854877,0.5099227297854877,0.5,0.6168521462639109,0.99438202247191,0.9741110753034696,0.0017543859649122,1.0,0.7027027027027026,0.8276237276237277,0.9696969696969696
42,0.6,0.94,0.6050420168067228,1.0,0.4736842105263157,0.2493609847575681,0.2493609847575681,1.0,0.0,0.9964912280701754,1.0,0.0056179775280898,0.9982456140350876,0.7027027027027026,0.7156629611175066,0.7384615384615385
43,0.4,0.94,0.3949579831932773,1.0,0.4736842105263157,0.7506390152424318,0.7506390152424318,0.0,0.0,0.99438202247191,1.0,0.0,1.0,0.7027027027027026,0.7156629611175066,0.7384615384615385
44,0.6,0.94,0.6050420168067228,1.0,0.4736842105263157,0.2493609847575681,0.2493609847575681,1.0,0.0,0.9964912280701754,1.0,0.0393258426966292,0.9982456140350876,0.7027027027027026,0.7156629611175066,0.7384615384615385
45,0.5,0.92,0.7183098591549295,1.0,0.5263157894736842,0.4582061465525963,0.4582061465525963,0.5,0.2033607190908309,0.9831460674157304,0.8970824812038417,0.0017543859649122,0.9887640449438202,0.7428571428571428,0.8669374104156712,0.9450549450549448
46,0.3,0.98,0.3949579831932773,1.0,0.7894736842105263,0.6570343276718265,0.6570343276718265,0.0,0.999999999999808,0.99438202247191,1.0,0.0017543859649122,1.0,0.7428571428571428,0.7696350896740877,0.8135593220338984
47,0.8,1.0,0.6050420168067228,1.0,0.7368421052631579,0.3439440068749142,0.3439440068749142,1.0,0.5893719806763286,0.9982456140350876,0.9773526836933883,0.0168539325842696,1.0,0.7027027027027026,0.7743884673088212,0.8727272727272726
48,0.3,0.96,0.2542372881355932,0.6666666666666666,0.2631578947368421,0.2437537735496582,0.2437537735496582,0.5,0.0,0.9912280701754386,0.9924329693812816,0.0,0.9964912280701754,0.6666666666666666,0.6809250195076967,0.7027027027027026
49,0.3,0.96,0.2542372881355932,0.6666666666666666,0.2631578947368421,0.2437537735496582,0.2437537735496582,0.0,0.0,0.9912280701754386,0.9924329693812816,0.0,0.9964912280701754,0.6666666666666666,0.6809250195076967,0.7027027027027026
50,0.3,0.96,0.2542372881355932,0.6666666666666666,0.2631578947368421,0.2437537735496582,0.2437537735496582,0.0,0.0,0.9912280701754386,0.9924329693812816,0.0,0.9964912280701754,0.6666666666666666,0.6809250195076967,0.7027027027027026
51,0.5,0.98,0.6050420168067228,1.0,0.631578947368421,0.4228670635314949,0.4228670635314949,0.6666666666666666,0.9999999999999444,0.9982456140350876,1.0,0.0224719101123595,0.9982456140350876,0.7027027027027026,0.8101710885197124,0.9600000000000002
52,0.6,0.98,0.3949579831932773,1.0,0.631578947368421,0.577132936468505,0.577132936468505,0.0,0.999999999999922,0.99438202247191,1.0,0.0052631578947368,0.9887640449438202,0.7027027027027026,0.8101710885197124,0.9600000000000002
53,0.7,0.98,0.6050420168067228,1.0,0.8947368421052632,0.2625217699203754,0.2625217699203754,0.0,0.9999999999998328,0.9982456140350876,1.0,0.0056179775280898,1.0,0.7027027027027026,0.730568600587576,0.7741935483870969
54,0.5,0.98,0.2816901408450704,1.0,0.3684210526315789,0.4590369141111003,0.4590369141111003,1.0,0.6144000000000001,0.9982456140350876,0.9719144298789898,0.0056179775280898,0.9982456140350876,0.7027027027027026,0.8224427937378538,0.979591836734694
55,0.3,1.0,0.3949579831932773,1.0,0.4210526315789473,0.7540061932265802,0.7540061932265802,0.0,0.3379310344827585,0.9662921348314608,0.9850967953075044,0.0,0.9719101123595506,0.7107438016528926,0.7229043683589138,0.7428571428571428
56,0.7,0.92,0.7183098591549295,1.0,0.5263157894736842,0.4586844796616458,0.4586844796616458,0.0,0.2552732760789105,0.9831460674157304,0.9253166609610638,0.0,0.99438202247191,0.7428571428571428,0.856775529286048,0.9247311827956988
57,0.5,0.98,0.3949579831932773,1.0,0.8421052631578947,0.6925156171118494,0.6925156171118494,0.5,0.6620689655172414,0.99438202247191,0.991637608162211,0.0052631578947368,1.0,0.7428571428571428,0.7596273291925464,0.8
58,0.5,0.98,0.3949579831932773,1.0,0.7368421052631579,0.7178482679855943,0.7178482679855943,0.5,0.7966804979253113,0.99438202247191,0.9958069484853672,0.0035087719298245,1.0,0.7027027027027026,0.7465868737055178,0.8135593220338984
59,0.3,0.86,0.2816901408450704,1.0,0.4210526315789473,0.5320988426853771,0.5320988426853771,0.0,0.3790123456790124,0.9947368421052633,0.9145965799823282,0.0,0.9947368421052633,0.7027027027027026,0.7989954879718658,0.8686868686868686
60,0.8,1.0,0.6050420168067228,1.0,0.4736842105263157,0.2621093265680907,0.2621093265680907,0.6666666666666666,0.5,0.9982456140350876,0.9899388601561953,0.0056179775280898,1.0,0.7222222222222222,0.7339000933706815,0.7679999999999999
61,0.7,1.0,0.6050420168067228,1.0,0.6842105263157895,0.2818380785481692,0.2818380785481692,1.0,0.7823529411764706,0.9982456140350876,0.9954067892367364,0.0168539325842696,1.0,0.7027027027027026,0.7483252483252483,0.8205128205128205
62,0.1,0.8200000000000001,0.3949579831932773,1.0,0.631578947368421,0.6916880095945522,0.6916880095945522,0.0,0.3788659793814433,0.9775280898876404,0.97838758855708,0.0,0.9831460674157304,0.7027027027027026,0.7658049353701527,0.8648648648648649
63,0.3,1.0,0.6050420168067228,1.0,0.4736842105263157,0.3783080880476723,0.3783080880476723,0.0,0.3024691358024691,0.9947368421052633,0.962795981503288,0.0056179775280898,0.9947368421052633,0.7027027027027026,0.8104857434754342,0.9896907216494848
64,0.3,0.96,0.3949579831932773,1.0,0.4736842105263157,0.7541674944860703,0.7541674944860703,0.4,0.0,0.9775280898876404,0.9900560194482612,0.0,0.9719101123595506,0.7107438016528926,0.7257015711561166,0.7428571428571428
65,0.6,0.96,0.7457627118644068,0.6666666666666666,0.631578947368421,0.7597751671311685,0.7597751671311685,0.5,0.7109144542772861,0.99438202247191,0.9926783713111692,0.0017543859649122,1.0,0.6880000000000001,0.6948581574275006,0.7027027027027026
66,0.4,0.86,0.2816901408450704,1.0,0.4210526315789473,0.5327098999293914,0.5327098999293914,0.5,0.610337972166998,0.9982456140350876,0.964891501433,0.0056179775280898,0.9964912280701754,0.7222222222222222,0.8148989898989898,0.8686868686868686
67,0.7,0.96,0.7457627118644068,0.6666666666666666,0.631578947368421,0.7581293157736716,0.7581293157736716,0.7777777777777778,0.0,0.99438202247191,1.0,0.0035087719298245,0.99438202247191,0.6991869918699187,0.7070873534288169,0.7272727272727273
68,0.3,0.98,0.2542372881355932,0.6666666666666666,0.4210526315789473,0.2380842467513519,0.2380842467513519,0.0,0.5,0.9964912280701754,0.990205346248506,0.0,1.0,0.6666666666666666,0.6742634283390633,0.6771653543307087
69,0.7,1.0,0.6050420168067228,1.0,0.8947368421052632,0.2790831268360978,0.2790831268360978,0.6666666666666666,0.5663265306122449,0.9982456140350876,0.9895849222682614,0.0112359550561797,1.0,0.7350427350427351,0.7515827606736698,0.7933884297520662
70,0.2,0.96,0.2816901408450704,1.0,0.4210526315789473,0.3331004011891711,0.3331004011891711,0.0,0.3115427848812702,0.987719298245614,0.942855226826758,0.0,0.9947368421052633,0.6842105263157894,0.7990062854426458,0.9896907216494844
71,0.4,0.9,0.2542372881355932,0.6666666666666666,0.631578947368421,0.2417122993334581,0.2417122993334581,0.6666666666666666,0.0,0.9947368421052633,1.0,0.0,1.0,0.6991869918699187,0.7098845562260196,0.7384615384615385
72,0.4,0.9,0.2542372881355932,0.6666666666666666,0.631578947368421,0.2417122993334581,0.2417122993334581,1.0,0.0,0.9929824561403509,1.0,0.0,1.0,0.6991869918699187,0.7098845562260196,0.7384615384615385
73,0.6,0.92,0.7183098591549295,1.0,0.5263157894736842,0.4622942982722008,0.4622942982722008,0.3333333333333333,0.5777504211481146,0.99438202247191,0.9773783613977722,0.0035087719298245,0.9831460674157304,0.7428571428571428,0.8341414599146557,0.8865979381443299
74,0.3,0.88,0.2542372881355932,0.6666666666666666,0.631578947368421,0.2439458558098621,0.2439458558098621,0.2307692307692307,0.0,0.9982456140350876,1.0,0.0168539325842696,1.0,0.6760563380281691,0.6832724373480723,0.7027027027027026
75,0.8,0.88,0.7457627118644068,0.6666666666666666,0.631578947368421,0.7560541441901378,0.7560541441901378,1.0,0.0,0.9831460674157304,1.0,0.0052631578947368,1.0,0.6760563380281691,0.6832724373480723,0.7027027027027026
76,0.8,0.88,0.7457627118644068,0.6666666666666666,0.631578947368421,0.7560541441901378,0.7560541441901378,1.0,0.0,0.9887640449438202,1.0,0.0070175438596491,0.9887640449438202,0.6760563380281691,0.6832724373480723,0.7027027027027026
77,0.7,0.9,0.7457627118644068,0.6666666666666666,0.631578947368421,0.7582877006665418,0.7582877006665418,0.0,0.999999999999808,0.99438202247191,1.0,0.0087719298245614,1.0,0.6991869918699187,0.7098845562260196,0.7384615384615385
78,0.3,0.88,0.2542372881355932,0.6666666666666666,0.631578947368421,0.2439458558098621,0.2439458558098621,0.0,0.0,0.9982456140350876,1.0,0.0,1.0,0.6760563380281691,0.6832724373480723,0.7027027027027026
79,0.3,0.88,0.2542372881355932,0.6666666666666666,0.631578947368421,0.2439458558098621,0.2439458558098621,0.0,0.0,0.9982456140350876,1.0,0.0,0.9929824561403509,0.6760563380281691,0.6832724373480723,0.7027027027027026
80,0.3,0.88,0.2542372881355932,0.6666666666666666,0.631578947368421,0.2439458558098621,0.2439458558098621,0.0,0.0,0.9982456140350876,1.0,0.0,0.9947368421052633,0.6760563380281691,0.6832724373480723,0.7027027027027026
81,0.5,0.98,0.3949579831932773,1.0,0.7894736842105263,0.7413832134893015,0.7413832134893015,0.5,0.5215686274509803,0.99438202247191,0.9868109563049496,0.0,1.0,0.7226890756302521,0.742180774748924,0.7804878048780488
82,0.4,0.9,0.2542372881355932,0.6666666666666666,0.631578947368421,0.2417122993334581,0.2417122993334581,1.0,0.0,0.9947368421052633,1.0,0.0056179775280898,0.9947368421052633,0.6991869918699187,0.7098845562260196,0.7384615384615385
83,0.4,0.9,0.2542372881355932,0.6666666666666666,0.631578947368421,0.2417122993334581,0.2417122993334581,1.0,0.0,0.9947368421052633,1.0,0.0,0.9929824561403509,0.6991869918699187,0.7098845562260196,0.7384615384615385
84,0.4,0.9,0.2542372881355932,0.6666666666666666,0.631578947368421,0.2417122993334581,0.2417122993334581,1.0,0.0,0.9947368421052633,1.0,0.0,0.9929824561403509,0.6991869918699187,0.7098845562260196,0.7384615384615385
85,0.6,0.96,0.3949579831932773,1.0,0.8421052631578947,0.7389335862233216,0.7389335862233216,0.25,0.0,0.9887640449438202,1.0,0.0,1.0,0.7027027027027026,0.7404100439992763,0.8135593220338984
86,0.5,0.96,0.6050420168067228,1.0,0.8421052631578947,0.2610664137766784,0.2610664137766784,0.0,0.999999999999808,0.9982456140350876,1.0,0.0112359550561797,1.0,0.7027027027027026,0.7404100439992763,0.8135593220338984
87,0.4,0.84,0.2542372881355932,0.6666666666666666,0.631578947368421,0.2404988980957347,0.2404988980957347,0.0,0.0,0.9912280701754386,1.0,0.0,1.0,0.6760563380281691,0.6933110473866823,0.7428571428571428
88,0.4,0.84,0.2542372881355932,0.6666666666666666,0.631578947368421,0.2404988980957347,0.2404988980957347,0.0,0.0,0.9929824561403509,1.0,0.0168539325842696,0.9912280701754386,0.6760563380281691,0.6933110473866823,0.7428571428571428
89,0.4,0.84,0.2542372881355932,0.6666666666666666,0.631578947368421,0.2404988980957347,0.2404988980957347,0.0,0.0,0.9912280701754386,1.0,0.0,1.0,0.6760563380281691,0.6933110473866823,0.7428571428571428
90,0.3,0.8200000000000001,0.3949579831932773,1.0,0.631578947368421,0.7203854989343407,0.7203854989343407,0.0,0.3333333333333333,0.9719101123595506,0.9740809309706426,0.0,0.9887640449438202,0.7027027027027026,0.7594132594132594,0.8648648648648649
91,0.7,0.84,0.7457627118644068,0.6666666666666666,0.631578947368421,0.7595011019042652,0.7595011019042652,1.0,0.0,0.99438202247191,1.0,0.0105263157894736,1.0,0.6760563380281691,0.6933110473866823,0.7428571428571428
92,0.4,0.84,0.2542372881355932,0.6666666666666666,0.631578947368421,0.2404988980957347,0.2404988980957347,0.0,0.0,0.9929824561403509,1.0,0.0,0.9912280701754386,0.6760563380281691,0.6933110473866823,0.7428571428571428
93,0.4,0.84,0.2542372881355932,0.6666666666666666,0.631578947368421,0.2404988980957347,0.2404988980957347,0.0,0.0,0.9929824561403509,1.0,0.0,0.9912280701754386,0.6760563380281691,0.6933110473866823,0.7428571428571428
94,0.4,0.84,0.2542372881355932,0.6666666666666666,0.631578947368421,0.2404988980957347,0.2404988980957347,0.0,0.0,0.9929824561403509,1.0,0.0,0.9912280701754386,0.6760563380281691,0.6933110473866823,0.7428571428571428
95,0.0,0.84,0.1076115485564304,0.3333333333333333,0.3157894736842105,0.3100716213879264,0.3100716213879264,0.0,0.4020169216306298,0.9789473684210528,0.9111891289502878,0.0,1.0,0.7804878048780488,0.8303581048042896,0.9629629629629632
96,0.5,0.98,0.6050420168067228,1.0,0.7894736842105263,0.2782474513718965,0.2782474513718965,0.5,0.536231884057971,0.9982456140350876,0.9880748969482483,0.0056179775280898,0.9982456140350876,0.7350427350427351,0.7566254837441279,0.8135593220338984
97,0.4,0.86,0.2816901408450704,1.0,0.4210526315789473,0.5371382618029066,0.5371382618029066,0.0,0.3853083132229341,0.9912280701754386,0.902295543827626,0.0,0.9947368421052633,0.7222222222222222,0.8056727064459024,0.8865979381443299
98,0.5,1.0,0.3949579831932773,1.0,0.7894736842105263,0.6610545808765462,0.6610545808765462,1.0,0.7474226804123711,0.99438202247191,0.9910413393024796,0.0035087719298245,1.0,0.7428571428571428,0.7884674813878353,0.8888888888888888
99,0.6,1.0,0.7457627118644068,0.6666666666666666,0.631578947368421,0.7615435888482297,0.7615435888482297,0.5,0.5647058823529412,0.99438202247191,0.9925048575798916,0.0035087719298245,1.0,0.6991869918699187,0.717125963467427,0.7428571428571428
100,0.5,0.98,0.3949579831932773,1.0,0.8421052631578947,0.7270414225607672,0.7270414225607672,1.0,0.6942221569635122,0.99438202247191,0.9905995522091616,0.0035087719298245,1.0,0.7350427350427351,0.7586978381096028,0.8
101,0.2,0.8200000000000001,0.3949579831932773,1.0,0.631578947368421,0.6953185475334931,0.6953185475334931,0.0,0.3746478873239436,0.9775280898876404,0.9740446285408872,0.0,0.99438202247191,0.7428571428571428,0.7739130434782607,0.8571428571428572
102,0.8,1.0,0.7183098591549295,1.0,0.4210526315789473,0.5193455572197678,0.5193455572197678,0.5,0.5,0.9887640449438202,0.9406013199706672,0.0035087719298245,0.99438202247191,0.7027027027027026,0.7819207966748951,0.8190476190476191
103,0.7,0.98,0.6050420168067228,1.0,0.6842105263157895,0.3379337514804332,0.3379337514804332,0.6666666666666666,0.75,0.9982456140350876,0.9898855781622212,0.0112359550561797,1.0,0.7428571428571428,0.7926603535052358,0.9056603773584908
104,0.3,0.96,0.6050420168067228,1.0,0.631578947368421,0.2476482490265398,0.2476482490265398,0.0,0.0,0.9947368421052633,0.988647552852592,0.0,0.9964912280701754,0.7027027027027026,0.731047576502122,0.8
105,0.3,0.96,0.6050420168067228,1.0,0.631578947368421,0.2476482490265398,0.2476482490265398,0.0,0.0,0.9947368421052633,0.988647552852592,0.0,0.9982456140350876,0.7027027027027026,0.731047576502122,0.8
106,0.5,0.96,0.2816901408450704,1.0,0.4210526315789473,0.5371512649833212,0.5371512649833212,1.0,0.7666583121486626,0.9982456140350876,0.9767956076510048,0.0168539325842696,1.0,0.787878787878788,0.8471652177659998,0.8865979381443299
107,0.1,0.84,0.2816901408450704,1.0,0.3684210526315789,0.2862045933422199,0.2862045933422199,0.0,0.4899075010298468,0.9964912280701754,0.9596920008404282,0.0,1.0,0.6666666666666666,0.769151138716356,0.9142857142857144
108,0.4,0.96,0.6050420168067228,1.0,0.631578947368421,0.2470798665774636,0.2470798665774636,0.3333333333333333,0.5,0.9964912280701754,0.9942913729830488,0.0056179775280898,0.9964912280701754,0.7107438016528926,0.7359274563820017,0.8
109,0.4,0.98,0.2542372881355932,0.6666666666666666,0.5789473684210527,0.240084200484115,0.240084200484115,0.5,0.0,0.9964912280701754,0.9919480196480756,0.0,0.9982456140350876,0.6880000000000001,0.7014938574938576,0.7272727272727273
110,0.2,0.84,0.2816901408450704,1.0,0.3684210526315789,0.3668151143592921,0.3668151143592921,0.5,0.5742256517506221,0.9982456140350876,0.9619030411749144,0.0,0.9964912280701754,0.7027027027027026,0.7812448812448813,0.8727272727272728
111,0.7,0.98,0.3949579831932773,1.0,0.8421052631578947,0.7551955040695564,0.7551955040695564,0.0,0.999999999999872,0.99438202247191,1.0,0.0017543859649122,1.0,0.7107438016528926,0.7362081377602441,0.7804878048780488
112,0.3,0.98,0.6050420168067228,1.0,0.6842105263157895,0.3344818102123716,0.3344818102123716,0.3333333333333333,0.6049382716049383,0.9982456140350876,0.9795638916057764,0.0056179775280898,0.9929824561403509,0.7428571428571428,0.8062452591656131,0.9600000000000002
113,0.4,0.98,0.6050420168067228,1.0,0.8421052631578947,0.2448044959304436,0.2448044959304436,1.0,0.9999999999999106,0.9982456140350876,1.0,0.0056179775280898,1.0,0.7107438016528926,0.7362081377602441,0.7804878048780488
114,0.3,0.8200000000000001,0.3949579831932773,1.0,0.631578947368421,0.6981331322767632,0.6981331322767632,0.5,0.5397175068031619,0.99438202247191,0.9825978747066576,0.0,0.9887640449438202,0.7428571428571428,0.7860424235321691,0.9056603773584908
115,0.3,0.9,0.2816901408450704,1.0,0.3157894736842105,0.4397324192615437,0.4397324192615437,0.6666666666666666,0.5540266666666667,0.9982456140350876,0.9523268365361226,0.0112359550561797,0.9894736842105264,0.7027027027027026,0.7650448345541803,0.8037383177570093
116,0.4,0.74,0.1076115485564304,0.3333333333333333,0.4210526315789473,0.5420906298817527,0.5420906298817527,0.0,0.389700308854974,0.9929824561403509,0.8363805664577887,0.0,1.0,0.8727272727272728,0.9334707427404056,0.9662921348314606
117,0.6,0.8200000000000001,0.3949579831932773,1.0,0.631578947368421,0.7259565838875466,0.7259565838875466,1.0,0.5697466827503015,0.99438202247191,0.977693446871529,0.0,1.0,0.7027027027027026,0.7831970431970432,0.9600000000000002
118,0.2,0.98,0.2816901408450704,1.0,0.3684210526315789,0.4104026901557562,0.4104026901557562,1.0,0.7602486114784448,0.9982456140350876,0.9822380860631512,0.0056179775280898,1.0,0.7428571428571428,0.804508763978883,0.8971962616822431
119,0.2,0.96,0.2816901408450704,1.0,0.4210526315789473,0.264672980668458,0.264672980668458,0.5,0.6804511278195489,0.9982456140350876,0.9879728906356032,0.0056179775280898,0.9982456140350876,0.6842105263157894,0.771583707838179,0.9320388349514562
120,0.8,1.0,0.7183098591549295,1.0,0.4736842105263157,0.6021445102570466,0.6021445102570466,1.0,0.750917290934108,0.99438202247191,0.9790788531731636,0.0175438596491228,1.0,0.7027027027027026,0.7621710885197123,0.7889908256880733
121,0.9,1.0,0.7457627118644068,0.6666666666666666,0.631578947368421,0.7600728746585019,0.7600728746585019,0.8333333333333334,0.5647058823529412,0.99438202247191,0.99248581505904,0.0087719298245614,1.0,0.6880000000000001,0.7042910602910604,0.7384615384615385
122,0.7,1.0,0.3949579831932773,1.0,0.8421052631578947,0.7558550364863019,0.7558550364863019,0.75,0.6981132075471699,0.99438202247191,0.9948298601951991,0.0070175438596491,1.0,0.7107438016528926,0.7410861865407319,0.8
123,0.7,0.98,0.3949579831932773,1.0,0.4210526315789473,0.7439708529109861,0.7439708529109861,0.0,0.3934426229508196,0.9887640449438202,0.9825638288408504,0.0017543859649122,1.0,0.7027027027027026,0.7655916420622303,0.9142857142857144
124,0.7,1.0,0.3949579831932773,1.0,0.6842105263157895,0.7544242599746415,0.7544242599746415,0.5,0.7218045112781954,0.99438202247191,0.9958562367864694,0.0035087719298245,1.0,0.7027027027027026,0.7434369570330954,0.8495575221238937
125,0.3,0.9,0.2542372881355932,0.6666666666666666,0.4210526315789473,0.240055611115895,0.240055611115895,0.4,0.0,0.9964912280701754,0.9888389043904106,0.0,0.9964912280701754,0.6991869918699187,0.725269171610635,0.8
126,0.5,0.96,0.6050420168067228,1.0,0.6842105263157895,0.2452221362552811,0.2452221362552811,0.5,0.7218045112781954,0.9982456140350876,0.9954658677123764,0.0056179775280898,0.9982456140350876,0.7027027027027026,0.7453332907878363,0.8571428571428572
127,0.7,0.8200000000000001,0.3949579831932773,1.0,0.631578947368421,0.7015516898777612,0.7015516898777612,0.5,0.3379310344827585,0.9887640449438202,0.9821214653150389,0.0017543859649122,0.99438202247191,0.7428571428571428,0.7996273291925464,0.9600000000000002
128,0.3,0.9,0.2542372881355932,0.6666666666666666,0.4210526315789473,0.240055611115895,0.240055611115895,1.0,0.0,0.9964912280701754,0.9888389043904106,0.0056179775280898,0.9964912280701754,0.6991869918699187,0.725269171610635,0.8
129,0.7,0.8200000000000001,0.3949579831932773,1.0,0.631578947368421,0.7028239650885382,0.7028239650885382,0.5,0.3775510204081632,0.9887640449438202,0.9848166980763076,0.0105263157894736,0.99438202247191,0.7428571428571428,0.8045252883762198,0.9795918367346936
130,0.6,0.98,0.7457627118644068,0.6666666666666666,0.6842105263157895,0.7558296330345247,0.7558296330345247,0.5555555555555556,0.999999999999616,0.99438202247191,1.0,0.0017543859649122,1.0,0.6771653543307087,0.6907289410763242,0.7058823529411765
131,0.4,1.0,0.6050420168067228,1.0,0.7894736842105263,0.2436330731244114,0.2436330731244114,1.0,0.6224489795918366,0.9982456140350876,0.991127315437884,0.0,1.0,0.7107438016528926,0.7444760170492065,0.8135593220338984
132,0.1,0.9,0.2816901408450704,1.0,0.3157894736842105,0.426761894408495,0.426761894408495,0.0,0.1308993766696349,0.9824561403508772,0.8735401542927781,0.0,0.9929824561403509,0.6808510638297872,0.7477576005116271,0.8037383177570093
133,0.5,0.98,0.2542372881355932,0.6666666666666666,0.6842105263157895,0.2441703669654753,0.2441703669654753,0.0,0.999999999999616,0.9982456140350876,1.0,0.0056179775280898,1.0,0.6771653543307087,0.6907289410763242,0.7058823529411765
134,0.6,0.96,0.6050420168067228,1.0,0.8421052631578947,0.2550135700337472,0.2550135700337472,1.0,0.0,0.9982456140350876,1.0,0.0112359550561797,0.9982456140350876,0.7226890756302521,0.7632750397456279,0.8648648648648649
135,0.2,0.9,0.2816901408450704,1.0,0.3157894736842105,0.3876080182649384,0.3876080182649384,0.0,0.4198399999999999,0.9947368421052633,0.9386038846203052,0.0,0.9859649122807016,0.7027027027027026,0.7492755661316526,0.7889908256880733
136,0.2,0.78,0.2542372881355932,0.6666666666666666,0.2105263157894736,0.2395838530378295,0.2395838530378295,0.5,0.3999999999999999,0.9929824561403509,0.9876739058013548,0.0,0.9912280701754386,0.6880000000000001,0.7086520536284316,0.7559055118110237
137,0.5,0.96,0.6050420168067228,1.0,0.6842105263157895,0.244076480193515,0.244076480193515,0.0,0.3648068669527897,0.9947368421052633,0.9816133685921246,0.0,0.9982456140350876,0.7027027027027026,0.7512310627406541,0.8807339449541286
138,0.1,0.9,0.2816901408450704,1.0,0.3157894736842105,0.4232922132650831,0.4232922132650831,0.0,0.1410565626701937,0.987719298245614,0.8861855670103093,0.0,0.9929824561403509,0.6666666666666666,0.7442115012208469,0.8037383177570093
139,0.5,0.84,0.1076115485564304,0.3333333333333333,0.3157894736842105,0.2012220529859519,0.2012220529859519,0.0,0.2747933884297521,0.9947368421052633,0.960620221775994,0.0,0.9982456140350876,0.7107438016528926,0.7610149454458689,0.8666666666666667
140,0.4,0.88,0.2542372881355932,0.6666666666666666,0.631578947368421,0.2441564068582127,0.2441564068582127,0.3333333333333333,0.0,0.9947368421052633,1.0,0.0,0.9912280701754386,0.6771653543307087,0.6920361306188079,0.7111111111111111
141,0.2,0.84,0.2816901408450704,1.0,0.3684210526315789,0.3142031225819031,0.3142031225819031,0.0,0.0722713864306785,0.987719298245614,0.9221430483072394,0.0,0.9912280701754386,0.7027027027027026,0.756206649127003,0.8
142,0.0,0.96,0.2816901408450704,1.0,0.4210526315789473,0.4995359543961064,0.4995359543961064,0.0,0.0678944633681657,0.9789473684210528,0.8831748650486982,0.0,0.9894736842105264,0.7272727272727273,0.790470380561757,0.8349514563106797
143,0.3,0.96,0.2542372881355932,0.6666666666666666,0.631578947368421,0.2365441868783648,0.2365441868783648,0.5,0.0,0.9964912280701754,1.0,0.0056179775280898,0.9964912280701754,0.6880000000000001,0.7143296703296703,0.7428571428571428
144,0.3,0.96,0.2542372881355932,0.6666666666666666,0.631578947368421,0.2365441868783648,0.2365441868783648,1.0,0.0,0.9964912280701754,1.0,0.0,0.9964912280701754,0.6880000000000001,0.7143296703296703,0.7428571428571428
145,0.6,0.98,0.7457627118644068,0.6666666666666666,0.6842105263157895,0.7592807922470779,0.7592807922470779,0.0,0.9999999999998932,0.99438202247191,1.0,0.0052631578947368,1.0,0.6771653543307087,0.6994794446314648,0.7428571428571428
146,0.8,0.96,0.7457627118644068,0.6666666666666666,0.631578947368421,0.7634558131216351,0.7634558131216351,0.0,0.999999999999852,0.99438202247191,1.0,0.0052631578947368,1.0,0.6880000000000001,0.7143296703296703,0.7428571428571428
147,0.3,1.0,0.2542372881355932,0.6666666666666666,0.4736842105263157,0.2246370731585136,0.2246370731585136,0.0,0.4585987261146497,0.9929824561403509,0.9816100175731404,0.0,0.9982456140350876,0.6880000000000001,0.7227878787878788,0.787878787878788
148,0.4,0.88,0.2542372881355932,0.6666666666666666,0.631578947368421,0.2441564068582127,0.2441564068582127,1.0,0.0,0.9947368421052633,1.0,0.0112359550561797,0.9947368421052633,0.6771653543307087,0.6920361306188079,0.7111111111111111
149,0.7,0.88,0.7457627118644068,0.6666666666666666,0.631578947368421,0.7558435931417873,0.7558435931417873,0.0,0.0,0.99438202247191,1.0,0.0070175438596491,1.0,0.6771653543307087,0.6920361306188079,0.7111111111111111
150,0.4,0.88,0.2542372881355932,0.6666666666666666,0.631578947368421,0.2441564068582127,0.2441564068582127,1.0,0.0,0.9929824561403509,1.0,0.0,1.0,0.6771653543307087,0.6920361306188079,0.7111111111111111
151,1.0,1.0,0.7183098591549295,1.0,0.4210526315789473,0.7341478715650218,0.7341478715650218,1.0,0.8393194706994329,0.99438202247191,0.9889812482803868,0.0175438596491228,1.0,0.7027027027027026,0.773966273966274,0.9230769230769232
152,0.5,1.0,0.6050420168067228,1.0,0.5789473684210527,0.2533345434870885,0.2533345434870885,1.0,0.8,0.9982456140350876,0.9952492381224404,0.0056179775280898,1.0,0.7226890756302521,0.7713578889499724,0.8971962616822429
153,0.4,0.98,0.2816901408450704,1.0,0.4736842105263157,0.3953058278569976,0.3953058278569976,0.5,0.5445205479452055,0.9982456140350876,0.9763358944937472,0.0056179775280898,0.9947368421052633,0.7428571428571428,0.7737580856550965,0.7889908256880733
154,0.7,0.36,0.7457627118644068,0.6666666666666666,0.2631578947368421,0.746286456867346,0.746286456867346,0.5,0.0,0.99438202247191,1.0,0.0,1.0,0.6666666666666666,0.6756756756756755,0.7027027027027026
155,0.3,0.36,0.2542372881355932,0.6666666666666666,0.2631578947368421,0.253713543132654,0.253713543132654,1.0,0.0,0.9947368421052633,1.0,0.0,1.0,0.6666666666666666,0.6756756756756755,0.7027027027027026
156,0.3,0.36,0.2542372881355932,0.6666666666666666,0.2631578947368421,0.253713543132654,0.253713543132654,1.0,0.0,0.9947368421052633,1.0,0.0,1.0,0.6666666666666666,0.6756756756756755,0.7027027027027026
157,0.3,0.36,0.2542372881355932,0.6666666666666666,0.2631578947368421,0.253713543132654,0.253713543132654,1.0,0.0,0.9929824561403509,1.0,0.0,1.0,0.6666666666666666,0.6756756756756755,0.7027027027027026
158,0.3,0.36,0.2542372881355932,0.6666666666666666,0.2631578947368421,0.253713543132654,0.253713543132654,1.0,0.0,0.9947368421052633,1.0,0.0,1.0,0.6666666666666666,0.6756756756756755,0.7027027027027026
159,0.0,0.36,0.2542372881355932,0.6666666666666666,0.2631578947368421,0.253713543132654,0.253713543132654,1.0,0.0,0.980701754385965,1.0,0.0,1.0,0.6666666666666666,0.6756756756756755,0.7027027027027026
160,0.1,0.36,0.2542372881355932,0.6666666666666666,0.2631578947368421,0.253713543132654,0.253713543132654,1.0,0.0,0.9824561403508772,1.0,0.0,1.0,0.6666666666666666,0.6756756756756755,0.7027027027027026
161,0.0,0.36,0.2542372881355932,0.6666666666666666,0.2631578947368421,0.253713543132654,0.253713543132654,1.0,0.0,0.980701754385965,1.0,0.0,0.9964912280701754,0.6666666666666666,0.6756756756756755,0.7027027027027026
162,0.0,0.36,0.2542372881355932,0.6666666666666666,0.2631578947368421,0.253713543132654,0.253713543132654,1.0,0.0,0.980701754385965,1.0,0.0,0.9771929824561404,0.6666666666666666,0.6756756756756755,0.7027027027027026
163,0.1,0.36,0.2542372881355932,0.6666666666666666,0.2631578947368421,0.253713543132654,0.253713543132654,1.0,0.0,0.9824561403508772,1.0,0.0337078651685393,0.9596491228070176,0.6666666666666666,0.6756756756756755,0.7027027027027026
164,1.0,0.36,0.7457627118644068,0.6666666666666666,0.2631578947368421,0.746286456867346,0.746286456867346,0.0,0.0,0.99438202247191,1.0,0.0228070175438596,1.0,0.6666666666666666,0.6756756756756755,0.7027027027027026
165,1.0,0.36,0.7457627118644068,0.6666666666666666,0.2631578947368421,0.746286456867346,0.746286456867346,0.0,0.0,0.99438202247191,1.0,0.0,1.0,0.6666666666666666,0.6756756756756755,0.7027027027027026
166,1.0,0.36,0.7457627118644068,0.6666666666666666,0.2631578947368421,0.746286456867346,0.746286456867346,0.0,0.0,0.99438202247191,1.0,0.0245614035087719,1.0,0.6666666666666666,0.6756756756756755,0.7027027027027026
167,0.1,0.36,0.2542372881355932,0.6666666666666666,0.2631578947368421,0.253713543132654,0.253713543132654,1.0,0.0,0.9824561403508772,1.0,0.0,0.9771929824561404,0.6666666666666666,0.6756756756756755,0.7027027027027026
168,0.1,0.36,0.2542372881355932,0.6666666666666666,0.2631578947368421,0.253713543132654,0.253713543132654,1.0,0.0,0.9824561403508772,1.0,0.0,0.9771929824561404,0.6666666666666666,0.6756756756756755,0.7027027027027026
169,0.1,0.36,0.2542372881355932,0.6666666666666666,0.2631578947368421,0.253713543132654,0.253713543132654,1.0,0.0,0.9824561403508772,1.0,0.0,0.9771929824561404,0.6666666666666666,0.6756756756756755,0.7027027027027026
170,0.1,0.36,0.2542372881355932,0.6666666666666666,0.2631578947368421,0.253713543132654,0.253713543132654,1.0,0.0,0.9824561403508772,1.0,0.0,0.9771929824561404,0.6666666666666666,0.6756756756756755,0.7027027027027026
171,0.1,0.36,0.2542372881355932,0.6666666666666666,0.2631578947368421,0.253713543132654,0.253713543132654,1.0,0.0,0.9824561403508772,1.0,0.0,0.9771929824561404,0.6666666666666666,0.6756756756756755,0.7027027027027026
172,0.1,0.36,0.2542372881355932,0.6666666666666666,0.2631578947368421,0.253713543132654,0.253713543132654,1.0,0.0,0.9824561403508772,1.0,0.0,0.9771929824561404,0.6666666666666666,0.6756756756756755,0.7027027027027026
173,0.1,0.36,0.2542372881355932,0.6666666666666666,0.2631578947368421,0.253713543132654,0.253713543132654,1.0,0.0,0.9824561403508772,1.0,0.0056179775280898,0.9771929824561404,0.6666666666666666,0.6756756756756755,0.7027027027027026
174,0.1,0.36,0.2542372881355932,0.6666666666666666,0.2631578947368421,0.253713543132654,0.253713543132654,1.0,0.0,0.9824561403508772,1.0,0.0,0.9771929824561404,0.6666666666666666,0.6756756756756755,0.7027027027027026
175,0.1,0.36,0.2542372881355932,0.6666666666666666,0.2631578947368421,0.253713543132654,0.253713543132654,1.0,0.0,0.9824561403508772,1.0,0.0,0.9771929824561404,0.6666666666666666,0.6756756756756755,0.7027027027027026
176,0.2,0.74,0.1076115485564304,0.3333333333333333,0.4210526315789473,0.2823858548118041,0.2823858548118041,0.0,0.3234655733751356,0.987719298245614,0.9404599878489772,0.0,0.9912280701754386,0.7747747747747747,0.8357464607464608,0.9285714285714286
177,0.8,0.98,0.8923884514435696,0.3333333333333333,0.631578947368421,0.8273440087044651,0.8273440087044651,0.6666666666666666,0.751269035532995,0.99438202247191,0.9952639654623876,0.0035087719298245,1.0,0.6991869918699187,0.7663517376932012,0.9285714285714286
178,0.6,1.0,0.3949579831932773,1.0,0.7368421052631579,0.7578963286659172,0.7578963286659172,0.5,0.6666666666666667,0.99438202247191,0.9959003140906636,0.0,1.0,0.7107438016528926,0.7534755670717054,0.8495575221238937
179,0.7,0.98,0.3949579831932773,1.0,0.4210526315789473,0.7475921924217788,0.7475921924217788,0.6666666666666666,0.5647058823529412,0.99438202247191,0.9913794128205676,0.0070175438596491,0.99438202247191,0.7226890756302521,0.7756302521008402,0.9142857142857144
180,0.2,0.78,0.2542372881355932,0.6666666666666666,0.2105263157894736,0.2391119703271249,0.2391119703271249,0.0,0.0,0.9842105263157894,0.9767266302601992,0.0,0.9859649122807016,0.6880000000000001,0.71322406277245,0.7741935483870969
181,0.7,0.98,0.7457627118644068,0.6666666666666666,0.631578947368421,0.7633294203803102,0.7633294203803102,1.0,0.999999999999902,0.99438202247191,1.0,0.0070175438596491,0.99438202247191,0.6991869918699187,0.735307781649245,0.8
182,0.2,1.0,0.1076115485564304,0.3333333333333333,0.631578947368421,0.1841996217117754,0.1841996217117754,1.0,0.827325453344101,0.9982456140350876,0.9947923355223828,0.0056179775280898,0.9982456140350876,0.6991869918699187,0.7583468115848268,0.896551724137931
183,0.5,0.9,0.2542372881355932,0.6666666666666666,0.4210526315789473,0.2373556228636477,0.2373556228636477,0.5,0.0,0.9964912280701754,0.9839144804231552,0.0,0.9982456140350876,0.6991869918699187,0.7414853878268512,0.8648648648648649
184,0.0,0.9,0.2816901408450704,1.0,0.3157894736842105,0.4311394953196436,0.4311394953196436,0.0,0.2752596181101348,0.980701754385965,0.8951209325567,0.0,0.9859649122807016,0.7164179104477613,0.7666879222047307,0.8037383177570093
185,0.1,0.96,0.1076115485564304,0.3333333333333333,0.4736842105263157,0.1830548350130354,0.1830548350130354,0.0,0.1,0.9859649122807016,0.948640307459384,0.0,0.9894736842105264,0.7478260869565216,0.8239130434782609,1.0
186,0.2,0.74,0.1076115485564304,0.3333333333333333,0.4210526315789473,0.2440554429439344,0.2440554429439344,0.0,0.3027924377045895,0.9912280701754386,0.9461554534596662,0.0,0.9929824561403509,0.7610619469026548,0.825063211125158,0.9285714285714286
187,0.5,1.0,0.6050420168067228,1.0,0.6842105263157895,0.2417554734718157,0.2417554734718157,1.0,0.7218045112781954,0.9982456140350876,0.9954423417263294,0.0112359550561797,1.0,0.7107438016528926,0.7553719008264462,0.8571428571428572
188,0.4,0.98,0.2542372881355932,0.6666666666666666,0.631578947368421,0.2366705796196898,0.2366705796196898,0.0,0.999999999999852,0.9982456140350876,1.0,0.0056179775280898,1.0,0.6991869918699187,0.735307781649245,0.8
189,0.4,0.92,0.1076115485564304,0.3333333333333333,0.5263157894736842,0.5142093904258621,0.5142093904258621,0.0,0.4864981533886517,0.9964912280701754,0.9176863608929484,0.0,0.9964912280701754,0.7804878048780488,0.8305419448317766,0.8514851485148516
190,0.7,1.0,0.3949579831932773,1.0,0.631578947368421,0.7586066723691818,0.7586066723691818,1.0,0.6666666666666667,0.99438202247191,0.9958664213423072,0.0052631578947368,1.0,0.7107438016528926,0.7573024027569482,0.8648648648648649
191,0.3,0.72,0.2816901408450704,1.0,0.3157894736842105,0.2664234890109727,0.2664234890109727,0.0,0.0,0.987719298245614,0.9590938880182364,0.0,0.9929824561403509,0.7350427350427351,0.7981336124193268,0.979591836734694
192,0.3,0.72,0.2816901408450704,1.0,0.3157894736842105,0.2664234890109727,0.2664234890109727,0.0,0.0,0.987719298245614,0.9590938880182364,0.0,0.9929824561403509,0.7350427350427351,0.7981336124193268,0.979591836734694
193,0.5,0.9,0.2542372881355932,0.6666666666666666,0.4210526315789473,0.2373556228636477,0.2373556228636477,1.0,0.0,0.9964912280701754,0.9839144804231552,0.0056179775280898,0.9982456140350876,0.6991869918699187,0.7414853878268512,0.8648648648648649
194,0.4,0.74,0.1076115485564304,0.3333333333333333,0.4210526315789473,0.3281051624226336,0.3281051624226336,0.0,0.294234592445328,0.9929824561403509,0.951291973746108,0.0,0.9929824561403509,0.7889908256880733,0.8574075007561245,0.9285714285714286
195,0.3,0.92,0.2542372881355932,0.6666666666666666,0.4210526315789473,0.2440264603087418,0.2440264603087418,0.0,0.0,0.9912280701754386,0.9881096041344212,0.0,0.9912280701754386,0.6771653543307087,0.6960765346592119,0.7272727272727273
196,0.8,1.0,0.3949579831932773,1.0,0.4736842105263157,0.7606362944473222,0.7606362944473222,1.0,0.7108439080663769,0.99438202247191,0.9841875271447046,0.0035087719298245,1.0,0.7027027027027026,0.7734718189263644,0.9696969696969696
197,0.5,0.98,0.8923884514435696,0.3333333333333333,0.3684210526315789,0.7521347621753072,0.7521347621753072,1.0,0.7089041095890412,0.99438202247191,0.9901678894837728,0.0087719298245614,1.0,0.7478260869565216,0.8128019323671497,0.8888888888888888
198,0.3,0.92,0.6050420168067228,1.0,0.4210526315789473,0.2492869416546761,0.2492869416546761,0.0,0.1428571428571429,0.987719298245614,0.9703692808054064,0.0,0.9947368421052633,0.7226890756302521,0.7894830659536541,0.9696969696969696
199,0.1,0.74,0.1076115485564304,0.3333333333333333,0.6842105263157895,0.19674862808095,0.19674862808095,0.0,0.3132288885766474,0.9824561403508772,0.9522112472593146,0.0,0.9859649122807016,0.7350427350427351,0.8047924297924298,0.9285714285714286
200,0.2,0.88,0.1076115485564304,0.3333333333333333,0.4736842105263157,0.2772498097411784,0.2772498097411784,0.0,0.399703946332399,0.9859649122807016,0.9472304280536998,0.0,1.0,0.7610619469026548,0.8348214024942316,0.9504950495049505
201,0.0,0.72,0.2816901408450704,1.0,0.3157894736842105,0.2463078727233433,0.2463078727233433,0.0,0.2626538987688098,0.9719298245614036,0.9443016975093144,0.0,0.987719298245614,0.7226890756302521,0.7919567827130852,0.979591836734694
202,0.1,0.72,0.2816901408450704,1.0,0.3157894736842105,0.2621092262857706,0.2621092262857706,0.25,0.0,0.9964912280701754,0.98616763508904,0.0,0.9824561403508772,0.7350427350427351,0.7840048840048841,0.9230769230769232
203,0.6,1.0,0.7457627118644068,0.6666666666666666,0.4736842105263157,0.7716074863002227,0.7716074863002227,1.0,0.5414012738853502,0.99438202247191,0.9861138171062188,0.0017543859649122,1.0,0.6771653543307087,0.7133301519128291,0.787878787878788
204,0.1,0.72,0.2816901408450704,1.0,0.3157894736842105,0.2621092262857706,0.2621092262857706,1.0,0.0,0.9964912280701754,0.98616763508904,0.0,0.9824561403508772,0.7350427350427351,0.7840048840048841,0.9230769230769232
205,0.3,0.74,0.1076115485564304,0.3333333333333333,0.4210526315789473,0.242159016613618,0.242159016613618,0.0,0.2848837209302326,0.9929824561403509,0.9688104218834196,0.0,0.987719298245614,0.7610619469026548,0.8348960528164068,0.9285714285714286
206,0.1,0.74,0.1076115485564304,0.3333333333333333,0.4210526315789473,0.1841436033973996,0.1841436033973996,0.0,0.0925047196285525,0.9842105263157894,0.957818695808906,0.0,0.9894736842105264,0.7226890756302521,0.7934873949579833,0.9285714285714286
207,0.4,0.92,0.2542372881355932,0.6666666666666666,0.4210526315789473,0.2438665320365542,0.2438665320365542,0.0,0.3379310344827585,0.9947368421052633,0.9843455956562552,0.0,0.9912280701754386,0.6771653543307087,0.6988737374564147,0.7384615384615385
208,0.0,0.84,0.2816901408450704,1.0,0.3684210526315789,0.2498428381730298,0.2498428381730298,0.0,0.0565819861431871,0.980701754385965,0.9023301949583524,0.0,0.987719298245614,0.7027027027027026,0.739918354672453,0.7868852459016392
209,0.1,0.74,0.1076115485564304,0.3333333333333333,0.4210526315789473,0.1839844572019637,0.1839844572019637,0.0,0.1019341054762172,0.9842105263157894,0.9619548259706604,0.0,0.9894736842105264,0.7226890756302521,0.7951680672268907,0.9285714285714286
210,0.3,0.96,0.1076115485564304,0.3333333333333333,0.2631578947368421,0.1717525239713765,0.1717525239713765,0.25,0.3333333333333333,0.9964912280701754,0.9921975193878516,0.0,0.9964912280701754,0.6880000000000001,0.757961038961039,0.9285714285714286
211,0.4,0.3199999999999999,0.2542372881355932,0.6666666666666666,0.3157894736842105,0.2503207922575892,0.2503207922575892,1.0,0.0,0.9964912280701754,1.0,0.0,1.0,0.6666666666666666,0.6880617035546612,0.7428571428571428
212,0.4,0.3199999999999999,0.2542372881355932,0.6666666666666666,0.3157894736842105,0.2503207922575892,0.2503207922575892,1.0,0.0,0.9964912280701754,1.0,0.0,1.0,0.6666666666666666,0.6880617035546612,0.7428571428571428
213,0.4,0.3199999999999999,0.2542372881355932,0.6666666666666666,0.3157894736842105,0.2503207922575892,0.2503207922575892,1.0,0.0,0.9982456140350876,1.0,0.0,1.0,0.6666666666666666,0.6880617035546612,0.7428571428571428
214,0.4,0.3199999999999999,0.2542372881355932,0.6666666666666666,0.3157894736842105,0.2503207922575892,0.2503207922575892,1.0,0.0,0.9982456140350876,1.0,0.0449438202247191,0.9596491228070176,0.6666666666666666,0.6880617035546612,0.7428571428571428
215,0.4,0.3199999999999999,0.2542372881355932,0.6666666666666666,0.3157894736842105,0.2503207922575892,0.2503207922575892,1.0,0.0,0.9964912280701754,1.0,0.0,1.0,0.6666666666666666,0.6880617035546612,0.7428571428571428
216,0.6,0.3199999999999999,0.7457627118644068,0.6666666666666666,0.3157894736842105,0.7496792077424108,0.7496792077424108,0.0,0.0,0.99438202247191,1.0,0.0,1.0,0.6666666666666666,0.6880617035546612,0.7428571428571428
217,0.4,0.3199999999999999,0.2542372881355932,0.6666666666666666,0.3157894736842105,0.2503207922575892,0.2503207922575892,1.0,0.0,0.9964912280701754,1.0,0.0,1.0,0.6666666666666666,0.6880617035546612,0.7428571428571428
218,0.4,0.3199999999999999,0.2542372881355932,0.6666666666666666,0.3157894736842105,0.2503207922575892,0.2503207922575892,1.0,0.0,0.9964912280701754,1.0,0.0,1.0,0.6666666666666666,0.6880617035546612,0.7428571428571428
219,0.4,0.3199999999999999,0.2542372881355932,0.6666666666666666,0.3157894736842105,0.2503207922575892,0.2503207922575892,1.0,0.0,0.9964912280701754,1.0,0.0,1.0,0.6666666666666666,0.6880617035546612,0.7428571428571428
220,0.4,0.3199999999999999,0.2542372881355932,0.6666666666666666,0.3157894736842105,0.2503207922575892,0.2503207922575892,1.0,0.0,0.9964912280701754,1.0,0.0,1.0,0.6666666666666666,0.6880617035546612,0.7428571428571428
221,0.4,0.3199999999999999,0.2542372881355932,0.6666666666666666,0.3157894736842105,0.2503207922575892,0.2503207922575892,1.0,0.0,0.9964912280701754,1.0,0.0,1.0,0.6666666666666666,0.6880617035546612,0.7428571428571428
222,0.7,0.3199999999999999,0.7457627118644068,0.6666666666666666,0.3157894736842105,0.7496792077424108,0.7496792077424108,0.0,0.0,0.99438202247191,1.0,0.0,1.0,0.6666666666666666,0.6880617035546612,0.7428571428571428
223,0.7,0.3199999999999999,0.7457627118644068,0.6666666666666666,0.3157894736842105,0.7496792077424108,0.7496792077424108,0.0,0.0,0.99438202247191,1.0,0.0,1.0,0.6666666666666666,0.6880617035546612,0.7428571428571428
224,0.4,0.3199999999999999,0.2542372881355932,0.6666666666666666,0.3157894736842105,0.2503207922575892,0.2503207922575892,1.0,0.0,0.9964912280701754,1.0,0.0,1.0,0.6666666666666666,0.6880617035546612,0.7428571428571428
225,0.7,0.3199999999999999,0.7457627118644068,0.6666666666666666,0.3157894736842105,0.7496792077424108,0.7496792077424108,0.0,0.0,0.99438202247191,1.0,0.0052631578947368,1.0,0.6666666666666666,0.6880617035546612,0.7428571428571428
226,0.7,0.3199999999999999,0.7457627118644068,0.6666666666666666,0.3157894736842105,0.7496792077424108,0.7496792077424108,0.0,0.0,0.99438202247191,1.0,0.0421052631578947,1.0,0.6666666666666666,0.6880617035546612,0.7428571428571428
227,0.4,0.3199999999999999,0.2542372881355932,0.6666666666666666,0.3157894736842105,0.2503207922575892,0.2503207922575892,1.0,0.0,0.9964912280701754,1.0,0.0,1.0,0.6666666666666666,0.6880617035546612,0.7428571428571428
228,0.2,0.78,0.2542372881355932,0.6666666666666666,0.2105263157894736,0.2353631238827295,0.2353631238827295,0.5,0.7218045112781954,0.9982456140350876,0.995784995233999,0.0056179775280898,0.987719298245614,0.6880000000000001,0.7264355971896955,0.7868852459016392
229,0.4,0.3199999999999999,0.2542372881355932,0.6666666666666666,0.3157894736842105,0.2503207922575892,0.2503207922575892,1.0,0.0,0.9982456140350876,1.0,0.0,1.0,0.6666666666666666,0.6880617035546612,0.7428571428571428
230,0.3,0.3199999999999999,0.2542372881355932,0.6666666666666666,0.3157894736842105,0.2503207922575892,0.2503207922575892,1.0,0.0,0.9964912280701754,1.0,0.0,1.0,0.6666666666666666,0.6880617035546612,0.7428571428571428
231,0.3,0.3199999999999999,0.2542372881355932,0.6666666666666666,0.3157894736842105,0.2503207922575892,0.2503207922575892,1.0,0.0,0.9964912280701754,1.0,0.0,1.0,0.6666666666666666,0.6880617035546612,0.7428571428571428
232,0.7,0.3199999999999999,0.7457627118644068,0.6666666666666666,0.3157894736842105,0.7496792077424108,0.7496792077424108,0.0,0.0,0.99438202247191,1.0,0.0,1.0,0.6666666666666666,0.6880617035546612,0.7428571428571428
233,0.3,0.3199999999999999,0.2542372881355932,0.6666666666666666,0.3157894736842105,0.2503207922575892,0.2503207922575892,1.0,0.0,0.9964912280701754,1.0,0.0,1.0,0.6666666666666666,0.6880617035546612,0.7428571428571428
234,0.3,1.0,0.1076115485564304,0.3333333333333333,0.5789473684210527,0.2307922874204928,0.2307922874204928,1.0,0.7301412465984191,0.9982456140350876,0.9890833414148932,0.0112359550561797,0.9947368421052633,0.7478260869565216,0.8223500399333044,0.8971962616822429
235,0.0,0.74,0.1076115485564304,0.3333333333333333,0.4210526315789473,0.1564140013848977,0.1564140013848977,0.0,0.2848664688427299,0.980701754385965,0.9577000436424356,0.0,0.987719298245614,0.7350427350427351,0.8082621082621084,0.9629629629629632
236,0.2,0.88,0.1076115485564304,0.3333333333333333,0.4736842105263157,0.3228779107853174,0.3228779107853174,0.0,0.327325453344101,0.9929824561403509,0.94257340106486,0.0,0.9947368421052633,0.7747747747747747,0.8172482929807582,0.8807339449541284
237,0.3,0.96,0.1076115485564304,0.3333333333333333,0.2631578947368421,0.171713050752065,0.171713050752065,0.5,0.5,0.9964912280701754,0.9960834804098412,0.0056179775280898,0.9964912280701754,0.6880000000000001,0.7593489640130862,0.9285714285714286
238,0.3,0.92,0.2542372881355932,0.6666666666666666,0.4210526315789473,0.2405782491576769,0.2405782491576769,0.0,0.1666666666666666,0.9894736842105264,0.9800928487978848,0.0,0.9947368421052633,0.6771653543307087,0.7061151446978218,0.7428571428571428
239,0.4,0.9,0.2542372881355932,0.6666666666666666,0.4210526315789473,0.2340318219309168,0.2340318219309168,1.0,0.6390977443609023,0.9982456140350876,0.9879583148808504,0.0,1.0,0.6991869918699187,0.7582788803484991,0.9320388349514565
240,0.2,0.88,0.1076115485564304,0.3333333333333333,0.4736842105263157,0.2847712293047973,0.2847712293047973,0.0,0.3481476111070832,0.9894736842105264,0.9463659357178648,0.0,0.9912280701754386,0.7610619469026548,0.8209776235753969,0.9230769230769232
241,0.7,0.98,0.8923884514435696,0.3333333333333333,0.3684210526315789,0.7444943839937695,0.7444943839937695,0.5,0.3503823617042408,0.9887640449438202,0.9669544657697572,0.0035087719298245,0.99438202247191,0.7478260869565216,0.828488422016773,0.979591836734694
242,0.2,0.98,0.1076115485564304,0.3333333333333333,0.5789473684210527,0.5419730815622988,0.5419730815622988,0.0,0.4567519858781994,0.9947368421052633,0.8284320557491289,0.0,1.0,0.6666666666666666,0.8930623973727422,0.9885057471264368
243,0.9,1.0,0.7457627118644068,0.6666666666666666,0.2631578947368421,0.7648473363633904,0.7648473363633904,1.0,0.8310344827586207,0.99438202247191,0.9961502608607022,0.0228070175438596,1.0,0.6880000000000001,0.7280613931523022,0.7933884297520662
244,0.9,1.0,0.8923884514435696,0.3333333333333333,0.5789473684210527,0.469004219567641,0.469004219567641,1.0,0.6597217784026757,0.99438202247191,0.9449296148555234,0.0087719298245614,1.0,0.7679999999999999,0.8674418262150221,0.9285714285714286
245,0.2,0.92,0.1076115485564304,0.3333333333333333,0.3157894736842105,0.1976282457085982,0.1976282457085982,0.2,0.3999999999999999,0.9912280701754386,0.9850686575123316,0.0056179775280898,0.9929824561403509,0.6771653543307087,0.7330271216097989,0.8666666666666667
246,0.3,1.0,0.6050420168067228,1.0,0.4736842105263157,0.2365127551420847,0.2365127551420847,0.5,0.5215476103076133,0.9982456140350876,0.9826692125222052,0.0056179775280898,0.9947368421052633,0.7107438016528926,0.7810861865407319,0.9600000000000002
247,0.1,0.74,0.1076115485564304,0.3333333333333333,0.4210526315789473,0.3726155714376333,0.3726155714376333,0.0,0.0771729500935132,0.9894736842105264,0.9123875445460664,0.0,0.9947368421052633,0.8037383177570093,0.8647812467905927,0.9285714285714286
248,0.1,0.92,0.1076115485564304,0.3333333333333333,0.5263157894736842,0.4121433199548518,0.4121433199548518,0.0,0.2853631822188976,0.987719298245614,0.8974444495560565,0.0,0.987719298245614,0.7272727272727273,0.7868123406966865,0.8125
249,0.0,0.92,0.1076115485564304,0.3333333333333333,0.3157894736842105,0.1740221570441366,0.1740221570441366,0.125,0.0,0.9789473684210528,0.985115249954428,0.0,0.9912280701754386,0.6771653543307087,0.7485033120859893,0.9285714285714286
250,0.0,0.92,0.1076115485564304,0.3333333333333333,0.3157894736842105,0.1740221570441366,0.1740221570441366,0.0,0.0,0.9789473684210528,0.985115249954428,0.0,0.9912280701754386,0.6771653543307087,0.7485033120859893,0.9285714285714286
251,0.0,0.92,0.1076115485564304,0.3333333333333333,0.3157894736842105,0.1740221570441366,0.1740221570441366,0.0,0.0,0.9789473684210528,0.985115249954428,0.0,0.9912280701754386,0.6771653543307087,0.7485033120859893,0.9285714285714286
252,0.1,0.84,0.2816901408450704,1.0,0.3684210526315789,0.2319144216449641,0.2319144216449641,0.0,0.2949816401468788,0.9894736842105264,0.9330693206121494,0.0,0.9859649122807016,0.7027027027027026,0.7353673209288183,0.7933884297520662
253,0.8,1.0,0.8923884514435696,0.3333333333333333,0.5789473684210527,0.7872006664390508,0.7872006664390508,1.0,0.6291793313069909,0.99438202247191,0.9858635016801576,0.0052631578947368,1.0,0.7478260869565216,0.8346273291925465,0.9285714285714286
254,0.8,0.98,0.8923884514435696,0.3333333333333333,0.631578947368421,0.8283343650344605,0.8283343650344605,0.5,0.7966804979253113,0.99438202247191,0.9964007925006252,0.0087719298245614,1.0,0.6880000000000001,0.7607582417582418,0.9285714285714286
255,0.3,0.74,0.1076115485564304,0.3333333333333333,0.4210526315789473,0.4058938345791274,0.4058938345791274,0.0,0.1956317519962424,0.987719298245614,0.8910800092860255,0.0,0.9929824561403509,0.8190476190476191,0.8788359788359789,0.9629629629629632
256,0.3,1.0,0.2542372881355932,0.6666666666666666,0.4736842105263157,0.2356074351004271,0.2356074351004271,0.3333333333333333,0.5450819672131146,0.9982456140350876,0.9868065814273344,0.0056179775280898,0.9964912280701754,0.6880000000000001,0.735891891891892,0.8648648648648649
257,0.0,0.8200000000000001,0.1076115485564304,0.3333333333333333,0.3684210526315789,0.1438052932453803,0.1438052932453803,0.0,0.2144927536231883,0.980701754385965,0.9373986361295724,0.0,0.9929824561403509,0.7478260869565216,0.8014408050212182,0.896551724137931
258,0.3,1.0,0.1076115485564304,0.3333333333333333,1.0,0.1947540282658122,0.1947540282658122,0.0,0.4395342138830597,0.9929824561403509,0.965482287530188,0.0,0.9964912280701754,0.7350427350427351,0.8198477109027569,0.9285714285714286
259,0.3,0.94,0.2542372881355932,0.6666666666666666,0.4210526315789473,0.2344385144327686,0.2344385144327686,0.5,0.5714285714285714,0.9982456140350876,0.9871381344028302,0.0,0.9947368421052633,0.6880000000000001,0.7331041162227603,0.8135593220338984
260,0.1,0.74,0.1076115485564304,0.3333333333333333,0.4210526315789473,0.3478437505516007,0.3478437505516007,0.0,0.0716439733162752,0.987719298245614,0.9057513421241434,0.0,0.9894736842105264,0.8037383177570093,0.8733791303884761,0.9629629629629632
261,0.3,1.0,0.2542372881355932,0.6666666666666666,0.5789473684210527,0.2316424460892865,0.2316424460892865,1.0,0.6967213114754098,0.9982456140350876,0.9907548348440228,0.0056179775280898,0.9982456140350876,0.6991869918699187,0.7638792102206736,0.9142857142857144
262,0.7,0.98,0.8923884514435696,0.3333333333333333,0.4210526315789473,0.5358373217065588,0.5358373217065588,1.0,0.6847862753602236,0.99438202247191,0.9594025515381536,0.0052631578947368,1.0,0.8067226890756303,0.8512992575671046,0.9285714285714286
263,0.0,0.78,0.2542372881355932,0.6666666666666666,0.2105263157894736,0.2428473375819306,0.2428473375819306,0.0,0.1051197309677045,0.9789473684210528,0.9650110743100944,0.0,0.9912280701754386,0.6771653543307087,0.7093803040605422,0.7804878048780488
264,1.0,1.0,0.7457627118644068,0.6666666666666666,0.5263157894736842,0.7655294385690976,0.7655294385690976,1.0,0.7779909384056491,0.99438202247191,0.9877131394182548,0.0070175438596491,1.0,0.6880000000000001,0.741897897897898,0.8888888888888888
265,0.1,0.72,0.2816901408450704,1.0,0.3157894736842105,0.2294282082036058,0.2294282082036058,0.0,0.0,0.9842105263157894,0.946618493846675,0.0,0.987719298245614,0.7107438016528926,0.7718554173099628,0.9230769230769232
266,0.7,1.0,0.7457627118644068,0.6666666666666666,0.5263157894736842,0.7692518125117662,0.7692518125117662,1.0,0.8181818181818181,0.99438202247191,0.991590967595309,0.0052631578947368,1.0,0.6991869918699187,0.7683174903871092,0.9320388349514565
267,0.1,0.78,0.2542372881355932,0.6666666666666666,0.2105263157894736,0.2422906735739011,0.2422906735739011,0.0,0.1523908254503044,0.9859649122807016,0.9701840873919396,0.0,0.9894736842105264,0.6771653543307087,0.7142601839404221,0.7804878048780488
268,0.3,0.98,0.1076115485564304,0.3333333333333333,0.5263157894736842,0.2107329413549151,0.2107329413549151,0.3333333333333333,0.2857142857142857,0.9947368421052633,0.975578413095251,0.0,0.9912280701754386,0.7478260869565216,0.8460559006211179,0.9600000000000002
269,0.1,0.72,0.2816901408450704,1.0,0.3157894736842105,0.2402136077215892,0.2402136077215892,0.0,0.2885131170899337,0.9824561403508772,0.8855037766387914,0.0,0.9947368421052633,0.7350427350427351,0.7407356532356533,0.7499999999999999
270,0.5,0.84,0.1076115485564304,0.3333333333333333,0.3157894736842105,0.1514446931302144,0.1514446931302144,1.0,0.6942221569635122,0.9982456140350876,0.9907368898635108,0.0056179775280898,1.0,0.6991869918699187,0.7915934959349593,1.0
271,0.2,0.8200000000000001,0.1076115485564304,0.3333333333333333,0.3684210526315789,0.1954936068849735,0.1954936068849735,0.0,0.255011135857461,0.9842105263157894,0.9120006227953849,0.0,0.9929824561403509,0.7889908256880733,0.8450484382181421,0.9056603773584908
272,0.1,0.96,0.1076115485564304,0.3333333333333333,0.5263157894736842,0.137104606916826,0.137104606916826,0.0,0.2730627306273062,0.9824561403508772,0.9552575670828936,0.0,0.9912280701754386,0.7350427350427351,0.7950491290643249,0.896551724137931
273,0.2,0.98,0.1076115485564304,0.3333333333333333,0.3684210526315789,0.2191608480461683,0.2191608480461683,0.0,0.3333333333333333,0.9964912280701754,0.9897470324372158,0.0,1.0,0.6771653543307087,0.726323061780739,0.8125
274,0.1,0.72,0.2816901408450704,1.0,0.3157894736842105,0.2294282082036058,0.2294282082036058,0.0,0.0,0.9842105263157894,0.946618493846675,0.0,0.987719298245614,0.7107438016528926,0.7718554173099628,0.9230769230769232
275,0.1,0.72,0.2816901408450704,1.0,0.3157894736842105,0.2294282082036058,0.2294282082036058,0.0,0.0,0.9842105263157894,0.946618493846675,0.0,0.987719298245614,0.7107438016528926,0.7718554173099628,0.9230769230769232
276,0.2,1.0,0.2542372881355932,0.6666666666666666,0.4736842105263157,0.2293126864061603,0.2293126864061603,0.5,0.5663716814159292,0.9982456140350876,0.9858041446990656,0.0,1.0,0.6991869918699187,0.7753077816492451,0.9600000000000002
277,0.2,0.74,0.1076115485564304,0.3333333333333333,0.4210526315789473,0.3525306540289459,0.3525306540289459,0.0,0.1908012277245865,0.987719298245614,0.8905511786629324,0.0,0.9894736842105264,0.8190476190476191,0.8832742590024144,0.9629629629629632
278,0.2,0.94,0.2542372881355932,0.6666666666666666,0.4210526315789473,0.2326427937613076,0.2326427937613076,0.0,0.4784523896923868,0.9964912280701754,0.982757281553398,0.0,0.9929824561403509,0.6880000000000001,0.744,0.8571428571428572
279,0.1,0.98,0.1076115485564304,0.3333333333333333,0.5789473684210527,0.5321849986441747,0.5321849986441747,0.5,0.5647446727342089,0.9982456140350876,0.9443022525978102,0.0056179775280898,0.9982456140350876,0.7741935483870969,0.8869207067848834,0.9629629629629632
280,0.5,0.98,0.1076115485564304,0.3333333333333333,0.5263157894736842,0.209831237626948,0.209831237626948,0.5,0.3333333333333333,0.9964912280701754,0.9802699952661048,0.0056179775280898,0.9964912280701754,0.7478260869565216,0.8509538598047913,0.9795918367346936
281,0.4,0.74,0.1076115485564304,0.3333333333333333,0.4210526315789473,0.4993245521553744,0.4993245521553744,0.3333333333333333,0.3667375676476131,0.9947368421052633,0.9153652392947104,0.0,0.9982456140350876,0.8275862068965518,0.8819807268083131,0.9629629629629632
282,0.6,0.98,0.8923884514435696,0.3333333333333333,0.3684210526315789,0.857314936197692,0.857314936197692,0.5,0.3032786885245901,0.9887640449438202,0.9915482268524908,0.0017543859649122,0.99438202247191,0.6991869918699187,0.7838826237724744,0.9629629629629632
283,0.3,0.74,0.1076115485564304,0.3333333333333333,0.4210526315789473,0.1447081356943031,0.1447081356943031,0.25,0.5,0.9964912280701754,0.991679975035336,0.0,0.9929824561403509,0.7107438016528926,0.7961126415671871,0.9629629629629632
284,0.2,0.98,0.1076115485564304,0.3333333333333333,0.3684210526315789,0.2087734574830209,0.2087734574830209,0.5,0.5,0.9982456140350876,0.9948996630134492,0.0056179775280898,0.9982456140350876,0.6771653543307087,0.7328754811355777,0.8387096774193549
285,0.1,0.74,0.1076115485564304,0.3333333333333333,0.6842105263157895,0.1748210277053725,0.1748210277053725,0.0,0.3333333333333333,0.9947368421052633,0.9825701986930052,0.0,0.9929824561403509,0.7107438016528926,0.7999041385002769,0.9285714285714286
286,0.1,1.0,0.1076115485564304,0.3333333333333333,0.3684210526315789,0.1739492203835221,0.1739492203835221,0.0,0.3394495412844036,0.9842105263157894,0.9850453978992344,0.0,0.9894736842105264,0.6771653543307087,0.7525437161263933,0.9285714285714286
287,0.1,0.78,0.2542372881355932,0.6666666666666666,0.2105263157894736,0.2394175824709344,0.2394175824709344,0.0,0.1797890230851551,0.9912280701754386,0.9755607030682364,0.0,0.987719298245614,0.6771653543307087,0.7194189140991523,0.7804878048780488
288,0.9,1.0,0.8923884514435696,0.3333333333333333,0.5263157894736842,0.8025853284334865,0.8025853284334865,1.0,0.8338983050847457,0.99438202247191,0.9953528991033782,0.0087719298245614,1.0,0.6771653543307087,0.7398647284474057,0.8666666666666667
289,0.9,0.98,0.8923884514435696,0.3333333333333333,0.7894736842105263,0.855449785068801,0.855449785068801,1.0,0.999999999999902,0.99438202247191,1.0,0.0175438596491228,1.0,0.7107438016528926,0.7995024720756617,0.9629629629629632
290,0.6,1.0,0.8923884514435696,0.3333333333333333,0.4210526315789473,0.8576985543041687,0.8576985543041687,1.0,0.6967213114754098,0.99438202247191,0.992824618721294,0.0017543859649122,1.0,0.6880000000000001,0.7737171186934967,0.9629629629629632
291,0.8,0.98,0.8923884514435696,0.3333333333333333,0.3684210526315789,0.8573700783367144,0.8573700783367144,0.6666666666666666,0.2781954887218044,0.9887640449438202,0.9904192202174006,0.0017543859649122,0.99438202247191,0.6991869918699187,0.7854561878952124,0.9629629629629632
292,0.2,0.8200000000000001,0.1076115485564304,0.3333333333333333,0.3684210526315789,0.2311849367581017,0.2311849367581017,0.0,0.4850993041608341,0.9929824561403509,0.9269148813637412,0.0,0.9912280701754386,0.8037383177570093,0.8760070899129874,1.0
293,0.1,0.96,0.1076115485564304,0.3333333333333333,0.6842105263157895,0.1714589870523957,0.1714589870523957,0.3333333333333333,0.2044198895027624,0.9964912280701754,0.9836756601687032,0.0,0.9929824561403509,0.6991869918699187,0.7851261835862912,0.9285714285714286
294,0.1,0.74,0.1076115485564304,0.3333333333333333,0.6842105263157895,0.1744144794878002,0.1744144794878002,0.3333333333333333,0.0,0.9947368421052633,0.9912084821417748,0.0,0.9947368421052633,0.7107438016528926,0.8037309741855196,0.9285714285714286
295,0.1,0.74,0.1076115485564304,0.3333333333333333,0.6842105263157895,0.1744144794878002,0.1744144794878002,0.0,0.0,0.9947368421052633,0.9912084821417748,0.0,0.9947368421052633,0.7107438016528926,0.8037309741855196,0.9285714285714286
296,0.1,0.9,0.2542372881355932,0.6666666666666666,0.4210526315789473,0.2171401831668986,0.2171401831668986,0.0,0.4572339711312521,0.9964912280701754,0.9526796061950528,0.0,0.987719298245614,0.6991869918699187,0.7321657233347729,0.8275862068965518
297,0.2,0.98,0.1076115485564304,0.3333333333333333,0.7894736842105263,0.144550214931199,0.144550214931199,0.0,0.999999999999808,0.9982456140350876,1.0,0.0056179775280898,0.987719298245614,0.7107438016528926,0.7995024720756617,0.9629629629629632
298,0.1,0.84,0.1076115485564304,0.3333333333333333,0.3684210526315789,0.1436157240616071,0.1436157240616071,0.0,0.0,0.9912280701754386,1.0,0.0,0.9719298245614036,0.6771653543307087,0.761141599724277,0.9629629629629632
299,0.1,0.84,0.1076115485564304,0.3333333333333333,0.3684210526315789,0.1436157240616071,0.1436157240616071,0.0,0.0,0.9912280701754386,1.0,0.0,0.9421052631578948,0.6771653543307087,0.761141599724277,0.9629629629629632
300,0.1,0.84,0.1076115485564304,0.3333333333333333,0.3684210526315789,0.1436157240616071,0.1436157240616071,0.0,0.0,0.9912280701754386,1.0,0.0,0.9719298245614036,0.6771653543307087,0.761141599724277,0.9629629629629632
301,0.1,0.84,0.1076115485564304,0.3333333333333333,0.3684210526315789,0.1436157240616071,0.1436157240616071,0.0,0.0,0.9912280701754386,1.0,0.0,0.9421052631578948,0.6771653543307087,0.761141599724277,0.9629629629629632
302,0.1,0.84,0.1076115485564304,0.3333333333333333,0.3684210526315789,0.1436157240616071,0.1436157240616071,0.0,0.0,0.9929824561403509,1.0,0.0056179775280898,0.9280701754385964,0.6771653543307087,0.761141599724277,0.9629629629629632
303,0.1,0.84,0.1076115485564304,0.3333333333333333,0.3684210526315789,0.1436157240616071,0.1436157240616071,0.0,0.0,0.9929824561403509,1.0,0.0,0.9298245614035088,0.6771653543307087,0.761141599724277,0.9629629629629632
304,0.2,1.0,0.2542372881355932,0.6666666666666666,0.5789473684210527,0.2276388132105362,0.2276388132105362,0.0,0.4643517244091392,0.9964912280701754,0.9642896468552552,0.0,1.0,0.6880000000000001,0.7645736348593493,0.979591836734694
305,0.2,0.74,0.1076115485564304,0.3333333333333333,0.6842105263157895,0.1482804422096634,0.1482804422096634,0.3333333333333333,0.5,0.9964912280701754,0.9842663589307789,0.0,0.9964912280701754,0.7226890756302521,0.8163709928415811,0.9629629629629632
306,1.0,1.0,0.8923884514435696,0.3333333333333333,1.0,0.826022708384485,0.826022708384485,1.0,0.904639175257732,0.99438202247191,0.9959839713273716,0.0122807017543859,1.0,0.7107438016528926,0.8076982442078355,0.9285714285714286
307,0.1,0.72,0.2816901408450704,1.0,0.3157894736842105,0.2175363273484787,0.2175363273484787,0.0,0.3965818435916846,0.9929824561403509,0.9362840945424138,0.0,0.9859649122807016,0.7107438016528926,0.7410861865407319,0.8
308,0.0,0.84,0.1076115485564304,0.3333333333333333,0.3157894736842105,0.1711131075383514,0.1711131075383514,0.0,0.0,0.9771929824561404,0.9716975872365952,0.0,0.987719298245614,0.6880000000000001,0.7712648083623694,0.9285714285714286
309,0.3,0.98,0.1076115485564304,0.3333333333333333,0.3684210526315789,0.1293440499820614,0.1293440499820614,0.5,0.6016260162601625,0.9982456140350876,0.9896173379861078,0.0056179775280898,1.0,0.6991869918699187,0.7688533781889544,0.896551724137931
310,0.3,1.0,0.1076115485564304,0.3333333333333333,0.4210526315789473,0.1291581358084699,0.1291581358084699,0.6666666666666666,0.5,0.9982456140350876,0.992242506188238,0.0,1.0,0.6880000000000001,0.7571143089872387,0.896551724137931
311,0.1,0.98,0.1076115485564304,0.3333333333333333,0.8947368421052632,0.173747395300349,0.173747395300349,0.3333333333333333,0.5647058823529412,0.9982456140350876,0.9955454983243408,0.0056179775280898,0.9929824561403509,0.7107438016528926,0.8097369801915256,0.9285714285714286
312,0.2,1.0,0.1076115485564304,0.3333333333333333,0.5789473684210527,0.1738595022228798,0.1738595022228798,0.3333333333333333,0.2781954887218044,0.9947368421052633,0.9899530544508568,0.0,0.9964912280701754,0.6771653543307087,0.7553409189235961,0.9285714285714286
313,0.3,0.74,0.1076115485564304,0.3333333333333333,0.4210526315789473,0.2107967862595895,0.2107967862595895,0.0,0.3923540036122818,0.9912280701754386,0.9408128918001256,0.0,0.9894736842105264,0.7610619469026548,0.8476868085316908,0.9629629629629632
314,0.1,0.96,0.1076115485564304,0.3333333333333333,0.3684210526315789,0.2050835572001299,0.2050835572001299,1.0,0.0,0.987719298245614,0.9827640789334834,0.0,0.9964912280701754,0.6666666666666666,0.7251824817518248,0.8666666666666667
315,0.1,0.96,0.1076115485564304,0.3333333333333333,0.3684210526315789,0.2050835572001299,0.2050835572001299,1.0,0.0,0.987719298245614,0.9827640789334834,0.0,0.9964912280701754,0.6666666666666666,0.7251824817518248,0.8666666666666667
316,0.1,0.88,0.2542372881355932,0.6666666666666666,0.3684210526315789,0.2380041435611585,0.2380041435611585,0.0,0.1121281464530892,0.987719298245614,0.9664711831076048,0.0,0.9929824561403509,0.6771653543307087,0.7294251680078452,0.8205128205128205
317,0.2,0.84,0.1076115485564304,0.3333333333333333,0.3157894736842105,0.1738023580874808,0.1738023580874808,0.0,0.2176470588235294,0.9947368421052633,0.9860266858780976,0.0,0.9964912280701754,0.6771653543307087,0.7567720459361185,0.9285714285714286
318,0.3,0.74,0.1076115485564304,0.3333333333333333,0.4210526315789473,0.1424396964549923,0.1424396964549923,0.6666666666666666,0.0,0.9964912280701754,0.9918134200307052,0.0,0.9929824561403509,0.6991869918699187,0.7903342366757002,0.9629629629629632
319,1.0,0.98,0.8923884514435696,0.3333333333333333,0.4210526315789473,0.7791240893637392,0.7791240893637392,1.0,0.8198874296435272,0.99438202247191,0.9802430681091304,0.0175438596491228,1.0,0.7610619469026548,0.8160636611026592,0.9285714285714286
320,0.3,0.88,0.1076115485564304,0.3333333333333333,0.7368421052631579,0.1730134590149631,0.1730134590149631,0.0,0.4285714285714286,0.9947368421052633,0.981940657178788,0.0,0.9982456140350876,0.7107438016528926,0.816086186540732,0.9285714285714286
321,0.1,0.8200000000000001,0.1076115485564304,0.3333333333333333,0.3684210526315789,0.4803353277220304,0.4803353277220304,0.0,0.3421541596739391,0.9929824561403509,0.9222081254252664,0.0,0.9929824561403509,0.7499999999999999,0.8539862914862915,0.9285714285714286
322,1.0,1.0,0.8923884514435696,0.3333333333333333,0.631578947368421,0.8075213739132202,0.8075213739132202,1.0,0.7844408427876823,0.99438202247191,0.9845332320727178,0.0140350877192982,1.0,0.7107438016528926,0.8194612479054841,0.9896907216494844
323,0.1,0.74,0.1076115485564304,0.3333333333333333,0.6842105263157895,0.1704447912159719,0.1704447912159719,0.0,0.4155172413793103,0.987719298245614,0.970232105562939,0.0,0.9947368421052633,0.6991869918699187,0.7960220673635309,0.9285714285714286
324,0.8,0.98,0.8923884514435696,0.3333333333333333,0.5263157894736842,0.8369781877327095,0.8369781877327095,1.0,0.9999999999999348,0.99438202247191,1.0,0.0122807017543859,1.0,0.7478260869565216,0.8646537842190016,1.0
325,0.2,0.96,0.1076115485564304,0.3333333333333333,0.5263157894736842,0.1362979547408983,0.1362979547408983,0.0,0.1262886597938144,0.9912280701754386,0.9689956396642244,0.0,0.987719298245614,0.7350427350427351,0.8138815207780725,0.896551724137931
326,0.1,1.0,0.1076115485564304,0.3333333333333333,0.3157894736842105,0.143567926162353,0.143567926162353,0.0909090909090909,0.5,0.9964912280701754,0.9923704598344478,0.0,0.9666666666666668,0.6771653543307087,0.7639388025214797,0.9629629629629632
327,0.3,0.88,0.2542372881355932,0.6666666666666666,0.3684210526315789,0.2370272686186862,0.2370272686186862,0.0,0.2727430857540442,0.9964912280701754,0.9692932527412804,0.0,0.9964912280701754,0.6771653543307087,0.7428297814124586,0.9142857142857144
328,0.2,0.92,0.1076115485564304,0.3333333333333333,0.5263157894736842,0.4855717668877015,0.4855717668877015,0.3333333333333333,0.4984326018808777,0.9964912280701754,0.9238420889027044,0.0056179775280898,0.9929824561403509,0.6666666666666666,0.8417508417508417,0.9629629629629632
329,0.9,1.0,0.8923884514435696,0.3333333333333333,0.7894736842105263,0.8577075257249618,0.8577075257249618,1.0,0.6620689655172414,0.99438202247191,0.9924758983893526,0.0245614035087719,1.0,0.6991869918699187,0.7937240671841748,0.9629629629629632
330,0.2,0.96,0.1076115485564304,0.3333333333333333,0.5263157894736842,0.1362001785562381,0.1362001785562381,0.0,0.1121281464530892,0.9912280701754386,0.9643544394315978,0.0,0.9929824561403509,0.7350427350427351,0.815958363976411,0.8971962616822429
331,0.1,0.88,0.1076115485564304,0.3333333333333333,0.7368421052631579,0.1530971401648083,0.1530971401648083,0.0,0.2242562929061785,0.9929824561403509,0.967296335406156,0.0,0.9947368421052633,0.7350427350427351,0.8506863506863508,0.9696969696969696
332,0.2,0.98,0.1076115485564304,0.3333333333333333,0.6842105263157895,0.1324844339983225,0.1324844339983225,0.0,0.9999999999998932,0.9982456140350876,1.0,0.0056179775280898,0.9964912280701754,0.7226890756302521,0.8016986850658251,0.896551724137931
333,0.9,0.98,0.8923884514435696,0.3333333333333333,0.6842105263157895,0.8675155660016775,0.8675155660016775,1.0,0.9999999999999568,0.99438202247191,1.0,0.0122807017543859,1.0,0.7226890756302521,0.8016986850658251,0.896551724137931
334,0.9,1.0,0.8923884514435696,0.3333333333333333,0.3684210526315789,0.8152286084846228,0.8152286084846228,1.0,0.8549019607843138,0.99438202247191,0.9907478285720118,0.0122807017543859,1.0,0.7350427350427351,0.821886446886447,0.9285714285714286
335,0.0,0.6,0.1076115485564304,0.3333333333333333,0.3157894736842105,0.1298754142611755,0.1298754142611755,0.0,0.0,0.9614035087719298,0.982644459353032,0.0,0.968421052631579,0.6771653543307087,0.7473359928152218,0.896551724137931
336,0.7,0.98,0.8923884514435696,0.3333333333333333,0.4210526315789473,0.8708915769414803,0.8708915769414803,1.0,0.9999999999999164,0.99438202247191,1.0,0.0052631578947368,1.0,0.6880000000000001,0.7601379310344828,0.896551724137931
337,0.0,0.96,0.1076115485564304,0.3333333333333333,0.6842105263157895,0.1704860883803859,0.1704860883803859,0.0,0.2038682109524345,0.9789473684210528,0.9677699832931976,0.0,0.9824561403508772,0.6880000000000001,0.7795326876513318,0.9285714285714286
338,0.1,0.7,0.1076115485564304,0.3333333333333333,0.3157894736842105,0.1837653187593608,0.1837653187593608,0.5,0.7643312101910829,0.9982456140350876,0.98950986234949,0.0056179775280898,0.987719298245614,0.7350427350427351,0.817846042846043,0.9285714285714286
339,0.9,0.74,0.8923884514435696,0.3333333333333333,0.3684210526315789,0.8202741046566114,0.8202741046566114,1.0,0.0,0.99438202247191,1.0,0.0122807017543859,1.0,0.6666666666666666,0.7432539682539683,0.9285714285714286
340,0.1,0.74,0.1076115485564304,0.3333333333333333,0.6842105263157895,0.1916469084185849,0.1916469084185849,0.0,0.3942857142857142,0.987719298245614,0.963229186331886,0.0,0.9982456140350876,0.6880000000000001,0.7749523809523811,0.8666666666666667
341,0.1,0.74,0.1076115485564304,0.3333333333333333,0.6842105263157895,0.1421292008786887,0.1421292008786887,1.0,0.6666666666666667,0.9982456140350876,0.99167714865448,0.0056179775280898,0.9947368421052633,0.6991869918699187,0.7972307883998381,0.9629629629629632
342,0.6,0.62,0.1076115485564304,0.3333333333333333,0.2631578947368421,0.5420996134143593,0.5420996134143593,1.0,0.5654867256637168,0.9982456140350876,0.8546046787089132,0.0056179775280898,1.0,0.6666666666666666,0.7147435897435898,0.7350427350427351
343,0.2,0.8,0.1076115485564304,0.3333333333333333,0.4736842105263157,0.174934196983215,0.174934196983215,0.5,0.4974093264248704,0.9964912280701754,0.960521394786052,0.0,0.9929824561403509,0.7226890756302521,0.8242566257272139,0.9285714285714286
344,0.2,0.74,0.1076115485564304,0.3333333333333333,0.3684210526315789,0.1797258953433885,0.1797258953433885,0.0,0.0,0.9964912280701754,1.0,0.0,0.9929824561403509,0.6666666666666666,0.7432539682539683,0.9285714285714286
345,0.2,0.74,0.1076115485564304,0.3333333333333333,0.3684210526315789,0.1797258953433885,0.1797258953433885,0.0,0.0,0.9964912280701754,1.0,0.0,0.987719298245614,0.6666666666666666,0.7432539682539683,0.9285714285714286
346,0.2,0.74,0.1076115485564304,0.3333333333333333,0.3684210526315789,0.1797258953433885,0.1797258953433885,0.0,0.0,0.9964912280701754,1.0,0.0,0.987719298245614,0.6666666666666666,0.7432539682539683,0.9285714285714286
347,0.2,0.74,0.1076115485564304,0.3333333333333333,0.3684210526315789,0.1797258953433885,0.1797258953433885,0.0,0.0,0.9964912280701754,1.0,0.0,0.987719298245614,0.6666666666666666,0.7432539682539683,0.9285714285714286
348,0.2,0.74,0.1076115485564304,0.3333333333333333,0.3684210526315789,0.1797258953433885,0.1797258953433885,0.0,0.0,0.9964912280701754,1.0,0.0,0.9929824561403509,0.6666666666666666,0.7432539682539683,0.9285714285714286
349,0.2,0.74,0.1076115485564304,0.3333333333333333,0.3684210526315789,0.1797258953433885,0.1797258953433885,0.0,0.0,0.9964912280701754,1.0,0.0,1.0,0.6666666666666666,0.7432539682539683,0.9285714285714286
350,0.2,0.74,0.1076115485564304,0.3333333333333333,0.3684210526315789,0.1797258953433885,0.1797258953433885,0.0,0.0,0.9982456140350876,1.0,0.0112359550561797,0.9824561403508772,0.6666666666666666,0.7432539682539683,0.9285714285714286
351,0.2,0.74,0.1076115485564304,0.3333333333333333,0.3684210526315789,0.1797258953433885,0.1797258953433885,0.0,0.0,0.9964912280701754,1.0,0.0,0.987719298245614,0.6666666666666666,0.7432539682539683,0.9285714285714286
352,0.1,0.84,0.1076115485564304,0.3333333333333333,0.3157894736842105,0.1734923842713716,0.1734923842713716,0.3333333333333333,0.0,0.9947368421052633,0.9846320379320334,0.0,0.9859649122807016,0.6771653543307087,0.7627255343082114,0.9285714285714286
353,0.1,0.88,0.1076115485564304,0.3333333333333333,0.7368421052631579,0.1704343631700189,0.1704343631700189,0.5,0.5198555956678701,0.9982456140350876,0.983083624055154,0.0056179775280898,0.9859649122807016,0.7107438016528926,0.8375147579693034,1.0
354,0.1,0.84,0.1076115485564304,0.3333333333333333,0.3157894736842105,0.1734923842713716,0.1734923842713716,0.0,0.0,0.9947368421052633,0.9846320379320334,0.0056179775280898,0.9859649122807016,0.6771653543307087,0.7627255343082114,0.9285714285714286
355,0.1,0.0,0.1076115485564304,0.3333333333333333,0.2105263157894736,0.1291530592434979,0.1291530592434979,1.0,0.0,0.9964912280701754,0.9894053576817914,0.0,0.9964912280701754,0.6991869918699187,0.7771212574779167,0.896551724137931
356,0.3,0.88,0.2542372881355932,0.6666666666666666,0.3684210526315789,0.2336923784843589,0.2336923784843589,0.0,0.2142954762880963,0.9929824561403509,0.957562873234862,0.0,0.9982456140350876,0.6771653543307087,0.7528683914510685,0.9142857142857144
357,0.2,1.0,0.1076115485564304,0.3333333333333333,0.6842105263157895,0.132089820110176,0.132089820110176,0.3333333333333333,0.556581986143187,0.9982456140350876,0.9825896861536048,0.0,0.9912280701754386,0.7226890756302521,0.8118975631892316,0.9056603773584908
358,0.1,0.74,0.1076115485564304,0.3333333333333333,0.4210526315789473,0.1419221836171177,0.1419221836171177,0.0,0.0,0.9824561403508772,0.9761568271914388,0.0,0.9824561403508772,0.6880000000000001,0.7847407407407407,0.9629629629629632
359,0.0,0.74,0.1076115485564304,0.3333333333333333,0.4210526315789473,0.1961849951341026,0.1961849951341026,0.0,0.2060085836909871,0.9736842105263158,0.9592920910348296,0.0,0.9929824561403509,0.6771653543307087,0.7552493438320211,0.8666666666666667
360,0.1,0.62,0.1076115485564304,0.3333333333333333,0.2631578947368421,0.2828044361006956,0.2828044361006956,0.3333333333333333,0.4887678557178199,0.9964912280701754,0.916050215894274,0.0056179775280898,0.9964912280701754,0.7647058823529411,0.8437017231134878,0.8727272727272728
361,0.2,1.0,0.1076115485564304,0.3333333333333333,0.631578947368421,0.1455743035563456,0.1455743035563456,0.0,0.2891560919336232,0.9894736842105264,0.958211937285302,0.0,0.9912280701754386,0.7226890756302521,0.8495079589682379,0.9896907216494844
362,0.1,0.74,0.1076115485564304,0.3333333333333333,0.4210526315789473,0.1731752408511536,0.1731752408511536,0.0,0.1267123287671232,0.9842105263157894,0.9724596537785046,0.0,0.9859649122807016,0.6771653543307087,0.7674468457836213,0.9285714285714286
363,0.1,0.94,0.2542372881355932,0.6666666666666666,0.4210526315789473,0.2119106009148352,0.2119106009148352,0.5,0.5325487742894006,0.9982456140350876,0.9653367892171786,0.0,0.9842105263157894,0.6880000000000001,0.7348424908424909,0.8205128205128205
364,0.2,0.62,0.1076115485564304,0.3333333333333333,0.2631578947368421,0.1458139995035985,0.1458139995035985,0.0,0.345330984142965,0.9912280701754386,0.9079956963256643,0.0,0.9929824561403509,0.7647058823529411,0.833709988849909,0.9320388349514562
365,0.1,0.7,0.1076115485564304,0.3333333333333333,0.3157894736842105,0.1692135088015862,0.1692135088015862,0.0,0.3830207305034551,0.9824561403508772,0.9319994942232652,0.0,0.9789473684210528,0.7226890756302521,0.7986156000861884,0.9285714285714286
366,0.7,1.0,0.8923884514435696,0.3333333333333333,0.4736842105263157,0.8566275610729902,0.8566275610729902,1.0,0.6032834813898571,0.99438202247191,0.9861325388106136,0.0122807017543859,1.0,0.6771653543307087,0.771323417906095,0.9629629629629632
367,0.1,0.62,0.1076115485564304,0.3333333333333333,0.2631578947368421,0.1577564498309254,0.1577564498309254,0.0,0.3449332457868242,0.9929824561403509,0.8910781492140801,0.0,0.9947368421052633,0.7222222222222222,0.8393078385508453,0.9320388349514562
368,0.0,0.98,0.1076115485564304,0.3333333333333333,0.7894736842105263,0.1413212099016418,0.1413212099016418,0.0,0.1902413431269676,0.980701754385965,0.9633539428821076,0.0,0.9964912280701754,0.6991869918699187,0.8125564588979224,0.9629629629629632
369,0.0,0.74,0.1076115485564304,0.3333333333333333,0.4210526315789473,0.1729240333076602,0.1729240333076602,0.0,0.1010928961748633,0.9719298245614036,0.9641812865497076,0.0,0.9842105263157894,0.6771653543307087,0.7707255343082116,0.9285714285714286
370,1.0,1.0,0.8923884514435696,0.3333333333333333,0.631578947368421,0.8703038296239133,0.8703038296239133,1.0,0.6947535771065183,0.99438202247191,0.9844810185205412,0.0087719298245614,1.0,0.7107438016528926,0.8059249262005518,0.9056603773584908
371,1.0,1.0,0.7457627118644068,0.6666666666666666,0.4210526315789473,0.7713290933471659,0.7713290933471659,1.0,0.9406060606060608,0.99438202247191,0.99579259561808,0.0122807017543859,1.0,0.6771653543307087,0.7717196432920111,0.9896907216494844
372,0.0,0.74,0.1076115485564304,0.3333333333333333,0.6842105263157895,0.1415307490815988,0.1415307490815988,0.0,0.2242562929061785,0.9789473684210528,0.9715551785993708,0.0,0.9859649122807016,0.6880000000000001,0.7934363929146538,0.9629629629629632
373,0.1,0.98,0.2542372881355932,0.6666666666666666,0.4210526315789473,0.22810184815278,0.22810184815278,0.25,0.8571428571428572,0.9982456140350876,0.9953088208657852,0.0056179775280898,0.9912280701754386,0.6771653543307087,0.7691949220633135,0.979591836734694
374,0.0,0.7,0.1076115485564304,0.3333333333333333,0.3157894736842105,0.1809230889823,0.1809230889823,0.0,0.2754140655594204,0.9719298245614036,0.9127348086990535,0.0,0.9771929824561404,0.6991869918699187,0.7824763788178423,0.8666666666666667
375,0.2,0.98,0.1076115485564304,0.3333333333333333,0.7894736842105263,0.1410820990771246,0.1410820990771246,0.0,0.2349358559025528,0.9929824561403509,0.9717199392630133,0.0,0.9947368421052633,0.6991869918699187,0.8167493310153229,0.9629629629629632
376,0.9,1.0,0.8923884514435696,0.3333333333333333,0.8421052631578947,0.83176967363665,0.83176967363665,1.0,0.6636155606407322,0.99438202247191,0.9881814823667456,0.0157894736842105,1.0,0.6880000000000001,0.8025579514824799,0.9285714285714286
377,0.1,0.88,0.1076115485564304,0.3333333333333333,0.7368421052631579,0.1417500606143518,0.1417500606143518,0.0,0.3420427553444179,0.9929824561403509,0.9654018312329214,0.0,0.9912280701754386,0.7107438016528926,0.8461126415671871,1.0
378,0.0,0.7,0.1076115485564304,0.3333333333333333,0.3157894736842105,0.1466708071673917,0.1466708071673917,0.0,0.0,0.9596491228070176,0.9853823551198796,0.0,0.9438596491228072,0.6666666666666666,0.7558922558922558,0.9629629629629632
379,0.0,0.7,0.1076115485564304,0.3333333333333333,0.3157894736842105,0.1466708071673917,0.1466708071673917,0.0,0.0,0.9596491228070176,0.9853823551198796,0.0,0.9438596491228072,0.6666666666666666,0.7558922558922558,0.9629629629629632
380,0.0,0.7,0.1076115485564304,0.3333333333333333,0.3157894736842105,0.1466708071673917,0.1466708071673917,0.0,0.0,0.9596491228070176,0.9853823551198796,0.0,0.9438596491228072,0.6666666666666666,0.7558922558922558,0.9629629629629632
381,0.0,0.7,0.1076115485564304,0.3333333333333333,0.3157894736842105,0.1466708071673917,0.1466708071673917,0.0,0.0,0.9596491228070176,0.9853823551198796,0.0,0.9438596491228072,0.6666666666666666,0.7558922558922558,0.9629629629629632
382,0.0,0.7,0.1076115485564304,0.3333333333333333,0.3157894736842105,0.1466708071673917,0.1466708071673917,0.0,0.0,0.9596491228070176,0.9853823551198796,0.0,0.9438596491228072,0.6666666666666666,0.7558922558922558,0.9629629629629632
383,0.0,0.7,0.1076115485564304,0.3333333333333333,0.3157894736842105,0.1466708071673917,0.1466708071673917,0.0,0.0,0.9596491228070176,0.9853823551198796,0.0,0.9438596491228072,0.6666666666666666,0.7558922558922558,0.9629629629629632
384,0.0,0.7,0.1076115485564304,0.3333333333333333,0.3157894736842105,0.1466708071673917,0.1466708071673917,0.0,0.0,0.9596491228070176,0.9853823551198796,0.0,0.9438596491228072,0.6666666666666666,0.7558922558922558,0.9629629629629632
385,0.0,0.7,0.1076115485564304,0.3333333333333333,0.3157894736842105,0.1466708071673917,0.1466708071673917,0.0,0.0,0.9596491228070176,0.9853823551198796,0.0,0.9438596491228072,0.6666666666666666,0.7558922558922558,0.9629629629629632
386,0.1,0.7,0.1076115485564304,0.3333333333333333,0.3157894736842105,0.1465929810757412,0.1465929810757412,0.0,0.0785630714564284,0.9824561403508772,0.9371278199934951,0.0,0.980701754385965,0.7350427350427351,0.811651938770583,0.9629629629629632
387,0.0,0.7,0.1076115485564304,0.3333333333333333,0.3157894736842105,0.1466708071673917,0.1466708071673917,0.0,0.0,0.9596491228070176,0.9853823551198796,0.0,0.9438596491228072,0.6666666666666666,0.7558922558922558,0.9629629629629632
388,0.0,0.7,0.1076115485564304,0.3333333333333333,0.3157894736842105,0.1466708071673917,0.1466708071673917,0.0,0.0,0.9596491228070176,0.9853823551198796,0.0,0.9438596491228072,0.6666666666666666,0.7558922558922558,0.9629629629629632
389,0.2,0.8,0.1076115485564304,0.3333333333333333,0.4736842105263157,0.18569435585797,0.18569435585797,0.0,0.3072,0.9912280701754386,0.959038775228443,0.0,0.9824561403508772,0.6880000000000001,0.8055646258503403,0.979591836734694
390,0.1,0.7,0.1076115485564304,0.3333333333333333,0.3157894736842105,0.1462927975764684,0.1462927975764684,0.0,0.0728404981920449,0.9824561403508772,0.9313995071299684,0.0,0.980701754385965,0.7350427350427351,0.809942780531016,0.9629629629629632
391,0.0,0.8,0.1076115485564304,0.3333333333333333,0.4736842105263157,0.1639542025679425,0.1639542025679425,0.0,0.0689039221647915,0.9736842105263158,0.9351617581673054,0.0,0.975438596491228,0.6991869918699187,0.8125055838470474,0.9285714285714286
392,0.0,0.8,0.1076115485564304,0.3333333333333333,0.4736842105263157,0.1636111828553406,0.1636111828553406,0.0,0.0644622222222223,0.9719298245614036,0.9300277899663596,0.0,0.975438596491228,0.6991869918699187,0.8103077816492451,0.9285714285714286
393,0.1,0.98,0.2542372881355932,0.6666666666666666,0.4210526315789473,0.2238002914707998,0.2238002914707998,0.0,0.4666666666666667,0.9964912280701754,0.9611963218907428,0.0,0.9964912280701754,0.6771653543307087,0.7528683914510685,0.9142857142857144
394,0.1,0.8,0.1076115485564304,0.3333333333333333,0.4736842105263157,0.1629106658984301,0.1629106658984301,0.0,0.1355463347164592,0.9824561403508772,0.9379042933978502,0.0,0.9736842105263158,0.6991869918699187,0.8060354184983773,0.9285714285714286
395,0.1,0.0,0.1076115485564304,0.3333333333333333,0.2105263157894736,0.128468722587389,0.128468722587389,0.25,0.3983739837398374,0.9964912280701754,0.9831755249359372,0.0056179775280898,0.980701754385965,0.6991869918699187,0.8001465213090648,0.9056603773584908
396,0.2,0.8200000000000001,0.1076115485564304,0.3333333333333333,0.3684210526315789,0.1516800636275712,0.1516800636275712,1.0,0.5313286976132305,0.9982456140350876,0.91423786285899,0.0,0.9964912280701754,0.7111111111111111,0.789303096199648,0.896551724137931
397,1.0,0.98,0.8923884514435696,0.3333333333333333,0.4736842105263157,0.8847707729272916,0.8847707729272916,1.0,0.999999999999902,0.99438202247191,1.0,0.0105263157894736,1.0,0.6771653543307087,0.7217591477535896,0.7679999999999999
398,0.1,0.98,0.1076115485564304,0.3333333333333333,0.3157894736842105,0.1151044837778653,0.1151044837778653,0.0,0.999999999999902,0.9982456140350876,1.0,0.0056179775280898,0.987719298245614,0.6880000000000001,0.7351764705882353,0.8
399,0.2,0.8200000000000001,0.1076115485564304,0.3333333333333333,0.3684210526315789,0.1359555717557171,0.1359555717557171,0.0,0.3515741384447314,0.987719298245614,0.9205132731511636,0.0,0.987719298245614,0.7478260869565216,0.7947722859881534,0.896551724137931
400,1.0,0.98,0.8923884514435696,0.3333333333333333,0.3157894736842105,0.8848955162221347,0.8848955162221347,1.0,0.9999999999999568,0.99438202247191,1.0,0.0280701754385964,1.0,0.6880000000000001,0.7351764705882353,0.8
401,0.1,0.6,0.1076115485564304,0.3333333333333333,0.3157894736842105,0.12124603094732,0.12124603094732,0.0,0.3977900552486187,0.987719298245614,0.9773674453096032,0.0,0.9964912280701754,0.6771653543307087,0.7433820477397053,0.8387096774193549
402,0.0,0.62,0.1076115485564304,0.3333333333333333,0.2631578947368421,0.1137032047947025,0.1137032047947025,0.0,0.3431718274479493,0.9789473684210528,0.9387926435933044,0.0,0.9912280701754386,0.7107438016528926,0.7483168369129752,0.8495575221238937
403,0.1,0.62,0.1076115485564304,0.3333333333333333,0.2631578947368421,0.1144068495358058,0.1144068495358058,0.0,0.3605004387840057,0.987719298245614,0.9288454027420308,0.0,0.9982456140350876,0.7222222222222222,0.7944685990338163,0.9600000000000002
404,0.0,0.0,0.1076115485564304,0.3333333333333333,0.2105263157894736,0.1285632876070729,0.1285632876070729,0.0,0.1174679279512763,0.9789473684210528,0.9690589336337864,0.0,0.9666666666666668,0.6880000000000001,0.7824236453201971,0.896551724137931
405,0.0,0.7,0.1076115485564304,0.3333333333333333,0.3157894736842105,0.1391246150503476,0.1391246150503476,0.0,0.2220416328061512,0.9771929824561404,0.932165419353432,0.0,0.9736842105263158,0.7107438016528926,0.8142944597490054,0.9629629629629632
406,0.1,0.88,0.1076115485564304,0.3333333333333333,0.7368421052631579,0.1404644705952867,0.1404644705952867,0.5,0.4235668789808917,0.9964912280701754,0.979024617516774,0.0,0.980701754385965,0.6880000000000001,0.8133121693121693,0.9629629629629632
407,0.0,0.6,0.1076115485564304,0.3333333333333333,0.3157894736842105,0.131608388525604,0.131608388525604,0.0,0.0,0.9298245614035088,0.9683123026448162,0.0,0.968421052631579,0.6666666666666666,0.7420866489832006,0.896551724137931
408,0.0,0.6,0.1076115485564304,0.3333333333333333,0.3157894736842105,0.131608388525604,0.131608388525604,0.0,0.0,0.9298245614035088,0.9683123026448162,0.0,0.968421052631579,0.6666666666666666,0.7420866489832006,0.896551724137931
409,0.0,0.6,0.1076115485564304,0.3333333333333333,0.3157894736842105,0.131608388525604,0.131608388525604,0.0,0.0,0.9298245614035088,0.9683123026448162,0.0,0.968421052631579,0.6666666666666666,0.7420866489832006,0.896551724137931
410,0.0,0.6,0.1076115485564304,0.3333333333333333,0.3157894736842105,0.131608388525604,0.131608388525604,0.0,0.0,0.9298245614035088,0.9683123026448162,0.0,0.968421052631579,0.6666666666666666,0.7420866489832006,0.896551724137931
411,0.0,0.6,0.1076115485564304,0.3333333333333333,0.3157894736842105,0.131608388525604,0.131608388525604,0.0,0.0,0.9298245614035088,0.9683123026448162,0.0,0.968421052631579,0.6666666666666666,0.7420866489832006,0.896551724137931
412,0.0,0.6,0.1076115485564304,0.3333333333333333,0.3157894736842105,0.131608388525604,0.131608388525604,0.0,0.0,0.9298245614035088,0.9683123026448162,0.0,0.968421052631579,0.6666666666666666,0.7420866489832006,0.896551724137931
413,0.0,0.6,0.1076115485564304,0.3333333333333333,0.3157894736842105,0.131608388525604,0.131608388525604,0.0,0.0,0.9298245614035088,0.9683123026448162,0.0,0.968421052631579,0.6666666666666666,0.7420866489832006,0.896551724137931
414,0.1,0.0,0.1076115485564304,0.3333333333333333,0.2105263157894736,0.1280967746769481,0.1280967746769481,0.0,0.3554572271386431,0.9894736842105264,0.9608666503701804,0.0,0.9894736842105264,0.6991869918699187,0.8113551893456797,0.9504950495049505
415,0.0,0.6,0.1076115485564304,0.3333333333333333,0.3157894736842105,0.131608388525604,0.131608388525604,0.0,0.0,0.9298245614035088,0.9683123026448162,0.0,0.968421052631579,0.6666666666666666,0.7420866489832006,0.896551724137931
416,0.0,0.6,0.1076115485564304,0.3333333333333333,0.3157894736842105,0.131608388525604,0.131608388525604,0.0,0.0,0.9298245614035088,0.9683123026448162,0.0,0.968421052631579,0.6666666666666666,0.7420866489832006,0.896551724137931
417,0.0,0.6,0.1076115485564304,0.3333333333333333,0.3157894736842105,0.131608388525604,0.131608388525604,0.0,0.0,0.9298245614035088,0.9683123026448162,0.0,0.968421052631579,0.6666666666666666,0.7420866489832006,0.896551724137931
418,0.0,0.6,0.1076115485564304,0.3333333333333333,0.3157894736842105,0.131608388525604,0.131608388525604,0.0,0.0,0.9298245614035088,0.9683123026448162,0.0,0.968421052631579,0.6666666666666666,0.7420866489832006,0.896551724137931
419,0.0,0.6,0.1076115485564304,0.3333333333333333,0.3157894736842105,0.131608388525604,0.131608388525604,0.0,0.0,0.9298245614035088,0.9683123026448162,0.0,0.968421052631579,0.6666666666666666,0.7420866489832006,0.896551724137931
420,0.0,0.6,0.1076115485564304,0.3333333333333333,0.3157894736842105,0.1295933200910932,0.1295933200910932,0.0,0.1163522012578616,0.980701754385965,0.9701861282890748,0.0,0.9894736842105264,0.6771653543307087,0.7627206081998372,0.896551724137931
421,0.1,0.84,0.1076115485564304,0.3333333333333333,0.4210526315789473,0.1152199002769266,0.1152199002769266,0.1666666666666666,0.0,0.9929824561403509,0.9924305525112154,0.0,0.9789473684210528,0.6771653543307087,0.7248810989731018,0.7804878048780488
422,0.0,0.0,0.1076115485564304,0.3333333333333333,0.2105263157894736,0.1295519483706464,0.1295519483706464,0.0,0.1042253521126761,0.9789473684210528,0.9661274860386202,0.0,0.9947368421052633,0.6771653543307087,0.7644012804687447,0.896551724137931
423,0.1,0.84,0.1076115485564304,0.3333333333333333,0.4210526315789473,0.1152199002769266,0.1152199002769266,1.0,0.0,0.9929824561403509,0.9924305525112154,0.0,0.9789473684210528,0.6771653543307087,0.7248810989731018,0.7804878048780488
424,0.1,0.84,0.1076115485564304,0.3333333333333333,0.4210526315789473,0.1152199002769266,0.1152199002769266,1.0,0.0,0.9929824561403509,0.9924305525112154,0.0,0.9789473684210528,0.6771653543307087,0.7248810989731018,0.7804878048780488
425,0.0,0.8,0.1076115485564304,0.3333333333333333,0.4736842105263157,0.1385227332733882,0.1385227332733882,0.0,0.179734686560578,0.9649122807017544,0.9230910459069552,0.0,0.9719298245614036,0.6991869918699187,0.8233439454135643,0.9629629629629632
426,0.1,0.92,0.1076115485564304,0.3333333333333333,0.4736842105263157,0.1278172987733339,0.1278172987733339,0.0,0.3470694785871394,0.9859649122807016,0.9467216359883656,0.0,0.9719298245614036,0.7107438016528926,0.8059249262005517,0.9056603773584904
427,0.0,0.84,0.1076115485564304,0.3333333333333333,0.4210526315789473,0.1136753054102144,0.1136753054102144,0.0,0.0,0.9666666666666668,0.9853142733108003,0.0,0.9912280701754386,0.6771653543307087,0.7142601839404221,0.7804878048780488
428,0.0,0.7,0.1076115485564304,0.3333333333333333,0.3157894736842105,0.1369699881442768,0.1369699881442768,0.0,0.2059868808513231,0.950877192982456,0.8879045390949334,0.0,0.9719298245614036,0.7107438016528926,0.7961126415671871,0.9629629629629632
429,0.1,0.0,0.1076115485564304,0.3333333333333333,0.2105263157894736,0.11362464673794,0.11362464673794,0.0,0.4602824931968382,0.9947368421052633,0.9821843333347592,0.0,0.980701754385965,0.6880000000000001,0.7279453860640301,0.8135593220338984
430,0.1,0.0,0.1076115485564304,0.3333333333333333,0.2105263157894736,0.1281892622307667,0.1281892622307667,0.0,0.35656836461126,0.9894736842105264,0.9726095037568768,0.0,0.9719298245614036,0.6880000000000001,0.7945530253741055,0.9056603773584908
431,0.2,0.8,0.1076115485564304,0.3333333333333333,0.4736842105263157,0.1883261930660233,0.1883261930660233,0.0,0.0,0.9912280701754386,0.965916681314818,0.0,0.9894736842105264,0.6771653543307087,0.8001473030156946,0.979591836734694
432,0.2,0.8,0.1076115485564304,0.3333333333333333,0.4736842105263157,0.1883261930660233,0.1883261930660233,0.0,0.0,0.9912280701754386,0.965916681314818,0.0,0.9894736842105264,0.6771653543307087,0.8001473030156946,0.979591836734694
433,1.0,1.0,0.8923884514435696,0.3333333333333333,0.4736842105263157,0.8710648301268233,0.8710648301268233,1.0,0.781916599839615,0.99438202247191,0.9696436096142522,0.019298245614035,1.0,0.7218045112781954,0.7721104263753992,0.896551724137931
434,0.0,0.7,0.1076115485564304,0.3333333333333333,0.3157894736842105,0.1372378752995413,0.1372378752995413,0.0,0.181697273517827,0.9666666666666668,0.9144604920513548,0.0,0.9649122807017544,0.6991869918699187,0.8085160548575183,0.9629629629629632
435,0.2,0.98,0.1076115485564304,0.3333333333333333,0.631578947368421,0.1422670208883609,0.1422670208883609,0.0,0.999999999999902,0.9982456140350876,1.0,0.0056179775280898,0.9929824561403509,0.6771653543307087,0.7955396341223113,0.9629629629629632
436,0.1,1.0,0.1076115485564304,0.3333333333333333,0.4736842105263157,0.1278386580384042,0.1278386580384042,0.5,0.5865764670112495,0.9982456140350876,0.964315823658891,0.0056179775280898,0.9982456140350876,0.6906474820143884,0.7643211690594474,0.896551724137931
437,0.1,0.84,0.1076115485564304,0.3333333333333333,0.4210526315789473,0.1152091177037226,0.1152091177037226,0.0,0.1999999999999999,0.987719298245614,0.9847456379297652,0.0,0.9789473684210528,0.6771653543307087,0.7281062551916062,0.7933884297520662
438,0.0,0.8,0.1076115485564304,0.3333333333333333,0.4736842105263157,0.1388994571970914,0.1388994571970914,0.0,0.2306776328542549,0.9666666666666668,0.9310450102510388,0.0,0.9771929824561404,0.6880000000000001,0.8296386999244143,0.979591836734694
439,0.1,0.62,0.1076115485564304,0.3333333333333333,0.2631578947368421,0.1297795939456985,0.1297795939456985,0.0,0.3472317244762285,0.9894736842105264,0.8351367828720654,0.0,0.9964912280701754,0.6906474820143884,0.7706931542144926,0.8349514563106797
440,0.2,1.0,0.1076115485564304,0.3333333333333333,0.3684210526315789,0.1222079327064974,0.1222079327064974,0.0,0.3697120682221051,0.9964912280701754,0.9119455181299466,0.0,1.0,0.6808510638297872,0.7538032287905463,0.8387096774193549
441,0.1,0.0,0.1076115485564304,0.3333333333333333,0.2105263157894736,0.1277451653937997,0.1277451653937997,0.0,0.2426229508196721,0.9824561403508772,0.9459026735616582,0.0,0.9824561403508772,0.6880000000000001,0.808137931034483,0.9600000000000002
442,0.1,0.7,0.1076115485564304,0.3333333333333333,0.3157894736842105,0.1563814392253919,0.1563814392253919,0.0,0.0,0.987719298245614,0.934771995753836,0.0,0.9771929824561404,0.6880000000000001,0.772864168618267,0.9285714285714286
443,0.1,0.8,0.1076115485564304,0.3333333333333333,0.4736842105263157,0.166986306306649,0.166986306306649,0.0,0.2046908315565031,0.9894736842105264,0.9546402140300893,0.0,0.9859649122807016,0.6771653543307087,0.815623493491885,0.979591836734694
444,0.1,0.7,0.1076115485564304,0.3333333333333333,0.3157894736842105,0.1563814392253919,0.1563814392253919,0.0,0.0,0.987719298245614,0.934771995753836,0.0,0.9771929824561404,0.6880000000000001,0.772864168618267,0.9285714285714286
445,0.1,0.62,0.1076115485564304,0.3333333333333333,0.2631578947368421,0.1186939960766261,0.1186939960766261,0.0,0.3405626455991087,0.9824561403508772,0.8254968573687667,0.0,0.9964912280701754,0.7222222222222222,0.7642428962522421,0.8037383177570093
446,0.0,0.0,0.1076115485564304,0.3333333333333333,0.2105263157894736,0.1150380835783706,0.1150380835783706,0.0,0.0,0.9736842105263158,0.9637537735660447,0.0,0.9614035087719298,0.6880000000000001,0.7513926868044516,0.8648648648648649
447,0.0,0.84,0.1076115485564304,0.3333333333333333,0.4210526315789473,0.1136686821712493,0.1136686821712493,0.0,0.0,0.9771929824561404,0.9753123588740028,0.0,0.9842105263157894,0.6771653543307087,0.7191382327209099,0.8
448,0.0,0.84,0.1076115485564304,0.3333333333333333,0.4210526315789473,0.1136686821712493,0.1136686821712493,0.0,0.0,0.9771929824561404,0.9753123588740028,0.0,0.9842105263157894,0.6771653543307087,0.7191382327209099,0.8
449,0.1,0.62,0.1076115485564304,0.3333333333333333,0.2631578947368421,0.1142101308515002,0.1142101308515002,0.0,0.2202434461478656,0.9929824561403509,0.9124974780384864,0.0,0.9912280701754386,0.7222222222222222,0.7726504172156345,0.8727272727272728
450,0.0,0.0,0.1076115485564304,0.3333333333333333,0.2105263157894736,0.12741332818582,0.12741332818582,0.0,0.1952506596306069,0.9578947368421052,0.9273131395665538,0.0,0.9789473684210528,0.6880000000000001,0.8181379310344828,1.0
451,0.0,0.0,0.1076115485564304,0.3333333333333333,0.2105263157894736,0.1136100158578076,0.1136100158578076,0.0,0.1724941724941724,0.968421052631579,0.9620611514478704,0.0,0.9666666666666668,0.6880000000000001,0.736944936086529,0.8495575221238937
452,0.0,0.0,0.1076115485564304,0.3333333333333333,0.2105263157894736,0.115010166697358,0.115010166697358,0.0,0.0,0.9666666666666668,0.95108065081892,0.0,0.963157894736842,0.6880000000000001,0.7573986928104576,0.8888888888888888
453,0.0,0.0,0.1076115485564304,0.3333333333333333,0.2105263157894736,0.1136635583156464,0.1136635583156464,0.0,0.0,0.9771929824561404,0.9674847788990246,0.0,0.9771929824561404,0.6771653543307087,0.7225280632293845,0.8135593220338984
454,0.1,0.7,0.1076115485564304,0.3333333333333333,0.4736842105263157,0.1154914655212339,0.1154914655212339,1.0,0.0,0.9929824561403509,1.0,0.0,1.0,0.6666666666666666,0.7165098039215685,0.7679999999999999
455,0.1,0.7,0.1076115485564304,0.3333333333333333,0.4736842105263157,0.1154914655212339,0.1154914655212339,1.0,0.0,0.9929824561403509,1.0,0.0,1.0,0.6666666666666666,0.7165098039215685,0.7679999999999999
456,0.1,0.7,0.1076115485564304,0.3333333333333333,0.4736842105263157,0.1154914655212339,0.1154914655212339,1.0,0.0,0.9929824561403509,1.0,0.0,1.0,0.6666666666666666,0.7165098039215685,0.7679999999999999
457,0.1,0.7,0.1076115485564304,0.3333333333333333,0.4736842105263157,0.1154914655212339,0.1154914655212339,1.0,0.0,0.9929824561403509,1.0,0.0,1.0,0.6666666666666666,0.7165098039215685,0.7679999999999999
458,0.1,0.7,0.1076115485564304,0.3333333333333333,0.4736842105263157,0.1154914655212339,0.1154914655212339,1.0,0.0,0.9929824561403509,1.0,0.0,1.0,0.6666666666666666,0.7165098039215685,0.7679999999999999
459,0.1,0.7,0.1076115485564304,0.3333333333333333,0.4736842105263157,0.1154914655212339,0.1154914655212339,1.0,0.0,0.9929824561403509,1.0,0.0,1.0,0.6666666666666666,0.7165098039215685,0.7679999999999999
460,0.1,0.7,0.1076115485564304,0.3333333333333333,0.4736842105263157,0.1154914655212339,0.1154914655212339,1.0,0.0,0.9929824561403509,1.0,0.0,1.0,0.6666666666666666,0.7165098039215685,0.7679999999999999
461,0.1,0.7,0.1076115485564304,0.3333333333333333,0.4736842105263157,0.1154914655212339,0.1154914655212339,1.0,0.0,0.9947368421052633,1.0,0.0,1.0,0.6666666666666666,0.7165098039215685,0.7679999999999999
462,0.1,0.7,0.1076115485564304,0.3333333333333333,0.4736842105263157,0.1154914655212339,0.1154914655212339,1.0,0.0,0.9929824561403509,1.0,0.0,1.0,0.6666666666666666,0.7165098039215685,0.7679999999999999
463,1.0,0.7,0.8923884514435696,0.3333333333333333,0.4736842105263157,0.8845085344787661,0.8845085344787661,0.0,0.9999999999998328,0.99438202247191,1.0,0.0263157894736842,1.0,0.6666666666666666,0.7165098039215685,0.7679999999999999
464,0.1,0.7,0.1076115485564304,0.3333333333333333,0.4736842105263157,0.1154914655212339,0.1154914655212339,1.0,0.0,0.9947368421052633,1.0,0.0,0.975438596491228,0.6666666666666666,0.7165098039215685,0.7679999999999999
465,0.1,0.7,0.1076115485564304,0.3333333333333333,0.4736842105263157,0.1154914655212339,0.1154914655212339,1.0,0.0,0.9947368421052633,1.0,0.0,0.975438596491228,0.6666666666666666,0.7165098039215685,0.7679999999999999
466,0.1,0.62,0.1076115485564304,0.3333333333333333,0.2631578947368421,0.1149336546869241,0.1149336546869241,0.0,0.2341729450129315,0.9824561403508772,0.9302628008539876,0.0,0.9719298245614036,0.7107438016528926,0.7729634657543042,0.9056603773584904
467,0.0,0.0,0.1076115485564304,0.3333333333333333,0.2105263157894736,0.1135786699037045,0.1135786699037045,0.0,0.3694006773671034,0.980701754385965,0.9501630430987732,0.0,0.975438596491228,0.6991869918699187,0.7677728138667526,0.9504950495049505
468,0.0,0.0,0.1076115485564304,0.3333333333333333,0.2105263157894736,0.1148855963743201,0.1148855963743201,0.0,0.1621677526114385,0.9789473684210528,0.9410473358140528,0.0,0.9719298245614036,0.6991869918699187,0.7856679257068682,0.979591836734694
469,1.0,1.0,0.8923884514435696,0.3333333333333333,0.4210526315789473,0.88553912524282,0.88553912524282,0.9375,0.5,0.99438202247191,0.992184626700993,0.0,1.0,0.6666666666666666,0.7125960061443932,0.7741935483870969
470,0.0,0.7,0.1076115485564304,0.3333333333333333,0.3157894736842105,0.16050875765711,0.16050875765711,0.0,0.2395258366091613,0.9666666666666668,0.899170942479071,0.0,0.9771929824561404,0.6771653543307087,0.7776220860323495,0.9285714285714286
471,0.2,0.62,0.1076115485564304,0.3333333333333333,0.2631578947368421,0.1135749943021607,0.1135749943021607,0.0,0.2627511591962905,0.987719298245614,0.94141635419382,0.0,0.9736842105263158,0.7107438016528926,0.7666966871512326,0.9230769230769232
472,0.0,0.0,0.1076115485564304,0.3333333333333333,0.2105263157894736,0.1135842254317429,0.1135842254317429,0.0,0.0603588907014682,0.956140350877193,0.9366905183822704,0.0,0.9614035087719298,0.6880000000000001,0.7509706498951783,0.9056603773584908
473,0.0,0.0,0.1076115485564304,0.3333333333333333,0.2105263157894736,0.1135800618139175,0.1135800618139175,0.0,0.0569230769230769,0.950877192982456,0.9323486419953289,0.0,0.963157894736842,0.6880000000000001,0.7531269841269841,0.9142857142857144
474,0.0,0.7,0.1076115485564304,0.3333333333333333,0.3157894736842105,0.1329457436741116,0.1329457436741116,0.0,0.152276163279019,0.9736842105263158,0.8835477943827647,0.0,0.9789473684210528,0.6880000000000001,0.7707872523686478,0.9629629629629632
475,0.0,0.0,0.1076115485564304,0.3333333333333333,0.2105263157894736,0.1151341060077424,0.1151341060077424,0.0,0.1804878048780487,0.9771929824561404,0.9639954075774972,0.0,0.9666666666666668,0.6771653543307087,0.7459753639698059,0.8648648648648649
476,1.0,1.0,0.8923884514435696,0.3333333333333333,0.2105263157894736,0.8871352493323499,0.8871352493323499,1.0,0.7794975149688882,0.99438202247191,0.9757637671652704,0.0228070175438596,1.0,0.6666666666666666,0.7694612479054841,0.9896907216494848
477,0.0,0.62,0.1076115485564304,0.3333333333333333,0.2631578947368421,0.1136102177202577,0.1136102177202577,0.0,0.2715745935958503,0.9614035087719298,0.8838933500491748,0.0,0.980701754385965,0.7222222222222222,0.7487966450948196,0.8275862068965518
478,0.1,0.7,0.1076115485564304,0.3333333333333333,0.4210526315789473,0.1137788573211814,0.1137788573211814,1.0,0.0,0.9912280701754386,1.0,0.0,0.9649122807017544,0.6666666666666666,0.709010840108401,0.7804878048780488
479,0.1,0.7,0.1076115485564304,0.3333333333333333,0.4210526315789473,0.1137788573211814,0.1137788573211814,1.0,0.0,0.9912280701754386,1.0,0.0,0.968421052631579,0.6666666666666666,0.709010840108401,0.7804878048780488
480,0.1,0.7,0.1076115485564304,0.3333333333333333,0.4210526315789473,0.1137788573211814,0.1137788573211814,1.0,0.0,0.9894736842105264,1.0,0.0,0.9894736842105264,0.6666666666666666,0.709010840108401,0.7804878048780488
481,0.1,0.7,0.1076115485564304,0.3333333333333333,0.4210526315789473,0.1137788573211814,0.1137788573211814,1.0,0.0,0.9912280701754386,1.0,0.0056179775280898,0.9666666666666668,0.6666666666666666,0.709010840108401,0.7804878048780488
482,0.1,0.7,0.1076115485564304,0.3333333333333333,0.4210526315789473,0.1137788573211814,0.1137788573211814,1.0,0.0,0.9894736842105264,1.0,0.0,0.9894736842105264,0.6666666666666666,0.709010840108401,0.7804878048780488
483,0.1,0.7,0.1076115485564304,0.3333333333333333,0.4210526315789473,0.1137788573211814,0.1137788573211814,1.0,0.0,0.9894736842105264,1.0,0.0,0.9894736842105264,0.6666666666666666,0.709010840108401,0.7804878048780488
484,0.1,0.7,0.1076115485564304,0.3333333333333333,0.4210526315789473,0.1137788573211814,0.1137788573211814,1.0,0.0,0.9894736842105264,1.0,0.0,0.9894736842105264,0.6666666666666666,0.709010840108401,0.7804878048780488
485,0.1,0.7,0.1076115485564304,0.3333333333333333,0.4210526315789473,0.1137788573211814,0.1137788573211814,1.0,0.0,0.9894736842105264,1.0,0.0,0.9894736842105264,0.6666666666666666,0.709010840108401,0.7804878048780488
486,0.1,0.0,0.1076115485564304,0.3333333333333333,0.2105263157894736,0.1135373352999531,0.1135373352999531,0.0,0.0780624327233583,0.987719298245614,0.9484218462820708,0.0,0.9719298245614036,0.6991869918699187,0.7725732939147574,0.9696969696969696
487,0.1,0.62,0.1076115485564304,0.3333333333333333,0.2631578947368421,0.1147015100650898,0.1147015100650898,0.0,0.4274043920135139,0.9964912280701754,0.9385337518876562,0.0,0.9859649122807016,0.7226890756302521,0.7343391902215433,0.7647058823529411
488,0.0,0.0,0.1076115485564304,0.3333333333333333,0.2105263157894736,0.11354780502349,0.11354780502349,0.0,0.3521336327905671,0.975438596491228,0.9464950638293926,0.0,0.9649122807017544,0.6880000000000001,0.769453514739229,0.9795918367346936
489,0.0,0.0,0.1076115485564304,0.3333333333333333,0.2105263157894736,0.115073185206294,0.115073185206294,0.0,0.2459251496180258,0.963157894736842,0.9387495883708896,0.0,0.975438596491228,0.6771653543307087,0.7583305763250182,0.9142857142857144
490,0.0,0.0,0.1076115485564304,0.3333333333333333,0.2105263157894736,0.1146678833438654,0.1146678833438654,0.0,0.1460583532052182,0.9333333333333332,0.8775082118945458,0.0,0.980701754385965,0.6880000000000001,0.7533582887700536,0.8727272727272728
491,0.0,0.0,0.1076115485564304,0.3333333333333333,0.2105263157894736,0.1259185016664659,0.1259185016664659,0.0,0.1932398902344841,0.936842105263158,0.8714940061770402,0.0,0.9789473684210528,0.6771653543307087,0.7696171599239752,0.896551724137931
492,0.0,0.0,0.1076115485564304,0.3333333333333333,0.2105263157894736,0.1145692993484861,0.1145692993484861,0.0,0.1683093252463988,0.9192982456140352,0.8610013549995346,0.0,0.975438596491228,0.6880000000000001,0.7420730223123733,0.8275862068965518
493,0.1,0.0,0.1076115485564304,0.3333333333333333,0.2105263157894736,0.1133101857321561,0.1133101857321561,0.0,0.2212097472477632,0.987719298245614,0.8931356879163779,0.0,0.987719298245614,0.6991869918699187,0.7106001793100638,0.7222222222222222
494,0.1,0.0,0.1076115485564304,0.3333333333333333,0.2105263157894736,0.1132841681689756,0.1132841681689756,0.0,0.1811398473901007,0.9842105263157894,0.8641185747941721,0.0,0.987719298245614,0.6880000000000001,0.7023333333333334,0.7222222222222222
495,0.1,0.0,0.1076115485564304,0.3333333333333333,0.2105263157894736,0.1133243201801026,0.1133243201801026,0.0,0.1710941735497656,0.9824561403508772,0.8586250316151894,0.0,0.9859649122807016,0.6771653543307087,0.6995893605404587,0.7222222222222222
496,0.0,0.0,0.1076115485564304,0.3333333333333333,0.2105263157894736,0.1126636211521,0.1126636211521,0.0,0.3373190286059245,0.9771929824561404,0.8546624795016282,0.0,0.9894736842105264,0.1,0.5871818181818182,0.8727272727272728
497,0.0,0.0,0.1076115485564304,0.3333333333333333,0.2105263157894736,0.1126632500157167,0.1126632500157167,0.0,0.0,0.9421052631578948,0.8747805276956009,0.0,0.9912280701754386,0.1011673151750972,0.5808473843493298,0.8888888888888888
498,0.0,0.0,0.1076115485564304,0.3333333333333333,0.2105263157894736,0.1126632500157167,0.1126632500157167,0.0,0.0,0.9421052631578948,0.8747805276956009,0.0,0.9912280701754386,0.1011673151750972,0.5808473843493298,0.8888888888888888
499,0.0,0.0,0.1076115485564304,0.3333333333333333,0.2105263157894736,0.1126632082570385,0.1126632082570385,0.0,0.0555555555555555,0.9403508771929824,0.8583905664377343,0.0,0.9912280701754386,0.1019607843137254,0.5852386237513874,0.9056603773584908
500,0.0,0.0,0.1076115485564304,0.3333333333333333,0.2105263157894736,0.1126631993161104,0.1126631993161104,0.0,0.0430057564728051,0.9385964912280702,0.6423789569538978,0.0,0.9982456140350876,0.1176470588235294,0.5627450980392157,0.8
501,0.4,0.92,0.7183098591549295,1.0,0.3157894736842105,0.4579003865855029,0.4579003865855029,1.0,0.5547945205479452,0.99438202247191,0.9375296279701024,0.0,1.0,0.6771653543307087,0.6960765346592119,0.7272727272727273
502,0.3,0.9,0.3949579831932773,1.0,0.2105263157894736,0.457935537725279,0.457935537725279,0.0,0.3739549839228295,0.9719101123595506,0.8025296065387942,0.0,0.99438202247191,0.787878787878788,0.89461240104139,0.9885057471264368
503,0.6,0.92,0.7183098591549295,1.0,0.3157894736842105,0.4579003865868752,0.4579003865868752,0.0,0.4046384853130856,0.9831460674157304,0.8077364392260417,0.0,0.99438202247191,0.7027027027027026,0.7652930397392246,0.7889908256880733
504,0.7,1.0,0.2816901408450704,1.0,0.3684210526315789,0.5420996134144971,0.5420996134144971,1.0,0.8122881355932203,0.9982456140350876,0.9589757836736584,0.0224719101123595,1.0,0.6666666666666666,0.6756756756756755,0.7027027027027026
505,0.5,0.92,0.7183098591549295,1.0,0.3157894736842105,0.4579007344621861,0.4579007344621861,0.5,0.7751768189716356,0.99438202247191,0.9439480147047608,0.0035087719298245,0.99438202247191,0.6666666666666666,0.825753569539926,0.924731182795699
506,0.4,0.92,0.7183098591549295,1.0,0.3157894736842105,0.4579003865855029,0.4579003865855029,0.6666666666666666,0.627906976744186,0.99438202247191,0.9546096390622903,0.0017543859649122,0.99438202247191,0.6666666666666666,0.6919358382773017,0.7027027027027026
507,0.3,0.9,0.3949579831932773,1.0,0.2105263157894736,0.4579914946641699,0.4579914946641699,0.0,0.2463490068306236,0.9719101123595506,0.8529571210986913,0.0,0.9831460674157304,0.7222222222222222,0.8944708537405165,0.9662921348314606
508,0.6,0.94,0.6050420168067228,1.0,0.4736842105263157,0.4304268404920306,0.4304268404920306,0.0,0.253448275862069,0.9929824561403509,0.95752369589713,0.0,0.9964912280701754,0.7027027027027026,0.7652930397392246,0.7889908256880733
509,0.2,0.96,0.7183098591549295,1.0,0.3157894736842105,0.457996094617337,0.457996094617337,0.5,0.3992134718160735,0.9831460674157304,0.897067868175002,0.0017543859649122,0.9831460674157304,0.7027027027027026,0.9037197022750796,0.979591836734694
510,0.6,0.92,0.3949579831932773,1.0,0.5789473684210527,0.5053275725611399,0.5053275725611399,0.6666666666666666,0.4452720569066328,0.9887640449438202,0.961059434361814,0.0017543859649122,0.99438202247191,0.7027027027027026,0.795725800988959,0.8421052631578947
511,0.5,0.98,0.7457627118644068,0.6666666666666666,0.631578947368421,0.7616221426146518,0.7616221426146518,0.0,0.999999999999941,0.99438202247191,1.0,0.0017543859649122,1.0,0.6760563380281691,0.7043218661562873,0.7428571428571428
512,0.7,0.94,0.6050420168067228,1.0,0.4736842105263157,0.4298481599382426,0.4298481599382426,0.0,0.2525773195876288,0.9929824561403509,0.971135429444552,0.0,0.9947368421052633,0.7027027027027026,0.7701710885197124,0.8
513,0.6,0.94,0.6050420168067228,1.0,0.4736842105263157,0.4293964261335594,0.4293964261335594,0.3333333333333333,0.3379310344827585,0.9947368421052633,0.9807014207709652,0.0112359550561797,0.9929824561403509,0.7027027027027026,0.7735609190281869,0.8135593220338984
514,0.8,0.98,0.6050420168067228,1.0,0.5789473684210527,0.514541871059738,0.514541871059738,0.5,0.4339084828215264,0.9964912280701754,0.9551024099109282,0.0112359550561797,1.0,0.7222222222222222,0.8142474999271117,0.8648648648648649
515,0.4,0.9,0.3949579831932773,1.0,0.2105263157894736,0.4654901125102314,0.4654901125102314,0.5,0.4119819314847176,0.9887640449438202,0.9497662103543464,0.0,0.9775280898876404,0.7428571428571428,0.8422799422799422,0.8888888888888888
516,0.9,0.98,0.6050420168067228,1.0,0.4736842105263157,0.2598708668904312,0.2598708668904312,1.0,0.0,0.9964912280701754,0.9915071624647498,0.0168539325842696,0.9982456140350876,0.7226890756302521,0.7288770053475935,0.7428571428571428
517,0.2,0.96,0.3949579831932773,1.0,0.3157894736842105,0.7509446677891229,0.7509446677891229,0.0,0.302491103202847,0.9719101123595506,0.9799058478920388,0.0,0.9831460674157304,0.7107438016528926,0.715031933993942,0.7222222222222222
518,0.5,0.92,0.7183098591549295,1.0,0.3157894736842105,0.4579003865959106,0.4579003865959106,0.0,0.3834374927933953,0.9831460674157304,0.8034074281050317,0.0,0.99438202247191,0.6666666666666666,0.754250111259457,0.8037383177570093
519,0.2,0.9,0.3949579831932773,1.0,0.5263157894736842,0.6142849504379722,0.6142849504379722,0.0,0.4339084828215264,0.9719101123595506,0.963163738973234,0.0017543859649122,1.0,0.7222222222222222,0.7803323234739163,0.8495575221238937
520,0.4,0.9,0.3949579831932773,1.0,0.5263157894736842,0.6157672536828346,0.6157672536828346,0.0,0.0,0.9775280898876404,0.9829137945133656,0.0017543859649122,0.9775280898876404,0.7428571428571428,0.7764915036101476,0.8135593220338984
521,0.5,0.92,0.3949579831932773,1.0,0.5789473684210527,0.5744507110922508,0.5744507110922508,0.0,0.1428571428571429,0.9831460674157304,0.9715392061955468,0.0,0.99438202247191,0.7027027027027026,0.796586182859335,0.9056603773584908
522,0.5,0.92,0.3949579831932773,1.0,0.5789473684210527,0.5748616693506903,0.5748616693506903,0.3333333333333333,0.1666666666666666,0.9887640449438202,0.9761696333041532,0.0,0.9887640449438202,0.7027027027027026,0.7987425170911409,0.9142857142857144
523,0.4,0.92,0.3949579831932773,1.0,0.5789473684210527,0.5080607065709133,0.5080607065709133,1.0,0.644542772861357,0.99438202247191,0.9761907940585124,0.0017543859649122,1.0,0.7428571428571428,0.8195371606586559,0.8971962616822429
524,0.7,0.9,0.3949579831932773,1.0,0.5263157894736842,0.6201430100277885,0.6201430100277885,0.0,0.4971875950136819,0.9887640449438202,0.9657455330673412,0.0,1.0,0.6842105263157894,0.7914497277041989,0.9320388349514565
525,0.8,0.98,0.6050420168067228,1.0,0.7894736842105263,0.3429656723281735,0.3429656723281735,1.0,0.999999999999902,0.9982456140350876,1.0,0.0280898876404494,1.0,0.7428571428571428,0.7696350896740877,0.8135593220338984
526,0.3,0.98,0.2542372881355932,0.6666666666666666,0.5789473684210527,0.2419993789333236,0.2419993789333236,1.0,0.5,0.9964912280701754,0.9878772074114194,0.0112359550561797,1.0,0.6991869918699187,0.7030469493884128,0.7111111111111111
527,0.5,0.94,0.3949579831932773,1.0,0.4736842105263157,0.7506390152424318,0.7506390152424318,0.0,0.0,0.99438202247191,1.0,0.0035087719298245,1.0,0.7027027027027026,0.7156629611175066,0.7384615384615385
528,0.7,0.86,0.2816901408450704,1.0,0.4210526315789473,0.5248980403549592,0.5248980403549592,0.5,0.264099037138927,0.9964912280701754,0.9310110479907991,0.0,0.9982456140350876,0.7027027027027026,0.8196000681149196,0.8727272727272728
529,0.5,0.96,0.2816901408450704,1.0,0.4210526315789473,0.5420950298610953,0.5420950298610953,0.0,0.2932877297990595,0.9964912280701754,0.9061763431866048,0.0,0.9964912280701754,0.7647058823529411,0.8663225380039655,0.9662921348314606
530,0.4,0.98,0.3949579831932773,1.0,0.8947368421052632,0.7374782300796245,0.7374782300796245,1.0,0.9999999999998932,0.99438202247191,1.0,0.0035087719298245,1.0,0.7027027027027026,0.730568600587576,0.7741935483870969
531,0.3,0.96,0.3949579831932773,1.0,0.4736842105263157,0.7541674944860703,0.7541674944860703,0.0,0.0,0.9775280898876404,0.9900560194482612,0.0017543859649122,0.9775280898876404,0.7107438016528926,0.7257015711561166,0.7428571428571428
532,0.7,0.96,0.7457627118644068,0.6666666666666666,0.631578947368421,0.7581293157736716,0.7581293157736716,1.0,0.0,0.9887640449438202,1.0,0.0,1.0,0.6991869918699187,0.7070873534288169,0.7272727272727273
533,0.6,0.98,0.6050420168067228,1.0,0.7894736842105263,0.3068858997314909,0.3068858997314909,1.0,0.6620689655172414,0.9982456140350876,0.9906391503467076,0.0168539325842696,1.0,0.7428571428571428,0.763017159701021,0.8135593220338984
534,0.4,0.96,0.2542372881355932,0.6666666666666666,0.631578947368421,0.2418706842263284,0.2418706842263284,0.0,0.999999999999808,0.9982456140350876,1.0,0.0112359550561797,0.9982456140350876,0.6991869918699187,0.7070873534288169,0.7272727272727273
535,0.5,0.98,0.6050420168067228,1.0,0.8947368421052632,0.2616135296184795,0.2616135296184795,0.5,0.999999999999808,0.9982456140350876,1.0,0.0056179775280898,1.0,0.7027027027027026,0.7370202134908017,0.8
536,0.3,0.96,0.3949579831932773,1.0,0.4736842105263157,0.7541674944860703,0.7541674944860703,0.0,0.0,0.9775280898876404,0.9900560194482612,0.0,0.9775280898876404,0.7107438016528926,0.7257015711561166,0.7428571428571428
537,0.3,0.8200000000000001,0.3949579831932773,1.0,0.631578947368421,0.7192007312227537,0.7192007312227537,0.3333333333333333,0.463768115942029,0.9831460674157304,0.9872062663185378,0.0,0.9887640449438202,0.7027027027027026,0.7537233589865169,0.8421052631578947
538,0.6,0.98,0.3949579831932773,1.0,0.8947368421052632,0.7383864703815205,0.7383864703815205,0.0,0.999999999999808,0.99438202247191,1.0,0.0017543859649122,1.0,0.7027027027027026,0.7370202134908017,0.8
539,0.2,0.8200000000000001,0.3949579831932773,1.0,0.631578947368421,0.6930749096090972,0.6930749096090972,0.0,0.3363844393592677,0.9831460674157304,0.9736459469283896,0.0,0.99438202247191,0.7027027027027026,0.7718109413761587,0.8888888888888888
540,0.8,0.88,0.7457627118644068,0.6666666666666666,0.631578947368421,0.7560541441901378,0.7560541441901378,1.0,0.0,0.9887640449438202,1.0,0.0017543859649122,0.9887640449438202,0.6760563380281691,0.6832724373480723,0.7027027027027026
541,0.6,0.96,0.3949579831932773,1.0,0.8421052631578947,0.7389335862233216,0.7389335862233216,1.0,0.0,0.99438202247191,1.0,0.0017543859649122,0.99438202247191,0.7027027027027026,0.7404100439992763,0.8135593220338984
542,0.2,0.96,0.2816901408450704,1.0,0.4210526315789473,0.3763259568078694,0.3763259568078694,0.0,0.2322274881516587,0.9894736842105264,0.9457886898481168,0.0,0.9929824561403509,0.7027027027027026,0.8079610222467366,0.979591836734694
543,0.8,0.92,0.7183098591549295,1.0,0.5263157894736842,0.4672210459571548,0.4672210459571548,0.75,0.4814534852329787,0.9887640449438202,0.96766373516855,0.0070175438596491,1.0,0.7428571428571428,0.8269542717818579,0.8686868686868686
544,0.7,0.84,0.7457627118644068,0.6666666666666666,0.631578947368421,0.7595011019042652,0.7595011019042652,1.0,0.0,0.99438202247191,1.0,0.0,1.0,0.6760563380281691,0.6933110473866823,0.7428571428571428
545,0.1,0.86,0.2816901408450704,1.0,0.4210526315789473,0.4980409401920534,0.4980409401920534,0.0,0.3827751196172249,0.9912280701754386,0.9116148827787542,0.0,0.9912280701754386,0.6808510638297872,0.758741125691734,0.8349514563106797
546,0.7,0.84,0.7457627118644068,0.6666666666666666,0.631578947368421,0.7595011019042652,0.7595011019042652,1.0,0.0,0.99438202247191,1.0,0.0,1.0,0.6760563380281691,0.6933110473866823,0.7428571428571428
547,0.7,1.0,0.1076115485564304,0.3333333333333333,0.5263157894736842,0.5048780154515716,0.5048780154515716,1.0,0.6470588235294117,0.9982456140350876,0.9627293759705892,0.0,1.0,0.8125,0.8654986873390133,0.9795918367346936
548,0.4,0.98,0.2542372881355932,0.6666666666666666,0.5789473684210527,0.2402118327658594,0.2402118327658594,0.5,0.6,0.9982456140350876,0.9920441106452256,0.0056179775280898,1.0,0.6880000000000001,0.6974534534534536,0.7111111111111111
549,0.7,0.98,0.7183098591549295,1.0,0.4210526315789473,0.5509506309737937,0.5509506309737937,0.0,0.4525139664804469,0.9887640449438202,0.9321642824180896,0.0,0.99438202247191,0.7027027027027026,0.7844413862783182,0.8275862068965518
550,0.5,0.8200000000000001,0.3949579831932773,1.0,0.631578947368421,0.7230935443635068,0.7230935443635068,0.0,0.3934426229508196,0.9887640449438202,0.9831283704872114,0.0,0.9831460674157304,0.7350427350427351,0.7637619690251269,0.8421052631578947
551,0.4,1.0,0.2542372881355932,0.6666666666666666,0.631578947368421,0.2383005536408222,0.2383005536408222,0.5,0.5,0.9964912280701754,0.9917125682810322,0.0056179775280898,0.9982456140350876,0.6991869918699187,0.7199231662646297,0.7428571428571428
552,0.4,1.0,0.3949579831932773,1.0,0.7894736842105263,0.7413306291412015,0.7413306291412015,0.5,0.5,0.99438202247191,0.9889783151161564,0.0,0.99438202247191,0.7027027027027026,0.753236429707018,0.8648648648648649
553,0.6,0.98,0.3949579831932773,1.0,0.7894736842105263,0.7426195374039071,0.7426195374039071,0.6666666666666666,0.6666666666666667,0.99438202247191,0.9947049685945204,0.0035087719298245,1.0,0.7226890756302521,0.7504486540378863,0.8135593220338984
554,0.4,0.98,0.2542372881355932,0.6666666666666666,0.5789473684210527,0.240084200484115,0.240084200484115,1.0,0.0,0.9964912280701754,0.9919480196480756,0.0056179775280898,0.9982456140350876,0.6880000000000001,0.7014938574938576,0.7272727272727273
555,0.2,0.78,0.2542372881355932,0.6666666666666666,0.2105263157894736,0.2407030107095258,0.2407030107095258,0.0,0.3490566037735848,0.9894736842105264,0.9762405042831744,0.0,0.9929824561403509,0.6991869918699187,0.7203911228301472,0.7804878048780488
556,0.3,0.78,0.2542372881355932,0.6666666666666666,0.2105263157894736,0.2380876982735762,0.2380876982735762,0.0,0.3333333333333333,0.9964912280701754,0.9832866256130388,0.0,0.9982456140350876,0.6991869918699187,0.7228077816492451,0.7499999999999999
557,0.5,1.0,0.6050420168067228,1.0,0.631578947368421,0.2518813863855954,0.2518813863855954,0.5,0.7176470588235293,0.9982456140350876,0.994177035933036,0.0056179775280898,0.9947368421052633,0.7226890756302521,0.755910838911836,0.8135593220338984
558,0.4,1.0,0.6050420168067228,1.0,0.8421052631578947,0.2567793425450653,0.2567793425450653,1.0,0.6224489795918366,0.9982456140350876,0.9908880735789316,0.0,1.0,0.7226890756302521,0.7539553752535496,0.8275862068965516
559,0.2,1.0,0.1076115485564304,0.3333333333333333,0.3157894736842105,0.1452817483243236,0.1452817483243236,0.0,0.4635220940780096,0.9964912280701754,0.963808974325352,0.0,1.0,0.7107438016528926,0.777930823385369,0.9629629629629632
560,0.4,0.72,0.2816901408450704,1.0,0.3157894736842105,0.2992104159829418,0.2992104159829418,1.0,0.6863588667366212,0.9982456140350876,0.9827814645836214,0.0056179775280898,0.9912280701754386,0.7222222222222222,0.8044685990338163,1.0
561,0.8,0.98,0.7183098591549295,1.0,0.4210526315789473,0.5918880828885961,0.5918880828885961,1.0,0.8066133333333333,0.99438202247191,0.984161420143156,0.0052631578947368,1.0,0.7428571428571428,0.7983915167401405,0.8727272727272728
562,0.2,0.72,0.2816901408450704,1.0,0.3157894736842105,0.3304033141703953,0.3304033141703953,0.0,0.2747663551401869,0.9859649122807016,0.9573679552892124,0.0,0.9912280701754386,0.7428571428571428,0.8111432183492866,0.979591836734694
563,1.0,0.92,0.7183098591549295,1.0,0.5263157894736842,0.4704796835109054,0.4704796835109054,1.0,0.683377308707124,0.99438202247191,0.9181124074325524,0.0070175438596491,1.0,0.6666666666666666,0.7867243867243866,0.8686868686868686
564,0.5,0.88,0.1076115485564304,0.3333333333333333,0.4736842105263157,0.349799171844799,0.349799171844799,0.5,0.4992212848799481,0.9964912280701754,0.9553619717780304,0.0056179775280898,0.9982456140350876,0.7747747747747747,0.8329366298116299,0.9696969696969696
565,0.1,1.0,0.2816901408450704,1.0,0.4736842105263157,0.5015625664463988,0.5015625664463988,0.0,0.0728398885103748,0.9842105263157894,0.89259833254409,0.0,0.987719298245614,0.7272727272727273,0.7850081956878074,0.8349514563106797
566,0.2,0.84,0.2816901408450704,1.0,0.3684210526315789,0.3130848074041112,0.3130848074041112,0.0,0.0779014308426073,0.987719298245614,0.927770129953182,0.0,0.9894736842105264,0.7027027027027026,0.7545537565650196,0.7933884297520662
567,0.6,0.96,0.6050420168067228,1.0,0.8421052631578947,0.2550135700337472,0.2550135700337472,1.0,0.0,0.9964912280701754,1.0,0.0,1.0,0.7226890756302521,0.7632750397456279,0.8648648648648649
568,0.0,0.72,0.2816901408450704,1.0,0.3157894736842105,0.3281290751903312,0.3281290751903312,0.0,0.2155425219941349,0.9789473684210528,0.9402510692628802,0.0,0.9929824561403509,0.7428571428571428,0.8038690215418507,0.9504950495049506
569,0.5,0.96,0.3949579831932773,1.0,0.8421052631578947,0.7449864299662528,0.7449864299662528,0.0,0.999999999999852,0.99438202247191,1.0,0.0035087719298245,1.0,0.7226890756302521,0.7632750397456279,0.8648648648648649
570,0.4,0.92,0.6050420168067228,1.0,0.4210526315789473,0.2539768998701514,0.2539768998701514,0.5,0.3333333333333333,0.9947368421052633,0.980547679911161,0.0056179775280898,0.9929824561403509,0.7027027027027026,0.7746439758670394,0.9504950495049505
571,0.4,0.92,0.6050420168067228,1.0,0.4210526315789473,0.2528652597137426,0.2528652597137426,0.3333333333333333,0.3379310344827585,0.9929824561403509,0.9807575105029214,0.0056179775280898,0.9929824561403509,0.7027027027027026,0.7794444559150442,0.9696969696969696
572,0.5,0.98,0.2542372881355932,0.6666666666666666,0.6842105263157895,0.2407192077529221,0.2407192077529221,1.0,0.9999999999998932,0.9982456140350876,1.0,0.0056179775280898,0.9982456140350876,0.6771653543307087,0.6994794446314648,0.7428571428571428
573,0.7,0.88,0.7457627118644068,0.6666666666666666,0.631578947368421,0.7558435931417873,0.7558435931417873,0.0,0.0,0.99438202247191,1.0,0.0035087719298245,1.0,0.6771653543307087,0.6920361306188079,0.7111111111111111
574,0.4,0.88,0.2542372881355932,0.6666666666666666,0.631578947368421,0.2441564068582127,0.2441564068582127,1.0,0.0,0.9947368421052633,1.0,0.0056179775280898,0.9947368421052633,0.6771653543307087,0.6920361306188079,0.7111111111111111
575,0.7,0.88,0.7457627118644068,0.6666666666666666,0.631578947368421,0.7558435931417873,0.7558435931417873,0.0,0.0,0.99438202247191,1.0,0.0,1.0,0.6771653543307087,0.6920361306188079,0.7111111111111111
576,0.5,1.0,0.3949579831932773,1.0,0.6842105263157895,0.7462237769138378,0.7462237769138378,1.0,0.75,0.99438202247191,0.9957447307890908,0.0017543859649122,1.0,0.7226890756302521,0.7692810457516339,0.8888888888888888
577,0.8,0.98,0.7457627118644068,0.6666666666666666,0.631578947368421,0.7612665952168567,0.7612665952168567,1.0,0.5,0.9887640449438202,0.9828480097218828,0.0,1.0,0.6991869918699187,0.73527725661872,0.8205128205128205
578,0.3,0.88,0.1076115485564304,0.3333333333333333,0.4736842105263157,0.2809285776353305,0.2809285776353305,0.5,0.3983739837398374,0.9964912280701754,0.9809994543762236,0.0,0.9894736842105264,0.7610619469026548,0.8194198623402162,0.8888888888888888
579,0.5,0.84,0.1076115485564304,0.3333333333333333,0.3157894736842105,0.1768438897021755,0.1768438897021755,0.3333333333333333,0.3778628167217487,0.9964912280701754,0.975793206757147,0.0,0.9964912280701754,0.7107438016528926,0.7750147579693034,0.9285714285714286
580,0.2,0.78,0.2542372881355932,0.6666666666666666,0.2105263157894736,0.2392835055247882,0.2392835055247882,0.0,0.1666666666666666,0.9894736842105264,0.9792862969657224,0.0,0.9894736842105264,0.6880000000000001,0.7116756756756757,0.7679999999999999
581,0.3,0.36,0.2542372881355932,0.6666666666666666,0.2631578947368421,0.253713543132654,0.253713543132654,1.0,0.0,0.9947368421052633,1.0,0.0,1.0,0.6666666666666666,0.6756756756756755,0.7027027027027026
582,0.7,0.36,0.7457627118644068,0.6666666666666666,0.2631578947368421,0.746286456867346,0.746286456867346,0.0,0.0,0.99438202247191,1.0,0.0,1.0,0.6666666666666666,0.6756756756756755,0.7027027027027026
583,0.3,0.36,0.2542372881355932,0.6666666666666666,0.2631578947368421,0.253713543132654,0.253713543132654,1.0,0.0,0.9947368421052633,1.0,0.0,1.0,0.6666666666666666,0.6756756756756755,0.7027027027027026
584,0.3,0.36,0.2542372881355932,0.6666666666666666,0.2631578947368421,0.253713543132654,0.253713543132654,1.0,0.0,0.9947368421052633,1.0,0.0,1.0,0.6666666666666666,0.6756756756756755,0.7027027027027026
585,0.3,0.36,0.2542372881355932,0.6666666666666666,0.2631578947368421,0.253713543132654,0.253713543132654,1.0,0.0,0.9947368421052633,1.0,0.0,1.0,0.6666666666666666,0.6756756756756755,0.7027027027027026
586,0.3,0.36,0.2542372881355932,0.6666666666666666,0.2631578947368421,0.253713543132654,0.253713543132654,1.0,0.0,0.9947368421052633,1.0,0.0,1.0,0.6666666666666666,0.6756756756756755,0.7027027027027026
587,0.7,0.36,0.7457627118644068,0.6666666666666666,0.2631578947368421,0.746286456867346,0.746286456867346,0.0,0.0,0.99438202247191,1.0,0.0,1.0,0.6666666666666666,0.6756756756756755,0.7027027027027026
588,0.3,0.36,0.2542372881355932,0.6666666666666666,0.2631578947368421,0.253713543132654,0.253713543132654,1.0,0.0,0.9964912280701754,1.0,0.0,1.0,0.6666666666666666,0.6756756756756755,0.7027027027027026
589,0.3,0.36,0.2542372881355932,0.6666666666666666,0.2631578947368421,0.253713543132654,0.253713543132654,1.0,0.0,0.9947368421052633,1.0,0.0,1.0,0.6666666666666666,0.6756756756756755,0.7027027027027026
590,0.3,0.36,0.2542372881355932,0.6666666666666666,0.2631578947368421,0.253713543132654,0.253713543132654,1.0,0.0,0.9947368421052633,1.0,0.0,1.0,0.6666666666666666,0.6756756756756755,0.7027027027027026
591,0.3,0.36,0.2542372881355932,0.6666666666666666,0.2631578947368421,0.253713543132654,0.253713543132654,1.0,0.0,0.9947368421052633,1.0,0.0,1.0,0.6666666666666666,0.6756756756756755,0.7027027027027026
592,0.2,0.74,0.1076115485564304,0.3333333333333333,0.4210526315789473,0.3302061265786604,0.3302061265786604,0.0,0.1445578231292517,0.9859649122807016,0.9323590756902136,0.0,0.9912280701754386,0.7889908256880733,0.848860492209116,0.9285714285714286
593,0.2,0.78,0.2542372881355932,0.6666666666666666,0.2105263157894736,0.2391119703271249,0.2391119703271249,0.0,0.0,0.9842105263157894,0.9767266302601992,0.0,0.9859649122807016,0.6880000000000001,0.71322406277245,0.7741935483870969
594,0.9,1.0,0.8923884514435696,0.3333333333333333,0.5263157894736842,0.6339712990763735,0.6339712990763735,1.0,0.5866298845649089,0.99438202247191,0.9596345823405876,0.0140350877192982,1.0,0.7889908256880733,0.8585847599230745,0.9896907216494848
595,0.4,0.98,0.2816901408450704,1.0,0.4736842105263157,0.3928809559956758,0.3928809559956758,0.0,0.352549889135255,0.9964912280701754,0.9494750818363836,0.0,0.9964912280701754,0.7647058823529411,0.7840189908702885,0.7933884297520662
596,0.4,0.96,0.6050420168067228,1.0,0.6842105263157895,0.2431078517898376,0.2431078517898376,0.0,0.3483606557377049,0.9964912280701754,0.9800359767534824,0.0,0.9982456140350876,0.7107438016528926,0.758149678604224,0.8888888888888888
597,0.9,1.0,0.7457627118644068,0.6666666666666666,0.2631578947368421,0.7467612360591666,0.7467612360591666,0.7941176470588235,0.5,0.99438202247191,0.9920314990156558,0.0,1.0,0.6666666666666666,0.6817210567210567,0.7222222222222222
598,0.4,0.92,0.6050420168067228,1.0,0.4210526315789473,0.2514238016135101,0.2514238016135101,0.5,0.6,0.9982456140350876,0.9903144207216904,0.0056179775280898,0.9947368421052633,0.7226890756302521,0.7800685322672758,0.9320388349514565
599,0.1,0.78,0.2542372881355932,0.6666666666666666,0.2105263157894736,0.2387263545146416,0.2387263545146416,0.0,0.357487922705314,0.9912280701754386,0.984921123384406,0.0,0.987719298245614,0.6880000000000001,0.7163969871510856,0.7868852459016392
600,0.3,0.74,0.1076115485564304,0.3333333333333333,0.4210526315789473,0.3041869587566863,0.3041869587566863,0.0,0.1419031719532555,0.987719298245614,0.9309819439382438,0.0,0.9912280701754386,0.7889908256880733,0.8595352190053382,0.9629629629629632
601,0.3,0.92,0.2542372881355932,0.6666666666666666,0.4210526315789473,0.2440264603087418,0.2440264603087418,0.0,0.0,0.9912280701754386,0.9881096041344212,0.0,0.9912280701754386,0.6771653543307087,0.6960765346592119,0.7272727272727273
602,0.3,0.92,0.6050420168067228,1.0,0.4210526315789473,0.2498420158401004,0.2498420158401004,0.0,0.1666666666666666,0.9894736842105264,0.9754290763609554,0.0,0.9929824561403509,0.7226890756302521,0.7870588235294118,0.9600000000000002
603,0.3,0.96,0.1076115485564304,0.3333333333333333,0.2631578947368421,0.1946417859232798,0.1946417859232798,0.0,0.3609022556390978,0.9929824561403509,0.9818920916481892,0.0,0.9982456140350876,0.6880000000000001,0.7424848484848485,0.8666666666666667
604,0.1,0.96,0.1076115485564304,0.3333333333333333,0.4736842105263157,0.167946766103611,0.167946766103611,0.0,0.0909090909090909,0.9824561403508772,0.9432574836431012,0.0,0.9912280701754386,0.7478260869565216,0.8146537842190016,0.9629629629629632
605,0.3,0.92,0.2542372881355932,0.6666666666666666,0.4210526315789473,0.2406353344268466,0.2406353344268466,0.0,0.1999999999999999,0.9929824561403509,0.9841374347353432,0.0,0.9982456140350876,0.6771653543307087,0.7047480906991889,0.7428571428571428
606,0.2,0.9,0.2816901408450704,1.0,0.3157894736842105,0.3746713568946067,0.3746713568946067,0.0,0.2686689419795222,0.9842105263157894,0.8825875880812265,0.0,0.9947368421052633,0.6808510638297872,0.7504224645157691,0.7889908256880733
607,0.0,0.84,0.2816901408450704,1.0,0.3684210526315789,0.2488380114583782,0.2488380114583782,0.0,0.0,0.9789473684210528,0.8958623805205906,0.0,0.9894736842105264,0.7027027027027026,0.7383189944165554,0.7804878048780488
608,0.0,0.84,0.2816901408450704,1.0,0.3684210526315789,0.2488380114583782,0.2488380114583782,0.0,0.0,0.9789473684210528,0.8958623805205906,0.0,0.9894736842105264,0.7027027027027026,0.7383189944165554,0.7804878048780488
609,0.4,0.3199999999999999,0.2542372881355932,0.6666666666666666,0.3157894736842105,0.2503207922575892,0.2503207922575892,1.0,0.0,0.9964912280701754,1.0,0.0,1.0,0.6666666666666666,0.6880617035546612,0.7428571428571428
610,0.4,0.3199999999999999,0.2542372881355932,0.6666666666666666,0.3157894736842105,0.2503207922575892,0.2503207922575892,1.0,0.0,0.9982456140350876,1.0,0.0,1.0,0.6666666666666666,0.6880617035546612,0.7428571428571428
611,0.4,0.3199999999999999,0.2542372881355932,0.6666666666666666,0.3157894736842105,0.2503207922575892,0.2503207922575892,1.0,0.0,0.9964912280701754,1.0,0.0,1.0,0.6666666666666666,0.6880617035546612,0.7428571428571428
612,0.4,0.3199999999999999,0.2542372881355932,0.6666666666666666,0.3157894736842105,0.2503207922575892,0.2503207922575892,1.0,0.0,0.9964912280701754,1.0,0.0,1.0,0.6666666666666666,0.6880617035546612,0.7428571428571428
613,0.6,0.3199999999999999,0.7457627118644068,0.6666666666666666,0.3157894736842105,0.7496792077424108,0.7496792077424108,0.0,0.0,0.99438202247191,1.0,0.0,1.0,0.6666666666666666,0.6880617035546612,0.7428571428571428
614,0.4,0.3199999999999999,0.2542372881355932,0.6666666666666666,0.3157894736842105,0.2503207922575892,0.2503207922575892,1.0,0.0,0.9964912280701754,1.0,0.0,1.0,0.6666666666666666,0.6880617035546612,0.7428571428571428
615,0.4,0.3199999999999999,0.2542372881355932,0.6666666666666666,0.3157894736842105,0.2503207922575892,0.2503207922575892,1.0,0.0,0.9964912280701754,1.0,0.0,1.0,0.6666666666666666,0.6880617035546612,0.7428571428571428
616,0.4,0.3199999999999999,0.2542372881355932,0.6666666666666666,0.3157894736842105,0.2503207922575892,0.2503207922575892,1.0,0.0,0.9964912280701754,1.0,0.0,1.0,0.6666666666666666,0.6880617035546612,0.7428571428571428
617,0.4,0.3199999999999999,0.2542372881355932,0.6666666666666666,0.3157894736842105,0.2503207922575892,0.2503207922575892,1.0,0.0,0.9964912280701754,1.0,0.0,1.0,0.6666666666666666,0.6880617035546612,0.7428571428571428
618,0.4,0.3199999999999999,0.2542372881355932,0.6666666666666666,0.3157894736842105,0.2503207922575892,0.2503207922575892,1.0,0.0,0.9964912280701754,1.0,0.0,1.0,0.6666666666666666,0.6880617035546612,0.7428571428571428
619,0.6,0.3199999999999999,0.7457627118644068,0.6666666666666666,0.3157894736842105,0.7496792077424108,0.7496792077424108,0.0,0.0,0.99438202247191,1.0,0.0,1.0,0.6666666666666666,0.6880617035546612,0.7428571428571428
620,0.4,0.3199999999999999,0.2542372881355932,0.6666666666666666,0.3157894736842105,0.2503207922575892,0.2503207922575892,1.0,0.0,0.9964912280701754,1.0,0.0,1.0,0.6666666666666666,0.6880617035546612,0.7428571428571428
621,0.2,0.72,0.2816901408450704,1.0,0.3157894736842105,0.2589541804946029,0.2589541804946029,0.0,0.3775510204081632,0.9947368421052633,0.9640766780842498,0.0,0.9929824561403509,0.7350427350427351,0.7754578754578755,0.8888888888888888
622,0.4,0.3199999999999999,0.2542372881355932,0.6666666666666666,0.3157894736842105,0.2503207922575892,0.2503207922575892,1.0,0.0,0.9964912280701754,1.0,0.0,1.0,0.6666666666666666,0.6880617035546612,0.7428571428571428
623,0.7,0.98,0.7457627118644068,0.6666666666666666,0.631578947368421,0.7656354798813836,0.7656354798813836,1.0,0.5777504211481146,0.99438202247191,0.98543752234537,0.0052631578947368,1.0,0.6991869918699187,0.7495934959349594,0.8571428571428572
624,0.2,0.96,0.1076115485564304,0.3333333333333333,0.6842105263157895,0.1838162472295958,0.1838162472295958,0.0,0.1135040380642333,0.9894736842105264,0.966126833002416,0.0,0.9894736842105264,0.7226890756302521,0.7968772254664578,0.9285714285714286
625,0.8,1.0,0.8923884514435696,0.3333333333333333,0.3157894736842105,0.848921793123611,0.848921793123611,1.0,0.6967213114754098,0.99438202247191,0.9929186879457556,0.0035087719298245,1.0,0.6880000000000001,0.775818181818182,1.0
626,0.3,0.74,0.1076115485564304,0.3333333333333333,0.6842105263157895,0.2200248658625259,0.2200248658625259,0.5,0.556923076923077,0.9982456140350876,0.9824928356098106,0.0,1.0,0.7107438016528926,0.7747131170426625,0.8648648648648649
627,0.3,0.88,0.1076115485564304,0.3333333333333333,0.4736842105263157,0.2714015230267496,0.2714015230267496,0.5,0.4233447941461695,0.9964912280701754,0.962067525719389,0.0056179775280898,0.9912280701754386,0.7610619469026548,0.837197640117994,0.96
628,0.0,0.92,0.1076115485564304,0.3333333333333333,0.3157894736842105,0.1740221570441366,0.1740221570441366,0.0,0.0,0.9789473684210528,0.985115249954428,0.0,0.9912280701754386,0.6771653543307087,0.7485033120859893,0.9285714285714286
629,0.1,0.84,0.2816901408450704,1.0,0.3684210526315789,0.2291833023861746,0.2291833023861746,0.0,0.3717131904324821,0.987719298245614,0.9329847183388572,0.0,0.9912280701754386,0.7027027027027026,0.7512310627406541,0.8807339449541284
630,0.2,0.92,0.1076115485564304,0.3333333333333333,0.5263157894736842,0.3570654075660333,0.3570654075660333,0.5,0.4688796680497925,0.9947368421052633,0.945876141389438,0.0056179775280898,0.987719298245614,0.7111111111111111,0.7753981906218145,0.8125
631,0.3,0.88,0.1076115485564304,0.3333333333333333,0.4736842105263157,0.2796598661102801,0.2796598661102801,0.0,0.2925812908094628,0.987719298245614,0.9335376116697596,0.0,0.9929824561403509,0.7610619469026548,0.8083902109879844,0.8727272727272728
632,0.0,0.78,0.2542372881355932,0.6666666666666666,0.2105263157894736,0.243036481963673,0.243036481963673,0.0,0.0951206715634838,0.975438596491228,0.9610610398172148,0.0,0.9894736842105264,0.6771653543307087,0.7078067399378043,0.7741935483870969
633,0.2,0.94,0.2542372881355932,0.6666666666666666,0.4210526315789473,0.2229813110999201,0.2229813110999201,1.0,0.5610561056105611,0.9982456140350876,0.9848866440325782,0.0,0.9964912280701754,0.6880000000000001,0.7409696969696971,0.8
634,0.5,0.74,0.1076115485564304,0.3333333333333333,0.4210526315789473,0.4899725416964886,0.4899725416964886,0.3333333333333333,0.5100924989701532,0.9982456140350876,0.9530247372408766,0.0056179775280898,0.9947368421052633,0.8205128205128205,0.8716115201263717,0.9629629629629632
635,0.4,1.0,0.1076115485564304,0.3333333333333333,0.4210526315789473,0.1510195586440516,0.1510195586440516,1.0,0.642512077294686,0.9982456140350876,0.9922155765754548,0.0056179775280898,1.0,0.6880000000000001,0.7786153846153847,1.0
636,0.2,0.92,0.1076115485564304,0.3333333333333333,0.5263157894736842,0.5160616501308501,0.5160616501308501,0.0,0.4668835696026029,0.9929824561403509,0.9116020164016548,0.0,0.9929824561403509,0.7111111111111111,0.8442640692640693,0.9285714285714286
637,0.1,0.72,0.2816901408450704,1.0,0.3157894736842105,0.2294282082036058,0.2294282082036058,0.0,0.0,0.9842105263157894,0.946618493846675,0.0,0.987719298245614,0.7107438016528926,0.7718554173099628,0.9230769230769232
638,0.1,0.74,0.1076115485564304,0.3333333333333333,0.6842105263157895,0.155281889826094,0.155281889826094,0.0,0.4302533172496984,0.9912280701754386,0.9708653782097308,0.0,0.9842105263157894,0.7350427350427351,0.8244783244783246,0.9629629629629632
639,0.1,0.74,0.1076115485564304,0.3333333333333333,0.4210526315789473,0.1716016808920474,0.1716016808920474,0.0,0.1697247706422018,0.9964912280701754,0.9795669172516592,0.0,0.9894736842105264,0.6991869918699187,0.7834170253467241,0.9285714285714286
640,0.9,1.0,0.8923884514435696,0.3333333333333333,0.4736842105263157,0.7338424012877406,0.7338424012877406,1.0,0.7329825220823154,0.99438202247191,0.955508375059889,0.0070175438596491,1.0,0.7111111111111111,0.7614337512291052,0.8125
641,0.7,1.0,0.8923884514435696,0.3333333333333333,0.5263157894736842,0.7920955728314096,0.7920955728314096,0.5,0.4931506849315068,0.9887640449438202,0.9820020152183732,0.0017543859649122,0.99438202247191,0.7478260869565216,0.8509538598047914,0.979591836734694
642,0.1,0.8,0.1076115485564304,0.3333333333333333,0.4736842105263157,0.212765258877112,0.212765258877112,0.5,0.6666666666666667,0.9982456140350876,0.982491255030708,0.0,0.9912280701754386,0.7107438016528926,0.8033948600101198,0.979591836734694
643,0.3,0.88,0.1076115485564304,0.3333333333333333,0.7368421052631579,0.1808340217790494,0.1808340217790494,0.0,0.3333333333333333,0.9929824561403509,0.9639812300835824,0.0,0.9982456140350876,0.7226890756302521,0.8220588235294117,0.9285714285714286
644,0.1,0.98,0.1076115485564304,0.3333333333333333,0.8947368421052632,0.1854687151751476,0.1854687151751476,0.0,0.3609022556390978,0.9964912280701754,0.9897072052034837,0.0,1.0,0.7107438016528926,0.8017320540831513,0.896551724137931
645,1.0,0.84,0.8923884514435696,0.3333333333333333,0.3684210526315789,0.8563842759383928,0.8563842759383928,1.0,0.9999999999999264,0.99438202247191,1.0,0.0789473684210526,1.0,0.6771653543307087,0.761141599724277,0.9629629629629632
646,0.1,0.84,0.1076115485564304,0.3333333333333333,0.3684210526315789,0.1436157240616071,0.1436157240616071,0.0,0.0,0.9929824561403509,1.0,0.0,0.9824561403508772,0.6771653543307087,0.761141599724277,0.9629629629629632
647,0.1,0.84,0.1076115485564304,0.3333333333333333,0.3684210526315789,0.1436157240616071,0.1436157240616071,0.0,0.0,0.9929824561403509,1.0,0.0,0.9543859649122808,0.6771653543307087,0.761141599724277,0.9629629629629632
648,0.1,0.88,0.2542372881355932,0.6666666666666666,0.3684210526315789,0.2401702052035942,0.2401702052035942,0.0,0.3400138781174742,0.987719298245614,0.961773696690868,0.0,0.9947368421052633,0.6771653543307087,0.7266477333720035,0.8495575221238937
649,0.0,0.84,0.1076115485564304,0.3333333333333333,0.3157894736842105,0.1711131075383514,0.1711131075383514,0.0,0.0,0.9771929824561404,0.9716975872365952,0.0,0.987719298245614,0.6880000000000001,0.7712648083623694,0.9285714285714286
650,0.3,0.96,0.1076115485564304,0.3333333333333333,0.4736842105263157,0.1640952670814508,0.1640952670814508,0.25,0.4931506849315068,0.9964912280701754,0.9808271909138015,0.0,0.9929824561403509,0.7478260869565216,0.8546537842190016,0.9629629629629632
651,0.1,0.96,0.1076115485564304,0.3333333333333333,0.3684210526315789,0.2050835572001299,0.2050835572001299,1.0,0.0,0.987719298245614,0.9827640789334834,0.0,0.9964912280701754,0.6666666666666666,0.7251824817518248,0.8666666666666667
652,0.2,0.98,0.1076115485564304,0.3333333333333333,0.5789473684210527,0.1304786640248061,0.1304786640248061,0.0,0.5,0.9964912280701754,0.985144982870116,0.0,0.9964912280701754,0.7107438016528926,0.7811905041298366,0.896551724137931
653,0.3,0.74,0.1076115485564304,0.3333333333333333,0.4210526315789473,0.1424396964549923,0.1424396964549923,1.0,0.0,0.9964912280701754,0.9918134200307052,0.0,0.9929824561403509,0.6991869918699187,0.7903342366757002,0.9629629629629632
654,0.1,0.88,0.2542372881355932,0.6666666666666666,0.3684210526315789,0.237719623088516,0.237719623088516,0.0,0.1008230452674896,0.9859649122807016,0.9620762930508776,0.0,0.9947368421052633,0.6771653543307087,0.7311935146037779,0.8275862068965516
655,0.4,1.0,0.1076115485564304,0.3333333333333333,0.4736842105263157,0.1422135874693756,0.1422135874693756,1.0,0.5647058823529412,0.9982456140350876,0.9921017493340072,0.0056179775280898,0.9912280701754386,0.6880000000000001,0.7767407407407407,0.9629629629629632
656,0.2,0.8200000000000001,0.1076115485564304,0.3333333333333333,0.3684210526315789,0.4645790934002427,0.4645790934002427,0.0,0.3367151325684963,0.9929824561403509,0.9183556412294936,0.0,0.9929824561403509,0.7804878048780488,0.8536033165974293,0.896551724137931
657,0.1,0.88,0.2542372881355932,0.6666666666666666,0.3684210526315789,0.2374212677538266,0.2374212677538266,0.0,0.0915887850467289,0.9859649122807016,0.9576438664634678,0.0,0.9947368421052633,0.6771653543307087,0.7329926150535531,0.8347826086956522
658,0.3,0.98,0.1076115485564304,0.3333333333333333,0.5263157894736842,0.1630218122672905,0.1630218122672905,0.0,0.999999999999904,0.9982456140350876,1.0,0.0056179775280898,0.9947368421052633,0.7478260869565216,0.8646537842190016,1.0
659,0.0,0.74,0.1076115485564304,0.3333333333333333,0.4210526315789473,0.1707597465104801,0.1707597465104801,0.0,0.169344292919858,0.963157894736842,0.95984811543949,0.0,0.9842105263157894,0.6880000000000001,0.7761428571428572,0.9285714285714286
660,0.1,0.88,0.1076115485564304,0.3333333333333333,0.7368421052631579,0.1535108521972863,0.1535108521972863,0.0,0.1831775700934579,0.9912280701754386,0.9582370125090078,0.0,0.9982456140350876,0.7350427350427351,0.845885870638346,0.9629629629629632
661,0.2,0.98,0.1076115485564304,0.3333333333333333,0.5789473684210527,0.1364149041739986,0.1364149041739986,0.0,0.4517647058823528,0.9912280701754386,0.9731665871480716,0.0,0.9964912280701754,0.7107438016528926,0.7999041385002769,0.9285714285714286
662,0.0,0.6,0.1076115485564304,0.3333333333333333,0.3157894736842105,0.1298754142611755,0.1298754142611755,0.0,0.0,0.9614035087719298,0.982644459353032,0.0,0.968421052631579,0.6771653543307087,0.7473359928152218,0.896551724137931
663,0.4,0.98,0.1076115485564304,0.3333333333333333,0.4210526315789473,0.1291084230585196,0.1291084230585196,0.0,0.999999999999808,0.9982456140350876,1.0,0.0056179775280898,0.9982456140350876,0.6880000000000001,0.7601379310344828,0.896551724137931
664,0.2,1.0,0.1076115485564304,0.3333333333333333,0.4736842105263157,0.1961103520359649,0.1961103520359649,0.5,0.6384180790960452,0.9982456140350876,0.9780774571825336,0.0056179775280898,0.9842105263157894,0.7478260869565216,0.8094457311295925,0.9285714285714286
665,0.2,0.74,0.1076115485564304,0.3333333333333333,0.3684210526315789,0.1797258953433885,0.1797258953433885,0.0,0.0,0.9964912280701754,1.0,0.0,1.0,0.6666666666666666,0.7432539682539683,0.9285714285714286
666,0.2,0.74,0.1076115485564304,0.3333333333333333,0.3684210526315789,0.1797258953433885,0.1797258953433885,0.0,0.0,0.9982456140350876,1.0,0.0,1.0,0.6666666666666666,0.7432539682539683,0.9285714285714286
667,0.2,0.74,0.1076115485564304,0.3333333333333333,0.3684210526315789,0.1797258953433885,0.1797258953433885,0.0,0.0,0.9964912280701754,1.0,0.0,1.0,0.6666666666666666,0.7432539682539683,0.9285714285714286
668,0.9,0.74,0.8923884514435696,0.3333333333333333,0.3684210526315789,0.8202741046566114,0.8202741046566114,1.0,0.0,0.99438202247191,1.0,0.0210526315789473,1.0,0.6666666666666666,0.7432539682539683,0.9285714285714286
669,0.2,0.74,0.1076115485564304,0.3333333333333333,0.3684210526315789,0.1797258953433885,0.1797258953433885,0.0,0.0,0.9964912280701754,1.0,0.0,1.0,0.6666666666666666,0.7432539682539683,0.9285714285714286
670,1.0,1.0,0.7457627118644068,0.6666666666666666,0.631578947368421,0.7882965299552929,0.7882965299552929,1.0,0.9384860719981,0.99438202247191,0.9903457787410108,0.0245614035087719,1.0,0.6880000000000001,0.7180227831136923,0.7933884297520662
671,0.1,1.0,0.2542372881355932,0.6666666666666666,0.631578947368421,0.2100960750680008,0.2100960750680008,1.0,0.8112244897959184,0.9982456140350876,0.9892117046756222,0.0056179775280898,0.9894736842105264,0.6880000000000001,0.7147976268951879,0.7804878048780488
672,0.1,0.0,0.1076115485564304,0.3333333333333333,0.2105263157894736,0.1291530592434979,0.1291530592434979,1.0,0.0,0.9964912280701754,0.9894053576817914,0.0,0.9964912280701754,0.6991869918699187,0.7771212574779167,0.896551724137931
673,0.0,0.8200000000000001,0.1076115485564304,0.3333333333333333,0.3684210526315789,0.3942207595286178,0.3942207595286178,0.0,0.2618370175822573,0.9771929824561404,0.8587310507558754,0.0,0.9912280701754386,0.7218045112781954,0.8303316331114574,0.896551724137931
674,0.2,0.8200000000000001,0.1076115485564304,0.3333333333333333,0.3684210526315789,0.3252525443221488,0.3252525443221488,0.0,0.3244587081318085,0.9929824561403509,0.8906101894650549,0.0,0.9912280701754386,0.7441860465116279,0.8276601708177296,0.896551724137931
675,0.2,0.8200000000000001,0.1076115485564304,0.3333333333333333,0.3684210526315789,0.1626167213793933,0.1626167213793933,0.0,0.3944450973479061,0.9894736842105264,0.9089988579233044,0.0,0.9964912280701754,0.7747747747747747,0.8337475406440924,0.896551724137931
676,0.1,0.98,0.1076115485564304,0.3333333333333333,0.3684210526315789,0.1290493885381265,0.1290493885381265,0.5,0.5,0.9964912280701754,0.9921202519954712,0.0,0.987719298245614,0.6880000000000001,0.7632598822539951,0.896551724137931
677,0.1,0.74,0.1076115485564304,0.3333333333333333,0.4210526315789473,0.1419221836171177,0.1419221836171177,0.0,0.0,0.9824561403508772,0.9761568271914388,0.0,0.9824561403508772,0.6880000000000001,0.7847407407407407,0.9629629629629632
678,0.3,0.62,0.1076115485564304,0.3333333333333333,0.2631578947368421,0.4485581387825852,0.4485581387825852,0.0,0.3491031574980273,0.9947368421052633,0.8108978306986929,0.0,1.0,0.7222222222222222,0.8651433691756271,0.9247311827956988
679,0.1,0.7,0.1076115485564304,0.3333333333333333,0.3157894736842105,0.1778182581610642,0.1778182581610642,0.0,0.2490827090658921,0.9894736842105264,0.9396803954377292,0.0,0.9789473684210528,0.7350427350427351,0.7980113321022413,0.9285714285714286
680,0.1,1.0,0.1076115485564304,0.3333333333333333,0.7368421052631579,0.141777414561131,0.141777414561131,0.0,0.3379310344827585,0.9912280701754386,0.98408595020587,0.0,0.9859649122807016,0.6880000000000001,0.7881305712492154,0.9629629629629632
681,0.9,0.98,0.8923884514435696,0.3333333333333333,0.3684210526315789,0.8084867222673514,0.8084867222673514,1.0,0.5258580812286058,0.99438202247191,0.9269228904599082,0.0105263157894736,1.0,0.787878787878788,0.8231410772989499,0.8349514563106797
682,0.2,0.88,0.2542372881355932,0.6666666666666666,0.3684210526315789,0.2313367628127877,0.2313367628127877,0.5,0.5,0.9982456140350876,0.9771862448030442,0.0,0.9982456140350876,0.6771653543307087,0.7642969628796401,0.9600000000000002
683,0.0,0.74,0.1076115485564304,0.3333333333333333,0.4210526315789473,0.1730535873134447,0.1730535873134447,0.0,0.1124620060790273,0.980701754385965,0.968337076911161,0.0,0.9842105263157894,0.6771653543307087,0.769072641746228,0.9285714285714286
684,0.3,1.0,0.1076115485564304,0.3333333333333333,0.9473684210526316,0.1688897619825662,0.1688897619825662,0.6666666666666666,0.6509433962264151,0.9982456140350876,0.9871426038650198,0.0112359550561797,0.9964912280701754,0.6880000000000001,0.7963263433813893,0.9285714285714286
685,0.0,0.0,0.1076115485564304,0.3333333333333333,0.2105263157894736,0.1289054585949527,0.1289054585949527,0.0,0.3930618002292162,0.980701754385965,0.9683422504155812,0.0,0.9912280701754386,0.6991869918699187,0.7861208075004156,0.896551724137931
686,0.1,0.62,0.1076115485564304,0.3333333333333333,0.2631578947368421,0.1162286882174163,0.1162286882174163,0.0,0.3260959986689959,0.9912280701754386,0.9416236704810768,0.0,0.9947368421052633,0.7350427350427351,0.780920060331825,0.8888888888888888
687,0.1,0.7,0.1076115485564304,0.3333333333333333,0.3157894736842105,0.154803867306821,0.154803867306821,0.0,0.1994125026773966,0.9824561403508772,0.9203788123162694,0.0,0.9771929824561404,0.7350427350427351,0.8142426789967774,1.0
688,0.1,0.92,0.1076115485564304,0.3333333333333333,0.4736842105263157,0.1311229469726228,0.1311229469726228,0.0,0.2562821974910535,0.9859649122807016,0.9514957528006894,0.0,0.9929824561403509,0.7226890756302521,0.8354824688496089,1.0
689,0.1,0.74,0.1076115485564304,0.3333333333333333,0.6842105263157895,0.1413470167985848,0.1413470167985848,0.0,0.2525773195876288,0.9859649122807016,0.9754649203238722,0.0,0.987719298245614,0.6880000000000001,0.7971301212717142,0.9629629629629632
690,0.0,0.7,0.1076115485564304,0.3333333333333333,0.3157894736842105,0.1466708071673917,0.1466708071673917,0.0,0.0,0.9596491228070176,0.9853823551198796,0.0,0.9438596491228072,0.6666666666666666,0.7558922558922558,0.9629629629629632
691,0.0,0.7,0.1076115485564304,0.3333333333333333,0.3157894736842105,0.1466708071673917,0.1466708071673917,0.0,0.0,0.9596491228070176,0.9853823551198796,0.0,0.9438596491228072,0.6666666666666666,0.7558922558922558,0.9629629629629632
692,0.0,0.7,0.1076115485564304,0.3333333333333333,0.3157894736842105,0.1466708071673917,0.1466708071673917,0.0,0.0,0.9596491228070176,0.9853823551198796,0.0,0.9438596491228072,0.6666666666666666,0.7558922558922558,0.9629629629629632
693,0.0,0.7,0.1076115485564304,0.3333333333333333,0.3157894736842105,0.1466708071673917,0.1466708071673917,0.0,0.0,0.9596491228070176,0.9853823551198796,0.0,0.9438596491228072,0.6666666666666666,0.7558922558922558,0.9629629629629632
694,0.0,0.7,0.1076115485564304,0.3333333333333333,0.3157894736842105,0.1466708071673917,0.1466708071673917,0.0,0.0,0.9596491228070176,0.9853823551198796,0.0,0.9438596491228072,0.6666666666666666,0.7558922558922558,0.9629629629629632
695,0.0,0.7,0.1076115485564304,0.3333333333333333,0.3157894736842105,0.1466708071673917,0.1466708071673917,0.0,0.0,0.9596491228070176,0.9853823551198796,0.0,0.9438596491228072,0.6666666666666666,0.7558922558922558,0.9629629629629632
696,0.9,0.98,0.8923884514435696,0.3333333333333333,0.3684210526315789,0.8721085724412353,0.8721085724412353,1.0,0.6175637393767706,0.99438202247191,0.9679871851952224,0.0157894736842105,1.0,0.7350427350427351,0.814957264957265,0.9230769230769232
697,0.1,0.74,0.1076115485564304,0.3333333333333333,0.6842105263157895,0.1411481938922216,0.1411481938922216,0.25,0.0,0.9894736842105264,0.9836202782062544,0.0,0.987719298245614,0.6880000000000001,0.800956956956957,0.9629629629629632
698,0.1,0.74,0.1076115485564304,0.3333333333333333,0.6842105263157895,0.1411481938922216,0.1411481938922216,0.0,0.0,0.9894736842105264,0.9836202782062544,0.0,0.987719298245614,0.6880000000000001,0.800956956956957,0.9629629629629632
699,0.2,0.92,0.1076115485564304,0.3333333333333333,0.4736842105263157,0.1329114860395126,0.1329114860395126,0.3333333333333333,0.4705882352941176,0.9964912280701754,0.9629845167283124,0.0056179775280898,0.9771929824561404,0.7350427350427351,0.8098411167376685,0.896551724137931
700,0.1,0.98,0.1076115485564304,0.3333333333333333,0.4736842105263157,0.1152292270727084,0.1152292270727084,0.0,0.999999999999808,0.9982456140350876,1.0,0.0056179775280898,0.9982456140350876,0.6771653543307087,0.7217591477535896,0.7679999999999999
701,0.1,0.0,0.1076115485564304,0.3333333333333333,0.2105263157894736,0.1285060632785379,0.1285060632785379,0.0,0.1331032963805888,0.9824561403508772,0.9730663692288742,0.0,0.9666666666666668,0.6880000000000001,0.7843541472506991,0.896551724137931
702,0.0,0.6,0.1076115485564304,0.3333333333333333,0.3157894736842105,0.131608388525604,0.131608388525604,0.0,0.0,0.9298245614035088,0.9683123026448162,0.0,0.968421052631579,0.6666666666666666,0.7420866489832006,0.896551724137931
703,0.0,0.6,0.1076115485564304,0.3333333333333333,0.3157894736842105,0.131608388525604,0.131608388525604,0.0,0.0,0.9298245614035088,0.9683123026448162,0.0,0.968421052631579,0.6666666666666666,0.7420866489832006,0.896551724137931
704,0.0,0.6,0.1076115485564304,0.3333333333333333,0.3157894736842105,0.131608388525604,0.131608388525604,0.0,0.0,0.9298245614035088,0.9683123026448162,0.0,0.968421052631579,0.6666666666666666,0.7420866489832006,0.896551724137931
705,0.0,0.6,0.1076115485564304,0.3333333333333333,0.3157894736842105,0.131608388525604,0.131608388525604,0.0,0.0,0.9298245614035088,0.9683123026448162,0.0,0.968421052631579,0.6666666666666666,0.7420866489832006,0.896551724137931
706,0.0,0.6,0.1076115485564304,0.3333333333333333,0.3157894736842105,0.131608388525604,0.131608388525604,0.0,0.0,0.9298245614035088,0.9683123026448162,0.0,0.968421052631579,0.6666666666666666,0.7420866489832006,0.896551724137931
707,0.1,1.0,0.1076115485564304,0.3333333333333333,0.5789473684210527,0.1428386391885547,0.1428386391885547,0.0,0.4336734693877551,0.9912280701754386,0.9759170579757313,0.0,0.9912280701754386,0.6771653543307087,0.7844516230343002,0.9629629629629632
708,0.0,0.7,0.1076115485564304,0.3333333333333333,0.3157894736842105,0.1579514187634167,0.1579514187634167,0.0,0.2628935440401813,0.968421052631579,0.9137570232771473,0.0,0.975438596491228,0.6991869918699187,0.7817363530778165,0.9285714285714286
709,0.8,1.0,0.8923884514435696,0.3333333333333333,0.631578947368421,0.829227522393628,0.829227522393628,1.0,0.5461393596986818,0.99438202247191,0.9810655285174332,0.0,1.0,0.6771653543307087,0.7929477565304337,0.9285714285714286
710,0.1,0.62,0.1076115485564304,0.3333333333333333,0.2631578947368421,0.1154681798321227,0.1154681798321227,0.0,0.3291044776119403,0.9929824561403509,0.94898221026919,0.0,0.9912280701754386,0.7226890756302521,0.7974189675870348,0.9795918367346936
711,0.0,0.84,0.1076115485564304,0.3333333333333333,0.4210526315789473,0.1136753054102144,0.1136753054102144,0.0,0.0,0.9666666666666668,0.9853142733108003,0.0,0.9912280701754386,0.6771653543307087,0.7142601839404221,0.7804878048780488
712,0.1,0.62,0.1076115485564304,0.3333333333333333,0.2631578947368421,0.1137918671975123,0.1137918671975123,0.0,0.3214387577246078,0.9912280701754386,0.9484585962116636,0.0,0.9929824561403509,0.7222222222222222,0.7795238557469192,0.9504950495049505
713,0.9,0.98,0.8923884514435696,0.3333333333333333,0.631578947368421,0.857732979111639,0.857732979111639,1.0,0.9999999999999444,0.99438202247191,1.0,0.0175438596491228,1.0,0.6771653543307087,0.7955396341223113,0.9629629629629632
714,0.1,0.92,0.1076115485564304,0.3333333333333333,0.4736842105263157,0.1270323432593525,0.1270323432593525,1.0,0.5366299894348958,0.9982456140350876,0.9461134368791224,0.0,0.9824561403508772,0.7226890756302521,0.7744588468023648,0.896551724137931
715,0.0,0.0,0.1076115485564304,0.3333333333333333,0.2105263157894736,0.1269259578651673,0.1269259578651673,0.0,0.2159305523342499,0.975438596491228,0.9392620274737684,0.0,0.968421052631579,0.6991869918699187,0.8045006577386729,0.9230769230769232
716,0.0,0.92,0.1076115485564304,0.3333333333333333,0.4736842105263157,0.1265259435190185,0.1265259435190185,0.0,0.2017624124761298,0.9456140350877194,0.8881998133366765,0.0,0.9719298245614036,0.7107438016528926,0.7846380369891341,0.896551724137931
717,0.1,0.84,0.1076115485564304,0.3333333333333333,0.4210526315789473,0.1152031862460822,0.1152031862460822,0.25,0.2033195020746887,0.9859649122807016,0.9849997466173416,0.0,0.980701754385965,0.6771653543307087,0.7297591477535896,0.8
718,0.0,0.0,0.1076115485564304,0.3333333333333333,0.2105263157894736,0.1150380835783706,0.1150380835783706,0.0,0.0,0.9736842105263158,0.9637537735660447,0.0,0.9614035087719298,0.6880000000000001,0.7513926868044516,0.8648648648648649
719,0.0,0.0,0.1076115485564304,0.3333333333333333,0.2105263157894736,0.1150380835783706,0.1150380835783706,0.0,0.0,0.9736842105263158,0.9637537735660447,0.0,0.9614035087719298,0.6880000000000001,0.7513926868044516,0.8648648648648649
720,0.2,0.62,0.1076115485564304,0.3333333333333333,0.2631578947368421,0.1141469961655929,0.1141469961655929,0.0,0.1819112217049285,0.9859649122807016,0.8860343347879445,0.0,0.9912280701754386,0.7222222222222222,0.7631642512077293,0.8347826086956521
721,0.0,0.0,0.1076115485564304,0.3333333333333333,0.2105263157894736,0.115010166697358,0.115010166697358,0.0,0.0,0.9666666666666668,0.95108065081892,0.0,0.963157894736842,0.6880000000000001,0.7573986928104576,0.8888888888888888
722,0.0,0.0,0.1076115485564304,0.3333333333333333,0.2105263157894736,0.1136032622067084,0.1136032622067084,0.0,0.147117296222664,0.963157894736842,0.9537873042044518,0.0,0.9666666666666668,0.6880000000000001,0.7407717717717718,0.8648648648648649
723,0.0,0.0,0.1076115485564304,0.3333333333333333,0.2105263157894736,0.1149900355336552,0.1149900355336552,0.0,0.1335740072202165,0.9596491228070176,0.9466794829360744,0.0,0.963157894736842,0.6880000000000001,0.7615915649278581,0.9056603773584908
724,0.0,0.0,0.1076115485564304,0.3333333333333333,0.2105263157894736,0.1136635583156464,0.1136635583156464,0.0,0.0,0.9771929824561404,0.9674847788990246,0.0,0.9771929824561404,0.6771653543307087,0.7225280632293845,0.8135593220338984
725,0.1,0.7,0.1076115485564304,0.3333333333333333,0.4736842105263157,0.1154914655212339,0.1154914655212339,1.0,0.0,0.9929824561403509,1.0,0.0056179775280898,1.0,0.6666666666666666,0.7165098039215685,0.7679999999999999
726,0.1,0.7,0.1076115485564304,0.3333333333333333,0.4736842105263157,0.1154914655212339,0.1154914655212339,1.0,0.0,0.9947368421052633,1.0,0.0056179775280898,0.9771929824561404,0.6666666666666666,0.7165098039215685,0.7679999999999999
727,0.1,0.62,0.1076115485564304,0.3333333333333333,0.2631578947368421,0.1130585559856861,0.1130585559856861,0.5,0.5363123894169444,0.9982456140350876,0.9725863109139032,0.0056179775280898,0.9929824561403509,0.6842105263157894,0.7823971693940734,1.0
728,0.1,0.7,0.1076115485564304,0.3333333333333333,0.4736842105263157,0.1154914655212339,0.1154914655212339,1.0,0.0,0.9929824561403509,1.0,0.0,1.0,0.6666666666666666,0.7165098039215685,0.7679999999999999
729,0.1,0.7,0.1076115485564304,0.3333333333333333,0.4736842105263157,0.1154914655212339,0.1154914655212339,1.0,0.0,0.9929824561403509,1.0,0.0,1.0,0.6666666666666666,0.7165098039215685,0.7679999999999999
730,0.0,0.0,0.1076115485564304,0.3333333333333333,0.2105263157894736,0.1135882725149176,0.1135882725149176,0.0,0.0602605863192181,0.9543859649122808,0.936837472605295,0.0,0.963157894736842,0.6880000000000001,0.7488546209761162,0.8971962616822429
731,0.0,0.0,0.1076115485564304,0.3333333333333333,0.2105263157894736,0.1151518395008247,0.1151518395008247,0.0,0.1548183254344391,0.9649122807017544,0.9570515143165236,0.0,0.9614035087719298,0.6771653543307087,0.7421485282845631,0.8495575221238937
732,0.0,0.7,0.1076115485564304,0.3333333333333333,0.3157894736842105,0.1337961294432479,0.1337961294432479,0.0,0.1697247706422018,0.975438596491228,0.8997669063528614,0.0,0.9736842105263158,0.6880000000000001,0.7767407407407407,0.9629629629629632
733,1.0,0.7,0.8923884514435696,0.3333333333333333,0.4210526315789473,0.8862211426788186,0.8862211426788186,0.0,0.9999999999998328,0.99438202247191,1.0,0.0368421052631578,1.0,0.6666666666666666,0.709010840108401,0.7804878048780488
734,0.1,0.7,0.1076115485564304,0.3333333333333333,0.4210526315789473,0.1137788573211814,0.1137788573211814,1.0,0.0,0.9894736842105264,1.0,0.0,0.9929824561403509,0.6666666666666666,0.709010840108401,0.7804878048780488
735,0.1,0.7,0.1076115485564304,0.3333333333333333,0.4210526315789473,0.1137788573211814,0.1137788573211814,1.0,0.0,0.9894736842105264,1.0,0.0,0.9929824561403509,0.6666666666666666,0.709010840108401,0.7804878048780488
736,0.1,0.7,0.1076115485564304,0.3333333333333333,0.4210526315789473,0.1137788573211814,0.1137788573211814,1.0,0.0,0.9894736842105264,1.0,0.0,0.9964912280701754,0.6666666666666666,0.709010840108401,0.7804878048780488
737,0.1,0.7,0.1076115485564304,0.3333333333333333,0.4210526315789473,0.1137788573211814,0.1137788573211814,1.0,0.0,0.9912280701754386,1.0,0.0,0.9736842105263158,0.6666666666666666,0.709010840108401,0.7804878048780488
738,0.1,0.7,0.1076115485564304,0.3333333333333333,0.4210526315789473,0.1137788573211814,0.1137788573211814,1.0,0.0,0.9894736842105264,1.0,0.0,0.9929824561403509,0.6666666666666666,0.709010840108401,0.7804878048780488
739,0.1,0.7,0.1076115485564304,0.3333333333333333,0.4210526315789473,0.1137788573211814,0.1137788573211814,1.0,0.0,0.9912280701754386,1.0,0.0,0.9719298245614036,0.6666666666666666,0.709010840108401,0.7804878048780488
740,0.1,0.0,0.1076115485564304,0.3333333333333333,0.2105263157894736,0.1135428489476153,0.1135428489476153,0.0,0.0846721464599289,0.987719298245614,0.9529943638325938,0.0,0.9736842105263158,0.6991869918699187,0.7750470106741885,0.979591836734694
741,0.1,0.7,0.1076115485564304,0.3333333333333333,0.4210526315789473,0.1137788573211814,0.1137788573211814,1.0,0.0,0.9894736842105264,1.0,0.0,0.9964912280701754,0.6666666666666666,0.709010840108401,0.7804878048780488
742,0.1,0.62,0.1076115485564304,0.3333333333333333,0.2631578947368421,0.1136181066528609,0.1136181066528609,0.5,0.4578327548871288,0.9964912280701754,0.9446771801313678,0.0,0.9894736842105264,0.7164179104477613,0.7271814006888635,0.7350427350427351
743,0.1,0.0,0.1076115485564304,0.3333333333333333,0.2105263157894736,0.1235351697413101,0.1235351697413101,0.0,0.2512384821163183,0.9859649122807016,0.9126198156948444,0.0,0.9842105263157894,0.6880000000000001,0.7499561128526646,0.896551724137931
744,0.0,0.0,0.1076115485564304,0.3333333333333333,0.2105263157894736,0.1136298006275023,0.1136298006275023,0.0,0.2510133993919603,0.9614035087719298,0.9417203311867526,0.0,0.9719298245614036,0.6771653543307087,0.7413604549431321,0.8888888888888888
745,0.0,0.0,0.1076115485564304,0.3333333333333333,0.2105263157894736,0.1149340970758155,0.1149340970758155,0.0,0.2695043532692197,0.9438596491228072,0.9096948322679586,0.0,0.975438596491228,0.6771653543307087,0.7746571069372632,0.979591836734694
746,0.0,0.0,0.1076115485564304,0.3333333333333333,0.2105263157894736,0.1134691222185939,0.1134691222185939,0.0,0.1566879220510504,0.9491228070175438,0.8895532168583282,0.0,0.980701754385965,0.6880000000000001,0.7467777777777778,0.8888888888888888
747,0.0,0.0,0.1076115485564304,0.3333333333333333,0.2105263157894736,0.1126632208602058,0.1126632208602058,0.0,0.0588235294117647,0.950877192982456,0.8665767033794295,0.0,0.9912280701754386,0.1015625,0.583023023753894,0.8971962616822429
748,0.0,0.0,0.1076115485564304,0.3333333333333333,0.2105263157894736,0.1126631993161104,0.1126631993161104,0.0,0.0446320933148304,0.9403508771929824,0.6552788786853552,0.0,0.9982456140350876,0.116591928251121,0.5658711459045882,0.8135593220338982
