Row,kDN,DS,DCP,TD_P,TD_U,CL,CLD,N1,N2,LSC,LSR,Harmfulness,Usefulness,F2,F3,F4
1,0.597852927763021,1.0561984636189716,1.5168906734413392,1.3509354058680254,-0.29304121533767247,0.9253565450389917,0.9253565450389917,-0.9165378540363832,0.7751189305266037,-0.35319488869816656,-1.5296791085302353,-0.6454941147943103,1.1045061647768344,-4.3746977997659515,-3.877308138609066,-1.5703107155033504
2,1.1554195516530723,1.2200971307529465,0.8301587990974424,1.3509354058680254,0.3938023539261248,1.0699951158331729,1.0699951158331729,-0.9165378540363832,0.5915561794781327,-0.35319488869816656,-0.9562056858647863,-0.6454941147943103,0.12336458876935616,-0.8151863987923668,0.42202496881163926,-0.466859768753
3,0.2338899484005066,0.4666697174108955,0.8301587990974424,1.3509354058680254,-1.710889195583504,0.9484677447623744,0.9484677447623744,-0.9165378540363832,0.6218703201089671,-0.35319488869816656,-1.0717108887605697,-0.6454941147943103,-0.5540995803806434,-0.35407381654550013,1.21389961111776,0.07010006767002915
4,-0.7604987470959229,0.4666697174108955,0.8301587990974424,1.3509354058680254,-1.710889195583504,0.9261491560940339,0.9261491560940339,-0.9165378540363832,0.06296315525787259,-1.9035401663209641,-1.9859629520796824,-0.6454941147943103,-1.0213898027796307,0.1438340329314653,2.4543599700309,1.0489665978152365
5,0.9005507411351644,0.2086010095253459,0.34450260709082037,1.3509354058680254,0.07091381394014236,1.1579850327538705,1.1579850327538705,0.6491505349930052,0.6701436614781021,0.9135074424168484,-1.097098572572945,1.8530607653250124,0.44993664453200366,-0.35407381654550013,1.7446145562061723,1.2521178858174167
6,1.1554195516530723,1.0561984636189716,0.19204179117375647,0.5851709641105918,1.1698872748098534,-0.13806454306384272,-0.13806454306384272,1.3032340795220538,1.7287486026866834,1.3125660953657583,1.1606887988541823,1.5179066795565528,1.1045061647768344,-0.5697485719832573,-0.9559649273613,-1.2129752130849016
7,0.2338899484005066,1.2200971307529465,0.8301587990974424,1.3509354058680254,0.3938023539261248,1.4784898475406487,1.4784898475406487,-0.9165378540363832,0.7118299115321415,-1.5502580635278616,-0.24276750705925124,-0.6454941147943103,1.1045061647768344,0.1438340329314653,-0.5821797919586478,-1.284399306652265
8,1.5587347774811766,1.0561984636189716,1.350727650516158,1.3509354058680254,0.3938023539261248,0.943322261654295,0.943322261654295,1.3032340795220538,1.264897150755528,1.3125660953657583,-0.22221620312864884,1.5179066795565528,1.1045061647768344,-0.35407381654550013,0.600691625802702,0.027270401944991318
9,0.2338899484005066,1.0561984636189716,0.8301587990974424,1.3509354058680254,1.1698872748098534,1.3795459779813606,1.3795459779813606,0.6491505349930052,0.8089949811762468,-0.35319488869816656,-0.46953358985350696,1.116389905422502,1.1045061647768344,0.1438340329314653,-0.13021014338949394,-0.9171776585350734
10,0.597852927763021,1.0561984636189716,1.5168906734413392,1.3509354058680254,-0.29304121533767247,0.9253565450389917,0.9253565450389917,0.6491505349930052,1.1604882511791321,0.495576647526377,-0.8104023077946031,0.48568121996794666,0.12336458876935616,-4.3746977997659515,-3.479057113142011,-1.0083376269082367
11,1.1554195516530723,1.2200971307529465,0.34450260709082037,1.3509354058680254,0.6814869513301007,1.1579669601518265,1.1579669601518265,0.9221053289175869,0.9733513364213489,1.3125660953657583,-1.5904723653814599,1.9075190326351925,0.7583512194410399,1.2677492581723673,2.9454933161028194,1.5458277258212696
12,0.9005507411351644,1.0561984636189716,0.19204179117375647,0.5851709641105918,0.07091381394014236,-0.16784863521179708,-0.16784863521179708,0.9221053289175869,1.113402172959977,1.3125660953657583,0.525803407246567,1.8530607653250124,1.1045061647768344,-0.8151863987923668,-1.3959870729554562,-1.6952411823520843
13,0.597852927763021,0.4666697174108955,0.8301587990974424,1.3509354058680254,0.6814869513301007,1.3082885532865602,1.3082885532865602,-0.09390588029288506,0.6233910976798184,-1.298256168276425,0.13709189728900342,1.116389905422502,-1.343370766960716,0.1438340329314653,0.17797181588322078,-0.5237045787247159
14,1.1554195516530723,1.0561984636189716,1.350727650516158,1.3509354058680254,0.3938023539261248,1.0243927757784952,1.0243927757784952,1.3032340795220538,1.2272963707793438,1.3125660953657583,-0.38301708615919156,1.8530607653250124,1.1045061647768344,-0.35407381654550013,1.240328258386621,1.2965231911480513
15,0.2338899484005066,0.604569759419659,0.8301587990974424,1.3509354058680254,0.07091381394014236,1.5076258642507585,1.5076258642507585,-0.9165378540363832,-1.114309128919093,-1.298256168276425,0.29941232488127956,-0.6454941147943103,-1.343370766960716,0.1438340329314653,-0.6690274087069892,-1.3045070785438184
16,0.597852927763021,0.8991226867550993,0.8301587990974424,1.3509354058680254,-0.7051815926192075,1.5256342905336941,1.5256342905336941,0.6491505349930052,0.5391236548032864,-0.9200767787674737,0.2575442721759421,-0.6454941147943103,-0.5540995803806434,0.1438340329314653,-0.8749489519248776,-1.4974562724016511
17,1.1554195516530723,1.2200971307529465,0.8301587990974424,1.3509354058680254,0.938829290259177,1.013086791534728,1.013086791534728,0.9221053289175869,0.742507783594733,-0.35319488869816656,-0.49732675175150787,0.48568121996794666,-0.5540995803806434,0.1438340329314653,1.5278965166105307,1.4268278820542832
18,1.1554195516530723,0.4666697174108955,0.8301587990974424,1.3509354058680254,-1.710889195583504,0.973425414251156,0.973425414251156,-0.9165378540363832,0.3376096871219757,-0.35319488869816656,-1.2175898408152657,-0.6454941147943103,-0.5540995803806434,0.1438340329314653,1.7353675274065854,1.561762899069024
19,0.2338899484005066,0.604569759419659,0.8301587990974424,1.3509354058680254,0.07091381394014236,1.5076258642507585,1.5076258642507585,-0.9165378540363832,-1.114309128919093,-1.298256168276425,0.29941232488127956,-0.6454941147943103,-1.343370766960716,0.1438340329314653,-0.6690274087069892,-1.3045070785438184
20,0.9005507411351644,0.8991226867550993,1.5495249311709434,0.5851709641105918,1.1698872748098534,1.5377696646432,1.5377696646432,0.6491505349930052,-1.114309128919093,-0.35319488869816656,0.5612060227423719,-0.6454941147943103,0.12336458876935616,-0.5697485719832573,-1.235751082530802,-1.5703107155033504
21,0.9005507411351644,0.8991226867550993,1.5495249311709434,0.5851709641105918,1.1698872748098534,1.5377696646432,1.5377696646432,1.3032340795220538,-1.114309128919093,-0.35319488869816656,0.5612060227423719,0.48568121996794666,0.12336458876935616,-0.5697485719832573,-1.235751082530802,-1.5703107155033504
22,1.1554195516530723,0.7486510699775748,1.350727650516158,1.3509354058680254,0.3938023539261248,0.8194535713323642,0.8194535713323642,0.6491505349930052,0.6233910976798184,0.9135074424168484,0.03557550624797937,-0.6454941147943103,-0.06957929886794066,1.2677492581723673,0.49705780594584675,-0.5237045787247159
23,0.597852927763021,0.604569759419659,0.8301587990974424,1.3509354058680254,0.07091381394014236,1.5077503827573169,1.5077503827573169,0.061328109153576414,-1.114309128919093,-1.5502580635278616,0.23084556116454152,-0.6454941147943103,-1.343370766960716,0.1438340329314653,-0.6434915012906177,-1.2532647142455866
24,0.597852927763021,0.604569759419659,0.8301587990974424,1.3509354058680254,0.07091381394014236,1.5077503827573169,1.5077503827573169,-0.9165378540363832,-1.114309128919093,-1.5502580635278616,0.23084556116454152,-0.6454941147943103,-1.343370766960716,0.1438340329314653,-0.6434915012906177,-1.2532647142455866
25,0.9005507411351644,1.2200971307529465,-0.9865392229511731,-0.945545899639108,0.3938023539261248,0.18023498202326296,0.18023498202326296,1.3032340795220538,0.9017688704242945,1.3125660953657583,-1.3302613772027378,-0.6454941147943103,0.7583512194410399,1.141826207897635,0.4636884613906214,0.047430141657762354
26,1.372343153660353,1.0561984636189716,1.350727650516158,1.3509354058680254,0.938829290259177,1.085380571282919,1.085380571282919,0.9221053289175869,1.0291336377489588,1.3125660953657583,-0.3150109815036151,1.8530607653250124,0.7583512194410399,1.2677492581723673,1.366282877721241,0.49760523456718553
27,1.7202505324116648,1.0561984636189716,1.350727650516158,1.3509354058680254,0.3938023539261248,0.009354930981255118,0.009354930981255118,1.3032340795220538,-1.114309128919093,0.9135074424168484,0.6100864720537038,1.8530607653250124,0.7583512194410399,0.6958635371584947,-0.511994337464877,-1.2129752130849016
28,0.9005507411351644,0.604569759419659,0.8301587990974424,1.3509354058680254,0.938829290259177,1.1463168542561297,1.1463168542561297,1.3032340795220538,1.179659787711086,0.495576647526377,-0.11276067732672528,0.48568121996794666,1.1045061647768344,1.2677492581723673,0.8399604950402281,-0.05849675432937287
29,0.2338899484005066,0.8991226867550993,0.8301587990974424,1.3509354058680254,-0.7051815926192075,1.5301144217580585,1.5301144217580585,-0.9165378540363832,0.1762445382582684,-1.8294949244295746,-0.18908525120643016,-0.6454941147943103,-1.0213898027796307,0.3641854008850189,-0.6936959832220781,-1.2129752130849016
30,1.372343153660353,1.2200971307529465,1.350727650516158,1.3509354058680254,0.07091381394014236,0.3012852943161544,0.3012852943161544,1.3032340795220538,1.0840063115887613,1.3125660953657583,-0.0948146721922823,1.5179066795565528,1.1045061647768344,1.2677492581723673,-0.09577988049611677,-0.9768459539623865
31,0.597852927763021,0.2086010095253459,0.34450260709082037,1.3509354058680254,0.07091381394014236,1.0787893799486972,1.0787893799486972,1.3032340795220538,1.5068839047255511,1.3125660953657583,0.29646956356128523,1.5179066795565528,1.1045061647768344,-0.35407381654550013,1.1698772967642648,0.7074200262365155
32,0.597852927763021,0.4666697174108955,0.8301587990974424,1.3509354058680254,0.6814869513301007,1.3154083615784091,1.3154083615784091,-0.9165378540363832,-1.114309128919093,-1.298256168276425,0.14666644898869854,0.48568121996794666,-1.343370766960716,1.2677492581723673,0.364460725734712,-0.5237045787247159
33,0.597852927763021,0.4666697174108955,0.8301587990974424,1.3509354058680254,0.6814869513301007,1.3154083615784091,1.3154083615784091,-0.9165378540363832,-1.114309128919093,-1.298256168276425,0.14666644898869854,-0.6454941147943103,-1.343370766960716,1.2677492581723673,0.364460725734712,-0.5237045787247159
34,-0.21001460136047317,1.0561984636189716,0.8301587990974424,1.3509354058680254,1.1698872748098534,1.3880451323230314,1.3880451323230314,0.061328109153576414,0.8891081741052507,0.495576647526377,0.6095641380167922,-0.6454941147943103,0.12336458876935616,1.2677492581723673,0.1741241644670998,-0.6620407782373688
35,0.9005507411351644,0.2086010095253459,0.34450260709082037,1.3509354058680254,0.07091381394014236,1.1371614619680819,1.1371614619680819,0.6491505349930052,0.36029015087594213,0.9135074424168484,-1.0758131207364778,-0.6454941147943103,0.7583512194410399,0.1438340329314653,1.3394705840668284,0.11565163380310646
36,0.9005507411351644,1.0561984636189716,0.8301587990974424,1.3509354058680254,1.566250501156851,1.440182756053427,1.440182756053427,0.6491505349930052,1.113402172959977,0.495576647526377,0.46247278090671484,-0.6454941147943103,1.1045061647768344,0.1438340329314653,-0.07091210810764774,-0.5237045787247159
37,0.9005507411351644,1.2200971307529465,0.8301587990974424,1.3509354058680254,1.1698872748098534,1.1503449983052587,1.1503449983052587,1.034558535046158,0.8891081741052507,-0.35319488869816656,-0.19377281681415992,0.48568121996794666,1.1045061647768344,0.1438340329314653,1.1826431011008247,1.2965231911480513
38,-0.21001460136047317,0.604569759419659,0.8301587990974424,1.3509354058680254,0.07091381394014236,1.5126484961780715,1.5126484961780715,0.9221053289175869,1.036117892409067,0.495576647526377,0.6524086763377847,1.116389905422502,-0.5540995803806434,0.6958635371584947,-0.4610725291454302,-1.2129752130849016
39,1.1554195516530723,0.8991226867550993,1.5168906734413392,1.3509354058680254,-0.7051815926192075,1.0176831878900947,1.0176831878900947,0.9221053289175869,1.4238028774961637,0.495576647526377,0.3768682448813834,1.6650911542934181,1.1045061647768344,0.1438340329314653,1.3005526463273245,0.8175323653425602
40,0.9005507411351644,1.2200971307529465,0.8301587990974424,1.3509354058680254,2.0335005140801012,1.4855470322572282,1.4855470322572282,1.3032340795220538,1.1524701663972778,0.495576647526377,0.402766017534908,0.48568121996794666,1.1045061647768344,1.0443812709909557,-0.18477976299192075,-0.9171776585350734
41,0.9005507411351644,0.8991226867550993,1.5168906734413392,1.3509354058680254,-0.7051815926192075,1.0766715009229295,1.0766715009229295,0.6491505349930052,1.1439957764891437,0.495576647526377,-0.24658102440426916,0.48568121996794666,1.1045061647768344,0.1438340329314653,1.3284542953377219,1.2965231911480513
42,1.1554195516530723,0.7486510699775748,1.350727650516158,1.3509354058680254,0.3938023539261248,-0.06115199916995124,-0.06115199916995124,1.3032340795220538,-1.114309128919093,0.9135074424168484,1.1606887988541823,1.5179066795565528,0.7583512194410399,0.1438340329314653,-0.7515912393384994,-1.2532647142455866
43,0.597852927763021,0.7486510699775748,0.8301587990974424,1.3509354058680254,0.3938023539261248,1.5260122500995306,1.5260122500995306,-0.9165378540363832,-1.114309128919093,0.495576647526377,1.1606887988541823,-0.6454941147943103,1.1045061647768344,0.1438340329314653,-0.7515912393384994,-1.2532647142455866
44,1.1554195516530723,0.7486510699775748,1.350727650516158,1.3509354058680254,0.3938023539261248,-0.06115199916995124,-0.06115199916995124,1.3032340795220538,-1.114309128919093,0.9135074424168484,1.1606887988541823,1.9075190326351925,0.7583512194410399,0.1438340329314653,-0.7515912393384994,-1.2532647142455866
45,0.9005507411351644,0.604569759419659,1.5168906734413392,1.3509354058680254,0.6814869513301007,0.9263259057558497,0.9263259057558497,0.6491505349930052,-0.048589584553459346,-0.9200767787674737,-1.7511181218988658,0.48568121996794666,-0.5540995803806434,1.2677492581723673,2.0856235774065817,0.9800918044018301
46,0.2338899484005066,1.0561984636189716,0.8301587990974424,1.3509354058680254,1.7368764788689097,1.3890463058884293,1.3890463058884293,-0.9165378540363832,1.728748602686516,0.495576647526377,1.1606887988541823,0.48568121996794666,1.1045061647768344,1.2677492581723673,0.23698947876753457,-0.5237045787247159
47,1.5587347774811766,1.2200971307529465,1.350727650516158,1.3509354058680254,1.566250501156851,0.4807262996358725,0.4807262996358725,1.3032340795220538,1.088247722716676,1.3125660953657583,-0.11042781890004362,1.9055244093577544,1.1045061647768344,0.1438340329314653,0.32531692837216475,0.11565163380310398
48,0.2338899484005066,0.8991226867550993,0.19204179117375647,0.5851709641105918,-1.1742168175250518,-0.09999486503181712,-0.09999486503181712,0.6491505349930052,-1.114309128919093,-0.022565530884068603,0.6653372397586298,-0.6454941147943103,0.44993664453200366,-0.8151863987923668,-1.373900207404009,-1.5703107155033504
49,0.2338899484005066,0.8991226867550993,0.19204179117375647,0.5851709641105918,-1.1742168175250518,-0.09999486503181712,-0.09999486503181712,-0.9165378540363832,-1.114309128919093,-0.022565530884068603,0.6653372397586298,-0.6454941147943103,0.44993664453200366,-0.8151863987923668,-1.373900207404009,-1.5703107155033504
50,0.2338899484005066,0.8991226867550993,0.19204179117375647,0.5851709641105918,-1.1742168175250518,-0.09999486503181712,-0.09999486503181712,-0.9165378540363832,-1.114309128919093,-0.022565530884068603,0.6653372397586298,-0.6454941147943103,0.44993664453200366,-0.8151863987923668,-1.373900207404009,-1.5703107155033504
51,0.9005507411351644,1.0561984636189716,1.350727650516158,1.3509354058680254,1.1698872748098534,0.8072388307651076,0.8072388307651076,0.9221053289175869,1.7287486026866756,1.3125660953657583,1.1606887988541823,1.9075190326351925,0.7583512194410399,0.1438340329314653,0.9967733325774208,1.170636269116137
52,1.1554195516530723,1.0561984636189716,0.8301587990974424,1.3509354058680254,1.1698872748098534,1.2374288433005416,1.2374288433005416,-0.9165378540363832,1.728748602686649,0.495576647526377,1.1606887988541823,1.4684131204508903,-0.5540995803806434,0.1438340329314653,0.9967733325774208,1.170636269116137
53,1.372343153660353,1.0561984636189716,1.350727650516158,1.3509354058680254,2.0335005140801012,0.02667945786666933,0.02667945786666933,-0.9165378540363832,1.728748602686545,1.3125660953657583,1.1606887988541823,1.5179066795565528,1.1045061647768344,0.1438340329314653,-0.48120808522802827,-0.9171776585350734
54,0.9005507411351644,1.0561984636189716,0.34450260709082037,1.3509354058680254,-0.29304121533767247,0.9289546023135047,0.9289546023135047,1.3032340795220538,1.1391173708135944,1.3125660953657583,-0.33353689290693267,1.5179066795565528,0.7583512194410399,0.1438340329314653,1.22970657094352,1.426827882054289
55,0.2338899484005066,1.2200971307529465,0.8301587990974424,1.3509354058680254,0.07091381394014236,1.5302797617874953,1.5302797617874953,-0.9165378540363832,0.44112986879467964,-1.7179868444374409,0.2563635705704383,-0.6454941147943103,-1.564993467832116,0.3641854008850189,-0.6204861666020144,-1.2129752130849016
56,1.372343153660353,0.604569759419659,1.5168906734413392,1.3509354058680254,0.6814869513301007,0.927840348802324,0.927840348802324,-0.9165378540363832,0.1558842990527953,-0.9200767787674737,-1.4615115538207604,-0.6454941147943103,0.12336458876935616,1.2677492581723673,1.888579445194349,0.7276348279653149
57,0.9005507411351644,1.0561984636189716,0.8301587990974424,1.3509354058680254,1.892030865270692,1.4454346174058896,1.4454346174058896,0.6491505349930052,1.2307457456039745,0.495576647526377,0.6178047005664997,1.4684131204508903,1.1045061647768344,1.2677492581723673,0.05169206839677079,-0.6620407782373688
58,0.9005507411351644,1.0561984636189716,0.8301587990974424,1.3509354058680254,1.566250501156851,1.4822283739175792,1.4822283739175792,0.6491505349930052,1.4572026939364804,0.495576647526377,0.8762783180820354,1.116389905422502,1.1045061647768344,0.1438340329314653,-0.18839838553974547,-0.5237045787247159
59,0.2338899484005066,0.2086010095253459,0.34450260709082037,1.3509354058680254,0.07091381394014236,1.1336277911028871,1.1336277911028871,-0.9165378540363832,0.5671761205372474,0.5615405999256232,-1.5934609159083473,-0.6454941147943103,0.1751755793483168,0.1438340329314653,0.7858251658157877,0.07010006767002915
60,1.5587347774811766,1.2200971307529465,1.350727650516158,1.3509354058680254,0.3938023539261248,0.02399591717887571,0.02399591717887571,0.9221053289175869,0.8891081741052507,1.3125660953657583,0.5189728468829701,1.5179066795565528,1.1045061647768344,0.6828027825536401,-0.42050065509467155,-0.9768459539623865
61,1.372343153660353,1.2200971307529465,1.350727650516158,1.3509354058680254,1.3780684588743142,0.14760890467767726,0.14760890467767726,1.3032340795220538,1.4351199326675572,1.3125660953657583,0.8504522265926838,1.9055244093577544,1.1045061647768344,0.1438340329314653,-0.15648166939250133,-0.45160042249192556
62,-0.7604987470959229,-0.0271333074951761,0.8301587990974424,1.3509354058680254,1.1698872748098534,1.4441858606608682,1.4441858606608682,-0.9165378540363832,0.5667436420395797,-1.298256168276425,-0.06490185723121711,-0.6454941147943103,-1.0213898027796307,0.1438340329314653,0.16596585910930065,0.027270401944991318
63,0.2338899484005066,1.2200971307529465,1.350727650516158,1.3509354058680254,0.3938023539261248,0.6343835405321798,0.6343835405321798,-0.9165378540363832,0.32428526795239804,0.5615405999256232,-0.6531115327900093,1.5179066795565528,0.1751755793483168,0.1438340329314653,1.0027289698395314,1.561762899069024
64,0.2338899484005066,0.8991226867550993,0.8301587990974424,1.3509354058680254,0.3938023539261248,1.530483168263738,1.530483168263738,0.4454558892542757,-1.114309128919093,-1.298256168276425,0.5256734282996052,-0.6454941147943103,-1.564993467832116,0.3641854008850189,-0.5697157535719534,-1.2129752130849016
65,1.1554195516530723,0.8991226867550993,1.5495249311709434,0.5851709641105918,1.1698872748098534,1.5374970144354876,1.5374970144354876,0.6491505349930052,1.3180696676036845,0.495576647526377,0.6801682405280192,0.48568121996794666,1.1045061647768344,-0.25303872544833905,-1.1256132080268546,-1.5703107155033504
66,0.597852927763021,0.2086010095253459,0.34450260709082037,1.3509354058680254,0.07091381394014236,1.1351394672156403,1.1351394672156403,0.6491505349930052,1.1309953591808393,1.3125660953657583,-0.5851961485911874,1.5179066795565528,0.44993664453200366,0.6828027825536401,1.0863546850326042,0.07010006767002915
67,1.372343153660353,0.8991226867550993,1.5495249311709434,0.5851709641105918,1.1698872748098534,1.5354500115275436,1.5354500115275436,1.0691269749297392,-1.114309128919093,0.495576647526377,1.1606887988541823,1.116389905422502,0.12336458876935616,0.04822689283527712,-0.9062367158916612,-1.3545070976282816
68,0.2338899484005066,1.0561984636189716,0.19204179117375647,0.5851709641105918,0.07091381394014236,-0.1401675538320052,-0.1401675538320052,-0.9165378540363832,0.8891081741052507,0.9135074424168484,0.5342383240991351,-0.6454941147943103,1.1045061647768344,-0.8151863987923668,-1.4919851849662034,-1.7853255261599772
69,1.372343153660353,1.2200971307529465,1.350727650516158,1.3509354058680254,2.0335005140801012,0.1309154237058069,0.1309154237058069,0.9221053289175869,1.0396059939693727,1.3125660953657583,0.4988329891683307,1.8530607653250124,1.1045061647768344,1.0443812709909557,-0.09659983526995886,-0.728417181453203
70,-0.21001460136047317,0.8991226867550993,0.34450260709082037,1.3509354058680254,0.07091381394014236,0.42805363538284347,0.42805363538284347,-0.9165378540363832,0.35493418996407167,-0.4766498505870418,-1.1646259761167796,-0.6454941147943103,0.1751755793483168,-0.35407381654550013,0.786028433504825,1.5617628990690182
71,0.597852927763021,0.4666697174108955,0.19204179117375647,0.5851709641105918,1.1698872748098534,-0.11435485458389855,-0.11435485458389855,0.9221053289175869,-1.114309128919093,0.5615405999256232,1.1606887988541823,-0.6454941147943103,1.1045061647768344,0.04822689283527712,-0.8558675876257367,-1.2532647142455866
72,0.597852927763021,0.4666697174108955,0.19204179117375647,0.5851709641105918,1.1698872748098534,-0.11435485458389855,-0.11435485458389855,1.3032340795220538,-1.114309128919093,0.25114267521898975,1.1606887988541823,-0.6454941147943103,1.1045061647768344,0.04822689283527712,-0.8558675876257367,-1.2532647142455866
73,1.1554195516530723,0.604569759419659,1.5168906734413392,1.3509354058680254,0.6814869513301007,0.9391898689334708,0.9391898689334708,0.288082507693974,1.0639400065425944,0.495576647526377,-0.10931057516303491,1.116389905422502,-1.0213898027796307,1.2677492581723673,1.453023942700126,0.2741919864864137
74,0.2338899484005066,0.33474666248612994,0.19204179117375647,0.5851709641105918,1.1698872748098534,-0.09864977783869458,-0.09864977783869458,0.0034915046111394996,-1.114309128919093,1.3125660953657583,1.1606887988541823,1.9055244093577544,1.1045061647768344,-0.5697485719832573,-1.3321931155051199,-1.5703107155033504
75,1.5587347774811766,0.33474666248612994,1.5495249311709434,0.5851709641105918,1.1698872748098534,1.5328553875891513,1.5328553875891513,1.3032340795220538,-1.114309128919093,-0.9200767787674737,1.1606887988541823,1.4684131204508903,1.1045061647768344,-0.5697485719832573,-1.3321931155051199,-1.5703107155033504
76,1.5587347774811766,0.33474666248612994,1.5495249311709434,0.5851709641105918,1.1698872748098534,1.5328553875891513,1.5328553875891513,1.3032340795220538,-1.114309128919093,-0.35319488869816656,1.1606887988541823,1.6650911542934181,-0.5540995803806434,-0.5697485719832573,-1.3321931155051199,-1.5703107155033504
77,1.372343153660353,0.4666697174108955,1.5495249311709434,0.5851709641105918,1.1698872748098534,1.5356474160853664,1.5356474160853664,-0.9165378540363832,1.728748602686516,0.495576647526377,1.1606887988541823,1.7750881769708484,1.1045061647768344,0.04822689283527712,-0.8558675876257367,-1.2532647142455866
78,0.2338899484005066,0.33474666248612994,0.19204179117375647,0.5851709641105918,1.1698872748098534,-0.09864977783869458,-0.09864977783869458,-0.9165378540363832,-1.114309128919093,1.3125660953657583,1.1606887988541823,-0.6454941147943103,1.1045061647768344,-0.5697485719832573,-1.3321931155051199,-1.5703107155033504
79,0.2338899484005066,0.33474666248612994,0.19204179117375647,0.5851709641105918,1.1698872748098534,-0.09864977783869458,-0.09864977783869458,-0.9165378540363832,-1.114309128919093,1.3125660953657583,1.1606887988541823,-0.6454941147943103,-0.06957929886794066,-0.5697485719832573,-1.3321931155051199,-1.5703107155033504
80,0.2338899484005066,0.33474666248612994,0.19204179117375647,0.5851709641105918,1.1698872748098534,-0.09864977783869458,-0.09864977783869458,-0.9165378540363832,-1.114309128919093,1.3125660953657583,1.1606887988541823,-0.6454941147943103,0.1751755793483168,-0.5697485719832573,-1.3321931155051199,-1.5703107155033504
81,0.9005507411351644,1.0561984636189716,0.8301587990974424,1.3509354058680254,1.7368764788689097,1.5140682046763407,1.5140682046763407,0.6491505349930052,0.9398479299682779,0.495576647526377,0.3462063122358279,-0.6454941147943103,1.1045061647768344,0.6958635371584947,-0.269172275695208,-0.8559229056268083
82,0.597852927763021,0.4666697174108955,0.19204179117375647,0.5851709641105918,1.1698872748098534,-0.11435485458389855,-0.11435485458389855,1.3032340795220538,-1.114309128919093,0.5615405999256232,1.1606887988541823,1.5179066795565528,0.1751755793483168,0.04822689283527712,-0.8558675876257367,-1.2532647142455866
83,0.597852927763021,0.4666697174108955,0.19204179117375647,0.5851709641105918,1.1698872748098534,-0.11435485458389855,-0.11435485458389855,1.3032340795220538,-1.114309128919093,0.5615405999256232,1.1606887988541823,-0.6454941147943103,-0.06957929886794066,0.04822689283527712,-0.8558675876257367,-1.2532647142455866
84,0.597852927763021,0.4666697174108955,0.19204179117375647,0.5851709641105918,1.1698872748098534,-0.11435485458389855,-0.11435485458389855,1.3032340795220538,-1.114309128919093,0.5615405999256232,1.1606887988541823,-0.6454941147943103,-0.06957929886794066,0.04822689283527712,-0.8558675876257367,-1.2532647142455866
85,1.1554195516530723,0.8991226867550993,0.8301587990974424,1.3509354058680254,1.892030865270692,1.5108538333618846,1.5108538333618846,0.061328109153576414,-1.114309128919093,-0.35319488869816656,1.1606887988541823,-0.6454941147943103,1.1045061647768344,0.1438340329314653,-0.3015843327503625,-0.5237045787247159
86,0.9005507411351644,0.8991226867550993,1.350727650516158,1.3509354058680254,1.892030865270692,0.017190712949378916,0.017190712949378916,-0.9165378540363832,1.728748602686516,1.3125660953657583,1.1606887988541823,1.8530607653250124,1.1045061647768344,0.1438340329314653,-0.3015843327503625,-0.5237045787247159
87,0.597852927763021,0.08803781002540943,0.19204179117375647,0.5851709641105918,1.1698872748098534,-0.12294602028812601,-0.12294602028812601,-0.9165378540363832,-1.114309128919093,-0.022565530884068603,1.1606887988541823,-0.6454941147943103,1.1045061647768344,-0.5697485719832573,-1.1532696312940802,-1.2129752130849016
88,0.597852927763021,0.08803781002540943,0.19204179117375647,0.5851709641105918,1.1698872748098534,-0.12294602028812601,-0.12294602028812601,-0.9165378540363832,-1.114309128919093,0.25114267521898975,1.1606887988541823,1.9055244093577544,-0.2875827211018677,-0.5697485719832573,-1.1532696312940802,-1.2129752130849016
89,0.597852927763021,0.08803781002540943,0.19204179117375647,0.5851709641105918,1.1698872748098534,-0.12294602028812601,-0.12294602028812601,-0.9165378540363832,-1.114309128919093,-0.022565530884068603,1.1606887988541823,-0.6454941147943103,1.1045061647768344,-0.5697485719832573,-1.1532696312940802,-1.2129752130849016
90,0.2338899484005066,-0.0271333074951761,0.8301587990974424,1.3509354058680254,1.1698872748098534,1.4857659558322132,1.4857659558322132,-0.9165378540363832,0.42641786218156186,-1.5502580635278616,-0.24780265342155652,-0.6454941147943103,-0.5540995803806434,0.1438340329314653,0.04773837332192061,0.027270401944991318
91,1.372343153660353,0.08803781002540943,1.5495249311709434,0.5851709641105918,1.1698872748098534,1.5371568124297075,1.5371568124297075,1.3032340795220538,-1.114309128919093,0.495576647526377,1.1606887988541823,1.836668929052513,1.1045061647768344,-0.5697485719832573,-1.1532696312940802,-1.2129752130849016
92,0.597852927763021,0.08803781002540943,0.19204179117375647,0.5851709641105918,1.1698872748098534,-0.12294602028812601,-0.12294602028812601,-0.9165378540363832,-1.114309128919093,0.25114267521898975,1.1606887988541823,-0.6454941147943103,-0.2875827211018677,-0.5697485719832573,-1.1532696312940802,-1.2129752130849016
93,0.597852927763021,0.08803781002540943,0.19204179117375647,0.5851709641105918,1.1698872748098534,-0.12294602028812601,-0.12294602028812601,-0.9165378540363832,-1.114309128919093,0.25114267521898975,1.1606887988541823,-0.6454941147943103,-0.2875827211018677,-0.5697485719832573,-1.1532696312940802,-1.2129752130849016
94,0.597852927763021,0.08803781002540943,0.19204179117375647,0.5851709641105918,1.1698872748098534,-0.12294602028812601,-0.12294602028812601,-0.9165378540363832,-1.114309128919093,0.25114267521898975,1.1606887988541823,-0.6454941147943103,-0.2875827211018677,-0.5697485719832573,-1.1532696312940802,-1.2129752130849016
95,-1.456720563882511,0.08803781002540943,-0.9865392229511731,-0.945545899639108,-0.7051815926192075,0.3088218037520102,0.3088218037520102,-0.9165378540363832,0.6337517335433153,-1.2166732107111191,-1.629187804795092,-0.6454941147943103,1.1045061647768344,2.3754092372725126,1.3806683683279937,1.2089124502898498
96,0.9005507411351644,1.0561984636189716,1.350727650516158,1.3509354058680254,1.7368764788689097,0.1258161614596779,0.1258161614596779,0.6491505349930052,0.9733299569463255,1.3125660953657583,0.41461688129602764,1.5179066795565528,0.7583512194410399,1.0443812709909557,-0.0037117575804240396,-0.5237045787247159
97,0.597852927763021,0.2086010095253459,0.34450260709082037,1.3509354058680254,0.07091381394014236,1.1460053687387366,1.1460053687387366,-0.9165378540363832,0.5856713106187132,-0.022565530884068603,-1.7105073493173935,-0.6454941147943103,0.1751755793483168,0.6828027825536401,0.9117275996017679,0.2741919864864137
98,0.9005507411351644,1.2200971307529465,0.8301587990974424,1.3509354058680254,1.7368764788689097,1.3957396680903744,1.3957396680903744,1.3032340795220538,1.3793802824490315,0.495576647526377,0.5827010811044999,1.116389905422502,1.1045061647768344,1.2677492581723673,0.5881302999662603,0.30070175285938827
99,1.1554195516530723,1.2200971307529465,1.5495249311709434,0.5851709641105918,1.1698872748098534,1.539685847210585,1.539685847210585,0.6491505349930052,1.036117892409067,0.495576647526377,0.6696737233651155,1.116389905422502,1.1045061647768344,0.04822689283527712,-0.7251420351507697,-1.2129752130849016
100,0.9005507411351644,1.0561984636189716,0.8301587990974424,1.3509354058680254,1.892030865270692,1.4949234779836593,1.4949234779836593,1.3032340795220538,1.288934436090849,0.495576647526377,0.5569816949198176,1.116389905422502,1.1045061647768344,1.0443812709909557,0.034528127850380196,-0.6620407782373688
101,-0.21001460136047317,-0.0271333074951761,0.8301587990974424,1.3509354058680254,1.1698872748098534,1.449641347677044,1.449641347677044,-0.9165378540363832,0.5542307245386218,-1.298256168276425,-0.24927278272010503,-0.6454941147943103,0.12336458876935616,1.2677492581723673,0.31647340193132323,-0.05849675432937287
102,1.5587347774811766,1.2200971307529465,1.5168906734413392,1.3509354058680254,0.07091381394014236,1.1013798277399836,1.1013798277399836,0.6491505349930052,0.8891081741052507,-0.35319488869816656,-1.2095456171516332,1.116389905422502,0.12336458876935616,0.1438340329314653,0.4657006708671656,-0.466859768753
103,1.372343153660353,1.0561984636189716,1.350727650516158,1.3509354058680254,1.3780684588743142,0.45179468067574935,0.45179468067574935,0.9221053289175869,1.3835880826517686,1.3125660953657583,0.5159311386228537,1.8530607653250124,1.1045061647768344,1.2677492581723673,0.6667443081839669,0.49760523456718553
104,0.2338899484005066,0.8991226867550993,1.350727650516158,1.3509354058680254,1.1698872748098534,-0.07292436996466563,-0.07292436996466563,-0.9165378540363832,-1.114309128919093,0.5615405999256232,0.4462319202208643,-0.6454941147943103,0.44993664453200366,0.1438340329314653,-0.47248623520845295,-0.6620407782373688
105,0.2338899484005066,0.8991226867550993,1.350727650516158,1.3509354058680254,1.1698872748098534,-0.07292436996466563,-0.07292436996466563,-0.9165378540363832,-1.114309128919093,0.5615405999256232,0.4462319202208643,-0.6454941147943103,0.7583512194410399,0.1438340329314653,-0.47248623520845295,-0.6620407782373688
106,0.9005507411351644,0.8991226867550993,0.34450260709082037,1.3509354058680254,0.07091381394014236,1.1460370451743132,1.1460370451743132,1.3032340795220538,1.4104157782221494,1.3125660953657583,-0.13451360486931696,1.9055244093577544,1.1045061647768344,2.5992723216798517,1.7030828832447784,0.2741919864864137
107,-0.7604987470959229,0.08803781002540943,0.34450260709082037,1.3509354058680254,-0.29304121533767247,0.1737038676695935,0.1737038676695935,-0.9165378540363832,0.8647343743770931,0.9135074424168484,-0.7481585076493906,-0.6454941147943103,1.1045061647768344,-0.8151863987923668,0.22800812751678995,0.6008280604734973
108,0.597852927763021,0.8991226867550993,1.350727650516158,1.3509354058680254,1.1698872748098534,-0.07684894796616819,-0.07684894796616819,0.288082507693974,0.8891081741052507,0.9135074424168484,0.7796267539454916,1.5179066795565528,0.44993664453200366,0.3641854008850189,-0.38350825509210457,-0.6620407782373688
109,0.597852927763021,1.0561984636189716,0.19204179117375647,0.5851709641105918,0.938829290259177,-0.12589179753183866,-0.12589179753183866,0.6491505349930052,-1.114309128919093,0.9135074424168484,0.6362586817335274,-0.6454941147943103,0.7583512194410399,-0.25303872544833905,-1.0067455741828326,-1.3545070976282816
110,-0.21001460136047317,0.08803781002540943,0.34450260709082037,1.3509354058680254,-0.29304121533767247,0.585128305356314,0.585128305356314,0.6491505349930052,1.056478928044591,1.3125660953657583,-0.6811190743449596,-0.6454941147943103,0.44993664453200366,0.1438340329314653,0.45308238915438176,0.11565163380310646
111,1.372343153660353,1.0561984636189716,0.8301587990974424,1.3509354058680254,1.892030865270692,1.531777334860716,1.531777334860716,-0.9165378540363832,1.7287486026865908,0.495576647526377,1.1606887988541823,0.48568121996794666,1.1045061647768344,0.3641854008850189,-0.37838385221065635,-0.8559229056268083
112,0.2338899484005066,1.0561984636189716,1.350727650516158,1.3509354058680254,1.3780684588743142,0.4348828132866843,0.4348828132866843,0.288082507693974,1.1201191422248902,1.3125660953657583,-0.011898775565116745,1.5179066795565528,-0.06957929886794066,1.2677492581723673,0.9225420743761231,1.170636269116137
113,0.597852927763021,1.0561984636189716,1.350727650516158,1.3509354058680254,1.892030865270692,-0.09264965769862421,-0.09264965769862421,1.3032340795220538,1.7287486026866365,1.3125660953657583,1.1606887988541823,1.5179066795565528,1.1045061647768344,0.3641854008850189,-0.37838385221065635,-0.8559229056268083
114,0.2338899484005066,-0.0271333074951761,0.8301587990974424,1.3509354058680254,1.1698872748098534,1.4538308083149476,1.4538308083149476,0.6491505349930052,0.9811720183061908,0.495576647526377,0.13121630539459606,-0.6454941147943103,-0.5540995803806434,1.2677492581723673,0.5427341839596355,0.49760523456718553
115,0.2338899484005066,0.4666697174108955,0.34450260709082037,1.3509354058680254,-0.7051815926192075,0.8658915330162559,0.8658915330162559,0.9221053289175869,1.012905728245493,1.3125660953657583,-0.9494132294323547,1.8530607653250124,-0.48173879335711606,0.1438340329314653,0.1518868568829512,-0.624198858082833
116,0.597852927763021,-0.4375475176805875,-0.9865392229511731,-0.945545899639108,0.07091381394014236,1.1579735446986585,1.1579735446986585,-0.9165378540363832,0.5984495650370893,0.25114267521898975,-1.992114144768521,-0.6454941147943103,1.1045061647768344,4.94333942887679,3.398579965321146,1.2521178858174167
117,1.1554195516530723,-0.0271333074951761,0.8301587990974424,1.3509354058680254,1.1698872748098534,1.4934429060985157,1.4934429060985157,1.3032340795220538,1.0469376450789758,0.495576647526377,-0.09555028417893406,-0.6454941147943103,1.1045061647768344,0.1438340329314653,0.48953743294026303,1.170636269116137
118,-0.21001460136047317,1.0561984636189716,0.34450260709082037,1.3509354058680254,-0.29304121533767247,0.7616102693467869,0.7616102693467869,1.3032340795220538,1.4001681801397732,1.3125660953657583,0.11374900915376969,1.5179066795565528,1.1045061647768344,1.2677492581723673,0.8897519548078793,0.397608352916712
119,-0.21001460136047317,0.8991226867550993,0.34450260709082037,1.3509354058680254,0.07091381394014236,0.040605572821539856,0.040605572821539856,0.6491505349930052,1.2643528484214461,1.3125660953657583,0.40902625324462616,1.5179066795565528,0.7583512194410399,-0.35407381654550013,0.27317410174985307,0.8175323653425602
120,1.5587347774811766,1.2200971307529465,1.5168906734413392,1.3509354058680254,0.3938023539261248,1.2889786229851363,1.2889786229851363,1.3032340795220538,1.385081944921004,0.495576647526377,-0.03391814992404309,1.9075190326351925,1.1045061647768344,0.1438340329314653,0.09870494079068273,-0.7721790416111952
121,1.7202505324116648,1.2200971307529465,1.5495249311709434,0.5851709641105918,1.1698872748098534,1.5378662647483272,1.5378662647483272,1.1343513044301896,1.036117892409067,0.495576647526377,0.6685243747070433,1.7750881769708484,1.1045061647768344,-0.25303872544833905,-0.9565184787275108,-1.2532647142455866
122,1.372343153660353,1.2200971307529465,0.8301587990974424,1.3509354058680254,1.892030865270692,1.532605635024763,1.532605635024763,1.034558535046158,1.2957899433364268,0.495576647526377,0.8136067586178577,1.6650911542934181,1.1045061647768344,0.3641854008850189,-0.289211339653068,-0.6620407782373688
123,1.372343153660353,1.0561984636189716,0.8301587990974424,1.3509354058680254,0.07091381394014236,1.51743927022418,1.51743927022418,-0.9165378540363832,0.6092583066217262,-0.35319488869816656,0.12955758378323962,0.48568121996794666,1.1045061647768344,0.1438340329314653,0.16201459718324865,0.6008280604734973
124,1.372343153660353,1.2200971307529465,0.8301587990974424,1.3509354058680254,1.3780684588743142,1.5308067660704279,1.5308067660704279,0.6491505349930052,1.336698020306922,0.495576647526377,0.8794747695027132,1.116389905422502,1.1045061647768344,0.1438340329314653,-0.24616148041244676,-0.1417542307702846
125,0.2338899484005066,0.4666697174108955,0.19204179117375647,0.5851709641105918,0.07091381394014236,-0.12609506129999562,-0.12609506129999562,0.4454558892542757,-1.114309128919093,0.9135074424168484,0.456883442462773,-0.6454941147943103,0.44993664453200366,0.04822689283527712,-0.5775686221819716,-0.6620407782373688
126,0.9005507411351644,0.8991226867550993,1.350727650516158,1.3509354058680254,1.3780684588743142,-0.08973866904812147,-0.08973866904812147,0.6491505349930052,1.336698020306922,1.3125660953657583,0.8542511471430039,1.5179066795565528,0.7583512194410399,0.1438340329314653,-0.21139731416158034,-0.05849675432937287
127,1.372343153660353,-0.0271333074951761,0.8301587990974424,1.3509354058680254,1.1698872748098534,1.4588729202899888,1.4588729202899888,0.6491505349930052,0.44112986879467964,-0.35319488869816656,0.10811636460380608,0.48568121996794666,0.12336458876935616,1.2677492581723673,0.7977216549472506,1.170636269116137
128,0.2338899484005066,0.4666697174108955,0.19204179117375647,0.5851709641105918,0.07091381394014236,-0.12609506129999562,-0.12609506129999562,1.3032340795220538,-1.114309128919093,0.9135074424168484,0.456883442462773,1.5179066795565528,0.44993664453200366,0.04822689283527712,-0.5775686221819716,-0.6620407782373688
129,1.372343153660353,-0.0271333074951761,0.8301587990974424,1.3509354058680254,1.1698872748098534,1.4607365610761138,1.4607365610761138,0.6491505349930052,0.5628530958755614,-0.35319488869816656,0.2419970479070837,1.836668929052513,0.12336458876935616,1.2677492581723673,0.8900638558784729,1.4268278820542832
130,1.1554195516530723,1.0561984636189716,1.5495249311709434,0.5851709641105918,1.3780684588743142,1.5325737598120956,1.5325737598120956,0.7483001489842114,1.7287486026862917,0.495576647526377,1.1606887988541823,0.48568121996794666,1.1045061647768344,-0.5405541877649584,-1.1993793934520554,-1.5428819063287544
131,0.597852927763021,1.2200971307529465,1.350727650516158,1.3509354058680254,1.7368764788689097,-0.10084061954745592,-0.10084061954745592,1.3032340795220538,1.1550614372314347,1.3125660953657583,0.5877348752660055,-0.6454941147943103,1.1045061647768344,0.3641854008850189,-0.2271171471505026,-0.5237045787247159
132,-0.7604987470959229,0.4666697174108955,0.34450260709082037,1.3509354058680254,-0.7051815926192075,0.8210919211325612,0.8210919211325612,-0.9165378540363832,-0.3737490095811843,-0.9751814105633334,-1.8849479390274764,-0.6454941147943103,-0.06957929886794066,-0.44321618347267294,-0.16690674112208825,-0.624198858082833
133,0.9005507411351644,1.0561984636189716,0.19204179117375647,0.5851709641105918,1.3780684588743142,-0.0970789144468568,-0.0970789144468568,-0.9165378540363832,1.7287486026862917,1.3125660953657583,1.1606887988541823,1.5179066795565528,1.1045061647768344,-0.5405541877649584,-1.1993793934520554,-1.5428819063287544
134,1.1554195516530723,0.8991226867550993,1.350727650516158,1.3509354058680254,1.892030865270692,-0.02286501788221214,-0.02286501788221214,1.3032340795220538,-1.114309128919093,1.3125660953657583,1.1606887988541823,1.8530607653250124,0.7583512194410399,0.6958635371584947,0.11912597806323517,0.027270401944991318
135,-0.21001460136047317,0.4666697174108955,0.34450260709082037,1.3509354058680254,-0.7051815926192075,0.6727667840529378,0.6727667840529378,-0.9165378540363832,0.6834865112780515,0.5615405999256232,-1.2475242117358567,-0.6454941147943103,-0.8085932727960953,0.1438340329314653,-0.1390221900650603,-0.7721790416111952
136,-0.21001460136047317,-0.2420382540474039,0.19204179117375647,0.5851709641105918,-1.710889195583504,-0.12945252908957192,-0.12945252908957192,0.6491505349930052,0.6280238601601781,0.25114267521898975,0.3927106675118393,-0.6454941147943103,-0.2875827211018677,-0.25303872544833905,-0.8780699679749868,-1.091644434951731
137,0.9005507411351644,0.8991226867550993,1.350727650516158,1.3509354058680254,1.3780684588743142,-0.09773565097924655,-0.09773565097924655,-0.9165378540363832,0.5246614409466607,0.5615405999256232,0.08374127442902245,-0.6454941147943103,0.7583512194410399,0.1438340329314653,-0.10306961073580186,0.20675683613410129
138,-0.7604987470959229,0.4666697174108955,0.34450260709082037,1.3509354058680254,-0.7051815926192075,0.8087602009392485,0.8087602009392485,-0.9165378540363832,-0.32505155264772817,-0.4766498505870418,-1.821986435971628,-0.6454941147943103,-0.06957929886794066,-0.8151863987923668,-0.2319662326520929,-0.624198858082833
139,0.9005507411351644,0.08803781002540943,-0.9865392229511731,-0.945545899639108,-0.7051815926192075,-0.4251962477498803,-0.4251962477498803,-0.9165378540363832,0.22742347461745646,0.5615405999256232,-0.7204093303623392,-0.6454941147943103,0.7583512194410399,0.3641854008850189,0.07733025834391373,0.047430141657762354
140,0.597852927763021,0.33474666248612994,0.19204179117375647,0.5851709641105918,1.1698872748098534,-0.09717654954021239,-0.09717654954021239,0.288082507693974,-1.114309128919093,0.5615405999256232,1.1606887988541823,-0.6454941147943103,-0.2875827211018677,-0.5405541877649584,-1.176043930902709,-1.4974562724016511
141,-0.21001460136047317,0.08803781002540943,0.34450260709082037,1.3509354058680254,-0.29304121533767247,0.3309839520627415,0.3309839520627415,-0.9165378540363832,-0.6775674494122016,-0.4766498505870418,-1.5039195057403267,-0.6454941147943103,-0.2875827211018677,0.1438340329314653,-0.011435539804921568,-0.6620407782373688
142,-1.456720563882511,0.8991226867550993,0.34450260709082037,1.3509354058680254,0.07091381394014236,1.0485292674089068,1.0485292674089068,-0.9165378540363832,-0.701928646600382,-1.2166732107111191,-1.8386644374285936,-0.6454941147943103,-0.48173879335711606,0.824520952258424,0.6256637645772718,-0.29933148885842176
143,0.2338899484005066,0.8991226867550993,0.19204179117375647,0.5851709641105918,1.1698872748098534,-0.151239208132793,-0.151239208132793,0.6491505349930052,-1.114309128919093,0.9135074424168484,1.1606887988541823,1.5179066795565528,0.44993664453200366,-0.25303872544833905,-0.7756785164911714,-1.2129752130849016
144,0.2338899484005066,0.8991226867550993,0.19204179117375647,0.5851709641105918,1.1698872748098534,-0.151239208132793,-0.151239208132793,1.3032340795220538,-1.114309128919093,0.9135074424168484,1.1606887988541823,-0.6454941147943103,0.44993664453200366,-0.25303872544833905,-0.7756785164911714,-1.2129752130849016
145,1.1554195516530723,1.0561984636189716,1.5495249311709434,0.5851709641105918,1.3780684588743142,1.5368831464846204,1.5368831464846204,-0.9165378540363832,1.728748602686616,0.495576647526377,1.1606887988541823,1.4684131204508903,1.1045061647768344,-0.5405541877649584,-1.0428727396356328,-1.2129752130849016
146,1.5587347774811766,0.8991226867550993,1.5495249311709434,0.5851709641105918,1.1698872748098534,1.5420403696576195,1.5420403696576195,-0.9165378540363832,1.7287486026865673,0.495576647526377,1.1606887988541823,1.4684131204508903,1.1045061647768344,-0.25303872544833905,-0.7756785164911714,-1.2129752130849016
147,0.2338899484005066,1.2200971307529465,0.19204179117375647,0.5851709641105918,0.3938023539261248,-0.23920896023783622,-0.23920896023783622,-0.9165378540363832,0.7864317028068559,0.25114267521898975,0.08358140392160178,-0.6454941147943103,0.7583512194410399,-0.25303872544833905,-0.622598963237362,-0.7831964162056047
148,0.597852927763021,0.33474666248612994,0.19204179117375647,0.5851709641105918,1.1698872748098534,-0.09717654954021239,-0.09717654954021239,1.3032340795220538,-1.114309128919093,0.5615405999256232,1.1606887988541823,1.8530607653250124,0.1751755793483168,-0.5405541877649584,-1.176043930902709,-1.4974562724016511
149,1.372343153660353,0.33474666248612994,1.5495249311709434,0.5851709641105918,1.1698872748098534,1.5325912766686112,1.5325912766686112,-0.9165378540363832,-1.114309128919093,0.495576647526377,1.1606887988541823,1.6650911542934181,1.1045061647768344,-0.5405541877649584,-1.176043930902709,-1.4974562724016511
150,0.597852927763021,0.33474666248612994,0.19204179117375647,0.5851709641105918,1.1698872748098534,-0.09717654954021239,-0.09717654954021239,1.3032340795220538,-1.114309128919093,0.25114267521898975,1.1606887988541823,-0.6454941147943103,1.1045061647768344,-0.5405541877649584,-1.176043930902709,-1.4974562724016511
151,1.861271862702533,1.2200971307529465,1.5168906734413392,1.3509354058680254,0.07091381394014236,1.5045085132960188,1.5045085132960188,1.3032340795220538,1.5203913530498534,0.495576647526377,0.46483555969717155,1.9075190326351925,1.1045061647768344,0.1438340329314653,0.3174634595730977,0.7074200262365155
152,0.9005507411351644,1.2200971307529465,1.350727650516158,1.3509354058680254,0.938829290259177,-0.034147835337825054,-0.034147835337825054,1.3032340795220538,1.4622564055251484,1.3125660953657583,0.840344805367847,1.5179066795565528,1.1045061647768344,0.6958635371584947,0.26897902930488443,0.3976083529167095
153,0.597852927763021,1.0561984636189716,0.34450260709082037,1.3509354058680254,0.3938023539261248,0.7035809883228574,0.7035809883228574,0.6491505349930052,0.9919056939521582,1.3125660953657583,-0.15417149090743124,1.5179066795565528,0.1751755793483168,1.2677492581723673,0.31359141774059013,-0.7721790416111952
154,1.372343153660353,-1.5620414661945567,1.5495249311709434,0.5851709641105918,-1.1742168175250518,1.5204348608184,1.5204348608184,0.6491505349930052,-1.114309128919093,0.495576647526377,1.1606887988541823,-0.6454941147943103,1.1045061647768344,-0.8151863987923668,-1.466985074942634,-1.5703107155033504
155,0.2338899484005066,-1.5620414661945567,0.19204179117375647,0.5851709641105918,-1.1742168175250518,-0.031594424062786404,-0.031594424062786404,1.3032340795220538,-1.114309128919093,0.5615405999256232,1.1606887988541823,-0.6454941147943103,1.1045061647768344,-0.8151863987923668,-1.466985074942634,-1.5703107155033504
156,0.2338899484005066,-1.5620414661945567,0.19204179117375647,0.5851709641105918,-1.1742168175250518,-0.031594424062786404,-0.031594424062786404,1.3032340795220538,-1.114309128919093,0.5615405999256232,1.1606887988541823,-0.6454941147943103,1.1045061647768344,-0.8151863987923668,-1.466985074942634,-1.5703107155033504
157,0.2338899484005066,-1.5620414661945567,0.19204179117375647,0.5851709641105918,-1.1742168175250518,-0.031594424062786404,-0.031594424062786404,1.3032340795220538,-1.114309128919093,0.25114267521898975,1.1606887988541823,-0.6454941147943103,1.1045061647768344,-0.8151863987923668,-1.466985074942634,-1.5703107155033504
158,0.2338899484005066,-1.5620414661945567,0.19204179117375647,0.5851709641105918,-1.1742168175250518,-0.031594424062786404,-0.031594424062786404,1.3032340795220538,-1.114309128919093,0.5615405999256232,1.1606887988541823,-0.6454941147943103,1.1045061647768344,-0.8151863987923668,-1.466985074942634,-1.5703107155033504
159,-1.456720563882511,-1.5620414661945567,0.19204179117375647,0.5851709641105918,-1.1742168175250518,-0.031594424062786404,-0.031594424062786404,1.3032340795220538,-1.114309128919093,-1.1035586758792555,1.1606887988541823,-0.6454941147943103,1.1045061647768344,-0.8151863987923668,-1.466985074942634,-1.5703107155033504
160,-0.7604987470959229,-1.5620414661945567,0.19204179117375647,0.5851709641105918,-1.1742168175250518,-0.031594424062786404,-0.031594424062786404,1.3032340795220538,-1.114309128919093,-0.9751814105633334,1.1606887988541823,-0.6454941147943103,1.1045061647768344,-0.8151863987923668,-1.466985074942634,-1.5703107155033504
161,-1.456720563882511,-1.5620414661945567,0.19204179117375647,0.5851709641105918,-1.1742168175250518,-0.031594424062786404,-0.031594424062786404,1.3032340795220538,-1.114309128919093,-1.1035586758792555,1.1606887988541823,-0.6454941147943103,0.44993664453200366,-0.8151863987923668,-1.466985074942634,-1.5703107155033504
162,-1.456720563882511,-1.5620414661945567,0.19204179117375647,0.5851709641105918,-1.1742168175250518,-0.031594424062786404,-0.031594424062786404,1.3032340795220538,-1.114309128919093,-1.1035586758792555,1.1606887988541823,-0.6454941147943103,-1.359040129735064,-0.8151863987923668,-1.466985074942634,-1.5703107155033504
163,-0.7604987470959229,-1.5620414661945567,0.19204179117375647,0.5851709641105918,-1.1742168175250518,-0.031594424062786404,-0.031594424062786404,1.3032340795220538,-1.114309128919093,-0.9751814105633334,1.1606887988541823,1.9075190326351925,-1.8372384439377523,-0.8151863987923668,-1.466985074942634,-1.5703107155033504
164,1.861271862702533,-1.5620414661945567,1.5495249311709434,0.5851709641105918,-1.1742168175250518,1.5204348608184,1.5204348608184,-0.9165378540363832,-1.114309128919093,0.495576647526377,1.1606887988541823,1.9075190326351925,1.1045061647768344,-0.8151863987923668,-1.466985074942634,-1.5703107155033504
165,1.861271862702533,-1.5620414661945567,1.5495249311709434,0.5851709641105918,-1.1742168175250518,1.5204348608184,1.5204348608184,-0.9165378540363832,-1.114309128919093,0.495576647526377,1.1606887988541823,-0.6454941147943103,1.1045061647768344,-0.8151863987923668,-1.466985074942634,-1.5703107155033504
166,1.861271862702533,-1.5620414661945567,1.5495249311709434,0.5851709641105918,-1.1742168175250518,1.5204348608184,1.5204348608184,-0.9165378540363832,-1.114309128919093,0.495576647526377,1.1606887988541823,1.9075190326351925,1.1045061647768344,-0.8151863987923668,-1.466985074942634,-1.5703107155033504
167,-0.7604987470959229,-1.5620414661945567,0.19204179117375647,0.5851709641105918,-1.1742168175250518,-0.031594424062786404,-0.031594424062786404,1.3032340795220538,-1.114309128919093,-0.9751814105633334,1.1606887988541823,-0.6454941147943103,-1.359040129735064,-0.8151863987923668,-1.466985074942634,-1.5703107155033504
168,-0.7604987470959229,-1.5620414661945567,0.19204179117375647,0.5851709641105918,-1.1742168175250518,-0.031594424062786404,-0.031594424062786404,1.3032340795220538,-1.114309128919093,-0.9751814105633334,1.1606887988541823,-0.6454941147943103,-1.359040129735064,-0.8151863987923668,-1.466985074942634,-1.5703107155033504
169,-0.7604987470959229,-1.5620414661945567,0.19204179117375647,0.5851709641105918,-1.1742168175250518,-0.031594424062786404,-0.031594424062786404,1.3032340795220538,-1.114309128919093,-0.9751814105633334,1.1606887988541823,-0.6454941147943103,-1.359040129735064,-0.8151863987923668,-1.466985074942634,-1.5703107155033504
170,-0.7604987470959229,-1.5620414661945567,0.19204179117375647,0.5851709641105918,-1.1742168175250518,-0.031594424062786404,-0.031594424062786404,1.3032340795220538,-1.114309128919093,-0.9751814105633334,1.1606887988541823,-0.6454941147943103,-1.359040129735064,-0.8151863987923668,-1.466985074942634,-1.5703107155033504
171,-0.7604987470959229,-1.5620414661945567,0.19204179117375647,0.5851709641105918,-1.1742168175250518,-0.031594424062786404,-0.031594424062786404,1.3032340795220538,-1.114309128919093,-0.9751814105633334,1.1606887988541823,-0.6454941147943103,-1.359040129735064,-0.8151863987923668,-1.466985074942634,-1.5703107155033504
172,-0.7604987470959229,-1.5620414661945567,0.19204179117375647,0.5851709641105918,-1.1742168175250518,-0.031594424062786404,-0.031594424062786404,1.3032340795220538,-1.114309128919093,-0.9751814105633334,1.1606887988541823,-0.6454941147943103,-1.359040129735064,-0.8151863987923668,-1.466985074942634,-1.5703107155033504
173,-0.7604987470959229,-1.5620414661945567,0.19204179117375647,0.5851709641105918,-1.1742168175250518,-0.031594424062786404,-0.031594424062786404,1.3032340795220538,-1.114309128919093,-0.9751814105633334,1.1606887988541823,1.5179066795565528,-1.359040129735064,-0.8151863987923668,-1.466985074942634,-1.5703107155033504
174,-0.7604987470959229,-1.5620414661945567,0.19204179117375647,0.5851709641105918,-1.1742168175250518,-0.031594424062786404,-0.031594424062786404,1.3032340795220538,-1.114309128919093,-0.9751814105633334,1.1606887988541823,-0.6454941147943103,-1.359040129735064,-0.8151863987923668,-1.466985074942634,-1.5703107155033504
175,-0.7604987470959229,-1.5620414661945567,0.19204179117375647,0.5851709641105918,-1.1742168175250518,-0.031594424062786404,-0.031594424062786404,1.3032340795220538,-1.114309128919093,-0.9751814105633334,1.1606887988541823,-0.6454941147943103,-1.359040129735064,-0.8151863987923668,-1.466985074942634,-1.5703107155033504
176,-0.21001460136047317,-0.4375475176805875,-0.9865392229511731,-0.945545899639108,0.07091381394014236,0.15090683976914965,0.15090683976914965,-0.9165378540363832,0.39441083727815646,-0.4766498505870418,-1.2122884081772445,-0.6454941147943103,-0.2875827211018677,2.2037992941789644,1.4837579824588214,0.7747548653498916
177,1.5587347774811766,1.0561984636189716,1.687368729903335,-0.945545899639108,1.1698872748098534,1.613887378072716,1.613887378072716,0.9221053289175869,1.385654263461171,0.495576647526377,0.8412881613574859,1.116389905422502,1.1045061647768344,0.04822689283527712,0.17609725825137074,0.7747548653498916
178,1.1554195516530723,1.2200971307529465,0.8301587990974424,1.3509354058680254,1.566250501156851,1.5351594645229913,1.5351594645229913,0.6491505349930052,1.2392383123192088,0.495576647526377,0.8823361488291844,-0.6454941147943103,1.1045061647768344,0.3641854008850189,-0.06176087873905184,-0.1417542307702846
179,1.372343153660353,1.0561984636189716,0.8301587990974424,1.3509354058680254,0.07091381394014236,1.5221153145858304,1.5221153145858304,0.9221053289175869,1.036117892409067,0.495576647526377,0.6025487732051854,1.6650911542934181,0.12336458876935616,0.6958635371584947,0.34842543114314145,0.6008280604734973
180,-0.21001460136047317,-0.2420382540474039,0.19204179117375647,0.5851709641105918,-1.710889195583504,-0.13281726526255383,-0.13281726526255383,-0.9165378540363832,-1.114309128919093,-0.82949830812477,-0.13747569283191646,-0.6454941147943103,-0.8085932727960953,-0.25303872544833905,-0.7956402302402259,-0.9171776585350734
181,1.372343153660353,1.0561984636189716,1.5495249311709434,0.5851709641105918,1.1698872748098534,1.541885135086022,1.541885135086022,1.3032340795220538,1.7287486026866254,0.495576647526377,1.1606887988541823,1.6650911542934181,0.12336458876935616,0.04822689283527712,-0.39481913698778237,-0.6620407782373688
182,-0.21001460136047317,1.2200971307529465,-0.9865392229511731,-0.945545899639108,1.1698872748098534,-0.5722002522837193,-0.5722002522837193,1.3032340795220538,1.502988722807314,1.3125660953657583,0.8112260612380576,1.5179066795565528,0.7583512194410399,0.04822689283527712,0.02804811936042133,0.3900459660047676
183,0.9005507411351644,0.4666697174108955,0.19204179117375647,0.5851709641105918,0.07091381394014236,-0.14539714268363782,-0.14539714268363782,0.6491505349930052,-1.114309128919093,0.9135074424168484,0.19630864745173396,-0.6454941147943103,0.7583512194410399,0.04822689283527712,-0.28190425846059597,0.027270401944991318
184,-1.456720563882511,0.4666697174108955,0.34450260709082037,1.3509354058680254,-0.7051815926192075,0.8364386737430946,0.8364386737430946,-0.9165378540363832,0.22909876699262005,-1.1035586758792555,-1.7652009868238836,-0.6454941147943103,-0.8085932727960953,0.5210863552534883,0.18232757678429665,-0.624198858082833
185,-0.7604987470959229,0.8991226867550993,-0.9865392229511731,-0.945545899639108,0.3938023539261248,-0.582468158049511,-0.582468158049511,-0.9165378540363832,-0.5288334937875963,-0.6641949470420486,-1.0385551376452866,-0.6454941147943103,-0.48173879335711606,1.4109622367796824,1.2577047507661319,1.701553710408074
186,-0.21001460136047317,-0.4375475176805875,-0.9865392229511731,-0.945545899639108,0.07091381394014236,-0.09788284011919716,-0.09788284011919716,-0.9165378540363832,0.3253864782924612,-0.022565530884068603,-1.094682985199351,-0.6454941147943103,-0.06957929886794066,1.7969455603832172,1.2796211139545643,0.7747548653498916
187,0.9005507411351644,1.2200971307529465,1.350727650516158,1.3509354058680254,1.3780684588743142,-0.11404994252442725,-0.11404994252442725,1.3032340795220538,1.336698020306922,1.3125660953657583,0.8527377780596913,1.8530607653250124,1.1045061647768344,0.3641854008850189,-0.026824508478043574,-0.05849675432937287
188,0.597852927763021,1.0561984636189716,0.19204179117375647,0.5851709641105918,1.1698872748098534,-0.15032796571367235,-0.15032796571367235,-0.9165378540363832,1.7287486026865673,1.3125660953657583,1.1606887988541823,1.5179066795565528,1.1045061647768344,0.04822689283527712,-0.39481913698778237,-0.6620407782373688
189,0.597852927763021,0.604569759419659,-0.9865392229511731,-0.945545899639108,0.6814869513301007,1.0880069893892377,1.0880069893892377,-0.9165378540363832,0.8564071956426652,0.9135074424168484,-1.55861790236827,-0.6454941147943103,0.44993664453200366,2.3754092372725126,1.3841812818164199,-0.1206891164377204
190,1.372343153660353,1.2200971307529465,0.8301587990974424,1.3509354058680254,1.1698872748098534,1.5360447005416182,1.5360447005416182,1.3032340795220538,1.2392383123192088,0.495576647526377,0.8801356822996226,1.4684131204508903,1.1045061647768344,0.3641854008850189,0.008774744592873064,0.027270401944991318
191,0.2338899484005066,-0.5284577564370213,0.34450260709082037,1.3509354058680254,-0.7051815926192075,0.05185082420561558,0.05185082420561558,-0.9165378540363832,-1.114309128919093,-0.4766498505870418,-0.7657424439175449,-0.6454941147943103,-0.06957929886794066,1.0443812709909557,0.7696033241415213,1.426827882054289
192,0.2338899484005066,-0.5284577564370213,0.34450260709082037,1.3509354058680254,-0.7051815926192075,0.05185082420561558,0.05185082420561558,-0.9165378540363832,-1.114309128919093,-0.4766498505870418,-0.7657424439175449,-0.6454941147943103,-0.06957929886794066,1.0443812709909557,0.7696033241415213,1.426827882054289
193,0.9005507411351644,0.4666697174108955,0.19204179117375647,0.5851709641105918,0.07091381394014236,-0.14539714268363782,-0.14539714268363782,1.3032340795220538,-1.114309128919093,0.9135074424168484,0.19630864745173396,1.5179066795565528,0.7583512194410399,0.04822689283527712,-0.28190425846059597,0.027270401944991318
194,0.597852927763021,-0.4375475176805875,-0.9865392229511731,-0.945545899639108,0.07091381394014236,0.40306207981794745,0.40306207981794745,-0.9165378540363832,0.29600548153994166,0.25114267521898975,-0.9751711513539806,-0.6454941147943103,-0.06957929886794066,2.633135715778432,1.9008066904011252,0.7747548653498916
195,0.2338899484005066,0.604569759419659,0.19204179117375647,0.5851709641105918,0.07091381394014236,-0.09808564024649812,-0.09808564024649812,-0.9165378540363832,-1.114309128919093,-0.022565530884068603,0.4165218771627058,-0.6454941147943103,-0.2875827211018677,-0.5405541877649584,-1.103817965735575,-1.3545070976282816
196,1.5587347774811766,1.2200971307529465,0.8301587990974424,1.3509354058680254,0.3938023539261248,1.5385642292687205,1.5385642292687205,1.3032340795220538,1.317948026617878,0.495576647526377,0.21004176306494107,1.116389905422502,1.1045061647768344,0.1438340329314653,0.30826785411774127,1.2965231911480513
197,0.9005507411351644,1.0561984636189716,1.687368729903335,-0.945545899639108,-0.29304121533767247,1.5279129873698845,1.5279129873698845,1.3032340795220538,1.3145983691285519,0.495576647526377,0.5320873335158752,1.7750881769708484,1.1045061647768344,1.4109622367796824,1.0465961046733019,0.30070175285938827
198,0.2338899484005066,0.604569759419659,1.350727650516158,1.3509354058680254,0.07091381394014236,-0.061659265654782004,-0.061659265654782004,-0.9165378540363832,-0.3165315413647254,-0.4766498505870418,-0.3922585793118872,-0.6454941147943103,0.1751755793483168,0.6958635371584947,0.6071573947077057,1.2965231911480513
199,-0.7604987470959229,-0.4375475176805875,-0.9865392229511731,-0.945545899639108,1.3780684588743142,-0.4628215789498286,-0.4628215789498286,-0.9165378540363832,0.3605712848421324,-0.9751814105633334,-0.9523194415034912,-0.6454941147943103,-0.8085932727960953,1.0443812709909557,0.8951065410251045,0.7747548653498916
200,-0.21001460136047317,0.33474666248612994,-0.9865392229511731,-0.945545899639108,0.3938023539261248,0.11970677362597301,0.11970677362597301,-0.9165378540363832,0.6271813598028808,-0.6641949470420486,-1.0707783961216808,-0.6454941147943103,1.1045061647768344,1.7969455603832172,1.4660412857229468,1.0489665978152365
201,-1.456720563882511,-0.5284577564370213,0.34450260709082037,1.3509354058680254,-0.7051815926192075,-0.08219373389357124,-0.08219373389357124,-0.9165378540363832,0.18325831020474634,-1.5495409963128985,-1.1345967805512334,-0.6454941147943103,-0.654638508506341,0.6958635371584947,0.6535416815767704,1.426827882054289
202,-0.7604987470959229,-0.5284577564370213,0.34450260709082037,1.3509354058680254,-0.7051815926192075,0.02399526416537296,0.02399526416537296,0.061328109153576414,-1.114309128919093,0.9135074424168484,0.31209762051121503,-0.6454941147943103,-1.0676922217778944,1.0443812709909557,0.5046332640837737,0.7074200262365155
203,1.1554195516530723,1.2200971307529465,1.5495249311709434,0.5851709641105918,0.3938023539261248,1.5519360687006565,1.5519360687006565,1.3032340795220538,0.984944352825445,0.495576647526377,0.30926564884407615,0.48568121996794666,1.1045061647768344,-0.5405541877649584,-0.7937252747427971,-0.7831964162056047
204,-0.7604987470959229,-0.5284577564370213,0.34450260709082037,1.3509354058680254,-0.7051815926192075,0.02399526416537296,0.02399526416537296,1.3032340795220538,-1.114309128919093,0.9135074424168484,0.31209762051121503,-0.6454941147943103,-1.0676922217778944,1.0443812709909557,0.5046332640837737,0.7074200262365155
205,0.2338899484005066,-0.4375475176805875,-0.9865392229511731,-0.945545899639108,0.07091381394014236,-0.11120252357042874,-0.11120252357042874,-0.9165378540363832,0.26334218365668777,0.25114267521898975,-0.44953125532058336,-0.6454941147943103,-0.654638508506341,1.7969455603832172,1.4674707019359299,0.7747548653498916
206,-0.7604987470959229,-0.4375475176805875,-0.9865392229511731,-0.945545899639108,0.07091381394014236,-0.5727015443751967,-0.5727015443751967,-0.9165378540363832,-0.5681088052803646,-0.82949830812477,-0.8024709572513506,-0.6454941147943103,-0.48173879335711606,0.6958635371584947,0.6822695890582527,0.7747548653498916
207,0.597852927763021,0.604569759419659,0.19204179117375647,0.5851709641105918,0.07091381394014236,-0.09920512986320906,-0.09920512986320906,-0.9165378540363832,0.44112986879467964,0.5615405999256232,0.21802911603684572,-0.6454941147943103,-0.2875827211018677,-0.5405541877649584,-1.0537284914008558,-1.2532647142455866
208,-1.456720563882511,0.08803781002540943,0.34450260709082037,1.3509354058680254,-0.29304121533767247,-0.05785449963844883,-0.05785449963844883,-0.9165378540363832,-0.7660617605145836,-1.1035586758792555,-1.71022109098536,-0.6454941147943103,-0.654638508506341,0.1438340329314653,-0.3105793463543255,-0.7930231691256634
209,-0.7604987470959229,-0.4375475176805875,-0.9865392229511731,-0.945545899639108,0.07091381394014236,-0.5741263442781569,-0.5741263442781569,-0.9165378540363832,-0.5188069582595001,-0.82949830812477,-0.6795097219816372,-0.6454941147943103,-0.48173879335711606,0.6958635371584947,0.7138382847855941,0.7747548653498916
210,0.2338899484005066,0.8991226867550993,-0.9865392229511731,-0.945545899639108,-1.1742168175250518,-0.6865542752720879,-0.6865542752720879,0.061328109153576414,0.42641786218156186,0.9135074424168484,0.6511812256554376,-0.6454941147943103,0.44993664453200366,-0.25303872544833905,0.020927976747656833,0.7747548653498916
211,0.597852927763021,-1.6241017624718226,0.19204179117375647,0.5851709641105918,-0.7051815926192075,-0.0545899423613475,-0.0545899423613475,1.3032340795220538,-1.114309128919093,0.9135074424168484,1.1606887988541823,-0.6454941147943103,1.1045061647768344,-0.8151863987923668,-1.2469457512497535,-1.2129752130849016
212,0.597852927763021,-1.6241017624718226,0.19204179117375647,0.5851709641105918,-0.7051815926192075,-0.0545899423613475,-0.0545899423613475,1.3032340795220538,-1.114309128919093,0.9135074424168484,1.1606887988541823,-0.6454941147943103,1.1045061647768344,-0.8151863987923668,-1.2469457512497535,-1.2129752130849016
213,0.597852927763021,-1.6241017624718226,0.19204179117375647,0.5851709641105918,-0.7051815926192075,-0.0545899423613475,-0.0545899423613475,1.3032340795220538,-1.114309128919093,1.3125660953657583,1.1606887988541823,-0.6454941147943103,1.1045061647768344,-0.8151863987923668,-1.2469457512497535,-1.2129752130849016
214,0.597852927763021,-1.6241017624718226,0.19204179117375647,0.5851709641105918,-0.7051815926192075,-0.0545899423613475,-0.0545899423613475,1.3032340795220538,-1.114309128919093,1.3125660953657583,1.1606887988541823,1.9075190326351925,-1.8372384439377523,-0.8151863987923668,-1.2469457512497535,-1.2129752130849016
215,0.597852927763021,-1.6241017624718226,0.19204179117375647,0.5851709641105918,-0.7051815926192075,-0.0545899423613475,-0.0545899423613475,1.3032340795220538,-1.114309128919093,0.9135074424168484,1.1606887988541823,-0.6454941147943103,1.1045061647768344,-0.8151863987923668,-1.2469457512497535,-1.2129752130849016
216,1.1554195516530723,-1.6241017624718226,1.5495249311709434,0.5851709641105918,-0.7051815926192075,1.5247882911651964,1.5247882911651964,-0.9165378540363832,-1.114309128919093,0.495576647526377,1.1606887988541823,-0.6454941147943103,1.1045061647768344,-0.8151863987923668,-1.2469457512497535,-1.2129752130849016
217,0.597852927763021,-1.6241017624718226,0.19204179117375647,0.5851709641105918,-0.7051815926192075,-0.0545899423613475,-0.0545899423613475,1.3032340795220538,-1.114309128919093,0.9135074424168484,1.1606887988541823,-0.6454941147943103,1.1045061647768344,-0.8151863987923668,-1.2469457512497535,-1.2129752130849016
218,0.597852927763021,-1.6241017624718226,0.19204179117375647,0.5851709641105918,-0.7051815926192075,-0.0545899423613475,-0.0545899423613475,1.3032340795220538,-1.114309128919093,0.9135074424168484,1.1606887988541823,-0.6454941147943103,1.1045061647768344,-0.8151863987923668,-1.2469457512497535,-1.2129752130849016
219,0.597852927763021,-1.6241017624718226,0.19204179117375647,0.5851709641105918,-0.7051815926192075,-0.0545899423613475,-0.0545899423613475,1.3032340795220538,-1.114309128919093,0.9135074424168484,1.1606887988541823,-0.6454941147943103,1.1045061647768344,-0.8151863987923668,-1.2469457512497535,-1.2129752130849016
220,0.597852927763021,-1.6241017624718226,0.19204179117375647,0.5851709641105918,-0.7051815926192075,-0.0545899423613475,-0.0545899423613475,1.3032340795220538,-1.114309128919093,0.9135074424168484,1.1606887988541823,-0.6454941147943103,1.1045061647768344,-0.8151863987923668,-1.2469457512497535,-1.2129752130849016
221,0.597852927763021,-1.6241017624718226,0.19204179117375647,0.5851709641105918,-0.7051815926192075,-0.0545899423613475,-0.0545899423613475,1.3032340795220538,-1.114309128919093,0.9135074424168484,1.1606887988541823,-0.6454941147943103,1.1045061647768344,-0.8151863987923668,-1.2469457512497535,-1.2129752130849016
222,1.372343153660353,-1.6241017624718226,1.5495249311709434,0.5851709641105918,-0.7051815926192075,1.5247882911651964,1.5247882911651964,-0.9165378540363832,-1.114309128919093,0.495576647526377,1.1606887988541823,-0.6454941147943103,1.1045061647768344,-0.8151863987923668,-1.2469457512497535,-1.2129752130849016
223,1.372343153660353,-1.6241017624718226,1.5495249311709434,0.5851709641105918,-0.7051815926192075,1.5247882911651964,1.5247882911651964,-0.9165378540363832,-1.114309128919093,0.495576647526377,1.1606887988541823,-0.6454941147943103,1.1045061647768344,-0.8151863987923668,-1.2469457512497535,-1.2129752130849016
224,0.597852927763021,-1.6241017624718226,0.19204179117375647,0.5851709641105918,-0.7051815926192075,-0.0545899423613475,-0.0545899423613475,1.3032340795220538,-1.114309128919093,0.9135074424168484,1.1606887988541823,-0.6454941147943103,1.1045061647768344,-0.8151863987923668,-1.2469457512497535,-1.2129752130849016
225,1.372343153660353,-1.6241017624718226,1.5495249311709434,0.5851709641105918,-0.7051815926192075,1.5247882911651964,1.5247882911651964,-0.9165378540363832,-1.114309128919093,0.495576647526377,1.1606887988541823,1.4684131204508903,1.1045061647768344,-0.8151863987923668,-1.2469457512497535,-1.2129752130849016
226,1.372343153660353,-1.6241017624718226,1.5495249311709434,0.5851709641105918,-0.7051815926192075,1.5247882911651964,1.5247882911651964,-0.9165378540363832,-1.114309128919093,0.495576647526377,1.1606887988541823,1.9075190326351925,1.1045061647768344,-0.8151863987923668,-1.2469457512497535,-1.2129752130849016
227,0.597852927763021,-1.6241017624718226,0.19204179117375647,0.5851709641105918,-0.7051815926192075,-0.0545899423613475,-0.0545899423613475,1.3032340795220538,-1.114309128919093,0.9135074424168484,1.1606887988541823,-0.6454941147943103,1.1045061647768344,-0.8151863987923668,-1.2469457512497535,-1.2129752130849016
228,-0.21001460136047317,-0.2420382540474039,0.19204179117375647,0.5851709641105918,-1.710889195583504,-0.15977670777158057,-0.15977670777158057,0.6491505349930052,1.336698020306922,1.3125660953657583,0.8748556935805809,1.5179066795565528,-0.654638508506341,-0.25303872544833905,-0.5563811243035754,-0.7930231691256634
229,0.597852927763021,-1.6241017624718226,0.19204179117375647,0.5851709641105918,-0.7051815926192075,-0.0545899423613475,-0.0545899423613475,1.3032340795220538,-1.114309128919093,1.3125660953657583,1.1606887988541823,-0.6454941147943103,1.1045061647768344,-0.8151863987923668,-1.2469457512497535,-1.2129752130849016
230,0.2338899484005066,-1.6241017624718226,0.19204179117375647,0.5851709641105918,-0.7051815926192075,-0.0545899423613475,-0.0545899423613475,1.3032340795220538,-1.114309128919093,0.9135074424168484,1.1606887988541823,-0.6454941147943103,1.1045061647768344,-0.8151863987923668,-1.2469457512497535,-1.2129752130849016
231,0.2338899484005066,-1.6241017624718226,0.19204179117375647,0.5851709641105918,-0.7051815926192075,-0.0545899423613475,-0.0545899423613475,1.3032340795220538,-1.114309128919093,0.9135074424168484,1.1606887988541823,-0.6454941147943103,1.1045061647768344,-0.8151863987923668,-1.2469457512497535,-1.2129752130849016
232,1.372343153660353,-1.6241017624718226,1.5495249311709434,0.5851709641105918,-0.7051815926192075,1.5247882911651964,1.5247882911651964,-0.9165378540363832,-1.114309128919093,0.495576647526377,1.1606887988541823,-0.6454941147943103,1.1045061647768344,-0.8151863987923668,-1.2469457512497535,-1.2129752130849016
233,0.2338899484005066,-1.6241017624718226,0.19204179117375647,0.5851709641105918,-0.7051815926192075,-0.0545899423613475,-0.0545899423613475,1.3032340795220538,-1.114309128919093,0.9135074424168484,1.1606887988541823,-0.6454941147943103,1.1045061647768344,-0.8151863987923668,-1.2469457512497535,-1.2129752130849016
234,0.2338899484005066,1.2200971307529465,-0.9865392229511731,-0.945545899639108,0.938829290259177,-0.1932043861528189,-0.1932043861528189,1.3032340795220538,1.350761095686112,1.3125660953657583,0.4705541137840826,1.8530607653250124,0.1751755793483168,1.4109622367796824,1.2279408987213125,0.3976083529167095
235,-1.456720563882511,-0.4375475176805875,-0.9865392229511731,-0.945545899639108,0.07091381394014236,-0.836073698418561,-0.836073698418561,-0.9165378540363832,0.26328137188544337,-1.1035586758792555,-0.8058364825091215,-0.6454941147943103,-0.654638508506341,1.0443812709909557,0.9606601842800292,1.2089124502898498
236,-0.21001460136047317,0.33474666248612994,-0.9865392229511731,-0.945545899639108,0.3938023539261248,0.37640285433345516,0.37640285433345516,-0.9165378540363832,0.40700149200778535,0.25114267521898975,-1.1703658811120754,-0.6454941147943103,0.1751755793483168,2.2037992941789644,1.1309426503908202,0.20675683613410129
237,0.2338899484005066,0.8991226867550993,-0.9865392229511731,-0.945545899639108,-1.1742168175250518,-0.6869266120519387,-0.6869266120519387,0.6491505349930052,0.8891081741052507,0.9135074424168484,0.8942559169220701,1.5179066795565528,0.44993664453200366,-0.25303872544833905,0.04655097035181427,0.7747548653498916
238,0.2338899484005066,0.604569759419659,0.19204179117375647,0.5851709641105918,0.07091381394014236,-0.12238291487584832,-0.12238291487584832,-0.9165378540363832,-0.20694626772182179,-0.263894076426943,0.012379929823459234,-0.6454941147943103,0.1751755793483168,-0.5405541877649584,-0.923726612069436,-1.2129752130849016
239,0.597852927763021,0.4666697174108955,0.19204179117375647,0.5851709641105918,0.07091381394014236,-0.16944916713830585,-0.16944916713830585,1.3032340795220538,1.1874215024363457,1.3125660953657583,0.4082284096625888,-0.6454941147943103,1.1045061647768344,0.04822689283527712,0.02679422598389827,0.8175323653425602
240,-0.21001460136047317,0.33474666248612994,-0.9865392229511731,-0.945545899639108,0.3938023539261248,0.16518660316074202,0.16518660316074202,-0.9165378540363832,0.4733736592692353,-0.263894076426943,-1.0900469350519528,-0.6454941147943103,-0.2875827211018677,1.7969455603832172,1.2018244648999685,0.7074200262365155
241,1.372343153660353,1.0561984636189716,1.687368729903335,-0.945545899639108,-0.29304121533767247,1.5181182739616994,1.5181182739616994,0.6491505349930052,0.48034546849425186,-0.35319488869816656,-0.5152281727057533,1.116389905422502,0.12336458876935616,1.4109622367796824,1.3449587281377966,1.426827882054289
242,-0.21001460136047317,1.0561984636189716,-0.9865392229511731,-0.945545899639108,0.938829290259177,1.1576916884779562,1.1576916884779562,-0.9165378540363832,0.7816815308787745,0.5615405999256232,-2.00529010133791,-0.6454941147943103,1.1045061647768344,-0.8151863987923668,2.5964481231112972,1.5458277258212696
243,1.7202505324116648,1.2200971307529465,1.5495249311709434,0.5851709641105918,-1.1742168175250518,1.5437457649976063,1.5437457649976063,1.3032340795220538,1.508400720785549,0.495576647526377,0.8986134310007604,1.9075190326351925,1.1045061647768344,-0.25303872544833905,-0.5268288387482752,-0.728417181453203
244,1.7202505324116648,1.2200971307529465,1.687368729903335,-0.945545899639108,0.938829290259177,0.9599188818051064,0.9599188818051064,1.3032340795220538,1.2263875166915381,0.495576647526377,-1.1212594066993236,1.7750881769708484,1.1045061647768344,2.00190496762227,2.095428582460367,0.7747548653498916
245,-0.21001460136047317,0.604569759419659,-0.9865392229511731,-0.945545899639108,-0.7051815926192075,-0.45536781781297797,-0.45536781781297797,-0.09390588029288506,0.6280238601601781,-0.022565530884068603,0.25491641335649257,1.5179066795565528,-0.06957929886794066,-0.5405541877649584,-0.43641792075325564,0.047430141657762354
246,0.2338899484005066,1.2200971307529465,1.350727650516158,1.3509354058680254,0.3938023539261248,-0.1514658908377753,-0.1514658908377753,0.6491505349930052,0.9397993607641312,1.3125660953657583,0.13469586712321402,1.5179066795565528,0.1751755793483168,0.3641854008850189,0.4501204053046773,1.170636269116137
247,-0.7604987470959229,-0.4375475176805875,-0.9865392229511731,-0.945545899639108,0.07091381394014236,0.610244293918889,0.610244293918889,-0.9165378540363832,-0.6505792782361992,-0.263894076426943,-1.6169328322657475,-0.6454941147943103,0.1751755793483168,3.0867287917245476,2.043737053494611,0.7747548653498916
248,-0.7604987470959229,0.604569759419659,-0.9865392229511731,-0.945545899639108,0.6814869513301007,0.7681032703693842,0.7681032703693842,-0.9165378540363832,0.2650314182528491,-0.4766498505870418,-1.7484503381327599,-0.6454941147943103,-0.654638508506341,0.824520952258424,0.557140979570217,-0.5346197177023334
249,-1.456720563882511,0.604569759419659,-0.9865392229511731,-0.945545899639108,-0.7051815926192075,-0.6652504363942208,-0.6652504363942208,-0.3596554793444798,-1.114309128919093,-1.2166732107111191,0.2573131913776941,-0.6454941147943103,-0.2875827211018677,-0.5405541877649584,-0.15321085889245803,0.7747548653498916
250,-1.456720563882511,0.604569759419659,-0.9865392229511731,-0.945545899639108,-0.7051815926192075,-0.6652504363942208,-0.6652504363942208,-0.9165378540363832,-1.114309128919093,-1.2166732107111191,0.2573131913776941,-0.6454941147943103,-0.2875827211018677,-0.5405541877649584,-0.15321085889245803,0.7747548653498916
251,-1.456720563882511,0.604569759419659,-0.9865392229511731,-0.945545899639108,-0.7051815926192075,-0.6652504363942208,-0.6652504363942208,-0.9165378540363832,-1.114309128919093,-1.2166732107111191,0.2573131913776941,-0.6454941147943103,-0.2875827211018677,-0.5405541877649584,-0.15321085889245803,0.7747548653498916
252,-0.7604987470959229,0.08803781002540943,0.34450260709082037,1.3509354058680254,-0.29304121533767247,-0.1849405927521006,-0.1849405927521006,-0.9165378540363832,0.2985895870506887,-0.263894076426943,-1.3443832514187712,-0.6454941147943103,-0.8085932727960953,0.1438340329314653,-0.39373252146578186,-0.728417181453203
253,1.5587347774811766,1.2200971307529465,1.687368729903335,-0.945545899639108,0.938829290259177,1.5702450471681015,1.5702450471681015,1.3032340795220538,1.1682426190140558,0.495576647526377,0.2961369452657483,1.4684131204508903,1.1045061647768344,1.4109622367796824,1.4623253736775699,0.7747548653498916
254,1.5587347774811766,1.0561984636189716,1.687368729903335,-0.945545899639108,1.1698872748098534,1.6149043510148153,1.6149043510148153,0.6491505349930052,1.4572026939364804,0.495576647526377,0.9150168572585995,1.7750881769708484,1.1045061647768344,-0.25303872544833905,0.07258597956922438,0.7747548653498916
255,0.2338899484005066,-0.4375475176805875,-0.9865392229511731,-0.945545899639108,0.07091381394014236,0.7446039146273558,0.7446039146273558,-0.9165378540363832,-0.08093729252179467,-0.4766498505870418,-1.7923120885539932,-0.6454941147943103,-0.06957929886794066,3.5665341633430248,2.3175194772535885,1.2089124502898498
256,0.2338899484005066,1.2200971307529465,0.19204179117375647,0.5851709641105918,0.3938023539261248,-0.15800732597753872,-0.15800732597753872,0.288082507693974,0.9931548978427533,1.3125660953657583,0.34597275230977526,1.5179066795565528,0.44993664453200366,-0.25303872544833905,-0.3841575054380827,0.027270401944991318
257,-1.456720563882511,-0.0271333074951761,-0.9865392229511731,-0.945545899639108,-0.29304121533767247,-0.9666047265923188,-0.9666047265923188,-0.9165378540363832,-0.0029007110281528167,-1.1035586758792555,-1.2696408591886421,-0.6454941147943103,-0.06957929886794066,1.4109622367796824,0.8318862799799456,0.3900459660047676
258,0.2338899484005066,1.2200971307529465,-0.9865392229511731,-0.945545899639108,2.2813313129918247,-0.4798251512982815,-0.4798251512982815,-0.9165378540363832,0.7366602629648193,0.25114267521898975,-0.5654800187266409,-0.6454941147943103,0.44993664453200366,1.0443812709909557,1.180335478680173,0.7747548653498916
259,0.2338899484005066,0.7486510699775748,0.19204179117375647,0.5851709641105918,0.07091381394014236,-0.16648885773527114,-0.16648885773527114,0.6491505349930052,1.0505284360787916,1.3125660953657583,0.3637359666412093,-0.6454941147943103,0.1751755793483168,-0.25303872544833905,-0.43501432275629287,-0.5237045787247159
260,-0.7604987470959229,-0.4375475176805875,-0.9865392229511731,-0.945545899639108,0.07091381394014236,0.49915609641514985,0.49915609641514985,-0.9165378540363832,-0.6810442707989086,-0.4766498505870418,-1.680827851188072,-0.6454941147943103,-0.48173879335711606,3.0867287917245476,2.2110113138964334,1.2089124502898498
261,0.2338899484005066,1.2200971307529465,0.19204179117375647,0.5851709641105918,0.938829290259177,-0.18694007010280528,-0.18694007010280528,1.3032340795220538,1.2933421195899297,1.3125660953657583,0.5659938204224496,1.5179066795565528,0.7583512194410399,0.04822689283527712,0.13030666687766712,0.6008280604734973
262,1.372343153660353,1.0561984636189716,1.687368729903335,-0.945545899639108,0.07091381394014236,1.1428294429405768,1.1428294429405768,1.3032340795220538,1.272145307300839,0.495576647526377,-0.7566968164349518,1.4684131204508903,1.1045061647768344,3.1795443367925946,1.7827758097611854,0.7747548653498916
263,-1.456720563882511,-0.2420382540474039,0.19204179117375647,0.5851709641105918,-1.710889195583504,-0.10635633176084705,-0.10635633176084705,-0.9165378540363832,-0.5023879221645818,-1.2166732107111191,-0.5812261942319363,-0.6454941147943103,-0.2875827211018677,-0.5405541877649584,-0.864952884570186,-0.8559229056268083
264,1.861271862702533,1.2200971307529465,1.5495249311709434,0.5851709641105918,0.6814869513301007,1.5445792757246055,1.5445792757246055,1.3032340795220538,1.4283085386374499,0.495576647526377,0.39484564239493064,1.6650911542934181,1.1045061647768344,-0.25303872544833905,-0.2743520544813194,0.30070175285938827
265,-0.7604987470959229,-0.5284577564370213,0.34450260709082037,1.3509354058680254,-0.7051815926192075,-0.20330068586050767,-0.20330068586050767,-0.9165378540363832,-1.114309128919093,-0.82949830812477,-1.0844556425078162,-0.6454941147943103,-0.654638508506341,0.3641854008850189,0.27822230103141,0.7074200262365155
266,1.372343153660353,1.2200971307529465,1.5495249311709434,0.5851709641105918,0.6814869513301007,1.5490997442098824,1.5490997442098824,1.3032340795220538,1.4895289929543953,0.495576647526377,0.6150425719150073,1.4684131204508903,1.1045061647768344,0.04822689283527712,0.21254191601766767,0.8175323653425602
267,-0.7604987470959229,-0.2420382540474039,0.19204179117375647,0.5851709641105918,-1.710889195583504,-0.11027454377053045,-0.11027454377053045,-0.9165378540363832,-0.2719730721851751,-0.6641949470420486,-0.39916491292985085,-0.6454941147943103,-0.48173879335711606,-0.5405541877649584,-0.7769334178855457,-0.8559229056268083
268,0.2338899484005066,1.0561984636189716,-0.9865392229511731,-0.945545899639108,0.6814869513301007,-0.34748345939673847,-0.34748345939673847,0.288082507693974,0.2662674259332271,0.5615405999256232,-0.1861370581200162,-0.6454941147943103,-0.2875827211018677,1.4109622367796824,1.6817244054263016,1.170636269116137
269,-0.7604987470959229,-0.5284577564370213,0.34450260709082037,1.3509354058680254,-0.7051815926192075,-0.12497203438205501,-0.12497203438205501,-0.9165378540363832,0.2760902336410899,-0.9751814105633334,-1.8258640614984811,-0.6454941147943103,0.1751755793483168,1.0443812709909557,-0.2956264003688449,-1.1468792329713224
270,0.9005507411351644,0.08803781002540943,-0.9865392229511731,-0.945545899639108,-0.7051815926192075,-0.8866680982380492,-0.8866680982380492,1.3032340795220538,1.288934436090849,1.3125660953657583,0.5649508058859797,1.5179066795565528,1.1045061647768344,0.04822689283527712,0.6467262900042975,1.701553710408074
271,-0.21001460136047317,-0.0271333074951761,-0.9865392229511731,-0.945545899639108,-0.29304121533767247,-0.4735038799730863,-0.4735038799730863,-0.9165378540363832,0.15490465009640436,-0.82949830812477,-1.6209255968888125,-0.6454941147943103,-0.06957929886794066,2.633135715778432,1.6623365837299016,0.49760523456718553
272,-0.7604987470959229,0.8991226867550993,-0.9865392229511731,-0.945545899639108,0.6814869513301007,-1.0389442471789692,-1.0389442471789692,-0.9165378540363832,0.22119133937664798,-0.9751814105633334,-0.8732050341692913,-0.6454941147943103,-0.2875827211018677,1.0443812709909557,0.7116033876266458,0.3900459660047676
273,-0.21001460136047317,1.0561984636189716,-0.9865392229511731,-0.945545899639108,-0.29304121533767247,-0.2811193024097549,-0.2811193024097549,-0.9165378540363832,0.42641786218156186,0.9135074424168484,0.5080383306461643,-0.6454941147943103,1.1045061647768344,-0.5405541877649584,-0.5584258073531103,-0.5346197177023334
274,-0.7604987470959229,-0.5284577564370213,0.34450260709082037,1.3509354058680254,-0.7051815926192075,-0.20330068586050767,-0.20330068586050767,-0.9165378540363832,-1.114309128919093,-0.82949830812477,-1.0844556425078162,-0.6454941147943103,-0.654638508506341,0.3641854008850189,0.27822230103141,0.7074200262365155
275,-0.7604987470959229,-0.5284577564370213,0.34450260709082037,1.3509354058680254,-0.7051815926192075,-0.20330068586050767,-0.20330068586050767,-0.9165378540363832,-1.114309128919093,-0.82949830812477,-1.0844556425078162,-0.6454941147943103,-0.654638508506341,0.3641854008850189,0.27822230103141,0.7074200262365155
276,-0.21001460136047317,1.2200971307529465,0.19204179117375647,0.5851709641105918,0.3938023539261248,-0.20415829414631972,-0.20415829414631972,0.6491505349930052,1.0397030424728857,1.3125660953657583,0.2930341603202721,-0.6454941147943103,1.1045061647768344,0.04822689283527712,0.3424232067289108,1.170636269116137
277,-0.21001460136047317,-0.4375475176805875,-0.9865392229511731,-0.945545899639108,0.07091381394014236,0.5209569770294885,0.5209569770294885,-0.9165378540363832,-0.1014208284563437,-0.4766498505870418,-1.7956796652165694,-0.6454941147943103,-0.48173879335711606,3.5665341633430248,2.4043436471564923,1.2089124502898498
278,-0.21001460136047317,0.7486510699775748,0.19204179117375647,0.5851709641105918,0.07091381394014236,-0.17959666294637708,-0.17959666294637708,-0.9165378540363832,0.836565464162675,0.9135074424168484,0.1389989290378086,-0.6454941147943103,-0.06957929886794066,-0.25303872544833905,-0.235843002556403,-0.05849675432937287
279,-0.7604987470959229,1.0561984636189716,-0.9865392229511731,-0.945545899639108,0.938829290259177,1.1338411118453189,1.1338411118453189,0.6491505349930052,1.0362014858645654,1.3125660953657583,-1.1345850715863108,1.5179066795565528,0.7583512194410399,2.1864098820562323,2.4758095238070172,1.2089124502898498
280,0.9005507411351644,1.0561984636189716,-0.9865392229511731,-0.945545899639108,0.6814869513301007,-0.354720890388906,-0.354720890388906,0.6491505349930052,0.42641786218156186,0.9135074424168484,0.020573258535949306,1.5179066795565528,0.44993664453200366,1.4109622367796824,1.7761116170786275,1.4268278820542832
281,0.597852927763021,-0.4375475176805875,-0.9865392229511731,-0.945545899639108,0.07091381394014236,1.0479463554244677,1.0479463554244677,0.288082507693974,0.5305045479616923,0.5615405999256232,-1.585016980648701,-0.6454941147943103,0.7583512194410399,3.8381284355024152,2.3790206182297697,1.2089124502898498
282,1.1554195516530723,1.0561984636189716,1.687368729903335,-0.945545899639108,-0.29304121533767247,1.6434850496750584,1.6434850496750584,0.6491505349930052,0.32704143043633616,-0.35319488869816656,0.6125138346457282,0.48568121996794666,0.12336458876935616,0.04822689283527712,0.5023482529227864,1.2089124502898498
283,0.2338899484005066,-0.4375475176805875,-0.9865392229511731,-0.945545899639108,0.07091381394014236,-0.95701863634152,-0.95701863634152,0.061328109153576414,0.8891081741052507,0.9135074424168484,0.6203161426519692,-0.6454941147943103,-0.06957929886794066,0.3641854008850189,0.7315917537258034,1.2089124502898498
284,-0.21001460136047317,1.0561984636189716,-0.9865392229511731,-0.945545899639108,-0.29304121533767247,-0.3632454159706486,-0.3632454159706486,0.6491505349930052,0.8891081741052507,1.3125660953657583,0.8180404136411231,1.5179066795565528,0.7583512194410399,-0.5405541877649584,-0.4391821424059697,-0.25912854939443686
285,-0.7604987470959229,-0.4375475176805875,-0.9865392229511731,-0.945545899639108,1.3780684588743142,-0.6578006225446975,-0.6578006225446975,-0.9165378540363832,0.42641786218156186,0.5615405999256232,0.12986783129669366,-0.6454941147943103,-0.06957929886794066,0.3641854008850189,0.80293463378273,0.7747548653498916
286,-0.7604987470959229,1.2200971307529465,-0.9865392229511731,-0.945545899639108,-0.29304121533767247,-0.6659318623467076,-0.6659318623467076,-0.9165378540363832,0.44596119095518494,-0.82949830812477,0.2537208110936887,-0.6454941147943103,-0.48173879335711606,-0.5405541877649584,-0.07891655769158414,0.7747548653498916
287,-0.7604987470959229,-0.2420382540474039,0.19204179117375647,0.5851709641105918,-1.710889195583504,-0.13063738412416456,-0.13063738412416456,-0.9165378540363832,-0.1489017965716244,-0.022565530884068603,-0.18687814098594538,-0.6454941147943103,-0.654638508506341,-0.5405541877649584,-0.6836493786619149,-0.8559229056268083
288,1.7202505324116648,1.2200971307529465,1.687368729903335,-0.945545899639108,0.6814869513301007,1.5875449259883059,1.5875449259883059,1.3032340795220538,1.51256075050512,0.495576647526377,0.846991141029775,1.7750881769708484,1.1045061647768344,-0.5405541877649584,-0.3115602575010733,0.047430141657762354
289,1.7202505324116648,1.0561984636189716,1.687368729903335,-0.945545899639108,1.7368764788689097,1.6417122085697127,1.6417122085697127,1.3032340795220538,1.7287486026866254,0.495576647526377,1.1606887988541823,1.9075190326351925,1.1045061647768344,0.3641854008850189,0.7953705238721467,1.2089124502898498
290,1.1554195516530723,1.2200971307529465,1.687368729903335,-0.945545899639108,0.07091381394014236,1.6438485818368842,1.6438485818368842,1.3032340795220538,1.2933421195899297,0.495576647526377,0.6890441500474203,0.48568121996794666,1.1045061647768344,-0.25303872544833905,0.31282952964377075,1.2089124502898498
291,1.5587347774811766,1.0561984636189716,1.687368729903335,-0.945545899639108,-0.29304121533767247,1.64353732766145,1.64353732766145,0.9221053289175869,0.23961311948371355,-0.35319488869816656,0.5465535938846071,0.48568121996794666,0.12336458876935616,0.04822689283527712,0.5317680478220087,1.2089124502898498
292,-0.21001460136047317,-0.0271333074951761,-0.9865392229511731,-0.945545899639108,-0.29304121533767247,-0.19030850448902073,-0.19030850448902073,-0.9165378540363832,0.8529767529972657,0.25114267521898975,-1.4389911219625804,-0.6454941147943103,-0.2875827211018677,3.0867287917245476,2.2622712000255323,1.701553710408074
293,-0.7604987470959229,0.8991226867550993,-0.9865392229511731,-0.945545899639108,1.3780684588743142,-0.689324602005259,-0.689324602005259,0.288082507693974,-0.044197042398057385,0.9135074424168484,0.18436333348149236,-0.6454941147943103,-0.06957929886794066,0.04822689283527712,0.5255963439926374,0.7747548653498916
294,-0.7604987470959229,-0.4375475176805875,-0.9865392229511731,-0.945545899639108,1.3780684588743142,-0.6615887019336661,-0.6615887019336661,0.288082507693974,-1.114309128919093,0.5615405999256232,0.5924956550532801,-0.6454941147943103,0.1751755793483168,0.3641854008850189,0.8750738102989182,0.7747548653498916
295,-0.7604987470959229,-0.4375475176805875,-0.9865392229511731,-0.945545899639108,1.3780684588743142,-0.6615887019336661,-0.6615887019336661,-0.9165378540363832,-1.114309128919093,0.5615405999256232,0.5924956550532801,-0.6454941147943103,0.1751755793483168,0.3641854008850189,0.8750738102989182,0.7747548653498916
296,-0.7604987470959229,0.4666697174108955,0.19204179117375647,0.5851709641105918,0.07091381394014236,-0.29682219825890366,-0.29682219825890366,-0.9165378540363832,0.7829227396344172,0.9135074424168484,-0.9404978759296772,-0.6454941147943103,-0.654638508506341,0.04822689283527712,-0.4521173960276434,-0.37743674051577614
297,-0.21001460136047317,1.0561984636189716,-0.9865392229511731,-0.945545899639108,1.7368764788689097,-0.958692667439409,-0.958692667439409,-0.9165378540363832,1.728748602686516,1.3125660953657583,1.1606887988541823,1.5179066795565528,-0.654638508506341,0.3641854008850189,0.7953705238721467,1.2089124502898498
298,-0.7604987470959229,0.08803781002540943,-0.9865392229511731,-0.945545899639108,-0.29304121533767247,-0.9686223083443002,-0.9686223083443002,-0.9165378540363832,-1.114309128919093,-0.022565530884068603,1.1606887988541823,-0.6454941147943103,-1.5643518791834434,-0.5405541877649584,0.0796712435204915,1.2089124502898498
299,-0.7604987470959229,0.08803781002540943,-0.9865392229511731,-0.945545899639108,-0.29304121533767247,-0.9686223083443002,-0.9686223083443002,-0.9165378540363832,-1.114309128919093,-0.022565530884068603,1.1606887988541823,-0.6454941147943103,-1.9847427263216457,-0.5405541877649584,0.0796712435204915,1.2089124502898498
300,-0.7604987470959229,0.08803781002540943,-0.9865392229511731,-0.945545899639108,-0.29304121533767247,-0.9686223083443002,-0.9686223083443002,-0.9165378540363832,-1.114309128919093,-0.022565530884068603,1.1606887988541823,-0.6454941147943103,-1.5643518791834434,-0.5405541877649584,0.0796712435204915,1.2089124502898498
301,-0.7604987470959229,0.08803781002540943,-0.9865392229511731,-0.945545899639108,-0.29304121533767247,-0.9686223083443002,-0.9686223083443002,-0.9165378540363832,-1.114309128919093,-0.022565530884068603,1.1606887988541823,-0.6454941147943103,-1.9847427263216457,-0.5405541877649584,0.0796712435204915,1.2089124502898498
302,-0.7604987470959229,0.08803781002540943,-0.9865392229511731,-0.945545899639108,-0.29304121533767247,-0.9686223083443002,-0.9686223083443002,-0.9165378540363832,-1.114309128919093,0.25114267521898975,1.1606887988541823,1.5179066795565528,-2.0146217457056457,-0.5405541877649584,0.0796712435204915,1.2089124502898498
303,-0.7604987470959229,0.08803781002540943,-0.9865392229511731,-0.945545899639108,-0.29304121533767247,-0.9686223083443002,-0.9686223083443002,-0.9165378540363832,-1.114309128919093,0.25114267521898975,1.1606887988541823,-0.6454941147943103,-2.0146217457056457,-0.5405541877649584,0.0796712435204915,1.2089124502898498
304,-0.21001460136047317,1.2200971307529465,0.19204179117375647,0.5851709641105918,0.938829290259177,-0.2166299899194963,-0.2166299899194963,-0.9165378540363832,0.8011337083333442,0.9135074424168484,-0.6050216370302139,-0.6454941147943103,1.1045061647768344,-0.25303872544833905,0.14316165984291415,1.426827882054289
305,-0.21001460136047317,-0.4375475176805875,-0.9865392229511731,-0.945545899639108,1.3780684588743142,-0.919456375852544,-0.919456375852544,0.288082507693974,0.8891081741052507,0.9135074424168484,0.2140217936248538,-0.6454941147943103,0.44993664453200366,0.6958635371584947,1.1142863579707105,1.2089124502898498
306,1.861271862702533,1.2200971307529465,1.687368729903335,-0.945545899639108,2.2813313129918247,1.6125262791827086,1.6125262791827086,1.3032340795220538,1.6103930290382937,0.495576647526377,0.8877744174851749,1.8711790521839684,1.1045061647768344,0.3641854008850189,0.9499995592904975,0.7747548653498916
307,-0.7604987470959229,-0.5284577564370213,0.34450260709082037,1.3509354058680254,-0.7051815926192075,-0.29373345309734517,-0.29373345309734517,-0.9165378540363832,0.6182694150868785,0.25114267521898975,-1.2895738969639234,-0.6454941147943103,-0.8085932727960953,0.3641854008850189,-0.289211339653068,-0.6620407782373688
308,-1.456720563882511,0.08803781002540943,-0.9865392229511731,-0.945545899639108,-0.7051815926192075,-0.6925933711926542,-0.6925933711926542,-0.9165378540363832,-1.114309128919093,-1.3163284133313318,-0.34189744734721733,-0.6454941147943103,-0.654638508506341,-0.25303872544833905,0.26724999084370554,0.7747548653498916
309,0.2338899484005066,1.0561984636189716,-0.9865392229511731,-0.945545899639108,-0.29304121533767247,-1.1254275689604587,-1.1254275689604587,0.6491505349930052,1.113402172959977,1.3125660953657583,0.5006711238222337,1.5179066795565528,1.1045061647768344,0.04822689283527712,0.2224832222679045,0.3900459660047676
310,0.2338899484005066,1.2200971307529465,-0.9865392229511731,-0.945545899639108,0.07091381394014236,-1.1275358780949878,-1.1275358780949878,0.9221053289175869,0.8891081741052507,1.3125660953657583,0.653880429141277,-0.6454941147943103,1.1045061647768344,-0.25303872544833905,0.005304736279704999,0.3900459660047676
311,-0.7604987470959229,1.0561984636189716,-0.9865392229511731,-0.945545899639108,2.0335005140801012,-0.6678185561852863,-0.6678185561852863,0.288082507693974,1.036117892409067,1.3125660953657583,0.8593792780924654,1.5179066795565528,-0.06957929886794066,0.3641854008850189,0.9885582027045438,0.7747548653498916
312,-0.21001460136047317,1.2200971307529465,-0.9865392229511731,-0.945545899639108,0.938829290259177,-0.6667703626252677,-0.6667703626252677,0.288082507693974,0.23961311948371355,0.5615405999256232,0.5197837463875493,-0.6454941147943103,0.44993664453200366,-0.5405541877649584,-0.02739555284482056,0.7747548653498916
313,0.2338899484005066,-0.4375475176805875,-0.9865392229511731,-0.945545899639108,0.07091381394014236,-0.3469720335403367,-0.3469720335403367,-0.9165378540363832,0.6061215823879756,-0.022565530884068603,-1.2054236417010338,-0.6454941147943103,-0.48173879335711606,1.7969455603832172,1.7131292626317565,1.2089124502898498
314,-0.7604987470959229,0.8991226867550993,-0.9865392229511731,-0.945545899639108,-0.29304121533767247,-0.39327505306870747,-0.39327505306870747,1.3032340795220538,-1.114309128919093,-0.4766498505870418,0.1393313910006432,-0.6454941147943103,0.44993664453200366,-0.8151863987923668,-0.579142804905648,0.047430141657762354
315,-0.7604987470959229,0.8991226867550993,-0.9865392229511731,-0.945545899639108,-0.29304121533767247,-0.39327505306870747,-0.39327505306870747,1.3032340795220538,-1.114309128919093,-0.4766498505870418,0.1393313910006432,-0.6454941147943103,0.44993664453200366,-0.8151863987923668,-0.579142804905648,0.047430141657762354
316,-0.7604987470959229,0.33474666248612994,0.19204179117375647,0.5851709641105918,-0.29304121533767247,-0.14074173162099887,-0.14074173162099887,-0.9165378540363832,-0.4666787147529912,-0.4766498505870418,-0.5319031472562796,-0.6454941147943103,-0.06957929886794066,-0.5405541877649584,-0.5020208696018896,-0.45160042249192556
317,-0.21001460136047317,0.08803781002540943,-0.9865392229511731,-0.945545899639108,-0.7051815926192075,-0.6673045947606066,-0.6673045947606066,-0.9165378540363832,0.009855985243360402,0.5615405999256232,0.30468767095840443,-0.6454941147943103,0.44993664453200366,-0.5405541877649584,-0.001008611045426093,0.7747548653498916
318,0.2338899484005066,-0.4375475176805875,-0.9865392229511731,-0.945545899639108,0.07091381394014236,-0.9811761015916785,-0.9811761015916785,0.9221053289175869,-1.114309128919093,0.9135074424168484,0.628241560890669,-0.6454941147943103,-0.06957929886794066,0.04822689283527712,0.6231113411430631,1.2089124502898498
319,1.861271862702533,1.0561984636189716,1.687368729903335,-0.945545899639108,0.07091381394014236,1.5608617314585385,1.5608617314585385,1.3032340795220538,1.4920525242784968,0.495576647526377,0.01932580202497539,1.9075190326351925,1.1045061647768344,1.7969455603832172,1.1084530405344786,0.7747548653498916
320,0.2338899484005066,0.33474666248612994,-0.9865392229511731,-0.945545899639108,1.566250501156851,-0.674693170836054,-0.674693170836054,-0.9165378540363832,0.7072869971505277,0.5615405999256232,0.09941162904361088,-0.6454941147943103,0.7583512194410399,0.3641854008850189,1.1088805562855766,0.7747548653498916
321,-0.7604987470959229,-0.0271333074951761,-0.9865392229511731,-0.945545899639108,-0.29304121533767247,0.9938707815410476,0.9938707815410476,-0.9165378540363832,0.45453248578127714,0.25114267521898975,-1.5030797343148732,-0.6454941147943103,-0.06957929886794066,1.4739074311285005,1.8346566923546153,0.7747548653498916
322,1.861271862702533,1.2200971307529465,1.687368729903335,-0.945545899639108,1.1698872748098534,1.5929409275150717,1.5929409275150717,1.3032340795220538,1.43836554377447,0.495576647526377,0.22754609345300195,1.8905380991811391,1.1045061647768344,0.3641854008850189,1.172988256418447,1.5617628990690182
323,-0.7604987470959229,-0.4375475176805875,-0.9865392229511731,-0.945545899639108,1.3780684588743142,-0.6989230193216848,-0.6989230193216848,-0.9165378540363832,0.6715675433392075,-0.4766498505870418,-0.39737686884639983,-0.6454941147943103,0.1751755793483168,0.04822689283527712,0.7298890443595367,0.7747548653498916
324,1.5587347774811766,1.0561984636189716,1.687368729903335,-0.945545899639108,0.6814869513301007,1.623664971097343,1.623664971097343,1.3032340795220538,1.7287486026866636,0.495576647526377,1.1606887988541823,1.8711790521839684,1.1045061647768344,1.4109622367796824,2.041262217847478,1.701553710408074
325,-0.21001460136047317,0.8991226867550993,-0.9865392229511731,-0.945545899639108,0.6814869513301007,-1.0477967314704315,-1.0477967314704315,-0.9165378540363832,-0.3962169691075147,-0.022565530884068603,-0.4428277865919144,-0.6454941147943103,-0.654638508506341,1.0443812709909557,1.0670593182206491,0.3900459660047676
326,-0.7604987470959229,1.2200971307529465,-0.9865392229511731,-0.945545899639108,-0.7051815926192075,-0.9691312839595493,-0.9691312839595493,-0.4957510145754818,0.8891081741052507,0.9135074424168484,0.6615719575226899,-0.6454941147943103,-1.7088992099739364,-0.5405541877649584,0.13140965182468253,1.2089124502898498
327,0.2338899484005066,0.33474666248612994,0.19204179117375647,0.5851709641105918,-0.29304121533767247,-0.1477588804684787,-0.1477588804684787,-0.9165378540363832,0.2200379759220908,0.9135074424168484,-0.4319996022016102,-0.6454941147943103,0.44993664453200366,-0.5405541877649584,-0.2572855299944662,0.6008280604734973
328,-0.21001460136047317,0.604569759419659,-0.9865392229511731,-0.945545899639108,0.6814869513301007,1.0091277896848692,1.0091277896848692,0.288082507693974,0.8853497220650245,0.9135074424168484,-1.4815896536959907,1.5179066795565528,-0.06957929886794066,-0.8151863987923668,1.5989406733655827,1.2089124502898498
329,1.7202505324116648,1.2200971307529465,1.687368729903335,-0.945545899639108,1.7368764788689097,1.6438570790412246,1.6438570790412246,1.3032340795220538,1.2307457456039745,0.495576647526377,0.6679260214103391,1.9075190326351925,1.1045061647768344,0.04822689283527712,0.6867135516483087,1.2089124502898498
330,-0.21001460136047317,0.8991226867550993,-0.9865392229511731,-0.945545899639108,0.6814869513301007,-1.048871892580853,-1.048871892580853,-0.9165378540363832,-0.4666787147529912,-0.022565530884068603,-0.6028998314609447,-0.6454941147943103,-0.06957929886794066,1.0443812709909557,1.106454641404375,0.3976083529167095
331,-0.7604987470959229,0.33474666248612994,-0.9865392229511731,-0.945545899639108,1.566250501156851,-0.8697231449545489,-0.8697231449545489,-0.9165378540363832,0.03631930684263137,0.25114267521898975,-0.5033257630754397,-0.6454941147943103,0.1751755793483168,1.0443812709909557,1.7709509635820764,1.2965231911480513
332,-0.21001460136047317,1.0561984636189716,-0.9865392229511731,-0.945545899639108,1.3780684588743142,-1.0900749999486081,-1.0900749999486081,-0.9165378540363832,1.728748602686616,1.3125660953657583,1.1606887988541823,1.5179066795565528,0.44993664453200366,0.6958635371584947,0.8367469671871881,0.3900459660047676
333,1.7202505324116648,1.0561984636189716,1.687368729903335,-0.945545899639108,1.3780684588743142,1.6530255411251933,1.6530255411251933,1.3032340795220538,1.7287486026866903,0.495576647526377,1.1606887988541823,1.8711790521839684,1.1045061647768344,0.6958635371584947,0.8367469671871881,0.3900459660047676
334,1.7202505324116648,1.2200971307529465,1.687368729903335,-0.945545899639108,-0.29304121533767247,1.6012208205034344,1.6012208205034344,1.3032340795220538,1.542581782884237,0.495576647526377,0.5655865474472654,1.8711790521839684,1.1045061647768344,1.0443812709909557,1.2191170474788229,0.7747548653498916
335,-1.456720563882511,-0.9881807114599809,-0.9865392229511731,-0.945545899639108,-0.7051815926192075,-1.1194113108839183,-1.1194113108839183,-0.9165378540363832,-1.114309128919093,-1.817461013747113,0.13348790148519862,-0.6454941147943103,-1.6662388432809894,-0.5405541877649584,-0.17464784291927363,0.3900459660047676
336,1.372343153660353,1.0561984636189716,1.687368729903335,-0.945545899639108,0.07091381394014236,1.6561261903547895,1.6561261903547895,1.3032340795220538,1.7287486026866428,0.495576647526377,1.1606887988541823,1.4684131204508903,1.1045061647768344,-0.25303872544833905,0.06112414221069988,0.3900459660047676
337,-1.456720563882511,0.8991226867550993,-0.9865392229511731,-0.945545899639108,1.3780684588743142,-0.6985313697603579,-0.6985313697603579,-0.9165378540363832,-0.04648373376074757,-1.2166732107111191,-0.48668796781429063,-0.6454941147943103,-1.0676922217778944,-0.25303872544833905,0.4211368665545462,0.7747548653498916
338,-0.7604987470959229,-0.615025344933292,-0.9865392229511731,-0.945545899639108,-0.7051815926192075,-0.5760898050130536,-0.5760898050130536,0.6491505349930052,1.406706039720688,1.3125660953657583,0.49458164609471833,1.5179066795565528,-0.654638508506341,1.0443812709909557,1.142295409075112,0.7747548653498916
339,1.7202505324116648,-0.4375475176805875,1.687368729903335,-0.945545899639108,-0.29304121533767247,1.6065469665691139,1.6065469665691139,1.3032340795220538,-1.114309128919093,0.495576647526377,1.1606887988541823,1.8711790521839684,1.1045061647768344,-0.8151863987923668,-0.24951436457946818,0.7747548653498916
340,-0.7604987470959229,-0.4375475176805875,-0.9865392229511731,-0.945545899639108,1.3780684588743142,-0.5065964951084804,-0.5065964951084804,-0.9165378540363832,0.6116833702607062,-0.4766498505870418,-0.6393254640867632,-0.6454941147943103,0.7583512194410399,-0.25303872544833905,0.33580913073270807,0.047430141657762354
341,-0.7604987470959229,-0.4375475176805875,-0.9865392229511731,-0.945545899639108,1.3780684588743142,-0.9845013282793176,-0.9845013282793176,1.3032340795220538,1.2392383123192088,1.3125660953657583,0.6201485277898751,1.5179066795565528,0.1751755793483168,0.04822689283527712,0.752617947109629,1.2089124502898498
342,1.1554195516530723,-0.9210077600278258,-0.9865392229511731,-0.945545899639108,-1.1742168175250518,1.1579950809187516,1.1579950809187516,1.3032340795220538,1.0377996176392934,1.3125660953657583,-1.9508664992041096,1.5179066795565528,1.1045061647768344,-0.8151863987923668,-0.7682023601154486,-1.284399306652265
343,-0.21001460136047317,-0.13709819695737172,-0.9865392229511731,-0.945545899639108,0.3938023539261248,-0.6567473121571505,-0.6567473121571505,0.6491505349930052,0.8828907161921254,0.9135074424168484,-0.7233906719005463,-0.6454941147943103,-0.06957929886794066,0.6958635371584947,1.2642504400679695,0.7747548653498916
344,-0.21001460136047317,-0.4375475176805875,-0.9865392229511731,-0.945545899639108,-0.29304121533767247,-0.6126096175866657,-0.6126096175866657,-0.9165378540363832,-1.114309128919093,0.9135074424168484,1.1606887988541823,-0.6454941147943103,-0.06957929886794066,-0.8151863987923668,-0.24951436457946818,0.7747548653498916
345,-0.21001460136047317,-0.4375475176805875,-0.9865392229511731,-0.945545899639108,-0.29304121533767247,-0.6126096175866657,-0.6126096175866657,-0.9165378540363832,-1.114309128919093,0.9135074424168484,1.1606887988541823,-0.6454941147943103,-0.654638508506341,-0.8151863987923668,-0.24951436457946818,0.7747548653498916
346,-0.21001460136047317,-0.4375475176805875,-0.9865392229511731,-0.945545899639108,-0.29304121533767247,-0.6126096175866657,-0.6126096175866657,-0.9165378540363832,-1.114309128919093,0.9135074424168484,1.1606887988541823,-0.6454941147943103,-0.654638508506341,-0.8151863987923668,-0.24951436457946818,0.7747548653498916
347,-0.21001460136047317,-0.4375475176805875,-0.9865392229511731,-0.945545899639108,-0.29304121533767247,-0.6126096175866657,-0.6126096175866657,-0.9165378540363832,-1.114309128919093,0.9135074424168484,1.1606887988541823,-0.6454941147943103,-0.654638508506341,-0.8151863987923668,-0.24951436457946818,0.7747548653498916
348,-0.21001460136047317,-0.4375475176805875,-0.9865392229511731,-0.945545899639108,-0.29304121533767247,-0.6126096175866657,-0.6126096175866657,-0.9165378540363832,-1.114309128919093,0.9135074424168484,1.1606887988541823,-0.6454941147943103,-0.06957929886794066,-0.8151863987923668,-0.24951436457946818,0.7747548653498916
349,-0.21001460136047317,-0.4375475176805875,-0.9865392229511731,-0.945545899639108,-0.29304121533767247,-0.6126096175866657,-0.6126096175866657,-0.9165378540363832,-1.114309128919093,0.9135074424168484,1.1606887988541823,-0.6454941147943103,1.1045061647768344,-0.8151863987923668,-0.24951436457946818,0.7747548653498916
350,-0.21001460136047317,-0.4375475176805875,-0.9865392229511731,-0.945545899639108,-0.29304121533767247,-0.6126096175866657,-0.6126096175866657,-0.9165378540363832,-1.114309128919093,1.3125660953657583,1.1606887988541823,1.8530607653250124,-1.0676922217778944,-0.8151863987923668,-0.24951436457946818,0.7747548653498916
351,-0.21001460136047317,-0.4375475176805875,-0.9865392229511731,-0.945545899639108,-0.29304121533767247,-0.6126096175866657,-0.6126096175866657,-0.9165378540363832,-1.114309128919093,0.9135074424168484,1.1606887988541823,-0.6454941147943103,-0.654638508506341,-0.8151863987923668,-0.24951436457946818,0.7747548653498916
352,-0.7604987470959229,0.08803781002540943,-0.9865392229511731,-0.945545899639108,-0.7051815926192075,-0.6702047558811759,-0.6702047558811759,0.288082507693974,-1.114309128919093,0.5615405999256232,0.23257310812911633,-0.6454941147943103,-0.8085932727960953,-0.5405541877649584,0.10895977649401668,0.7747548653498916
353,-0.7604987470959229,0.33474666248612994,-0.9865392229511731,-0.945545899639108,1.566250501156851,-0.6990219265901222,-0.6990219265901222,0.6491505349930052,0.9358837251787436,1.3125660953657583,0.1550157925069809,1.5179066795565528,-0.8085932727960953,0.3641854008850189,1.5176457719922807,1.701553710408074
354,-0.7604987470959229,0.08803781002540943,-0.9865392229511731,-0.945545899639108,-0.7051815926192075,-0.6702047558811759,-0.6702047558811759,-0.9165378540363832,-1.114309128919093,0.5615405999256232,0.23257310812911633,1.5179066795565528,-0.8085932727960953,-0.5405541877649584,0.10895977649401668,0.7747548653498916
355,-0.7604987470959229,-1.906091809827755,-0.9865392229511731,-0.945545899639108,-1.710889195583504,-1.1275934717844651,-1.1275934717844651,1.3032340795220538,-1.114309128919093,0.9135074424168484,0.4886740297136716,-0.6454941147943103,0.44993664453200366,0.04822689283527712,0.37619009697840866,0.3900459660047676
356,0.2338899484005066,0.33474666248612994,0.19204179117375647,0.5851709641105918,-0.29304121533767247,-0.17192369962295012,-0.17192369962295012,-0.9165378540363832,-0.003701293614351909,0.25114267521898975,-0.8097163714047689,-0.6454941147943103,0.7583512194410399,-0.5405541877649584,-0.0729400707620056,0.6008280604734973
357,-0.21001460136047317,1.2200971307529465,-0.9865392229511731,-0.945545899639108,1.3780684588743142,-1.0944904872139498,-1.0944904872139498,0.288082507693974,1.0184961315845724,1.3125660953657583,0.13081724568871406,-0.6454941147943103,-0.2875827211018677,0.6958635371584947,1.0294621844423193,0.49760523456718553
358,-0.7604987470959229,-0.4375475176805875,-0.9865392229511731,-0.945545899639108,0.07091381394014236,-0.9867208688515152,-0.9867208688515152,-0.9165378540363832,-1.114309128919093,-0.9751814105633334,-0.16177565126622825,-0.6454941147943103,-1.0676922217778944,-0.25303872544833905,0.5183890786061527,1.2089124502898498
359,-1.456720563882511,-0.4375475176805875,-0.9865392229511731,-0.945545899639108,0.07091381394014236,-0.4676121108430984,-0.4676121108430984,-0.9165378540363832,-0.03762653991311429,-1.4814403220631753,-0.7599409810424612,-0.6454941147943103,-0.06957929886794066,-0.5405541877649584,-0.029083372616992027,0.047430141657762354
360,-0.7604987470959229,-0.9210077600278258,-0.9865392229511731,-0.945545899639108,-1.1742168175250518,0.15342221357574223,0.15342221357574223,0.288082507693974,0.8619561399380455,0.9135074424168484,-1.577368737079716,1.5179066795565528,0.44993664453200366,1.9043656533765239,1.6364343447500573,0.11565163380310646
361,-0.21001460136047317,1.2200971307529465,-0.9865392229511731,-0.945545899639108,1.1698872748098534,-0.947857319205301,-0.947857319205301,-0.9165378540363832,0.2783393046010891,-0.263894076426943,-0.7912539923101717,-0.6454941147943103,-0.2875827211018677,0.6958635371584947,1.7482256604476378,1.5617628990690182
362,-0.7604987470959229,-0.4375475176805875,-0.9865392229511731,-0.945545899639108,0.07091381394014236,-0.6731759538081074,-0.6731759538081074,-0.9165378540363832,-0.3941428542309261,-0.82949830812477,-0.3123400875991592,-0.6454941147943103,-0.8085932727960953,-0.5405541877649584,0.1963960346619907,0.7747548653498916
363,-0.7604987470959229,0.7486510699775748,0.19204179117375647,0.5851709641105918,0.07091381394014236,-0.33807148675647075,-0.33807148675647075,0.6491505349930052,0.964995159374794,1.3125660953657583,-0.5703593363088912,-0.6454941147943103,-0.9456648674507478,-0.25303872544833905,-0.40330977342727836,-0.45160042249192556
364,-0.21001460136047317,-0.9210077600278258,-0.9865392229511731,-0.945545899639108,-1.1742168175250518,-0.9453281921151314,-0.9453281921151314,-0.9165378540363832,0.4645453409210832,-0.022565530884068603,-1.6602770446351482,-0.6454941147943103,-0.06957929886794066,1.9043656533765239,1.4447656839599798,0.8175323653425602
365,-0.7604987470959229,-0.615025344933292,-0.9865392229511731,-0.945545899639108,-0.7051815926192075,-0.7106318491027059,-0.7106318491027059,-0.9165378540363832,0.5789755663659967,-0.9751814105633334,-1.3617723804876223,-0.6454941147943103,-1.2729966464105025,0.6958635371584947,0.7786742585322027,0.7747548653498916
366,1.372343153660353,1.2200971307529465,1.687368729903335,-0.945545899639108,0.3938023539261248,1.6428327275228676,1.6428327275228676,1.3032340795220538,1.1167677013421473,0.495576647526377,0.3102504353685175,1.8711790521839684,1.1045061647768344,-0.5405541877649584,0.2683386958982123,1.2089124502898498
367,-0.7604987470959229,-0.9210077600278258,-0.9865392229511731,-0.945545899639108,-1.1742168175250518,-0.8225909286197354,-0.8225909286197354,-0.9165378540363832,0.46329496545865406,0.25114267521898975,-1.792324004441374,-0.6454941147943103,0.1751755793483168,0.6828027825536401,1.5520371983365324,0.8175323653425602
368,-1.456720563882511,1.0561984636189716,-0.9865392229511731,-0.945545899639108,1.7368764788689097,-0.993175605168595,-0.993175605168595,-0.9165378540363832,-0.1038084144129899,-1.1035586758792555,-0.6353309958559632,-0.6454941147943103,0.44993664453200366,0.04822689283527712,1.041944706445975,1.2089124502898498
369,-1.456720563882511,-0.4375475176805875,-0.9865392229511731,-0.945545899639108,0.07091381394014236,-0.6755322679979875,-0.6755322679979875,-0.9165378540363832,-0.5231624407850886,-1.5495409963128985,-0.6085634754057219,-0.6454941147943103,-0.9456648674507478,-0.5405541877649584,0.2572341294952268,0.7747548653498916
370,1.861271862702533,1.2200971307529465,1.687368729903335,-0.945545899639108,1.1698872748098534,1.6555883878224336,1.6555883878224336,1.3032340795220538,1.2898730445890558,0.495576647526377,0.22489392483396123,1.7750881769708484,1.1045061647768344,0.3641854008850189,0.9164912061207675,0.49760523456718553
371,1.861271862702533,1.2200971307529465,1.5495249311709434,0.5851709641105918,0.07091381394014236,1.551601852325854,1.551601852325854,1.3032340795220538,1.6567401545725986,0.495576647526377,0.875348141060247,1.8711790521839684,1.1045061647768344,-0.5405541877649584,0.27569961775005014,1.5617628990690182
372,-1.456720563882511,-0.4375475176805875,-0.9865392229511731,-0.945545899639108,1.3780684588743142,-0.9909231326385628,-0.9909231326385628,-0.9165378540363832,0.03631930684263137,-1.2166732107111191,-0.34736669661553143,-0.6454941147943103,-0.8085932727960953,-0.25303872544833905,0.6813119966754546,1.2089124502898498
373,-0.7604987470959229,1.0561984636189716,0.19204179117375647,0.5851709641105918,0.07091381394014236,-0.21317152393024452,-0.21317152393024452,0.061328109153576414,1.5457347531871855,1.3125660953657583,0.8441632053964898,1.5179066795565528,-0.2875827211018677,-0.5405541877649584,0.22882058897274202,1.426827882054289
374,-1.456720563882511,-0.615025344933292,-0.9865392229511731,-0.945545899639108,-0.7051815926192075,-0.6017209657255616,-0.6017209657255616,-0.9165378540363832,0.2296534022647565,-1.5495409963128985,-1.6133196514276293,-0.6454941147943103,-1.359040129735064,0.04822689283527712,0.47607560542809735,0.047430141657762354
375,-0.21001460136047317,1.0561984636189716,-0.9865392229511731,-0.945545899639108,1.7368764788689097,-0.9957484834062874,-0.9957484834062874,-0.9165378540363832,0.07833415425055122,0.25114267521898975,-0.34103746954845204,-0.6454941147943103,0.1751755793483168,0.04822689283527712,1.1214685819661305,1.2089124502898498
376,1.7202505324116648,1.2200971307529465,1.687368729903335,-0.945545899639108,1.892030865270692,1.618410777840017,1.618410777840017,1.3032340795220538,1.233609055093915,0.495576647526377,0.4204716480199712,1.9014087582570176,1.1045061647768344,-0.25303872544833905,0.8529472914200962,0.7747548653498916
377,-0.7604987470959229,0.33474666248612994,-0.9865392229511731,-0.945545899639108,1.566250501156851,-0.9885678183139132,-0.9885678183139132,-0.9165378540363832,0.4541802823150316,0.25114267521898975,-0.5681800549584024,-0.6454941147943103,-0.2875827211018677,0.3641854008850189,1.6828166114027372,1.701553710408074
378,-1.456720563882511,-0.615025344933292,-0.9865392229511731,-0.945545899639108,-0.7051815926192075,-0.936309214113157,-0.936309214113157,-0.9165378540363832,-1.114309128919093,-1.84536178779663,0.27110015133359405,-0.6454941147943103,-1.9765639827145451,-0.8151863987923668,-0.017232263186887715,1.2089124502898498
379,-1.456720563882511,-0.615025344933292,-0.9865392229511731,-0.945545899639108,-0.7051815926192075,-0.936309214113157,-0.936309214113157,-0.9165378540363832,-1.114309128919093,-1.84536178779663,0.27110015133359405,-0.6454941147943103,-1.9765639827145451,-0.8151863987923668,-0.017232263186887715,1.2089124502898498
380,-1.456720563882511,-0.615025344933292,-0.9865392229511731,-0.945545899639108,-0.7051815926192075,-0.936309214113157,-0.936309214113157,-0.9165378540363832,-1.114309128919093,-1.84536178779663,0.27110015133359405,-0.6454941147943103,-1.9765639827145451,-0.8151863987923668,-0.017232263186887715,1.2089124502898498
381,-1.456720563882511,-0.615025344933292,-0.9865392229511731,-0.945545899639108,-0.7051815926192075,-0.936309214113157,-0.936309214113157,-0.9165378540363832,-1.114309128919093,-1.84536178779663,0.27110015133359405,-0.6454941147943103,-1.9765639827145451,-0.8151863987923668,-0.017232263186887715,1.2089124502898498
382,-1.456720563882511,-0.615025344933292,-0.9865392229511731,-0.945545899639108,-0.7051815926192075,-0.936309214113157,-0.936309214113157,-0.9165378540363832,-1.114309128919093,-1.84536178779663,0.27110015133359405,-0.6454941147943103,-1.9765639827145451,-0.8151863987923668,-0.017232263186887715,1.2089124502898498
383,-1.456720563882511,-0.615025344933292,-0.9865392229511731,-0.945545899639108,-0.7051815926192075,-0.936309214113157,-0.936309214113157,-0.9165378540363832,-1.114309128919093,-1.84536178779663,0.27110015133359405,-0.6454941147943103,-1.9765639827145451,-0.8151863987923668,-0.017232263186887715,1.2089124502898498
384,-1.456720563882511,-0.615025344933292,-0.9865392229511731,-0.945545899639108,-0.7051815926192075,-0.936309214113157,-0.936309214113157,-0.9165378540363832,-1.114309128919093,-1.84536178779663,0.27110015133359405,-0.6454941147943103,-1.9765639827145451,-0.8151863987923668,-0.017232263186887715,1.2089124502898498
385,-1.456720563882511,-0.615025344933292,-0.9865392229511731,-0.945545899639108,-0.7051815926192075,-0.936309214113157,-0.936309214113157,-0.9165378540363832,-1.114309128919093,-1.84536178779663,0.27110015133359405,-0.6454941147943103,-1.9765639827145451,-0.8151863987923668,-0.017232263186887715,1.2089124502898498
386,-0.7604987470959229,-0.615025344933292,-0.9865392229511731,-0.945545899639108,-0.7051815926192075,-0.9371270440956205,-0.9371270440956205,-0.9165378540363832,-0.6429809386544371,-0.9751814105633334,-1.2745296638411718,-0.6454941147943103,-1.1763153347159387,1.0443812709909557,1.0248099256927499,1.2089124502898498
387,-1.456720563882511,-0.615025344933292,-0.9865392229511731,-0.945545899639108,-0.7051815926192075,-0.936309214113157,-0.936309214113157,-0.9165378540363832,-1.114309128919093,-1.84536178779663,0.27110015133359405,-0.6454941147943103,-1.9765639827145451,-0.8151863987923668,-0.017232263186887715,1.2089124502898498
388,-1.456720563882511,-0.615025344933292,-0.9865392229511731,-0.945545899639108,-0.7051815926192075,-0.936309214113157,-0.936309214113157,-0.9165378540363832,-1.114309128919093,-1.84536178779663,0.27110015133359405,-0.6454941147943103,-1.9765639827145451,-0.8151863987923668,-0.017232263186887715,1.2089124502898498
389,-0.21001460136047317,-0.13709819695737172,-0.9865392229511731,-0.945545899639108,0.3938023539261248,-0.5588678677572245,-0.5588678677572245,-0.9165378540363832,0.3403314378015567,-0.022565530884068603,-0.7673511392623878,-0.6454941147943103,-1.0676922217778944,-0.25303872544833905,0.9096864858851694,1.426827882054289
390,-0.7604987470959229,-0.615025344933292,-0.9865392229511731,-0.945545899639108,-0.7051815926192075,-0.9402840959829194,-0.9402840959829194,-0.9165378540363832,-0.6744180970751106,-0.9751814105633334,-1.3713452420721726,-0.6454941147943103,-1.1763153347159387,1.0443812709909557,0.9924525870942086,1.2089124502898498
391,-1.456720563882511,-0.13709819695737172,-0.9865392229511731,-0.945545899639108,0.3938023539261248,-0.7613439793149092,-0.7613439793149092,-0.9165378540363832,-0.6962880692842899,-1.4814403220631753,-1.3091546509123777,-0.6454941147943103,-1.4356083433029425,0.04822689283527712,1.0409807592412266,0.7747548653498916
392,-1.456720563882511,-0.13709819695737172,-0.9865392229511731,-0.945545899639108,0.3938023539261248,-0.7646913108614971,-0.7646913108614971,-0.9165378540363832,-0.7212070426084906,-1.5495409963128985,-1.3927573120523833,-0.6454941147943103,-1.4356083433029425,0.04822689283527712,0.9993604847091756,0.7747548653498916
393,-0.7604987470959229,1.0561984636189716,0.19204179117375647,0.5851709641105918,0.07091381394014236,-0.24555252406751032,-0.24555252406751032,-0.9165378540363832,0.807009023242966,0.9135074424168484,-0.7029009399424756,-0.6454941147943103,0.44993664453200366,-0.5405541877649584,-0.0729400707620056,0.6008280604734973
394,-0.7604987470959229,-0.13709819695737172,-0.9865392229511731,-0.945545899639108,0.3938023539261248,-0.7715425602075368,-0.7715425602075368,-0.9165378540363832,-0.3513347142449077,-0.9751814105633334,-1.2604337649968764,-0.6454941147943103,-1.5037376621087732,0.04822689283527712,0.9185782248349044,0.7747548653498916
395,-0.7604987470959229,-1.906091809827755,-0.9865392229511731,-0.945545899639108,-1.710889195583504,-1.13536911435035,-1.13536911435035,0.061328109153576414,0.6233910976798184,0.9135074424168484,0.15954674124336035,1.5179066795565528,-1.1763153347159387,0.04822689283527712,0.8074998465546555,0.49760523456718553
396,-0.21001460136047317,-0.0271333074951761,-0.9865392229511731,-0.945545899639108,-0.29304121533767247,-0.8842470911398209,-0.8842470911398209,1.3032340795220538,0.9622231106718662,1.3125660953657583,-1.5973519879751086,-0.6454941147943103,0.44993664453200366,0.37430682053289,0.603784962398814,0.3900459660047676
397,1.861271862702533,1.0561984636189716,1.687368729903335,-0.945545899639108,0.3938023539261248,1.668584706672482,1.668584706672482,1.3032340795220538,1.7287486026866254,0.495576647526377,1.1606887988541823,1.836668929052513,1.1045061647768344,-0.5405541877649584,-0.6412519411813079,-0.9768459539623865
398,-0.7604987470959229,1.0561984636189716,-0.9865392229511731,-0.945545899639108,-0.7051815926192075,-1.2920470294678403,-1.2920470294678403,-0.9165378540363832,1.7287486026866254,1.3125660953657583,1.1606887988541823,1.5179066795565528,-0.654638508506341,-0.25303872544833905,-0.39721550257677724,-0.6620407782373688
399,-0.21001460136047317,-0.0271333074951761,-0.9865392229511731,-0.945545899639108,-0.29304121533767247,-1.0515636466081713,-1.0515636466081713,-0.9165378540363832,0.4840517195945833,-0.4766498505870418,-1.5245571979782797,-0.6454941147943103,-0.654638508506341,1.4109622367796824,0.7064018857876576,0.3900459660047676
400,1.861271862702533,1.0561984636189716,1.687368729903335,-0.945545899639108,-0.7051815926192075,1.668694614401655,1.668694614401655,1.3032340795220538,1.7287486026866903,0.495576647526377,1.1606887988541823,1.9075190326351925,1.1045061647768344,-0.25303872544833905,-0.39721550257677724,-0.6620407782373688
401,-0.7604987470959229,-0.9881807114599809,-0.9865392229511731,-0.945545899639108,-0.7051815926192075,-1.2188884642438027,-1.2188884642438027,-0.9165378540363832,0.6217241137279921,-0.4766498505870418,-0.1097856131802179,-0.6454941147943103,0.44993664453200366,-0.5405541877649584,-0.24716760944834362,-0.25912854939443686
402,-1.456720563882511,-0.9210077600278258,-0.9865392229511731,-0.945545899639108,-1.1742168175250518,-1.309022212192486,-1.309022212192486,-0.9165378540363832,0.4577464540679985,-1.2166732107111191,-1.2440066375159793,-0.6454941147943103,-0.2875827211018677,0.3641854008850189,-0.15663616951151982,-0.1417542307702846
403,-0.7604987470959229,-0.9210077600278258,-0.9865392229511731,-0.945545899639108,-1.1742168175250518,-1.3004849083296894,-1.3004849083296894,-0.9165378540363832,0.5115537411539316,-0.4766498505870418,-1.4106968616893323,-0.6454941147943103,0.7583512194410399,0.6828027825536401,0.7006968188506605,1.170636269116137
404,-1.456720563882511,-1.906091809827755,-0.9865392229511731,-0.945545899639108,-1.710889195583504,-1.1342932371121202,-1.1342932371121202,-0.9165378540363832,-0.4398463950761777,-1.2166732107111191,-0.4405308142800313,-0.6454941147943103,-1.7088992099739364,-0.25303872544833905,0.47509074107224164,0.3900459660047676
405,-1.456720563882511,-0.615025344933292,-0.9865392229511731,-0.945545899639108,-0.7051815926192075,-1.0169128545272985,-1.0169128545272985,-0.9165378540363832,0.027491633853002465,-1.3163284133313318,-1.3591024156926121,-0.6454941147943103,-1.5037376621087732,0.3641854008850189,1.0748892029213877,1.2089124502898498
406,-0.7604987470959229,0.33474666248612994,-0.9865392229511731,-0.945545899639108,1.566250501156851,-1.002406741811897,-1.002406741811897,0.6491505349930052,0.6936899847762336,0.9135074424168484,-0.03636592423507052,-0.6454941147943103,-1.1763153347159387,-0.25303872544833905,1.056266156699049,1.2089124502898498
407,-1.456720563882511,-0.9881807114599809,-0.9865392229511731,-0.945545899639108,-0.7051815926192075,-1.0998878170354855,-1.0998878170354855,-0.9165378540363832,-1.114309128919093,-2.0229197628756066,-0.4674256024721436,-0.6454941147943103,-1.6662388432809894,-0.8151863987923668,-0.270895899905302,0.3900459660047676
408,-1.456720563882511,-0.9881807114599809,-0.9865392229511731,-0.945545899639108,-0.7051815926192075,-1.0998878170354855,-1.0998878170354855,-0.9165378540363832,-1.114309128919093,-2.0229197628756066,-0.4674256024721436,-0.6454941147943103,-1.6662388432809894,-0.8151863987923668,-0.270895899905302,0.3900459660047676
409,-1.456720563882511,-0.9881807114599809,-0.9865392229511731,-0.945545899639108,-0.7051815926192075,-1.0998878170354855,-1.0998878170354855,-0.9165378540363832,-1.114309128919093,-2.0229197628756066,-0.4674256024721436,-0.6454941147943103,-1.6662388432809894,-0.8151863987923668,-0.270895899905302,0.3900459660047676
410,-1.456720563882511,-0.9881807114599809,-0.9865392229511731,-0.945545899639108,-0.7051815926192075,-1.0998878170354855,-1.0998878170354855,-0.9165378540363832,-1.114309128919093,-2.0229197628756066,-0.4674256024721436,-0.6454941147943103,-1.6662388432809894,-0.8151863987923668,-0.270895899905302,0.3900459660047676
411,-1.456720563882511,-0.9881807114599809,-0.9865392229511731,-0.945545899639108,-0.7051815926192075,-1.0998878170354855,-1.0998878170354855,-0.9165378540363832,-1.114309128919093,-2.0229197628756066,-0.4674256024721436,-0.6454941147943103,-1.6662388432809894,-0.8151863987923668,-0.270895899905302,0.3900459660047676
412,-1.456720563882511,-0.9881807114599809,-0.9865392229511731,-0.945545899639108,-0.7051815926192075,-1.0998878170354855,-1.0998878170354855,-0.9165378540363832,-1.114309128919093,-2.0229197628756066,-0.4674256024721436,-0.6454941147943103,-1.6662388432809894,-0.8151863987923668,-0.270895899905302,0.3900459660047676
413,-1.456720563882511,-0.9881807114599809,-0.9865392229511731,-0.945545899639108,-0.7051815926192075,-1.0998878170354855,-1.0998878170354855,-0.9165378540363832,-1.114309128919093,-2.0229197628756066,-0.4674256024721436,-0.6454941147943103,-1.6662388432809894,-0.8151863987923668,-0.270895899905302,0.3900459660047676
414,-0.7604987470959229,-1.906091809827755,-0.9865392229511731,-0.945545899639108,-1.710889195583504,-1.1396051745638622,-1.1396051745638622,-0.9165378540363832,0.49607113707218103,-0.263894076426943,-0.712947085431507,-0.6454941147943103,-0.48173879335711606,0.04822689283527712,1.0191900562397231,1.0489665978152365
415,-1.456720563882511,-0.9881807114599809,-0.9865392229511731,-0.945545899639108,-0.7051815926192075,-1.0998878170354855,-1.0998878170354855,-0.9165378540363832,-1.114309128919093,-2.0229197628756066,-0.4674256024721436,-0.6454941147943103,-1.6662388432809894,-0.8151863987923668,-0.270895899905302,0.3900459660047676
416,-1.456720563882511,-0.9881807114599809,-0.9865392229511731,-0.945545899639108,-0.7051815926192075,-1.0998878170354855,-1.0998878170354855,-0.9165378540363832,-1.114309128919093,-2.0229197628756066,-0.4674256024721436,-0.6454941147943103,-1.6662388432809894,-0.8151863987923668,-0.270895899905302,0.3900459660047676
417,-1.456720563882511,-0.9881807114599809,-0.9865392229511731,-0.945545899639108,-0.7051815926192075,-1.0998878170354855,-1.0998878170354855,-0.9165378540363832,-1.114309128919093,-2.0229197628756066,-0.4674256024721436,-0.6454941147943103,-1.6662388432809894,-0.8151863987923668,-0.270895899905302,0.3900459660047676
418,-1.456720563882511,-0.9881807114599809,-0.9865392229511731,-0.945545899639108,-0.7051815926192075,-1.0998878170354855,-1.0998878170354855,-0.9165378540363832,-1.114309128919093,-2.0229197628756066,-0.4674256024721436,-0.6454941147943103,-1.6662388432809894,-0.8151863987923668,-0.270895899905302,0.3900459660047676
419,-1.456720563882511,-0.9881807114599809,-0.9865392229511731,-0.945545899639108,-0.7051815926192075,-1.0998878170354855,-1.0998878170354855,-0.9165378540363832,-1.114309128919093,-2.0229197628756066,-0.4674256024721436,-0.6454941147943103,-1.6662388432809894,-0.8151863987923668,-0.270895899905302,0.3900459660047676
420,-1.456720563882511,-0.9881807114599809,-0.9865392229511731,-0.945545899639108,-0.7051815926192075,-1.122603503987101,-1.122603503987101,-0.9165378540363832,-0.4454264236319782,-1.1035586758792555,-0.3990889544742127,-0.6454941147943103,-0.48173879335711606,-0.5405541877649584,0.10886865268264918,0.3900459660047676
421,-0.7604987470959229,0.08803781002540943,-0.9865392229511731,-0.945545899639108,0.07091381394014236,-1.2906536049726598,-1.2906536049726598,-0.20673506458983826,-1.114309128919093,0.25114267521898975,0.6651915645458014,-0.6454941147943103,-1.2729966464105025,-0.5405541877649584,-0.5846150207084053,-0.8559229056268083
422,-1.456720563882511,-1.906091809827755,-0.9865392229511731,-0.945545899639108,-1.710889195583504,-1.1230720030216694,-1.1230720030216694,-0.9165378540363832,-0.5069856998828548,-1.2166732107111191,-0.5436553142568396,-0.6454941147943103,0.1751755793483168,-0.5405541877649584,0.139970677492988,0.3900459660047676
423,-0.7604987470959229,0.08803781002540943,-0.9865392229511731,-0.945545899639108,0.07091381394014236,-1.2906536049726598,-1.2906536049726598,1.3032340795220538,-1.114309128919093,0.25114267521898975,0.6651915645458014,-0.6454941147943103,-1.2729966464105025,-0.5405541877649584,-0.5846150207084053,-0.8559229056268083
424,-0.7604987470959229,0.08803781002540943,-0.9865392229511731,-0.945545899639108,0.07091381394014236,-1.2906536049726598,-1.2906536049726598,1.3032340795220538,-1.114309128919093,0.25114267521898975,0.6651915645458014,-0.6454941147943103,-1.2729966464105025,-0.5405541877649584,-0.5846150207084053,-0.8559229056268083
425,-1.456720563882511,-0.13709819695737172,-0.9865392229511731,-0.945545899639108,0.3938023539261248,-1.023456947208074,-1.023456947208074,-0.9165378540363832,-0.14913882370126844,-1.7497324325796975,-1.4915648671127844,-0.6454941147943103,-1.5643518791834434,0.04822689283527712,1.2468650271771708,1.2089124502898498
426,-0.7604987470959229,0.604569759419659,-0.9865392229511731,-0.945545899639108,0.3938023539261248,-1.1427926710592227,-1.1427926710592227,-0.9165378540363832,0.4699998505693327,-0.6641949470420486,-1.082163243262478,-0.6454941147943103,-1.5643518791834434,0.3641854008850189,0.9164912061207651,0.4976052345671797
427,-1.456720563882511,0.08803781002540943,-0.9865392229511731,-0.945545899639108,0.07091381394014236,-1.3093612693914911,-1.3093612693914911,-0.9165378540363832,-1.114309128919093,-1.7088064466520068,0.26757845878404585,-0.6454941147943103,-0.2875827211018677,-0.5405541877649584,-0.7769334178855457,-0.8559229056268083
428,-1.456720563882511,-0.615025344933292,-0.9865392229511731,-0.945545899639108,-0.7051815926192075,-1.040419423816469,-1.040419423816469,-0.9165378540363832,-0.03771615265756273,-1.941926884568603,-1.8119386089957534,-0.6454941147943103,-1.5643518791834434,0.3641854008850189,0.7315917537258034,1.2089124502898498
429,-0.7604987470959229,-1.906091809827755,-0.9865392229511731,-0.945545899639108,-1.710889195583504,-1.3099770252414533,-1.3099770252414533,-0.9165378540363832,0.7907496065543131,0.5615405999256232,0.11115104797615494,-0.6454941147943103,-1.1763153347159387,-0.25303872544833905,-0.5289383068881979,-0.5237045787247159
430,-0.7604987470959229,-1.906091809827755,-0.9865392229511731,-0.945545899639108,-1.710889195583504,-1.1385511966724604,-1.1385511966724604,-0.9165378540363832,0.49949466412526955,-0.263894076426943,-0.30647012136762136,-0.6454941147943103,-1.5643518791834434,-0.25303872544833905,0.7022827697088255,0.49760523456718553
431,-0.21001460136047317,-0.13709819695737172,-0.9865392229511731,-0.945545899639108,0.3938023539261248,-0.535595722182774,-0.535595722182774,-0.9165378540363832,-1.114309128919093,-0.022565530884068603,-0.5508199214345286,-0.6454941147943103,-0.48173879335711606,-0.5405541877649584,0.8075145706378953,1.426827882054289
432,-0.21001460136047317,-0.13709819695737172,-0.9865392229511731,-0.945545899639108,0.3938023539261248,-0.535595722182774,-0.535595722182774,-0.9165378540363832,-1.114309128919093,-0.022565530884068603,-0.5508199214345286,-0.6454941147943103,-0.48173879335711606,-0.5405541877649584,0.8075145706378953,1.426827882054289
433,1.861271862702533,1.2200971307529465,1.687368729903335,-0.945545899639108,0.3938023539261248,1.656284560320276,1.656284560320276,1.3032340795220538,1.4344404468822314,0.495576647526377,-0.419162046524785,1.9075190326351925,1.1045061647768344,0.6711236114790305,0.2829608232065024,0.3900459660047676
434,-1.456720563882511,-0.615025344933292,-0.9865392229511731,-0.945545899639108,-0.7051815926192075,-1.0374847260541797,-1.0374847260541797,-0.9165378540363832,-0.1405948712415617,-1.7088064466520068,-1.5949407738015444,-0.6454941147943103,-1.7468380386373357,0.04822689283527712,0.965462328755091,1.2089124502898498
435,-0.21001460136047317,1.0561984636189716,-0.9865392229511731,-0.945545899639108,1.1698872748098534,-0.9830247998798562,-0.9830247998798562,-0.9165378540363832,1.7287486026866254,1.3125660953657583,1.1606887988541823,1.5179066795565528,-0.06957929886794066,-0.5405541877649584,0.7208210014728595,1.2089124502898498
436,-0.7604987470959229,1.2200971307529465,-0.9865392229511731,-0.945545899639108,0.3938023539261248,-1.142548923956105,-1.142548923956105,0.6491505349930052,1.082441210872808,1.3125660953657583,-0.6041647696063502,1.5179066795565528,0.7583512194410399,-0.1821471975149376,0.13848758011380094,0.3900459660047676
437,-0.7604987470959229,0.08803781002540943,-0.9865392229511731,-0.945545899639108,0.07091381394014236,-1.290783752625334,-1.290783752625334,-0.9165378540363832,-0.06259113155906425,-0.4766498505870418,0.23836610987046739,-0.6454941147943103,-1.2729966464105025,-0.5405541877649584,-0.5260130365659738,-0.728417181453203
438,-1.456720563882511,-0.13709819695737172,-0.9865392229511731,-0.945545899639108,0.3938023539261248,-1.0193589138634196,-1.0193589138634196,-0.9165378540363832,0.06169084855576631,-1.7088064466520068,-1.376941564686102,-0.6454941147943103,-1.359040129735064,-0.25303872544833905,1.3669245160954184,1.426827882054289
439,-0.7604987470959229,-0.9210077600278258,-0.9865392229511731,-0.945545899639108,-1.1742168175250518,-1.1204951730317603,-1.1204951730317603,-0.9165378540363832,0.47050799890148987,-0.263894076426943,-1.9943411787008571,-0.6454941147943103,0.44993664453200366,-0.1821471975149376,0.25663282213696503,-0.29933148885842176
440,-0.21001460136047317,1.2200971307529465,-0.9865392229511731,-0.945545899639108,-0.29304121533767247,-1.2076104379695582,-1.2076104379695582,-0.9165378540363832,0.5394663972053086,0.9135074424168484,-1.621491422039184,-0.6454941147943103,1.1045061647768344,-0.44321618347267294,-0.0557266539006926,-0.25912854939443686
441,-0.7604987470959229,-1.906091809827755,-0.9865392229511731,-0.945545899639108,-1.710889195583504,-1.1436160110647764,-1.1436160110647764,-0.9165378540363832,0.10801909629905919,-0.9751814105633334,-1.1002222986430845,-0.6454941147943103,-1.0676922217778944,-0.25303872544833905,0.9583121972848999,1.170636269116137
442,-0.7604987470959229,-0.615025344933292,-0.9865392229511731,-0.945545899639108,-0.7051815926192075,-0.8364017040746754,-0.8364017040746754,-0.9165378540363832,-1.114309128919093,-0.4766498505870418,-1.3158413552210386,-0.6454941147943103,-1.359040129735064,-0.25303872544833905,0.29697012801505746,0.7747548653498916
443,-0.7604987470959229,-0.13709819695737172,-0.9865392229511731,-0.945545899639108,0.3938023539261248,-0.7319682441703184,-0.7319682441703184,-0.9165378540363832,-0.04307495297252419,-0.263894076426943,-0.8896686638714048,-0.6454941147943103,-0.8085932727960953,-0.5405541877649584,1.100099909117989,1.426827882054289
444,-0.7604987470959229,-0.615025344933292,-0.9865392229511731,-0.945545899639108,-0.7051815926192075,-0.8364017040746754,-0.8364017040746754,-0.9165378540363832,-1.114309128919093,-0.4766498505870418,-1.3158413552210386,-0.6454941147943103,-1.359040129735064,-0.25303872544833905,0.29697012801505746,0.7747548653498916
445,-0.7604987470959229,-0.9210077600278258,-0.9865392229511731,-0.945545899639108,-1.1742168175250518,-1.2490453632924248,-1.2490453632924248,-0.9165378540363832,0.44949399540879875,-0.9751814105633334,-2.0095671541236646,-0.6454941147943103,0.44993664453200366,0.6828027825536401,0.13703857666325978,-0.624198858082833
446,-1.456720563882511,-1.906091809827755,-0.9865392229511731,-0.945545899639108,-1.710889195583504,-1.292849005713751,-1.292849005713751,-0.9165378540363832,-1.114309128919093,-1.4814403220631753,-0.6224554981270465,-0.6454941147943103,-1.8105705509827439,-0.25303872544833905,-0.10009654082436768,0.027270401944991318
447,-1.456720563882511,0.08803781002540943,-0.9865392229511731,-0.945545899639108,0.07091381394014236,-1.3094417668824152,-1.3094417668824152,-0.9165378540363832,-1.114309128919093,-1.3163284133313318,-0.19724020817819624,-0.6454941147943103,-0.9456648674507478,-0.5405541877649584,-0.6887310790408276,-0.6620407782373688
448,-1.456720563882511,0.08803781002540943,-0.9865392229511731,-0.945545899639108,0.07091381394014236,-1.3094417668824152,-1.3094417668824152,-0.9165378540363832,-1.114309128919093,-1.3163284133313318,-0.19724020817819624,-0.6454941147943103,-0.9456648674507478,-0.5405541877649584,-0.6887310790408276,-0.6620407782373688
449,-0.7604987470959229,-0.9210077600278258,-0.9865392229511731,-0.945545899639108,-1.1742168175250518,-1.3028689836135232,-1.3028689836135232,-0.9165378540363832,0.020294589392723984,0.25114267521898975,-1.6157920525272162,-0.6454941147943103,-0.2875827211018677,0.6828027825536401,0.29299675202075703,0.11565163380310646
450,-1.456720563882511,-1.906091809827755,-0.9865392229511731,-0.945545899639108,-1.710889195583504,-1.1474070306567805,-1.1474070306567805,-0.9165378540363832,-0.08254578196476593,-1.8699120431609966,-1.4332533219945782,-0.6454941147943103,-1.2729966464105025,-0.25303872544833905,1.1478402610133016,1.701553710408074
451,-1.456720563882511,-1.906091809827755,-0.9865392229511731,-0.945545899639108,-1.710889195583504,-1.3101548895008632,-1.3101548895008632,-0.9165378540363832,-0.1809690456623501,-1.6623162760331722,-0.6761996483664892,-0.6454941147943103,-1.7088992099739364,-0.25303872544833905,-0.3649287230969836,-0.1417542307702846
452,-1.456720563882511,-1.906091809827755,-0.9865392229511731,-0.945545899639108,-1.710889195583504,-1.2931862546753712,-1.2931862546753712,-0.9165378540363832,-1.114309128919093,-1.7088064466520068,-0.9803592956929679,-0.6454941147943103,-1.7805743635178548,-0.25303872544833905,0.010551255151294615,0.30070175285938827
453,-1.456720563882511,-1.906091809827755,-0.9865392229511731,-0.945545899639108,-1.710889195583504,-1.309504042812882,-1.309504042812882,-0.9165378540363832,-1.114309128919093,-1.3163284133313318,-0.49672691428813615,-0.6454941147943103,-1.359040129735064,-0.5405541877649584,-0.627310851261916,-0.5237045787247159
454,-0.7604987470959229,-0.615025344933292,-0.9865392229511731,-0.945545899639108,0.3938023539261248,-1.2873778306960508,-1.2873778306960508,1.3032340795220538,-1.114309128919093,0.25114267521898975,1.1606887988541823,-0.6454941147943103,1.1045061647768344,-0.8151863987923668,-0.7362837749669828,-0.9768459539623865
455,-0.7604987470959229,-0.615025344933292,-0.9865392229511731,-0.945545899639108,0.3938023539261248,-1.2873778306960508,-1.2873778306960508,1.3032340795220538,-1.114309128919093,0.25114267521898975,1.1606887988541823,-0.6454941147943103,1.1045061647768344,-0.8151863987923668,-0.7362837749669828,-0.9768459539623865
456,-0.7604987470959229,-0.615025344933292,-0.9865392229511731,-0.945545899639108,0.3938023539261248,-1.2873778306960508,-1.2873778306960508,1.3032340795220538,-1.114309128919093,0.25114267521898975,1.1606887988541823,-0.6454941147943103,1.1045061647768344,-0.8151863987923668,-0.7362837749669828,-0.9768459539623865
457,-0.7604987470959229,-0.615025344933292,-0.9865392229511731,-0.945545899639108,0.3938023539261248,-1.2873778306960508,-1.2873778306960508,1.3032340795220538,-1.114309128919093,0.25114267521898975,1.1606887988541823,-0.6454941147943103,1.1045061647768344,-0.8151863987923668,-0.7362837749669828,-0.9768459539623865
458,-0.7604987470959229,-0.615025344933292,-0.9865392229511731,-0.945545899639108,0.3938023539261248,-1.2873778306960508,-1.2873778306960508,1.3032340795220538,-1.114309128919093,0.25114267521898975,1.1606887988541823,-0.6454941147943103,1.1045061647768344,-0.8151863987923668,-0.7362837749669828,-0.9768459539623865
459,-0.7604987470959229,-0.615025344933292,-0.9865392229511731,-0.945545899639108,0.3938023539261248,-1.2873778306960508,-1.2873778306960508,1.3032340795220538,-1.114309128919093,0.25114267521898975,1.1606887988541823,-0.6454941147943103,1.1045061647768344,-0.8151863987923668,-0.7362837749669828,-0.9768459539623865
460,-0.7604987470959229,-0.615025344933292,-0.9865392229511731,-0.945545899639108,0.3938023539261248,-1.2873778306960508,-1.2873778306960508,1.3032340795220538,-1.114309128919093,0.25114267521898975,1.1606887988541823,-0.6454941147943103,1.1045061647768344,-0.8151863987923668,-0.7362837749669828,-0.9768459539623865
461,-0.7604987470959229,-0.615025344933292,-0.9865392229511731,-0.945545899639108,0.3938023539261248,-1.2873778306960508,-1.2873778306960508,1.3032340795220538,-1.114309128919093,0.5615405999256232,1.1606887988541823,-0.6454941147943103,1.1045061647768344,-0.8151863987923668,-0.7362837749669828,-0.9768459539623865
462,-0.7604987470959229,-0.615025344933292,-0.9865392229511731,-0.945545899639108,0.3938023539261248,-1.2873778306960508,-1.2873778306960508,1.3032340795220538,-1.114309128919093,0.25114267521898975,1.1606887988541823,-0.6454941147943103,1.1045061647768344,-0.8151863987923668,-0.7362837749669828,-0.9768459539623865
463,1.861271862702533,-0.615025344933292,1.687368729903335,-0.945545899639108,0.3938023539261248,1.668353537581437,1.668353537581437,-0.9165378540363832,1.728748602686545,0.495576647526377,1.1606887988541823,1.9075190326351925,1.1045061647768344,-0.8151863987923668,-0.7362837749669828,-0.9768459539623865
464,-0.7604987470959229,-0.615025344933292,-0.9865392229511731,-0.945545899639108,0.3938023539261248,-1.2873778306960508,-1.2873778306960508,1.3032340795220538,-1.114309128919093,0.5615405999256232,1.1606887988541823,-0.6454941147943103,-1.4356083433029425,-0.8151863987923668,-0.7362837749669828,-0.9768459539623865
465,-0.7604987470959229,-0.615025344933292,-0.9865392229511731,-0.945545899639108,0.3938023539261248,-1.2873778306960508,-1.2873778306960508,1.3032340795220538,-1.114309128919093,0.5615405999256232,1.1606887988541823,-0.6454941147943103,-1.4356083433029425,-0.8151863987923668,-0.7362837749669828,-0.9768459539623865
466,-0.7604987470959229,-0.9210077600278258,-0.9865392229511731,-0.945545899639108,-1.1742168175250518,-1.2941107714036546,-1.2941107714036546,-0.9165378540363832,0.07536285180712748,-0.9751814105633334,-1.3891350818858796,-0.6454941147943103,-1.5643518791834434,0.3641854008850189,0.2988160801300714,0.4976052345671797
467,-1.456720563882511,-1.906091809827755,-0.9865392229511731,-0.945545899639108,-1.710889195583504,-1.3105359943222923,-1.3105359943222923,-0.9165378540363832,0.538530487870377,-1.1035586758792555,-1.0026095019132881,-0.6454941147943103,-1.4356083433029425,0.04822689283527712,0.20244022746796575,1.0489665978152365
468,-1.456720563882511,-1.906091809827755,-0.9865392229511731,-0.945545899639108,-1.710889195583504,-1.2946916356942229,-1.2946916356942229,-0.9165378540363832,-0.22722376263463523,-1.2166732107111191,-1.2008334647335364,-0.6454941147943103,-1.5643518791834434,0.04822689283527712,0.5357284621447285,1.426827882054289
469,1.861271862702533,1.2200971307529465,1.687368729903335,-0.945545899639108,0.07091381394014236,1.6692611037733722,1.6692611037733722,1.2441606659398077,0.8891081741052507,0.495576647526377,0.6504081481047639,-0.6454941147943103,1.1045061647768344,-0.8151863987923668,-0.8069748361695532,-0.9171776585350734
470,-1.456720563882511,-0.615025344933292,-0.9865392229511731,-0.945545899639108,-0.7051815926192075,-0.7951908614837064,-0.7951908614837064,-0.9165378540363832,0.09611438722161933,-1.7088064466520068,-1.7354207425876083,-0.6454941147943103,-1.359040129735064,-0.5405541877649584,0.3855207476608953,0.7747548653498916
471,-0.21001460136047317,-0.9210077600278258,-0.9865392229511731,-0.945545899639108,-1.1742168175250518,-1.310580685874058,-1.310580685874058,-0.9165378540363832,0.18361637379947623,-0.4766498505870418,-1.1935600628239451,-0.6454941147943103,-1.5037376621087732,0.3641854008850189,0.1824900262662647,0.7074200262365155
472,-1.456720563882511,-1.906091809827755,-0.9865392229511731,-0.945545899639108,-1.710889195583504,-1.3104684461853384,-1.3104684461853384,-0.9165378540363832,-0.7444595463231076,-1.8915116572315576,-1.2823621915209282,-0.6454941147943103,-1.8105705509827439,-0.25303872544833905,-0.10785940036546261,0.49760523456718553
473,-1.456720563882511,-1.906091809827755,-0.9865392229511731,-0.945545899639108,-1.710889195583504,-1.3105190703111658,-1.3105190703111658,-0.9165378540363832,-0.7641029527732338,-1.941926884568603,-1.3561426498452578,-0.6454941147943103,-1.7805743635178548,-0.25303872544833905,-0.06817932344931554,0.6008280604734973
474,-1.456720563882511,-0.615025344933292,-0.9865392229511731,-0.945545899639108,-0.7051815926192075,-1.0849229466718604,-1.0849229466718604,-0.9165378540363832,-0.27250351369531917,-1.4814403220631753,-1.8366601167737528,-0.6454941147943103,-1.2729966464105025,-0.25303872544833905,0.2583802772893786,1.2089124502898498
475,-1.456720563882511,-1.906091809827755,-0.9865392229511731,-0.945545899639108,-1.710889195583504,-1.291689331388488,-1.291689331388488,-0.9165378540363832,-0.14585599405880462,-1.3163284133313318,-0.6146195646219861,-0.6454941147943103,-1.7088992099739364,-0.5405541877649584,-0.1996192592303507,0.027270401944991318
476,1.861271862702533,1.2200971307529465,1.687368729903335,-0.945545899639108,-1.710889195583504,1.6706618205837522,1.6706618205837522,1.3032340795220538,1.4306658153164136,0.495576647526377,-0.1783637070330764,1.9075190326351925,1.1045061647768344,-0.8151863987923668,0.23376301175023875,1.561762899069024
477,-1.456720563882511,-0.9210077600278258,-0.9865392229511731,-0.945545899639108,-1.1742168175250518,-1.3101524354259888,-1.3101524354259888,-0.9165378540363832,0.21581558452774802,-1.817461013747113,-1.8347876461476744,-0.6454941147943103,-1.1763153347159387,0.6828027825536401,-0.14782206976594653,-0.37743674051577614
478,-0.7604987470959229,-0.615025344933292,-0.9865392229511731,-0.945545899639108,0.07091381394014236,-1.308103031083779,-1.308103031083779,1.3032340795220538,-1.114309128919093,-0.022565530884068603,1.1606887988541823,-0.6454941147943103,-1.7468380386373357,-0.8151863987923668,-0.8716081878981058,-0.8559229056268083
479,-0.7604987470959229,-0.615025344933292,-0.9865392229511731,-0.945545899639108,0.07091381394014236,-1.308103031083779,-1.308103031083779,1.3032340795220538,-1.114309128919093,-0.022565530884068603,1.1606887988541823,-0.6454941147943103,-1.6662388432809894,-0.8151863987923668,-0.8716081878981058,-0.8559229056268083
480,-0.7604987470959229,-0.615025344933292,-0.9865392229511731,-0.945545899639108,0.07091381394014236,-1.308103031083779,-1.308103031083779,1.3032340795220538,-1.114309128919093,-0.263894076426943,1.1606887988541823,-0.6454941147943103,-0.48173879335711606,-0.8151863987923668,-0.8716081878981058,-0.8559229056268083
481,-0.7604987470959229,-0.615025344933292,-0.9865392229511731,-0.945545899639108,0.07091381394014236,-1.308103031083779,-1.308103031083779,1.3032340795220538,-1.114309128919093,-0.022565530884068603,1.1606887988541823,1.5179066795565528,-1.7088992099739364,-0.8151863987923668,-0.8716081878981058,-0.8559229056268083
482,-0.7604987470959229,-0.615025344933292,-0.9865392229511731,-0.945545899639108,0.07091381394014236,-1.308103031083779,-1.308103031083779,1.3032340795220538,-1.114309128919093,-0.263894076426943,1.1606887988541823,-0.6454941147943103,-0.48173879335711606,-0.8151863987923668,-0.8716081878981058,-0.8559229056268083
483,-0.7604987470959229,-0.615025344933292,-0.9865392229511731,-0.945545899639108,0.07091381394014236,-1.308103031083779,-1.308103031083779,1.3032340795220538,-1.114309128919093,-0.263894076426943,1.1606887988541823,-0.6454941147943103,-0.48173879335711606,-0.8151863987923668,-0.8716081878981058,-0.8559229056268083
484,-0.7604987470959229,-0.615025344933292,-0.9865392229511731,-0.945545899639108,0.07091381394014236,-1.308103031083779,-1.308103031083779,1.3032340795220538,-1.114309128919093,-0.263894076426943,1.1606887988541823,-0.6454941147943103,-0.48173879335711606,-0.8151863987923668,-0.8716081878981058,-0.8559229056268083
485,-0.7604987470959229,-0.615025344933292,-0.9865392229511731,-0.945545899639108,0.07091381394014236,-1.308103031083779,-1.308103031083779,1.3032340795220538,-1.114309128919093,-0.263894076426943,1.1606887988541823,-0.6454941147943103,-0.48173879335711606,-0.8151863987923668,-0.8716081878981058,-0.8559229056268083
486,-0.7604987470959229,-1.906091809827755,-0.9865392229511731,-0.945545899639108,-1.710889195583504,-1.3110386231736164,-1.3110386231736164,-0.9165378540363832,-0.6457145880753691,-0.4766498505870418,-1.0436139295864997,-0.6454941147943103,-1.5643518791834434,0.04822689283527712,0.29156322587754585,1.2965231911480513
487,-0.7604987470959229,-0.9210077600278258,-0.9865392229511731,-0.945545899639108,-1.1742168175250518,-1.2969177793034166,-1.2969177793034166,-0.9165378540363832,0.7041268818572627,0.9135074424168484,-1.2488274116920064,-0.6454941147943103,-0.8085932727960953,0.6958635371584947,-0.4124918062725539,-1.0083376269082367
488,-1.456720563882511,-1.906091809827755,-0.9865392229511731,-0.945545899639108,-1.710889195583504,-1.3109113025179375,-1.3109113025179375,-0.9165378540363832,0.48578885173480185,-1.4041159214391383,-1.0871921065270367,-0.6454941147943103,-1.7468380386373357,-0.25303872544833905,0.2336194921360834,1.4268278820542832
489,-1.456720563882511,-1.906091809827755,-0.9865392229511731,-0.945545899639108,-1.710889195583504,-1.292425021412488,-1.292425021412488,-0.9165378540363832,0.12063076466546509,-1.7857560840112048,-1.2448102781963322,-0.6454941147943103,-1.4356083433029425,-0.5405541877649584,0.027748440692195266,0.6008280604734973
490,-1.456720563882511,-1.906091809827755,-0.9865392229511731,-0.945545899639108,-1.710889195583504,-1.2973246231115045,-1.2973246231115045,-0.9165378540363832,-0.3014665006756083,-2.0193664955093227,-1.8671115995154635,-0.6454941147943103,-1.1763153347159387,-0.25303872544833905,-0.06392044237337706,0.11565163380310646
491,-1.456720563882511,-1.906091809827755,-0.9865392229511731,-0.945545899639108,-1.710889195583504,-1.1645536223788977,-1.1645536223788977,-0.9165378540363832,-0.0910539516705072,-2.010716464973018,-1.8935308810297835,-0.6454941147943103,-1.2729966464105025,-0.5405541877649584,0.23665669371616077,0.3900459660047676
492,-1.456720563882511,-1.906091809827755,-0.9865392229511731,-0.945545899639108,-1.710889195583504,-1.298517726455107,-1.298517726455107,-0.9165378540363832,-0.19959104850638903,-2.0229197628756066,-1.931728590890925,-0.6454941147943103,-1.4356083433029425,-0.25303872544833905,-0.2711454238703588,-0.37743674051577614
493,-0.7604987470959229,-1.906091809827755,-0.9865392229511731,-0.945545899639108,-1.710889195583504,-1.3138024237589923,-1.3138024237589923,-0.9165378540363832,0.02416539271209261,-0.4766498505870418,-1.7788307864335757,-0.6454941147943103,-0.654638508506341,0.04822689283527712,-0.8429699820491321,-1.3995939151454149
494,-0.7604987470959229,-1.906091809827755,-0.9865392229511731,-0.945545899639108,-1.710889195583504,-1.314119167213741,-1.314119167213741,-0.9165378540363832,-0.14301797328509236,-0.82949830812477,-1.9213270417054753,-0.6454941147943103,-0.654638508506341,-0.25303872544833905,-0.9916792506896372,-1.3995939151454149
495,-0.7604987470959229,-1.906091809827755,-0.9865392229511731,-0.945545899639108,-1.710889195583504,-1.3136303634006852,-1.3136303634006852,-0.9165378540363832,-0.18718035618222528,-0.9751814105633334,-1.9391703957248823,-0.6454941147943103,-0.8085932727960953,-0.5405541877649584,-1.0409024209136848,-1.3995939151454149
496,-1.456720563882511,-1.906091809827755,-0.9865392229511731,-0.945545899639108,-1.710889195583504,-1.3216847946843366,-1.3216847946843366,-0.9165378540363832,0.4391788205824469,-1.3163284133313318,-1.9507059351780511,-0.6454941147943103,-0.48173879335711606,-4.3746977997659515,-2.998382674207723,0.11565163380310646
497,-1.456720563882511,-1.906091809827755,-0.9865392229511731,-0.945545899639108,-1.710889195583504,-1.3216893258287652,-1.3216893258287652,-0.9165378540363832,-1.114309128919093,-1.9927232960966177,-1.8795455744725953,-0.6454941147943103,-0.2875827211018677,-4.3746977997659515,-3.10525351032409,0.30070175285938827
498,-1.456720563882511,-1.906091809827755,-0.9865392229511731,-0.945545899639108,-1.710889195583504,-1.3216893258287652,-1.3216893258287652,-0.9165378540363832,-1.114309128919093,-1.9927232960966177,-1.8795455744725953,-0.6454941147943103,-0.2875827211018677,-4.3746977997659515,-3.10525351032409,0.30070175285938827
499,-1.456720563882511,-1.906091809827755,-0.9865392229511731,-0.945545899639108,-1.710889195583504,-1.321689835654226,-1.321689835654226,-0.9165378540363832,-0.7719658575451239,-1.9995106529971542,-1.9398827654672843,-0.6454941147943103,-0.2875827211018677,-4.3746977997659515,-3.0312062353710356,0.49760523456718553
500,-1.456720563882511,-1.906091809827755,-0.9865392229511731,-0.945545899639108,-1.710889195583504,-1.3216899448126922,-1.3216899448126922,-0.9165378540363832,-0.8453287491405324,-2.0054753429047207,-2.0497948141214803,-0.6454941147943103,0.7583512194410399,-4.3746977997659515,-3.4086347754278092,-0.6620407782373688
501,0.597852927763021,0.604569759419659,1.5168906734413392,1.3509354058680254,-0.7051815926192075,0.9253565450389917,0.9253565450389917,1.3032340795220538,1.0145880129637368,0.495576647526377,-1.267265629533315,-0.6454941147943103,1.1045061647768344,-0.5405541877649584,-1.103817965735575,-1.3545070976282816
502,0.2338899484005066,0.4666697174108955,0.8301587990974424,1.3509354058680254,-1.710889195583504,0.9254680374202908,0.9254680374202908,-0.9165378540363832,0.5521660588703484,-1.5502580635278616,-2.03451780287107,-0.6454941147943103,0.12336458876935616,2.5992723216798517,2.626947523496735,1.5458277258212696
503,1.1554195516530723,0.604569759419659,1.5168906734413392,1.3509354058680254,-0.7051815926192075,0.9253565450433442,0.9253565450433442,-0.9165378540363832,0.6411660518632023,-0.9200767787674737,-2.029987781024454,-0.6454941147943103,0.12336458876935616,0.1438340329314653,0.15648367486414072,-0.7721790416111952
504,1.372343153660353,1.2200971307529465,0.34450260709082037,1.3509354058680254,-0.29304121533767247,1.1579950809190822,1.1579950809190822,1.3032340795220538,1.480763334438042,1.3125660953657583,-0.7691874308959721,1.9075190326351925,1.1045061647768344,-0.8151863987923668,-1.466985074942634,-1.5703107155033504
505,0.9005507411351644,0.604569759419659,1.5168906734413392,1.3509354058680254,-0.7051815926192075,0.9253576484999032,0.9253576484999032,0.6491505349930052,1.4238920195126372,0.495576647526377,-1.1420282130278865,1.116389905422502,0.12336458876935616,-0.8151863987923668,1.292781558106686,0.7276348279653173
506,0.597852927763021,0.604569759419659,1.5168906734413392,1.3509354058680254,-0.7051815926192075,0.9253565450389917,0.9253565450389917,0.9221053289175869,1.165761181809842,0.495576647526377,-0.8904782524834185,0.48568121996794666,0.12336458876935616,-0.8151863987923668,-1.1778348625955843,-1.5703107155033504
507,0.2338899484005066,0.4666697174108955,0.8301587990974424,1.3509354058680254,-1.710889195583504,0.9256454939772375,0.9256454939772375,-0.9165378540363832,0.12224350792481506,-1.5502580635278616,-1.9553540115304056,-0.6454941147943103,-1.0213898027796307,0.6828027825536401,2.624161407427633,1.2521178858174167
508,1.1554195516530723,0.7486510699775748,1.350727650516158,1.3509354058680254,0.3938023539261248,0.833956233882452,0.833956233882452,-0.9165378540363832,0.1490534378255497,0.25114267521898975,-0.8108223678386456,-0.6454941147943103,0.44993664453200366,0.1438340329314653,0.15648367486414072,-0.7721790416111952
509,-0.21001460136047317,0.8991226867550993,1.5168906734413392,1.3509354058680254,-0.7051815926192075,0.9256600803238516,0.9256600803238516,0.6491505349930052,0.6257846029205013,-0.9200767787674737,-1.7512253647583125,0.48568121996794666,-1.0213898027796307,0.1438340329314653,2.8065858436525546,1.426827882054289
510,1.1554195516530723,0.604569759419659,0.8301587990974424,1.3509354058680254,0.938829290259177,1.0643406495864745,1.0643406495864745,0.9221053289175869,0.7518124982409272,-0.35319488869816656,-0.707081146172979,0.48568121996794666,0.12336458876935616,0.1438340329314653,0.7243200331996121,-0.2226012498294819
511,0.9005507411351644,1.0561984636189716,1.5495249311709434,0.5851709641105918,1.1698872748098534,1.539782821680445,1.539782821680445,-0.9165378540363832,1.7287486026866716,0.495576647526377,1.1606887988541823,0.48568121996794666,1.1045061647768344,-0.5697485719832573,-0.9559649273613,-1.2129752130849016
512,1.372343153660353,0.7486510699775748,1.350727650516158,1.3509354058680254,0.3938023539261248,0.8319359331647771,0.8319359331647771,-0.9165378540363832,0.1457847406016488,0.25114267521898975,-0.3633889634614943,-0.6454941147943103,0.1751755793483168,0.1438340329314653,0.24693922381706526,-0.6620407782373688
513,1.1554195516530723,0.7486510699775748,1.350727650516158,1.3509354058680254,0.3938023539261248,0.8303559948526439,0.8303559948526439,0.288082507693974,0.44112986879467964,0.5615405999256232,0.040659569876507165,1.8530607653250124,-0.06957929886794066,0.1438340329314653,0.3099247262250538,-0.5237045787247159
514,1.5587347774811766,1.0561984636189716,1.350727650516158,1.3509354058680254,0.938829290259177,1.088879513191878,1.088879513191878,0.6491505349930052,0.7216569453832289,0.9135074424168484,-0.8773638049390766,1.8530607653250124,1.1045061647768344,0.6828027825536401,1.0739987034664535,0.027270401944991318
515,0.597852927763021,0.4666697174108955,0.8301587990974424,1.3509354058680254,-1.710889195583504,0.9491217654277572,0.9491217654277572,0.6491505349930052,0.6617519972172667,-0.35319488869816656,-1.0120935730740215,-0.6454941147943103,-1.343370766960716,1.2677492581723673,1.6091059922730024,0.30070175285938827
516,1.7202505324116648,1.0561984636189716,1.350727650516158,1.3509354058680254,0.3938023539261248,0.009354930981255118,0.009354930981255118,1.3032340795220538,-1.114309128919093,0.9135074424168484,0.6100864720537038,1.9055244093577544,0.7583512194410399,0.6958635371584947,-0.511994337464877,-1.2129752130849016
517,-0.21001460136047317,0.8991226867550993,0.8301587990974424,1.3509354058680254,-0.7051815926192075,1.5264013200165714,1.5264013200165714,-0.9165378540363832,0.3243601135258958,-1.5502580635278616,0.003764896256841253,-0.6454941147943103,-1.0213898027796307,0.3641854008850189,-0.7629934069032748,-1.3995939151454149
518,0.9005507411351644,0.604569759419659,1.5168906734413392,1.3509354058680254,-0.7051815926192075,0.9253565450720047,0.9253565450720047,-0.9165378540363832,0.5801974875366007,-0.9200767787674737,-2.033792871869554,-0.6454941147943103,0.12336458876935616,-0.8151863987923668,-0.04749529232916581,-0.624198858082833
519,-0.21001460136047317,0.4666697174108955,0.8301587990974424,1.3509354058680254,0.6814869513301007,1.3125862732110498,1.3125862732110498,-0.9165378540363832,0.7216569453832289,-1.5502580635278616,-0.6414166100686857,0.48568121996794666,1.1045061647768344,0.6828027825536401,0.4360529058558026,-0.1417542307702846
520,0.597852927763021,0.4666697174108955,0.8301587990974424,1.3509354058680254,0.6814869513301007,1.3154083615784091,1.3154083615784091,-0.9165378540363832,-1.114309128919093,-1.298256168276425,0.14666644898869854,0.48568121996794666,-1.343370766960716,1.2677492581723673,0.364460725734712,-0.5237045787247159
521,0.9005507411351644,0.604569759419659,0.8301587990974424,1.3509354058680254,0.938829290259177,1.2316558777644007,1.2316558777644007,-0.9165378540363832,-0.3165315413647254,-0.9200767787674737,-0.3479790646626264,-0.6454941147943103,0.12336458876935616,0.1438340329314653,0.7404950859636485,0.49760523456718553
522,0.9005507411351644,0.604569759419659,0.8301587990974424,1.3509354058680254,0.938829290259177,1.232543567971741,1.232543567971741,0.288082507693974,-0.20694626772182179,-0.35319488869816656,-0.1612328165398006,-0.6454941147943103,-0.5540995803806434,0.1438340329314653,0.781063165407986,0.6008280604734973
523,0.597852927763021,0.604569759419659,0.8301587990974424,1.3509354058680254,0.938829290259177,1.0716974397340442,1.0716974397340442,1.3032340795220538,1.197827679063678,0.495576647526377,-0.16033550819516554,0.48568121996794666,1.1045061647768344,1.2677492581723673,1.1744313619442306,0.3976083529167095
524,1.372343153660353,0.4666697174108955,0.8301587990974424,1.3509354058680254,0.6814869513301007,1.3236642809954051,1.3236642809954051,-0.9165378540363832,0.8823573260999964,-0.35319488869816656,-0.5566125132878884,-0.6454941147943103,1.1045061647768344,-0.35407381654550013,0.6440294745362628,0.8175323653425602
525,1.5587347774811766,1.0561984636189716,1.350727650516158,1.3509354058680254,1.7368764788689097,0.47606081854294086,0.47606081854294086,1.3032340795220538,1.7287486026866254,1.3125660953657583,1.1606887988541823,1.9075190326351925,1.1045061647768344,1.2677492581723673,0.23698947876753457,-0.5237045787247159
526,0.2338899484005066,1.0561984636189716,0.19204179117375647,0.5851709641105918,0.938829290259177,-0.11232838277513284,-0.11232838277513284,1.3032340795220538,0.8891081741052507,0.9135074424168484,0.4037933563276038,1.8530607653250124,1.1045061647768344,0.04822689283527712,-0.9788667384024856,-1.4974562724016511
527,0.9005507411351644,0.7486510699775748,0.8301587990974424,1.3509354058680254,0.3938023539261248,1.5260122500995306,1.5260122500995306,-0.9165378540363832,-1.114309128919093,0.495576647526377,1.1606887988541823,1.116389905422502,1.1045061647768344,0.1438340329314653,-0.7515912393384994,-1.2532647142455866
528,1.372343153660353,0.2086010095253459,0.34450260709082037,1.3509354058680254,0.07091381394014236,1.1155852541287206,1.1155852541287206,0.6491505349930052,0.18857149550881197,0.9135074424168484,-1.37747540371593,-0.6454941147943103,0.7583512194410399,0.1438340329314653,1.175627275358805,0.11565163380310646
529,0.9005507411351644,0.8991226867550993,0.34450260709082037,1.3509354058680254,0.07091381394014236,1.1579840928460337,1.1579840928460337,-0.9165378540363832,0.29272484097993434,0.9135074424168484,-1.6770155588067968,-0.6454941147943103,0.44993664453200366,1.9043656533765239,2.0736745641564656,1.2521178858174167
530,0.597852927763021,1.0561984636189716,0.8301587990974424,1.3509354058680254,2.0335005140801012,1.5089334130465168,1.5089334130465168,1.3032340795220538,1.728748602686616,0.495576647526377,1.1606887988541823,1.116389905422502,1.1045061647768344,0.1438340329314653,-0.48120808522802827,-0.9171776585350734
531,0.2338899484005066,0.8991226867550993,0.8301587990974424,1.3509354058680254,0.3938023539261248,1.530483168263738,1.530483168263738,-0.9165378540363832,-1.114309128919093,-1.298256168276425,0.5256734282996052,0.48568121996794666,-1.343370766960716,0.3641854008850189,-0.5697157535719534,-1.2129752130849016
532,1.372343153660353,0.8991226867550993,1.5495249311709434,0.5851709641105918,1.1698872748098534,1.5354500115275436,1.5354500115275436,1.3032340795220538,-1.114309128919093,-0.35319488869816656,1.1606887988541823,-0.6454941147943103,1.1045061647768344,0.04822689283527712,-0.9062367158916612,-1.3545070976282816
533,1.1554195516530723,1.0561984636189716,1.350727650516158,1.3509354058680254,1.7368764788689097,0.2914934414990367,0.2914934414990367,1.3032340795220538,1.2307457456039745,1.3125660953657583,0.5592769823787118,1.9055244093577544,1.1045061647768344,1.2677492581723673,0.11435469274407191,-0.5237045787247159
534,0.597852927763021,0.8991226867550993,0.19204179117375647,0.5851709641105918,1.1698872748098534,-0.11323653944327364,-0.11323653944327364,-0.9165378540363832,1.728748602686516,1.3125660953657583,1.1606887988541823,1.8530607653250124,0.7583512194410399,0.04822689283527712,-0.9062367158916612,-1.3545070976282816
535,0.9005507411351644,1.0561984636189716,1.350727650516158,1.3509354058680254,2.0335005140801012,0.02076424636183032,0.02076424636183032,0.6491505349930052,1.728748602686516,1.3125660953657583,1.1606887988541823,1.5179066795565528,1.1045061647768344,0.1438340329314653,-0.3635537591698383,-0.6620407782373688
536,0.2338899484005066,0.8991226867550993,0.8301587990974424,1.3509354058680254,0.3938023539261248,1.530483168263738,1.530483168263738,-0.9165378540363832,-1.114309128919093,-1.298256168276425,0.5256734282996052,-0.6454941147943103,-1.343370766960716,0.3641854008850189,-0.5697157535719534,-1.2129752130849016
537,0.2338899484005066,-0.0271333074951761,0.8301587990974424,1.3509354058680254,1.1698872748098534,1.4841173116197866,1.4841173116197866,0.288082507693974,0.7996488493502613,-0.9200767787674737,0.36740197732443014,-0.6454941147943103,-0.5540995803806434,0.1438340329314653,-0.05719762731087309,-0.2226012498294819
538,1.1554195516530723,1.0561984636189716,0.8301587990974424,1.3509354058680254,2.0335005140801012,1.5101328252337394,1.5101328252337394,-0.9165378540363832,1.728748602686516,0.495576647526377,1.1606887988541823,0.48568121996794666,1.1045061647768344,0.1438340329314653,-0.3635537591698383,-0.6620407782373688
539,-0.21001460136047317,-0.0271333074951761,0.8301587990974424,1.3509354058680254,1.1698872748098534,1.4462767972873494,1.4462767972873494,-0.9165378540363832,0.4361950847341964,-0.9200767787674737,-0.2653419289723525,-0.6454941147943103,0.12336458876935616,0.1438340329314653,0.27739591918361356,0.30070175285938827
540,1.5587347774811766,0.33474666248612994,1.5495249311709434,0.5851709641105918,1.1698872748098534,1.5328553875891513,1.5328553875891513,1.3032340795220538,-1.114309128919093,-0.35319488869816656,1.1606887988541823,0.48568121996794666,-0.5540995803806434,-0.5697485719832573,-1.3321931155051199,-1.5703107155033504
541,1.1554195516530723,0.8991226867550993,0.8301587990974424,1.3509354058680254,1.892030865270692,1.5108538333618846,1.5108538333618846,1.3032340795220538,-1.114309128919093,0.495576647526377,1.1606887988541823,0.48568121996794666,0.12336458876935616,0.1438340329314653,-0.3015843327503625,-0.5237045787247159
542,-0.21001460136047317,0.8991226867550993,0.34450260709082037,1.3509354058680254,0.07091381394014236,0.626034738089015,0.626034738089015,-0.9165378540363832,0.06776509799259985,-0.263894076426943,-1.102710001440337,-0.6454941147943103,-0.06957929886794066,0.1438340329314653,0.9549673830904085,1.426827882054289
543,1.5587347774811766,0.604569759419659,1.5168906734413392,1.3509354058680254,0.6814869513301007,0.9544561879393467,0.9544561879393467,1.034558535046158,0.8439979634196102,-0.35319488869816656,-0.49043511344877116,1.6650911542934181,1.1045061647768344,1.2677492581723673,1.315681000378233,0.07010006767002915
544,1.372343153660353,0.08803781002540943,1.5495249311709434,0.5851709641105918,1.1698872748098534,1.5371568124297075,1.5371568124297075,1.3032340795220538,-1.114309128919093,0.495576647526377,1.1606887988541823,-0.6454941147943103,1.1045061647768344,-0.5697485719832573,-1.1532696312940802,-1.2129752130849016
545,-0.7604987470959229,0.2086010095253459,0.34450260709082037,1.3509354058680254,0.07091381394014236,1.044398159263584,1.044398159263584,-0.9165378540363832,0.5782550197755387,-0.022565530884068603,-1.6248717822983658,-0.6454941147943103,-0.2875827211018677,-0.44321618347267294,0.035327301018990495,-0.29933148885842176
546,1.372343153660353,0.08803781002540943,1.5495249311709434,0.5851709641105918,1.1698872748098534,1.5371568124297075,1.5371568124297075,1.3032340795220538,-1.114309128919093,0.495576647526377,1.1606887988541823,-0.6454941147943103,1.1045061647768344,-0.5697485719832573,-1.1532696312940802,-1.2129752130849016
547,1.372343153660353,1.2200971307529465,-0.9865392229511731,-0.945545899639108,0.6814869513301007,1.0631241849474344,1.0631241849474344,1.3032340795220538,1.2026071840248342,1.3125660953657583,-0.6552195873299986,-0.6454941147943103,1.1045061647768344,3.360206979617002,2.0576697224537632,1.4268278820542832
548,0.597852927763021,1.0561984636189716,0.19204179117375647,0.5851709641105918,0.938829290259177,-0.12498464665912128,-0.12498464665912128,0.6491505349930052,1.1100920404153447,1.3125660953657583,0.6419963708709122,1.5179066795565528,1.1045061647768344,-0.25303872544833905,-1.0791703810029352,-1.4974562724016511
549,1.372343153660353,1.0561984636189716,1.5168906734413392,1.3509354058680254,0.07091381394014236,1.178913065588533,1.178913065588533,-0.9165378540363832,0.7707234777371822,-0.35319488869816656,-1.3591207440730078,-0.6454941147943103,0.12336458876935616,0.1438340329314653,0.5127924753992008,-0.37743674051577614
550,0.9005507411351644,-0.0271333074951761,0.8301587990974424,1.3509354058680254,1.1698872748098534,1.4895131028302229,1.4895131028302229,-0.9165378540363832,0.6092583066217262,-0.35319488869816656,0.15722078003728787,-0.6454941147943103,-1.0213898027796307,1.0443812709909557,0.12813676085877884,-0.2226012498294819
551,0.597852927763021,1.2200971307529465,0.19204179117375647,0.5851709641105918,1.1698872748098534,-0.1386179964347741,-0.1386179964347741,0.6491505349930052,0.8891081741052507,0.9135074424168484,0.6222497810796657,1.5179066795565528,0.7583512194410399,0.04822689283527712,-0.674518163324947,-1.2129752130849016
552,0.597852927763021,1.2200971307529465,0.8301587990974424,1.3509354058680254,1.7368764788689097,1.5139994408311341,1.5139994408311341,0.6491505349930052,0.8891081741052507,0.495576647526377,0.4646714502158153,-0.6454941147943103,0.12336458876935616,0.1438340329314653,-0.06616422442325465,0.027270401944991318
553,1.1554195516530723,1.0561984636189716,0.8301587990974424,1.3509354058680254,1.7368764788689097,1.5156819490422073,1.5156819490422073,0.9221053289175869,1.2392383123192088,0.495576647526377,0.8056906402829558,1.116389905422502,1.1045061647768344,0.6958635371584947,-0.11745865553431521,-0.5237045787247159
554,0.597852927763021,1.0561984636189716,0.19204179117375647,0.5851709641105918,0.938829290259177,-0.12589179753183866,-0.12589179753183866,1.3032340795220538,-1.114309128919093,0.9135074424168484,0.6362586817335274,1.5179066795565528,0.7583512194410399,-0.25303872544833905,-1.0067455741828326,-1.3545070976282816
555,-0.21001460136047317,-0.2420382540474039,0.19204179117375647,0.5851709641105918,-1.710889195583504,-0.12149792246850931,-0.12149792246850931,-0.9165378540363832,0.4762129468329728,-0.263894076426943,-0.15822595409084508,-0.6454941147943103,-0.06957929886794066,0.04822689283527712,-0.6660421417379648,-0.8559229056268083
556,0.2338899484005066,-0.2420382540474039,0.19204179117375647,0.5851709641105918,-1.710889195583504,-0.14014281756511682,-0.14014281756511682,-0.9165378540363832,0.42641786218156186,0.9135074424168484,0.16503633983526722,-0.6454941147943103,0.7583512194410399,0.04822689283527712,-0.622237989433867,-1.1468792329713224
557,0.9005507411351644,1.2200971307529465,1.350727650516158,1.3509354058680254,1.1698872748098534,-0.04397387955783046,-0.04397387955783046,0.6491505349930052,1.329621150312259,1.3125660953657583,0.7724623365889138,1.5179066795565528,0.1751755793483168,0.6958635371584947,-0.016889657814002555,-0.5237045787247159
558,0.597852927763021,1.2200971307529465,1.350727650516158,1.3509354058680254,1.892030865270692,-0.011080217127611383,-0.011080217127611383,1.3032340795220538,1.1550614372314347,1.3125660953657583,0.5737506823888022,-0.6454941147943103,1.1045061647768344,0.6958635371584947,-0.05292439149307,-0.3774367405157778
559,-0.21001460136047317,1.2200971307529465,-0.9865392229511731,-0.945545899639108,-0.7051815926192075,-0.9509477642722987,-0.9509477642722987,-0.9165378540363832,0.7990224596247264,0.9135074424168484,-0.6206690428777201,-0.6454941147943103,1.1045061647768344,0.3641854008850189,0.39127378489287684,1.2089124502898498
560,0.597852927763021,-0.5284577564370213,0.34450260709082037,1.3509354058680254,-0.7051815926192075,0.24886697769367588,0.24886697769367588,1.3032340795220538,1.2749596918494555,1.3125660953657583,0.14018195121376947,1.5179066795565528,-0.2875827211018677,0.6828027825536401,0.8889938442597883,1.701553710408074
561,1.5587347774811766,1.0561984636189716,1.5168906734413392,1.3509354058680254,0.07091381394014236,1.268327619446253,1.268327619446253,1.3032340795220538,1.4722556832580376,0.495576647526377,0.20872517809840435,1.4684131204508903,1.1045061647768344,1.2677492581723673,0.7744567837388172,0.11565163380310646
562,-0.21001460136047317,-0.5284577564370213,0.34450260709082037,1.3509354058680254,-0.7051815926192075,0.4146180406411175,0.4146180406411175,-0.9165378540363832,0.2273262895890542,-0.6641949470420486,-0.8152096186988674,-0.6454941147943103,-0.2875827211018677,1.2677492581723673,1.0151762142844787,1.426827882054289
563,1.861271862702533,0.604569759419659,1.5168906734413392,1.3509354058680254,0.6814869513301007,0.9644139788615644,0.9644139788615644,1.3032340795220538,1.2696181759105987,0.495576647526377,-1.5536214534116575,1.6650911542934181,1.1045061647768344,-0.8151863987923668,0.5554949022692423,0.07010006767002915
564,0.9005507411351644,0.33474666248612994,-0.9865392229511731,-0.945545899639108,0.3938023539261248,0.5082975457473023,0.5082975457473023,0.6491505349930052,0.8872421255053682,0.9135074424168484,-0.8703986264608665,1.5179066795565528,0.7583512194410399,2.2037992941789644,1.4299679535512764,1.2965231911480513
565,-0.7604987470959229,1.2200971307529465,0.34450260709082037,1.3509354058680254,0.3938023539261248,1.0540966252059492,1.0540966252059492,-0.9165378540363832,-0.6744214687012116,-0.82949830812477,-1.7824157322138852,-0.6454941147943103,-0.654638508506341,0.824520952258424,0.5233899858593573,-0.29933148885842176
566,-0.21001460136047317,0.08803781002540943,0.34450260709082037,1.3509354058680254,-0.29304121533767247,0.325019402476361,0.325019402476361,-0.9165378540363832,-0.6465943842238492,-0.4766498505870418,-1.4266063247272842,-0.6454941147943103,-0.48173879335711606,0.1438340329314653,-0.041901260503142586,-0.728417181453203
567,1.1554195516530723,0.8991226867550993,1.350727650516158,1.3509354058680254,1.892030865270692,-0.02286501788221214,-0.02286501788221214,1.3032340795220538,-1.114309128919093,0.9135074424168484,1.1606887988541823,-0.6454941147943103,1.1045061647768344,0.6958635371584947,0.11912597806323517,0.027270401944991318
568,-1.456720563882511,-0.5284577564370213,0.34450260709082037,1.3509354058680254,-0.7051815926192075,0.4031828359808989,0.4031828359808989,-0.9165378540363832,0.0013539587808194672,-1.2166732107111191,-1.2163271511458185,-0.6454941147943103,-0.06957929886794066,1.2677492581723673,0.8776785882245136,1.0489665978152365
569,0.9005507411351644,0.8991226867550993,0.8301587990974424,1.3509354058680254,1.892030865270692,1.5187555166839743,1.5187555166839743,-0.9165378540363832,1.7287486026865673,0.495576647526377,1.1606887988541823,1.116389905422502,1.1045061647768344,0.6958635371584947,0.11912597806323517,0.027270401944991318
570,0.597852927763021,0.604569759419659,1.350727650516158,1.3509354058680254,0.07091381394014236,-0.02982239241955338,-0.02982239241955338,0.6491505349930052,0.42641786218156186,0.5615405999256232,0.033480146809314826,1.5179066795565528,-0.06957929886794066,0.1438340329314653,0.33007057628034814,1.0489665978152365
571,0.597852927763021,0.604569759419659,1.350727650516158,1.3509354058680254,0.07091381394014236,-0.03731485342766899,-0.03731485342766899,0.288082507693974,0.44112986879467964,0.25114267521898975,0.04328482287779771,1.5179066795565528,-0.06957929886794066,0.1438340329314653,0.4194913857531921,1.2965231911480513
572,0.9005507411351644,1.0561984636189716,0.19204179117375647,0.5851709641105918,1.3780684588743142,-0.1213830617648668,-0.1213830617648668,1.3032340795220538,1.728748602686616,1.3125660953657583,1.1606887988541823,1.5179066795565528,0.7583512194410399,-0.5405541877649584,-1.0428727396356328,-1.2129752130849016
573,1.372343153660353,0.33474666248612994,1.5495249311709434,0.5851709641105918,1.1698872748098534,1.5325912766686112,1.5325912766686112,-0.9165378540363832,-1.114309128919093,0.495576647526377,1.1606887988541823,1.116389905422502,1.1045061647768344,-0.5405541877649584,-1.176043930902709,-1.4974562724016511
574,0.597852927763021,0.33474666248612994,0.19204179117375647,0.5851709641105918,1.1698872748098534,-0.09717654954021239,-0.09717654954021239,1.3032340795220538,-1.114309128919093,0.5615405999256232,1.1606887988541823,1.5179066795565528,0.1751755793483168,-0.5405541877649584,-1.176043930902709,-1.4974562724016511
575,1.372343153660353,0.33474666248612994,1.5495249311709434,0.5851709641105918,1.1698872748098534,1.5325912766686112,1.5325912766686112,-0.9165378540363832,-1.114309128919093,0.495576647526377,1.1606887988541823,-0.6454941147943103,1.1045061647768344,-0.5405541877649584,-1.176043930902709,-1.4974562724016511
576,0.9005507411351644,1.2200971307529465,0.8301587990974424,1.3509354058680254,1.3780684588743142,1.5203540353540068,1.5203540353540068,1.3032340795220538,1.3835880826517686,0.495576647526377,0.872248204486968,0.48568121996794666,1.1045061647768344,0.6958635371584947,0.23041878541486446,0.30070175285938827
577,1.5587347774811766,1.0561984636189716,1.5495249311709434,0.5851709641105918,1.1698872748098534,1.5393437269493366,1.5393437269493366,1.3032340795220538,0.8891081741052507,-0.35319488869816656,0.1434405069721163,-0.6454941147943103,1.1045061647768344,0.04822689283527712,-0.39537621848143706,-0.45160042249192556
578,0.2338899484005066,0.33474666248612994,-0.9865392229511731,-0.945545899639108,0.3938023539261248,0.14211762552701543,0.14211762552701543,0.6491505349930052,0.6233910976798184,0.9135074424168484,0.05464553936793286,-0.6454941147943103,-0.48173879335711606,1.7969455603832172,1.1722015364312188,0.30070175285938827
579,0.9005507411351644,0.08803781002540943,-0.9865392229511731,-0.945545899639108,-0.7051815926192075,-0.6390491217556624,-0.6390491217556624,0.288082507693974,0.5637764408058344,0.9135074424168484,-0.17712618970841842,-0.6454941147943103,0.44993664453200366,0.3641854008850189,0.3369698966292013,0.7747548653498916
580,-0.21001460136047317,-0.2420382540474039,0.19204179117375647,0.5851709641105918,-1.710889195583504,-0.13159340282709067,-0.13159340282709067,-0.9165378540363832,-0.20694626772182179,-0.263894076426943,-0.02452913530462055,-0.6454941147943103,-0.48173879335711606,-0.25303872544833905,-0.8235776752370882,-0.9768459539623865
581,0.2338899484005066,-1.5620414661945567,0.19204179117375647,0.5851709641105918,-1.1742168175250518,-0.031594424062786404,-0.031594424062786404,1.3032340795220538,-1.114309128919093,0.5615405999256232,1.1606887988541823,-0.6454941147943103,1.1045061647768344,-0.8151863987923668,-1.466985074942634,-1.5703107155033504
582,1.372343153660353,-1.5620414661945567,1.5495249311709434,0.5851709641105918,-1.1742168175250518,1.5204348608184,1.5204348608184,-0.9165378540363832,-1.114309128919093,0.495576647526377,1.1606887988541823,-0.6454941147943103,1.1045061647768344,-0.8151863987923668,-1.466985074942634,-1.5703107155033504
583,0.2338899484005066,-1.5620414661945567,0.19204179117375647,0.5851709641105918,-1.1742168175250518,-0.031594424062786404,-0.031594424062786404,1.3032340795220538,-1.114309128919093,0.5615405999256232,1.1606887988541823,-0.6454941147943103,1.1045061647768344,-0.8151863987923668,-1.466985074942634,-1.5703107155033504
584,0.2338899484005066,-1.5620414661945567,0.19204179117375647,0.5851709641105918,-1.1742168175250518,-0.031594424062786404,-0.031594424062786404,1.3032340795220538,-1.114309128919093,0.5615405999256232,1.1606887988541823,-0.6454941147943103,1.1045061647768344,-0.8151863987923668,-1.466985074942634,-1.5703107155033504
585,0.2338899484005066,-1.5620414661945567,0.19204179117375647,0.5851709641105918,-1.1742168175250518,-0.031594424062786404,-0.031594424062786404,1.3032340795220538,-1.114309128919093,0.5615405999256232,1.1606887988541823,-0.6454941147943103,1.1045061647768344,-0.8151863987923668,-1.466985074942634,-1.5703107155033504
586,0.2338899484005066,-1.5620414661945567,0.19204179117375647,0.5851709641105918,-1.1742168175250518,-0.031594424062786404,-0.031594424062786404,1.3032340795220538,-1.114309128919093,0.5615405999256232,1.1606887988541823,-0.6454941147943103,1.1045061647768344,-0.8151863987923668,-1.466985074942634,-1.5703107155033504
587,1.372343153660353,-1.5620414661945567,1.5495249311709434,0.5851709641105918,-1.1742168175250518,1.5204348608184,1.5204348608184,-0.9165378540363832,-1.114309128919093,0.495576647526377,1.1606887988541823,-0.6454941147943103,1.1045061647768344,-0.8151863987923668,-1.466985074942634,-1.5703107155033504
588,0.2338899484005066,-1.5620414661945567,0.19204179117375647,0.5851709641105918,-1.1742168175250518,-0.031594424062786404,-0.031594424062786404,1.3032340795220538,-1.114309128919093,0.9135074424168484,1.1606887988541823,-0.6454941147943103,1.1045061647768344,-0.8151863987923668,-1.466985074942634,-1.5703107155033504
589,0.2338899484005066,-1.5620414661945567,0.19204179117375647,0.5851709641105918,-1.1742168175250518,-0.031594424062786404,-0.031594424062786404,1.3032340795220538,-1.114309128919093,0.5615405999256232,1.1606887988541823,-0.6454941147943103,1.1045061647768344,-0.8151863987923668,-1.466985074942634,-1.5703107155033504
590,0.2338899484005066,-1.5620414661945567,0.19204179117375647,0.5851709641105918,-1.1742168175250518,-0.031594424062786404,-0.031594424062786404,1.3032340795220538,-1.114309128919093,0.5615405999256232,1.1606887988541823,-0.6454941147943103,1.1045061647768344,-0.8151863987923668,-1.466985074942634,-1.5703107155033504
591,0.2338899484005066,-1.5620414661945567,0.19204179117375647,0.5851709641105918,-1.1742168175250518,-0.031594424062786404,-0.031594424062786404,1.3032340795220538,-1.114309128919093,0.5615405999256232,1.1606887988541823,-0.6454941147943103,1.1045061647768344,-0.8151863987923668,-1.466985074942634,-1.5703107155033504
592,-0.21001460136047317,-0.4375475176805875,-0.9865392229511731,-0.945545899639108,0.07091381394014236,0.41363041065763123,0.41363041065763123,-0.9165378540363832,-0.3085149624785063,-0.6641949470420486,-1.3559737417493725,-0.6454941147943103,-0.2875827211018677,2.633135715778432,1.735744559392724,0.7747548653498916
593,-0.21001460136047317,-0.2420382540474039,0.19204179117375647,0.5851709641105918,-1.710889195583504,-0.13281726526255383,-0.13281726526255383,-0.9165378540363832,-1.114309128919093,-0.82949830812477,-0.13747569283191646,-0.6454941147943103,-0.8085932727960953,-0.25303872544833905,-0.7956402302402259,-0.9171776585350734
594,1.7202505324116648,1.2200971307529465,1.687368729903335,-0.945545899639108,0.6814869513301007,1.3490368733725495,1.3490368733725495,1.3032340795220538,1.0825524029774787,0.495576647526377,-0.7498565733291502,1.8905380991811391,1.1045061647768344,2.633135715778432,1.9235935958988672,1.561762899069024
595,0.597852927763021,1.0561984636189716,0.34450260709082037,1.3509354058680254,0.3938023539261248,0.6939658060644739,0.6939658060644739,-0.9165378540363832,0.4870800909055729,0.9135074424168484,-1.0189988597996382,-0.6454941147943103,0.44993664453200366,1.9043656533765239,0.504896926315961,-0.728417181453203
596,0.597852927763021,0.8991226867550993,1.350727650516158,1.3509354058680254,1.3780684588743142,-0.10452564518628255,-0.10452564518628255,-0.9165378540363832,0.4740395445099462,0.9135074424168484,0.009756166897749975,-0.6454941147943103,0.7583512194410399,0.3641854008850189,0.024409499899894875,0.30070175285938827
597,1.7202505324116648,1.2200971307529465,1.5495249311709434,0.5851709641105918,-1.1742168175250518,1.521046616427828,1.521046616427828,1.0888365762304295,0.8891081741052507,0.495576647526377,0.6412426402328757,-0.6454941147943103,1.1045061647768344,-0.8151863987923668,-1.3597624544584572,-1.3995939151454149
598,0.597852927763021,0.604569759419659,1.350727650516158,1.3509354058680254,0.07091381394014236,-0.04707979556846763,-0.04707979556846763,0.6491505349930052,1.1100920404153447,1.3125660953657583,0.5405119397670826,1.5179066795565528,0.1751755793483168,0.6958635371584947,0.4311316280747015,0.8175323653425602
599,-0.7604987470959229,-0.2420382540474039,0.19204179117375647,0.5851709641105918,-1.710889195583504,-0.1355716284995766,-0.1355716284995766,-0.9165378540363832,0.5023226248381085,-0.022565530884068603,0.24734297317246892,-0.6454941147943103,-0.654638508506341,-0.25303872544833905,-0.7383234176457724,-0.7930231691256634
600,0.2338899484005066,-0.4375475176805875,-0.9865392229511731,-0.945545899639108,0.07091381394014236,0.2766471395986153,0.2766471395986153,-0.9165378540363832,-0.32104137602802346,-0.4766498505870418,-1.3779325578958266,-0.6454941147943103,-0.2875827211018677,2.633135715778432,1.9419996529659111,1.2089124502898498
601,0.2338899484005066,0.604569759419659,0.19204179117375647,0.5851709641105918,0.07091381394014236,-0.09808564024649812,-0.09808564024649812,-0.9165378540363832,-1.114309128919093,-0.022565530884068603,0.4165218771627058,-0.6454941147943103,-0.2875827211018677,-0.5405541877649584,-1.103817965735575,-1.3545070976282816
602,0.2338899484005066,0.604569759419659,1.350727650516158,1.3509354058680254,0.07091381394014236,-0.05786012176404137,-0.05786012176404137,-0.9165378540363832,-0.20694626772182179,-0.263894076426943,-0.1923771813736356,-0.6454941147943103,-0.06957929886794066,0.6958635371584947,0.5617543299629594,1.170636269116137
603,0.2338899484005066,0.8991226867550993,-0.9865392229511731,-0.945545899639108,-1.1742168175250518,-0.48078620719625115,-0.48078620719625115,-0.9165378540363832,0.5127811542567919,0.25114267521898975,0.09707931792695822,-0.6454941147943103,0.7583512194410399,-0.25303872544833905,-0.26360355148514136,0.047430141657762354
604,-0.7604987470959229,0.8991226867550993,-0.9865392229511731,-0.945545899639108,0.3938023539261248,-0.7227422386721437,-0.7227422386721437,-0.9165378540363832,-0.5765569742138734,-0.9751814105633334,-1.156371092905762,-0.6454941147943103,-0.2875827211018677,1.4109622367796824,1.0817037325054413,1.2089124502898498
605,0.2338899484005066,0.604569759419659,0.19204179117375647,0.5851709641105918,0.07091381394014236,-0.12197792711039926,-0.12197792711039926,-0.9165378540363832,-0.06259113155906425,0.25114267521898975,0.20751624123986606,-0.6454941147943103,0.7583512194410399,-0.5405541877649584,-0.9483052035844409,-1.2129752130849016
606,-0.21001460136047317,0.4666697174108955,0.34450260709082037,1.3509354058680254,-0.7051815926192075,0.6190194431227847,0.6190194431227847,-0.9165378540363832,0.20527378194300508,-0.82949830812477,-1.841786426738651,-0.6454941147943103,0.1751755793483168,-0.44321618347267294,-0.11794020344205708,-0.7721790416111952
607,-1.456720563882511,0.08803781002540943,0.34450260709082037,1.3509354058680254,-0.29304121533767247,-0.06473808242070477,-0.06473808242070477,-0.9165378540363832,-1.114309128919093,-1.2166732107111191,-1.7599511931438243,-0.6454941147943103,-0.48173879335711606,0.1438340329314653,-0.3398230641847227,-0.8559229056268083
608,-1.456720563882511,0.08803781002540943,0.34450260709082037,1.3509354058680254,-0.29304121533767247,-0.06473808242070477,-0.06473808242070477,-0.9165378540363832,-1.114309128919093,-1.2166732107111191,-1.7599511931438243,-0.6454941147943103,-0.48173879335711606,0.1438340329314653,-0.3398230641847227,-0.8559229056268083
609,0.597852927763021,-1.6241017624718226,0.19204179117375647,0.5851709641105918,-0.7051815926192075,-0.0545899423613475,-0.0545899423613475,1.3032340795220538,-1.114309128919093,0.9135074424168484,1.1606887988541823,-0.6454941147943103,1.1045061647768344,-0.8151863987923668,-1.2469457512497535,-1.2129752130849016
610,0.597852927763021,-1.6241017624718226,0.19204179117375647,0.5851709641105918,-0.7051815926192075,-0.0545899423613475,-0.0545899423613475,1.3032340795220538,-1.114309128919093,1.3125660953657583,1.1606887988541823,-0.6454941147943103,1.1045061647768344,-0.8151863987923668,-1.2469457512497535,-1.2129752130849016
611,0.597852927763021,-1.6241017624718226,0.19204179117375647,0.5851709641105918,-0.7051815926192075,-0.0545899423613475,-0.0545899423613475,1.3032340795220538,-1.114309128919093,0.9135074424168484,1.1606887988541823,-0.6454941147943103,1.1045061647768344,-0.8151863987923668,-1.2469457512497535,-1.2129752130849016
612,0.597852927763021,-1.6241017624718226,0.19204179117375647,0.5851709641105918,-0.7051815926192075,-0.0545899423613475,-0.0545899423613475,1.3032340795220538,-1.114309128919093,0.9135074424168484,1.1606887988541823,-0.6454941147943103,1.1045061647768344,-0.8151863987923668,-1.2469457512497535,-1.2129752130849016
613,1.1554195516530723,-1.6241017624718226,1.5495249311709434,0.5851709641105918,-0.7051815926192075,1.5247882911651964,1.5247882911651964,-0.9165378540363832,-1.114309128919093,0.495576647526377,1.1606887988541823,-0.6454941147943103,1.1045061647768344,-0.8151863987923668,-1.2469457512497535,-1.2129752130849016
614,0.597852927763021,-1.6241017624718226,0.19204179117375647,0.5851709641105918,-0.7051815926192075,-0.0545899423613475,-0.0545899423613475,1.3032340795220538,-1.114309128919093,0.9135074424168484,1.1606887988541823,-0.6454941147943103,1.1045061647768344,-0.8151863987923668,-1.2469457512497535,-1.2129752130849016
615,0.597852927763021,-1.6241017624718226,0.19204179117375647,0.5851709641105918,-0.7051815926192075,-0.0545899423613475,-0.0545899423613475,1.3032340795220538,-1.114309128919093,0.9135074424168484,1.1606887988541823,-0.6454941147943103,1.1045061647768344,-0.8151863987923668,-1.2469457512497535,-1.2129752130849016
616,0.597852927763021,-1.6241017624718226,0.19204179117375647,0.5851709641105918,-0.7051815926192075,-0.0545899423613475,-0.0545899423613475,1.3032340795220538,-1.114309128919093,0.9135074424168484,1.1606887988541823,-0.6454941147943103,1.1045061647768344,-0.8151863987923668,-1.2469457512497535,-1.2129752130849016
617,0.597852927763021,-1.6241017624718226,0.19204179117375647,0.5851709641105918,-0.7051815926192075,-0.0545899423613475,-0.0545899423613475,1.3032340795220538,-1.114309128919093,0.9135074424168484,1.1606887988541823,-0.6454941147943103,1.1045061647768344,-0.8151863987923668,-1.2469457512497535,-1.2129752130849016
618,0.597852927763021,-1.6241017624718226,0.19204179117375647,0.5851709641105918,-0.7051815926192075,-0.0545899423613475,-0.0545899423613475,1.3032340795220538,-1.114309128919093,0.9135074424168484,1.1606887988541823,-0.6454941147943103,1.1045061647768344,-0.8151863987923668,-1.2469457512497535,-1.2129752130849016
619,1.1554195516530723,-1.6241017624718226,1.5495249311709434,0.5851709641105918,-0.7051815926192075,1.5247882911651964,1.5247882911651964,-0.9165378540363832,-1.114309128919093,0.495576647526377,1.1606887988541823,-0.6454941147943103,1.1045061647768344,-0.8151863987923668,-1.2469457512497535,-1.2129752130849016
620,0.597852927763021,-1.6241017624718226,0.19204179117375647,0.5851709641105918,-0.7051815926192075,-0.0545899423613475,-0.0545899423613475,1.3032340795220538,-1.114309128919093,0.9135074424168484,1.1606887988541823,-0.6454941147943103,1.1045061647768344,-0.8151863987923668,-1.2469457512497535,-1.2129752130849016
621,-0.21001460136047317,-0.5284577564370213,0.34450260709082037,1.3509354058680254,-0.7051815926192075,0.0033216726535959095,0.0033216726535959095,-0.9165378540363832,0.5628530958755614,0.5615405999256232,-0.6119747322733522,-0.6454941147943103,-0.06957929886794066,1.0443812709909557,0.34521682412719285,0.30070175285938827
622,0.597852927763021,-1.6241017624718226,0.19204179117375647,0.5851709641105918,-0.7051815926192075,-0.0545899423613475,-0.0545899423613475,1.3032340795220538,-1.114309128919093,0.9135074424168484,1.1606887988541823,-0.6454941147943103,1.1045061647768344,-0.8151863987923668,-1.2469457512497535,-1.2129752130849016
623,1.372343153660353,1.0561984636189716,1.5495249311709434,0.5851709641105918,1.1698872748098534,1.544708711179961,1.544708711179961,1.3032340795220538,1.0639400065425944,0.495576647526377,0.2739576120780996,1.4684131204508903,1.1045061647768344,0.04822689283527712,-0.13317927945234223,-0.05849675432937287
624,-0.21001460136047317,0.8991226867550993,-0.9865392229511731,-0.945545899639108,1.3780684588743142,-0.5756333288050218,-0.5756333288050218,-0.9165378540363832,-0.4597341448645632,-0.263894076426943,-0.5436775599282163,-0.6454941147943103,-0.48173879335711606,0.6958635371584947,0.7459681543625107,0.7747548653498916
625,1.5587347774811766,1.2200971307529465,1.687368729903335,-0.945545899639108,-0.7051815926192075,1.635436776776368,1.635436776776368,1.3032340795220538,1.2933421195899297,0.495576647526377,0.6947681087209375,1.116389905422502,1.1045061647768344,-0.25303872544833905,0.3519238476482919,1.701553710408074
626,0.2338899484005066,-0.4375475176805875,-0.9865392229511731,-0.945545899639108,1.3780684588743142,-0.27444441697087524,-0.27444441697087524,0.6491505349930052,1.0192406203617976,1.3125660953657583,0.126102710559723,-0.6454941147943103,1.1045061647768344,0.3641854008850189,0.33135702514314996,0.027270401944991318
627,0.2338899484005066,0.33474666248612994,-0.9865392229511731,-0.945545899639108,0.3938023539261248,0.08340957227510289,0.08340957227510289,0.6491505349930052,0.6930838284447461,0.9135074424168484,-0.6760009627979647,1.5179066795565528,-0.2875827211018677,1.7969455603832172,1.5115664327007197,1.1706362691161343
628,-1.456720563882511,0.604569759419659,-0.9865392229511731,-0.945545899639108,-0.7051815926192075,-0.6652504363942208,-0.6652504363942208,-0.9165378540363832,-1.114309128919093,-1.2166732107111191,0.2573131913776941,-0.6454941147943103,-0.2875827211018677,-0.5405541877649584,-0.15321085889245803,0.7747548653498916
629,-0.7604987470959229,0.08803781002540943,0.34450260709082037,1.3509354058680254,-0.29304121533767247,-0.20511928981604113,-0.20511928981604113,-0.9165378540363832,0.5454682682937196,-0.4766498505870418,-1.345773489804081,-0.6454941147943103,-0.2875827211018677,0.1438340329314653,-0.10306961073580186,0.20675683613410129
630,-0.21001460136047317,0.604569759419659,-0.9865392229511731,-0.945545899639108,0.6814869513301007,0.5416945081941886,0.5416945081941886,0.6491505349930052,0.8126040036128183,0.5615405999256232,-1.1008019240533489,1.5179066795565528,-0.654638508506341,0.37430682053289,0.34410591719717487,-0.5346197177023334
631,0.2338899484005066,0.33474666248612994,-0.9865392229511731,-0.945545899639108,0.3938023539261248,0.13442498754729576,0.13442498754729576,-0.9165378540363832,0.29027329835595944,-0.4766498505870418,-1.3366405673553745,-0.6454941147943103,-0.06957929886794066,1.7969455603832172,0.9630825414884752,0.11565163380310646
632,-1.456720563882511,-0.2420382540474039,0.19204179117375647,0.5851709641105918,-1.710889195583504,-0.10502698524230829,-0.10502698524230829,-0.9165378540363832,-0.5543249338630639,-1.4041159214391383,-0.7070321921098782,-0.6454941147943103,-0.48173879335711606,-0.5405541877649584,-0.8932895325135525,-0.9171776585350734
633,-0.21001460136047317,0.7486510699775748,0.19204179117375647,0.5851709641105918,0.07091381394014236,-0.25178212018087137,-0.25178212018087137,1.3032340795220538,1.0282293930423907,1.3125660953657583,0.24557650959756222,-0.6454941147943103,0.44993664453200366,-0.25303872544833905,-0.29134332230519655,-0.6620407782373688
634,0.9005507411351644,-0.4375475176805875,-0.9865392229511731,-0.945545899639108,0.07091381394014236,1.0217441416567197,1.0217441416567197,0.288082507693974,0.9130758703814555,1.3125660953657583,-0.9317083867453057,1.5179066795565528,0.1751755793483168,3.6129353217239255,2.176567851497694,1.2089124502898498
635,0.597852927763021,1.2200971307529465,-0.9865392229511731,-0.945545899639108,0.07091381394014236,-0.891047267122327,-0.891047267122327,1.3032340795220538,1.193956820619369,1.3125660953657583,0.6522643406935686,1.5179066795565528,1.1045061647768344,-0.25303872544833905,0.4040330237394273,1.701553710408074
636,-0.21001460136047317,0.604569759419659,-0.9865392229511731,-0.945545899639108,0.6814869513301007,1.0928557081688288,1.0928557081688288,-0.9165378540363832,0.8075583359365142,0.25114267521898975,-1.6250028192261965,-0.6454941147943103,-0.06957929886794066,0.37430682053289,1.647248330014216,0.7747548653498916
637,-0.7604987470959229,-0.5284577564370213,0.34450260709082037,1.3509354058680254,-0.7051815926192075,-0.20330068586050767,-0.20330068586050767,-0.9165378540363832,-1.114309128919093,-0.82949830812477,-1.0844556425078162,-0.6454941147943103,-0.654638508506341,0.3641854008850189,0.27822230103141,0.7074200262365155
638,-0.7604987470959229,-0.4375475176805875,-0.9865392229511731,-0.945545899639108,1.3780684588743142,-0.8475047946996821,-0.8475047946996821,-0.9165378540363832,0.7118299115321415,-0.022565530884068603,-0.37361993086660084,-0.6454941147943103,-0.9456648674507478,1.0443812709909557,1.2684746535448759,1.2089124502898498
639,-0.7604987470959229,-0.4375475176805875,-0.9865392229511731,-0.945545899639108,0.07091381394014236,-0.687977461483873,-0.687977461483873,-0.9165378540363832,-0.19327388772655021,0.9135074424168484,-0.011760691410902463,-0.6454941147943103,-0.48173879335711606,0.04822689283527712,0.4936475770560321,0.7747548653498916
640,1.7202505324116648,1.2200971307529465,1.687368729903335,-0.945545899639108,0.3938023539261248,1.504100523711308,1.504100523711308,1.3032340795220538,1.3555154141700279,0.495576647526377,-0.8664524406046005,1.6650911542934181,1.1045061647768344,0.37430682053289,0.08507171144671663,-0.5346197177023334
641,1.372343153660353,1.2200971307529465,1.687368729903335,-0.945545899639108,0.6814869513301007,1.5758297800771075,1.5758297800771075,0.6491505349930052,0.8726116648751279,-0.35319488869816656,0.10236179834932763,0.48568121996794666,0.12336458876935616,1.4109622367796824,1.7761116170786275,1.426827882054289
642,-0.7604987470959229,-0.13709819695737172,-0.9865392229511731,-0.945545899639108,0.3938023539261248,-0.3312694851570977,-0.3312694851570977,0.6491505349930052,1.2392383123192088,1.3125660953657583,0.1260258523863346,-0.6454941147943103,-0.2875827211018677,0.3641854008850189,0.8687324813572946,1.426827882054289
643,0.2338899484005066,0.33474666248612994,-0.9865392229511731,-0.945545899639108,1.566250501156851,-0.6025291501120517,-0.6025291501120517,-0.9165378540363832,0.42641786218156186,0.25114267521898975,-0.6150804696906275,-0.6454941147943103,0.7583512194410399,0.6958635371584947,1.222397772245659,0.7747548653498916
644,-0.7604987470959229,1.0561984636189716,-0.9865392229511731,-0.945545899639108,2.0335005140801012,-0.5608751148673222,-0.5608751148673222,-0.9165378540363832,0.5127811542567919,0.9135074424168484,0.505773777101787,-0.6454941147943103,1.1045061647768344,0.3641854008850189,0.8373759714415564,0.3900459660047676
645,1.861271862702533,0.08803781002540943,1.687368729903335,-0.945545899639108,-0.29304121533767247,1.6426015600841024,1.6426015600841024,1.3032340795220538,1.728748602686654,0.495576647526377,1.1606887988541823,1.9075190326351925,1.1045061647768344,-0.5405541877649584,0.0796712435204915,1.2089124502898498
646,-0.7604987470959229,0.08803781002540943,-0.9865392229511731,-0.945545899639108,-0.29304121533767247,-0.9686223083443002,-0.9686223083443002,-0.9165378540363832,-1.114309128919093,0.25114267521898975,1.1606887988541823,-0.6454941147943103,-1.0676922217778944,-0.5405541877649584,0.0796712435204915,1.2089124502898498
647,-0.7604987470959229,0.08803781002540943,-0.9865392229511731,-0.945545899639108,-0.29304121533767247,-0.9686223083443002,-0.9686223083443002,-0.9165378540363832,-1.114309128919093,0.25114267521898975,1.1606887988541823,-0.6454941147943103,-1.9007439990233823,-0.5405541877649584,0.0796712435204915,1.2089124502898498
648,-0.7604987470959229,0.33474666248612994,0.19204179117375647,0.5851709641105918,-0.29304121533767247,-0.12528046483722827,-0.12528046483722827,-0.9165378540363832,0.44775321624899034,-0.4766498505870418,-0.6851308451609663,-0.6454941147943103,0.1751755793483168,-0.5405541877649584,-0.5525264586355418,-0.1417542307702846
649,-1.456720563882511,0.08803781002540943,-0.9865392229511731,-0.945545899639108,-0.7051815926192075,-0.6925933711926542,-0.6925933711926542,-0.9165378540363832,-1.114309128919093,-1.3163284133313318,-0.34189744734721733,-0.6454941147943103,-0.654638508506341,-0.25303872544833905,0.26724999084370554,0.7747548653498916
650,0.2338899484005066,0.8991226867550993,-0.9865392229511731,-0.945545899639108,0.3938023539261248,-0.7599688391974426,-0.7599688391974426,0.061328109153576414,0.8726116648751279,0.9135074424168484,0.04655062994695794,-0.6454941147943103,-0.06957929886794066,1.4109622367796824,1.847554597208815,1.2089124502898498
651,-0.7604987470959229,0.8991226867550993,-0.9865392229511731,-0.945545899639108,-0.29304121533767247,-0.39327505306870747,-0.39327505306870747,1.3032340795220538,-1.114309128919093,-0.4766498505870418,0.1393313910006432,-0.6454941147943103,0.44993664453200366,-0.8151863987923668,-0.579142804905648,0.047430141657762354
652,-0.21001460136047317,1.0561984636189716,-0.9865392229511731,-0.945545899639108,0.938829290259177,-1.1125982264697873,-1.1125982264697873,-0.9165378540363832,0.8891081741052507,0.9135074424168484,0.2588439556220993,-0.6454941147943103,0.44993664453200366,0.3641854008850189,0.452067432802721,0.3900459660047676
653,0.2338899484005066,-0.4375475176805875,-0.9865392229511731,-0.945545899639108,0.07091381394014236,-0.9811761015916785,-0.9811761015916785,1.3032340795220538,-1.114309128919093,0.9135074424168484,0.628241560890669,-0.6454941147943103,-0.06957929886794066,0.04822689283527712,0.6231113411430631,1.2089124502898498
654,-0.7604987470959229,0.33474666248612994,0.19204179117375647,0.5851709641105918,-0.29304121533767247,-0.1427826663158081,-0.1427826663158081,-0.9165378540363832,-0.5245613936858078,-0.6641949470420486,-0.6757276404493816,-0.6454941147943103,0.1751755793483168,-0.5405541877649584,-0.4698283811065761,-0.3774367405157778
655,0.597852927763021,1.2200971307529465,-0.9865392229511731,-0.945545899639108,0.3938023539261248,-0.9835971509167797,-0.9835971509167797,1.3032340795220538,1.036117892409067,1.3125660953657583,0.6454437407255295,1.5179066795565528,-0.2875827211018677,-0.25303872544833905,0.3691024205750599,1.2089124502898498
656,-0.21001460136047317,-0.0271333074951761,-0.9865392229511731,-0.945545899639108,-0.29304121533767247,0.9463015250701265,0.9463015250701265,-0.9165378540363832,0.4372514394564246,0.25114267521898975,-1.5507474944064195,-0.6454941147943103,-0.06957929886794066,2.3754092372725126,1.8272583063861148,0.3900459660047676
657,-0.7604987470959229,0.33474666248612994,0.19204179117375647,0.5851709641105918,-0.29304121533767247,-0.14492535666765607,-0.14492535666765607,-0.9165378540363832,-0.5729545153607425,-0.6641949470420486,-0.807426875286442,-0.6454941147943103,0.1751755793483168,-0.5405541877649584,-0.43704695166509744,-0.3011321643083781
658,0.2338899484005066,1.0561984636189716,-0.9865392229511731,-0.945545899639108,0.6814869513301007,-0.7704541440360776,-0.7704541440360776,-0.9165378540363832,1.7287486026866283,1.3125660953657583,1.1606887988541823,1.5179066795565528,0.1751755793483168,1.4109622367796824,2.041262217847478,1.701553710408074
659,-1.456720563882511,-0.4375475176805875,-0.9865392229511731,-0.945545899639108,0.07091381394014236,-0.695937821133431,-0.695937821133431,-0.9165378540363832,-0.19497009088393288,-1.7857560840112048,-0.7435308390771446,-0.6454941147943103,-0.9456648674507478,-0.25303872544833905,0.3579686110959091,0.7747548653498916
660,-0.7604987470959229,0.33474666248612994,-0.9865392229511731,-0.945545899639108,1.566250501156851,-0.8654996803754199,-0.8654996803754199,-0.9165378540363832,-0.13417393346251502,-0.022565530884068603,-0.790535451623984,-0.6454941147943103,0.7583512194410399,1.0443812709909557,1.678451672868758,1.2089124502898498
661,-0.21001460136047317,1.0561984636189716,-0.9865392229511731,-0.945545899639108,0.938829290259177,-1.0465113443920255,-1.0465113443920255,-0.9165378540363832,0.7687778364690507,-0.022565530884068603,-0.28447923671900577,-0.6454941147943103,0.44993664453200366,0.3641854008850189,0.80293463378273,0.7747548653498916
662,-1.456720563882511,-0.9881807114599809,-0.9865392229511731,-0.945545899639108,-0.7051815926192075,-1.1194113108839183,-1.1194113108839183,-0.9165378540363832,-1.114309128919093,-1.817461013747113,0.13348790148519862,-0.6454941147943103,-1.6662388432809894,-0.5405541877649584,-0.17464784291927363,0.3900459660047676
663,0.597852927763021,1.0561984636189716,-0.9865392229511731,-0.945545899639108,0.07091381394014236,-1.1280999254310569,-1.1280999254310569,-0.9165378540363832,1.728748602686516,1.3125660953657583,1.1606887988541823,1.5179066795565528,0.7583512194410399,-0.25303872544833905,0.06112414221069988,0.3900459660047676
664,-0.21001460136047317,1.2200971307529465,-0.9865392229511731,-0.945545899639108,0.3938023539261248,-0.4682473755480745,-0.4682473755480745,0.6491505349930052,1.1861165066816106,1.3125660953657583,-0.0786521680723371,1.5179066795565528,-0.9456648674507478,1.4109622367796824,0.9830475136356297,0.7747548653498916
665,-0.21001460136047317,-0.4375475176805875,-0.9865392229511731,-0.945545899639108,-0.29304121533767247,-0.6126096175866657,-0.6126096175866657,-0.9165378540363832,-1.114309128919093,0.9135074424168484,1.1606887988541823,-0.6454941147943103,1.1045061647768344,-0.8151863987923668,-0.24951436457946818,0.7747548653498916
666,-0.21001460136047317,-0.4375475176805875,-0.9865392229511731,-0.945545899639108,-0.29304121533767247,-0.6126096175866657,-0.6126096175866657,-0.9165378540363832,-1.114309128919093,1.3125660953657583,1.1606887988541823,-0.6454941147943103,1.1045061647768344,-0.8151863987923668,-0.24951436457946818,0.7747548653498916
667,-0.21001460136047317,-0.4375475176805875,-0.9865392229511731,-0.945545899639108,-0.29304121533767247,-0.6126096175866657,-0.6126096175866657,-0.9165378540363832,-1.114309128919093,0.9135074424168484,1.1606887988541823,-0.6454941147943103,1.1045061647768344,-0.8151863987923668,-0.24951436457946818,0.7747548653498916
668,1.7202505324116648,-0.4375475176805875,1.687368729903335,-0.945545899639108,-0.29304121533767247,1.6065469665691139,1.6065469665691139,1.3032340795220538,-1.114309128919093,0.495576647526377,1.1606887988541823,1.9075190326351925,1.1045061647768344,-0.8151863987923668,-0.24951436457946818,0.7747548653498916
669,-0.21001460136047317,-0.4375475176805875,-0.9865392229511731,-0.945545899639108,-0.29304121533767247,-0.6126096175866657,-0.6126096175866657,-0.9165378540363832,-1.114309128919093,0.9135074424168484,1.1606887988541823,-0.6454941147943103,1.1045061647768344,-0.8151863987923668,-0.24951436457946818,0.7747548653498916
670,1.861271862702533,1.2200971307529465,1.5495249311709434,0.5851709641105918,1.1698872748098534,1.5715019764690954,1.5715019764690954,1.3032340795220538,1.6540677995109634,0.495576647526377,0.5423182867494123,1.9075190326351925,1.1045061647768344,-0.25303872544833905,-0.7089190902598195,-0.728417181453203
671,-0.7604987470959229,1.2200971307529465,0.19204179117375647,0.5851709641105918,1.1698872748098534,-0.352592410042572,-0.352592410042572,1.3032340795220538,1.4791737869568566,1.3125660953657583,0.4777620463896558,1.5179066795565528,-0.48173879335711606,-0.25303872544833905,-0.7672262337120425,-0.8559229056268083
672,-0.7604987470959229,-1.906091809827755,-0.9865392229511731,-0.945545899639108,-1.710889195583504,-1.1275934717844651,-1.1275934717844651,1.3032340795220538,-1.114309128919093,0.9135074424168484,0.4886740297136716,-0.6454941147943103,0.44993664453200366,0.04822689283527712,0.37619009697840866,0.3900459660047676
673,-1.456720563882511,-0.0271333074951761,-0.9865392229511731,-0.945545899639108,-0.29304121533767247,0.6992887489974693,0.6992887489974693,-0.9165378540363832,0.18024824719983928,-1.3163284133313318,-1.93884701136593,-0.6454941147943103,-0.2875827211018677,0.6711236114790305,1.3801625580980204,0.3900459660047676
674,-0.21001460136047317,-0.0271333074951761,-0.9865392229511731,-0.945545899639108,-0.29304121533767247,0.3885786137557346,0.3885786137557346,-0.9165378540363832,0.39765912823058375,0.25114267521898975,-1.7953058877815655,-0.6454941147943103,-0.2875827211018677,1.3059603392196248,1.329149751349702,0.3900459660047676
675,-0.21001460136047317,-0.0271333074951761,-0.9865392229511731,-0.945545899639108,-0.29304121533767247,-0.7744235543371157,-0.7744235543371157,-0.9165378540363832,0.6121414074162622,-0.263894076426943,-1.6507503099399365,-0.6454941147943103,0.44993664453200366,2.2037992941789644,1.445484350351446,0.3900459660047676
676,-0.7604987470959229,1.0561984636189716,-0.9865392229511731,-0.945545899639108,-0.29304121533767247,-1.1287698996814532,-1.1287698996814532,0.6491505349930052,0.8891081741052507,0.9135074424168484,0.6465512932449656,-0.6454941147943103,-0.654638508506341,-0.25303872544833905,0.11884551819302057,0.3900459660047676
677,-0.7604987470959229,-0.4375475176805875,-0.9865392229511731,-0.945545899639108,0.07091381394014236,-0.9867208688515152,-0.9867208688515152,-0.9165378540363832,-1.114309128919093,-0.9751814105633334,-0.16177565126622825,-0.6454941147943103,-1.0676922217778944,-0.25303872544833905,0.5183890786061527,1.2089124502898498
678,0.2338899484005066,-0.9210077600278258,-0.9865392229511731,-0.945545899639108,-1.1742168175250518,0.895243363534052,0.895243363534052,-0.9165378540363832,0.4763582313127673,0.5615405999256232,-2.0269510555898536,-0.6454941147943103,1.1045061647768344,0.6828027825536401,2.0507688800302404,0.7276348279653149
679,-0.7604987470959229,-0.615025344933292,-0.9865392229511731,-0.945545899639108,-0.7051815926192075,-0.6300741535401121,-0.6300741535401121,-0.9165378540363832,0.13261221225200792,-0.263894076426943,-1.2272645272559106,-0.6454941147943103,-1.2729966464105025,1.0443812709909557,0.7673023601482942,0.7747548653498916
680,-0.7604987470959229,1.2200971307529465,-0.9865392229511731,-0.945545899639108,1.566250501156851,-0.9882742065866734,-0.9882742065866734,-0.9165378540363832,0.44112986879467964,-0.022565530884068603,0.20492338380602182,-0.6454941147943103,-0.8085932727960953,-0.25303872544833905,0.5818203040416997,1.2089124502898498
681,1.7202505324116648,1.0561984636189716,1.687368729903335,-0.945545899639108,-0.29304121533767247,1.5939876588783435,1.5939876588783435,1.3032340795220538,0.9497256221032909,0.495576647526377,-1.438876233972839,1.836668929052513,1.1045061647768344,2.5992723216798517,1.2430016622697715,-0.29933148885842176
682,-0.21001460136047317,0.33474666248612994,0.19204179117375647,0.5851709641105918,-0.29304121533767247,-0.18918998582598032,-0.18918998582598032,0.6491505349930052,0.8891081741052507,1.3125660953657583,-0.1176545332782714,-0.6454941147943103,0.7583512194410399,-0.5405541877649584,0.1380394640680953,1.170636269116137
683,-1.456720563882511,-0.4375475176805875,-0.9865392229511731,-0.945545899639108,0.07091381394014236,-0.6743167436362106,-0.6743167436362106,-0.9165378540363832,-0.4649916463995504,-1.1035586758792555,-0.46654020300856497,-0.6454941147943103,-0.9456648674507478,-0.5405541877649584,0.2265515494066299,0.7747548653498916
684,0.2338899484005066,1.2200971307529465,-0.9865392229511731,-0.945545899639108,2.1628239289202256,-0.7137207278387848,-0.7137207278387848,0.9221053289175869,1.2099506403127016,1.3125660953657583,0.36397629203144444,1.8530607653250124,0.44993664453200366,-0.25303872544833905,0.7356094387483032,0.7747548653498916
685,-1.456720563882511,-1.906091809827755,-0.9865392229511731,-0.945545899639108,-1.710889195583504,-1.1304040722790107,-1.1304040722790107,-0.9165378540363832,0.6081617083514261,-1.1035586758792555,-0.46635524841242315,-0.6454941147943103,-0.2875827211018677,0.04822689283527712,0.5442006710687444,0.3900459660047676
686,-0.7604987470959229,-0.9210077600278258,-0.9865392229511731,-0.945545899639108,-1.1742168175250518,-1.2785050575503158,-1.2785050575503158,-0.9165378540363832,0.4030010294783675,-0.022565530884068603,-1.1894477126572303,-0.6454941147943103,0.1751755793483168,1.0443812709909557,0.4470199583495576,0.30070175285938827
687,-0.7604987470959229,-0.615025344933292,-0.9865392229511731,-0.945545899639108,-0.7051815926192075,-0.8523482553068175,-0.8523482553068175,-0.9165378540363832,-0.06504884678767962,-0.9751814105633334,-1.526226530028086,-0.6454941147943103,-1.359040129735064,1.0443812709909557,1.0739072852517342,1.701553710408074
688,-0.7604987470959229,0.604569759419659,-0.9865392229511731,-0.945545899639108,0.3938023539261248,-1.105341710782279,-1.105341710782279,-0.9165378540363832,0.1596499951472139,-0.6641949470420486,-0.9701453146674541,-0.6454941147943103,-0.06957929886794066,0.6958635371584947,1.4787012309544663,1.701553710408074
689,-0.7604987470959229,-0.4375475176805875,-0.9865392229511731,-0.945545899639108,1.3780684588743142,-0.9928980787266041,-0.9928980787266041,-0.9165378540363832,0.1457847406016488,-0.6641949470420486,-0.1908812670719631,-0.6454941147943103,-0.654638508506341,-0.25303872544833905,0.7507244904280685,1.2089124502898498
690,-1.456720563882511,-0.615025344933292,-0.9865392229511731,-0.945545899639108,-0.7051815926192075,-0.936309214113157,-0.936309214113157,-0.9165378540363832,-1.114309128919093,-1.84536178779663,0.27110015133359405,-0.6454941147943103,-1.9765639827145451,-0.8151863987923668,-0.017232263186887715,1.2089124502898498
691,-1.456720563882511,-0.615025344933292,-0.9865392229511731,-0.945545899639108,-0.7051815926192075,-0.936309214113157,-0.936309214113157,-0.9165378540363832,-1.114309128919093,-1.84536178779663,0.27110015133359405,-0.6454941147943103,-1.9765639827145451,-0.8151863987923668,-0.017232263186887715,1.2089124502898498
692,-1.456720563882511,-0.615025344933292,-0.9865392229511731,-0.945545899639108,-0.7051815926192075,-0.936309214113157,-0.936309214113157,-0.9165378540363832,-1.114309128919093,-1.84536178779663,0.27110015133359405,-0.6454941147943103,-1.9765639827145451,-0.8151863987923668,-0.017232263186887715,1.2089124502898498
693,-1.456720563882511,-0.615025344933292,-0.9865392229511731,-0.945545899639108,-0.7051815926192075,-0.936309214113157,-0.936309214113157,-0.9165378540363832,-1.114309128919093,-1.84536178779663,0.27110015133359405,-0.6454941147943103,-1.9765639827145451,-0.8151863987923668,-0.017232263186887715,1.2089124502898498
694,-1.456720563882511,-0.615025344933292,-0.9865392229511731,-0.945545899639108,-0.7051815926192075,-0.936309214113157,-0.936309214113157,-0.9165378540363832,-1.114309128919093,-1.84536178779663,0.27110015133359405,-0.6454941147943103,-1.9765639827145451,-0.8151863987923668,-0.017232263186887715,1.2089124502898498
695,-1.456720563882511,-0.615025344933292,-0.9865392229511731,-0.945545899639108,-0.7051815926192075,-0.936309214113157,-0.936309214113157,-0.9165378540363832,-1.114309128919093,-1.84536178779663,0.27110015133359405,-0.6454941147943103,-1.9765639827145451,-0.8151863987923668,-0.017232263186887715,1.2089124502898498
696,1.7202505324116648,1.0561984636189716,1.687368729903335,-0.945545899639108,-0.29304121533767247,1.6572370948182884,1.6572370948182884,1.3032340795220538,1.1454079941244342,0.495576647526377,-0.4790006337162057,1.9014087582570176,1.1045061647768344,1.0443812709909557,1.0874601000618118,0.7074200262365155
697,-0.7604987470959229,-0.4375475176805875,-0.9865392229511731,-0.945545899639108,1.3780684588743142,-0.9950370216414969,-0.9950370216414969,0.061328109153576414,-1.114309128919093,-0.263894076426943,0.18160204651245962,-0.6454941147943103,-0.654638508506341,-0.25303872544833905,0.8227680203604808,1.2089124502898498
698,-0.7604987470959229,-0.4375475176805875,-0.9865392229511731,-0.945545899639108,1.3780684588743142,-0.9950370216414969,-0.9950370216414969,-0.9165378540363832,-1.114309128919093,-0.263894076426943,0.18160204651245962,-0.6454941147943103,-0.654638508506341,-0.25303872544833905,0.8227680203604808,1.2089124502898498
699,-0.21001460136047317,0.604569759419659,-0.9865392229511731,-0.945545899639108,0.3938023539261248,-1.0853051872542783,-1.0853051872542783,0.288082507693974,0.8169092797951617,0.9135074424168484,-0.6471277441945007,1.5179066795565528,-1.359040129735064,1.0443812709909557,0.9905287433384659,0.3900459660047676
700,-0.7604987470959229,1.0561984636189716,-0.9865392229511731,-0.945545899639108,0.3938023539261248,-1.2905410338846717,-1.2905410338846717,-0.9165378540363832,1.728748602686516,1.3125660953657583,1.1606887988541823,1.5179066795565528,0.7583512194410399,-0.5405541877649584,-0.6412519411813079,-0.9768459539623865
701,-0.7604987470959229,-1.906091809827755,-0.9865392229511731,-0.945545899639108,-1.710889195583504,-1.1349442312394165,-1.1349442312394165,-0.9165378540363832,-0.36308993082934593,-0.9751814105633334,-0.2884550347182949,-0.6454941147943103,-1.7088992099739364,-0.25303872544833905,0.5111616439111938,0.3900459660047676
702,-1.456720563882511,-0.9881807114599809,-0.9865392229511731,-0.945545899639108,-0.7051815926192075,-1.0998878170354855,-1.0998878170354855,-0.9165378540363832,-1.114309128919093,-2.0229197628756066,-0.4674256024721436,-0.6454941147943103,-1.6662388432809894,-0.8151863987923668,-0.270895899905302,0.3900459660047676
703,-1.456720563882511,-0.9881807114599809,-0.9865392229511731,-0.945545899639108,-0.7051815926192075,-1.0998878170354855,-1.0998878170354855,-0.9165378540363832,-1.114309128919093,-2.0229197628756066,-0.4674256024721436,-0.6454941147943103,-1.6662388432809894,-0.8151863987923668,-0.270895899905302,0.3900459660047676
704,-1.456720563882511,-0.9881807114599809,-0.9865392229511731,-0.945545899639108,-0.7051815926192075,-1.0998878170354855,-1.0998878170354855,-0.9165378540363832,-1.114309128919093,-2.0229197628756066,-0.4674256024721436,-0.6454941147943103,-1.6662388432809894,-0.8151863987923668,-0.270895899905302,0.3900459660047676
705,-1.456720563882511,-0.9881807114599809,-0.9865392229511731,-0.945545899639108,-0.7051815926192075,-1.0998878170354855,-1.0998878170354855,-0.9165378540363832,-1.114309128919093,-2.0229197628756066,-0.4674256024721436,-0.6454941147943103,-1.6662388432809894,-0.8151863987923668,-0.270895899905302,0.3900459660047676
706,-1.456720563882511,-0.9881807114599809,-0.9865392229511731,-0.945545899639108,-0.7051815926192075,-1.0998878170354855,-1.0998878170354855,-0.9165378540363832,-1.114309128919093,-2.0229197628756066,-0.4674256024721436,-0.6454941147943103,-1.6662388432809894,-0.8151863987923668,-0.270895899905302,0.3900459660047676
707,-0.7604987470959229,1.2200971307529465,-0.9865392229511731,-0.945545899639108,0.938829290259177,-0.9769102679985638,-0.9769102679985638,-0.9165378540363832,0.7210269856072551,-0.022565530884068603,-0.1719113223903052,-0.6454941147943103,-0.2875827211018677,-0.5405541877649584,0.5129838440685955,1.2089124502898498
708,-1.456720563882511,-0.615025344933292,-0.9865392229511731,-0.945545899639108,-0.7051815926192075,-0.8206392527200665,-0.8206392527200665,-0.9165378540363832,0.18414043843157135,-1.6623162760331722,-1.6025188758846418,-0.6454941147943103,-1.4356083433029425,0.04822689283527712,0.4622569890243989,0.7747548653498916
709,1.5587347774811766,1.2200971307529465,1.687368729903335,-0.945545899639108,1.1698872748098534,1.6158191594603613,1.6158191594603613,1.3032340795220538,0.9955046075531125,0.495576647526377,0.05775848753705611,-0.6454941147943103,1.1045061647768344,-0.5405541877649584,0.67213875908977,0.7747548653498916
710,-0.7604987470959229,-0.9210077600278258,-0.9865392229511731,-0.945545899639108,-1.1742168175250518,-1.2876585600202446,-1.2876585600202446,-0.9165378540363832,0.41277381722900136,0.25114267521898975,-1.0305888328483874,-0.6454941147943103,-0.2875827211018677,0.6958635371584947,0.7561576705723414,1.4268278820542832
711,-1.456720563882511,0.08803781002540943,-0.9865392229511731,-0.945545899639108,0.07091381394014236,-1.3093612693914911,-1.3093612693914911,-0.9165378540363832,-1.114309128919093,-1.7088064466520068,0.26757845878404585,-0.6454941147943103,-0.2875827211018677,-0.5405541877649584,-0.7769334178855457,-0.8559229056268083
712,-0.7604987470959229,-0.9210077600278258,-0.9865392229511731,-0.945545899639108,-1.1742168175250518,-1.3079449919625967,-1.3079449919625967,-0.9165378540363832,0.38776271745198637,-0.022565530884068603,-1.0427646334146141,-0.6454941147943103,-0.06957929886794066,0.6828027825536401,0.4209721524851193,1.0489665978152365
713,1.7202505324116648,1.0561984636189716,1.687368729903335,-0.945545899639108,1.1698872748098534,1.6438811858843372,1.6438811858843372,1.3032340795220538,1.7287486026866756,0.495576647526377,1.1606887988541823,1.9075190326351925,1.1045061647768344,-0.5405541877649584,0.7208210014728595,1.2089124502898498
714,-0.7604987470959229,0.604569759419659,-0.9865392229511731,-0.945545899639108,0.3938023539261248,-1.1517663984017403,-1.1517663984017403,1.3032340795220538,0.9742278739887802,1.3125660953657583,-1.0956058611586679,-0.6454941147943103,-1.0676922217778944,0.6958635371584947,0.32662625557011427,0.3900459660047676
715,-1.456720563882511,-1.906091809827755,-0.9865392229511731,-0.945545899639108,-1.710889195583504,-1.1529850118453973,-1.1529850118453973,-0.9165378540363832,0.002924308858120381,-1.4041159214391383,-1.2351955339971215,-0.6454941147943103,-1.6662388432809894,0.04822689283527712,0.8895989489166468,0.7074200262365155
716,-1.456720563882511,0.604569759419659,-0.9865392229511731,-0.945545899639108,0.3938023539261248,-1.1575721971255226,-1.1575721971255226,-0.9165378540363832,-0.05523631353020598,-1.9762150499679865,-1.8101727661559184,-0.6454941147943103,-1.5643518791834434,0.3641854008850189,0.5164688820228253,0.3900459660047676
717,-0.7604987470959229,0.08803781002540943,-0.9865392229511731,-0.945545899639108,0.07091381394014236,-1.290855349091793,-1.290855349091793,0.061328109153576414,-0.04876071302227512,-0.6641949470420486,0.2513759692109353,-0.6454941147943103,-1.1763153347159387,-0.5405541877649584,-0.4959429877475605,-0.6620407782373688
718,-1.456720563882511,-1.906091809827755,-0.9865392229511731,-0.945545899639108,-1.710889195583504,-1.292849005713751,-1.292849005713751,-0.9165378540363832,-1.114309128919093,-1.4814403220631753,-0.6224554981270465,-0.6454941147943103,-1.8105705509827439,-0.25303872544833905,-0.10009654082436768,0.027270401944991318
719,-1.456720563882511,-1.906091809827755,-0.9865392229511731,-0.945545899639108,-1.710889195583504,-1.292849005713751,-1.292849005713751,-0.9165378540363832,-1.114309128919093,-1.4814403220631753,-0.6224554981270465,-0.6454941147943103,-1.8105705509827439,-0.25303872544833905,-0.10009654082436768,0.027270401944991318
720,-0.21001460136047317,-0.9210077600278258,-0.9865392229511731,-0.945545899639108,-1.1742168175250518,-1.3036345712844462,-1.3036345712844462,-0.9165378540363832,-0.139665607532138,-0.6641949470420486,-1.8228517588193833,-0.6454941147943103,-0.2875827211018677,0.6828027825536401,0.11707609974847315,-0.3011321643083781
721,-1.456720563882511,-1.906091809827755,-0.9865392229511731,-0.945545899639108,-1.710889195583504,-1.2931862546753712,-1.2931862546753712,-0.9165378540363832,-1.114309128919093,-1.7088064466520068,-0.9803592956929679,-0.6454941147943103,-1.7805743635178548,-0.25303872544833905,0.010551255151294615,0.30070175285938827
722,-1.456720563882511,-1.906091809827755,-0.9865392229511731,-0.945545899639108,-1.710889195583504,-1.310236996022405,-1.310236996022405,-0.9165378540363832,-0.29650616582482403,-1.7857560840112048,-0.9120499346733041,-0.6454941147943103,-1.7088992099739364,-0.25303872544833905,-0.29496545151801307,0.027270401944991318
723,-1.456720563882511,-1.906091809827755,-0.9865392229511731,-0.945545899639108,-1.710889195583504,-1.2934294746700377,-1.2934294746700377,-0.9165378540363832,-0.360820081150978,-1.84536178779663,-1.083100751662739,-0.6454941147943103,-1.7805743635178548,-0.25303872544833905,0.08798924412621001,0.49760523456718553
724,-1.456720563882511,-1.906091809827755,-0.9865392229511731,-0.945545899639108,-1.710889195583504,-1.309504042812882,-1.309504042812882,-0.9165378540363832,-1.114309128919093,-1.3163284133313318,-0.49672691428813615,-0.6454941147943103,-1.359040129735064,-0.5405541877649584,-0.627310851261916,-0.5237045787247159
725,-0.7604987470959229,-0.615025344933292,-0.9865392229511731,-0.945545899639108,0.3938023539261248,-1.2873778306960508,-1.2873778306960508,1.3032340795220538,-1.114309128919093,0.25114267521898975,1.1606887988541823,1.5179066795565528,1.1045061647768344,-0.8151863987923668,-0.7362837749669828,-0.9768459539623865
726,-0.7604987470959229,-0.615025344933292,-0.9865392229511731,-0.945545899639108,0.3938023539261248,-1.2873778306960508,-1.2873778306960508,1.3032340795220538,-1.114309128919093,0.5615405999256232,1.1606887988541823,1.5179066795565528,-1.359040129735064,-0.8151863987923668,-0.7362837749669828,-0.9768459539623865
727,-0.7604987470959229,-0.9210077600278258,-0.9865392229511731,-0.945545899639108,-1.1742168175250518,-1.316867367609793,-1.316867367609793,0.6491505349930052,0.9735115817035951,1.3125660953657583,-0.30737989088821144,1.5179066795565528,-0.06957929886794066,-0.35407381654550013,0.47459627933170656,1.701553710408074
728,-0.7604987470959229,-0.615025344933292,-0.9865392229511731,-0.945545899639108,0.3938023539261248,-1.2873778306960508,-1.2873778306960508,1.3032340795220538,-1.114309128919093,0.25114267521898975,1.1606887988541823,-0.6454941147943103,1.1045061647768344,-0.8151863987923668,-0.7362837749669828,-0.9768459539623865
729,-0.7604987470959229,-0.615025344933292,-0.9865392229511731,-0.945545899639108,0.3938023539261248,-1.2873778306960508,-1.2873778306960508,1.3032340795220538,-1.114309128919093,0.25114267521898975,1.1606887988541823,-0.6454941147943103,1.1045061647768344,-0.8151863987923668,-0.7362837749669828,-0.9768459539623865
730,-1.456720563882511,-1.906091809827755,-0.9865392229511731,-0.945545899639108,-1.710889195583504,-1.3104192398725993,-1.3104192398725993,-0.9165378540363832,-0.74501936868633,-1.9105130788965494,-1.2797385543253779,-0.6454941147943103,-1.7805743635178548,-0.25303872544833905,-0.14675690896544252,0.3976083529167095
731,-1.456720563882511,-1.906091809827755,-0.9865392229511731,-0.945545899639108,-1.710889195583504,-1.2914752163562269,-1.2914752163562269,-0.9165378540363832,-0.2607740092273018,-1.7497324325796975,-0.8240778039918565,-0.6454941147943103,-1.8105705509827439,-0.5405541877649584,-0.2697627796472498,-0.1417542307702846
732,-1.456720563882511,-0.615025344933292,-0.9865392229511731,-0.945545899639108,-0.7051815926192075,-1.0754529415158744,-1.0754529415158744,-0.9165378540363832,-0.19327388772655021,-1.4041159214391383,-1.7308036814147607,-0.6454941147943103,-1.5037376621087732,-0.25303872544833905,0.3691024205750599,1.2089124502898498
733,1.861271862702533,-0.615025344933292,1.687368729903335,-0.945545899639108,0.07091381394014236,1.669860347821727,1.669860347821727,-0.9165378540363832,1.728748602686545,0.495576647526377,1.1606887988541823,1.9075190326351925,1.1045061647768344,-0.8151863987923668,-0.8716081878981058,-0.8559229056268083
734,-0.7604987470959229,-0.615025344933292,-0.9865392229511731,-0.945545899639108,0.07091381394014236,-1.308103031083779,-1.308103031083779,1.3032340795220538,-1.114309128919093,-0.263894076426943,1.1606887988541823,-0.6454941147943103,-0.06957929886794066,-0.8151863987923668,-0.8716081878981058,-0.8559229056268083
735,-0.7604987470959229,-0.615025344933292,-0.9865392229511731,-0.945545899639108,0.07091381394014236,-1.308103031083779,-1.308103031083779,1.3032340795220538,-1.114309128919093,-0.263894076426943,1.1606887988541823,-0.6454941147943103,-0.06957929886794066,-0.8151863987923668,-0.8716081878981058,-0.8559229056268083
736,-0.7604987470959229,-0.615025344933292,-0.9865392229511731,-0.945545899639108,0.07091381394014236,-1.308103031083779,-1.308103031083779,1.3032340795220538,-1.114309128919093,-0.263894076426943,1.1606887988541823,-0.6454941147943103,0.44993664453200366,-0.8151863987923668,-0.8716081878981058,-0.8559229056268083
737,-0.7604987470959229,-0.615025344933292,-0.9865392229511731,-0.945545899639108,0.07091381394014236,-1.308103031083779,-1.308103031083779,1.3032340795220538,-1.114309128919093,-0.022565530884068603,1.1606887988541823,-0.6454941147943103,-1.5037376621087732,-0.8151863987923668,-0.8716081878981058,-0.8559229056268083
738,-0.7604987470959229,-0.615025344933292,-0.9865392229511731,-0.945545899639108,0.07091381394014236,-1.308103031083779,-1.308103031083779,1.3032340795220538,-1.114309128919093,-0.263894076426943,1.1606887988541823,-0.6454941147943103,-0.06957929886794066,-0.8151863987923668,-0.8716081878981058,-0.8559229056268083
739,-0.7604987470959229,-0.615025344933292,-0.9865392229511731,-0.945545899639108,0.07091381394014236,-1.308103031083779,-1.308103031083779,1.3032340795220538,-1.114309128919093,-0.022565530884068603,1.1606887988541823,-0.6454941147943103,-1.5643518791834434,-0.8151863987923668,-0.8716081878981058,-0.8559229056268083
740,-0.7604987470959229,-1.906091809827755,-0.9865392229511731,-0.945545899639108,-1.710889195583504,-1.3109715718303367,-1.3109715718303367,-0.9165378540363832,-0.6098769653495089,-0.4766498505870418,-0.9324845888672159,-0.6454941147943103,-1.5037376621087732,0.04822689283527712,0.33757009684862166,1.426827882054289
741,-0.7604987470959229,-0.615025344933292,-0.9865392229511731,-0.945545899639108,0.07091381394014236,-1.308103031083779,-1.308103031083779,1.3032340795220538,-1.114309128919093,-0.263894076426943,1.1606887988541823,-0.6454941147943103,0.44993664453200366,-0.8151863987923668,-0.8716081878981058,-0.8559229056268083
742,-0.7604987470959229,-0.9210077600278258,-0.9865392229511731,-0.945545899639108,-1.1742168175250518,-1.3100565301176688,-1.3100565301176688,0.6491505349930052,0.7844633008014112,0.9135074424168484,-1.1266435210844399,-0.6454941147943103,-0.48173879335711606,0.5210863552534883,-0.5428275395700651,-1.284399306652265
743,-0.7604987470959229,-1.906091809827755,-0.9865392229511731,-0.945545899639108,-1.710889195583504,-1.1921278966757247,-1.1921278966757247,-0.9165378540363832,0.14074900379544794,-0.6641949470420486,-1.6145192404297433,-0.6454941147943103,-0.9456648674507478,-0.25303872544833905,-0.12651399336365735,0.3900459660047676
744,-1.456720563882511,-1.906091809827755,-0.9865392229511731,-0.945545899639108,-1.710889195583504,-1.309914373362018,-1.309914373362018,-0.9165378540363832,0.13990108404095408,-1.817461013747113,-1.1875238855562018,-0.6454941147943103,-1.5643518791834434,-0.5405541877649584,-0.2841912166068011,0.30070175285938827
745,-1.456720563882511,-1.906091809827755,-0.9865392229511731,-0.945545899639108,-1.710889195583504,-1.2941054249813464,-1.2941054249813464,-0.9165378540363832,0.2083108541328424,-1.9850007090163986,-1.6440134011515741,-0.6454941147943103,-1.4356083433029425,-0.5405541877649584,0.33031489120068297,1.426827882054289
746,-1.456720563882511,-1.906091809827755,-0.9865392229511731,-0.945545899639108,-1.710889195583504,-1.3118682978774072,-1.3118682978774072,-0.9165378540363832,-0.25218877540300005,-1.9548541382145141,-1.8019255108259478,-0.6454941147943103,-1.1763153347159387,-0.25303872544833905,-0.18489470581064932,0.30070175285938827
747,-1.456720563882511,-1.906091809827755,-0.9865392229511731,-0.945545899639108,-1.710889195583504,-1.3216896817840296,-1.3216896817840296,-0.9165378540363832,-0.7532179195233661,-1.941926884568603,-1.912581460949931,-0.6454941147943103,-0.2875827211018677,-4.3746977997659515,-3.068588897673388,0.3976083529167095
748,-1.456720563882511,-1.906091809827755,-0.9865392229511731,-0.945545899639108,-1.710889195583504,-1.3216899448126922,-1.3216899448126922,-0.9165378540363832,-0.835697387248408,-1.9995106529971542,-2.0497948141214803,-0.6454941147943103,0.7583512194410399,-4.3746977997659515,-3.356459427187985,-0.5237045787247159
