Row,knn,tree,nb,logreg,svm_rbf,rf
1,-0.3014254118845779,0.9202508722484888,0.9400781122759748,-0.378618974724992,0.04458451756375947,-0.1658073379085855
2,0.4568453395784552,0.9202508722484888,0.9407057311853473,-0.4859376176614473,0.7860803768403117,2.024539580531749
3,-0.3014254118845779,0.9202508722484888,-2.19022603465091,3.0310595694944307,-0.42131122033306523,0.47733856760619325
4,-1.3103552681250366,0.9202508722484888,-2.1880255552851464,2.7935458311519525,-1.8830707758262732,-0.3397657087180536
5,-1.3103552681250366,-1.0857636190557711,0.9411002444812163,-0.37387125559698603,-0.25055330895239286,-0.6855759396217159
6,-0.3014254118845779,-1.0857636190557711,0.941100288611895,-0.3742781074321647,-0.25058742353305946,1.0683551163036333
7,-0.3014254118845779,-1.0857636190557711,0.9408408594909329,-0.3200189914954589,1.2264715775560104,0.1255476425325116
8,-1.3103552681250366,-1.0857636190557711,0.9398192551193421,-0.2663632269996756,0.04458451756375947,-1.5909504148421112
9,0.4568453395784552,-1.0857636190557711,-0.797091017733214,-0.5784684383249022,-1.1561701609266413,-0.22386736171749202
10,0.4568453395784552,0.9202508722484888,-0.30048818709972014,0.9028761405083796,2.6574246430612436,1.365855180955361
11,-1.3103552681250366,-1.0857636190557711,-0.7906424030598069,-0.555609080040615,-1.059652786198081,-1.0282519218851285
12,1.087662953297527,0.9202508722484888,0.9410116219268635,-0.053707911039899435,0.3966464406325634,1.6047348591701895
13,-1.3103552681250366,0.9202508722484888,0.9411002422340017,-0.37435576029885803,-0.25054326355733403,-1.0282519218851285
14,-1.3103552681250366,-1.0857636190557711,0.9402962637892502,0.042354955947831036,-0.3907058387347918,-1.5352297885276762
15,-0.3014254118845779,-1.0857636190557711,-0.7835736222274842,-0.39322825161592284,-0.6120762078706771,-0.6281470409629838
16,-0.3014254118845779,0.9202508722484888,-0.1814037183446626,0.3542015368087061,0.04458451756375947,-1.4793760995618335
17,-1.3103552681250366,-1.0857636190557711,0.9410997508306171,-0.37809888784837126,-0.25008741463042256,-1.4793760995618335
18,0.4568453395784552,0.9202508722484888,-0.7980923377770318,-0.5812207367237665,-1.1715618053375472,0.47733856760619325
19,-0.3014254118845779,-1.0857636190557711,-0.9245637978952282,-0.5255472876413118,0.33844394802441913,0.1255476425325116
20,0.4568453395784552,0.9202508722484888,0.9413194161432161,2.0167763909999397,3.6493688691523483,1.365855180955361
21,-0.3014254118845779,0.9202508722484888,-1.346058327294115,-0.5583495792175567,-0.7089397526144271,0.06714017912140277
22,0.4568453395784552,0.9202508722484888,-1.335946841123407,-0.5404991517179197,-0.6844858507596345,-1.1982631893198155
23,-0.3014254118845779,-1.0857636190557711,0.9410984675471182,-0.3685931003434641,-0.24909717956321933,-0.39760110466127285
24,0.4568453395784552,-1.0857636190557711,0.9375766346446738,-0.18110500804096596,0.04458451756375947,1.425503601173361
25,-0.3014254118845779,0.9202508722484888,-0.9991723459353108,1.8377961712366981,-0.5987094382703394,-0.5130365570389603
26,0.4568453395784552,-1.0857636190557711,0.9287980420966847,0.5634150026110512,-3.0473933304098093,0.008799741358641582
27,-0.3014254118845779,-1.0857636190557711,-2.06542552135599,0.3550403260497833,0.3240396927193321,0.1255476425325116
28,-0.3014254118845779,-1.0857636190557711,-0.7563379352016034,-0.41064386156003135,-0.6983933192556828,0.47733856760619325
29,-1.3103552681250366,0.9202508722484888,0.9410676329309615,-0.5375684956676225,0.04458451756375947,-0.6855759396217159
30,-1.3103552681250366,-1.0857636190557711,-0.7781920230894762,-0.4963019770827489,-0.8669119255504676,-0.1658073379085855
31,0.4568453395784552,0.9202508722484888,0.940207957126831,0.8850068511290041,0.6063949227413851,1.4852000706402295
32,0.4568453395784552,0.9202508722484888,-0.9241718887856488,-0.521128663794375,0.3379621291299656,1.1277540823752488
33,0.4568453395784552,0.9202508722484888,-1.2585764413602198,-0.39499321869782905,-0.6638675042433452,1.3062554028072666
34,0.4568453395784552,-1.0857636190557711,-0.625329120835013,-0.5122700554209326,0.04458451756375947,0.6540544190291508
35,-3.9880260353104244,-1.0857636190557711,-1.346068945386614,-0.5587512495038431,-0.7089998116142565,-2.562050701170806
36,-0.3014254118845779,0.9202508722484888,0.9413194161432161,2.96607609475626,3.7454450508540744,-0.6281470409629838
37,-0.3014254118845779,0.9202508722484888,-0.6257283342671763,-0.5177721073664447,0.04458451756375947,0.18402098772817607
38,0.4568453395784552,-1.0857636190557711,-2.19022603465091,2.517781492339334,-1.2492682627480198,0.06714017912140277
39,-0.3014254118845779,0.9202508722484888,0.9410901214968023,-0.30751190354030705,-0.24347976906347313,-0.10767527035781711
40,0.4568453395784552,-1.0857636190557711,-1.3460705030719637,-0.5586763112111175,-0.7090025194500812,0.06714017912140277
41,0.4568453395784552,0.9202508722484888,0.9400664882851757,-0.3616542700251534,0.04458451756375947,0.47733856760619325
42,-1.3103552681250366,0.9202508722484888,0.9411002293583999,-0.3740410385039573,-0.250538180687047,-0.45535859511576954
43,-1.3103552681250366,-1.0857636190557711,-0.7976152536476626,-0.5810285665932267,-1.1642339367462247,-1.085026774625784
44,0.4568453395784552,-1.0857636190557711,0.9411782858163688,-0.18226551065824903,0.04458451756375947,-1.1982631893198155
45,0.4568453395784552,0.9202508722484888,0.9407941920901148,-0.2887631599684481,0.9965089512238889,0.35982545747713135
46,0.4568453395784552,0.9202508722484888,0.9197717087834101,0.5114300263690812,0.04458451756375947,1.1277540823752488
47,-1.3103552681250366,0.9202508722484888,0.940073598007911,-0.3811955309632431,0.04458451756375947,0.1255476425325116
48,0.4568453395784552,0.9202508722484888,0.940843303477993,-0.3220219989362726,1.2393481708737526,-0.04947248508249035
49,0.4568453395784552,0.9202508722484888,0.9408431258248444,-0.32171245484948735,1.238402803374925,0.47733856760619325
50,-0.3014254118845779,-1.0857636190557711,0.9404921562718792,0.052616618874937376,0.04458451756375947,-0.2818539633442571
51,-1.3103552681250366,-1.0857636190557711,0.9411224791932746,0.500835911687395,0.6656321149833981,-1.6465329895724754
52,-0.3014254118845779,-1.0857636190557711,-1.3460642493490602,-0.5587627560068344,-0.7089814123072637,0.3011609440459889
53,-1.3103552681250366,-1.0857636190557711,0.9407065142357889,-0.48501002981502744,0.7853892704652536,-0.8001713437443642
54,0.4568453395784552,0.9202508722484888,-0.7018322841158512,0.15998581532825565,0.04458451756375947,1.0090079987714584
55,1.087662953297527,0.9202508722484888,0.9020216310168617,0.8572250839782196,-0.6369838085203804,0.6540544190291508
56,0.4568453395784552,0.9202508722484888,0.9405167034806277,0.283495081690155,0.04458451756375947,1.78438340955766
57,1.087662953297527,0.9202508722484888,-1.3457050613433894,-0.55140290599887,-0.7071192031981776,1.1872042211803622
58,-0.3014254118845779,0.9202508722484888,-0.619686610662322,-0.4929408976555245,0.04458451756375947,-0.39760110466127285
59,-0.3014254118845779,-1.0857636190557711,0.9400500054729083,-0.3890819285081934,0.04458451756375947,-0.45535859511576954
60,1.6379879339442707,0.9202508722484888,-0.6787014872248077,-0.26270191818062993,0.35092902527798003,1.7244550890229169
61,-3.9880260353104244,0.9202508722484888,0.9339725999924455,-4.328333577004889,1.4185734924591853,-0.2818539633442571
62,-0.3014254118845779,0.9202508722484888,0.9407118472177083,-0.4844897969965733,0.7807244691341882,-0.2818539633442571
63,0.4568453395784552,-1.0857636190557711,0.9411003257107536,-0.37432085753141564,-0.2506191604361686,-0.22386736171749202
64,-1.3103552681250366,0.9202508722484888,-0.9117730712927165,-0.41467420980610437,0.32568438408308137,-0.39760110466127285
65,1.087662953297527,0.9202508722484888,0.9413110025958249,-0.3246892713620999,0.7869327270930406,1.9644350824555499
66,-0.3014254118845779,-1.0857636190557711,0.9410931914903068,-0.3731482390697057,0.04458451756375947,-0.3397657087180536
67,-0.3014254118845779,0.9202508722484888,-0.7781828864787406,-0.371025475766597,-0.6309356750679151,0.5950908413775572
68,0.4568453395784552,0.9202508722484888,0.9413194161432161,2.8914550087387614,0.6373534234587547,-0.2818539633442571
69,0.4568453395784552,0.9202508722484888,0.940082700610823,-0.3820097426361266,0.04458451756375947,0.18402098772817607
70,0.4568453395784552,0.9202508722484888,0.9407082137611972,-0.4826496788429447,0.7838639511025435,0.18402098772817607
71,1.087662953297527,0.9202508722484888,-0.9231168627192052,-0.5055848906847475,0.3366647996295781,2.024539580531749
72,1.087662953297527,0.9202508722484888,-1.1359318382126364,0.2850558165905185,-0.6068203226084935,0.8904721068642943
73,0.4568453395784552,-1.0857636190557711,-0.9061098845940718,2.463697544665046,-3.221737312653144,-0.3397657087180536
74,1.087662953297527,-1.0857636190557711,0.9400783323813443,-0.38003612532591524,0.04458451756375947,0.3011609440459889
75,1.087662953297527,0.9202508722484888,-0.5484192486170822,0.1450666406607432,0.04458451756375947,1.0090079987714584
76,1.087662953297527,0.9202508722484888,-0.5834080143823214,-0.3786359201636721,0.04458451756375947,1.3062554028072666
77,-0.3014254118845779,-1.0857636190557711,0.22527591592655097,0.8728435310758027,0.04458451756375947,-0.6281470409629838
78,0.4568453395784552,0.9202508722484888,0.9400747443120141,-0.3776666035754399,0.04458451756375947,-0.3397657087180536
79,0.4568453395784552,-1.0857636190557711,0.9413194161432161,-0.5559305708925812,2.865923461436848,-0.10767527035781711
80,-0.3014254118845779,0.9202508722484888,-0.7761483718150108,-0.48980774688451045,-0.8466741263494568,-0.1658073379085855
81,-0.3014254118845779,-1.0857636190557711,0.9183093396385378,-0.04639024415097191,0.04458451756375947,-1.5909504148421112
82,-0.3014254118845779,0.9202508722484888,-1.345999219004661,-0.5577093024843753,-0.7086405738441393,-0.22386736171749202
83,1.087662953297527,0.9202508722484888,0.9413110616776664,-0.34074785391360213,0.7893974086036933,1.6645720641070196
84,0.4568453395784552,0.9202508722484888,0.9413110702717692,-0.3428226537028124,0.7898248335016341,1.365855180955361
85,-0.3014254118845779,0.9202508722484888,0.9413110566567994,-0.3351437455641801,0.7892793818908248,0.1255476425325116
86,-0.3014254118845779,0.9202508722484888,-0.9245157904080883,-0.5257911140707198,0.3383879822211525,0.008799741358641582
87,1.087662953297527,0.9202508722484888,0.9400815683100898,-0.381960920752615,0.04458451756375947,0.47733856760619325
88,1.087662953297527,0.9202508722484888,-0.7940304047653263,-0.5722549682788745,-1.109409038471523,1.0090079987714584
89,-1.3103552681250366,-1.0857636190557711,-1.3460707243354388,-0.5588932661382623,-0.709010817774749,-1.0282519218851285
90,-0.3014254118845779,-1.0857636190557711,-0.7546136215241279,-0.4136949930291656,-0.703681070231871,-1.4793760995618335
91,-0.3014254118845779,-1.0857636190557711,-2.19022603465091,2.762919807714435,0.04458451756375947,-0.6855759396217159
92,0.4568453395784552,0.9202508722484888,-1.3460396302854927,-0.5587186961785379,-0.7088557025209085,1.0090079987714584
93,0.4568453395784552,-1.0857636190557711,0.9400645887355148,-0.3622462557924127,0.04458451756375947,0.47733856760619325
94,1.087662953297527,0.9202508722484888,-0.6920290859187554,-0.49389428619147907,0.04458451756375947,1.0090079987714584
95,-0.3014254118845779,0.9202508722484888,-0.9244691968256677,-0.5259153921463375,0.33833238177267827,-0.5130365570389603
96,1.087662953297527,-1.0857636190557711,0.9400475714886671,-0.35881624746969754,0.04458451756375947,0.2425591104588845
97,0.4568453395784552,0.9202508722484888,-0.9216485166543659,-0.4897399863896707,0.3350136496038371,-0.7429180518765376
98,0.4568453395784552,0.9202508722484888,0.9410936714556485,-0.3206063610124535,-0.24579503423206409,-0.04947248508249035
99,0.4568453395784552,0.9202508722484888,0.9408430001542589,-0.3221599042456375,1.2377168294096532,1.544944011271346
100,1.087662953297527,0.9202508722484888,0.9411002607401724,-0.37394165323647127,-0.25056800118914696,0.5361852651889639
101,-0.3014254118845779,-1.0857636190557711,0.9398709450208286,-0.16230505335095594,0.04458451756375947,0.06714017912140277
102,-0.3014254118845779,-1.0857636190557711,-1.3460275592372781,-0.5582535230944138,-0.7087557669071377,0.3011609440459889
103,0.4568453395784552,-1.0857636190557711,-0.7669141547376987,-0.39671307856276106,-0.665913222297384,0.5950908413775572
104,0.4568453395784552,0.9202508722484888,0.9400758601557376,-0.37928201473695,0.04458451756375947,1.365855180955361
105,-0.3014254118845779,-1.0857636190557711,0.23222638065322454,-0.12286957488039468,-3.4916041039467762,1.0090079987714584
106,-0.3014254118845779,-1.0857636190557711,0.9363268532527951,0.3380303293898283,0.04458451756375947,-0.3397657087180536
107,0.4568453395784552,0.9202508722484888,0.9400627360757143,-0.378647341738979,0.04458451756375947,1.0090079987714584
108,0.4568453395784552,-1.0857636190557711,0.9369353264081398,2.2905101761864906,0.04458451756375947,-0.6281470409629838
109,0.4568453395784552,-1.0857636190557711,-1.271053991714656,-0.2743893946989562,-0.6601897083341908,0.1255476425325116
110,-1.3103552681250366,0.9202508722484888,-0.5064048809603685,-0.632135625945421,1.6728735824365142,-1.085026774625784
111,-0.3014254118845779,-1.0857636190557711,0.9413194159497126,0.9441891386601909,-0.3745213229517383,1.0090079987714584
112,-0.3014254118845779,-1.0857636190557711,0.9400833800041604,-0.38259415808209796,0.04458451756375947,-0.7429180518765376
113,1.087662953297527,-1.0857636190557711,-1.345877267543883,-0.5491092247444592,-0.7078121196716761,0.47733856760619325
114,-1.3103552681250366,-1.0857636190557711,-0.6256032849323063,-0.5175026368142309,0.04458451756375947,-1.7019721211105598
115,-1.3103552681250366,-1.0857636190557711,-0.7978402930944151,-0.5808786775035472,-1.1677105682308937,-1.812396157011328
116,-0.3014254118845779,0.9202508722484888,0.9397631536890926,-0.2992096073720732,0.04458451756375947,-0.5706332959327309
117,0.4568453395784552,0.9202508722484888,-0.797722117239232,-0.5797247659403373,-1.1658492593333507,0.2425591104588845
118,-1.3103552681250366,-1.0857636190557711,0.9373714254407127,0.8167980994685101,-2.2664197138324953,-0.3397657087180536
119,0.4568453395784552,-1.0857636190557711,-0.9245711747190657,-0.5261212337783814,0.33845775611413903,0.4185516536288929
120,1.087662953297527,-1.0857636190557711,-1.346054378032085,-0.5582951177293014,-0.7089167528969982,-1.3110613858026874
121,0.4568453395784552,-1.0857636190557711,0.9407726047447984,-0.4629356694232927,0.7241603047540371,1.0683551163036333
122,-0.3014254118845779,-1.0857636190557711,0.941310585425812,-0.293229574555703,0.7744221941328273,-0.6281470409629838
123,-0.3014254118845779,-1.0857636190557711,-0.6257819704899289,-0.5174958131356101,0.04458451756375947,-0.6281470409629838
124,-0.3014254118845779,-1.0857636190557711,-0.6251382876262965,-0.5141446931170451,0.04458451756375947,-0.9713763941300843
125,0.4568453395784552,0.9202508722484888,0.5293184063690327,1.4741221381777891,-3.377897622326928,0.18402098772817607
126,-0.3014254118845779,0.9202508722484888,0.9408413477528708,-0.32033702181017454,1.229152980487738,-0.2818539633442571
127,-0.3014254118845779,-1.0857636190557711,-0.7542410996066283,-0.4136607490261416,-0.7048310087172891,0.47733856760619325
128,1.087662953297527,0.9202508722484888,-0.6521807163206698,0.10026890539976567,0.6087843691672568,2.084686927879153
129,-0.3014254118845779,0.9202508722484888,0.9407640307307739,-0.4657701265449643,0.7324669750129731,-0.6855759396217159
130,0.4568453395784552,0.9202508722484888,-2.19022603465091,3.0772824908951066,0.04458451756375947,0.2425591104588845
131,-0.3014254118845779,0.9202508722484888,0.9410938158062202,-0.333497793182659,-0.24580663628888122,-0.39760110466127285
132,1.087662953297527,-1.0857636190557711,0.9411001805048046,-0.37371644468345483,-0.250496344595963,-0.10767527035781711
133,-3.9880260353104244,-1.0857636190557711,-1.3460559752428414,-0.5585653476549942,-0.7089363123730162,-2.4583533605287458
134,-0.3014254118845779,-1.0857636190557711,-0.9147368041664072,-0.514191228637816,0.328819627426152,-0.22386736171749202
135,0.4568453395784552,0.9202508722484888,-0.7964155851041586,-0.5767455480560476,-1.145870323852686,1.3062554028072666
136,1.087662953297527,0.9202508722484888,0.9407131999807032,-0.48063956828370585,0.7794988327622728,-0.04947248508249035
137,1.087662953297527,0.9202508722484888,-2.19022603465091,-1.8862490406615262,-0.9413351477870887,1.0090079987714584
138,0.4568453395784552,-1.0857636190557711,0.9400823840155865,-0.3837774326519544,0.04458451756375947,-0.5130365570389603
139,-1.3103552681250366,-1.0857636190557711,0.9411002973305894,-0.3742267500141903,-0.25059523298848024,-0.5706332959327309
140,0.4568453395784552,-1.0857636190557711,0.9400831227490641,-0.38238223695767015,0.04458451756375947,0.008799741358641582
141,-1.3103552681250366,0.9202508722484888,0.9392454641658248,2.0811554919569435,0.04458451756375947,-0.5706332959327309
142,0.4568453395784552,-1.0857636190557711,0.9410808384904376,-0.1193176502729121,0.04458451756375947,1.4852000706402295
143,-1.3103552681250366,-1.0857636190557711,-0.3251265938996122,2.72180846598117,-2.0401975574554463,-0.6855759396217159
144,-0.3014254118845779,0.9202508722484888,0.9411003119530905,-0.37431089125032957,-0.2506065650995649,-0.10767527035781711
145,0.4568453395784552,-1.0857636190557711,0.9413110707792038,-0.34310252426850185,0.7898471107192568,0.1255476425325116
146,1.087662953297527,-1.0857636190557711,-1.3456911781243026,-0.5509782404289861,-0.707094004479263,-0.1658073379085855
147,-0.3014254118845779,-1.0857636190557711,0.9400826067771235,-0.38099208250564615,0.04458451756375947,0.35982545747713135
148,-1.3103552681250366,-1.0857636190557711,0.9407194523190214,-0.48762027255229357,0.7741582924804561,-1.7572619637425875
149,0.4568453395784552,0.9202508722484888,0.9410967782164883,-0.3687581955739358,-0.2477346718205077,0.6540544190291508
150,-0.3014254118845779,0.9202508722484888,0.9411003006477449,-0.3742328597576165,-0.25059756422136054,-0.10767527035781711
151,0.4568453395784552,0.9202508722484888,0.9408426892466779,-0.3214797655811994,1.2361469919470605,0.6540544190291508
152,0.4568453395784552,-1.0857636190557711,0.940821157186798,-0.37737924477852697,0.6721037488630235,0.18402098772817607
153,-0.3014254118845779,0.9202508722484888,0.9408324883183016,-0.31495283016682285,1.1839798029008308,0.5950908413775572
154,-0.3014254118845779,-1.0857636190557711,0.9408421696516502,-0.32176251765673225,1.2333556802409202,-1.6465329895724754
155,0.4568453395784552,0.9202508722484888,0.9413109410802466,-0.2819098202264721,0.784958529500213,1.1277540823752488
156,1.087662953297527,-1.0857636190557711,-0.326057861713072,0.32522889610688716,2.5529160657394163,0.7130751475781012
157,-0.3014254118845779,-1.0857636190557711,0.9383682155059249,0.34775668864198717,-0.2459777107241492,-0.10767527035781711
158,-0.3014254118845779,0.9202508722484888,0.941308894321332,-0.05809880185817134,0.758826591386415,-1.085026774625784
159,-0.3014254118845779,0.9202508722484888,0.9410999128581535,-0.37205172162890654,-0.2502812223284456,0.3011609440459889
160,0.4568453395784552,-1.0857636190557711,-0.9738730390032236,0.5980141756854006,0.04458451756375947,0.18402098772817607
161,1.087662953297527,-1.0857636190557711,-1.3460525405639938,-0.5586204262490702,-0.7089330580024398,-0.8573336802163825
162,-1.3103552681250366,-1.0857636190557711,-1.9182976427687768,2.16977511794798,-2.3872117818754623,-1.7019721211105598
163,0.4568453395784552,0.9202508722484888,-0.7555150363748077,-0.41263018052213085,-0.7009164066572297,0.5950908413775572
164,1.087662953297527,0.9202508722484888,-0.8380911807789975,-0.06303059090749824,0.04458451756375947,1.6047348591701895
165,-0.3014254118845779,-1.0857636190557711,-0.7559291701641285,-0.41405676754009313,-0.6995721567164266,-0.3397657087180536
166,0.4568453395784552,0.9202508722484888,0.9413194161410169,2.4681707737857193,-0.27168597596599,-0.3397657087180536
167,1.6379879339442707,0.9202508722484888,0.9411081518103419,-0.30247479147695266,0.04458451756375947,1.9644350824555499
168,-0.3014254118845779,0.9202508722484888,0.9410994668271521,-0.36971447583505507,-0.24989686229012817,-0.8573336802163825
169,0.4568453395784552,0.9202508722484888,0.3483645881479883,0.548867337699038,0.04458451756375947,0.35982545747713135
170,-0.3014254118845779,-1.0857636190557711,0.9407079760388426,-0.4836068765807785,0.7840968218598258,0.008799741358641582
171,-1.3103552681250366,-1.0857636190557711,-0.7961149814376179,-0.5771535262313182,-1.1411590118199466,-2.300170039969408
172,1.087662953297527,-1.0857636190557711,-2.19022603465091,1.4062212115299872,-1.471681148584337,-0.2818539633442571
173,-1.3103552681250366,-1.0857636190557711,0.9411731783767707,0.9826548234535402,0.04458451756375947,-0.7429180518765376
174,0.4568453395784552,0.9202508722484888,0.9387222067703026,0.5474877527828701,-0.23855776106631266,0.2425591104588845
175,0.4568453395784552,0.9202508722484888,0.9407498831513733,-0.4501880573872295,0.745782047439864,0.8312847808508422
176,0.4568453395784552,0.9202508722484888,-0.7565646226934222,-0.41060135570917755,-0.6977540560459753,-0.1658073379085855
177,1.087662953297527,0.9202508722484888,-0.5681560276389837,0.5217054062562179,1.3191133753650381,0.5950908413775572
178,-0.3014254118845779,-1.0857636190557711,0.9413110636927235,-0.3416715355829683,0.7895452242027772,-1.1982631893198155
179,-1.3103552681250366,-1.0857636190557711,0.13595461084044905,1.028800874721632,-1.8301132756120357,-1.5352297885276762
180,0.4568453395784552,-1.0857636190557711,0.6359245619987409,-0.607064434677849,-3.611784807794043,-0.10767527035781711
181,0.4568453395784552,-1.0857636190557711,-0.5450123096634384,0.05283289340965652,0.04458451756375947,1.0683551163036333
182,-0.3014254118845779,-1.0857636190557711,0.9393515166346161,-0.16310484655807012,0.04458451756375947,-1.7572619637425875
183,0.4568453395784552,0.9202508722484888,-0.7540966432824895,-0.4136799515209396,-0.7052767345870953,0.47733856760619325
184,0.4568453395784552,-1.0857636190557711,0.9410996448173626,-0.36363682980651796,-0.25010256472441184,0.35982545747713135
185,1.6379879339442707,-1.0857636190557711,0.9413110266307371,-0.3247176970584485,0.7880736914866247,1.9043739008590634
186,-0.3014254118845779,-1.0857636190557711,-0.7395876554362041,-0.2625734139308741,0.04458451756375947,-1.812396157011328
187,-1.3103552681250366,-1.0857636190557711,0.9389820880749479,-0.08600791397518975,0.04458451756375947,-2.0854633255055695
188,1.087662953297527,0.9202508722484888,-0.9245343133784363,-0.525216615018133,0.3384085562456184,-0.04947248508249035
189,0.4568453395784552,-1.0857636190557711,-1.7340809793612821,-1.3617077326250078,-3.949818001827334,-0.9713763941300843
190,-0.3014254118845779,-1.0857636190557711,-0.8187003433368011,-0.4652864414770408,-0.49259515067804505,-1.6465329895724754
191,1.087662953297527,0.9202508722484888,0.9410979137655365,-0.3608293545690231,-0.24865745058567584,1.8443565136000049
192,0.4568453395784552,-1.0857636190557711,0.9400757418783104,-0.38630940454297286,0.04458451756375947,-0.2818539633442571
193,-0.3014254118845779,0.9202508722484888,-2.190217950669405,2.8356772016084553,0.04458451756375947,0.1255476425325116
194,-1.3103552681250366,-1.0857636190557711,-1.6811465850559946,2.022482969068262,0.5644488745602667,-1.7019721211105598
195,1.087662953297527,0.9202508722484888,0.9408431560626596,-0.3221163949808565,1.2385513265297168,0.18402098772817607
196,-0.3014254118845779,0.9202508722484888,0.9413110548228438,-0.3412276193583147,0.7890517807818523,-0.7429180518765376
197,-1.3103552681250366,0.9202508722484888,-0.4817594251783827,0.1986337265632984,1.8668921692384157,-0.8001713437443642
198,-0.3014254118845779,0.9202508722484888,0.9413194161432161,2.457012837161092,0.04458451756375947,0.47733856760619325
199,-0.3014254118845779,-1.0857636190557711,0.9413110687195874,-0.3425150435675575,0.789737309230979,-0.22386736171749202
200,0.4568453395784552,-1.0857636190557711,0.9411003259649556,-0.37440386765750866,-0.2506184667315236,0.7130751475781012
201,-0.3014254118845779,-1.0857636190557711,-0.7980196855833979,-0.5810215429578912,-1.1704458336334633,-1.4793760995618335
202,-1.3103552681250366,0.9202508722484888,0.9407393937855529,-0.48329773972704504,0.755838175347809,-1.9221691336547924
203,0.4568453395784552,0.9202508722484888,-1.2682075247281823,0.09801783025337217,-0.6262362292260305,0.18402098772817607
204,-1.3103552681250366,0.9202508722484888,0.9413110709887348,-0.3429455382533883,0.7898607134086107,-0.45535859511576954
205,-1.3103552681250366,0.9202508722484888,0.9400825050275244,-0.3832926403820212,0.04458451756375947,-0.5130365570389603
206,0.4568453395784552,0.9202508722484888,-1.3217637298708547,-0.28104273017657694,-0.6603506873438364,0.7721522018338925
207,-0.3014254118845779,0.9202508722484888,0.9413110606848701,-0.34172381129000096,0.7893550627550362,1.0683551163036333
208,0.4568453395784552,-1.0857636190557711,0.9408269411201112,-0.3118989688932854,1.1547494043021351,-0.1658073379085855
209,1.087662953297527,0.9202508722484888,0.9413063067127769,2.7608081085964447,3.7193725860067506,0.7130751475781012
210,-0.3014254118845779,-1.0857636190557711,-0.7743959388229422,-0.3392423128639028,-0.6438449254980234,-0.04947248508249035
211,0.4568453395784552,0.9202508722484888,0.9413194135256019,1.0389541638161297,2.735976351314551,1.3062554028072666
212,0.4568453395784552,0.9202508722484888,0.9413033858744081,0.540692062669339,0.7716664933449964,0.5361852651889639
213,-0.3014254118845779,0.9202508722484888,-1.3400689014087757,-0.39794033869568624,-0.6876761012759183,-0.7429180518765376
214,0.4568453395784552,-1.0857636190557711,0.9408418962053303,-0.3229120257018201,1.2318703886516649,-0.2818539633442571
215,-3.9880260353104244,-1.0857636190557711,0.9400812201972747,-0.38152371327987555,0.04458451756375947,-1.812396157011328
216,0.4568453395784552,-1.0857636190557711,0.940843120331098,-0.322151963020459,1.238354431574015,0.3011609440459889
217,0.4568453395784552,0.9202508722484888,-0.924602751037346,-0.5262285986151463,0.33849614635990266,1.0090079987714584
218,-0.3014254118845779,-1.0857636190557711,0.029703997652304213,0.10142731364897689,0.04458451756375947,-0.3397657087180536
219,-0.3014254118845779,0.9202508722484888,-0.7934901041878666,-0.5729399806237961,-1.102249202922588,0.4185516536288929
220,-0.3014254118845779,-1.0857636190557711,-0.7979138621781426,-0.5805232554876244,-1.168763802954889,-0.6855759396217159
221,0.4568453395784552,0.9202508722484888,-0.9732529062542526,-0.1462713549000637,0.04458451756375947,-1.1416981766484768
222,0.4568453395784552,0.9202508722484888,0.9408851561213063,-0.48650154018043684,0.6002659400009298,-0.8001713437443642
223,-0.3014254118845779,-1.0857636190557711,-0.798005271768514,-0.580915467377448,-1.1702289350216075,-2.562050701170806
224,0.4568453395784552,0.9202508722484888,0.9413110706436969,-0.34284722299208703,0.7898394160237433,0.47733856760619325
225,0.4568453395784552,-1.0857636190557711,-1.325020527988163,-0.5406104929471567,-0.6788788271756306,0.8312847808508422
226,-0.3014254118845779,-1.0857636190557711,0.9413106893529467,-0.2973160504357902,0.7758946334301536,-1.1416981766484768
227,0.4568453395784552,-1.0857636190557711,-0.772377795933774,-0.40106219254394787,-0.6473564728371111,-1.4233939781124463
228,0.4568453395784552,-1.0857636190557711,-0.7314444957159092,-0.4187809193896153,-0.2561170744671278,0.7130751475781012
229,-0.3014254118845779,0.9202508722484888,-0.6257232307404066,-0.5177678220155341,0.04458451756375947,0.008799741358641582
230,0.4568453395784552,0.9202508722484888,-0.7548201836993147,-0.41231875272188717,-0.7030650450759931,-0.45535859511576954
231,-0.3014254118845779,-1.0857636190557711,-0.7568258026726628,-0.41426872144909227,-0.696812494135077,-1.1982631893198155
232,-0.3014254118845779,-1.0857636190557711,-0.7980717883837861,-0.5810795040146042,-1.1712523135570434,-0.3397657087180536
233,-0.3014254118845779,-1.0857636190557711,-0.7961683142061192,-0.5696884641061247,-1.1418590498390655,0.2425591104588845
234,0.4568453395784552,0.9202508722484888,-0.6192478079990317,-0.48115606355430335,0.04458451756375947,1.9043739008590634
235,-1.3103552681250366,-1.0857636190557711,-0.5887922693019652,0.23465235022929035,-3.536174148353084,-1.812396157011328
236,1.087662953297527,-1.0857636190557711,-1.3460664047376814,-0.5586756579121868,-0.7089839449689026,0.6540544190291508
237,0.4568453395784552,0.9202508722484888,-0.5562335904430846,-0.44647723505993764,0.04458451756375947,0.6540544190291508
238,-3.9880260353104244,-1.0857636190557711,-2.19022603465091,-0.5093630437278678,0.5274956414652572,-1.9767918996746083
239,0.4568453395784552,0.9202508722484888,-2.1902021492545614,3.079770012269644,-1.1120550889989351,0.2425591104588845
240,-0.3014254118845779,-1.0857636190557711,-2.1606100625944276,1.705411576237752,-0.5137283464973471,-0.04947248508249035
241,-1.3103552681250366,0.9202508722484888,-0.7975375891204608,-0.5795993307545849,-1.16305166671294,-0.8001713437443642
242,0.4568453395784552,0.9202508722484888,-0.8235785194232127,-0.5841088023062135,0.04458451756375947,0.7721522018338925
243,1.087662953297527,-1.0857636190557711,0.9413189967125306,1.566725103407669,3.761674067287129,0.7721522018338925
244,1.087662953297527,0.9202508722484888,-0.5728689395110772,-0.3645619246937399,0.04458451756375947,0.1255476425325116
245,0.4568453395784552,-1.0857636190557711,-0.8748277333019902,-0.05789993041083369,-0.3119654721426996,-0.39760110466127285
246,-3.9880260353104244,-1.0857636190557711,-0.7949781728039766,-0.5671637249528787,-1.1235679645909429,-2.663902711966571
247,-0.3014254118845779,0.9202508722484888,-0.9193896637947417,-0.4607647019711086,0.33255359003904555,0.06714017912140277
248,-0.3014254118845779,-1.0857636190557711,-0.7902096350785742,-0.5583961440686416,-1.0515889937980274,-1.9767918996746083
249,-0.3014254118845779,-1.0857636190557711,-0.6258223512322298,-0.5178251588474758,0.04458451756375947,-0.3397657087180536
250,0.4568453395784552,0.9202508722484888,0.9408432478385435,-0.3219372147054685,1.2390497140274757,0.7130751475781012
251,1.6379879339442707,-1.0857636190557711,0.9413110651331397,-0.342820451850272,0.7895287419516501,0.008799741358641582
252,-1.3103552681250366,-1.0857636190557711,0.9413110548283472,-0.3447582774544566,0.7888155676220827,-0.45535859511576954
253,-0.3014254118845779,-1.0857636190557711,0.9407055411591446,-0.4860161930867869,0.786249464980831,-0.5130365570389603
254,-0.3014254118845779,0.9202508722484888,0.9400745145526495,-0.3706494494453265,0.04458451756375947,0.35982545747713135
255,-0.3014254118845779,-1.0857636190557711,0.9413194161432161,2.885612762599107,-0.4319248977922411,0.3011609440459889
256,-0.3014254118845779,-1.0857636190557711,0.9409350042634343,-0.780032156714284,0.5367890454824458,-0.3397657087180536
257,1.087662953297527,0.9202508722484888,-0.03625395275708129,0.6170763413029159,3.2265305355523886,1.1872042211803622
258,-0.3014254118845779,-1.0857636190557711,-0.9153242438693823,-0.43295511564033745,0.3285873209326917,0.5361852651889639
259,1.087662953297527,0.9202508722484888,-0.9245342001298206,-0.5256224050946312,0.3384066623477362,-0.22386736171749202
260,-0.3014254118845779,0.9202508722484888,0.9408379668680007,-0.3203488931388527,1.2112997215017278,0.8904721068642943
261,0.4568453395784552,0.9202508722484888,-1.3460491444118352,-0.5582932613944139,-0.7088854790289614,0.3011609440459889
262,-0.3014254118845779,-1.0857636190557711,-1.3457871682589724,-0.5582337167220435,-0.7078601284324584,-0.39760110466127285
263,0.4568453395784552,0.9202508722484888,0.8403889287779511,2.266804329573496,0.04458451756375947,0.7130751475781012
264,0.4568453395784552,-1.0857636190557711,-2.185396979784654,2.81487005382785,-0.9155694006124427,0.6540544190291508
265,-0.3014254118845779,0.9202508722484888,-0.7548516066741154,-0.41190166687977103,-0.7029765144582504,0.06714017912140277
266,0.4568453395784552,0.9202508722484888,-0.7980896425496236,-0.5811559333439719,-1.171526947354028,0.8904721068642943
267,0.4568453395784552,0.9202508722484888,-0.6187559631999187,-0.4816381034128487,0.04458451756375947,1.0683551163036333
268,-0.3014254118845779,-1.0857636190557711,-0.7759196972550371,-0.4719639636261837,-0.8477173647767231,-0.8573336802163825
269,0.4568453395784552,0.9202508722484888,0.5264521059022942,0.1890563632160725,-3.577845541444553,1.544944011271346
270,0.4568453395784552,0.9202508722484888,0.9400788839123584,-0.3788932807969225,0.04458451756375947,1.0683551163036333
271,-0.3014254118845779,0.9202508722484888,-0.6256946464093993,-0.5168238201874228,0.04458451756375947,-0.22386736171749202
272,-0.3014254118845779,-1.0857636190557711,-0.8174083157612096,-0.39495332918416687,-0.5014919470047761,-0.6281470409629838
273,0.4568453395784552,-1.0857636190557711,0.9410987788518755,-0.36758747847956685,-0.24925444821433462,0.1255476425325116
274,0.4568453395784552,-1.0857636190557711,0.941073713604594,-0.30233818211256674,-0.23511742172406877,-0.2818539633442571
275,0.4568453395784552,-1.0857636190557711,0.9413109935362346,-0.32161507770538145,0.7862716691588248,-1.4793760995618335
276,0.4568453395784552,-1.0857636190557711,0.9411000714671902,-0.37304889036469807,-0.25040745961622957,-0.8001713437443642
277,0.4568453395784552,-1.0857636190557711,0.9410613742511632,-0.12817472836285357,0.04458451756375947,-0.45535859511576954
278,1.6379879339442707,0.9202508722484888,-0.5249185997343859,0.06676449611453597,0.04458451756375947,2.5673554618195333
279,-1.3103552681250366,-1.0857636190557711,-1.3451599794759195,-0.5318464891765515,-0.7045499612425911,-1.085026774625784
280,1.087662953297527,0.9202508722484888,0.94084309623901,-0.3214759545159212,1.2382904752376656,1.1277540823752488
281,0.4568453395784552,0.9202508722484888,-2.190226034650895,2.6635100465023043,-0.9922464901639567,1.0090079987714584
282,-0.3014254118845779,0.9202508722484888,0.94131107138398,-0.34350582209407293,0.789864031730657,0.4185516536288929
283,1.6379879339442707,0.9202508722484888,0.9407516126182067,0.26077090716425694,0.04458451756375947,2.2653815458413478
284,-0.3014254118845779,0.9202508722484888,0.9400795469949453,-0.37873919057561684,0.04458451756375947,0.008799741358641582
285,-0.3014254118845779,-1.0857636190557711,0.9407126235896706,-0.4837080876623932,0.7800307620850557,-0.8001713437443642
286,0.4568453395784552,-1.0857636190557711,0.940745364771065,-0.46828394158792175,0.7499907835924621,0.8312847808508422
287,0.4568453395784552,0.9202508722484888,-0.895739767727599,-0.3849217397255469,0.04458451756375947,0.4185516536288929
288,-3.9880260353104244,-1.0857636190557711,-0.7828035833043816,-0.5279650798758506,-0.9388468027392518,-1.9221691336547924
289,0.4568453395784552,0.9202508722484888,0.9411003062708637,-0.3742843273990491,-0.2506013964606572,0.7721522018338925
290,-1.3103552681250366,0.9202508722484888,0.9400520551884366,-0.3642753926323459,0.04458451756375947,-0.45535859511576954
291,-3.9880260353104244,-1.0857636190557711,-0.7726363983858653,0.49596399344432274,0.04458451756375947,-0.5706332959327309
292,-1.3103552681250366,-1.0857636190557711,0.9413194161432161,2.6026288722726085,0.8418642362449832,-1.3672877333034954
293,-0.3014254118845779,0.9202508722484888,-1.3459607244574798,-0.5561974605273179,-0.7084179725228983,-1.1982631893198155
294,0.4568453395784552,0.9202508722484888,0.9411003373494214,-0.3743901586475064,-0.250628045156501,0.7130751475781012
295,-0.3014254118845779,0.9202508722484888,0.9410997219000027,-0.3711806701359145,-0.25012767037690176,-0.45535859511576954
296,0.4568453395784552,0.9202508722484888,-0.9230251837734053,-0.5179705209211954,0.3366817016951998,1.6645720641070196
297,0.4568453395784552,-1.0857636190557711,0.9400768173730449,-0.38282983027867196,0.04458451756375947,-1.9767918996746083
298,-1.3103552681250366,-1.0857636190557711,0.9398266880063919,-0.29453421055829776,0.04458451756375947,-0.3397657087180536
299,0.4568453395784552,0.9202508722484888,0.941311070104003,-0.3427158831628079,0.7898153742763997,1.544944011271346
300,0.4568453395784552,0.9202508722484888,0.9413110695374616,-0.34308719271978044,0.7897786981904888,-0.5130365570389603
301,1.087662953297527,-1.0857636190557711,-1.3454831669839522,-0.5480334795970492,-0.7060307361161501,0.6540544190291508
302,-1.3103552681250366,-1.0857636190557711,0.9407175793138618,-0.48115333086267614,0.7756517104900069,-1.3110613858026874
303,0.4568453395784552,0.9202508722484888,0.9413109375782508,-0.2817574019923967,0.7849356126760187,0.35982545747713135
304,-0.3014254118845779,-1.0857636190557711,-1.8373890598728355,2.716955736630234,-3.2337941874577822,-0.10767527035781711
305,0.4568453395784552,-1.0857636190557711,0.9413194161432161,1.9148928358084938,1.3152829225278697,-1.1982631893198155
306,1.087662953297527,-1.0857636190557711,-0.4977907130537192,0.30964100177752474,0.04458451756375947,2.2653815458413478
307,-0.3014254118845779,-1.0857636190557711,0.9411002096513498,-0.37243599691686996,-0.2505307244013352,0.35982545747713135
308,1.087662953297527,0.9202508722484888,-0.7979791171119629,-0.5809882574864617,-1.1697806535342388,0.4185516536288929
309,0.4568453395784552,0.9202508722484888,-1.3460644314575032,-0.5584390246118897,-0.7089682138419933,0.18402098772817607
310,-0.3014254118845779,-1.0857636190557711,0.1927144320760825,-0.7745727377506233,0.04458451756375947,0.06714017912140277
311,-3.9880260353104244,-1.0857636190557711,-0.8242801604740343,-0.12550776731894717,-0.4845216345289153,-2.4583533605287458
312,0.4568453395784552,0.9202508722484888,-0.6128274723042552,-0.4909186716417028,0.04458451756375947,-0.45535859511576954
313,0.4568453395784552,0.9202508722484888,-0.6205472920309162,-0.47814259832746386,0.04458451756375947,1.1277540823752488
314,-3.9880260353104244,-1.0857636190557711,0.9410983602640238,-0.3675324490245312,-0.24889887136570865,-2.2468594118785408
315,0.4568453395784552,0.9202508722484888,-1.3229572556331228,-0.2874281411050671,-0.6636501702301603,0.5361852651889639
316,0.4568453395784552,0.9202508722484888,0.9410305199833454,-0.46252186538681644,0.04458451756375947,0.5950908413775572
317,-0.3014254118845779,-1.0857636190557711,0.9413110655907744,-0.34286376340056035,0.7895737638225869,-0.22386736171749202
318,0.4568453395784552,0.9202508722484888,-1.3424948616960906,-0.515122862065479,-0.6952224143662425,0.7130751475781012
319,0.4568453395784552,0.9202508722484888,0.9391670951680843,0.2834438502358815,-1.566271821604514,1.3062554028072666
320,1.087662953297527,-1.0857636190557711,0.9410975216405876,-0.35991012883291296,-0.24839141736311043,1.9043739008590634
321,-0.3014254118845779,-1.0857636190557711,-0.798046484244416,-0.5810443083611029,-1.1708623247869985,-0.8001713437443642
322,-0.3014254118845779,-1.0857636190557711,-1.2073925322962356,1.417401203345312,-0.5915316442460355,-0.8573336802163825
323,-0.3014254118845779,-1.0857636190557711,0.851275845460386,0.9421074990772743,0.04458451756375947,-0.45535859511576954
324,-0.3014254118845779,0.9202508722484888,0.9408422212472741,-0.32054733702467025,1.2335959440957331,-0.2818539633442571
325,-1.3103552681250366,0.9202508722484888,-0.625691516539594,-0.5171983096976911,0.04458451756375947,-1.085026774625784
326,1.087662953297527,-1.0857636190557711,-0.09346914988332296,0.789926829481528,0.04458451756375947,0.3011609440459889
327,-1.3103552681250366,-1.0857636190557711,-0.6239385077304368,-0.5135188565646887,0.04458451756375947,-2.1932936811509274
328,-0.3014254118845779,-1.0857636190557711,0.9413110708305593,-0.34297677536105825,0.7898544754806922,-1.085026774625784
329,-1.3103552681250366,-1.0857636190557711,0.9407197863376053,-0.483942861525377,0.7737582265377452,-1.9221691336547924
330,0.4568453395784552,-1.0857636190557711,-2.1902260334632278,2.810789602305328,-1.2016851493137546,-0.5706332959327309
331,-0.3014254118845779,-1.0857636190557711,0.940057426295985,-0.37328496243887627,0.04458451756375947,-0.5706332959327309
332,0.4568453395784552,-1.0857636190557711,-0.7842192287541038,-0.5528838185359982,-0.9625290039412252,-2.405942738954097
333,0.4568453395784552,-1.0857636190557711,0.9276623573708923,1.3700261328578316,0.3539453023073589,1.544944011271346
334,-3.9880260353104244,-1.0857636190557711,-0.8245933242883743,-0.17056261039804876,-0.48407677689476636,-2.405942738954097
335,0.4568453395784552,0.9202508722484888,-0.7790784662400484,-0.39084180347689906,-0.6258697107519349,0.949713424288454
336,-0.3014254118845779,-1.0857636190557711,0.9413106249283005,-0.2997688019951499,0.7754434682888057,-0.6855759396217159
337,-0.3014254118845779,-1.0857636190557711,0.9407961965641135,-0.4701483984861111,0.6998770851575098,-0.9713763941300843
338,0.4568453395784552,-1.0857636190557711,-0.8681461577908528,-0.34456228191941024,0.04458451756375947,1.544944011271346
339,-1.3103552681250366,-1.0857636190557711,0.9368532503080704,0.07800920470258842,0.04458451756375947,-0.8001713437443642
340,1.087662953297527,-1.0857636190557711,0.6620003483435407,2.0804203991124512,-0.8674405972124242,0.4185516536288929
341,-1.3103552681250366,-1.0857636190557711,-0.8442774780288623,-0.31133179164630975,-0.411568620381925,-0.6855759396217159
342,-3.9880260353104244,-1.0857636190557711,0.9408253768869448,-0.31755245080443123,1.1468526290117351,-2.3532056319870183
343,-1.3103552681250366,0.9202508722484888,0.9409198229998899,-0.4616616652588849,0.04458451756375947,-1.4233939781124463
344,1.6379879339442707,0.9202508722484888,0.9408036930503177,-0.3792854735906089,0.6904136094806907,1.1277540823752488
345,0.4568453395784552,0.9202508722484888,-0.7978954455125056,-0.5796138702315571,-1.168522543369255,0.2425591104588845
346,0.4568453395784552,0.9202508722484888,-0.8866142676201306,1.6263677393907485,0.04458451756375947,1.425503601173361
347,-0.3014254118845779,0.9202508722484888,0.9410917406632883,-0.39059606368365624,-0.2439374200032405,0.4185516536288929
348,0.4568453395784552,-1.0857636190557711,-0.9245458783916932,-0.5254949076497306,0.3384203180892747,0.008799741358641582
349,0.4568453395784552,-1.0857636190557711,-1.3453630412691402,-0.5496473205295351,-0.7055730432415379,0.3011609440459889
350,-3.9880260353104244,-1.0857636190557711,-0.6256468771103852,-0.5169677513332301,0.04458451756375947,-0.8001713437443642
351,1.087662953297527,-1.0857636190557711,-1.4168698345091426,1.9630427040943998,-1.2739522539678243,0.8904721068642943
352,-0.3014254118845779,-1.0857636190557711,-2.19022603465091,2.244873105476588,0.5262519255411814,-1.1416981766484768
353,-0.3014254118845779,-1.0857636190557711,0.9407260551314756,-0.47651886970794627,0.7679137305242794,-2.1394900079870434
354,-0.3014254118845779,0.9202508722484888,-0.9142112641461538,-0.4810890498492728,0.3278262696751699,0.1255476425325116
355,1.087662953297527,0.9202508722484888,-0.9245994400712988,-0.5266254676692944,0.33849612691572034,-0.1658073379085855
356,0.4568453395784552,0.9202508722484888,0.9410286683308505,-0.33926832636796767,0.36733926796775435,0.2425591104588845
357,0.4568453395784552,0.9202508722484888,0.9413106946077664,-0.3088886372926083,0.7757431177421577,-0.10767527035781711
358,-0.3014254118845779,-1.0857636190557711,-1.3457533454940638,-0.5510617079856037,-0.7074248843978596,0.1255476425325116
359,1.087662953297527,0.9202508722484888,-0.8898646016187541,-0.23540231958847285,0.04458451756375947,0.18402098772817607
360,-0.3014254118845779,-1.0857636190557711,0.9410938631383867,-0.3582929144582947,-0.24576566215182435,-0.5130365570389603
361,0.4568453395784552,0.9202508722484888,0.941302369914166,-0.3442172152369584,0.7434032047792288,0.8312847808508422
362,-1.3103552681250366,-1.0857636190557711,-1.3372206398930895,-0.4572247824811606,-0.6874443697458865,-1.1416981766484768
363,1.087662953297527,-1.0857636190557711,-1.3460677028212087,-0.5586397432070429,-0.7089918020534827,-0.5706332959327309
364,-1.3103552681250366,-1.0857636190557711,0.940081233588808,-0.3811145515325429,0.04458451756375947,-1.5352297885276762
365,-0.3014254118845779,0.9202508722484888,0.9413194161432161,2.530812973462971,1.9638000726726046,0.3011609440459889
366,0.4568453395784552,0.9202508722484888,0.9144749735309302,1.1982495605227135,0.04458451756375947,1.4852000706402295
367,-1.3103552681250366,0.9202508722484888,-2.19022603465091,3.0449539758738,0.04458451756375947,-0.5130365570389603
368,0.4568453395784552,0.9202508722484888,0.9400824124783851,-0.38233938659367617,0.04458451756375947,1.0683551163036333
369,0.4568453395784552,-1.0857636190557711,-0.6751695961084455,-0.08256426427477807,0.04458451756375947,-1.1982631893198155
370,-0.3014254118845779,-1.0857636190557711,-0.7543207388606832,-0.41381773824569235,-0.7045729712359818,0.2425591104588845
371,0.4568453395784552,0.9202508722484888,-1.0682468898323032,0.7042808896161912,-0.5771402835534897,0.18402098772817607
372,1.087662953297527,0.9202508722484888,0.9413110673396188,-0.3436183781618043,0.7896185316809439,0.06714017912140277
373,-0.3014254118845779,-1.0857636190557711,0.9413194161432161,2.0343079353691067,1.437303662850815,-1.4793760995618335
374,-1.3103552681250366,-1.0857636190557711,-1.3460555173999025,-0.558478075523348,-0.7089414455178459,-1.7572619637425875
375,-0.3014254118845779,-1.0857636190557711,-0.7958765008994292,-0.5738396590707583,-1.1377452468651326,-0.2818539633442571
376,-0.3014254118845779,0.9202508722484888,0.9407322603459759,-0.20821658946162613,0.7386412486081628,-0.10767527035781711
377,-0.3014254118845779,0.9202508722484888,-0.8727518918059272,-0.152834933010134,-0.31220915030753943,-0.3397657087180536
378,1.087662953297527,0.9202508722484888,0.9412977029506254,1.4260600496073161,3.5420143474910444,0.6540544190291508
379,0.4568453395784552,-1.0857636190557711,0.9400832982186716,-0.3824630190685323,0.04458451756375947,1.544944011271346
380,-1.3103552681250366,-1.0857636190557711,-0.6250836688593508,-0.5171324059519087,0.04458451756375947,-1.0282519218851285
381,-1.3103552681250366,0.9202508722484888,0.9413109087945754,-0.32253703046208043,0.7827027567290545,-0.914402817450021
382,0.4568453395784552,-1.0857636190557711,-0.754277516615078,-0.4138179000172264,-0.7047089810744515,-0.04947248508249035
383,-0.3014254118845779,-1.0857636190557711,0.9398314645221548,0.6728912314770954,-0.23588695363124135,-1.3672877333034954
384,-0.3014254118845779,-1.0857636190557711,0.9412415411746543,0.2816000400823458,0.7399564759794081,-0.39760110466127285
385,1.087662953297527,-1.0857636190557711,-0.5370962270839267,-0.010228615421069205,0.04458451756375947,1.8443565136000049
386,0.4568453395784552,0.9202508722484888,0.9413194161432161,-0.6652761613783406,-0.6099423806463063,1.544944011271346
387,-0.3014254118845779,0.9202508722484888,-0.6258222820820726,-0.5177350245847544,0.04458451756375947,0.008799741358641582
388,-0.3014254118845779,-1.0857636190557711,0.9413194161432161,3.02167544470725,0.04458451756375947,0.008799741358641582
389,-1.3103552681250366,0.9202508722484888,0.9413194161432161,2.592282008123938,3.484547051316478,0.1255476425325116
390,0.4568453395784552,0.9202508722484888,0.9400802791997771,-0.38081542080888015,0.04458451756375947,0.3011609440459889
391,-0.3014254118845779,0.9202508722484888,0.9411486947028181,0.6326802887172266,0.6529786927773763,-0.5130365570389603
392,1.6379879339442707,0.9202508722484888,0.9408344652533751,-0.3172351682991129,1.194328173128348,2.325695819047933
393,-0.3014254118845779,0.9202508722484888,0.9400062590635544,-0.35400886689942657,0.04458451756375947,-1.085026774625784
394,1.087662953297527,0.9202508722484888,0.9408423170468099,-0.32108515550301464,1.2342070549705082,0.5950908413775572
395,-0.3014254118845779,-1.0857636190557711,0.9407767369316098,-0.31256182244396646,0.9171053770350971,-0.5130365570389603
396,-0.3014254118845779,0.9202508722484888,0.9413194161432161,2.8221368168576726,1.5712729138796553,1.1872042211803622
397,0.4568453395784552,0.9202508722484888,-0.625602094518005,-0.5161522223657024,0.04458451756375947,0.5950908413775572
398,-0.3014254118845779,0.9202508722484888,-0.8142127876698277,-0.4002102552206552,-0.5113184084269156,-0.04947248508249035
399,-1.3103552681250366,0.9202508722484888,0.9400678089019441,-0.37293940284824045,0.04458451756375947,-0.45535859511576954
400,0.4568453395784552,0.9202508722484888,0.9408355463691326,-0.33636839200873664,1.1982673317883512,1.9043739008590634
401,-0.3014254118845779,-1.0857636190557711,0.9408398221269645,-0.32020676389459196,1.2210009494618839,-1.085026774625784
402,0.4568453395784552,0.9202508722484888,-0.48283426666338797,0.044917015341125584,0.04458451756375947,1.1872042211803622
403,1.087662953297527,0.9202508722484888,0.9388379488685108,1.296360762858726,0.04458451756375947,1.1277540823752488
404,0.4568453395784552,0.9202508722484888,-0.5770410568326076,-0.46880724477307006,0.04458451756375947,-0.22386736171749202
405,0.4568453395784552,-1.0857636190557711,-0.5781958789668691,0.0618712133669022,0.04458451756375947,0.8904721068642943
406,1.087662953297527,-1.0857636190557711,0.9400479982004469,-0.36761487883967653,0.04458451756375947,0.3011609440459889
407,1.6379879339442707,0.9202508722484888,0.9413110700662184,-0.34269629622680653,0.7898143384584861,1.78438340955766
408,1.6379879339442707,0.9202508722484888,-1.3455077685131664,-0.5285917219804426,-0.7056806900660582,1.1872042211803622
409,-1.3103552681250366,-1.0857636190557711,-0.7573418943170321,-0.4770580951345292,-0.5800515806609633,-1.6465329895724754
410,-1.3103552681250366,0.9202508722484888,-0.7977509442553875,-0.5789507241835982,-1.166204745747801,-0.10767527035781711
411,-0.3014254118845779,-1.0857636190557711,0.9412995950973222,-0.10781718071317607,0.7592690213839649,-1.9767918996746083
412,-0.3014254118845779,-1.0857636190557711,0.941173504151179,-0.3403129309893944,0.04458451756375947,-1.4233939781124463
413,-3.9880260353104244,-1.0857636190557711,0.9407064704002358,-0.4854887239929092,0.7854321340718772,-1.1982631893198155
414,-3.9880260353104244,-1.0857636190557711,0.1594303821645797,1.3187745571352414,-1.93392599778298,-1.5352297885276762
415,-1.3103552681250366,-1.0857636190557711,0.9413194161432161,1.4842510728041873,0.04458451756375947,-0.1658073379085855
416,1.087662953297527,0.9202508722484888,-0.7794392158707955,-0.38406451597139457,-0.6258485425052631,1.1277540823752488
417,-0.3014254118845779,0.9202508722484888,-0.5923950810688318,-0.4196168152805251,0.04458451756375947,-0.8573336802163825
418,-0.3014254118845779,-1.0857636190557711,-0.45390316391029734,0.970885196863305,-0.38110635301505724,-0.9713763941300843
419,-0.3014254118845779,-1.0857636190557711,-0.623097753498483,-0.4933878004733053,0.04458451756375947,0.2425591104588845
420,0.4568453395784552,0.9202508722484888,-0.33295299648522775,0.02424482934024307,0.04458451756375947,0.4185516536288929
421,0.4568453395784552,0.9202508722484888,-0.7541460252918883,-0.41342525187409,-0.7051309439024076,0.06714017912140277
422,-0.3014254118845779,-1.0857636190557711,0.9407091511834481,-0.4854363057385753,0.7830641002966209,-1.085026774625784
423,0.4568453395784552,0.9202508722484888,-0.7942374556403673,-0.5754443861779788,-1.112908610273479,-0.04947248508249035
424,0.4568453395784552,0.9202508722484888,0.9407114112271338,-0.4830550477156592,0.7810745985331902,-0.2818539633442571
425,0.4568453395784552,-1.0857636190557711,0.9413194161432161,2.5730925587952496,0.04458451756375947,-1.3110613858026874
426,0.4568453395784552,-1.0857636190557711,0.9410979000370517,-0.3608377716266863,-0.24870577049035003,0.8312847808508422
427,0.4568453395784552,0.9202508722484888,-0.8960312207212985,-0.44245517038549065,0.04458451756375947,0.6540544190291508
428,-1.3103552681250366,-1.0857636190557711,-0.796260832443593,-0.5772534679190902,-1.1428947006834407,-1.1416981766484768
429,0.4568453395784552,-1.0857636190557711,-1.34582403741331,-0.553225907723495,-0.707820717955504,0.4185516536288929
430,-1.3103552681250366,0.9202508722484888,0.9408108519265707,-0.30293753139910407,1.0753954944147708,-1.0282519218851285
431,0.4568453395784552,0.9202508722484888,-0.9218081381765963,-0.5001233438116266,0.3351228103670999,0.4185516536288929
432,-3.9880260353104244,-1.0857636190557711,0.9369833833320161,0.04542694836883568,-2.332878762059176,-0.22386736171749202
433,-0.3014254118845779,-1.0857636190557711,-0.8174519857343195,-0.324512102066811,0.04458451756375947,0.3011609440459889
434,-0.3014254118845779,-1.0857636190557711,0.9413110708774841,-0.3431472257943495,0.7898469452383868,-1.2547186961226275
435,-1.3103552681250366,0.9202508722484888,0.9410124768314775,-0.2858562812362145,0.04458451756375947,-1.4233939781124463
436,-0.3014254118845779,0.9202508722484888,0.9413184864064531,2.51246238186529,-0.5840948228486551,1.0090079987714584
437,-0.3014254118845779,-1.0857636190557711,0.940079916303509,-0.37983899347012196,0.04458451756375947,-0.914402817450021
438,0.4568453395784552,0.9202508722484888,0.9411002686470756,-0.3735398838860585,-0.250572984779427,1.1277540823752488
439,0.4568453395784552,0.9202508722484888,0.9404878232388275,-0.04093881921777133,0.04458451756375947,0.1255476425325116
440,0.4568453395784552,0.9202508722484888,-0.7638890639467648,-0.4594476552873871,-0.679976815848774,0.4185516536288929
441,-1.3103552681250366,0.9202508722484888,-0.5953495857913693,-0.2050448302414001,0.04458451756375947,-0.10767527035781711
442,-0.3014254118845779,0.9202508722484888,-0.7659071628063103,-0.3979899642909935,-0.6688307226937542,-0.39760110466127285
443,-0.3014254118845779,-1.0857636190557711,0.9410996587252279,-0.372441286119071,-0.25002515022284605,-0.3397657087180536
444,-1.3103552681250366,0.9202508722484888,-1.3459985744171323,-0.557845043117786,-0.7086368988980213,-0.5130365570389603
445,1.087662953297527,0.9202508722484888,-0.48344726102041763,1.2708727103441526,-1.3305908968785511,0.4185516536288929
446,1.087662953297527,0.9202508722484888,0.9413110699816005,-0.34265491544108895,0.789820375321447,1.7244550890229169
447,-1.3103552681250366,-1.0857636190557711,-0.7541341856196723,-0.413813144488985,-0.7051589623837637,-1.812396157011328
448,-0.3014254118845779,0.9202508722484888,-0.9815643851135697,0.03755056473131733,0.04458451756375947,1.246704874863637
449,0.4568453395784552,-1.0857636190557711,-0.5352508651323525,-0.8996155735657532,1.4955471656036041,-0.39760110466127285
450,-1.3103552681250366,-1.0857636190557711,0.9410186476904498,1.0014809569630871,0.6501843395772999,-0.04947248508249035
451,1.087662953297527,0.9202508722484888,-0.8028061710968096,1.5959093531803523,-0.25034992399068495,1.544944011271346
452,-0.3014254118845779,0.9202508722484888,-0.8932359022079073,-0.3694422193367784,0.04458451756375947,0.008799741358641582
453,0.4568453395784552,-1.0857636190557711,0.9400635330050355,-0.3689931531683095,0.04458451756375947,0.06714017912140277
454,1.087662953297527,0.9202508722484888,0.9322216663025308,0.31265674594902615,-0.24033826294864732,1.6047348591701895
455,0.4568453395784552,0.9202508722484888,-0.6258084978958259,-0.5178226755647102,0.04458451756375947,-0.22386736171749202
456,-1.3103552681250366,0.9202508722484888,0.53122959222457,1.9505845901944818,0.04458451756375947,-0.5706332959327309
457,0.4568453395784552,-1.0857636190557711,-0.9682703454023504,-0.06441239986490128,0.04458451756375947,-0.2818539633442571
458,0.4568453395784552,0.9202508722484888,0.44039528136354583,-0.5865227298467944,0.04458451756375947,0.5361852651889639
459,0.4568453395784552,0.9202508722484888,0.33650914906441554,1.0649640194070553,0.04458451756375947,2.1448766675827633
460,1.087662953297527,0.9202508722484888,-2.19022603465091,3.073289547046077,0.04458451756375947,0.4185516536288929
461,0.4568453395784552,-1.0857636190557711,0.941280419092022,1.2414139076349529,3.2840889207015644,0.06714017912140277
462,0.4568453395784552,-1.0857636190557711,0.9408421575502262,-0.32085687337055985,1.2332533042821252,-0.7429180518765376
463,-0.3014254118845779,0.9202508722484888,-0.4334899006328599,0.33272598467743814,0.04458451756375947,0.06714017912140277
464,0.4568453395784552,-1.0857636190557711,-2.19022603465091,1.5675856302238746,-1.825441094515421,-0.9713763941300843
465,-1.3103552681250366,-1.0857636190557711,0.9413029740613098,-0.21467344544854455,0.7510099559245568,-0.10767527035781711
466,-1.3103552681250366,0.9202508722484888,-0.45183245794456683,-0.4648903911598394,0.04458451756375947,-0.914402817450021
467,1.087662953297527,0.9202508722484888,-0.40528110400238465,1.074206544896696,0.04458451756375947,1.425503601173361
468,0.4568453395784552,-1.0857636190557711,-0.9143196508715492,-0.4250019081905211,0.3277074276525463,-0.2818539633442571
469,1.087662953297527,0.9202508722484888,-0.609203210616053,-0.4718213512640393,0.04458451756375947,-0.22386736171749202
470,-1.3103552681250366,-1.0857636190557711,0.9400621270277336,-0.27612514150887774,0.04458451756375947,-1.4793760995618335
471,-0.3014254118845779,-1.0857636190557711,-0.5921227450527334,-0.3685633225816179,0.04458451756375947,-0.5130365570389603
472,-3.9880260353104244,-1.0857636190557711,-0.9567656791765351,-0.3337606209822494,0.04458451756375947,-1.3672877333034954
473,0.4568453395784552,-1.0857636190557711,0.9400761045326462,-0.375466966846788,0.04458451756375947,0.47733856760619325
474,0.4568453395784552,0.9202508722484888,-0.7547154281174522,-0.4126280025360375,-0.7033738424363797,0.18402098772817607
475,1.087662953297527,-1.0857636190557711,-1.3456959656516094,-0.5491839487994994,-0.7070561430932714,0.7130751475781012
476,-0.3014254118845779,-1.0857636190557711,-0.7977988125641938,-0.5800033142164545,-1.1670509525397728,0.2425591104588845
477,-3.9880260353104244,-1.0857636190557711,0.9413110264803931,-0.34096429857664273,0.787572025483381,-0.3397657087180536
478,1.087662953297527,-1.0857636190557711,-0.6220326925103619,-0.47629852306706816,0.04458451756375947,0.18402098772817607
479,-0.3014254118845779,0.9202508722484888,-1.309320167565416,-0.43334374010346594,-0.6626180786390456,1.246704874863637
480,-1.3103552681250366,-1.0857636190557711,-0.754314028262981,-0.41378773647370576,-0.7046041848426537,-0.914402817450021
481,0.4568453395784552,-1.0857636190557711,-0.4799442786048183,-0.37380431710261397,0.04458451756375947,-0.22386736171749202
482,1.6379879339442707,0.9202508722484888,-0.764000137447135,-0.3816853799285777,-0.6751443458916335,1.6645720641070196
483,-1.3103552681250366,0.9202508722484888,-0.9681029644330438,0.4558763204101791,0.04458451756375947,-0.5130365570389603
484,0.4568453395784552,0.9202508722484888,0.940841812815296,-0.3207550126294546,1.2314947728576666,1.0090079987714584
485,-0.3014254118845779,0.9202508722484888,0.9384917169092558,-0.047650577705812165,-1.9150726903892272,0.8904721068642943
486,0.4568453395784552,-1.0857636190557711,0.9413100714140935,-0.1482596228999785,0.7693532422493136,1.425503601173361
487,-0.3014254118845779,0.9202508722484888,0.9413109492200187,-0.3252008564804079,0.7844214065715477,-1.1982631893198155
488,-0.3014254118845779,-1.0857636190557711,-0.9763933457953828,-0.052051387232582985,0.04458451756375947,0.008799741358641582
489,-0.3014254118845779,0.9202508722484888,0.9407950031537098,-0.2805385069848108,0.9971513272338361,0.8312847808508422
490,-1.3103552681250366,0.9202508722484888,-0.7980224301524332,-0.5807342061673552,-1.1704674811789022,-1.1982631893198155
491,-3.9880260353104244,-1.0857636190557711,-1.2426009528985649,-0.9634053235291465,0.5661700517972915,-2.1394900079870434
492,0.4568453395784552,0.9202508722484888,-0.9221213305428559,-0.49176593104878,0.33550307663360796,-0.2818539633442571
493,1.087662953297527,0.9202508722484888,-0.7803164217616414,-0.5391037760622855,-0.906561693992647,0.7130751475781012
494,0.4568453395784552,0.9202508722484888,0.9410992699448142,-0.3711271269065758,-0.24973811742864943,1.6645720641070196
495,0.4568453395784552,0.9202508722484888,0.9413194161425511,2.3115030450676417,0.5626632840775974,0.2425591104588845
496,0.4568453395784552,-1.0857636190557711,-0.8646135735379772,-0.23379523857046106,0.04458451756375947,1.0683551163036333
497,-0.3014254118845779,0.9202508722484888,-0.12782330272337852,0.9152121226378067,0.04458451756375947,-0.1658073379085855
498,-1.3103552681250366,0.9202508722484888,0.9410970987353338,-0.3297822274082034,-0.2481899793748541,0.35982545747713135
499,-0.3014254118845779,0.9202508722484888,-0.2626051610358772,1.0330903910347442,-3.378398507223488,-0.5130365570389603
500,1.087662953297527,0.9202508722484888,-0.6254908495811429,-0.5172686782474105,0.04458451756375947,1.7244550890229169
501,0.4568453395784552,-1.0857636190557711,0.9413110702969856,-0.342845076911311,0.7898356317905921,0.8312847808508422
502,-3.9880260353104244,-1.0857636190557711,-2.19022603465091,-0.6430270854259524,0.46820759609568846,-1.9767918996746083
503,0.4568453395784552,0.9202508722484888,-0.596608203829516,-0.4630501086846614,0.04458451756375947,-0.3397657087180536
504,-0.3014254118845779,-1.0857636190557711,-0.9209927773678264,-0.4762449936831749,0.33412824008703257,-0.10767527035781711
505,0.4568453395784552,0.9202508722484888,-1.3457103017338894,-0.5502011074797071,-0.7071309079347856,-0.3397657087180536
506,1.6379879339442707,0.9202508722484888,0.9407063247146035,-0.4854862053319002,0.7855583384427882,0.7130751475781012
507,-0.3014254118845779,0.9202508722484888,-0.6136782865537371,-0.4978330065469835,0.04458451756375947,0.47733856760619325
508,-0.3014254118845779,0.9202508722484888,0.941099153826888,-0.3704999805952208,-0.2496541998811985,-1.1982631893198155
509,1.087662953297527,0.9202508722484888,-0.7575115665473026,-0.40900810311527347,-0.6947360896061757,1.3062554028072666
510,1.6379879339442707,0.9202508722484888,0.9407987529736296,-0.2790605228848904,1.0173476036813578,1.544944011271346
511,1.087662953297527,0.9202508722484888,-1.3430691534697294,-0.5192320145539727,-0.6969849890984235,0.3011609440459889
512,1.087662953297527,0.9202508722484888,0.9410999395616209,-0.37296312381532687,-0.25030544415542527,0.1255476425325116
513,-0.3014254118845779,-1.0857636190557711,0.9407077395298348,-0.4839467140224047,0.7842941803896342,-0.6855759396217159
514,1.087662953297527,0.9202508722484888,-1.345686436036481,-0.556800165365983,-0.707309322837263,1.6047348591701895
515,-3.9880260353104244,-1.0857636190557711,-0.7980083150779603,-0.5807786227124939,-1.1702041577249747,-2.1394900079870434
516,0.4568453395784552,0.9202508722484888,0.9413110697423848,-0.34280471962621545,0.7898034013619828,0.5950908413775572
517,-0.3014254118845779,0.9202508722484888,-1.3336338011449604,-0.24406232127322877,-0.670840217910113,-0.3397657087180536
518,1.087662953297527,0.9202508722484888,0.9413110319995489,-0.33047404857264046,0.7880253674150317,1.8443565136000049
519,0.4568453395784552,-1.0857636190557711,0.9413110661505891,-0.3424499886721568,0.7896496823744399,-0.1658073379085855
520,-0.3014254118845779,0.9202508722484888,-0.9161552161446991,-0.4460880485715425,0.32934434825304426,-0.10767527035781711
521,-0.3014254118845779,0.9202508722484888,-2.1893550839149216,1.9533751709882108,-0.5275967474381449,-0.45535859511576954
522,-1.3103552681250366,-1.0857636190557711,0.9177107225738144,0.5203998509921367,-3.287959681177823,-0.5130365570389603
523,1.087662953297527,0.9202508722484888,0.9413110402992722,-0.3377719610082461,0.7885515869037332,0.8904721068642943
524,0.4568453395784552,0.9202508722484888,0.9400548360187216,-0.366856129116227,0.04458451756375947,-0.914402817450021
525,1.087662953297527,-1.0857636190557711,0.9401654706496101,1.9889226803958673,3.0503913287351914,1.6645720641070196
526,0.4568453395784552,0.9202508722484888,-0.9199717359764228,-0.5118503528616203,0.33336719973816764,0.35982545747713135
527,-1.3103552681250366,0.9202508722484888,-0.9089038575482298,-0.3865638993788288,0.32356132076954564,-0.8573336802163825
528,-0.3014254118845779,0.9202508722484888,0.9413110098305785,-0.3209834246814488,0.7875334849931339,-0.04947248508249035
529,-0.3014254118845779,0.9202508722484888,-0.10909984244764516,-1.212754499420182,2.9936163855882176,-0.1658073379085855
530,0.4568453395784552,-1.0857636190557711,0.941171273243788,-0.07954783425639649,0.04458451756375947,-1.1416981766484768
531,-0.3014254118845779,0.9202508722484888,-0.7726395019708548,-0.4966977150177194,-0.8023534242480777,-0.9713763941300843
532,0.4568453395784552,0.9202508722484888,-0.767483542846292,-0.5069197871344989,-0.7192400103754766,0.8904721068642943
533,0.4568453395784552,0.9202508722484888,0.9407533069521639,-0.4619480295547659,0.7426755144664732,0.1255476425325116
534,1.6379879339442707,0.9202508722484888,0.941098723300258,-0.3670451072864217,-0.24934003542707117,2.325695819047933
535,0.4568453395784552,-1.0857636190557711,-0.9243152946923313,-0.5233823726990505,0.33813461763890446,0.6540544190291508
536,-1.3103552681250366,-1.0857636190557711,0.9408101660678829,-0.23491851186179075,1.0734431130452318,0.06714017912140277
537,-0.3014254118845779,-1.0857636190557711,0.9407167539444566,-0.4782955675603208,0.7763868572966083,0.1255476425325116
538,-1.3103552681250366,-1.0857636190557711,0.9411004597800572,1.159329439212056,0.6766517182775891,-0.1658073379085855
539,-0.3014254118845779,0.9202508722484888,0.9413110129395819,-0.3396936020449884,0.7869674378272846,-0.45535859511576954
540,-0.3014254118845779,-1.0857636190557711,0.9400765108952495,-0.3753301322591759,0.04458451756375947,0.18402098772817607
541,-0.3014254118845779,-1.0857636190557711,-0.6252127616485442,-0.5170495054089097,0.04458451756375947,-0.3397657087180536
542,0.4568453395784552,0.9202508722484888,0.9413193658251283,1.9896723968067238,3.0782723907222374,0.8312847808508422
543,-1.3103552681250366,0.9202508722484888,-0.7977375755204323,-0.5801211026980808,-1.1659403152028034,-0.7429180518765376
544,0.4568453395784552,-1.0857636190557711,0.9411428049938796,-0.7578766800598143,0.04458451756375947,-0.8573336802163825
545,1.087662953297527,-1.0857636190557711,0.9411541196608235,-0.0076143848715081956,0.04458451756375947,0.3011609440459889
546,-0.3014254118845779,-1.0857636190557711,-1.3460071591156206,-0.5573302319357716,-0.7086787021627907,0.3011609440459889
547,-1.3103552681250366,-1.0857636190557711,0.9410997839612686,-0.3743233564848263,-0.2501498074116598,-2.0854633255055695
548,-1.3103552681250366,-1.0857636190557711,0.9411003194488767,-0.37418097594072536,-0.25061474082333374,-0.5706332959327309
549,-0.3014254118845779,-1.0857636190557711,0.939490076252079,-0.15859524752718657,0.04458451756375947,-1.9221691336547924
550,-1.3103552681250366,-1.0857636190557711,-0.8211991469145382,-0.347619567245767,-0.4899457576108872,-1.3672877333034954
551,-0.3014254118845779,-1.0857636190557711,-1.9814674529501706,-12.704165934632249,0.04458451756375947,-0.3397657087180536
552,1.6379879339442707,0.9202508722484888,0.9413194102074183,2.9580265793499456,-0.553172238040125,1.1277540823752488
553,-0.3014254118845779,-1.0857636190557711,-0.8307933315595617,-0.3612427201422033,-0.4562464341211634,-2.1932936811509274
554,-1.3103552681250366,-1.0857636190557711,0.9410668713947158,-0.21408183650702028,0.04458451756375947,0.06714017912140277
555,1.087662953297527,0.9202508722484888,0.7984287822302392,0.45183422318410243,0.04458451756375947,1.6047348591701895
556,0.4568453395784552,0.9202508722484888,0.9399537840643006,-0.2528869894984141,0.04458451756375947,1.425503601173361
557,1.087662953297527,0.9202508722484888,0.9399348050289312,-0.33861675111340434,0.04458451756375947,-0.04947248508249035
558,0.4568453395784552,0.9202508722484888,-0.9240105367050813,-0.522144153628605,0.33777970753798464,0.3011609440459889
559,-0.3014254118845779,0.9202508722484888,0.9407325451053599,-0.4769907854590248,0.762220354273835,1.6047348591701895
560,-1.3103552681250366,-1.0857636190557711,0.489528742296447,2.264498300560356,-0.931817595292384,0.06714017912140277
561,-0.3014254118845779,-1.0857636190557711,-1.3460541614197545,-0.558508277998003,-0.7089241804415182,-2.1394900079870434
562,-0.3014254118845779,-1.0857636190557711,0.9410998505131346,-0.37364566737371474,-0.25023057454240755,0.2425591104588845
563,-0.3014254118845779,-1.0857636190557711,0.941311027503845,-0.3397260490625995,0.787564657199828,0.008799741358641582
564,-0.3014254118845779,-1.0857636190557711,-0.7547309712412981,-0.4121337134140227,-0.7033320488820787,0.2425591104588845
565,-1.3103552681250366,0.9202508722484888,0.9400773488706573,-0.3835202743011526,0.04458451756375947,-1.812396157011328
566,-1.3103552681250366,-1.0857636190557711,-1.3374846821904434,-0.4673827794975541,-0.681704553438383,-0.8573336802163825
567,-0.3014254118845779,-1.0857636190557711,-0.7545887752873757,-0.4128442291946409,-0.7037720463983205,-1.085026774625784
568,-0.3014254118845779,0.9202508722484888,0.9413110401439987,-0.3389034905603833,0.788391841415122,-0.8573336802163825
569,-0.3014254118845779,-1.0857636190557711,0.4947480086176001,0.9994952913318369,-0.9320410985286204,0.8312847808508422
570,1.087662953297527,0.9202508722484888,0.9410108300388376,1.1978358186081592,2.9952569211671562,1.1872042211803622
571,-0.3014254118845779,-1.0857636190557711,0.9403600634197893,-0.08508883477967814,-0.2942620863441145,-2.405942738954097
572,0.4568453395784552,-1.0857636190557711,-0.38483629645440437,0.29015714025366346,2.3339783116390533,-0.22386736171749202
573,1.6379879339442707,0.9202508722484888,0.9409548777163038,2.26809185752421,3.2229692667740615,2.024539580531749
574,0.4568453395784552,-1.0857636190557711,-0.6251425369597595,-0.5113571869455238,0.04458451756375947,-0.2818539633442571
575,-1.3103552681250366,-1.0857636190557711,0.9410997668135869,-0.3738157184165534,-0.2501523890866094,-2.031226750695228
576,-0.3014254118845779,0.9202508722484888,-0.9240627628508434,-0.5203185420967604,0.33782459116590224,-0.45535859511576954
577,0.4568453395784552,0.9202508722484888,-0.7540892078182605,-0.4138260131721835,-0.7052971640048786,0.2425591104588845
578,-1.3103552681250366,0.9202508722484888,0.9408725515056404,-0.37418807983863384,0.6132153328952221,-0.6281470409629838
579,1.087662953297527,0.9202508722484888,0.9413194161432161,3.046721277638571,-0.34054848741576554,1.4852000706402295
580,0.4568453395784552,-1.0857636190557711,0.9413106003104256,-0.2263921042765401,0.7763529118805911,-0.1658073379085855
581,0.4568453395784552,0.9202508722484888,0.9410915466369502,-0.3720392134466884,-0.2441374644707034,0.2425591104588845
582,-0.3014254118845779,-1.0857636190557711,-2.160889770075184,1.68096204810789,-1.3812611347164638,-0.5130365570389603
583,0.4568453395784552,0.9202508722484888,-0.9244688680457671,-0.5241077432712363,0.33832648515547664,1.0683551163036333
584,-0.3014254118845779,0.9202508722484888,0.9407366209591038,-0.4796484095712288,0.7581546411223566,-1.3110613858026874
585,1.087662953297527,-1.0857636190557711,0.9411001951476657,-0.37441649042900604,-0.2505073479823714,-0.10767527035781711
586,0.4568453395784552,0.9202508722484888,-0.7978911755685989,-0.5804956647896299,-1.1683525060810873,0.06714017912140277
587,-1.3103552681250366,-1.0857636190557711,-0.9246155752718032,-0.5263396258795838,0.3385121588909189,-1.1416981766484768
588,0.4568453395784552,-1.0857636190557711,0.9407438549278976,-0.4809961773594077,0.7519402200669044,0.6540544190291508
589,-0.3014254118845779,-1.0857636190557711,0.9408422280494579,-0.3220416440751541,1.2335414502179263,-1.085026774625784
590,1.087662953297527,0.9202508722484888,0.9408219133974461,-0.3101722779088542,1.1294542644223933,1.425503601173361
591,0.4568453395784552,0.9202508722484888,0.9413194161432161,2.8833098675804476,-0.2668769568687648,0.2425591104588845
592,1.6379879339442707,0.9202508722484888,0.9410886757427587,-0.1395079635941163,0.04458451756375947,2.2653815458413478
593,-0.3014254118845779,-1.0857636190557711,0.9400332047260682,-0.3657809207488818,0.04458451756375947,-0.8573336802163825
594,1.087662953297527,0.9202508722484888,-0.8508967243853831,-0.34927237733765604,0.04458451756375947,2.024539580531749
595,-0.3014254118845779,0.9202508722484888,-0.7980289110052229,-0.5811306729580371,-1.1705814799900265,-0.8001713437443642
596,0.4568453395784552,-1.0857636190557711,0.9391539667235735,0.2329091896323457,-1.5395480293701933,0.8904721068642943
597,-0.3014254118845779,0.9202508722484888,0.9400772939941976,-0.3766159956722599,0.04458451756375947,-0.5706332959327309
598,-1.3103552681250366,0.9202508722484888,0.9413110638034644,-0.3407061415892475,0.7895446638178786,-0.5130365570389603
599,0.4568453395784552,-1.0857636190557711,0.9408432724254102,-0.3220133001911351,1.2391667447797856,-0.8001713437443642
600,1.087662953297527,0.9202508722484888,-0.5442524946227748,-0.26954942888537253,0.04458451756375947,1.0090079987714584
601,-0.3014254118845779,0.9202508722484888,0.9407138105814035,-0.4828266812342204,0.7789291144935284,-0.7429180518765376
602,-0.3014254118845779,0.9202508722484888,0.9396417602278104,-0.12295747709055728,0.04458451756375947,0.1255476425325116
603,1.087662953297527,0.9202508722484888,0.9413110673183395,-0.3421800524075899,0.7896803332745583,0.8312847808508422
604,0.4568453395784552,0.9202508722484888,0.9400827758454313,-0.3825444187543811,0.04458451756375947,-1.3110613858026874
605,-0.3014254118845779,0.9202508722484888,0.9400833711994158,-0.3825638741399897,0.04458451756375947,-0.5706332959327309
606,0.4568453395784552,-1.0857636190557711,0.9410990923889072,-0.37744578882669044,-0.2496131173385587,-0.22386736171749202
607,0.4568453395784552,0.9202508722484888,0.9407124169589351,-0.4846582978962198,0.7802451307081196,-0.3397657087180536
608,1.087662953297527,0.9202508722484888,0.9413110451448682,-0.3318842637312943,0.7884223685739596,0.8312847808508422
609,1.087662953297527,0.9202508722484888,0.9408376280460365,-0.3135069804242533,1.2093765739154398,1.8443565136000049
610,-1.3103552681250366,-1.0857636190557711,0.9407188031175903,-0.48164093131340474,0.7744968217928198,-1.5909504148421112
611,1.6379879339442707,0.9202508722484888,-0.5309663246759498,-0.2576575560114019,0.04458451756375947,2.325695819047933
612,-0.3014254118845779,0.9202508722484888,0.9387568009478909,0.14389776254008693,0.04458451756375947,-0.5130365570389603
613,1.087662953297527,0.9202508722484888,0.9407955115562172,-0.30491064697220593,1.0025847098285634,1.425503601173361
614,-0.3014254118845779,-1.0857636190557711,0.9408873160582998,0.5705149587267814,0.570251083131856,0.008799741358641582
615,0.4568453395784552,-1.0857636190557711,0.9407485729831644,-0.3232110859946887,0.7997288716448465,0.06714017912140277
616,1.087662953297527,-1.0857636190557711,0.94072010999789,-0.4801255297678392,0.7732874565815554,0.47733856760619325
617,0.4568453395784552,0.9202508722484888,0.9408407883141848,-0.31985369041730605,1.2259988005475488,-0.6281470409629838
618,1.087662953297527,0.9202508722484888,-0.8938685260885976,-0.3177814953365814,0.04458451756375947,0.47733856760619325
619,0.4568453395784552,0.9202508722484888,0.9413194161432161,3.0747038232322503,0.61704045560694,1.246704874863637
620,-0.3014254118845779,-1.0857636190557711,-0.6149264300752093,-0.45336449758245134,0.04458451756375947,1.0683551163036333
621,0.4568453395784552,-1.0857636190557711,-1.3306728792945137,-0.3906726631675729,-0.6694480174757801,0.3011609440459889
622,-0.3014254118845779,-1.0857636190557711,0.9407123781202239,-0.47763369821914486,0.7800964855408469,0.008799741358641582
623,-1.3103552681250366,0.9202508722484888,-0.7544716154020746,-0.4135448934501499,-0.7041239489515876,-0.5130365570389603
624,-0.3014254118845779,0.9202508722484888,0.941311069077708,-0.34298757655699835,0.7897547694970376,-0.39760110466127285
625,-0.3014254118845779,-1.0857636190557711,-0.7980937757504808,-0.5810618736305916,-1.1715920419690182,-0.9713763941300843
626,0.4568453395784552,-1.0857636190557711,0.940755549670889,-0.4561593059893536,0.7401667873668994,0.1255476425325116
627,0.4568453395784552,0.9202508722484888,0.9400833604415143,-0.38261322271736964,0.04458451756375947,-0.22386736171749202
628,0.4568453395784552,-1.0857636190557711,-0.9214153705967149,-0.5014320308708444,0.33478830014378713,-1.0282519218851285
629,-0.3014254118845779,0.9202508722484888,0.9413110707870675,-0.34327104590342983,0.7898429320771879,-0.9713763941300843
630,-1.3103552681250366,-1.0857636190557711,0.9411003306780581,-0.37432918519681163,-0.25062309081143014,-0.8573336802163825
631,0.4568453395784552,0.9202508722484888,-0.924373846932014,-0.5255686059197935,0.33822089680852424,-0.2818539633442571
632,-0.3014254118845779,-1.0857636190557711,-0.7938755894901807,-0.32422818482052723,-0.5800943426029281,-0.6281470409629838
633,0.4568453395784552,0.9202508722484888,-2.1841987243261616,2.7655820607299506,0.04458451756375947,0.7721522018338925
634,0.4568453395784552,0.9202508722484888,-0.6232252203787012,-0.4894485000830246,0.04458451756375947,0.5361852651889639
635,-0.3014254118845779,-1.0857636190557711,-0.7762140320587586,-0.4846004479216761,-0.8485078717570596,-0.22386736171749202
636,1.087662953297527,0.9202508722484888,0.8961763819357501,2.022803117458571,0.04458451756375947,0.18402098772817607
637,1.087662953297527,-1.0857636190557711,-1.3441343601581872,-0.5453030198913538,-0.7021129920127999,-0.2818539633442571
638,0.4568453395784552,-1.0857636190557711,0.9398436341550976,-0.3322358020200871,0.04458451756375947,-0.04947248508249035
639,0.4568453395784552,0.9202508722484888,0.9410430208124418,-0.19368056401833106,0.04458451756375947,0.18402098772817607
640,-0.3014254118845779,0.9202508722484888,0.940052682632142,-0.35176296554382364,0.04458451756375947,0.2425591104588845
641,-1.3103552681250366,-1.0857636190557711,-0.8639980669182028,-0.33726510634788026,-0.34067728104870926,-1.5909504148421112
642,-0.3014254118845779,0.9202508722484888,-0.40499223155162306,0.47510195649345355,0.04458451756375947,0.1255476425325116
643,1.087662953297527,0.9202508722484888,0.9413110359749391,2.1605002166272933,3.769390481503224,0.7130751475781012
644,1.087662953297527,0.9202508722484888,-0.6244580599733809,-0.5107111865365582,0.04458451756375947,0.7721522018338925
645,-0.3014254118845779,0.9202508722484888,-1.8983586555306566,1.5593728978805166,-0.5085437515020163,-0.04947248508249035
646,0.4568453395784552,-1.0857636190557711,0.9408403469962601,-0.32054597200279084,1.2236983899835607,-0.1658073379085855
647,1.087662953297527,0.9202508722484888,-0.9231170988976009,-0.5284064458920105,0.33678788402426274,1.9644350824555499
648,1.087662953297527,-1.0857636190557711,-0.3278155920689719,0.3503067644239936,0.04458451756375947,-0.8573336802163825
649,0.4568453395784552,-1.0857636190557711,0.9413110418925641,-0.3336548018358503,0.7885307434317759,-0.914402817450021
650,-0.3014254118845779,-1.0857636190557711,0.4638394328008726,0.11898397370282948,0.04458451756375947,0.008799741358641582
651,-0.3014254118845779,0.9202508722484888,-1.150390492834801,0.7747187645812474,-3.408756206506662,-0.7429180518765376
652,-0.3014254118845779,-1.0857636190557711,0.9413110683436634,-0.342235825865012,0.7897332190260058,0.2425591104588845
653,1.087662953297527,0.9202508722484888,-1.2763129543542435,-0.25207280501265117,-0.6461643094307136,0.949713424288454
654,-0.3014254118845779,-1.0857636190557711,-0.24975679038841697,0.5656725759578763,0.04458451756375947,0.2425591104588845
655,0.4568453395784552,0.9202508722484888,-0.8152930190859774,2.039124205169389,0.3874018155647568,-0.1658073379085855
656,-1.3103552681250366,0.9202508722484888,0.18403770942858097,1.3736704591881255,0.04458451756375947,-0.39760110466127285
657,0.4568453395784552,0.9202508722484888,0.940822930933208,-0.14464586005866084,0.04458451756375947,-0.04947248508249035
658,0.4568453395784552,0.9202508722484888,0.9413192371587651,1.2929693187526077,3.3089567183266846,0.18402098772817607
659,-1.3103552681250366,-1.0857636190557711,0.9408432531175449,-0.3219055152228203,1.2390887580094092,-0.2818539633442571
660,1.6379879339442707,0.9202508722484888,0.9411435266465618,0.005092580588077777,0.04458451756375947,1.1872042211803622
661,-0.3014254118845779,0.9202508722484888,-2.19022603465091,2.584810738704888,0.04458451756375947,-0.9713763941300843
662,1.087662953297527,0.9202508722484888,-0.7118163205167353,-0.4091393709536554,0.04458451756375947,1.246704874863637
663,1.087662953297527,0.9202508722484888,0.9189170286676237,0.24659293824289943,0.04458451756375947,1.246704874863637
664,0.4568453395784552,0.9202508722484888,-0.9203918910506644,-0.5191607627055437,0.3338617043900011,1.6047348591701895
665,0.4568453395784552,0.9202508722484888,0.94131047448474,-0.2709663469452455,0.771572462005307,-0.8001713437443642
666,-3.9880260353104244,-1.0857636190557711,-0.5873649316045119,-0.17446796447660132,-2.83968116197815,-2.1932936811509274
667,0.4568453395784552,0.9202508722484888,0.940985888726551,-0.41491876567594616,0.44978867619668655,1.0090079987714584
668,0.4568453395784552,-1.0857636190557711,-0.754176626613977,-0.4138896508142862,-0.7050265781981662,-0.2818539633442571
669,1.087662953297527,0.9202508722484888,-1.341337150035245,-0.5236320072791631,-0.6949399279511405,0.35982545747713135
670,0.4568453395784552,0.9202508722484888,-2.1681647057684272,1.2211623930574882,0.04458451756375947,0.5361852651889639
671,0.4568453395784552,-1.0857636190557711,-1.34606661042773,-0.5586315820056839,-0.7089856119293474,0.7130751475781012
672,-0.3014254118845779,0.9202508722484888,-0.897548106415112,-0.4467716642458901,0.04458451756375947,-0.04947248508249035
673,1.087662953297527,0.9202508722484888,0.8104817745886751,0.48855957428908964,0.04458451756375947,1.0683551163036333
674,-0.3014254118845779,-1.0857636190557711,-0.766193056545918,-0.3896870750774516,-0.6684930610146584,-0.04947248508249035
675,-0.3014254118845779,0.9202508722484888,-0.7543976665846486,-0.4141169138185681,-0.704331556899083,-0.2818539633442571
676,1.087662953297527,0.9202508722484888,0.8645254922506871,1.463451123439201,-0.6494869784909839,1.0090079987714584
677,-0.3014254118845779,0.9202508722484888,-1.34602869208022,-0.5575979354317532,-0.7087785986901739,0.3011609440459889
678,-1.3103552681250366,-1.0857636190557711,-0.7699319825240459,0.09533004375653127,0.04458451756375947,-1.5352297885276762
679,0.4568453395784552,-1.0857636190557711,0.9413194161432161,1.5544568889018815,3.5322911748657306,0.4185516536288929
680,-1.3103552681250366,-1.0857636190557711,0.9371692323275321,-0.04608015251991263,0.04458451756375947,-1.1416981766484768
681,-0.3014254118845779,0.9202508722484888,0.9413108597281806,-0.2630757909044328,0.7834597953123538,1.246704874863637
682,0.4568453395784552,-1.0857636190557711,0.9408432044226874,-0.3216347593139782,1.238809896534372,0.06714017912140277
683,0.4568453395784552,0.9202508722484888,0.9412986011075434,0.23621028533824048,0.751194180641563,1.425503601173361
684,0.4568453395784552,0.9202508722484888,-0.9245996278893018,-0.5262514123225716,0.33849231285105824,1.1872042211803622
685,1.087662953297527,-1.0857636190557711,-0.9243755430037989,-0.5263309301234748,0.33822080881540223,-0.5130365570389603
686,-1.3103552681250366,-1.0857636190557711,0.5139289746118582,0.4379860908433687,0.04458451756375947,-1.0282519218851285
687,1.087662953297527,-1.0857636190557711,0.940082983095412,-0.38210441276880946,0.04458451756375947,0.47733856760619325
688,-0.3014254118845779,-1.0857636190557711,0.9372916580944292,0.3347883816962555,0.04458451756375947,-0.6281470409629838
689,-1.3103552681250366,-1.0857636190557711,0.941100315944957,-0.3741614104571937,-0.25061084249498733,-1.3672877333034954
690,0.4568453395784552,-1.0857636190557711,-0.7978552243192372,-0.580233637342275,-1.1679437441376053,-1.2547186961226275
691,0.4568453395784552,-1.0857636190557711,-0.8941619743286473,-0.5423186403446335,0.04458451756375947,-0.3397657087180536
692,0.4568453395784552,0.9202508722484888,-0.6258074218504414,-0.5176463030981365,0.04458451756375947,-0.04947248508249035
693,1.6379879339442707,0.9202508722484888,0.9407209314333533,-0.4831550949029418,0.7726820354761467,0.949713424288454
694,0.4568453395784552,0.9202508722484888,-0.9693492317721752,0.0812936489222114,0.04458451756375947,-0.04947248508249035
695,0.4568453395784552,0.9202508722484888,0.9413194161432161,2.5204397891475203,0.7433019453451903,1.4852000706402295
696,0.4568453395784552,0.9202508722484888,-0.9134401630240763,-0.42043568537870835,0.3268972169333204,0.5950908413775572
697,1.087662953297527,0.9202508722484888,0.941310943740702,-0.3117100027447757,0.7848057101363768,0.7130751475781012
698,-0.3014254118845779,0.9202508722484888,-0.6086852590019705,-0.44592497799406483,0.04458451756375947,-1.085026774625784
699,1.087662953297527,0.9202508722484888,0.9408430670100371,-0.3218178698515229,1.2380701081901435,1.1277540823752488
700,0.4568453395784552,0.9202508722484888,-0.9856910500742844,-0.18721759152609532,0.04458451756375947,1.246704874863637
701,-0.3014254118845779,0.9202508722484888,0.9399929467069281,-0.38591339222274895,0.04458451756375947,0.2425591104588845
702,1.087662953297527,-1.0857636190557711,0.941289830356504,1.853293314108187,3.6777330826950605,1.365855180955361
703,0.4568453395784552,-1.0857636190557711,0.9408366129537198,-0.31485710838089565,1.2055700349182898,0.06714017912140277
704,-1.3103552681250366,-1.0857636190557711,0.9400812038205759,-0.3806147545006544,0.04458451756375947,-0.7429180518765376
705,1.087662953297527,0.9202508722484888,0.9143585975415578,1.9410421966706246,0.04458451756375947,1.3062554028072666
706,-0.3014254118845779,-1.0857636190557711,-2.19022603465091,3.0793721041436326,0.6349005610748397,-0.5706332959327309
707,-0.3014254118845779,0.9202508722484888,-0.6257942200878146,-0.5175597217700361,0.04458451756375947,-2.031226750695228
708,0.4568453395784552,-1.0857636190557711,0.9378373925551652,1.9718820070786727,0.04458451756375947,1.0683551163036333
709,-0.3014254118845779,-1.0857636190557711,0.9368751016732114,0.6375524957545261,-2.3585517371647646,0.8904721068642943
710,-1.3103552681250366,-1.0857636190557711,-0.9938009296231904,-0.3212298711372643,0.04458451756375947,-1.3110613858026874
711,-0.3014254118845779,-1.0857636190557711,-0.039547714831712294,0.8522092825013193,0.4814811723177232,-0.5130365570389603
712,-0.3014254118845779,-1.0857636190557711,-2.146654837977873,1.4042901549385627,-2.36644780695678,-0.5130365570389603
713,0.4568453395784552,-1.0857636190557711,0.9399479503191711,1.9749520975725041,0.4238379392748729,-0.6855759396217159
714,1.087662953297527,0.9202508722484888,-0.6219899963710314,-0.49961222364364377,0.04458451756375947,0.8904721068642943
715,0.4568453395784552,0.9202508722484888,-0.6254600672701979,-0.5159736453759358,0.04458451756375947,1.7244550890229169
716,-0.3014254118845779,0.9202508722484888,-0.7542553061316077,-0.4139825708461347,-0.7047779338532204,-0.1658073379085855
717,0.4568453395784552,-1.0857636190557711,0.9407841638999644,-0.42633871256729544,0.7115438416197981,-0.45535859511576954
718,1.087662953297527,0.9202508722484888,0.9407312977069553,-0.3046300039447348,0.7342111284468468,0.8904721068642943
719,-1.3103552681250366,0.9202508722484888,0.9400829357675482,-0.38253262810031224,0.04458451756375947,-0.5130365570389603
720,1.087662953297527,-1.0857636190557711,0.9411002820361665,-0.37414120751466684,-0.2505824953915546,0.7721522018338925
721,1.087662953297527,-1.0857636190557711,0.9408270617747436,-0.28831609361588934,1.1561331723181658,0.06714017912140277
722,-0.3014254118845779,-1.0857636190557711,0.9407107650343796,-0.4879330530109344,0.7817492857603298,-1.5352297885276762
723,0.4568453395784552,-1.0857636190557711,-1.3460706995817673,-0.5586222580253851,-0.7090048682149668,-0.3397657087180536
724,0.4568453395784552,-1.0857636190557711,0.9408431083438433,-0.32185308794195944,1.2382966247258975,0.5950908413775572
725,1.087662953297527,0.9202508722484888,-0.8364745701079915,-0.007945451600789336,-0.44779169384267664,1.3062554028072666
726,0.4568453395784552,-1.0857636190557711,0.9410497747132787,-0.2719554140622596,0.04458451756375947,-0.6855759396217159
727,-1.3103552681250366,0.9202508722484888,0.19587522745060795,-1.9638247200172236,-2.0619870954626487,-1.3110613858026874
728,-0.3014254118845779,-1.0857636190557711,0.9213831925289955,1.912257232492437,0.04458451756375947,-1.812396157011328
729,-1.3103552681250366,-1.0857636190557711,0.9413096797683388,-0.181035163262857,0.7633161355969581,-1.812396157011328
730,-0.3014254118845779,-1.0857636190557711,-1.3230813361637082,-0.3322061597579023,-0.6579364933652563,0.35982545747713135
731,0.4568453395784552,0.9202508722484888,0.7382672819885442,1.8777518248930019,0.04458451756375947,-0.8001713437443642
732,-1.3103552681250366,-1.0857636190557711,-0.9226436120459189,-0.5055036607141683,0.336090063309258,-1.0282519218851285
733,0.4568453395784552,0.9202508722484888,-0.6258258495386531,-0.5177136683508194,0.04458451756375947,0.6540544190291508
734,-0.3014254118845779,0.9202508722484888,-1.3460701732827516,-0.5587267424141142,-0.7090074759521311,0.1255476425325116
735,0.4568453395784552,0.9202508722484888,0.9407131504495476,-0.49103004349741347,0.7797368031378344,-0.22386736171749202
736,-0.3014254118845779,0.9202508722484888,-0.6204443156805535,-0.49376387059544435,0.04458451756375947,0.06714017912140277
737,1.087662953297527,-1.0857636190557711,0.9413105196623742,-0.23836776714852934,0.7752379382686091,-0.39760110466127285
738,-1.3103552681250366,-1.0857636190557711,0.7957411996151673,2.0284139002768833,0.04458451756375947,-1.9767918996746083
739,-1.3103552681250366,0.9202508722484888,-0.7835866933221305,-0.4707590917233381,-0.9521232119891635,-0.39760110466127285
740,-0.3014254118845779,-1.0857636190557711,-0.924610366920334,-0.5264008173226985,0.33850647391003647,0.5950908413775572
741,0.4568453395784552,-1.0857636190557711,-0.9100530968745512,0.3545848267310095,0.04458451756375947,0.2425591104588845
742,-0.3014254118845779,0.9202508722484888,0.9408339710957004,-0.3190422336083735,1.1905752038711617,1.4852000706402295
743,-0.3014254118845779,0.9202508722484888,-0.7973607526305627,-0.5778592039920158,-1.1602766941189635,0.06714017912140277
744,0.4568453395784552,0.9202508722484888,0.9411524038835672,0.28797187153728837,0.04458451756375947,0.7130751475781012
745,-0.3014254118845779,0.9202508722484888,0.9408392833983186,-0.31114956239697694,1.2182321533728802,-0.45535859511576954
746,0.4568453395784552,-1.0857636190557711,-1.3460459036657548,-0.5586998055490333,-0.7088952842544061,-0.10767527035781711
747,1.087662953297527,0.9202508722484888,0.9408133322941277,-0.310161699874638,1.0877845105471893,0.8312847808508422
748,0.4568453395784552,-1.0857636190557711,-0.7808364830716529,-0.560587678635761,-0.9152048845625879,-0.45535859511576954
749,1.6379879339442707,-1.0857636190557711,-1.3454078425229894,-0.542480763455605,-0.7057311544242132,1.246704874863637
750,1.087662953297527,-1.0857636190557711,0.9411478566190556,-0.03246318872631092,0.04458451756375947,0.35982545747713135
751,1.087662953297527,-1.0857636190557711,0.9413110709672194,-0.34308436938222464,0.7898558127923567,-0.10767527035781711
752,-0.3014254118845779,0.9202508722484888,-0.006212270289947864,1.6824675342725839,0.5413397803186237,0.5361852651889639
753,-0.3014254118845779,-1.0857636190557711,0.9413110661971386,-0.3412430396696403,0.7896783373444258,-0.5706332959327309
754,-0.3014254118845779,0.9202508722484888,-0.6257076083824396,-0.5177542411972396,0.04458451756375947,0.06714017912140277
755,0.4568453395784552,0.9202508722484888,-0.5545378779985818,-0.2670538014689735,0.04458451756375947,1.0090079987714584
756,1.087662953297527,0.9202508722484888,-0.8117921210196707,-0.3551309736579604,-0.5224965621445061,0.7130751475781012
757,0.4568453395784552,-1.0857636190557711,-0.7914496710071478,-0.3338217914369979,-0.5881684646866305,-0.9713763941300843
758,-0.3014254118845779,-1.0857636190557711,0.9400833676581569,-0.3825287569440248,0.04458451756375947,-1.3110613858026874
759,1.087662953297527,0.9202508722484888,-0.9848724652128961,0.5554088769523721,0.04458451756375947,1.7244550890229169
760,0.4568453395784552,0.9202508722484888,0.9400829598575245,-0.38217905259512425,0.04458451756375947,0.47733856760619325
761,0.4568453395784552,-1.0857636190557711,0.9407069346018021,-0.4855864806785693,0.7850347794473849,0.5950908413775572
762,0.4568453395784552,-1.0857636190557711,-0.7542743945001624,-0.4144645165257412,-0.7047026179949065,0.008799741358641582
763,0.4568453395784552,-1.0857636190557711,0.9408431809617912,-0.32196132774422187,1.2386711347593937,0.3011609440459889
764,0.4568453395784552,-1.0857636190557711,-0.8222027500094766,0.6140063178487568,-0.4508230499813116,0.949713424288454
765,-0.3014254118845779,0.9202508722484888,-0.754140694315225,-0.41358850596479674,-0.7051441811280025,-0.6855759396217159
766,0.4568453395784552,0.9202508722484888,0.9400805558284387,-0.37840763847374265,0.04458451756375947,0.8312847808508422
767,0.4568453395784552,0.9202508722484888,-0.7942436521130966,-0.5677626184847668,-1.1127155494788459,0.18402098772817607
768,0.4568453395784552,0.9202508722484888,-0.7980534954286655,-0.5810818518919424,-1.1709584970748086,0.7130751475781012
769,1.087662953297527,-1.0857636190557711,0.9407055792911707,-0.48586309543135375,0.7862108704422617,1.1277540823752488
770,-0.3014254118845779,-1.0857636190557711,0.9408286532838953,-0.32125323252589855,1.1636109709171987,0.5361852651889639
771,-0.3014254118845779,0.9202508722484888,0.9413107630810982,-0.26766592679480283,0.7792371771318645,-0.39760110466127285
772,0.4568453395784552,0.9202508722484888,0.9410998958861218,-0.3738041605905536,-0.2502577024597105,0.2425591104588845
773,0.4568453395784552,0.9202508722484888,-2.190226034650695,2.8542215940759315,-3.39804681554795,0.06714017912140277
774,-0.3014254118845779,-1.0857636190557711,-1.8961707394629637,1.0807654637819515,-2.5549521261819055,-1.4793760995618335
775,0.4568453395784552,0.9202508722484888,-0.9240760619635829,-0.52166180037772,0.33784416134909395,-0.9713763941300843
776,1.087662953297527,0.9202508722484888,0.9400822294722211,-0.38234711057024845,0.04458451756375947,0.2425591104588845
777,-0.3014254118845779,-1.0857636190557711,0.9407058869059561,-0.4850882395449541,0.7859260797803189,-0.39760110466127285
778,-1.3103552681250366,0.9202508722484888,-0.7541319930669116,-0.413565650765686,-0.7051678530077586,-0.8573336802163825
779,0.4568453395784552,0.9202508722484888,-0.979145566538278,0.020331481888624575,0.04458451756375947,1.1872042211803622
780,0.4568453395784552,-1.0857636190557711,0.9400058119393424,-0.3946148360292149,0.04458451756375947,-0.6855759396217159
781,-0.3014254118845779,0.9202508722484888,-0.797670394068237,-0.5799700807069749,-1.1650825941216638,1.0090079987714584
782,-0.3014254118845779,-1.0857636190557711,-0.7977201619172507,-0.28801977526374656,-0.569582291172044,-1.9221691336547924
783,0.4568453395784552,0.9202508722484888,0.9330947644892856,0.060323460569571254,0.04458451756375947,0.008799741358641582
784,0.4568453395784552,-1.0857636190557711,-0.7856985428647977,-0.4157498397234323,-0.6038889924477664,-0.22386736171749202
785,-1.3103552681250366,0.9202508722484888,0.9413194161432161,2.0014467894097643,0.40773842552921347,-0.5706332959327309
786,-1.3103552681250366,0.9202508722484888,0.939819568099999,0.15339902667753688,0.04458451756375947,-0.5706332959327309
787,-0.3014254118845779,-1.0857636190557711,0.9413110419339853,-0.34075602402859717,0.788390287226267,-1.3672877333034954
788,-0.3014254118845779,-1.0857636190557711,0.9400384621433565,-0.29896018991766343,0.04458451756375947,-0.8001713437443642
789,-3.9880260353104244,-1.0857636190557711,-0.9104392767251971,-0.4073663890715366,0.3247977835812813,-1.8673677537038844
790,1.087662953297527,0.9202508722484888,0.9412913121237373,0.02436146871121107,3.450216701261388,0.949713424288454
791,-3.9880260353104244,-1.0857636190557711,-0.8263401218305062,-0.2618985994604558,-0.4744495891505471,-2.763191871724767
792,0.4568453395784552,0.9202508722484888,-0.5604624034833717,-0.004085682759987192,0.04458451756375947,0.949713424288454
793,-1.3103552681250366,0.9202508722484888,-0.7544771977083007,-0.41300991880177645,-0.7041147502125167,-0.5130365570389603
794,0.4568453395784552,0.9202508722484888,0.9405415476701586,2.3269024007218446,0.6434657494196612,1.1277540823752488
795,0.4568453395784552,-1.0857636190557711,0.9411000765002263,-0.3724234430862292,-0.25041762066531503,-0.3397657087180536
796,-0.3014254118845779,0.9202508722484888,0.9411593666356661,0.5097367133769324,0.04458451756375947,1.3062554028072666
797,-1.3103552681250366,0.9202508722484888,-1.345683720031525,-0.546428424531625,-0.7068784671328072,-1.0282519218851285
798,0.4568453395784552,0.9202508722484888,0.9413000895379506,2.3435197169621698,0.8400863645467751,1.78438340955766
799,1.087662953297527,0.9202508722484888,0.941271156301827,0.9302291843008915,-0.45849285966158004,1.78438340955766
800,0.4568453395784552,0.9202508722484888,0.9408341393602885,-0.3248815989259832,1.1915300166784848,2.084686927879153
801,-1.3103552681250366,0.9202508722484888,-0.754254099697754,-0.41351242532206267,-0.7047986728354699,0.5361852651889639
802,-0.3014254118845779,-1.0857636190557711,-1.9095128183776764,1.471596620691727,-0.5554328065727824,-0.5706332959327309
803,0.4568453395784552,0.9202508722484888,-1.3405470614350887,-0.5512822412578262,-0.6946371598335449,0.35982545747713135
804,1.087662953297527,-1.0857636190557711,0.939858218653632,-0.3340175946718873,0.04458451756375947,0.3011609440459889
805,-0.3014254118845779,-1.0857636190557711,-1.34588591591803,-0.5551598167917118,-0.7080883584205089,-0.39760110466127285
806,-1.3103552681250366,-1.0857636190557711,-0.6256212443307045,-0.5180029551094828,0.04458451756375947,-1.8673677537038844
807,0.4568453395784552,0.9202508722484888,0.8806772349810539,1.0688066373896028,3.509522200932686,-1.1416981766484768
808,0.4568453395784552,0.9202508722484888,-0.7541187870661955,-0.41374139872136617,-0.705208192065373,-0.2818539633442571
809,0.4568453395784552,0.9202508722484888,-0.7974600077531175,-0.5793533321923582,-1.1618907120196145,-0.04947248508249035
810,1.6379879339442707,0.9202508722484888,0.9413110701650619,-0.34256996397343614,0.7898302781904479,1.9043739008590634
811,-0.3014254118845779,0.9202508722484888,0.940658926644999,-0.3331591626916998,0.4489444487768737,-0.6855759396217159
812,0.4568453395784552,-1.0857636190557711,0.9398577979828286,-0.22613350086732772,0.04458451756375947,0.5950908413775572
813,1.087662953297527,-1.0857636190557711,-2.190225981995872,2.862451367862185,-0.35361168957870726,-0.10767527035781711
814,1.087662953297527,0.9202508722484888,-1.3446780740502065,-0.5434503440557472,-0.7029571060865671,0.8312847808508422
815,-0.3014254118845779,-1.0857636190557711,-2.19022603465091,3.081740454230867,0.48175708025321357,-0.6281470409629838
816,-1.3103552681250366,0.9202508722484888,-0.9208240332540378,-0.47073710151556253,0.33400787632291473,0.35982545747713135
817,0.4568453395784552,-1.0857636190557711,0.9407066262376825,-0.4855292648011976,0.7852937553653856,0.6540544190291508
818,-1.3103552681250366,0.9202508722484888,-0.9220708938470619,-0.514946013565261,0.3354867587414146,-0.2818539633442571
819,0.4568453395784552,0.9202508722484888,0.9408428969209496,-0.32220686102921003,1.2371726889860826,0.6540544190291508
820,-0.3014254118845779,-1.0857636190557711,-1.346070874841979,-0.5588047069944995,-0.7090171972369828,-1.5909504148421112
821,-0.3014254118845779,0.9202508722484888,0.9413100560180088,-0.2599567571265059,0.7652424063701633,-0.2818539633442571
822,1.087662953297527,0.9202508722484888,-0.4175640165435002,0.17668638453922506,0.04458451756375947,1.0683551163036333
823,-1.3103552681250366,0.9202508722484888,-0.7545184568516539,-0.41388079990188203,-0.7039773370135821,0.1255476425325116
824,1.087662953297527,0.9202508722484888,0.9409153797959551,-0.3807509648213381,0.5576361871767302,2.1448766675827633
825,0.4568453395784552,-1.0857636190557711,-0.4667123312209174,0.3226580269211831,1.9412861810274584,-0.39760110466127285
826,0.4568453395784552,0.9202508722484888,0.37430784383539245,0.8173774137906026,-3.5151428821028414,1.1872042211803622
827,0.4568453395784552,-1.0857636190557711,-1.346068548365443,-0.5586336857894383,-0.7089877976369339,-0.6855759396217159
828,-0.3014254118845779,-1.0857636190557711,0.9413110480429462,-0.3424841969430793,0.7884741139052842,0.008799741358641582
829,1.087662953297527,0.9202508722484888,-1.346065992129561,-0.5586460485882105,-0.7089796639463167,1.3062554028072666
830,1.087662953297527,0.9202508722484888,-1.289121984305839,-0.14163851703007052,-0.643620040866703,2.1448766675827633
831,-0.3014254118845779,-1.0857636190557711,0.7314387524717267,-2.942607645386843,-3.7624343518832055,-1.5352297885276762
832,-0.3014254118845779,-1.0857636190557711,-0.8169949780450324,-0.3235837816108177,-0.5048677248911188,-1.7572619637425875
833,0.4568453395784552,0.9202508722484888,0.9413194161428835,2.6674744276068183,2.9608044906895636,1.1872042211803622
834,0.4568453395784552,0.9202508722484888,-0.580940867370826,-0.41775798123210195,0.04458451756375947,0.8312847808508422
835,-0.3014254118845779,-1.0857636190557711,0.9408394061849897,-0.3211289992773447,1.2188202495998481,-0.2818539633442571
836,0.4568453395784552,-1.0857636190557711,-1.3459387471296804,-0.5536565921014915,-0.7082518540190103,-0.2818539633442571
837,-1.3103552681250366,0.9202508722484888,0.9408271399188448,-0.3850146865341899,0.6649021744763146,-0.6855759396217159
838,-0.3014254118845779,0.9202508722484888,-0.7680497833310378,-0.37604520794180846,-0.661904210804419,0.5950908413775572
839,-1.3103552681250366,0.9202508722484888,0.9413109566291522,-0.33406664702990824,0.7843407214827828,-1.5352297885276762
840,0.4568453395784552,-1.0857636190557711,0.9405724672588575,-0.3224258783570224,0.04458451756375947,-1.1416981766484768
841,-1.3103552681250366,0.9202508722484888,-2.19022603465091,3.060307630532464,0.04458451756375947,-0.6281470409629838
842,1.087662953297527,-1.0857636190557711,0.9411003030506196,-0.3740445178843107,-0.25060274216841205,1.1872042211803622
843,1.087662953297527,0.9202508722484888,0.940705757602385,-0.4855776306068884,0.7860507075760005,1.6645720641070196
844,1.087662953297527,0.9202508722484888,-1.3453725035961779,-0.5471132786688151,-0.7057463894369341,0.8904721068642943
845,-0.3014254118845779,0.9202508722484888,0.9413194161432161,2.1547517616005476,2.6925991771678293,-0.04947248508249035
846,1.6379879339442707,0.9202508722484888,-0.7595150734133729,-0.39556034499444803,-0.6886092078614908,2.205108352681143
847,-0.3014254118845779,-1.0857636190557711,-0.6257949719697968,-0.5176184657955336,0.04458451756375947,-0.7429180518765376
848,-0.3014254118845779,-1.0857636190557711,-0.7729649958795956,-0.5376787631016358,-0.8009143409219914,0.47733856760619325
849,1.087662953297527,0.9202508722484888,-0.9242385445584661,-0.526071051249479,0.3380690220936476,0.5950908413775572
850,0.4568453395784552,0.9202508722484888,-0.7554330153859524,-0.4105980027697689,-0.7012126497344582,0.35982545747713135
851,0.4568453395784552,0.9202508722484888,-0.7559888731249795,-0.4127867817290819,-0.6994161744457442,0.35982545747713135
852,-0.3014254118845779,0.9202508722484888,0.9408389142520851,-0.3177794285065988,1.2163073483109152,-1.2547186961226275
853,0.4568453395784552,-1.0857636190557711,-0.9245723295292827,-0.526163910440507,0.3384588300924154,0.4185516536288929
854,0.4568453395784552,0.9202508722484888,-0.8058028568976979,-0.4164774263173516,0.04458451756375947,0.008799741358641582
855,1.087662953297527,0.9202508722484888,-2.1902258214582933,2.526350205510181,0.04458451756375947,0.4185516536288929
856,1.087662953297527,-1.0857636190557711,0.9399435277543052,-0.3618322282076204,0.04458451756375947,-0.1658073379085855
857,0.4568453395784552,-1.0857636190557711,-0.7541843674111538,-0.41346844397149246,-0.70499801728818,1.6047348591701895
858,1.087662953297527,0.9202508722484888,-0.5322227900647648,-0.2351325838643563,0.04458451756375947,2.4464459383525012
859,-0.3014254118845779,0.9202508722484888,0.9413109025766976,-0.36843995366619064,0.7808493127826914,-0.45535859511576954
860,-3.9880260353104244,-1.0857636190557711,0.9403127803983857,-0.15201794450252956,-0.40389696292193245,-1.7572619637425875
861,-0.3014254118845779,0.9202508722484888,0.6715777386809337,0.6734445366954224,0.04458451756375947,0.949713424288454
862,-0.3014254118845779,-1.0857636190557711,-0.2490093879003892,-0.2554822724085763,0.04458451756375947,-0.5706332959327309
863,1.6379879339442707,0.9202508722484888,0.9413110700642713,-0.3429367685500779,0.789810109267674,2.5673554618195333
864,-0.3014254118845779,0.9202508722484888,0.940073719848941,-0.3738049965286222,0.04458451756375947,0.7721522018338925
865,0.4568453395784552,-1.0857636190557711,-0.7872452860825224,-0.5277285130040638,-1.0097145427345364,-0.1658073379085855
866,0.4568453395784552,0.9202508722484888,0.9410804639820607,-0.3207985378539635,-0.23813836396391233,1.78438340955766
867,0.4568453395784552,0.9202508722484888,0.9407107828382795,0.20650378650864598,0.04458451756375947,0.6540544190291508
868,0.4568453395784552,0.9202508722484888,0.9407981001415441,-0.43328498064317583,0.6973196468428822,-1.0282519218851285
869,-0.3014254118845779,0.9202508722484888,-2.1100415576578593,3.0736986864588283,-0.3353149857920187,0.2425591104588845
870,-0.3014254118845779,-1.0857636190557711,-1.3459352171926569,-0.5568308912245559,-0.708354800341764,-1.085026774625784
871,-1.3103552681250366,0.9202508722484888,-0.8323212110517991,-0.1301520088512297,-0.4573734831129031,-0.45535859511576954
872,-1.3103552681250366,-1.0857636190557711,-1.3460689846863443,-0.5588257694311377,-0.7090006590004229,-2.300170039969408
873,0.4568453395784552,-1.0857636190557711,-0.9222471691552282,-0.5081227163561743,0.3356638509486487,0.7130751475781012
874,-1.3103552681250366,-1.0857636190557711,0.9405989958353701,-0.14904664891311595,0.04458451756375947,-2.031226750695228
875,-1.3103552681250366,0.9202508722484888,0.9407064150365811,-0.48556751735172227,0.7854772552086543,-1.0282519218851285
876,-1.3103552681250366,-1.0857636190557711,-1.3317673492661266,-0.506498920675103,-0.6821206856068727,-1.1982631893198155
877,-0.3014254118845779,0.9202508722484888,-0.6252215711415706,-0.5170578710054827,0.04458451756375947,0.008799741358641582
878,1.087662953297527,0.9202508722484888,-0.6108203349856662,0.020368283185201466,0.9793963398481996,1.8443565136000049
879,0.4568453395784552,0.9202508722484888,-0.7589229860924203,-0.408918413224202,-0.6904099395040387,1.246704874863637
880,-0.3014254118845779,-1.0857636190557711,0.9400796951025987,-0.37917129097471003,0.04458451756375947,-0.1658073379085855
881,-0.3014254118845779,0.9202508722484888,-2.19022603465091,3.025763407764922,-0.33122020296558397,0.008799741358641582
882,0.4568453395784552,-1.0857636190557711,0.9410839265212838,-0.3514258652451719,-0.23980914775092824,-0.2818539633442571
883,1.087662953297527,0.9202508722484888,-0.7869192272012908,-0.5388371932241727,-0.9988983183750388,0.5361852651889639
884,-0.3014254118845779,-1.0857636190557711,0.7896191992644167,0.1891491849479411,0.04458451756375947,-2.2468594118785408
885,-1.3103552681250366,-1.0857636190557711,-1.346069521999914,-0.5588288938504057,-0.7090032112517068,-1.1982631893198155
886,-1.3103552681250366,-1.0857636190557711,-1.0407497635001115,-0.5550007476881784,-3.568982445624185,-1.0282519218851285
887,1.087662953297527,0.9202508722484888,0.9411001724522019,-0.3740742340850186,-0.250487702487396,-0.2818539633442571
888,-0.3014254118845779,-1.0857636190557711,-2.19022603465091,2.464723990812275,-2.6048927058782363,-1.2547186961226275
889,0.4568453395784552,0.9202508722484888,0.9410981406997627,-0.3710478332879349,-0.24880124250101995,-0.04947248508249035
890,-0.3014254118845779,0.9202508722484888,0.9408431747376104,-0.3220470253554531,1.2386430807654814,-0.6855759396217159
891,-0.3014254118845779,0.9202508722484888,-1.3460720003314404,-0.5587490554899008,-0.7090121808995983,-0.3397657087180536
892,-1.3103552681250366,0.9202508722484888,0.9407075354551576,-0.4851453938057073,0.7844837187807773,-0.04947248508249035
893,-1.3103552681250366,-1.0857636190557711,-2.19022603465091,2.880189418295392,0.6712944596414245,-2.300170039969408
894,-1.3103552681250366,-1.0857636190557711,0.9402656254030087,-0.154009041563088,-0.4811311086164644,-1.812396157011328
895,0.4568453395784552,-1.0857636190557711,-0.9242891361631762,-0.5219552649993547,0.3380920493613167,-0.8001713437443642
896,1.087662953297527,0.9202508722484888,0.9413110702219852,-0.34234352196887174,0.7898406081614178,1.544944011271346
897,1.087662953297527,0.9202508722484888,-0.38661674266316437,0.9999311885983786,-1.3001777578237963,0.7721522018338925
898,0.4568453395784552,0.9202508722484888,0.9300035906792095,-0.2982593952675366,-3.032312140358223,0.3011609440459889
899,-1.3103552681250366,0.9202508722484888,0.9411003101781713,-0.37414569534492376,-0.25060544995643436,0.7130751475781012
900,-0.3014254118845779,0.9202508722484888,0.9413194161432161,2.8334632961602706,1.6395590807608038,0.06714017912140277
901,0.4568453395784552,0.9202508722484888,0.9411002035317614,-0.37376766845544473,-0.2505171406922279,0.7130751475781012
902,0.4568453395784552,0.9202508722484888,-1.308910939720718,0.017246736240053306,-0.6527621734870632,1.1277540823752488
903,-0.3014254118845779,0.9202508722484888,-0.7873572591845507,-0.5610900162648631,-1.0089065172412368,-0.1658073379085855
904,0.4568453395784552,0.9202508722484888,0.8657788042032795,0.38328147788780903,0.04458451756375947,0.1255476425325116
905,0.4568453395784552,-1.0857636190557711,0.9384315292262546,2.3096231126688886,0.5390753535588699,0.5950908413775572
906,-0.3014254118845779,-1.0857636190557711,-0.9229349470595976,-0.5190546584281895,0.33648609484231706,-0.8001713437443642
907,-1.3103552681250366,-1.0857636190557711,-0.9239666144984139,-0.53025878944268,0.3377818739465353,-0.1658073379085855
908,-1.3103552681250366,0.9202508722484888,0.9408428034140326,-0.3218677912938782,1.2366724955336963,0.35982545747713135
909,-3.9880260353104244,-1.0857636190557711,0.9408362439441899,-0.3143447464714815,1.202363907379951,-0.5130365570389603
910,-0.3014254118845779,0.9202508722484888,-0.6257337119886912,-0.5177878828024985,0.04458451756375947,1.0090079987714584
911,-3.9880260353104244,0.9202508722484888,0.9370745700026223,0.031244415697719432,-2.3613828280771947,-1.2547186961226275
912,1.6379879339442707,0.9202508722484888,0.9413194161432161,3.0565938820210694,-0.4942680966929307,1.6645720641070196
913,1.6379879339442707,-1.0857636190557711,-0.9282993558383256,1.201669400905465,-0.44594421916066534,0.5950908413775572
914,0.4568453395784552,0.9202508722484888,-0.6089698593148186,0.3601059978325629,0.04458451756375947,0.8904721068642943
915,0.4568453395784552,0.9202508722484888,-0.6107858648572985,-0.45862206806391576,0.04458451756375947,0.3011609440459889
916,-1.3103552681250366,0.9202508722484888,0.9407084022664512,-0.48414010860694756,0.7837096270746357,-0.45535859511576954
917,1.087662953297527,-1.0857636190557711,0.76919028489736,0.6107787443904272,0.04458451756375947,0.5950908413775572
918,-1.3103552681250366,0.9202508722484888,0.9407059040473434,-0.4859542064305012,0.7859316988776394,-1.7019721211105598
919,0.4568453395784552,0.9202508722484888,-1.3460649989671478,-0.5587020344595658,-0.7089745087913223,0.47733856760619325
920,0.4568453395784552,-1.0857636190557711,0.9372945571200239,-0.4325798159716789,-2.2628043327101945,-0.8001713437443642
921,-0.3014254118845779,0.9202508722484888,-1.7455420157412673,1.291348996163963,-0.5665344328439468,0.2425591104588845
922,-0.3014254118845779,0.9202508722484888,0.9410860740666971,-0.27357258801509576,-0.24122321280034165,0.5361852651889639
923,0.4568453395784552,-1.0857636190557711,-0.7980706708343798,-0.5809852577804989,-1.171231347756318,0.1255476425325116
924,1.087662953297527,0.9202508722484888,-0.6253068058351704,-0.511803188873189,0.04458451756375947,1.3062554028072666
925,1.087662953297527,-1.0857636190557711,0.9411000972471474,-0.37241485997512197,-0.25042933478439816,-0.5130365570389603
926,0.4568453395784552,0.9202508722484888,-0.9232863576850597,-0.51878743949346,0.33689686692184245,0.7721522018338925
927,-1.3103552681250366,-1.0857636190557711,0.8629893657946559,0.45497685466595705,-3.583722817937805,-1.085026774625784
928,0.4568453395784552,0.9202508722484888,0.3487834906600915,1.1579084987471784,0.04458451756375947,0.47733856760619325
929,-1.3103552681250366,-1.0857636190557711,0.9400810487104423,-0.38264873647804076,0.04458451756375947,-1.812396157011328
930,0.4568453395784552,-1.0857636190557711,0.9413110686145323,-0.34245006542955964,0.7897619071243754,-0.04947248508249035
931,-0.3014254118845779,-1.0857636190557711,-1.1543516996642824,0.7302281754574806,-0.6859582458598444,-1.9221691336547924
932,-0.3014254118845779,-1.0857636190557711,0.9407065592507017,-0.4852877622806255,0.7853572198910866,0.008799741358641582
933,-0.3014254118845779,-1.0857636190557711,0.9408204982273125,-0.4272410015773988,0.6731021499525686,-0.3397657087180536
934,-0.3014254118845779,0.9202508722484888,0.9408429957080018,-0.32184066395710353,1.2377302791492688,0.06714017912140277
935,-1.3103552681250366,-1.0857636190557711,-0.9246139866368372,-0.5263941560154852,0.33851014448051087,-1.4233939781124463
936,1.087662953297527,-1.0857636190557711,-0.7720105120301101,-0.3931905560336324,-0.6497109790212773,0.008799741358641582
937,-1.3103552681250366,0.9202508722484888,-0.921182064334085,-0.5175271871184294,0.334589321999186,-1.3110613858026874
938,-0.3014254118845779,-1.0857636190557711,0.9413194101840096,1.502463416211551,0.6702232291417256,-0.7429180518765376
939,1.087662953297527,-1.0857636190557711,0.9400703873481339,-0.3814328254570823,0.04458451756375947,1.3062554028072666
940,0.4568453395784552,0.9202508722484888,-0.9245575580863916,-0.5254675048253662,0.33843806279089317,0.5361852651889639
941,-0.3014254118845779,0.9202508722484888,0.9407134922623342,-0.49033011191708475,0.7794340789004125,-0.5130365570389603
942,-0.3014254118845779,-1.0857636190557711,-0.4999088861667536,2.410931890828289,0.04458451756375947,0.3011609440459889
943,1.087662953297527,-1.0857636190557711,-0.797925878485912,-0.5806986799300573,-1.1690277828887325,0.06714017912140277
944,1.087662953297527,-1.0857636190557711,-0.6223464956298942,-0.5074316801073671,0.04458451756375947,-0.5130365570389603
945,1.087662953297527,0.9202508722484888,0.9400726024129241,-0.3789534459012253,0.04458451756375947,2.325695819047933
946,0.4568453395784552,-1.0857636190557711,0.9400570960197354,-0.3784485984564583,0.04458451756375947,-0.5706332959327309
947,0.4568453395784552,0.9202508722484888,-0.7911616495832487,0.1623121449286578,0.04458451756375947,1.0090079987714584
948,-0.3014254118845779,-1.0857636190557711,-0.9245249568319199,-0.5248736665640229,0.33839500750447055,-0.1658073379085855
949,0.4568453395784552,0.9202508722484888,0.9409841199271948,-0.06550841884220743,0.44446020561091726,0.8312847808508422
950,-0.3014254118845779,-1.0857636190557711,0.940832593524037,-0.28974267666977016,1.1840050582229298,-1.085026774625784
951,-0.3014254118845779,-1.0857636190557711,-0.760777408683728,-0.39647230341115064,-0.6849115877609322,-0.39760110466127285
952,-0.3014254118845779,0.9202508722484888,-0.5920558415582837,-0.4719281812547221,0.04458451756375947,-0.2818539633442571
953,0.4568453395784552,0.9202508722484888,0.941319049081995,2.0702147284951953,0.8003764333843375,1.6047348591701895
954,-0.3014254118845779,-1.0857636190557711,0.9413099206111674,-0.1496413276973079,0.7627858471386255,-0.8573336802163825
955,0.4568453395784552,-1.0857636190557711,-0.7692173663387395,-0.4705387124596754,-0.7487110308016751,1.544944011271346
956,-0.3014254118845779,0.9202508722484888,-1.3357502689658778,-0.45025412849910346,-0.6825084755904259,-0.1658073379085855
957,1.087662953297527,0.9202508722484888,0.9401892321146021,2.378444984828531,3.59612640244817,0.8312847808508422
958,-1.3103552681250366,-1.0857636190557711,0.9407088586671172,-0.4850450209265793,0.7833227917258228,-0.8573336802163825
959,1.087662953297527,-1.0857636190557711,0.8652148823933549,1.814928007627224,-0.7624489012184443,0.47733856760619325
960,0.4568453395784552,0.9202508722484888,-0.6248801891874488,-0.5177211318336465,0.04458451756375947,0.8904721068642943
961,1.087662953297527,0.9202508722484888,-0.8657175864323647,-0.08467981229443461,0.04458451756375947,1.425503601173361
962,-0.3014254118845779,0.9202508722484888,-0.7775218405786929,-0.3346321788594704,-0.6324782956151734,0.35982545747713135
963,-0.3014254118845779,-1.0857636190557711,-2.19022603465091,2.6071024262631535,-2.187722665976064,-0.45535859511576954
964,0.4568453395784552,0.9202508722484888,0.9413194161432161,1.2538234574869953,2.124359664878096,-0.1658073379085855
965,0.4568453395784552,-1.0857636190557711,0.936083379237849,1.082634451220274,0.04458451756375947,-1.1982631893198155
966,1.087662953297527,0.9202508722484888,0.9407287821268077,-0.4758957481364561,0.7654491624001726,1.246704874863637
967,0.4568453395784552,0.9202508722484888,0.9413194161432161,-1.491281893897136,-0.3989770470461776,0.47733856760619325
968,0.4568453395784552,0.9202508722484888,0.9354130788437657,0.6037058515974683,0.04458451756375947,0.6540544190291508
969,-0.3014254118845779,-1.0857636190557711,-0.9086200406027205,-0.4304369595714132,0.3234079865859538,-1.8673677537038844
970,-0.3014254118845779,-1.0857636190557711,0.9407270743812454,-0.26764268214829456,0.7120889068294082,-0.2818539633442571
971,0.4568453395784552,-1.0857636190557711,0.9407146897092968,-0.4814384938119786,0.778151836377332,-0.6281470409629838
972,-0.3014254118845779,0.9202508722484888,-0.29896992906890085,-0.05320601981127393,0.04458451756375947,-0.6855759396217159
973,1.087662953297527,-1.0857636190557711,0.9410766396835525,-0.23647097574663095,-0.2365559403053238,0.2425591104588845
974,-1.3103552681250366,0.9202508722484888,0.9413109818331769,-0.30480735147009896,0.7862540322990772,0.008799741358641582
975,0.4568453395784552,-1.0857636190557711,0.9400833070715614,-0.3827176452201425,0.04458451756375947,0.2425591104588845
976,1.087662953297527,0.9202508722484888,0.9400820849178626,-0.3823156457970806,0.04458451756375947,1.8443565136000049
977,0.4568453395784552,-1.0857636190557711,-0.6230146037553923,-0.5097091208708568,0.04458451756375947,-1.6465329895724754
978,1.6379879339442707,0.9202508722484888,-1.329749534172805,-0.34646448236342486,-0.6764236661975638,0.47733856760619325
979,-0.3014254118845779,-1.0857636190557711,-1.3452662403164855,-0.5352993229383954,-0.7047718328142611,-1.0282519218851285
980,0.4568453395784552,-1.0857636190557711,-0.6116903902235328,-0.5198544972209403,0.04458451756375947,-0.914402817450021
981,0.4568453395784552,0.9202508722484888,0.9413194161432161,3.069081227734773,-0.6486350980781088,1.1277540823752488
982,1.6379879339442707,0.9202508722484888,0.9410988033086883,-0.3686531905647465,-0.24939270318307544,2.205108352681143
983,0.4568453395784552,0.9202508722484888,0.890933572889027,0.21063531048267534,-3.4893488867654883,0.47733856760619325
984,0.4568453395784552,0.9202508722484888,0.9412569711906369,2.1652451620890845,0.7583564804887695,1.544944011271346
985,-0.3014254118845779,-1.0857636190557711,-0.8974770806417594,-0.4328492947783234,0.04458451756375947,0.18402098772817607
986,1.6379879339442707,0.9202508722484888,-1.330024948208781,-0.4064741820391723,-0.6721773856099378,1.7244550890229169
987,-0.3014254118845779,-1.0857636190557711,-0.8563633178499978,-0.3292581180254575,-0.3686953559530101,-1.4233939781124463
988,0.4568453395784552,0.9202508722484888,-1.346064936921328,-0.558851976940492,-0.7089870657713774,0.35982545747713135
989,1.6379879339442707,0.9202508722484888,-0.9325442265715945,1.1297209223476223,-0.4275899060346593,1.246704874863637
990,-0.3014254118845779,-1.0857636190557711,-2.1902259552469645,0.6568904654329645,-0.690549711985144,-1.2547186961226275
991,0.4568453395784552,0.9202508722484888,0.940075279012977,-0.3801734186496039,0.04458451756375947,-0.5706332959327309
992,1.6379879339442707,0.9202508722484888,0.5249189592277129,0.6161615946976204,-3.5056631943225525,0.8312847808508422
993,-1.3103552681250366,-1.0857636190557711,0.9413110137891844,-0.33809349922283727,0.7869803140005853,-0.39760110466127285
994,-0.3014254118845779,0.9202508722484888,0.9407595782558265,-0.282879016107428,0.8456942994667827,-1.4793760995618335
995,1.6379879339442707,0.9202508722484888,-0.7938544992728394,-0.5763660599390251,-1.1071749107264743,2.2653815458413478
996,0.4568453395784552,0.9202508722484888,0.9410988677628872,-0.36213983256646637,-0.24945838545778534,2.2653815458413478
997,0.4568453395784552,-1.0857636190557711,0.9413109752232559,-0.3167849117258791,0.7855106348043064,0.5950908413775572
998,1.087662953297527,0.9202508722484888,0.93898345668719,-0.20233323898357208,-1.6791106122433477,0.3011609440459889
999,-0.3014254118845779,-1.0857636190557711,0.9413186640755058,-0.21337962763791826,3.3607703169518586,-0.5706332959327309
1000,1.087662953297527,0.9202508722484888,-0.712757081329566,-0.43496011573565146,0.04458451756375947,0.3011609440459889
1001,1.087662953297527,0.9202508722484888,-0.7865753309765966,-0.5601236285060291,-0.9987088715794523,1.365855180955361
1002,0.4568453395784552,0.9202508722484888,-0.8627020584372663,-0.1979019338236723,0.04458451756375947,0.8312847808508422
1003,-0.3014254118845779,-1.0857636190557711,0.9410984413056975,-0.3658955215153524,-0.24900153670703273,-1.2547186961226275
1004,-0.3014254118845779,-1.0857636190557711,-0.7663011768682558,-0.4192680908272686,-0.6668933726035498,-0.45535859511576954
1005,0.4568453395784552,0.9202508722484888,0.9407214912443104,-0.490637620698397,0.7724105960040423,-0.1658073379085855
1006,-1.3103552681250366,-1.0857636190557711,-0.6930276978992778,0.36577066591846524,-0.27155882678003895,-1.9221691336547924
1007,0.4568453395784552,-1.0857636190557711,0.9304807988228508,0.4407295639714814,0.04458451756375947,0.47733856760619325
1008,1.087662953297527,-1.0857636190557711,-0.6211883638659907,-0.5107697248040471,0.04458451756375947,1.0090079987714584
1009,-3.9880260353104244,0.9202508722484888,-0.9102433283120346,-0.48410277591175815,0.32476298656634855,-1.9767918996746083
1010,0.4568453395784552,0.9202508722484888,-0.8927927654812119,-0.0962319017864681,0.04458451756375947,0.7130751475781012
1011,1.6379879339442707,0.9202508722484888,-0.6244470256296164,-0.510992207720967,0.04458451756375947,1.1277540823752488
1012,1.087662953297527,0.9202508722484888,-1.3450591706994193,-0.5407582572025117,-0.7040570910689409,0.5950908413775572
1013,-0.3014254118845779,-1.0857636190557711,0.9413194161432161,3.084710499701317,0.04458451756375947,-0.914402817450021
1014,-1.3103552681250366,-1.0857636190557711,-2.19022603465091,3.074500721232947,0.04458451756375947,-0.5706332959327309
1015,-0.3014254118845779,0.9202508722484888,-1.2315321702000748,0.429673662427789,-0.6263305142607057,0.5361852651889639
1016,-1.3103552681250366,0.9202508722484888,0.9410930075076918,-0.35788042459910946,-0.24509221262497682,-0.04947248508249035
1017,1.087662953297527,0.9202508722484888,-0.7717705044180659,-0.3955182120624516,-0.6504509081855115,0.949713424288454
1018,0.4568453395784552,0.9202508722484888,0.9406860669785629,0.6583983553170496,0.510475051573405,0.949713424288454
1019,-0.3014254118845779,-1.0857636190557711,-1.1602991851378792,-0.7943884337773557,-0.6910025501635255,-0.10767527035781711
1020,-0.3014254118845779,-1.0857636190557711,0.9413107736251537,-0.32086724136071126,0.7785365150945666,-1.3110613858026874
1021,-0.3014254118845779,-1.0857636190557711,0.9408398636970661,-0.320305950202568,1.221564425009426,-0.5130365570389603
1022,-0.3014254118845779,0.9202508722484888,0.9383385400666534,0.31334227687810823,-1.974667483961018,0.949713424288454
1023,-0.3014254118845779,0.9202508722484888,-0.9245918341665281,-0.5260885110557088,0.3384853831581588,-0.5130365570389603
1024,0.4568453395784552,0.9202508722484888,0.9407649881554667,-0.45400708043009075,0.7306368723005225,0.4185516536288929
1025,-0.3014254118845779,0.9202508722484888,-1.3346427735873354,-0.41363376729180806,-0.6771854254571532,0.06714017912140277
1026,0.4568453395784552,0.9202508722484888,-2.19022603465091,2.627783723986578,-1.2879011133555958,1.1277540823752488
1027,0.4568453395784552,-1.0857636190557711,0.9410888795256237,-0.31495522027457107,-0.24236140064559716,-0.5706332959327309
1028,0.4568453395784552,-1.0857636190557711,0.940046885206016,-0.37197992412660685,0.04458451756375947,0.5950908413775572
1029,-1.3103552681250366,-1.0857636190557711,-0.6256188932819271,-0.5167178128710641,0.04458451756375947,-1.7019721211105598
1030,-1.3103552681250366,-1.0857636190557711,0.7712579404529091,1.2697699516508274,-3.513822461604467,-1.4793760995618335
1031,0.4568453395784552,0.9202508722484888,0.9400831107347433,-0.3826396351838154,0.04458451756375947,0.949713424288454
1032,-0.3014254118845779,-1.0857636190557711,0.9407082337340844,-0.4855737761565102,0.783941173293513,-0.3397657087180536
1033,0.4568453395784552,0.9202508722484888,-0.7842900859815,-0.53747076900317,-0.9632160974109557,-0.5130365570389603
1034,1.087662953297527,0.9202508722484888,-0.7916201436353522,-0.5722779374996718,-1.073339404009576,2.024539580531749
1035,0.4568453395784552,0.9202508722484888,-0.6257352929683532,-0.5171409780010348,0.04458451756375947,1.0090079987714584
1036,0.4568453395784552,0.9202508722484888,-0.8813677630407072,-0.38818499485483066,0.04458451756375947,0.06714017912140277
1037,-1.3103552681250366,-1.0857636190557711,-0.7975364408272209,-0.5794717849681519,-1.1630550016992802,-1.4233939781124463
1038,0.4568453395784552,-1.0857636190557711,-1.3456595761720753,-0.5566567494729819,-0.7070919147380954,0.008799741358641582
1039,-0.3014254118845779,-1.0857636190557711,-0.9138366546040924,-0.44484206927359415,0.32738185173953704,0.1255476425325116
1040,-1.3103552681250366,0.9202508722484888,-0.6258148858044481,-0.5177680843842636,0.04458451756375947,0.1255476425325116
1041,-1.3103552681250366,-1.0857636190557711,-0.7999452523872702,-0.3105475714592239,-0.5596212405240676,-0.914402817450021
1042,0.4568453395784552,-1.0857636190557711,0.9413109389178281,-0.33680496548778416,0.784057555158292,0.5361852651889639
1043,-0.3014254118845779,-1.0857636190557711,-0.7522063164405911,-0.5145814185855784,-0.5164001031096281,-0.5706332959327309
1044,-0.3014254118845779,-1.0857636190557711,-0.7541105388171396,-0.41384602162177775,-0.7052318868671706,-0.45535859511576954
1045,1.087662953297527,-1.0857636190557711,-0.9242988655804548,-0.5209419010376426,0.33810314385349616,0.3011609440459889
1046,-0.3014254118845779,0.9202508722484888,-0.6142350157198173,-0.4412905508938182,0.04458451756375947,0.47733856760619325
1047,0.4568453395784552,-1.0857636190557711,-0.7625425974130765,-0.39588056212641787,-0.6790186772362934,1.6047348591701895
1048,1.087662953297527,0.9202508722484888,0.9407063196354474,-0.48540550402606564,0.7855587362972365,1.6047348591701895
1049,-0.3014254118845779,-1.0857636190557711,0.9389893151137322,0.14914989992547328,0.04458451756375947,-1.8673677537038844
1050,-1.3103552681250366,-1.0857636190557711,0.9408319045929646,-0.3170166082129491,1.180324812209764,-1.5352297885276762
1051,0.4568453395784552,-1.0857636190557711,-1.3349957066129483,-0.49385368226428444,-0.6822919456446438,0.008799741358641582
1052,-0.3014254118845779,0.9202508722484888,0.9411002560103785,-0.3741244230421382,-0.25056046375084184,0.47733856760619325
1053,-0.3014254118845779,-1.0857636190557711,-1.345947300240426,-0.5574862226940303,-0.7084417904369282,-1.812396157011328
1054,0.4568453395784552,-1.0857636190557711,-0.7545462145695904,-0.4133590262180928,-0.7038873096748012,-0.45535859511576954
1055,0.4568453395784552,0.9202508722484888,0.9407548851309117,-0.17262600924787963,0.8245033995212265,0.8904721068642943
1056,0.4568453395784552,-1.0857636190557711,0.9317600916599249,0.9074011639941191,0.04458451756375947,0.06714017912140277
1057,1.087662953297527,-1.0857636190557711,0.9400231625917108,-0.3712986100854557,0.04458451756375947,0.8312847808508422
1058,-1.3103552681250366,-1.0857636190557711,0.9400825002783509,-0.38185124438219786,0.04458451756375947,0.1255476425325116
1059,0.4568453395784552,0.9202508722484888,0.9411002968644941,-0.3744216983458017,-0.25059546222566653,0.2425591104588845
1060,-1.3103552681250366,0.9202508722484888,0.9408781329579954,-0.2928792427355819,0.6027133929155968,-1.2547186961226275
1061,1.087662953297527,-1.0857636190557711,-1.3440769623659397,-0.5405660809850498,-0.700714511550428,0.7130751475781012
1062,-0.3014254118845779,-1.0857636190557711,0.9408890757723221,-0.1443357084947616,0.04458451756375947,-0.1658073379085855
1063,-0.3014254118845779,-1.0857636190557711,0.9404044611752779,0.25523775890521444,0.04458451756375947,-0.6281470409629838
1064,0.4568453395784552,0.9202508722484888,0.9407332569799637,-0.47072269852627924,0.7612387105676327,1.4852000706402295
1065,1.087662953297527,0.9202508722484888,-0.6258180247692623,-0.5178954265380777,0.04458451756375947,0.5361852651889639
1066,0.4568453395784552,-1.0857636190557711,-0.6258122373056602,-0.5178470688578273,0.04458451756375947,0.7721522018338925
1067,1.087662953297527,0.9202508722484888,-0.787158379067652,-0.5334372495374795,-1.0028110098618763,0.47733856760619325
1068,0.4568453395784552,0.9202508722484888,0.9411001478129697,-0.37427172494343885,-0.25046799184800406,-0.3397657087180536
1069,-0.3014254118845779,0.9202508722484888,0.9400693673856088,-0.3822612713319127,0.04458451756375947,0.18402098772817607
1070,1.087662953297527,-1.0857636190557711,-0.39441903089941965,0.9202941623514947,0.04458451756375947,0.5950908413775572
1071,-1.3103552681250366,-1.0857636190557711,-0.6253639690039301,-0.5171172240818874,0.04458451756375947,-1.4233939781124463
1072,-0.3014254118845779,-1.0857636190557711,-1.3438828675123622,-0.5356937296566406,-0.6996035211891193,0.6540544190291508
1073,-0.3014254118845779,-1.0857636190557711,-0.7978139168213376,-0.580400020706749,-1.1671697740465872,-0.8001713437443642
1074,-1.3103552681250366,0.9202508722484888,0.9408429276362221,-0.32145182162203145,1.237344139947294,-0.2818539633442571
1075,1.087662953297527,0.9202508722484888,-0.9232788492391487,-0.5170527158622646,0.33682735255526586,1.246704874863637
1076,1.087662953297527,0.9202508722484888,0.9410771844258484,-0.14967716323284905,0.04458451756375947,1.425503601173361
1077,0.4568453395784552,0.9202508722484888,-2.19022603465091,3.0314092970425905,-0.876431213337758,0.8904721068642943
1078,1.087662953297527,-1.0857636190557711,-0.09426562440441241,1.1025863282547177,0.04458451756375947,0.5950908413775572
1079,0.4568453395784552,0.9202508722484888,0.8522899384625308,1.8025998509968781,-3.3895851555649767,0.2425591104588845
1080,0.4568453395784552,-1.0857636190557711,0.941100329729648,-0.37423326701270154,-0.2506225639675603,0.18402098772817607
1081,0.4568453395784552,0.9202508722484888,0.9398444691510098,0.40108880025692173,0.36689096879156,0.8904721068642943
1082,1.087662953297527,0.9202508722484888,0.9413109973094748,-0.3317271066322846,0.7864453492466421,1.365855180955361
1083,-1.3103552681250366,0.9202508722484888,0.9413110690081202,-0.3427089491069571,0.7897529716287108,-0.5130365570389603
1084,0.4568453395784552,0.9202508722484888,-0.7547230196967153,-0.4143653670797213,-0.7033262078717515,0.35982545747713135
1085,0.4568453395784552,-1.0857636190557711,-0.7977980693424733,-0.5795120380513031,-1.1670372634448942,0.5361852651889639
1086,-1.3103552681250366,-1.0857636190557711,-0.7975491689732517,-0.5795228665881692,-1.1632772023854263,-1.3672877333034954
1087,-0.3014254118845779,-1.0857636190557711,-0.7542454759932038,-0.41329952965576894,-0.7048195028086542,0.1255476425325116
1088,1.087662953297527,0.9202508722484888,0.9400761057980989,-0.375337706889746,0.04458451756375947,0.1255476425325116
1089,-0.3014254118845779,0.9202508722484888,0.9413109727798624,-0.3344109962181295,0.7851795569466563,-0.1658073379085855
1090,-0.3014254118845779,-1.0857636190557711,0.9405278063124485,-0.29612538365928043,0.04458451756375947,-1.4233939781124463
1091,0.4568453395784552,0.9202508722484888,-2.19022603465091,3.077887760055382,-1.6200155214170364,1.0683551163036333
1092,-0.3014254118845779,-1.0857636190557711,-0.7979984830621017,-0.5804380324062299,-1.1700869729322119,-1.5352297885276762
1093,0.4568453395784552,-1.0857636190557711,-0.755431457395121,-0.4095095123111029,-0.701233230859789,0.47733856760619325
1094,1.087662953297527,0.9202508722484888,-0.36465066647976246,1.5271310311031514,0.04458451756375947,0.8904721068642943
1095,-1.3103552681250366,-1.0857636190557711,-0.7833512659609204,-0.5067883053567279,-0.9499407745404769,-1.0282519218851285
1096,-0.3014254118845779,-1.0857636190557711,0.9413194161431947,1.052370984600979,0.04458451756375947,-1.7572619637425875
1097,-0.3014254118845779,-1.0857636190557711,0.9410937513385058,-0.29277885428755357,-0.24595655555736384,0.47733856760619325
1098,0.4568453395784552,0.9202508722484888,-0.7695110487934761,-0.380422913450672,-0.6579489189903533,-0.04947248508249035
1099,-0.3014254118845779,0.9202508722484888,0.9410874360609359,-0.3673071214761581,-0.24162458757652178,-0.7429180518765376
1100,-1.3103552681250366,0.9202508722484888,0.6748416089163091,1.106071261530071,0.04458451756375947,0.8904721068642943
1101,0.4568453395784552,0.9202508722484888,0.9410951002185113,-0.35912710820280874,-0.24651161562343793,1.1277540823752488
1102,-0.3014254118845779,-1.0857636190557711,-0.7875855705439958,-0.5231237640351061,-1.0115714876449693,-0.45535859511576954
1103,1.087662953297527,0.9202508722484888,0.9407175455785509,-0.24385629084851235,0.6754586051557057,1.6047348591701895
1104,1.087662953297527,0.9202508722484888,0.9413194161432161,2.1686075569664762,0.6619275414693698,0.35982545747713135
1105,0.4568453395784552,0.9202508722484888,-0.6256575699271896,-0.516534382939459,0.04458451756375947,0.8904721068642943
1106,1.087662953297527,0.9202508722484888,0.9410918986206631,-0.3753372073957336,-0.24435770936336065,1.0090079987714584
1107,-0.3014254118845779,0.9202508722484888,-0.7966565611324081,-0.5796492481225741,-1.1494801376136823,0.008799741358641582
1108,0.4568453395784552,0.9202508722484888,-2.0195493281090857,2.8310512286798946,-0.29316715437449953,1.0683551163036333
1109,-0.3014254118845779,-1.0857636190557711,0.776473608105864,1.702315462346715,0.04458451756375947,-1.1416981766484768
1110,0.4568453395784552,0.9202508722484888,-2.0439761085421813,2.715471514002557,-0.3205900737940647,-0.6855759396217159
1111,-1.3103552681250366,-1.0857636190557711,-0.9132661655653924,0.030471792314761572,0.04458451756375947,-2.031226750695228
1112,-1.3103552681250366,-1.0857636190557711,-0.7544675336638531,-0.4129267756731063,-0.7041553061030354,-0.39760110466127285
1113,-0.3014254118845779,-1.0857636190557711,-0.7545297606316171,-0.4135525504220585,-0.7039463940718637,-0.7429180518765376
1114,-0.3014254118845779,0.9202508722484888,-2.1902164271218023,1.4567560564914839,0.04458451756375947,-0.1658073379085855
1115,-0.3014254118845779,-1.0857636190557711,0.9413013657025759,-0.012174561938448732,0.7547091067887579,-0.9713763941300843
1116,0.4568453395784552,-1.0857636190557711,0.9413110696721638,-0.34358163658100965,0.7897618041462175,-0.7429180518765376
1117,1.087662953297527,0.9202508722484888,-2.1902260346504585,3.0765367140211044,-1.0910355397911873,0.7130751475781012
1118,-0.3014254118845779,0.9202508722484888,0.9408406938934406,-0.3209292538859107,1.2257335559354474,0.2425591104588845
1119,-0.3014254118845779,0.9202508722484888,-0.26241727107673873,-0.3438873813641565,0.04458451756375947,-0.6281470409629838
1120,0.4568453395784552,0.9202508722484888,0.9413093065483646,2.224967711709586,3.4514620635693785,-0.3397657087180536
1121,0.4568453395784552,0.9202508722484888,-0.5580002965177054,-0.12936781206754513,0.04458451756375947,0.8312847808508422
1122,1.087662953297527,0.9202508722484888,0.9339078670945161,1.6513253794745058,-0.2620768581339383,1.4852000706402295
1123,-1.3103552681250366,0.9202508722484888,0.9413110237865733,-0.33876849331758097,0.787413598288822,-0.1658073379085855
1124,0.4568453395784552,0.9202508722484888,-0.6919410989841102,-0.014939069730735086,0.04458451756375947,0.7721522018338925
1125,-0.3014254118845779,-1.0857636190557711,0.9413194161432161,1.846032621935278,1.313673544173068,-0.7429180518765376
1126,1.087662953297527,0.9202508722484888,-1.346065550855045,-0.5587284034530949,-0.7089804095570901,0.7721522018338925
1127,1.087662953297527,0.9202508722484888,0.9413110598468163,-0.3398197305291225,0.7893522462036158,0.2425591104588845
1128,1.087662953297527,-1.0857636190557711,0.9408432908445766,-0.3218645799178901,1.2392650398217335,-0.10767527035781711
1129,1.087662953297527,-1.0857636190557711,0.940079472100154,-0.38059273326424664,0.04458451756375947,-0.5130365570389603
1130,-0.3014254118845779,0.9202508722484888,-0.9627465183418709,0.5596626757581918,0.04458451756375947,-0.22386736171749202
1131,0.4568453395784552,-1.0857636190557711,0.939636080765585,-0.17241360054446253,0.04458451756375947,0.6540544190291508
1132,1.087662953297527,0.9202508722484888,0.9410105703119764,-0.5626892793694798,0.4140322549352789,-0.04947248508249035
1133,-3.9880260353104244,-1.0857636190557711,0.939107669203868,-0.22254486391780412,0.04458451756375947,-2.1932936811509274
1134,1.087662953297527,0.9202508722484888,0.9138729885369241,-0.21701347358015874,-0.45763411215152705,2.4464459383525012
1135,0.4568453395784552,0.9202508722484888,0.9400833240097192,-0.38258147479441235,0.04458451756375947,-0.5130365570389603
1136,-0.3014254118845779,0.9202508722484888,-0.9245088577124388,-0.5264943968742638,0.33838697431207104,-0.5130365570389603
1137,1.6379879339442707,0.9202508722484888,0.9400720762278472,-0.3778303322609279,0.04458451756375947,1.8443565136000049
1138,-1.3103552681250366,0.9202508722484888,-1.345124795858801,-0.544596265797597,-0.7045710184111211,-0.6281470409629838
1139,1.087662953297527,-1.0857636190557711,0.9408411618137791,-0.3216211976678952,1.2280557540134889,0.47733856760619325
1140,-1.3103552681250366,0.9202508722484888,0.9407406872848292,-0.4419929056644726,0.754318424013478,-0.8573336802163825
1141,-0.3014254118845779,-1.0857636190557711,0.9407059609704694,-0.4854932885417431,0.7858703846094073,-1.4233939781124463
1142,0.4568453395784552,-1.0857636190557711,-0.7718548830727782,-0.3612313059531324,-0.6512696974074644,-0.04947248508249035
1143,0.4568453395784552,0.9202508722484888,-0.8995900525577561,-0.32654542381313034,0.04458451756375947,0.1255476425325116
1144,-0.3014254118845779,-1.0857636190557711,0.9400827511540402,-0.3821904311554632,0.04458451756375947,-0.7429180518765376
1145,0.4568453395784552,-1.0857636190557711,0.9411001280067398,-0.3732284349506124,-0.2504533036255622,-0.8573336802163825
1146,1.087662953297527,0.9202508722484888,0.44704474236292707,1.4239404416179022,3.621588672841952,1.425503601173361
1147,0.4568453395784552,0.9202508722484888,-0.8175445205832861,1.495681533253837,0.04458451756375947,0.8904721068642943
1148,-0.3014254118845779,0.9202508722484888,0.9400130616219737,-0.33988966245430535,0.04458451756375947,-0.1658073379085855
1149,0.4568453395784552,0.9202508722484888,-0.7980539372519748,-0.5808595194732158,-1.1709487033498291,0.8904721068642943
1150,1.087662953297527,0.9202508722484888,0.9407065443232051,-0.48455369641654605,0.7853436180199768,-0.39760110466127285
1151,-0.3014254118845779,-1.0857636190557711,-0.7876214377173539,-0.5289403252227668,-1.0124498071440287,-0.2818539633442571
1152,-0.3014254118845779,-1.0857636190557711,0.941311069178311,-0.34283099448605364,0.7897635793461976,-0.5706332959327309
1153,0.4568453395784552,0.9202508722484888,-0.9196198385110006,-0.47388046623921387,0.3328692964476261,-0.45535859511576954
1154,0.4568453395784552,0.9202508722484888,0.5909180762115662,1.242060619098202,0.04458451756375947,1.6645720641070196
1155,0.4568453395784552,0.9202508722484888,0.9113405131583278,1.7983759770875427,0.04458451756375947,-1.4233939781124463
1156,-0.3014254118845779,-1.0857636190557711,-0.9246157091412607,-0.5263724894689975,0.3385119336857788,-0.7429180518765376
1157,0.4568453395784552,-1.0857636190557711,0.9413104972792097,-0.18958292518907188,0.7745588921146674,-0.7429180518765376
1158,1.087662953297527,0.9202508722484888,-0.655971022390549,-0.3689926092201711,0.557158807262158,1.7244550890229169
1159,-0.3014254118845779,0.9202508722484888,-0.7953780676471106,-0.5770442848633458,-1.130117769906256,-1.0282519218851285
1160,1.087662953297527,0.9202508722484888,0.940966047010184,-0.09377539925960851,0.47501815222304816,0.8904721068642943
1161,1.087662953297527,0.9202508722484888,-0.6026501623913695,2.74811255781161,-1.264548216904233,0.4185516536288929
1162,0.4568453395784552,0.9202508722484888,-1.3331333686780178,-0.42179902540639497,-0.6752581699323896,-0.45535859511576954
1163,-0.3014254118845779,-1.0857636190557711,-0.893106966413948,-0.14140343698943306,0.04458451756375947,0.4185516536288929
1164,-0.3014254118845779,0.9202508722484888,-0.578851705000893,-0.450681177736705,1.220686082468061,0.1255476425325116
1165,0.4568453395784552,-1.0857636190557711,0.9413194161430873,1.5670007979247342,2.8334246775573044,0.8312847808508422
1166,-1.3103552681250366,-1.0857636190557711,0.9413194161432161,2.6664414664489113,0.04458451756375947,-0.8001713437443642
1167,0.4568453395784552,0.9202508722484888,0.8745870725615774,1.7432386721699054,3.5679632586970915,-0.2818539633442571
1168,1.087662953297527,0.9202508722484888,-1.3065667052247443,0.022771198540903946,-0.6407900553285608,1.1277540823752488
1169,-0.3014254118845779,0.9202508722484888,-0.5940755729653229,-0.4640280899902268,0.04458451756375947,-0.8573336802163825
1170,0.4568453395784552,0.9202508722484888,0.9407672460143252,-0.3017535246835235,0.8797565771309817,-0.45535859511576954
1171,-1.3103552681250366,-1.0857636190557711,-0.6239202355272343,-0.50800808950518,0.04458451756375947,-2.1394900079870434
1172,0.4568453395784552,0.9202508722484888,0.9413110713040715,-0.34320481229429783,0.7898749843097441,0.5950908413775572
1173,1.087662953297527,0.9202508722484888,0.9408272218382305,-0.3065326800181006,1.1560015804177006,-0.5706332959327309
1174,-1.3103552681250366,-1.0857636190557711,-1.3444475483742906,-0.5224831704552045,-0.7015877473775695,-0.22386736171749202
1175,-1.3103552681250366,0.9202508722484888,0.9408042598918286,2.677059381391755,1.0605835789328275,-0.22386736171749202
1176,0.4568453395784552,0.9202508722484888,-0.754565603034827,-0.41325785149486316,-0.7038360544329667,0.6540544190291508
1177,-0.3014254118845779,0.9202508722484888,0.9400664250609537,-0.3807811031190181,0.04458451756375947,0.5361852651889639
1178,-1.3103552681250366,-1.0857636190557711,0.40520831631026194,0.6665884212388575,-0.9957815215751485,0.18402098772817607
1179,-0.3014254118845779,-1.0857636190557711,-0.6250436890154398,-0.5142135495808572,0.04458451756375947,-0.3397657087180536
1180,-0.3014254118845779,-1.0857636190557711,0.9413110704004101,-0.34297883158858317,0.7898270736734296,0.1255476425325116
1181,-0.3014254118845779,0.9202508722484888,-1.3397636826405819,-0.5225231295573517,-0.689185898034352,-0.10767527035781711
1182,-0.3014254118845779,0.9202508722484888,-2.19022603465091,2.291557381912586,-1.9115223291137855,-0.1658073379085855
1183,0.4568453395784552,0.9202508722484888,0.10085639982914821,1.842031555196986,-3.3214570526187863,0.4185516536288929
1184,-0.3014254118845779,0.9202508722484888,0.9410985691306569,-0.3623494044350376,-0.24924197704693057,0.8312847808508422
1185,1.087662953297527,0.9202508722484888,-0.7577267905110088,-0.411314252751376,-0.6941007539081384,2.3860507533052737
1186,0.4568453395784552,-1.0857636190557711,-1.9565825664268106,2.5945806177606205,0.36877563126307267,-0.39760110466127285
1187,0.4568453395784552,0.9202508722484888,0.940706643060252,-0.485399749719734,0.7852628322856943,0.008799741358641582
1188,-0.3014254118845779,0.9202508722484888,-0.7541268158547233,-0.41364001729372984,-0.705183850479045,-0.39760110466127285
1189,1.087662953297527,0.9202508722484888,-0.6577497986544798,-0.22081004247078312,0.5573120196485561,1.78438340955766
1190,0.4568453395784552,0.9202508722484888,-0.9240842867281115,-0.5194387095908932,0.3378452042936107,-0.8573336802163825
1191,1.6379879339442707,0.9202508722484888,0.9413110711319282,-0.3431520715277348,0.7898642683107197,1.7244550890229169
1192,-0.3014254118845779,-1.0857636190557711,-0.6251356887493981,-0.514384724796093,0.04458451756375947,-1.4233939781124463
1193,0.4568453395784552,0.9202508722484888,0.9326541777450322,1.4726777657068995,-2.800968745812899,1.0683551163036333
1194,-0.3014254118845779,-1.0857636190557711,0.9413194161432161,2.460399927722511,2.677332854382928,-0.8573336802163825
1195,1.087662953297527,0.9202508722484888,-0.7600913417153824,-0.4050262855067595,-0.6869126503485152,1.7244550890229169
1196,-1.3103552681250366,-1.0857636190557711,0.9407493095208795,-0.4924220872709759,0.7472147446015205,-0.6281470409629838
1197,0.4568453395784552,0.9202508722484888,-0.7970290762899266,-0.578896810143826,-1.1549821955358706,-0.22386736171749202
1198,-0.3014254118845779,-1.0857636190557711,-0.7978964933294862,-0.5811136628354973,-1.1685448085967942,-1.4233939781124463
1199,-0.3014254118845779,-1.0857636190557711,0.9411003176000511,-0.37417848024603095,-0.2506122290212643,-0.5130365570389603
1200,-0.3014254118845779,0.9202508722484888,-0.759153640357805,-0.5264118437291028,-0.622173752483521,-0.22386736171749202
1201,1.087662953297527,0.9202508722484888,-0.056898822318688175,-2.34602208312706,0.04458451756375947,-0.3397657087180536
1202,-1.3103552681250366,-1.0857636190557711,-0.7777592352442486,-0.5561073490826489,-0.8698530114252877,-0.8573336802163825
1203,-1.3103552681250366,-1.0857636190557711,0.9411003177907254,-0.37438488769969797,-0.25061196644616035,-1.4233939781124463
1204,1.6379879339442707,0.9202508722484888,-1.2959664278735228,-0.34277999386829444,-0.651110491508956,1.8443565136000049
1205,0.4568453395784552,0.9202508722484888,0.9411001261663728,-0.373991390661807,-0.2504488178273846,-0.6281470409629838
1206,-0.3014254118845779,0.9202508722484888,0.9410999763151338,-0.3722989171159283,-0.2503326116213817,0.47733856760619325
1207,-0.3014254118845779,0.9202508722484888,0.9413090441500325,-0.26032132515878653,0.7548149648409473,0.3011609440459889
1208,-1.3103552681250366,-1.0857636190557711,-0.6255580095390291,-0.5162083370255341,0.04458451756375947,-0.914402817450021
1209,0.4568453395784552,0.9202508722484888,-0.7574485435460275,-0.41186432007810536,-0.6948822743884241,0.8312847808508422
1210,1.087662953297527,0.9202508722484888,-0.42540043510188735,0.7542032586238577,0.04458451756375947,0.4185516536288929
1211,-1.3103552681250366,-1.0857636190557711,-0.9241343809860396,-0.5233720132383405,0.33792700995980535,0.35982545747713135
1212,-1.3103552681250366,-1.0857636190557711,0.9398104828067917,0.8437821448588423,-0.2381799351055099,-0.10767527035781711
