Row,kDN,TD_U,CL,Harmfulness,Usefulness,F2
1,-0.6064467020621378,0.6949579082429815,-0.840422397534602,1.5981142226604335,-1.4287538292150501,-0.5112271076407986
2,-0.6064467020621378,1.4387559827345413,0.9156315181925123,1.3134174130714984,-1.0029415879318078,-0.5174297601183705
3,-1.2863913592183929,-0.792734587736763,-1.6368228230735595,0.6812089336590516,-1.4287538292150501,1.8900620632489415
4,0.7180682113731236,-0.6988230343026319,1.6765404555784778,-0.7245438725571992,0.9574293914933818,1.9951232205688085
5,0.06135195397129323,1.4674530522428193,-0.8405068590729872,-0.7245438725571992,0.9574293914933818,-0.5169976836891375
6,-0.6064467020621378,1.4387559827345413,-0.8405126379779464,1.3134174130714984,-1.6784690741943524,-0.5171625357913885
7,0.06135195397129323,0.9172767120378446,-0.8404616014684668,-0.7245438725571992,0.9574293914933818,-0.5152525802820311
8,0.7180682113731236,-1.205863084017514,-0.8357678075694076,-0.7245438725571992,0.9574293914933818,-0.30249617634888665
9,0.7180682113731236,0.8318863737429419,0.9155693980211291,1.3134174130714984,-1.0029415879318078,-0.5128828215475566
10,-0.6064467020621378,-0.5209256463405694,0.8360022210384368,-0.7245438725571992,0.9574293914933818,0.6250085332041748
11,1.364608132523318,0.3842939499317996,0.9151542099553834,-0.7245438725571992,0.9574293914933818,-0.4864306283075167
12,-1.9797462048535426,-0.792734587736763,0.9088276162199096,-0.7245438725571992,0.9574293914933818,-0.17491288213893824
13,0.7180682113731236,1.495524816226513,-0.8405063112286943,0.6812089336590516,0.9574293914933818,-0.5168233388678422
14,2.001751937056112,-1.4380091521429539,-0.8289342986990724,1.3134174130714984,0.9574293914933818,-0.12596461910659892
15,0.7180682113731236,-0.2765087930481455,-0.8393025796975828,1.5981142226604335,0.9574293914933818,-0.44331313180888576
16,2.001751937056112,-0.6988230343026319,0.5022425103453982,0.6812089336590516,0.9574293914933818,1.2431720759822669
17,0.06135195397129323,0.8751416555458669,-0.8404401174161847,-0.7245438725571992,0.9574293914933818,-0.5133663128273066
18,-0.6064467020621378,1.495524816226513,0.9156331934325644,-0.7245438725571992,0.9574293914933818,-0.517555883261052
19,0.06135195397129323,1.4674530522428193,0.9156239664018556,-0.7245438725571992,0.9574293914933818,-0.5169595972986765
20,-0.6064467020621378,-0.792734587736763,-1.6368228230735595,-0.7245438725571992,-1.4287538292150501,1.9951232205688085
21,1.364608132523318,1.495524816226513,0.9156279144923101,-0.7245438725571992,-0.2774800119000938,-0.5171758548415762
22,0.06135195397129323,-1.205863084017514,0.9123189879648239,1.5981142226604335,-1.0029415879318078,-0.3156523841648318
23,0.7180682113731236,0.4938269234215083,-0.8402726118204873,-0.7245438725571992,-0.2774800119000938,-0.5042269303380496
24,-0.6064467020621378,-0.792734587736763,-0.79589553795496,-0.7245438725571992,-1.4287538292150501,0.3649336659299205
25,1.364608132523318,-1.3195995250507466,1.6760813575861733,0.6812089336590516,-0.2774800119000938,1.9951232205688085
26,0.06135195397129323,-0.5209256463405694,-0.6883805260303137,-0.7245438725571992,0.9574293914933818,0.509771510785264
27,0.06135195397129323,-0.6988230343026319,1.676540341035588,1.5981142226604335,0.9574293914933818,1.9951232205688085
28,2.001751937056112,0.8751416555458669,-0.840434410121918,0.6812089336590516,-1.4287538292150501,-0.5119375534300282
29,0.7180682113731236,-1.4380091521429539,-0.8365881636121737,-0.7245438725571992,-1.0029415879318078,-0.3216312497115697
30,2.001751937056112,-0.3551856677804989,0.9143212112966626,-0.7245438725571992,0.9574293914933818,-0.4376746765386116
31,-1.2863913592183929,-0.9913919845459518,-1.6331385636301983,-0.7245438725571992,-1.0029415879318078,1.9951232205688085
32,-0.6064467020621378,0.741840854707084,0.9155536329436698,-0.7245438725571992,0.9574293914933818,-0.5120954482626348
33,0.06135195397129323,-0.9913919845459518,0.8914401652473602,1.5981142226604335,-1.0029415879318078,0.2533208858185523
34,0.06135195397129323,0.8318863737429419,0.9155744938985557,-0.7245438725571992,0.9574293914933818,-0.5135079120129834
35,2.001751937056112,1.5229905548523877,0.9156323682036452,1.7264872949717982,-1.0029415879318078,-0.5174859136015488
36,0.06135195397129323,-0.792734587736763,-1.6368228230735595,0.6812089336590516,0.9574293914933818,1.9951232205688085
37,0.06135195397129323,1.2851574855575607,0.9156213939336073,1.5981142226604335,-1.4287538292150501,-0.516657838627372
38,0.06135195397129323,-1.0965407956591293,1.6765404772101304,-0.7245438725571992,0.9574293914933818,-4.2056160622118535
39,-0.6064467020621378,-0.43661153059150326,-0.8392158242124224,0.6812089336590516,-0.2774800119000938,-0.4466392467763632
40,-0.6064467020621378,1.495524816226513,0.9156330345864798,-0.7245438725571992,-1.0029415879318078,-0.5175397443429247
41,0.06135195397129323,0.3842939499317996,-0.8402088089288775,-0.7245438725571992,-0.2774800119000938,-0.5007936082226175
42,0.06135195397129323,1.2522555467321683,-0.8405047665600912,0.6812089336590516,-1.6784690741943524,-0.5166036984378806
43,0.7180682113731236,1.1125177401485014,0.9156026435513931,-0.7245438725571992,0.9574293914933818,-0.5154884701880902
44,1.364608132523318,-0.5209256463405694,0.8634378246970089,1.5981142226604335,-0.2774800119000938,0.527074013537799
45,-0.6064467020621378,-0.43661153059150326,-0.8393746794704224,-0.7245438725571992,0.9574293914933818,-0.45577598667222896
46,-1.9797462048535426,-0.9913919845459518,-1.5749662029437017,0.6812089336590516,-1.8247857845971525,1.9951232205688085
47,0.06135195397129323,0.5972216516895191,-0.8403394871091705,1.5981142226604335,-1.0029415879318078,-0.5070930830519061
48,0.06135195397129323,1.495524816226513,-0.8405189071435804,0.6812089336590516,0.9574293914933818,-0.5176629711674363
49,-0.6064467020621378,1.495524816226513,-0.8405146984836717,-0.7245438725571992,0.9574293914933818,-0.5173735475996009
50,0.06135195397129323,-1.205863084017514,-0.8328645244169155,-0.7245438725571992,0.9574293914933818,-0.27202985104187
51,0.7180682113731236,-0.5209256463405694,-0.6530656261101861,1.7844478391944463,-1.4287538292150501,0.9475021070501147
52,0.06135195397129323,1.4387559827345413,0.9156304125461974,1.5981142226604335,0.9574293914933818,-0.5173394389926497
53,0.06135195397129323,1.4674530522428193,0.9156233411961237,-0.7245438725571992,0.9574293914933818,-0.5168919759996401
54,0.06135195397129323,-0.792734587736763,0.9083269848365914,-0.7245438725571992,0.9574293914933818,-0.1802518170971572
55,-1.2863913592183929,-1.205863084017514,0.7293752387517339,-0.7245438725571992,-0.2774800119000938,1.519437697853711
56,0.06135195397129323,-1.3195995250507466,-0.14634377231692172,1.3134174130714984,-1.0029415879318078,1.5736469528087458
57,-1.2863913592183929,0.439859737636697,0.9154794239698862,-0.7245438725571992,-1.4287538292150501,-0.5065296712935881
58,-0.6064467020621378,-0.1268873232836544,0.9149188234589987,0.6812089336590516,-0.2774800119000938,-0.4671827085836029
59,-0.6064467020621378,0.07994732981726328,-0.839910036075267,-0.7245438725571992,0.9574293914933818,-0.4917985484039659
60,-1.2863913592183929,-1.4380091521429539,0.9061526698955865,-0.7245438725571992,-0.2774800119000938,-0.08534427760203742
61,1.364608132523318,-1.3195995250507466,1.6752181726188755,-0.7245438725571992,0.9574293914933818,1.845941765297469
62,1.364608132523318,0.7874678400363724,0.9155672850360291,0.6812089336590516,-0.2774800119000938,-0.5128575226683635
63,-1.2863913592183929,1.4674530522428193,-0.8405175959440573,-0.7245438725571992,0.9574293914933818,-0.5175540566212855
64,1.364608132523318,-0.8901927578090358,0.9133707336611101,-0.7245438725571992,-0.2774800119000938,-0.3800765808709984
65,-1.9797462048535426,0.3842939499317996,-0.8401577942506073,-0.7245438725571992,0.9574293914933818,-0.5038837209216767
66,0.7180682113731236,-0.5209256463405694,0.5891026974076917,-0.7245438725571992,-0.2774800119000938,1.1638130728659457
67,-0.6064467020621378,-0.43661153059150326,-0.839520156146769,-0.7245438725571992,-0.2774800119000938,-0.47677359676832254
68,-0.6064467020621378,-0.792734587736763,-1.6368228230735595,-0.7245438725571992,0.9574293914933818,1.9951232205688085
69,0.06135195397129323,1.2522555467321683,-0.8405065200489853,-0.7245438725571992,0.9574293914933818,-0.5167618752768787
70,0.06135195397129323,1.1125177401485014,0.915605576910472,-0.7245438725571992,-0.2774800119000938,-0.515744246428216
71,-1.9797462048535426,0.32706106014026093,0.9153607449067733,-0.7245438725571992,-0.2774800119000938,-0.49920684331105963
72,-0.6064467020621378,-0.5209256463405694,0.8468595606268299,-0.7245438725571992,-1.4287538292150501,0.6322860043625814
73,1.364608132523318,-1.0965407956591293,1.6651764682784358,-0.7245438725571992,0.9574293914933818,1.7125756389055629
74,0.06135195397129323,0.6949579082429815,-0.8404275651337652,-0.7245438725571992,0.9574293914933818,-0.5128872607468794
75,-1.2863913592183929,-0.792734587736763,0.9052080511837137,-0.7245438725571992,-0.2774800119000938,-0.10013071484274855
76,-1.2863913592183929,-1.205863084017514,0.9103337767381108,-0.7245438725571992,-0.2774800119000938,-0.25286497579035394
77,0.7180682113731236,-0.6988230343026319,0.2649411437827258,1.7844478391944463,-1.6784690741943524,1.4558496417545488
78,0.7180682113731236,0.5462603934448973,-0.8403608284439407,-0.7245438725571992,-1.0029415879318078,-0.5085334283226169
79,-0.6064467020621378,-0.792734587736763,-1.6368228230735595,-0.7245438725571992,0.9574293914933818,1.9951232205688085
80,0.06135195397129323,-0.43661153059150326,0.9141806508638282,-0.7245438725571992,-1.0029415879318078,-0.4233312439401932
81,0.06135195397129323,-1.3195995250507466,-1.5108929129088673,1.7844478391944463,-1.6784690741943524,1.9951232205688085
82,0.06135195397129323,1.1125177401485014,0.9156034609809588,-0.7245438725571992,0.9574293914933818,-0.5155598401362312
83,-1.2863913592183929,0.9172767120378446,-0.8404678058626078,-0.7245438725571992,-0.2774800119000938,-0.5147267395738966
84,-0.6064467020621378,1.495524816226513,-0.8405127057952619,-0.7245438725571992,0.9574293914933818,-0.5173030280467802
85,0.7180682113731236,0.6949579082429815,-0.8404381546650241,-0.7245438725571992,0.9574293914933818,-0.5142125336713148
86,0.7180682113731236,1.1487282858787249,0.9156153074617716,1.7264872949717982,-1.4287538292150501,-0.5162195741280771
87,-1.2863913592183929,1.037360808751272,-0.8404857806561663,-0.7245438725571992,-1.0029415879318078,-0.5156349813441432
88,-1.9797462048535426,0.32706106014026093,0.9153729237718573,-0.7245438725571992,-1.6784690741943524,-0.4991115358997442
89,-0.6064467020621378,1.495524816226513,0.915633128742168,-0.7245438725571992,0.9574293914933818,-0.5175535896473998
90,0.06135195397129323,1.2522555467321683,-0.8404990413168195,1.5981142226604335,0.9574293914933818,-0.5162472549693956
91,0.06135195397129323,-1.0965407956591293,1.6765404772101304,-0.7245438725571992,-1.4287538292150501,1.9951232205688085
92,-0.6064467020621378,1.2522555467321683,0.9156200673248877,1.5981142226604335,-0.2774800119000938,-0.5166006191434173
93,-1.2863913592183929,0.3842939499317996,-0.840174165070022,0.6812089336590516,0.9574293914933818,-0.5007232695393976
94,0.06135195397129323,-0.792734587736763,0.9074241592138897,-0.7245438725571992,-1.4287538292150501,-0.10936868746051756
95,2.001751937056112,1.1487282858787249,0.9156066632551603,-0.7245438725571992,0.9574293914933818,-0.5156946851477542
96,-0.6064467020621378,0.07994732981726328,-0.8398697047612244,0.6812089336590516,-1.0029415879318078,-0.47930892016523696
97,0.06135195397129323,-0.1268873232836544,0.9151021385205136,-0.7245438725571992,0.9574293914933818,-0.482198025828302
98,0.06135195397129323,-0.43661153059150326,-0.8396720665372915,-0.7245438725571992,0.9574293914933818,-0.47875617519575486
99,-1.2863913592183929,1.4387559827345413,-0.8405117880442893,0.6812089336590516,-1.9104429153545375,-0.5171544566684667
100,-1.2863913592183929,1.4674530522428193,-0.8405090527026272,-0.7245438725571992,0.9574293914933818,-0.5172312189625156
101,0.06135195397129323,-1.4380091521429539,-0.8366722994967194,-0.7245438725571992,0.9574293914933818,-0.32663013642515126
102,-0.6064467020621378,1.1487282858787249,0.9156137192147473,-0.7245438725571992,0.9574293914933818,-0.5162634638134409
103,-1.9797462048535426,0.20730037694656048,-0.8400150537486765,-0.7245438725571992,-1.0029415879318078,-0.48908295500943155
104,-0.6064467020621378,0.5462603934448973,-0.8403812812070673,0.6812089336590516,-1.0029415879318078,-0.5086790844891195
105,-0.6064467020621378,-1.205863084017514,1.2052476441567959,-0.7245438725571992,-0.2774800119000938,1.4364797689845563
106,0.7180682113731236,-0.43661153059150326,-0.773959184691818,-0.7245438725571992,-0.2774800119000938,0.45017526283474996
107,-1.2863913592183929,0.3842939499317996,-0.840140209651938,1.7264872949717982,-1.6784690741943524,-0.4912946210269894
108,0.06135195397129323,-1.3195995250507466,-1.0451979409147112,-0.7245438725571992,0.9574293914933818,1.8166680457622082
109,0.7180682113731236,-0.8901927578090358,0.8950308739629302,-0.7245438725571992,-0.2774800119000938,0.17606824161106496
110,0.7180682113731236,-0.9913919845459518,0.8837965621457885,1.5981142226604335,0.9574293914933818,0.3520854477065716
111,-0.6064467020621378,-0.6082765918746469,-1.6368221382636117,-0.7245438725571992,-1.0029415879318078,1.9951232205688085
112,-0.6064467020621378,1.5229905548523877,-0.8405190237291488,-0.7245438725571992,0.9574293914933818,-0.5176232513018971
113,0.06135195397129323,0.8318863737429419,0.9155474189019507,-0.7245438725571992,0.9574293914933818,-0.5118455323429099
114,1.364608132523318,1.1487282858787249,0.9156068493976126,1.7844478391944463,-1.4287538292150501,-0.5155996673294075
115,1.364608132523318,1.2851574855575607,0.91561712786454,1.5981142226604335,-1.4287538292150501,-0.5163698923029204
116,1.364608132523318,-1.205863084017514,-0.8347518454829658,1.5981142226604335,0.9574293914933818,-0.26570145795591654
117,1.364608132523318,1.1487282858787249,0.9156096514853869,-0.7245438725571992,0.9574293914933818,-0.5159362165981474
118,0.7180682113731236,-0.43661153059150326,-0.7830281142553791,-0.7245438725571992,0.9574293914933818,0.21069857584673055
119,-1.2863913592183929,1.4674530522428193,0.9156255299670873,-0.7245438725571992,-1.6784690741943524,-0.5169791843531126
120,0.06135195397129323,1.4674530522428193,0.9156260307733117,-0.7245438725571992,-0.2774800119000938,-0.517060078498157
121,-1.2863913592183929,-0.3551856677804989,0.9148561828679961,0.6812089336590516,-1.0029415879318078,-0.4631035332093263
122,0.7180682113731236,-0.8901927578090358,-0.8383442366344109,-0.7245438725571992,0.9574293914933818,-0.4163525045159723
123,1.364608132523318,1.495524816226513,0.9156275501132258,-0.7245438725571992,0.9574293914933818,-0.5171573583121825
124,0.06135195397129323,0.8318863737429419,0.9155533818846938,-0.7245438725571992,-0.2774800119000938,-0.5121209313183721
125,-1.2863913592183929,-1.205863084017514,0.6998086685562583,-0.7245438725571992,0.9574293914933818,1.0074536789887407
126,0.7180682113731236,0.9983481441069354,-0.8404730020222113,-0.7245438725571992,0.9574293914933818,-0.5150516049993998
127,-0.6064467020621378,1.495524816226513,-0.8405130724163103,1.3134174130714984,-1.6784690741943524,-0.5171609227145898
128,-1.2863913592183929,-1.4380091521429539,0.9034639388032117,-0.7245438725571992,0.9574293914933818,-0.019018856497081713
129,1.364608132523318,-0.055704695091252074,0.9149590292647652,1.7844478391944463,-0.2774800119000938,-0.47220096184068666
130,0.06135195397129323,-1.0965407956591293,1.6765404772101304,-0.7245438725571992,-1.0029415879318078,-3.454386616526927
131,0.7180682113731236,-0.20045024551280113,-0.8396665111481054,-0.7245438725571992,-0.2774800119000938,-0.47192477363839963
132,0.06135195397129323,1.2522555467321683,-0.8404980834955565,0.6812089336590516,-0.2774800119000938,-0.5162318912892759
133,2.6301778347305618,1.495524816226513,0.9156269491322075,1.7844478391944463,0.9574293914933818,-0.5170836160159156
134,0.06135195397129323,-0.43661153059150326,0.9138917262013457,1.5981142226604335,-0.2774800119000938,-0.4036474431541741
135,0.06135195397129323,0.5462603934448973,0.915525849177125,-0.7245438725571992,-0.2774800119000938,-0.5103398542469842
136,0.7180682113731236,0.741840854707084,0.9155531583094568,1.5981142226604335,-1.0029415879318078,-0.5118632039360413
137,-0.6064467020621378,-1.0965407956591293,1.6765404772101304,-0.7245438725571992,-0.2774800119000938,1.3548469464823034
138,0.06135195397129323,1.2522555467321683,-0.8405007466948065,-0.7245438725571992,0.9574293914933818,-0.5168850143815746
139,0.06135195397129323,1.495524816226513,-0.8405138258867877,-0.7245438725571992,0.9574293914933818,-0.5173124993417318
140,0.06135195397129323,1.4387559827345413,-0.8405143063346364,-0.7245438725571992,0.9574293914933818,-0.5174068108685568
141,2.001751937056112,-1.3195995250507466,-0.7222586056347141,-0.7245438725571992,0.9574293914933818,1.7556222128454062
142,-1.2863913592183929,-1.4380091521429539,0.9039217143219437,1.3134174130714984,-1.4287538292150501,-0.026145519473624337
143,1.364608132523318,-1.0965407956591293,1.6144207397588353,-0.7245438725571992,0.9574293914933818,1.5066011301272273
144,0.7180682113731236,1.3487078116630709,-0.8405156821579527,1.7264872949717982,-0.2774800119000938,-0.5173610011501344
145,0.7180682113731236,1.3487078116630709,-0.8405155895344896,-0.7245438725571992,0.9574293914933818,-0.5173688550338018
146,-1.2863913592183929,0.5972216516895191,0.9154772248968164,-0.7245438725571992,0.9574293914933818,-0.5064989982452743
147,1.364608132523318,1.2851574855575607,-0.8405048304860034,-0.7245438725571992,0.9574293914933818,-0.5171196889061841
148,0.7180682113731236,0.5462603934448973,0.9154861994427486,-0.7245438725571992,0.9574293914933818,-0.5076334482653228
149,-0.6064467020621378,0.20730037694656048,-0.8400479686798823,-0.7245438725571992,-1.0029415879318078,-0.49052466412770895
150,-0.6064467020621378,1.495524816226513,-0.8405141966829978,0.6812089336590516,-1.0029415879318078,-0.517292566753066
151,0.06135195397129323,1.2522555467321683,-0.8405043689776764,-0.7245438725571992,0.9574293914933818,-0.5171273081674641
152,0.7180682113731236,-0.3551856677804989,0.9141484280002875,-0.7245438725571992,0.9574293914933818,-0.42129207348082587
153,0.06135195397129323,0.5972216516895191,-0.8402650067901585,-0.7245438725571992,-0.2774800119000938,-0.5019718894230412
154,0.06135195397129323,1.2522555467321683,-0.8404922766085113,1.5981142226604335,-0.2774800119000938,-0.5157979747376185
155,-0.6064467020621378,0.07994732981726328,-0.839892625741057,-0.7245438725571992,0.9574293914933818,-0.4948777730703612
156,0.06135195397129323,-0.5209256463405694,0.843781770888902,-0.7245438725571992,0.9574293914933818,0.6348732692031935
157,0.7180682113731236,-0.5209256463405694,-0.663612797557406,-0.7245438725571992,0.9574293914933818,0.8725597794630264
158,0.06135195397129323,-0.792734587736763,-0.8330085043183005,1.3134174130714984,0.9574293914933818,-0.20196378629571113
159,0.06135195397129323,0.9172767120378446,-0.8404629852893468,-0.7245438725571992,0.9574293914933818,-0.5148067997184274
160,-1.2863913592183929,-0.792734587736763,-0.8069934855404265,-0.7245438725571992,0.9574293914933818,0.04538187496723308
161,-1.2863913592183929,1.4674530522428193,0.9156254113498682,-0.7245438725571992,0.9574293914933818,-0.5169987608746862
162,0.7180682113731236,-0.6988230343026319,1.6765396550387113,1.7264872949717982,-1.4287538292150501,1.9951232205688085
163,-0.6064467020621378,0.9172767120378446,-0.840465334089734,0.6812089336590516,-1.0029415879318078,-0.5139460858768462
164,-1.9797462048535426,-1.4380091521429539,0.8999224457236126,-0.7245438725571992,-1.0029415879318078,0.0489823410322648
165,0.7180682113731236,0.7874678400363724,-0.8404497299311469,1.7264872949717982,-1.0029415879318078,-0.51289753279104
166,0.06135195397129323,-0.792734587736763,-1.636822767874765,-0.7245438725571992,-0.2774800119000938,1.9951232205688085
167,-1.9797462048535426,-1.4380091521429539,0.9005406944143941,-0.7245438725571992,-1.8247857845971525,0.08765247721231208
168,1.364608132523318,0.5972216516895191,-0.8404035231140561,0.6812089336590516,-0.2774800119000938,-0.5112606290100153
169,0.06135195397129323,-0.6988230343026319,0.00980986596087969,-0.7245438725571992,0.9574293914933818,1.4737397207355498
170,0.06135195397129323,1.2185682704078387,0.9156080141692216,-0.7245438725571992,0.9574293914933818,-0.5157742603803263
171,2.001751937056112,0.5462603934448973,0.9155073491389959,1.5981142226604335,0.9574293914933818,-0.5084701598918352
172,0.06135195397129323,-0.792734587736763,-1.6368228230735595,-0.7245438725571992,0.9574293914933818,1.9951232205688085
173,0.7180682113731236,-0.5209256463405694,0.7947712824864575,-0.7245438725571992,0.9574293914933818,0.7586292521334838
174,0.06135195397129323,-0.5209256463405694,-0.6824214828145939,-0.7245438725571992,0.9574293914933818,0.5503324075495651
175,0.06135195397129323,0.07994732981726328,0.9151468103808894,-0.7245438725571992,-0.2774800119000938,-0.4865728488255511
176,0.06135195397129323,0.6949579082429815,-0.840425106220583,-0.7245438725571992,0.9574293914933818,-0.5124429704533262
177,-1.2863913592183929,-1.4380091521429539,0.8931578864316109,-0.7245438725571992,0.9574293914933818,0.19186415068263896
178,0.06135195397129323,0.9583325238551856,-0.8404797965800229,-0.7245438725571992,0.9574293914933818,-0.5160029906378005
179,1.364608132523318,-1.0965407956591293,1.5397613832240735,0.6812089336590516,0.9574293914933818,1.8806005124934244
180,-0.6064467020621378,-0.6082765918746469,0.5060198321891117,0.6812089336590516,-1.8247857845971525,1.5953986728844736
181,-1.2863913592183929,-0.792734587736763,0.9046687023358466,-0.7245438725571992,-0.2774800119000938,-0.04775927678845406
182,2.001751937056112,-1.4380091521429539,-0.8274438171134427,1.7844478391944463,-0.2774800119000938,-0.10365101551532724
183,0.06135195397129323,1.495524816226513,-0.8405184652517684,-0.7245438725571992,0.9574293914933818,-0.5176161042692926
184,-0.6064467020621378,0.6949579082429815,-0.8404274300515086,-0.7245438725571992,0.9574293914933818,-0.5136806769147395
185,-2.6880358956763057,0.5972216516895191,-0.8402989769976708,-0.7245438725571992,-1.0029415879318078,-0.5089650532415609
186,0.7180682113731236,-0.6988230343026319,0.8763108390284953,-0.7245438725571992,0.9574293914933818,0.41158254161654667
187,0.7180682113731236,-1.0965407956591293,-0.8208911238373324,1.5981142226604335,-0.2774800119000938,0.07544710954184165
188,0.06135195397129323,1.2522555467321683,0.915618660868459,-0.7245438725571992,-1.0029415879318078,-0.5164755725523571
189,1.364608132523318,-1.3195995250507466,1.6762866847392444,0.6812089336590516,-0.2774800119000938,1.9951232205688085
190,-0.6064467020621378,-1.0965407956591293,-0.8374838285561195,-0.7245438725571992,0.9574293914933818,-0.37922113567088295
191,-1.2863913592183929,0.3842939499317996,-0.8401985830768316,-0.7245438725571992,-0.2774800119000938,-0.5001337574512958
192,-0.6064467020621378,0.5462603934448973,-0.8403790376100571,-0.7245438725571992,0.9574293914933818,-0.5100820613845365
193,0.7180682113731236,-0.792734587736763,1.6765404772067674,-0.7245438725571992,-0.2774800119000938,1.9951232205688085
194,1.364608132523318,-0.6082765918746469,1.676484357080139,1.7844478391944463,0.9574293914933818,1.9951232205688085
195,0.7180682113731236,1.4094135225645867,-0.8405154230260592,-0.7245438725571992,0.9574293914933818,-0.5174071333116734
196,0.06135195397129323,0.8751416555458669,-0.8404291839492771,-0.7245438725571992,-0.2774800119000938,-0.5123889114351982
197,0.7180682113731236,-0.9913919845459518,0.8793291664629165,-0.7245438725571992,0.9574293914933818,0.33694557087546034
198,-0.6064467020621378,-0.792734587736763,-1.6368228230729647,1.5981142226604335,-0.2774800119000938,1.9951232205688085
199,0.06135195397129323,1.2851574855575607,-0.8405046397995383,-0.7245438725571992,0.9574293914933818,-0.5168067473470754
200,-1.2863913592183929,1.4674530522428193,-0.8405175653259312,1.5981142226604335,-1.6784690741943524,-0.517487150427798
201,1.364608132523318,1.495524816226513,0.9156285769625747,1.7264872949717982,0.9574293914933818,-0.5171992103434978
202,2.001751937056112,0.3842939499317996,0.91526394531589,1.7844478391944463,-1.4287538292150501,-0.49130635425041586
203,0.06135195397129323,-1.4380091521429539,0.8942388684018893,-0.7245438725571992,0.9574293914933818,0.1667100113956148
204,0.7180682113731236,1.4674530522428193,-0.8405170335058801,-0.7245438725571992,0.9574293914933818,-0.5175601939269074
205,1.364608132523318,1.2522555467321683,-0.8405030984006898,-0.7245438725571992,0.9574293914933818,-0.5167553868735363
206,-0.6064467020621378,-0.792734587736763,0.9084427024726062,0.6812089336590516,-0.2774800119000938,-0.15702595611312323
207,0.06135195397129323,0.9172767120378446,-0.840462852890877,1.5981142226604335,-0.2774800119000938,-0.5140338990236467
208,-0.6064467020621378,0.3842939499317996,-0.8401351460940668,0.6812089336590516,-1.0029415879318078,-0.49307753483709255
209,-1.9797462048535426,-1.3195995250507466,-1.6358104360636239,-0.7245438725571992,0.9574293914933818,1.9951232205688085
210,0.06135195397129323,-0.20045024551280113,-0.8397000492782235,-0.7245438725571992,0.9574293914933818,-0.4835384235068155
211,0.06135195397129323,-0.6082765918746469,-1.6368215760517766,1.7264872949717982,-1.6784690741943524,1.9951232205688085
212,0.06135195397129323,-1.0965407956591293,-0.8203064981475234,-0.7245438725571992,0.9574293914933818,-0.0739745128211062
213,-0.6064467020621378,-1.0965407956591293,0.9135151513550751,-0.7245438725571992,0.9574293914933818,-0.3860735407629926
214,-1.2863913592183929,1.037360808751272,-0.8404859175088442,1.3134174130714984,-1.0029415879318078,-0.5153674149352016
215,0.06135195397129323,0.9583325238551856,-0.8404796745598838,-0.7245438725571992,0.9574293914933818,-0.5154602848436468
216,-0.6064467020621378,1.3487078116630709,-0.8405146134430925,1.7264872949717982,-1.6784690741943524,-0.5173105228262065
217,0.7180682113731236,1.4387559827345413,0.9156312305615866,-0.7245438725571992,0.9574293914933818,-0.5174245716212899
218,0.7180682113731236,-0.6988230343026319,0.22093296886306882,0.6812089336590516,-1.8247857845971525,1.4949357638944851
219,-0.6064467020621378,0.32706106014026093,0.9153382166153187,-0.7245438725571992,-0.2774800119000938,-0.49771468862762014
220,1.364608132523318,1.495524816226513,0.9156218355181767,-0.7245438725571992,0.9574293914933818,-0.5167288865430016
221,-0.6064467020621378,-0.792734587736763,-0.8091641775794765,1.5981142226604335,-1.8247857845971525,0.2698108295951227
222,0.7180682113731236,-1.205863084017514,0.9129548649541377,1.5981142226604335,-0.2774800119000938,-0.35188306305198364
223,1.364608132523318,1.495524816226513,0.9156276514767356,1.7844478391944463,-1.0029415879318078,-0.517126638261914
224,-1.2863913592183929,1.3487078116630709,-0.8405148830768744,-0.7245438725571992,-0.2774800119000938,-0.517483829545501
225,-1.2863913592183929,-0.792734587736763,0.909383740384133,-0.7245438725571992,-0.2774800119000938,-0.1931451533854746
226,1.364608132523318,-0.6082765918746469,-0.838776512085033,0.6812089336590516,0.9574293914933818,-0.4412069915970417
227,0.7180682113731236,-0.1268873232836544,-0.8397935920178663,-0.7245438725571992,0.9574293914933818,-0.47873050115482824
228,-0.6064467020621378,-1.4380091521429539,0.9108418053257418,-0.7245438725571992,-0.2774800119000938,-0.25460098451941177
229,-0.6064467020621378,1.2522555467321683,0.9156208351119084,0.6812089336590516,-1.0029415879318078,-0.5166731654217169
230,-1.2863913592183929,1.2522555467321683,-0.8404914906070231,-0.7245438725571992,-0.2774800119000938,-0.515917074911765
231,2.001751937056112,0.6949579082429815,-0.8404161411647035,0.6812089336590516,-0.2774800119000938,-0.5116290925097824
232,0.7180682113731236,1.4387559827345413,0.9156318800821234,0.6812089336590516,-1.0029415879318078,-0.5174472330321703
233,0.7180682113731236,0.439859737636697,0.9155103876191991,-0.7245438725571992,-0.2774800119000938,-0.5093791078104661
234,-0.6064467020621378,-0.1268873232836544,0.914867816590886,-0.7245438725571992,0.9574293914933818,-0.4652081124533335
235,2.6301778347305618,-1.0965407956591293,1.638029011445448,1.5981142226604335,0.9574293914933818,1.8670341043743703
236,0.7180682113731236,1.4387559827345413,0.9156313064385789,-0.7245438725571992,-1.0029415879318078,-0.5174072987986308
237,-1.9797462048535426,-0.792734587736763,0.9064016092100864,-0.7245438725571992,-0.2774800119000938,-0.10348479117881275
238,1.364608132523318,-1.0965407956591293,1.6765404772101304,-0.7245438725571992,-0.2774800119000938,1.9951232205688085
239,1.364608132523318,-0.8901927578090358,1.6765404772101304,-0.7245438725571992,0.9574293914933818,1.9951232205688085
240,0.06135195397129323,-0.8901927578090358,1.6765404772101304,-0.7245438725571992,-1.0029415879318078,1.9951232205688085
241,0.06135195397129323,0.9983481441069354,0.9155979029188286,-0.7245438725571992,0.9574293914933818,-0.5153379662865291
242,0.06135195397129323,-1.4380091521429539,0.8969426320727348,-0.7245438725571992,-0.2774800119000938,0.1438085454655735
243,-1.2863913592183929,-1.3195995250507466,-1.6361072046997966,-0.7245438725571992,0.9574293914933818,1.9951232205688085
244,-1.2863913592183929,-0.792734587736763,0.9088368755660202,-0.7245438725571992,0.9574293914933818,-0.1994164866979022
245,0.06135195397129323,-0.792734587736763,-0.8330758741270012,-0.7245438725571992,0.9574293914933818,-0.2990511192087457
246,3.2504802734316565,0.4938269234215083,0.9154349113673489,1.7844478391944463,0.9574293914933818,-0.5041290290660937
247,-0.6064467020621378,-0.3551856677804989,0.9147136575656512,-0.7245438725571992,0.9574293914933818,-0.4598638887578488
248,1.364608132523318,0.20730037694656048,0.9151253488104508,0.6812089336590516,0.9574293914933818,-0.48308246757901957
249,1.364608132523318,1.4387559827345413,0.9156322085407008,-0.7245438725571992,0.9574293914933818,-0.5174962538419539
250,-0.6064467020621378,1.4674530522428193,-0.8405175832678653,-0.7245438725571992,-0.2774800119000938,-0.5175484727924178
251,-0.6064467020621378,1.037360808751272,-0.8404851780445912,-0.7245438725571992,-0.2774800119000938,-0.5155918468394642
252,0.06135195397129323,0.6949579082429815,-0.8404270183719658,-0.7245438725571992,0.9574293914933818,-0.5119068412656976
253,1.364608132523318,1.5229905548523877,0.915633475471352,-0.7245438725571992,0.9574293914933818,-0.5175855015859264
254,2.001751937056112,0.5972216516895191,-0.8403555664571022,-0.7245438725571992,0.9574293914933818,-0.5103541239693846
255,0.06135195397129323,-0.792734587736763,-1.6368228230735595,-0.7245438725571992,0.9574293914933818,1.9951232205688085
256,0.7180682113731236,-1.205863084017514,0.91171607517696,-0.7245438725571992,0.9574293914933818,-0.30512584924598124
257,-0.6064467020621378,-0.792734587736763,0.7228766179199285,0.6812089336590516,-1.9104429153545375,1.0102542342753402
258,0.06135195397129323,-0.43661153059150326,0.9139997515915663,-0.7245438725571992,-1.0029415879318078,-0.4160872812063022
259,-0.6064467020621378,1.2522555467321683,0.915618573438504,-0.7245438725571992,0.9574293914933818,-0.5165897049411792
260,0.7180682113731236,0.6949579082429815,-0.8403931592870849,-0.7245438725571992,0.9574293914933818,-0.5104868139878108
261,-0.6064467020621378,1.2522555467321683,0.915623540445884,-0.7245438725571992,0.9574293914933818,-0.516899078556644
262,0.06135195397129323,0.7874678400363724,0.9155163505196997,0.6812089336590516,-0.2774800119000938,-0.5092592264028383
263,-1.9797462048535426,-1.205863084017514,0.5467010554677358,-0.7245438725571992,0.9574293914933818,0.8956697837876553
264,0.06135195397129323,-0.792734587736763,1.6765404772067674,-0.7245438725571992,0.9574293914933818,1.9951232205688085
265,-0.6064467020621378,1.2522555467321683,-0.840490403130019,-0.7245438725571992,0.9574293914933818,-0.5159117987748252
266,0.06135195397129323,1.495524816226513,0.9156330055487694,1.5981142226604335,-1.8247857845971525,-0.5175235533865948
267,0.06135195397129323,-0.1268873232836544,0.9148086561935659,-0.7245438725571992,0.9574293914933818,-0.46166639599862647
268,-0.6064467020621378,-0.43661153059150326,0.9141694161079879,-0.7245438725571992,-0.2774800119000938,-0.4279387760558694
269,-1.9797462048535426,-1.205863084017514,0.7477789147033056,0.6812089336590516,-1.9104429153545375,1.7732415707164704
270,0.06135195397129323,0.6949579082429815,-0.8404374344152556,-0.7245438725571992,-0.2774800119000938,-0.5144846046469858
271,0.7180682113731236,1.2851574855575607,0.9156173816897809,-0.7245438725571992,0.9574293914933818,-0.5164958488409332
272,-0.6064467020621378,-1.0965407956591293,-0.8375535629534664,1.5981142226604335,-1.6784690741943524,-0.3500877158616305
273,-1.2863913592183929,0.5972216516895191,-0.8403101511183356,-0.7245438725571992,-0.2774800119000938,-0.5083480529532797
274,0.7180682113731236,-1.0965407956591293,-0.837293265035629,-0.7245438725571992,-0.2774800119000938,-0.37702479177182113
275,0.7180682113731236,0.32706106014026093,-0.8401192145125568,-0.7245438725571992,0.9574293914933818,-0.5028445899223
276,0.06135195397129323,1.037360808751272,-0.8404835250271493,1.5981142226604335,-0.2774800119000938,-0.5154866509803783
277,0.7180682113731236,-1.4380091521429539,-0.8358968126019267,-0.7245438725571992,0.9574293914933818,-0.31702298727855427
278,-1.9797462048535426,-1.4380091521429539,0.9012906012352784,-0.7245438725571992,-1.0029415879318078,0.04041922340716986
279,1.364608132523318,0.32706106014026093,0.9152656190553627,-0.7245438725571992,0.9574293914933818,-0.4927049444695283
280,-0.6064467020621378,1.495524816226513,-0.8405140023057621,-0.7245438725571992,0.9574293914933818,-0.5173993111544968
281,-1.2863913592183929,-0.792734587736763,-1.6368228230735595,-0.7245438725571992,-0.2774800119000938,1.9951232205688085
282,0.7180682113731236,1.495524816226513,-0.8405188220511445,-0.7245438725571992,0.9574293914933818,-0.5176258853586412
283,-0.6064467020621378,-0.792734587736763,-0.8077869512702842,-0.7245438725571992,-1.6784690741943524,0.3188020584966791
284,0.7180682113731236,0.7874678400363724,-0.8404494757448698,-0.7245438725571992,-0.2774800119000938,-0.5139912446010124
285,0.06135195397129323,0.7874678400363724,0.915560394442354,-0.7245438725571992,0.9574293914933818,-0.5123674867579958
286,-0.6064467020621378,0.3842939499317996,0.9151930604046418,1.3134174130714984,-1.0029415879318078,-0.4858696733347592
287,-1.9797462048535426,-1.205863084017514,0.9106316240930457,-0.7245438725571992,-1.6784690741943524,-0.23882112205733622
288,2.001751937056112,-0.3551856677804989,0.914636499294075,1.3134174130714984,0.9574293914933818,-0.4526317061181589
289,-1.2863913592183929,1.3487078116630709,-0.8405148573895332,-0.7245438725571992,-0.2774800119000938,-0.5174555463154603
290,1.364608132523318,0.07994732981726328,-0.8399487481701208,0.6812089336590516,-0.2774800119000938,-0.483766761423887
291,1.364608132523318,-0.9913919845459518,0.8851822678633589,0.6812089336590516,0.9574293914933818,0.3096444611162947
292,0.7180682113731236,-0.8901927578090358,1.6765404772101304,-0.7245438725571992,-0.2774800119000938,1.9951232205688085
293,1.364608132523318,0.9583325238551856,0.9155862761937691,1.3134174130714984,0.9574293914933818,-0.514370930122947
294,-0.6064467020621378,1.5229905548523877,-0.8405190579308262,1.5981142226604335,-0.2774800119000938,-0.517589584221017
295,1.364608132523318,0.7874678400363724,-0.8404378783120753,-0.7245438725571992,-0.2774800119000938,-0.5130822706843031
296,-0.6064467020621378,0.32706106014026093,0.9153468263830356,-0.7245438725571992,-1.0029415879318078,-0.4975657611814748
297,0.7180682113731236,0.5972216516895191,-0.8403989409909486,1.5981142226604335,-0.2774800119000938,-0.5099798430900253
298,0.7180682113731236,-1.6899866153046632,-0.8358823010030728,1.3134174130714984,-1.0029415879318078,-0.29031461178643414
299,-0.6064467020621378,1.495524816226513,-0.8405123479413489,-0.7245438725571992,0.9574293914933818,-0.5173508344681629
300,0.06135195397129323,1.4674530522428193,-0.8405088442797279,1.5981142226604335,-0.2774800119000938,-0.5168565432787399
301,0.7180682113731236,0.4938269234215083,0.9153878468908827,-0.7245438725571992,-1.4287538292150501,-0.4996732140156998
302,2.001751937056112,0.5462603934448973,0.9155059831056928,1.7844478391944463,-0.2774800119000938,-0.5085688863649969
303,-0.6064467020621378,-0.1268873232836544,-0.8398386487633076,-0.7245438725571992,0.9574293914933818,-0.4880006910655368
304,0.06135195397129323,-0.6082765918746469,1.6763898463135363,-0.7245438725571992,0.9574293914933818,1.9951232205688085
305,0.06135195397129323,-0.792734587736763,-1.6368228230615947,1.5981142226604335,0.9574293914933818,1.9951232205688085
306,0.06135195397129323,-1.4380091521429539,0.896255911185225,-0.7245438725571992,0.9574293914933818,0.0792269400699471
307,0.06135195397129323,1.2522555467321683,-0.8405025159664911,-0.7245438725571992,0.9574293914933818,-0.5169841362310462
308,-0.6064467020621378,1.4674530522428193,0.9156260077087919,-0.7245438725571992,-0.2774800119000938,-0.5170335790810828
309,-0.6064467020621378,1.3487078116630709,0.9156303626625917,-0.7245438725571992,-0.2774800119000938,-0.517343169384234
310,-0.6064467020621378,-0.5209256463405694,-0.03755820053722759,0.6812089336590516,-1.0029415879318078,1.5461900028114144
311,1.364608132523318,-1.4380091521429539,-0.8371381872605318,-0.7245438725571992,-0.2774800119000938,-0.370666107864194
312,0.06135195397129323,-0.43661153059150326,0.9141006104364942,1.7844478391944463,-0.2774800119000938,-0.41180344810688235
313,0.7180682113731236,-0.1268873232836544,0.9150188875736432,-0.7245438725571992,0.9574293914933818,-0.47814721944296906
314,2.001751937056112,0.4938269234215083,-0.8402541520310479,-0.7245438725571992,0.9574293914933818,-0.5037479836991579
315,-0.6064467020621378,-0.792734587736763,0.9088127469410451,1.3134174130714984,-1.0029415879318078,-0.1730545295554167
316,0.06135195397129323,-1.6899866153046632,-0.83264528757433,-0.7245438725571992,-0.2774800119000938,-0.2965668558126701
317,0.7180682113731236,1.1487282858787249,-0.8404879415708257,1.5981142226604335,0.9574293914933818,-0.515488145422654
318,0.7180682113731236,-0.3551856677804989,0.9143224757425391,0.6812089336590516,-0.2774800119000938,-0.43543157117840714
319,-0.6064467020621378,-0.792734587736763,-0.8093838031790677,-0.7245438725571992,-1.0029415879318078,0.20233327794192568
320,-1.2863913592183929,0.3842939499317996,-0.840149594551563,-0.7245438725571992,-0.2774800119000938,-0.49511002061608467
321,0.06135195397129323,1.4387559827345413,0.9156302682835394,1.5981142226604335,-1.4287538292150501,-0.5173220304983344
322,0.06135195397129323,-1.3195995250507466,1.6764222021358322,-0.7245438725571992,0.9574293914933818,1.9868717615310307
323,0.7180682113731236,-0.6082765918746469,0.23519931674008607,1.7844478391944463,0.9574293914933818,1.602081226547365
324,-1.2863913592183929,1.2522555467321683,-0.8404933648168029,-0.7245438725571992,0.9574293914933818,-0.5163957691133673
325,2.001751937056112,1.2851574855575607,0.9156171821116058,1.7264872949717982,-1.4287538292150501,-0.5163937041660319
326,-0.6064467020621378,-0.792734587736763,0.703614269871948,-0.7245438725571992,0.9574293914933818,0.9630490364862782
327,2.001751937056112,0.5462603934448973,0.9154151447626812,-0.7245438725571992,0.9574293914933818,-0.5028701055632088
328,0.06135195397129323,1.3487078116630709,-0.8405162408377537,-0.7245438725571992,0.9574293914933818,-0.5174838518100698
329,0.06135195397129323,0.5972216516895191,0.9154823881952967,1.7844478391944463,-1.0029415879318078,-0.5065806590599673
330,0.06135195397129323,-0.8901927578090358,1.6765404771724457,-0.7245438725571992,0.9574293914933818,1.9951232205688085
331,0.06135195397129323,0.2680887031407764,-0.8400434475726664,1.7844478391944463,-1.8247857845971525,-0.48612134247023536
332,0.06135195397129323,-0.3551856677804989,0.9147268424623971,1.5981142226604335,-0.2774800119000938,-0.4546808337405375
333,-1.9797462048535426,-0.9913919845459518,-1.5991354966310438,-0.7245438725571992,-1.4287538292150501,1.9951232205688085
334,0.7180682113731236,-1.4380091521429539,-0.8371157981062941,-0.7245438725571992,0.9574293914933818,-0.4118108230185918
335,-1.2863913592183929,-0.43661153059150326,-0.8395072156783192,-0.7245438725571992,-0.2774800119000938,-0.4688004453061199
336,1.364608132523318,-0.6082765918746469,-0.8385642812651608,-0.7245438725571992,-0.2774800119000938,-0.431505804204312
337,0.7180682113731236,-0.3551856677804989,0.9145351421185121,1.7844478391944463,-1.0029415879318078,-0.4431879279217822
338,-0.6064467020621378,-0.792734587736763,0.905733196718091,-0.7245438725571992,-1.9104429153545375,-0.07059874626143664
339,0.06135195397129323,-0.43661153059150326,-0.7831171911477782,0.6812089336590516,0.9574293914933818,0.45880566948188145
340,-1.9797462048535426,-0.9913919845459518,-1.614904159139955,-0.7245438725571992,-1.0029415879318078,1.9951232205688085
341,1.364608132523318,-1.6899866153046632,-0.8357753390217697,1.7264872949717982,-1.0029415879318078,-0.301412812660911
342,2.001751937056112,0.439859737636697,-0.8400991207571893,1.7844478391944463,-0.2774800119000938,-0.48806930644959573
343,1.364608132523318,-1.0965407956591293,-0.822129038546918,-0.7245438725571992,0.9574293914933818,-0.1802261304350247
344,-1.2863913592183929,-0.3551856677804989,0.9144156376825945,-0.7245438725571992,0.9574293914933818,-0.43842900071946367
345,0.06135195397129323,1.2522555467321683,0.9156206861428596,-0.7245438725571992,0.9574293914933818,-0.5166999170888018
346,-1.2863913592183929,-0.6082765918746469,-0.4560127048242508,-0.7245438725571992,0.9574293914933818,0.7459248430286224
347,-1.2863913592183929,-0.43661153059150326,-0.8394117204804763,-0.7245438725571992,-1.6784690741943524,-0.45126175074294494
348,-0.6064467020621378,1.2522555467321683,0.9156206384640699,-0.7245438725571992,-0.2774800119000938,-0.516668479446451
349,0.06135195397129323,0.32706106014026093,0.9153366298360225,1.7264872949717982,-1.4287538292150501,-0.4969511675854735
350,1.364608132523318,1.1487282858787249,0.9156120487327972,1.7844478391944463,0.9574293914933818,-0.5160415562427636
351,-0.6064467020621378,-0.6082765918746469,-1.636804417248723,-0.7245438725571992,-1.0029415879318078,1.9951232205688085
352,1.364608132523318,-0.9913919845459518,1.6765404772101304,0.6812089336590516,0.9574293914933818,1.9951232205688085
353,2.001751937056112,0.6467690343447416,0.9154139211704708,1.7844478391944463,-0.2774800119000938,-0.5019173990915239
354,-0.6064467020621378,-0.8901927578090358,0.9137856006085082,1.5981142226604335,-1.6784690741943524,-0.39757473445722413
355,-0.6064467020621378,1.4387559827345413,0.9156307631994216,-0.7245438725571992,0.9574293914933818,-0.5174026646437332
356,0.7180682113731236,-0.792734587736763,0.9079226862623373,1.3134174130714984,-1.8247857845971525,-0.13255807344485493
357,0.06135195397129323,-0.6988230343026319,-0.8388117331771029,-0.7245438725571992,-1.0029415879318078,-0.4453473698551762
358,1.364608132523318,0.439859737636697,0.91550471480022,-0.7245438725571992,-0.2774800119000938,-0.5091549545051309
359,-0.6064467020621378,-1.205863084017514,0.9096150376026465,-0.7245438725571992,0.9574293914933818,-0.21010160119123614
360,1.364608132523318,-0.20045024551280113,-0.8396844382205914,0.6812089336590516,-0.2774800119000938,-0.4720236458736212
361,0.06135195397129323,-0.6082765918746469,-1.6367480063921505,0.6812089336590516,0.9574293914933818,1.9951232205688085
362,0.7180682113731236,-1.205863084017514,0.9126588119024591,-0.7245438725571992,0.9574293914933818,-0.3485615387737016
363,0.06135195397129323,1.4674530522428193,0.9156318260725473,-0.7245438725571992,0.9574293914933818,-0.5174530367755078
364,0.7180682113731236,0.9583325238551856,-0.8404796482437376,1.5981142226604335,-1.0029415879318078,-0.5148912204217885
365,-1.2863913592183929,-0.792734587736763,-1.6368228230735595,1.5981142226604335,-1.4287538292150501,1.9951232205688085
366,-1.2863913592183929,-0.6082765918746469,-0.42868247514276964,-0.7245438725571992,-0.2774800119000938,0.8501095751434893
367,-0.6064467020621378,-0.792734587736763,-1.6368228230735595,1.7264872949717982,-1.4287538292150501,1.278190684705118
368,-0.6064467020621378,1.2522555467321683,-0.8405012756212776,0.6812089336590516,-1.4287538292150501,-0.5165617476929736
369,0.06135195397129323,-0.43661153059150326,0.8558066330325219,1.7264872949717982,-1.6784690741943524,0.6260897170564121
370,0.06135195397129323,1.4674530522428193,-0.8405101258618257,-0.7245438725571992,-0.2774800119000938,-0.5170781098152121
371,0.06135195397129323,-0.5209256463405694,0.8137733672691325,-0.7245438725571992,0.9574293914933818,0.8016175926632371
372,-1.9797462048535426,1.2522555467321683,-0.8404963299073958,0.6812089336590516,-1.4287538292150501,-0.5162162658665682
373,1.364608132523318,-0.792734587736763,1.6765404772101304,1.7264872949717982,-1.0029415879318078,1.9951232205688085
374,1.364608132523318,1.495524816226513,0.9156267704676372,-0.7245438725571992,-0.2774800119000938,-0.5171101564873143
375,0.7180682113731236,0.439859737636697,0.9154910791634103,-0.7245438725571992,0.9574293914933818,-0.508358962206634
376,-1.2863913592183929,-0.8901927578090358,-0.8379763542064299,-0.7245438725571992,0.9574293914933818,-0.42000659526133294
377,1.364608132523318,-1.205863084017514,-0.8333063012451806,-0.7245438725571992,0.9574293914933818,-0.28360893354739647
378,-1.2863913592183929,-1.3195995250507466,-1.6327899554951542,1.3134174130714984,-1.0029415879318078,1.9951232205688085
379,-0.6064467020621378,1.4674530522428193,-0.8405175421028075,-0.7245438725571992,0.9574293914933818,-0.5176048066495771
380,0.06135195397129323,0.8318863737429419,0.9155469947551593,1.7844478391944463,-1.4287538292150501,-0.5110368325345542
381,1.364608132523318,-0.20045024551280113,-0.8397144330771791,1.5981142226604335,-0.2774800119000938,-0.47039964230334996
382,-1.2863913592183929,1.495524816226513,-0.8405116226708126,-0.7245438725571992,0.9574293914933818,-0.5171911678398828
383,0.06135195397129323,-0.5209256463405694,-0.7440376686291219,0.6812089336590516,0.9574293914933818,0.5375742219199184
384,0.7180682113731236,-0.6988230343026319,-0.7406591768229295,1.5981142226604335,-1.0029415879318078,0.5762139497071564
385,-0.6064467020621378,-0.8901927578090358,0.9033605174506522,-0.7245438725571992,-1.0029415879318078,-0.0022123614006409995
386,-0.6064467020621378,-1.0965407956591293,1.6765404772101304,1.3134174130714984,-1.4287538292150501,-0.6482132497605624
387,0.7180682113731236,1.5229905548523877,0.9156322232189357,-0.7245438725571992,0.9574293914933818,-0.5174984475031154
388,0.7180682113731236,-0.6988230343026319,-1.6368228230735595,-0.7245438725571992,0.9574293914933818,-7.120032843683578
389,-0.6064467020621378,-0.792734587736763,-1.6368228230735595,0.6812089336590516,-1.0029415879318078,1.9951232205688085
390,0.06135195397129323,0.9172767120378446,-0.8404620212501961,-0.7245438725571992,-0.2774800119000938,-0.5140542441849119
391,0.06135195397129323,-0.6988230343026319,-0.6702155103643351,-0.7245438725571992,-0.2774800119000938,0.8973986326785783
392,-2.6880358956763057,0.5972216516895191,-0.840311794288546,-0.7245438725571992,-1.6784690741943524,-0.5082675228342013
393,0.06135195397129323,-0.3551856677804989,-0.8391106951537638,1.7264872949717982,0.9574293914933818,-0.43247821590896074
394,-1.2863913592183929,1.2522555467321683,-0.840495775327695,-0.7245438725571992,0.9574293914933818,-0.5162857981676778
395,0.06135195397129323,-0.6082765918746469,-0.8389774304336005,1.7844478391944463,0.9574293914933818,-0.42379212021206897
396,-0.6064467020621378,-0.792734587736763,-1.6368228230735595,0.6812089336590516,0.9574293914933818,-0.5175666599326985
397,-0.6064467020621378,1.1125177401485014,0.9156069309299906,-0.7245438725571992,0.9574293914933818,-0.515914702100404
398,0.06135195397129323,-1.0965407956591293,-0.8377261123868889,0.6812089336590516,0.9574293914933818,-0.3631237470470896
399,2.001751937056112,0.4938269234215083,-0.8402339177112517,0.6812089336590516,-0.2774800119000938,-0.5021437079614101
400,-1.2863913592183929,0.5972216516895191,-0.8403381373028955,-0.7245438725571992,0.9574293914933818,-0.5071341357845564
401,0.7180682113731236,0.8751416555458669,-0.8404369088279521,1.7844478391944463,-1.8247857845971525,-0.5122254560383273
402,-0.6064467020621378,-0.9913919845459518,0.893206455570316,0.6812089336590516,-1.4287538292150501,0.22555527304505607
403,-1.9797462048535426,-0.9913919845459518,-1.6067414327854452,1.3134174130714984,-1.8247857845971525,1.9951232205688085
404,-1.2863913592183929,-0.792734587736763,0.9094456195476978,-0.7245438725571992,-0.2774800119000938,-0.19813556489512948
405,-0.6064467020621378,-0.792734587736763,0.9096102570816913,-0.7245438725571992,0.9574293914933818,-0.21544620088481395
406,-1.2863913592183929,0.07994732981726328,-0.839871837444484,0.6812089336590516,-1.4287538292150501,-0.4744889650969894
407,-1.2863913592183929,1.4387559827345413,-0.8405116262282581,-0.7245438725571992,0.9574293914933818,-0.5172540019243914
408,-1.2863913592183929,0.4938269234215083,0.9153876735026246,-0.7245438725571992,-0.2774800119000938,-0.5015329510451769
409,1.364608132523318,-1.0965407956591293,0.912838768141394,1.7844478391944463,0.9574293914933818,-0.35025484015921204
410,2.6301778347305618,1.1487282858787249,0.915611666865424,-0.7245438725571992,0.9574293914933818,-0.5161212142280127
411,0.06135195397129323,-0.8901927578090358,-0.8129303733808083,1.7264872949717982,-0.2774800119000938,0.1787535847569867
412,0.7180682113731236,-0.5209256463405694,0.7971912769723245,1.3134174130714984,-0.2774800119000938,0.8556881812399071
413,0.7180682113731236,1.4674530522428193,0.9156239889273522,1.3134174130714984,0.9574293914933818,-0.5168711991038223
414,0.7180682113731236,-1.205863084017514,1.5290096558015631,-0.7245438725571992,0.9574293914933818,1.8421523921920517
415,1.364608132523318,-0.8901927578090358,1.6765404772095696,1.5981142226604335,-1.0029415879318078,1.9951232205688085
416,-1.2863913592183929,-0.43661153059150326,-0.839475413733072,-0.7245438725571992,-0.2774800119000938,-0.4564285701499655
417,1.364608132523318,-1.4380091521429539,0.9115361525598292,0.6812089336590516,-0.2774800119000938,-0.28040616907823485
418,0.7180682113731236,-1.0965407956591293,1.6677923590009838,1.3134174130714984,-0.2774800119000938,1.9951232205688085
419,1.364608132523318,0.32706106014026093,0.9153155990852557,-0.7245438725571992,0.9574293914933818,-0.49577933210087216
420,-0.6064467020621378,-0.5209256463405694,0.8495399999526531,1.5981142226604335,-1.4287538292150501,0.6368928264245759
421,0.06135195397129323,1.379404739862459,-0.840516619643268,-0.7245438725571992,-0.2774800119000938,-0.5175270906407652
422,0.7180682113731236,0.9983481441069354,0.9155956970606765,-0.7245438725571992,-0.2774800119000938,-0.51502712037516
423,0.06135195397129323,0.32706106014026093,0.9153866029676444,1.7844478391944463,-1.4287538292150501,-0.49974501441703933
424,-0.6064467020621378,0.7874678400363724,0.9155720771466609,1.7264872949717982,-1.6784690741943524,-0.5132517814448009
425,0.06135195397129323,-0.792734587736763,-1.6368228226155224,-0.7245438725571992,0.9574293914933818,1.9951232205688085
426,0.06135195397129323,0.3842939499317996,-0.8402021316196262,-0.7245438725571992,0.9574293914933818,-0.4989097128330501
427,-1.9797462048535426,-1.205863084017514,0.9106613787811645,-0.7245438725571992,-1.4287538292150501,-0.23813514729695756
428,0.7180682113731236,0.5462603934448973,0.9155165574183612,-0.7245438725571992,0.9574293914933818,-0.5095629098129133
429,-1.2863913592183929,0.741840854707084,0.9155312880232425,0.6812089336590516,-1.0029415879318078,-0.5104639943301752
430,1.364608132523318,-0.1268873232836544,-0.8397610406084258,1.7844478391944463,-0.2774800119000938,-0.4686458181106326
431,0.06135195397129323,0.07994732981726328,0.9151223013063892,0.6812089336590516,-1.0029415879318078,-0.4815528017348462
432,1.364608132523318,-0.792734587736763,-0.7780372272060727,-0.7245438725571992,0.9574293914933818,0.284811005099618
433,0.06135195397129323,-1.0965407956591293,0.8956431677635864,1.7264872949717982,-1.9104429153545375,0.1931483449743298
434,1.364608132523318,1.379404739862459,-0.8405161961959107,1.3134174130714984,0.9574293914933818,-0.5174281942587071
435,2.6301778347305618,-0.8901927578090358,-0.8308383635175502,1.7264872949717982,-0.2774800119000938,-0.19146361026118758
436,-0.6064467020621378,-1.3195995250507466,-1.6366543865202547,0.6812089336590516,0.9574293914933818,1.9951232205688085
437,0.7180682113731236,0.7874678400363724,-0.8404554084711888,-0.7245438725571992,0.9574293914933818,-0.5140493798979663
438,-0.6064467020621378,1.4387559827345413,-0.840509874534679,-0.7245438725571992,-0.2774800119000938,-0.5172679157027964
439,0.06135195397129323,-1.0965407956591293,-0.8327455041378039,-0.7245438725571992,-0.2774800119000938,-0.22734999021469926
440,0.7180682113731236,-1.0965407956591293,0.9133237260230519,-0.7245438725571992,0.9574293914933818,-0.3780988946392088
441,0.06135195397129323,-1.4380091521429539,0.9119356658501776,-0.7245438725571992,0.9574293914933818,-0.3191582570985713
442,1.364608132523318,0.20730037694656048,-0.8400551727903446,1.3134174130714984,-1.0029415879318078,-0.49061189026645874
443,0.06135195397129323,0.6949579082429815,-0.8404279967753304,-0.7245438725571992,0.9574293914933818,-0.5136957139405791
444,2.001751937056112,1.1487282858787249,0.9156017201541442,1.7844478391944463,0.9574293914933818,-0.5152980405002688
445,-1.9797462048535426,-1.3195995250507466,-1.635532104985409,-0.7245438725571992,-0.2774800119000938,1.9951232205688085
446,-1.2863913592183929,1.4387559827345413,-0.84051201665943,-0.7245438725571992,0.9574293914933818,-0.5173272893676795
447,0.06135195397129323,1.4674530522428193,-0.84051704396332,1.7844478391944463,-0.2774800119000938,-0.5174527877265451
448,-0.6064467020621378,-0.792734587736763,-0.8018513608015448,-0.7245438725571992,-0.2774800119000938,0.2580529043617271
449,0.06135195397129323,-0.9913919845459518,0.8884210441866125,1.3134174130714984,0.9574293914933818,0.3072671114798835
450,1.364608132523318,-0.5209256463405694,-0.6001045506803534,-0.7245438725571992,0.9574293914933818,0.6525921512093871
451,-1.2863913592183929,-0.792734587736763,0.6129223449380151,-0.7245438725571992,0.9574293914933818,0.9999271655887527
452,-0.6064467020621378,-1.205863084017514,0.9101744855303389,-0.7245438725571992,-0.2774800119000938,-0.23112689537739783
453,-0.6064467020621378,0.3842939499317996,-0.840155472550576,-0.7245438725571992,0.9574293914933818,-0.5011320643357099
454,-1.9797462048535426,-0.6082765918746469,-0.4394519104269968,1.3134174130714984,-1.4287538292150501,1.0795634043291726
455,0.06135195397129323,1.3487078116630709,0.9156305645224694,-0.7245438725571992,-0.2774800119000938,-0.5173594491722356
456,2.001751937056112,-1.3195995250507466,-0.6570731701685474,0.6812089336590516,0.9574293914933818,1.7203110154506775
457,0.7180682113731236,-1.0965407956591293,-0.8120529737018317,-0.7245438725571992,-1.0029415879318078,0.19254069445745708
458,0.06135195397129323,-1.3195995250507466,-0.22354069639756394,-0.7245438725571992,0.9574293914933818,1.5762931251208991
459,-0.6064467020621378,-1.0965407956591293,1.4175352251061464,-0.7245438725571992,0.9574293914933818,1.3754632262018904
460,-0.6064467020621378,-1.0965407956591293,1.6765404772101304,-0.7245438725571992,-0.2774800119000938,1.9339276657886446
461,-0.6064467020621378,-0.9913919845459518,-1.6317399547057576,-0.7245438725571992,0.9574293914933818,1.9951232205688085
462,0.06135195397129323,1.2522555467321683,-0.8404918825990442,-0.7245438725571992,0.9574293914933818,-0.5161022372314492
463,0.7180682113731236,-0.9913919845459518,0.8817285800509347,-0.7245438725571992,-0.2774800119000938,0.34724122494100534
464,0.06135195397129323,-1.0965407956591293,1.6765404772101304,0.6812089336590516,-0.2774800119000938,-3.675454324773649
465,0.06135195397129323,-1.4380091521429539,-0.8194452600333785,-0.7245438725571992,-0.2774800119000938,0.027574930489627624
466,2.001751937056112,-0.8901927578090358,0.8861857086705133,-0.7245438725571992,0.9574293914933818,0.2710707858711079
467,0.06135195397129323,-0.6988230343026319,0.12144108281007181,-0.7245438725571992,-0.2774800119000938,1.3443780111192656
468,-0.6064467020621378,-0.43661153059150326,0.9138123950222398,-0.7245438725571992,-1.0029415879318078,-0.4020583689087933
469,0.7180682113731236,-0.8901927578090358,0.9136652844843712,1.5981142226604335,-1.8247857845971525,-0.39203420698753655
470,1.364608132523318,-0.6988230343026319,-0.7585640901930624,0.6812089336590516,-0.2774800119000938,0.43291154346097993
471,0.7180682113731236,-1.205863084017514,0.9114728846826309,-0.7245438725571992,0.9574293914933818,-0.29545967216246755
472,1.364608132523318,-1.0965407956591293,-0.8173991978935767,1.7844478391944463,-0.2774800119000938,0.1985097751999013
473,-1.9797462048535426,0.5462603934448973,-0.840385841481707,-0.7245438725571992,0.9574293914933818,-0.5114048841214948
474,-0.6064467020621378,1.2522555467321683,-0.8404954451241095,-0.7245438725571992,-1.0029415879318078,-0.5162390662481782
475,-1.2863913592183929,0.5972216516895191,0.9154786106064872,-0.7245438725571992,-1.0029415879318078,-0.5068231619182546
476,-0.6064467020621378,1.1487282858787249,0.9156145444752717,-0.7245438725571992,-1.0029415879318078,-0.516297604321187
477,1.364608132523318,0.5972216516895191,-0.8402791881535088,-0.7245438725571992,0.9574293914933818,-0.503774443556137
478,-0.6064467020621378,0.3842939499317996,0.9151958685099988,-0.7245438725571992,0.9574293914933818,-0.4902449429380301
479,-1.2863913592183929,-1.4380091521429539,0.9052597943509114,1.5981142226604335,-2.022705145761774,-0.03822069324492625
480,1.364608132523318,1.495524816226513,-0.840510352369503,1.7844478391944463,-1.0029415879318078,-0.5169585772463399
481,-0.6064467020621378,-0.9913919845459518,0.8925881533934533,-0.7245438725571992,0.9574293914933818,0.24293835928895302
482,-1.9797462048535426,0.3842939499317996,-0.8401379705215962,-0.7245438725571992,-0.2774800119000938,-0.4996601633707532
483,1.364608132523318,-0.6988230343026319,-0.6646989890484807,-0.7245438725571992,0.9574293914933818,0.3774298813710197
484,0.06135195397129323,0.9583325238551856,-0.8404837302963971,0.6812089336590516,-0.2774800119000938,-0.515641747749099
485,-0.6064467020621378,-0.792734587736763,-0.7990425252436647,1.7264872949717982,-1.4287538292150501,0.39929998692946017
486,-0.6064467020621378,-1.4380091521429539,-0.8365565907629704,-0.7245438725571992,-0.2774800119000938,-0.3487443317192691
487,-0.6064467020621378,0.07994732981726328,-0.8398988007380341,-0.7245438725571992,-1.0029415879318078,-0.4784502056243181
488,-0.6064467020621378,-0.792734587736763,-0.8068160588165552,1.3134174130714984,-1.9605446310765329,0.337110965347685
489,-0.6064467020621378,-0.43661153059150326,-0.839391988389075,-0.7245438725571992,0.9574293914933818,-0.47112510141221897
490,0.7180682113731236,1.4387559827345413,0.9156287280958787,-0.7245438725571992,0.9574293914933818,-0.5172411320804609
491,2.001751937056112,-1.0965407956591293,1.675204203943156,1.7844478391944463,-0.2774800119000938,1.9951232205688085
492,-1.2863913592183929,0.3842939499317996,0.9151840418408197,1.5981142226604335,-0.2774800119000938,-0.4869132537805567
493,0.06135195397129323,-0.3551856677804989,0.9144613372116213,-0.7245438725571992,0.9574293914933818,-0.44088250950317226
494,-1.2863913592183929,0.5462603934448973,-0.8403764221285501,0.6812089336590516,-1.6784690741943524,-0.5083704850812254
495,0.06135195397129323,-0.792734587736763,-1.6368228230609998,-0.7245438725571992,0.9574293914933818,1.9951232205688085
496,-1.2863913592183929,-0.8901927578090358,0.9050888949525924,-0.7245438725571992,-1.0029415879318078,-0.07965127757342808
497,0.7180682113731236,-1.3195995250507466,-0.2972988497290287,-0.7245438725571992,0.9574293914933818,1.617833743982259
498,0.7180682113731236,0.20730037694656048,-0.8400856374552421,-0.7245438725571992,0.9574293914933818,-0.499024135328303
499,0.7180682113731236,-1.0965407956591293,1.5461102657529844,-0.7245438725571992,0.9574293914933818,1.4461447196296697
500,0.06135195397129323,0.9583325238551856,0.9155940393185397,1.7844478391944463,-0.2774800119000938,-0.5146416113869964
501,0.06135195397129323,1.495524816226513,-0.8405137009069251,-0.7245438725571992,-0.2774800119000938,-0.5173921853166634
502,1.364608132523318,-0.6988230343026319,1.6765404772101304,1.7844478391944463,-1.6784690741943524,1.9951232205688085
503,-0.6064467020621378,-1.205863084017514,0.9120727289635933,0.6812089336590516,-1.4287538292150501,-0.3006869963474973
504,0.7180682113731236,-0.1268873232836544,0.9149710243837048,-0.7245438725571992,0.9574293914933818,-0.4734412716292833
505,-0.6064467020621378,0.5462603934448973,0.9154854293299718,-0.7245438725571992,-0.2774800119000938,-0.5073415874809731
506,-1.2863913592183929,1.4674530522428193,0.9156253587112314,0.6812089336590516,-1.0029415879318078,-0.5169569446350115
507,0.06135195397129323,-0.43661153059150326,0.9142067223386633,-0.7245438725571992,0.9574293914933818,-0.43092278654202293
508,0.7180682113731236,0.5462603934448973,-0.8403630989425421,-0.7245438725571992,-0.2774800119000938,-0.5078146755335824
509,-1.2863913592183929,0.5972216516895191,-0.8403888374649311,-0.7245438725571992,-0.2774800119000938,-0.5092920270240094
510,-1.9797462048535426,-0.43661153059150326,-0.8394842687733527,0.6812089336590516,-0.2774800119000938,-0.46097950745766314
511,0.06135195397129323,-0.3551856677804989,0.9144828664987672,0.6812089336590516,0.9574293914933818,-0.4381618769570056
512,-0.6064467020621378,0.9983481441069354,-0.840466514789582,-0.7245438725571992,-1.0029415879318078,-0.5146817988047955
513,1.364608132523318,1.1125177401485014,0.9156105565145551,-0.7245438725571992,0.9574293914933818,-0.5160335911520019
514,-1.2863913592183929,0.439859737636697,0.9154752880068378,0.6812089336590516,-1.4287538292150501,-0.5061360228899469
515,1.364608132523318,1.495524816226513,0.9156278636448124,-0.7245438725571992,0.9574293914933818,-0.5172050871602466
516,-1.2863913592183929,1.4387559827345413,-0.8405097898493693,-0.7245438725571992,0.9574293914933818,-0.5173513851573134
517,0.06135195397129323,-1.4380091521429539,0.9116975876639135,-0.7245438725571992,0.9574293914933818,-0.3049505659266941
518,-1.9797462048535426,0.5972216516895191,-0.8403193941931559,-0.7245438725571992,-1.8247857845971525,-0.5089441962827917
519,0.06135195397129323,1.2522555467321683,-0.840491563583321,-0.7245438725571992,0.9574293914933818,-0.5163007660322082
520,0.06135195397129323,-0.43661153059150326,0.9141125894247681,-0.7245438725571992,0.9574293914933818,-0.4263946984407283
521,0.7180682113731236,-0.8901927578090358,1.6765404772101304,1.7844478391944463,-1.0029415879318078,1.9951232205688085
522,1.364608132523318,-0.6082765918746469,-0.5929402519058884,-0.7245438725571992,0.9574293914933818,0.6501738600174765
523,0.06135195397129323,0.5462603934448973,-0.8403609242380702,-0.7245438725571992,-1.0029415879318078,-0.5083444900858299
524,0.7180682113731236,0.20730037694656048,-0.8399961262547764,1.7844478391944463,-1.4287538292150501,-0.4843597959954863
525,-1.9797462048535426,-0.9913919845459518,-1.6115219090150184,-0.7245438725571992,0.9574293914933818,1.9951232205688085
526,0.7180682113731236,-0.3551856677804989,0.9147985633219837,1.7844478391944463,-1.0029415879318078,-0.46031086852112685
527,0.7180682113731236,-1.0965407956591293,0.9129006371877987,-0.7245438725571992,0.9574293914933818,-0.34981188335355806
528,0.06135195397129323,0.3842939499317996,-0.8402072173438343,-0.7245438725571992,-0.2774800119000938,-0.5031518561344887
529,0.06135195397129323,-0.792734587736763,0.7644324334206256,-0.7245438725571992,-0.2774800119000938,0.8295165619533629
530,1.364608132523318,-0.5209256463405694,0.8761683632590145,1.7844478391944463,-1.0029415879318078,0.4697253945518428
531,0.7180682113731236,-0.43661153059150326,0.9139352485568798,-0.7245438725571992,0.9574293914933818,-0.41882881452803894
532,0.06135195397129323,-0.8901927578090358,0.9135811572138253,-0.7245438725571992,-0.2774800119000938,-0.3950169825501564
533,0.7180682113731236,0.07994732981726328,0.915102110812713,-0.7245438725571992,-0.2774800119000938,-0.48152692575322703
534,-2.6880358956763057,0.5972216516895191,-0.8403075844290143,-0.7245438725571992,-1.9104429153545375,-0.5059206252356514
535,-0.6064467020621378,0.9983481441069354,0.9155783194161797,0.6812089336590516,-1.4287538292150501,-0.5136636603134828
536,1.364608132523318,-0.20045024551280113,-0.8397422084609973,-0.7245438725571992,0.9574293914933818,-0.48224867460843784
537,0.7180682113731236,0.741840854707084,0.9155154012219232,-0.7245438725571992,0.9574293914933818,-0.5093367273454912
538,0.7180682113731236,-0.5209256463405694,-0.6430907853431653,-0.7245438725571992,0.9574293914933818,0.5302328447422522
539,0.06135195397129323,0.3842939499317996,-0.8402102951381661,1.7844478391944463,-1.9104429153545375,-0.49609070296167324
540,-0.6064467020621378,0.5972216516895191,-0.8403933912063829,-0.7245438725571992,0.9574293914933818,-0.511253538444488
541,0.7180682113731236,0.7874678400363724,0.9155621414516538,1.7264872949717982,-0.2774800119000938,-0.5123319139647309
542,-1.9797462048535426,-1.3195995250507466,-1.6368126063652724,-0.7245438725571992,-0.2774800119000938,1.9951232205688085
543,1.364608132523318,1.1487282858787249,0.9156107093957824,-0.7245438725571992,0.9574293914933818,-0.5160453494511297
544,0.06135195397129323,-0.792734587736763,0.7405629101508446,-0.7245438725571992,-0.2774800119000938,0.913295378561952
545,-0.6064467020621378,-0.9913919845459518,0.8882982931956782,-0.7245438725571992,-0.2774800119000938,0.3103000922702506
546,0.7180682113731236,0.9983481441069354,0.915606461489175,-0.7245438725571992,0.9574293914933818,-0.5157833469824886
547,0.7180682113731236,0.8751416555458669,-0.8404452111747917,1.7844478391944463,-1.4287538292150501,-0.5127425642975182
548,1.364608132523318,1.4674530522428193,-0.8405167581098062,-0.7245438725571992,0.9574293914933818,-0.5174979435819825
549,2.001751937056112,-0.8901927578090358,-0.8298817218439208,0.6812089336590516,-0.2774800119000938,-0.13176926894730734
550,0.7180682113731236,-1.0965407956591293,-0.8372923537373035,0.6812089336590516,-1.0029415879318078,-0.3576195776871877
551,-0.6064467020621378,-0.6082765918746469,-1.6368224590837095,-0.7245438725571992,0.9574293914933818,1.9951232205688085
552,-1.9797462048535426,-1.3195995250507466,-1.63681653848181,-0.7245438725571992,0.9574293914933818,1.9951232205688085
553,-0.6064467020621378,-1.4380091521429539,-0.8367146487235904,1.7844478391944463,0.9574293914933818,-0.30855590839261515
554,0.06135195397129323,-1.4380091521429539,-0.8365074549554854,0.6812089336590516,-1.0029415879318078,-0.3223095758490963
555,-1.9797462048535426,-1.205863084017514,0.7482686975642585,-0.7245438725571992,-1.9104429153545375,1.6201724662040289
556,0.06135195397129323,-0.8901927578090358,-0.8381813698829489,-0.7245438725571992,-0.2774800119000938,-0.41661541550986914
557,-0.6064467020621378,-1.0965407956591293,-0.8378228925786019,0.6812089336590516,-1.0029415879318078,-0.36913371713655374
558,0.06135195397129323,0.741840854707084,0.915525013161294,0.6812089336590516,-1.4287538292150501,-0.5101939858916882
559,-0.6064467020621378,0.32706106014026093,0.9153407773945486,1.7844478391944463,-1.4287538292150501,-0.49641365793807635
560,0.06135195397129323,-1.3195995250507466,-1.6290985298993854,-0.7245438725571992,0.9574293914933818,1.9951232205688085
561,0.7180682113731236,1.4674530522428193,0.9156262013219507,1.7844478391944463,-1.0029415879318078,-0.5170331136365423
562,0.06135195397129323,0.9583325238551856,-0.8404545153851428,-0.7245438725571992,0.9574293914933818,-0.513947908566711
563,-0.6064467020621378,0.5972216516895191,-0.8402858128071349,1.3134174130714984,-0.2774800119000938,-0.5032411335973174
564,-0.6064467020621378,1.2522555467321683,-0.84049495077352,-0.7245438725571992,0.9574293914933818,-0.5166577855502018
565,0.7180682113731236,0.5972216516895191,-0.8404092134998107,-0.7245438725571992,0.9574293914933818,-0.5124574285852647
566,1.364608132523318,-1.205863084017514,0.9127087732003891,-0.7245438725571992,0.9574293914933818,-0.3475082896246298
567,0.06135195397129323,1.2522555467321683,-0.8405002111675883,-0.7245438725571992,0.9574293914933818,-0.5166137027088131
568,1.364608132523318,0.5972216516895191,-0.8403509549889747,-0.7245438725571992,-0.2774800119000938,-0.5083671731060799
569,-0.6064467020621378,-0.9913919845459518,-1.622213544683611,-0.7245438725571992,-1.9104429153545375,1.9951232205688085
570,0.06135195397129323,-0.9913919845459518,-1.6210958725902334,-0.7245438725571992,0.9574293914933818,1.9951232205688085
571,2.001751937056112,-0.8901927578090358,-0.8302180484686208,1.7844478391944463,0.9574293914933818,-0.11972331727450433
572,0.06135195397129323,-0.5209256463405694,0.8590024681129004,0.6812089336590516,-0.2774800119000938,0.5893892251824929
573,-1.9797462048535426,-0.9913919845459518,-1.6218250578593656,-0.7245438725571992,0.9574293914933818,1.9951232205688085
574,-1.2863913592183929,0.8318863737429419,0.9155532478196047,-0.7245438725571992,0.9574293914933818,-0.5120293364962137
575,0.06135195397129323,0.8751416555458669,-0.8404435375801931,-0.7245438725571992,0.9574293914933818,-0.5127978522024039
576,-0.6064467020621378,0.741840854707084,0.9155342953450547,-0.7245438725571992,0.9574293914933818,-0.5108816886221792
577,1.364608132523318,1.495524816226513,-0.8405187375720503,0.6812089336590516,-1.6784690741943524,-0.5175905709494155
578,0.7180682113731236,-1.0965407956591293,0.9132241209985291,1.3134174130714984,-0.2774800119000938,-0.36797238568841495
579,-0.6064467020621378,-0.792734587736763,-1.6368228230735595,-0.7245438725571992,0.9574293914933818,-1.1928323342749887
580,0.06135195397129323,-0.6988230343026319,-0.8384164063677008,0.6812089336590516,-0.2774800119000938,-0.4300850378637072
581,0.06135195397129323,-0.43661153059150326,-0.8393958775902963,-0.7245438725571992,-0.2774800119000938,-0.4484646268459786
582,0.7180682113731236,-0.6988230343026319,1.6765404771504882,1.5981142226604335,-1.4287538292150501,1.9951232205688085
583,0.06135195397129323,1.1125177401485014,0.9156069845917472,-0.7245438725571992,-0.2774800119000938,-0.5157419086653975
584,0.7180682113731236,0.439859737636697,0.9153015252327488,-0.7245438725571992,0.9574293914933818,-0.49581061291975087
585,0.06135195397129323,1.2522555467321683,-0.8405002111136846,1.5981142226604335,-1.4287538292150501,-0.5162242803006234
586,0.06135195397129323,1.2522555467321683,0.9156204678472339,-0.7245438725571992,0.9574293914933818,-0.516712748321953
587,1.364608132523318,1.5229905548523877,0.9156336493081464,1.7264872949717982,-0.2774800119000938,-0.5175813890510657
588,0.06135195397129323,0.3842939499317996,0.9152097180654903,0.6812089336590516,-1.6784690741943524,-0.48699640740001454
589,0.06135195397129323,1.2522555467321683,-0.840493573298209,-0.7245438725571992,0.9574293914933818,-0.5163190058766621
590,0.06135195397129323,0.20730037694656048,-0.8400177736928124,-0.7245438725571992,-1.4287538292150501,-0.48745399938300643
591,-1.2863913592183929,-0.792734587736763,-1.6368228230735595,-0.7245438725571992,-0.2774800119000938,1.9951232205688085
592,-1.9797462048535426,-1.4380091521429539,0.9030781810142279,-0.7245438725571992,-1.4287538292150501,0.01461813883564426
593,1.364608132523318,-0.20045024551280113,-0.8396029854353176,1.7264872949717982,-0.2774800119000938,-0.45778718149365016
594,-1.9797462048535426,-1.4380091521429539,0.9024924873156651,0.6812089336590516,-1.9104429153545375,0.05093434188627877
595,0.7180682113731236,1.4387559827345413,0.9156291545004241,1.7844478391944463,0.9574293914933818,-0.5172416274302464
596,-0.6064467020621378,-0.792734587736763,-0.8091377346610714,-0.7245438725571992,0.9574293914933818,0.11452440770532754
597,1.364608132523318,0.6949579082429815,-0.8404073270462645,-0.7245438725571992,0.9574293914933818,-0.5125904512748709
598,0.06135195397129323,0.9583325238551856,-0.840477588595105,-0.7245438725571992,0.9574293914933818,-0.5160315324175354
599,0.06135195397129323,1.5229905548523877,-0.8405181812041502,0.6812089336590516,-1.0029415879318078,-0.5175327519862368
600,-0.6064467020621378,-0.8901927578090358,0.9045358525860571,0.6812089336590516,-1.6784690741943524,-0.022240670279300864
601,-0.6064467020621378,0.8318863737429419,0.9155481027656793,-0.7245438725571992,-0.2774800119000938,-0.5114837398440808
602,0.06135195397129323,-1.0965407956591293,-0.8326150572104567,1.7264872949717982,-1.4287538292150501,-0.1946258913608705
603,-1.9797462048535426,1.2522555467321683,-0.8404967995671647,-0.7245438725571992,0.9574293914933818,-0.5162886311272435
604,1.364608132523318,1.4674530522428193,-0.8405079439963382,1.7844478391944463,-0.2774800119000938,-0.5167947417590495
605,0.06135195397129323,1.495524816226513,-0.840518870523278,-0.7245438725571992,0.9574293914933818,-0.5176146639992367
606,0.7180682113731236,0.5972216516895191,-0.8403556528973026,-0.7245438725571992,0.9574293914933818,-0.510876682856484
607,0.7180682113731236,0.7874678400363724,0.9155613678218575,0.6812089336590516,0.9574293914933818,-0.512450926804055
608,-0.6064467020621378,0.5462603934448973,-0.8403799067364495,-0.7245438725571992,0.9574293914933818,-0.5122759412692434
609,-1.9797462048535426,0.5462603934448973,-0.8403848357209793,-0.7245438725571992,-0.2774800119000938,-0.5117045447822905
610,1.364608132523318,0.5462603934448973,0.915493224529882,1.5981142226604335,0.9574293914933818,-0.5075357671040348
611,-1.9797462048535426,-1.4380091521429539,0.9023053860407784,-0.7245438725571992,-1.9104429153545375,0.03335098143870612
612,1.364608132523318,-1.0965407956591293,-0.8168923564497537,-0.7245438725571992,0.9574293914933818,-0.00484096510659908
613,-0.6064467020621378,-0.43661153059150326,-0.8394086916539465,1.5981142226604335,-1.6784690741943524,-0.4494055663538879
614,0.7180682113731236,-0.6082765918746469,-0.5441223803642388,1.7264872949717982,-0.2774800119000938,0.8952883189006405
615,0.7180682113731236,-0.6988230343026319,-0.8383392633868247,1.5981142226604335,-0.2774800119000938,-0.38988164502980294
616,-1.2863913592183929,0.439859737636697,0.9154799397880191,-0.7245438725571992,-1.4287538292150501,-0.5065647881271943
617,0.7180682113731236,0.9583325238551856,-0.8404598232925019,-0.7245438725571992,0.9574293914933818,-0.5147089084883908
618,-0.6064467020621378,-1.205863084017514,0.9102968855231464,-0.7245438725571992,-0.2774800119000938,-0.22603724761541433
619,-1.2863913592183929,-0.792734587736763,-1.6368228230735595,-0.7245438725571992,0.9574293914933818,-0.09838709559771032
620,0.7180682113731236,-0.3551856677804989,0.9143512486228902,1.3134174130714984,0.9574293914933818,-0.43209289873914586
621,-1.2863913592183929,-1.205863084017514,0.9107689609162934,-0.7245438725571992,-0.2774800119000938,-0.2550028242084788
622,0.06135195397129323,0.8318863737429419,0.9155632511719445,-0.7245438725571992,0.9574293914933818,-0.5128445813964316
623,0.7180682113731236,1.2522555467321683,-0.8405044790212545,1.7844478391944463,-1.4287538292150501,-0.5166986433942877
624,0.06135195397129323,1.2522555467321683,-0.8405063066756612,1.7264872949717982,-1.0029415879318078,-0.5167378688300032
625,0.06135195397129323,1.5229905548523877,0.9156332614047281,-0.7245438725571992,0.9574293914933818,-0.5175732611853584
626,0.06135195397129323,0.07994732981726328,0.9150672444003954,0.6812089336590516,-1.0029415879318078,-0.47895826707977346
627,0.7180682113731236,1.495524816226513,-0.8405186706459302,1.3134174130714984,-1.0029415879318078,-0.5175815300962234
628,-0.6064467020621378,-0.1268873232836544,0.9150592707401999,-0.7245438725571992,0.9574293914933818,-0.4796496347586931
629,1.364608132523318,1.3487078116630709,-0.8405158206105724,1.5981142226604335,0.9574293914933818,-0.5173773862552847
630,0.06135195397129323,1.5229905548523877,-0.8405182202216984,0.6812089336590516,-0.2774800119000938,-0.5175539141137439
631,-0.6064467020621378,0.9583325238551856,0.9155899447252007,-0.7245438725571992,-0.2774800119000938,-0.5145056640119663
632,0.06135195397129323,-0.6082765918746469,-0.8388187938163166,0.6812089336590516,0.9574293914933818,-0.4359967939637585
633,0.06135195397129323,-0.6988230343026319,1.6765404769957286,-0.7245438725571992,-0.2774800119000938,1.9951232205688085
634,0.06135195397129323,0.439859737636697,0.9153291701493764,-0.7245438725571992,0.9574293914933818,-0.4964803164534621
635,0.06135195397129323,-0.3551856677804989,0.9141916465647876,-0.7245438725571992,-0.2774800119000938,-0.4263055467107691
636,0.7180682113731236,-0.6082765918746469,-0.19583503469579758,-0.7245438725571992,0.9574293914933818,1.0876387088024801
637,-1.9797462048535426,-0.1268873232836544,0.9148871432740674,-0.7245438725571992,0.9574293914933818,-0.47003911953915506
638,0.06135195397129323,-1.6899866153046632,-0.8361793159388442,1.7264872949717982,-1.0029415879318078,-0.28378592170556804
639,1.364608132523318,-1.6899866153046632,-0.8339762443012652,-0.7245438725571992,-0.2774800119000938,-0.27521123937277026
640,0.7180682113731236,0.07994732981726328,-0.8399635166362439,-0.7245438725571992,0.9574293914933818,-0.48987572268848323
641,2.001751937056112,-1.205863084017514,-0.834140567079613,1.7264872949717982,0.9574293914933818,-0.2463098621587676
642,1.364608132523318,-0.5209256463405694,0.8738539262394919,-0.7245438725571992,0.9574293914933818,0.459621761992
643,-1.9797462048535426,-1.3195995250507466,-1.6361769630981338,-0.7245438725571992,0.9574293914933818,1.9951232205688085
644,-1.2863913592183929,0.439859737636697,0.9154749196743852,-0.7245438725571992,0.9574293914933818,-0.5068874124591339
645,0.06135195397129323,-0.6988230343026319,1.676540459030806,0.6812089336590516,-1.0029415879318078,1.9951232205688085
646,0.7180682113731236,0.7874678400363724,-0.8404493331557193,-0.7245438725571992,-0.2774800119000938,-0.5143958496988771
647,-1.2863913592183929,0.32706106014026093,0.9153616586695806,1.3134174130714984,-1.8247857845971525,-0.4981148544556631
648,0.06135195397129323,-0.5209256463405694,0.6493336644245701,1.5981142226604335,-1.4287538292150501,1.1863694436075056
649,0.7180682113731236,0.5462603934448973,-0.8403619226720231,-0.7245438725571992,0.9574293914933818,-0.5097246730791303
650,0.06135195397129323,-0.6988230343026319,-0.28947992099232966,-0.7245438725571992,0.9574293914933818,1.4911567038053612
651,1.364608132523318,-1.0965407956591293,1.670901011695352,1.3134174130714984,-1.0029415879318078,1.9951232205688085
652,-0.6064467020621378,1.2522555467321683,-0.8405025192482581,0.6812089336590516,0.9574293914933818,-0.5167538433352995
653,-0.6064467020621378,-1.4380091521429539,0.8964855737498959,-0.7245438725571992,-0.2774800119000938,0.15440595842452418
654,-0.6064467020621378,-1.0965407956591293,1.2441852018064272,-0.7245438725571992,0.9574293914933818,1.869615405678446
655,1.364608132523318,-1.0965407956591293,1.667143487219631,-0.7245438725571992,0.9574293914933818,1.9951232205688085
656,1.364608132523318,-1.0965407956591293,1.5434395345906156,1.3134174130714984,0.9574293914933818,1.9623809457353163
657,-0.6064467020621378,-1.0965407956591293,-0.8136882977026255,-0.7245438725571992,-1.0029415879318078,0.1769324950050702
658,-0.6064467020621378,-0.6082765918746469,-1.6367904232257808,0.6812089336590516,-1.4287538292150501,1.9951232205688085
659,-0.6064467020621378,1.4674530522428193,-0.8405177126781676,-0.7245438725571992,-0.2774800119000938,-0.5175688001620381
660,-0.6064467020621378,-1.4380091521429539,0.8924639247079544,-0.7245438725571992,0.9574293914933818,0.19759551605479875
661,0.06135195397129323,-0.792734587736763,-1.6368228230735595,0.6812089336590516,-1.0029415879318078,1.1842827336047779
662,-1.2863913592183929,-0.792734587736763,0.9091970076035049,-0.7245438725571992,-1.0029415879318078,-0.18307971704842954
663,-1.2863913592183929,-0.9913919845459518,-1.573745175339691,-0.7245438725571992,-1.9104429153545375,1.9951232205688085
664,-0.6064467020621378,-0.1268873232836544,0.9148770073018827,1.3134174130714984,-1.4287538292150501,-0.4641047805459006
665,-0.6064467020621378,-1.0965407956591293,-0.8379375283329027,-0.7245438725571992,-0.2774800119000938,-0.40000580415438647
666,2.6301778347305618,-0.8901927578090358,1.6455495214651035,1.7844478391944463,0.9574293914933818,1.9951232205688085
667,-0.6064467020621378,-1.205863084017514,0.9100147132870049,1.7264872949717982,-1.9104429153545375,-0.2053359014738746
668,0.7180682113731236,1.3487078116630709,-0.8405154530857564,0.6812089336590516,-1.0029415879318078,-0.5173339324966025
669,-0.6064467020621378,-0.43661153059150326,0.9139587286589135,-0.7245438725571992,-0.2774800119000938,-0.4192120667846929
670,0.7180682113731236,-0.6988230343026319,1.6765404764802787,-0.7245438725571992,0.9574293914933818,1.9951232205688085
671,-1.9797462048535426,1.3487078116630709,0.9156314574634326,-0.7245438725571992,0.9574293914933818,-0.5174454056201818
672,0.06135195397129323,-1.205863084017514,0.9109228848160482,1.7844478391944463,-1.8247857845971525,-0.24966586023182133
673,-1.2863913592183929,-1.205863084017514,0.7083817482631894,-0.7245438725571992,-1.9104429153545375,1.619414300609587
674,0.06135195397129323,0.20730037694656048,-0.8400415850931127,-0.7245438725571992,0.9574293914933818,-0.4985983918756629
675,-0.6064467020621378,1.2522555467321683,-0.840507306380037,-0.7245438725571992,0.9574293914933818,-0.5171164653149898
676,-0.6064467020621378,-1.205863084017514,0.9559394866107379,-0.7245438725571992,0.9574293914933818,1.2570669710141333
677,-0.6064467020621378,1.1487282858787249,0.9156160087214522,-0.7245438725571992,0.9574293914933818,-0.5164444560339867
678,2.001751937056112,-0.9913919845459518,0.8844515874623275,1.7844478391944463,0.9574293914933818,0.334535048153863
679,-0.6064467020621378,-0.792734587736763,-1.6368228230735595,1.3134174130714984,-1.8247857845971525,1.9951232205688085
680,-0.6064467020621378,-0.43661153059150326,-0.7886790751843714,1.3134174130714984,-1.0029415879318078,0.5319202524939026
681,0.06135195397129323,-0.43661153059150326,-0.839527820123914,-0.7245438725571992,0.9574293914933818,-0.47089861952644174
682,-0.6064467020621378,1.379404739862459,-0.8405165850050834,-0.7245438725571992,0.9574293914933818,-0.5174914348704187
683,-0.6064467020621378,-1.0965407956591293,-0.8111942671940396,-0.7245438725571992,-0.2774800119000938,0.12702988887294936
684,-0.6064467020621378,1.3487078116630709,0.915630769299374,-0.7245438725571992,0.9574293914933818,-0.5173769939320999
685,-0.6064467020621378,0.9583325238551856,0.9155897890827601,1.3134174130714984,-1.0029415879318078,-0.5143879938317208
686,1.364608132523318,-0.5209256463405694,-0.42247232194323137,1.7844478391944463,-1.0029415879318078,1.7492042513813475
687,-1.2863913592183929,1.4387559827345413,-0.8405117596921405,-0.7245438725571992,-1.0029415879318078,-0.5172294430772634
688,-1.2863913592183929,-0.792734587736763,-0.7908413956486683,-0.7245438725571992,0.9574293914933818,0.37977113714171
689,0.7180682113731236,1.379404739862459,-0.8405162143393803,1.3134174130714984,-0.2774800119000938,-0.5174425094465227
690,0.06135195397129323,1.2522555467321683,0.9156181222466795,1.3134174130714984,0.9574293914933818,-0.5164891650071497
691,-1.9797462048535426,-1.205863084017514,0.9103759968074522,-0.7245438725571992,0.9574293914933818,-0.2560380330594319
692,-1.2863913592183929,1.3487078116630709,0.9156304748397717,-0.7245438725571992,0.9574293914933818,-0.5173556991076544
693,-1.2863913592183929,0.439859737636697,0.9154701312897202,1.3134174130714984,-1.6784690741943524,-0.505810469681766
694,0.7180682113731236,-0.5209256463405694,-0.6731970146498067,1.3134174130714984,-0.2774800119000938,0.850214693405587
695,0.06135195397129323,-0.792734587736763,-1.6368228230735595,-0.7245438725571992,-0.2774800119000938,1.9951232205688085
696,0.06135195397129323,-0.8901927578090358,0.9136423064621776,-0.7245438725571992,-0.2774800119000938,-0.4035916221181356
697,-1.9797462048535426,-0.1268873232836544,-0.8398683814286636,-0.7245438725571992,0.9574293914933818,-0.48468942332198633
698,0.7180682113731236,-0.8901927578090358,0.913585451421624,-0.7245438725571992,0.9574293914933818,-0.39826580364884157
699,0.06135195397129323,1.495524816226513,-0.8405133850210752,-0.7245438725571992,-0.2774800119000938,-0.5172936606433642
700,-0.6064467020621378,-0.43661153059150326,-0.7967605947487255,-0.7245438725571992,-0.2774800119000938,0.3180786629685813
701,-0.6064467020621378,-0.5209256463405694,-0.8388734180649782,1.5981142226604335,-1.4287538292150501,-0.4174243533303595
702,-1.2863913592183929,-1.3195995250507466,-1.6350053223838144,-0.7245438725571992,-1.0029415879318078,1.9951232205688085
703,0.06135195397129323,0.5972216516895191,-0.840361268810747,-0.7245438725571992,0.9574293914933818,-0.5106332347080627
704,0.06135195397129323,0.9583325238551856,-0.8404793569036505,-0.7245438725571992,-0.2774800119000938,-0.5160023157852603
705,-1.2863913592183929,-0.6082765918746469,-0.42874085368831333,-0.7245438725571992,0.9574293914933818,0.8446316799288642
706,1.364608132523318,-1.0965407956591293,-1.6368228230735595,1.5981142226604335,0.9574293914933818,-7.413993354597659
707,0.7180682113731236,1.4387559827345413,0.9156289430975467,-0.7245438725571992,0.9574293914933818,-0.5172420940288144
708,-1.9797462048535426,-0.9913919845459518,-1.6004373010036146,-0.7245438725571992,-1.8247857845971525,1.9951232205688085
709,0.7180682113731236,-0.43661153059150326,-0.7764509809673558,-0.7245438725571992,0.9574293914933818,0.29686124738348646
710,1.364608132523318,-0.43661153059150326,-0.7689283055448605,0.6812089336590516,0.9574293914933818,0.4800712563842851
711,0.7180682113731236,-1.3195995250507466,-0.3971819154859759,-0.7245438725571992,0.9574293914933818,1.718996822067235
712,0.7180682113731236,-0.6988230343026319,1.67654003458714,-0.7245438725571992,0.9574293914933818,1.9951232205688085
713,-0.6064467020621378,-0.6082765918746469,-0.316873490976241,-0.7245438725571992,0.9574293914933818,0.8205748010926585
714,0.06135195397129323,0.07994732981726328,0.9151834884815917,-0.7245438725571992,-1.0029415879318078,-0.48597699466862726
715,-0.6064467020621378,0.9583325238551856,0.9155905227013619,-0.7245438725571992,-1.0029415879318078,-0.5144853734033749
716,0.06135195397129323,1.4387559827345413,-0.8405125703561701,1.3134174130714984,-1.0029415879318078,-0.5171910527687501
717,0.06135195397129323,-0.3551856677804989,0.9146929716360652,1.5981142226604335,-0.2774800119000938,-0.45483068403520144
718,-0.6064467020621378,-1.0965407956591293,-0.8379474895898669,-0.7245438725571992,-1.0029415879318078,-0.39413099103917687
719,2.001751937056112,1.4387559827345413,-0.8405108501106174,0.6812089336590516,-0.2774800119000938,-0.517157941607007
720,-0.6064467020621378,1.4387559827345413,-0.8405117435586206,-0.7245438725571992,-1.0029415879318078,-0.5171372884226859
721,-1.2863913592183929,0.3842939499317996,-0.8401365638286812,-0.7245438725571992,0.9574293914933818,-0.49924219476091214
722,0.7180682113731236,0.8318863737429419,0.9155790467383638,1.3134174130714984,0.9574293914933818,-0.5137737373277956
723,-0.6064467020621378,1.495524816226513,0.9156331115895812,-0.7245438725571992,0.9574293914933818,-0.5175551023650322
724,0.7180682113731236,1.3487078116630709,-0.8405143356960296,-0.7245438725571992,0.9574293914933818,-0.5173882106418825
725,0.06135195397129323,-1.6899866153046632,-0.8363052720943425,-0.7245438725571992,0.9574293914933818,-0.3770646792721552
726,0.7180682113731236,-1.205863084017514,-0.8347252869743909,-0.7245438725571992,0.9574293914933818,-0.3187162671344295
727,0.7180682113731236,-1.0965407956591293,1.5294079699363496,-0.7245438725571992,0.9574293914933818,1.8684433900844162
728,0.06135195397129323,-1.3195995250507466,-1.5155179469330573,-0.7245438725571992,0.9574293914933818,1.9951232205688085
729,2.6301778347305618,-1.6899866153046632,-0.8353520751420592,1.7844478391944463,0.9574293914933818,-0.26089304025678334
730,-0.6064467020621378,-0.792734587736763,0.9087796855352541,-0.7245438725571992,0.9574293914933818,-0.20001563809849923
731,0.7180682113731236,-1.3195995250507466,-1.073923650473638,-0.7245438725571992,0.9574293914933818,1.86465878542666
732,1.364608132523318,0.3842939499317996,0.9152707513484789,-0.7245438725571992,0.9574293914933818,-0.4935869780568097
733,0.7180682113731236,1.4387559827345413,0.9156326007170352,-0.7245438725571992,0.9574293914933818,-0.5175087854305361
734,0.06135195397129323,1.495524816226513,0.9156328814714079,-0.7245438725571992,0.9574293914933818,-0.5175347954467019
735,-0.6064467020621378,0.7874678400363724,0.9155537513733364,-0.7245438725571992,0.9574293914933818,-0.5120163762440791
736,0.7180682113731236,-0.055704695091252074,0.9150078328591351,1.3134174130714984,0.9574293914933818,-0.47426906547989
737,0.06135195397129323,-0.8901927578090358,-0.8380942524080834,-0.7245438725571992,0.9574293914933818,-0.4137809053914149
738,0.06135195397129323,-0.8901927578090358,-1.1741478570420565,-0.7245438725571992,0.9574293914933818,1.8189152320561601
739,0.06135195397129323,-0.2765087930481455,0.9146881390444347,-0.7245438725571992,0.9574293914933818,-0.45946192300165606
740,0.7180682113731236,1.495524816226513,0.9156326905029296,1.5981142226604335,-1.0029415879318078,-0.5174978714361079
741,0.06135195397129323,-0.6082765918746469,-0.48945045305187784,0.6812089336590516,-1.0029415879318078,1.1494112309240854
742,-1.2863913592183929,0.5972216516895191,-0.8402998091207152,0.6812089336590516,-1.9104429153545375,-0.5054495873822707
743,0.7180682113731236,0.9583325238551856,0.9155867016318461,-0.7245438725571992,0.9574293914933818,-0.5143064677533882
744,0.06135195397129323,-0.9913919845459518,0.888893182926491,-0.7245438725571992,0.9574293914933818,0.24586854212771864
745,0.06135195397129323,0.6949579082429815,-0.840424050455869,-0.7245438725571992,-0.2774800119000938,-0.5137055545636363
746,0.06135195397129323,1.2851574855575607,0.9156227255668524,1.5981142226604335,-1.0029415879318078,-0.5167684688396107
747,0.06135195397129323,-0.1268873232836544,-0.8398195366900284,1.7844478391944463,-1.6784690741943524,-0.47029221769841356
748,0.7180682113731236,-0.3551856677804989,0.9144994363142361,-0.7245438725571992,-0.2774800119000938,-0.44155150953409394
749,-1.9797462048535426,0.4938269234215083,0.9153682772379983,-0.7245438725571992,-0.2774800119000938,-0.4999841522902059
750,-0.6064467020621378,-0.792734587736763,0.717876319906753,1.7264872949717982,-1.9898238783865385,1.0767286560352278
751,-0.6064467020621378,1.379404739862459,-0.8405165734375016,-0.7245438725571992,-0.2774800119000938,-0.517526002365953
752,-1.2863913592183929,-1.3195995250507466,-0.45347745739888956,-0.7245438725571992,0.9574293914933818,1.591374510080051
753,0.06135195397129323,1.037360808751272,-0.8404910363283122,-0.7245438725571992,0.9574293914933818,-0.5166157573353845
754,0.7180682113731236,1.2522555467321683,0.915618998396108,1.5981142226604335,-1.6784690741943524,-0.5165195233516322
755,-1.2863913592183929,-0.792734587736763,0.906148781954162,1.3134174130714984,-1.9104429153545375,-0.07324156656003819
756,-1.2863913592183929,-1.0965407956591293,-0.8378487205575421,-0.7245438725571992,-1.0029415879318078,-0.3758417244154901
757,0.7180682113731236,-0.6082765918746469,-0.8389442058877992,-0.7245438725571992,-0.2774800119000938,-0.4446569048421368
758,-0.6064467020621378,1.495524816226513,-0.8405188546625008,-0.7245438725571992,0.9574293914933818,-0.5176593402754601
759,-0.6064467020621378,-0.792734587736763,-0.795043217728874,-0.7245438725571992,0.9574293914933818,0.09614394343778149
760,0.7180682113731236,1.4387559827345413,-0.8405112864977768,-0.7245438725571992,0.9574293914933818,-0.5172477376719895
761,0.7180682113731236,1.2522555467321683,0.9156191476375312,1.3134174130714984,-1.4287538292150501,-0.5165362160041329
762,-0.6064467020621378,1.495524816226513,-0.8405118725232428,-0.7245438725571992,0.9574293914933818,-0.5172602782825313
763,0.7180682113731236,1.379404739862459,-0.8405160413472897,-0.7245438725571992,0.9574293914933818,-0.5174515838781182
764,0.06135195397129323,-0.792734587736763,0.6305112899432982,-0.7245438725571992,-1.0029415879318078,1.0637924598406137
765,0.06135195397129323,1.379404739862459,-0.8405168309227314,-0.7245438725571992,-0.2774800119000938,-0.517510959837058
766,-1.2863913592183929,0.9172767120378446,-0.8404673240583753,-0.7245438725571992,0.9574293914933818,-0.5154671424906131
767,0.06135195397129323,0.4938269234215083,0.9153869956334971,0.6812089336590516,-1.4287538292150501,-0.500251515827291
768,0.06135195397129323,1.3487078116630709,0.9156307087055463,0.6812089336590516,-1.4287538292150501,-0.5173567016528056
769,-1.2863913592183929,1.495524816226513,0.9156330937785382,-0.7245438725571992,-1.0029415879318078,-0.5175481021704597
770,0.06135195397129323,0.3842939499317996,-0.8401761739460274,1.3134174130714984,0.9574293914933818,-0.4978369575785543
771,0.7180682113731236,-0.6082765918746469,-0.8391071339165651,0.6812089336590516,0.9574293914933818,-0.44014253229621336
772,0.7180682113731236,0.9172767120378446,-0.8404604234671283,1.5981142226604335,-1.6784690741943524,-0.5135448844766398
773,1.364608132523318,-0.792734587736763,1.6765404772101304,-0.7245438725571992,0.9574293914933818,1.9951232205688085
774,0.7180682113731236,-0.6082765918746469,1.676539266922358,1.3134174130714984,-1.0029415879318078,1.9951232205688085
775,-0.6064467020621378,0.741840854707084,0.9155348691272933,0.6812089336590516,-0.2774800119000938,-0.5106292628432343
776,0.7180682113731236,1.2522555467321683,-0.8404979148857508,1.3134174130714984,-1.4287538292150501,-0.5160630892829557
777,0.7180682113731236,1.3487078116630709,0.9156299792353042,-0.7245438725571992,0.9574293914933818,-0.5173342854280187
778,0.7180682113731236,1.4387559827345413,-0.8405171704415423,-0.7245438725571992,0.9574293914933818,-0.5175812698168175
779,-0.6064467020621378,-0.792734587736763,-0.8043570256012419,-0.7245438725571992,-1.6784690741943524,0.3733112792349173
780,0.06135195397129323,-0.6082765918746469,-0.8391035748087001,-0.7245438725571992,0.9574293914933818,-0.4440526880875691
781,0.7180682113731236,0.9983481441069354,0.915606351876868,0.6812089336590516,-1.0029415879318078,-0.515613302420794
782,2.001751937056112,-0.6988230343026319,-0.8386288180664248,-0.7245438725571992,0.9574293914933818,-0.4340438584715459
783,0.06135195397129323,-0.6988230343026319,-0.7175399966229868,0.6812089336590516,-0.2774800119000938,0.7960787738441544
784,-0.6064467020621378,-0.3551856677804989,-0.8392056478287235,-0.7245438725571992,0.9574293914933818,-0.46772938818788956
785,0.7180682113731236,-0.8901927578090358,1.6765404772101304,1.5981142226604335,-1.0029415879318078,1.9951232205688085
786,0.7180682113731236,-1.6899866153046632,-0.835760509236956,-0.7245438725571992,0.9574293914933818,-0.33816223974801946
787,0.7180682113731236,0.5462603934448973,-0.8403610079596385,1.7844478391944463,-0.2774800119000938,-0.5067265355387974
788,0.06135195397129323,-0.1268873232836544,-0.8396956075286642,-0.7245438725571992,0.9574293914933818,-0.48710688062276913
789,1.364608132523318,-1.0965407956591293,0.9131297047446285,-0.7245438725571992,0.9574293914933818,-0.3632675985876787
790,-1.2863913592183929,-1.3195995250507466,-1.6350983329537094,-0.7245438725571992,0.9574293914933818,1.9951232205688085
791,0.7180682113731236,-1.205863084017514,-0.8370097002777532,1.5981142226604335,-1.0029415879318078,-0.3293799167842457
792,-0.6064467020621378,-0.792734587736763,0.9070817019360191,-0.7245438725571992,-1.0029415879318078,-0.12288288355582179
793,0.06135195397129323,1.2522555467321683,-0.8405042826165388,0.6812089336590516,-0.2774800119000938,-0.5167317752426808
794,-1.2863913592183929,-1.3195995250507466,-1.6342500285819237,-0.7245438725571992,0.9574293914933818,1.9951232205688085
795,-1.2863913592183929,0.9583325238551856,-0.8404847544720322,-0.7245438725571992,-0.2774800119000938,-0.515580101295035
796,0.7180682113731236,-0.792734587736763,0.7464051723911719,1.7844478391944463,-1.8247857845971525,0.9887786769160773
797,0.06135195397129323,0.439859737636697,0.9154607552662858,-0.7245438725571992,0.9574293914933818,-0.5060565253616399
798,-1.2863913592183929,-1.3195995250507466,-1.6367400914988957,-0.7245438725571992,-0.2774800119000938,1.9951232205688085
799,-1.2863913592183929,-1.0965407956591293,-1.6345536600882111,0.6812089336590516,-1.0029415879318078,1.9951232205688085
800,-1.2863913592183929,0.5972216516895191,-0.8403048413761762,-0.7245438725571992,-1.8247857845971525,-0.5063648632311557
801,-0.6064467020621378,1.4387559827345413,-0.8405124458436494,-0.7245438725571992,0.9574293914933818,-0.5173012853922665
802,0.06135195397129323,-0.6988230343026319,1.6765404611331225,-0.7245438725571992,0.9574293914933818,1.9951232205688085
803,-1.2863913592183929,-0.43661153059150326,0.9136817123424438,-0.7245438725571992,0.9574293914933818,-0.40454782536181283
804,-0.6064467020621378,-1.4380091521429539,-0.8364351172924888,-0.7245438725571992,0.9574293914933818,-0.33425167688094987
805,0.7180682113731236,0.8751416555458669,0.9155562703552599,1.3134174130714984,0.9574293914933818,-0.5119645470908459
806,1.364608132523318,1.2522555467321683,0.915609084015651,1.7264872949717982,0.9574293914933818,-0.515798562986932
807,0.7180682113731236,-1.0965407956591293,-1.0448295970746528,1.7844478391944463,-1.0029415879318078,1.8991298165261563
808,-0.6064467020621378,1.4674530522428193,-0.8405175237327076,-0.7245438725571992,0.9574293914933818,-0.5175751334387539
809,0.7180682113731236,0.9583325238551856,0.9155930089654092,-0.7245438725571992,-0.2774800119000938,-0.5146448014377246
810,-1.9797462048535426,1.4387559827345413,-0.8405120997578115,-0.7245438725571992,-0.2774800119000938,-0.5173233525626821
811,0.06135195397129323,-1.6899866153046632,-0.8363522470201242,-0.7245438725571992,0.9574293914933818,-0.3661473001832901
812,-0.6064467020621378,-1.6899866153046632,-0.8364461405120015,-0.7245438725571992,0.9574293914933818,-0.3470077395044573
813,0.06135195397129323,-0.792734587736763,-1.6368228230735595,-0.7245438725571992,0.9574293914933818,1.9951232205688085
814,-0.6064467020621378,0.07994732981726328,0.9150860950485887,1.5981142226604335,-1.6784690741943524,-0.4796245991873028
815,1.364608132523318,-1.0965407956591293,-1.6368228230735595,1.3134174130714984,0.9574293914933818,-7.413993354597659
816,0.7180682113731236,-0.055704695091252074,0.9149616551838932,-0.7245438725571992,0.9574293914933818,-0.4723464520521394
817,0.7180682113731236,1.2851574855575607,0.9156222189664894,0.6812089336590516,-1.0029415879318078,-0.5167288865430016
818,1.364608132523318,0.07994732981726328,0.9151704623103623,1.7844478391944463,-1.0029415879318078,-0.48664104404140063
819,-0.6064467020621378,1.4674530522428193,-0.8405093877233368,-0.7245438725571992,-1.0029415879318078,-0.5170574500331099
820,1.364608132523318,1.5229905548523877,0.9156332887801442,-0.7245438725571992,0.9574293914933818,-0.517568678834685
821,0.06135195397129323,-1.4380091521429539,-0.8365366519298236,-0.7245438725571992,0.9574293914933818,-0.34324781934854015
822,-0.6064467020621378,-0.792734587736763,0.7203272833512118,-0.7245438725571992,-1.9605446310765329,1.0543291877466403
823,0.06135195397129323,1.2851574855575607,-0.8405023492331314,0.6812089336590516,0.9574293914933818,-0.5167902924676001
824,-0.6064467020621378,-1.4380091521429539,0.9122533701123412,-0.7245438725571992,-0.2774800119000938,-0.3164009249945611
825,0.7180682113731236,-0.5209256463405694,0.8766596859499416,-0.7245438725571992,0.9574293914933818,0.4141549451123825
826,-0.6064467020621378,-1.205863084017514,1.0168950678577113,-0.7245438725571992,-1.0029415879318078,1.4874244919900355
827,0.7180682113731236,1.4387559827345413,0.915632023555898,-0.7245438725571992,0.9574293914933818,-0.5174816978410158
828,0.06135195397129323,0.5972216516895191,-0.8403936624046769,-0.7245438725571992,0.9574293914933818,-0.5104764702763873
829,-0.6064467020621378,1.3487078116630709,0.9156311887782518,-0.7245438725571992,-1.0029415879318078,-0.5174222544778986
830,-1.9797462048535426,-1.4380091521429539,0.9000444604162422,-0.7245438725571992,-1.0029415879318078,0.01871054130172475
831,0.7180682113731236,-0.6082765918746469,0.25213483861447955,-0.7245438725571992,0.9574293914933818,1.0114140146859774
832,0.7180682113731236,-1.0965407956591293,-0.8375742846249666,0.6812089336590516,-1.0029415879318078,-0.350666535221449
833,-0.6064467020621378,-0.6082765918746469,-1.636822008620698,-0.7245438725571992,0.9574293914933818,1.9951232205688085
834,-0.6064467020621378,-1.205863084017514,0.9099940993093989,0.6812089336590516,-1.6784690741943524,-0.2038908159658843
835,0.06135195397129323,0.6949579082429815,-0.840427369076204,1.7844478391944463,-1.6784690741943524,-0.5113149953952449
836,-0.6064467020621378,0.7874678400363724,0.91557850226761,-0.7245438725571992,0.9574293914933818,-0.5139966528373215
837,0.7180682113731236,-0.43661153059150326,0.9140541675432742,-0.7245438725571992,0.9574293914933818,-0.4203687321752947
838,0.7180682113731236,0.07994732981726328,-0.8399698702158592,-0.7245438725571992,0.9574293914933818,-0.4903518168069117
839,0.7180682113731236,0.07994732981726328,-0.8399324009452641,1.5981142226604335,-0.2774800119000938,-0.4800187097099613
840,1.364608132523318,-1.205863084017514,-0.8345221484332548,1.7264872949717982,0.9574293914933818,-0.2102481929468054
841,1.364608132523318,-1.0965407956591293,1.6765404772101304,-0.7245438725571992,0.9574293914933818,0.5001525497245922
842,-0.6064467020621378,1.495524816226513,-0.8405146323473395,-0.7245438725571992,0.9574293914933818,-0.5174674482037225
843,-0.6064467020621378,1.3487078116630709,0.9156312203652517,-0.7245438725571992,-1.0029415879318078,-0.5174159292836604
844,0.06135195397129323,0.32706106014026093,0.915350022923777,-0.7245438725571992,0.9574293914933818,-0.4976634842718604
845,-0.6064467020621378,-0.792734587736763,-1.6368228230735595,0.6812089336590516,-1.4287538292150501,1.9951232205688085
846,-2.6880358956763057,0.5972216516895191,-0.8403100996847226,-0.7245438725571992,-1.8247857845971525,-0.5092056163064455
847,0.7180682113731236,1.4387559827345413,0.9156289915155341,-0.7245438725571992,-0.2774800119000938,-0.5172304212177098
848,-0.6064467020621378,-0.43661153059150326,0.9139554638168929,-0.7245438725571992,-0.2774800119000938,-0.41215117837781884
849,-0.6064467020621378,0.7874678400363724,0.915564650007961,-0.7245438725571992,-0.2774800119000938,-0.5129529516616476
850,-1.2863913592183929,0.9172767120378446,-0.8404681261142968,-0.7245438725571992,-1.4287538292150501,-0.5145810648819614
851,0.06135195397129323,0.7874678400363724,-0.8404467185529573,-0.7245438725571992,-0.2774800119000938,-0.5143348450958314
852,1.364608132523318,0.7874678400363724,-0.8404155066977491,1.5981142226604335,-0.2774800119000938,-0.5107116822780247
853,-1.2863913592183929,1.4674530522428193,0.9156256948529886,0.6812089336590516,-1.6784690741943524,-0.5169945926599653
854,-1.2863913592183929,-1.4380091521429539,0.8931342347303592,-0.7245438725571992,0.9574293914933818,0.1835433515441762
855,0.06135195397129323,-0.792734587736763,-1.6368228230723696,-0.7245438725571992,0.9574293914933818,1.9951232205688085
856,-0.6064467020621378,-0.8901927578090358,-0.8379866141603445,1.3134174130714984,-1.8247857845971525,-0.38317041716223726
857,-1.2863913592183929,1.3487078116630709,-0.8405151992776163,-0.7245438725571992,0.9574293914933818,-0.5174405845341258
858,-1.9797462048535426,-1.4380091521429539,0.9025882128483758,-0.7245438725571992,-1.0029415879318078,0.010767371853883415
859,0.06135195397129323,-0.20045024551280113,-0.8396607159887555,1.3134174130714984,0.9574293914933818,-0.46584005474511536
860,2.001751937056112,-1.4380091521429539,-0.8292486939058328,1.7264872949717982,0.9574293914933818,-0.12102567871893212
861,0.06135195397129323,-1.205863084017514,1.0489144826190795,1.7844478391944463,-1.0029415879318078,1.801104961035908
862,0.06135195397129323,-0.5209256463405694,0.811452214413491,1.5981142226604335,-1.0029415879318078,0.825561408909898
863,-1.2863913592183929,1.4387559827345413,-0.8405116669652114,1.3134174130714984,-1.8247857845971525,-0.5171513831821234
864,0.06135195397129323,0.5972216516895191,-0.8403428189449866,-0.7245438725571992,-0.2774800119000938,-0.5073977178662493
865,0.7180682113731236,0.07994732981726328,0.9149322600691655,-0.7245438725571992,0.9574293914933818,-0.4718748771348162
866,0.06135195397129323,-0.8901927578090358,-0.8380679747752484,1.3134174130714984,-1.6784690741943524,-0.3797118181873019
867,-0.6064467020621378,-0.792734587736763,-0.8045469318930687,-0.7245438725571992,0.9574293914933818,0.13397574428247877
868,0.7180682113731236,-0.3551856677804989,0.9145003686489714,-0.7245438725571992,0.9574293914933818,-0.4424133524668968
869,-0.6064467020621378,-0.8901927578090358,1.6765404771954928,-0.7245438725571992,-0.2774800119000938,1.9951232205688085
870,0.06135195397129323,0.9983481441069354,0.9155771151288997,0.6812089336590516,-1.0029415879318078,-0.5136212759611308
871,-0.6064467020621378,-1.4380091521429539,-0.8366162281572519,-0.7245438725571992,0.9574293914933818,-0.34364561913181835
872,2.001751937056112,1.5229905548523877,0.9156324223163896,1.7264872949717982,-1.0029415879318078,-0.5174786524754178
873,0.06135195397129323,0.3842939499317996,0.9152001097092259,-0.7245438725571992,-0.2774800119000938,-0.4870940783181946
874,1.364608132523318,-1.205863084017514,-0.8350827230044722,-0.7245438725571992,0.9574293914933818,-0.2736839325574045
875,1.364608132523318,1.4674530522428193,0.9156245085776216,1.7844478391944463,0.9574293914933818,-0.516929246117466
876,-0.6064467020621378,-1.4380091521429539,0.9111254881093986,-0.7245438725571992,0.9574293914933818,-0.2648353642734976
877,0.7180682113731236,0.7874678400363724,0.9155629534091795,-0.7245438725571992,0.9574293914933818,-0.5125167883865052
878,-1.2863913592183929,-1.4380091521429539,0.898739786016528,1.3134174130714984,-1.4287538292150501,0.12086509617473143
879,0.06135195397129323,0.5972216516895191,-0.8403362456799303,0.6812089336590516,-1.4287538292150501,-0.5062369534094885
880,-0.6064467020621378,0.7874678400363724,-0.840451238936579,-0.7245438725571992,0.9574293914933818,-0.5146909179534431
881,-0.6064467020621378,-0.792734587736763,-1.6368228230735595,0.6812089336590516,-1.8247857845971525,1.6195700379462938
882,0.06135195397129323,-0.6988230343026319,-0.8384714887272667,1.3134174130714984,-0.2774800119000938,-0.4211731855348113
883,-1.9797462048535426,-0.3551856677804989,0.9149086535706362,-0.7245438725571992,-0.2774800119000938,-0.4702396858355936
884,1.364608132523318,-1.0965407956591293,-1.1758544344522852,1.7264872949717982,-0.2774800119000938,1.9825788590650002
885,0.7180682113731236,1.495524816226513,0.9156326352936003,0.6812089336590516,-1.0029415879318078,-0.5175000366283264
886,1.364608132523318,-1.0965407956591293,1.6717964812182398,1.7264872949717982,-1.0029415879318078,1.9951232205688085
887,-0.6064467020621378,1.2522555467321683,-0.8404971868927454,-0.7245438725571992,-1.0029415879318078,-0.5161648066780858
888,1.364608132523318,-0.792734587736763,1.6765404772101304,1.3134174130714984,0.9574293914933818,1.9951232205688085
889,0.06135195397129323,0.3842939499317996,-0.8402260638700702,-0.7245438725571992,-0.2774800119000938,-0.5012173612153679
890,0.7180682113731236,1.3487078116630709,-0.8405159256160385,-0.7245438725571992,0.9574293914933818,-0.5175490624415462
891,0.7180682113731236,1.495524816226513,0.915633682589649,-0.7245438725571992,0.9574293914933818,-0.5175908645686946
892,0.7180682113731236,1.1487282858787249,0.9156131785232856,-0.7245438725571992,0.9574293914933818,-0.5162030528417832
893,1.364608132523318,-0.6988230343026319,-1.6368228230735595,1.3134174130714984,-0.2774800119000938,0.517795268332251
894,1.364608132523318,-1.4380091521429539,-0.8283445198139593,-0.7245438725571992,0.9574293914933818,-0.24025737617078688
895,0.06135195397129323,0.8318863737429419,0.9155734751907957,-0.7245438725571992,0.9574293914933818,-0.5133294233848227
896,0.06135195397129323,1.4387559827345413,-0.8405128306621982,-0.7245438725571992,0.9574293914933818,-0.5172905078549237
897,-1.9797462048535426,-1.3195995250507466,-1.6355297178882389,1.5981142226604335,-1.0029415879318078,1.9951232205688085
898,-0.6064467020621378,-0.6988230343026319,-0.6998818399575537,0.6812089336590516,0.9574293914933818,0.7643908440239675
899,0.06135195397129323,1.3487078116630709,-0.8405153434607738,0.6812089336590516,0.9574293914933818,-0.5174512997387072
900,-1.2863913592183929,-0.792734587736763,-1.6368228230735595,-0.7245438725571992,0.9574293914933818,1.9951232205688085
901,-0.6064467020621378,1.2522555467321683,-0.8405013569030185,1.5981142226604335,-1.0029415879318078,-0.5164011306996266
902,-1.2863913592183929,-1.4380091521429539,0.9051786849567187,-0.7245438725571992,-1.0029415879318078,-0.08219270032469368
903,0.7180682113731236,-0.1268873232836544,0.9149382489234186,0.6812089336590516,0.9574293914933818,-0.47221823194919116
904,0.06135195397129323,-1.205863084017514,0.4258639034234376,1.3134174130714984,-1.0029415879318078,1.686916678520272
905,-0.6064467020621378,-0.9913919845459518,-1.6284321828638297,-0.7245438725571992,0.9574293914933818,1.9951232205688085
906,0.06135195397129323,0.3842939499317996,0.915326658362604,-0.7245438725571992,-0.2774800119000938,-0.49609691281061513
907,1.364608132523318,0.7874678400363724,0.9155161302473398,0.6812089336590516,0.9574293914933818,-0.5096276027618416
908,0.06135195397129323,1.495524816226513,-0.8405071998483706,0.6812089336590516,-0.2774800119000938,-0.5169485620149704
909,2.001751937056112,0.5462603934448973,-0.8403534762353196,1.3134174130714984,0.9574293914933818,-0.5072905917043021
910,0.06135195397129323,1.2851574855575607,0.9156220023557745,1.5981142226604335,-1.4287538292150501,-0.516727719022668
911,1.364608132523318,-0.43661153059150326,-0.7790982135521801,1.7264872949717982,-1.0029415879318078,0.3854640119506218
912,-1.2863913592183929,-0.792734587736763,-1.6368228230735595,-0.7245438725571992,0.9574293914933818,1.68412071722513
913,-0.6064467020621378,-0.6988230343026319,0.7216205496327084,-0.7245438725571992,0.9574293914933818,0.9299276305787928
914,-1.2863913592183929,-0.6082765918746469,0.5261288694323732,-0.7245438725571992,-1.6784690741943524,1.5913867412826417
915,0.7180682113731236,-0.43661153059150326,0.9138586776567456,0.6812089336590516,-1.4287538292150501,-0.40549367025943234
916,0.06135195397129323,1.1125177401485014,0.915603581067098,0.6812089336590516,0.9574293914933818,-0.5154991573238104
917,-1.9797462048535426,-0.6082765918746469,0.7308622702682449,-0.7245438725571992,0.9574293914933818,1.0550541393931687
918,2.001751937056112,1.4387559827345413,0.915629738129756,1.7844478391944463,0.9574293914933818,-0.517293138054759
919,-1.2863913592183929,1.3487078116630709,0.9156305799179304,-0.7245438725571992,0.9574293914933818,-0.5173591969220378
920,0.7180682113731236,-0.43661153059150326,-0.7823946190945018,-0.7245438725571992,0.9574293914933818,0.32742465550010935
921,0.7180682113731236,-0.6988230343026319,1.6765401156485533,-0.7245438725571992,0.9574293914933818,1.9951232205688085
922,0.7180682113731236,-0.6988230343026319,-0.8387448222951837,1.3134174130714984,-1.0029415879318078,-0.43047262225770316
923,-0.6064467020621378,1.4387559827345413,0.9156318092430782,1.3134174130714984,-1.6784690741943524,-0.5174376019558208
924,-0.6064467020621378,0.7874678400363724,0.9155728133192429,-0.7245438725571992,0.9574293914933818,-0.5134185852435262
925,-1.2863913592183929,1.037360808751272,-0.8404866479773601,-0.7245438725571992,0.9574293914933818,-0.5160553928928303
926,0.7180682113731236,0.4938269234215083,0.9153904229240732,-0.7245438725571992,0.9574293914933818,-0.5012322829633067
927,0.06135195397129323,-0.5209256463405694,-0.2552009971005605,0.6812089336590516,0.9574293914933818,1.1694641143711229
928,-0.6064467020621378,-1.3195995250507466,-0.0013179902733733157,-0.7245438725571992,0.9574293914933818,1.4653450392100464
929,0.7180682113731236,0.9583325238551856,-0.8404765527586568,0.6812089336590516,0.9574293914933818,-0.5152353636334889
930,0.06135195397129323,1.2522555467321683,-0.8405045050849386,-0.7245438725571992,0.9574293914933818,-0.516888175536693
931,1.364608132523318,-0.6082765918746469,1.6763683393772553,1.3134174130714984,-0.2774800119000938,1.9951232205688085
932,-0.6064467020621378,1.2851574855575607,0.9156229339553669,-0.7245438725571992,0.9574293914933818,-0.5168336627990062
933,1.364608132523318,-0.3551856677804989,0.9141719570364566,0.6812089336590516,-0.2774800119000938,-0.4201363191676064
934,-1.2863913592183929,1.4387559827345413,-0.8405116417034952,-0.7245438725571992,-1.4287538292150501,-0.5171696319751443
935,0.06135195397129323,1.495524816226513,0.9156333163954984,1.7264872949717982,-0.2774800119000938,-0.5175528287953401
936,0.06135195397129323,-0.1268873232836544,-0.8398092834622116,0.6812089336590516,-1.4287538292150501,-0.4732339272142092
937,2.001751937056112,-0.055704695091252074,0.9150125442531869,1.7844478391944463,-1.0029415879318078,-0.4736031748860392
938,0.06135195397129323,-0.6082765918746469,-1.6368227752308915,1.7264872949717982,-0.2774800119000938,1.9951232205688085
939,-1.2863913592183929,0.5972216516895191,-0.8402824377426396,-0.7245438725571992,0.9574293914933818,-0.5050703949733577
940,-0.6064467020621378,1.4674530522428193,0.9156229666123991,-0.7245438725571992,-0.2774800119000938,-0.5168197225999439
941,-0.6064467020621378,0.8318863737429419,0.9155497880039273,-0.7245438725571992,0.9574293914933818,-0.511868453744109
942,1.364608132523318,-1.0965407956591293,1.6487241211593757,-0.7245438725571992,0.9574293914933818,1.9951232205688085
943,-0.6064467020621378,1.495524816226513,0.9156225008030998,-0.7245438725571992,0.9574293914933818,-0.5168347119550302
944,0.06135195397129323,0.3842939499317996,0.9152296785784707,0.6812089336590516,0.9574293914933818,-0.4897655983618985
945,-1.9797462048535426,0.5972216516895191,-0.8403213136971747,0.6812089336590516,-1.9605446310765329,-0.5039346416997978
946,-1.2863913592183929,0.2680887031407764,-0.8400381336024297,-0.7245438725571992,-1.0029415879318078,-0.4910129741344287
947,0.06135195397129323,-0.9913919845459518,0.889682414734772,-0.7245438725571992,-0.2774800119000938,0.2610637234105743
948,0.7180682113731236,1.2851574855575607,0.9156168270888151,-0.7245438725571992,0.9574293914933818,-0.5164182918734812
949,-0.6064467020621378,-1.205863084017514,0.9100642428489462,-0.7245438725571992,-0.2774800119000938,-0.23631456800638534
950,0.7180682113731236,0.5972216516895191,-0.8402668040331103,-0.7245438725571992,0.9574293914933818,-0.503135585311592
951,0.06135195397129323,0.4938269234215083,-0.8402633200747518,-0.7245438725571992,0.9574293914933818,-0.5028092863124479
952,0.7180682113731236,-1.4380091521429539,0.911486931319651,1.7264872949717982,-1.4287538292150501,-0.27540262673309795
953,-1.9797462048535426,-0.792734587736763,-1.6368208008204337,-0.7245438725571992,-0.2774800119000938,1.9951232205688085
954,0.06135195397129323,-1.6899866153046632,-0.8360977387682165,-0.7245438725571992,0.9574293914933818,-0.39149276770758173
955,-0.6064467020621378,-0.6988230343026319,0.9136995420088602,-0.7245438725571992,-0.2774800119000938,-0.3965257692729802
956,-0.6064467020621378,-1.205863084017514,0.9122421986754081,-0.7245438725571992,-1.4287538292150501,-0.3153891312547497
957,-1.9797462048535426,-0.9913919845459518,-1.603507726782813,-0.7245438725571992,0.9574293914933818,1.9951232205688085
958,1.364608132523318,0.9983481441069354,0.9155996530625303,0.6812089336590516,0.9574293914933818,-0.5152060458547628
959,0.06135195397129323,-1.205863084017514,0.973593303240016,-0.7245438725571992,0.9574293914933818,1.265784446242979
960,0.06135195397129323,0.741840854707084,0.9155242984692566,0.6812089336590516,0.9574293914933818,-0.5103373970770567
961,-0.6064467020621378,-1.4380091521429539,0.905268497312471,-0.7245438725571992,-1.0029415879318078,-0.05971417098964326
962,0.7180682113731236,-0.43661153059150326,-0.8395510850995201,-0.7245438725571992,0.9574293914933818,-0.47557849683966275
963,0.06135195397129323,-0.8901927578090358,1.6765404772101304,-0.7245438725571992,-1.4287538292150501,1.9951232205688085
964,-0.6064467020621378,-0.792734587736763,-1.6368228230735595,1.5981142226604335,-0.2774800119000938,1.9951232205688085
965,0.7180682113731236,-1.0965407956591293,-1.12622155217878,0.6812089336590516,0.9574293914933818,1.9788498664475278
966,-0.6064467020621378,0.4938269234215083,0.9153833343042856,1.3134174130714984,-1.9104429153545375,-0.49948158588722524
967,-0.6064467020621378,-0.792734587736763,-1.6368228230735595,-0.7245438725571992,0.9574293914933818,1.9951232205688085
968,-1.2863913592183929,-0.9913919845459518,-1.5838530274020306,0.6812089336590516,-1.9104429153545375,1.9951232205688085
969,1.364608132523318,-1.0965407956591293,0.9128468863548809,-0.7245438725571992,0.9574293914933818,-0.35501740560903744
970,-0.6064467020621378,-0.8901927578090358,-0.8378582111274607,1.5981142226604335,-1.9104429153545375,-0.35957344680504044
971,0.7180682113731236,0.741840854707084,0.915539279298717,-0.7245438725571992,0.9574293914933818,-0.5109461064423664
972,-0.6064467020621378,-0.5209256463405694,0.8354894806604564,0.6812089336590516,-1.0029415879318078,0.7083573895596316
973,0.06135195397129323,-1.0965407956591293,-0.8375919454009775,-0.7245438725571992,0.9574293914933818,-0.3712021748111035
974,1.364608132523318,0.20730037694656048,-0.8400562985804123,-0.7245438725571992,0.9574293914933818,-0.4973395071377108
975,0.06135195397129323,1.4674530522428193,-0.84051769252224,0.6812089336590516,-0.2774800119000938,-0.5175278574508848
976,-1.2863913592183929,1.2522555467321683,-0.840495329627678,0.6812089336590516,-0.2774800119000938,-0.5161704591085776
977,0.06135195397129323,0.439859737636697,0.9153058323496737,1.3134174130714984,-1.0029415879318078,-0.4944954035310714
978,-1.9797462048535426,-1.205863084017514,0.9105813594053774,-0.7245438725571992,-0.2774800119000938,-0.2543677082592119
979,0.7180682113731236,0.32706106014026093,0.9153087932282192,-0.7245438725571992,0.9574293914933818,-0.49571539710097057
980,-1.2863913592183929,-0.43661153059150326,0.9139586987805131,-0.7245438725571992,-0.2774800119000938,-0.4140918690739271
981,0.06135195397129323,-1.0965407956591293,1.6765404772101304,-0.7245438725571992,0.9574293914933818,-4.258140019752564
982,-2.6880358956763057,0.5972216516895191,-0.8403181179318014,-0.7245438725571992,-1.9898238783865385,-0.5063946259788052
983,-1.2863913592183929,-0.6082765918746469,-0.4136613542699514,-0.7245438725571992,-0.2774800119000938,1.146844127199786
984,-0.6064467020621378,-0.6082765918746469,-1.6366054247381523,-0.7245438725571992,0.9574293914933818,1.9951232205688085
985,-0.6064467020621378,-1.205863084017514,0.9109082145519917,-0.7245438725571992,-1.6784690741943524,-0.25130328934893875
986,-1.9797462048535426,-1.205863084017514,0.9106732038118623,0.6812089336590516,-1.9605446310765329,-0.2374023774316537
987,1.364608132523318,-1.205863084017514,-0.8348077634637499,0.6812089336590516,0.9574293914933818,-0.26531300257107193
988,0.06135195397129323,1.3487078116630709,0.9156307121087357,-0.7245438725571992,0.9574293914933818,-0.5173934568519999
989,-0.6064467020621378,-0.792734587736763,0.7254197953022976,-0.7245438725571992,-1.0029415879318078,0.9669240815902788
990,0.7180682113731236,-0.792734587736763,1.6765404772101304,1.5981142226604335,-0.2774800119000938,1.9951232205688085
991,0.7180682113731236,0.5462603934448973,-0.8403704594294129,1.3134174130714984,-0.2774800119000938,-0.5086733797045924
992,-1.2863913592183929,-1.205863084017514,0.7321814199108785,-0.7245438725571992,0.9574293914933818,1.1929147188008211
993,0.7180682113731236,0.3842939499317996,-0.8402133096974325,0.6812089336590516,-1.4287538292150501,-0.49815482279741047
994,1.364608132523318,-0.6988230343026319,-0.8385832834980673,1.7844478391944463,-0.2774800119000938,-0.41503458189512615
995,-1.9797462048535426,0.32706106014026093,0.9153616976649521,-0.7245438725571992,-1.9104429153545375,-0.4977349115893286
996,-1.2863913592183929,0.5972216516895191,-0.840324701287629,-0.7245438725571992,-1.0029415879318078,-0.505842264052493
997,-1.2863913592183929,0.20730037694656048,-0.8400233227554074,-0.7245438725571992,0.9574293914933818,-0.49286393022044633
998,-1.2863913592183929,-0.792734587736763,-0.8064520345995155,1.3134174130714984,-1.8247857845971525,0.2918197923387141
999,0.06135195397129323,-0.6082765918746469,-1.6367118794212945,1.3134174130714984,-0.2774800119000938,1.9951232205688085
1000,-1.2863913592183929,-0.792734587736763,0.9092638631539649,1.3134174130714984,-1.0029415879318078,-0.1826296163089857
1001,-1.2863913592183929,-0.1268873232836544,0.9148862160170055,-0.7245438725571992,-1.0029415879318078,-0.4651794107051843
1002,-0.6064467020621378,-0.792734587736763,0.9047298251993536,-0.7245438725571992,-0.2774800119000938,-0.06984263584772099
1003,0.7180682113731236,0.5972216516895191,-0.8402667343393133,-0.7245438725571992,-0.2774800119000938,-0.5058763610251088
1004,0.06135195397129323,0.20730037694656048,-0.8400412903397724,-0.7245438725571992,0.9574293914933818,-0.48869969717810613
1005,-0.6064467020621378,0.439859737636697,0.915463790425814,-0.7245438725571992,0.9574293914933818,-0.5059695531402791
1006,2.001751937056112,-0.5209256463405694,0.49796908384493416,1.7844478391944463,-0.2774800119000938,1.2726137191081124
1007,0.7180682113731236,-0.5209256463405694,-0.6736932694507086,-0.7245438725571992,0.9574293914933818,0.5456722968336748
1008,0.06135195397129323,-0.055704695091252074,0.9150893986416053,-0.7245438725571992,0.9574293914933818,-0.47970255847677007
1009,2.001751937056112,-0.8901927578090358,0.9130998928548713,1.7844478391944463,0.9574293914933818,-0.35919022380913224
1010,-0.6064467020621378,-1.205863084017514,0.9100804995194764,-0.7245438725571992,-0.2774800119000938,-0.2242706435069116
1011,-1.2863913592183929,0.439859737636697,0.9154739611799623,-0.7245438725571992,-0.2774800119000938,-0.5064261263391968
1012,-0.6064467020621378,0.07994732981726328,0.9152075275181825,-0.7245438725571992,0.9574293914933818,-0.488420812796975
1013,0.7180682113731236,-1.0965407956591293,-1.6368228230735595,-0.7245438725571992,0.9574293914933818,-7.413993354597659
1014,0.7180682113731236,-1.0965407956591293,1.6765404772101304,0.6812089336590516,0.9574293914933818,0.10097991437827221
1015,0.7180682113731236,-0.9913919845459518,0.8832288543645996,-0.7245438725571992,-0.2774800119000938,0.28734816506301847
1016,1.364608132523318,-0.43661153059150326,-0.8395665151480426,1.5981142226604335,-0.2774800119000938,-0.46212574067793927
1017,-0.6064467020621378,-0.1268873232836544,-0.839819966307296,-0.7245438725571992,-1.4287538292150501,-0.47376288309365044
1018,-0.6064467020621378,-0.6082765918746469,-0.47700218024719415,-0.7245438725571992,-1.4287538292150501,1.1582272505628473
1019,0.7180682113731236,-0.5209256463405694,0.8573881839922252,-0.7245438725571992,0.9574293914933818,0.5730857956277567
1020,0.06135195397129323,-0.3551856677804989,-0.8391085184899001,0.6812089336590516,0.9574293914933818,-0.43470966659013566
1021,0.06135195397129323,0.8751416555458669,-0.8404380120465064,-0.7245438725571992,-0.2774800119000938,-0.5129689599059032
1022,-1.2863913592183929,-0.792734587736763,-0.7966638600401468,-0.7245438725571992,-1.0029415879318078,0.2453918650851646
1023,0.7180682113731236,1.4387559827345413,0.9156293373840859,-0.7245438725571992,0.9574293914933818,-0.5173058506933563
1024,0.7180682113731236,-0.1268873232836544,0.9149481886536894,-0.7245438725571992,0.9574293914933818,-0.47382084391197865
1025,0.06135195397129323,-1.4380091521429539,0.9119281735238275,-0.7245438725571992,0.9574293914933818,-0.30553644374200944
1026,-0.6064467020621378,-0.792734587736763,-1.6368228230735595,1.3134174130714984,-1.0029415879318078,1.9951232205688085
1027,0.7180682113731236,-0.3551856677804989,-0.8390559448063716,-0.7245438725571992,0.9574293914933818,-0.4389820277695343
1028,-0.6064467020621378,0.07994732981726328,-0.8398562195760061,-0.7245438725571992,-1.4287538292150501,-0.479792763098316
1029,1.364608132523318,1.1840686076382974,0.9156088717514068,1.3134174130714984,0.9574293914933818,-0.5158583584505136
1030,1.364608132523318,-0.6082765918746469,0.09870094106288638,0.6812089336590516,0.9574293914933818,1.3981829030849107
1031,-0.6064467020621378,1.495524816226513,-0.8405141176781296,1.5981142226604335,-1.4287538292150501,-0.5172258254462964
1032,1.364608132523318,1.1125177401485014,0.9156053516124572,-0.7245438725571992,0.9574293914933818,-0.5156663048890925
1033,-0.6064467020621378,-0.20045024551280113,0.9147371123431901,-0.7245438725571992,0.9574293914933818,-0.4567920369426041
1034,-1.2863913592183929,0.3842939499317996,0.9152160332901081,0.6812089336590516,-1.4287538292150501,-0.48793242499774137
1035,0.06135195397129323,1.495524816226513,0.9156221737492634,-0.7245438725571992,0.9574293914933818,-0.5167945649919004
1036,0.7180682113731236,-0.792734587736763,0.9081032112059352,1.7844478391944463,-1.6784690741943524,-0.14108641190654286
1037,0.7180682113731236,0.9983481441069354,0.9155976827246372,-0.7245438725571992,-0.2774800119000938,-0.5150416340768423
1038,0.06135195397129323,0.439859737636697,0.9154644973334699,1.3134174130714984,-1.6784690741943524,-0.5054306637341051
1039,0.06135195397129323,-0.43661153059150326,0.9137185452841121,0.6812089336590516,-0.2774800119000938,-0.39452722154855996
1040,1.364608132523318,1.4387559827345413,0.9156313052695192,1.7844478391944463,-0.2774800119000938,-0.5174144874488742
1041,0.7180682113731236,-0.6988230343026319,-0.8385113154363105,-0.7245438725571992,0.9574293914933818,-0.42850905703895853
1042,-1.2863913592183929,0.07994732981726328,-0.8398569598665803,0.6812089336590516,-1.4287538292150501,-0.4740864416913904
1043,0.7180682113731236,-1.0965407956591293,0.9124604036467352,1.3134174130714984,0.9574293914933818,-0.3390306661644948
1044,0.06135195397129323,1.4674530522428193,-0.8405179352140816,-0.7245438725571992,0.9574293914933818,-0.5175368812406146
1045,0.06135195397129323,0.7874678400363724,0.9155755314805984,-0.7245438725571992,-0.2774800119000938,-0.5136617355662452
1046,0.7180682113731236,-0.3551856677804989,0.9142702758716635,-0.7245438725571992,0.9574293914933818,-0.43293775195861045
1047,0.06135195397129323,0.3842939499317996,-0.8401948839891449,-0.7245438725571992,0.9574293914933818,-0.501818042979209
1048,-1.2863913592183929,1.4674530522428193,0.9156254345325887,-0.7245438725571992,-1.0029415879318078,-0.5169502939068102
1049,0.7180682113731236,-1.0965407956591293,-0.8210136244110753,-0.7245438725571992,-0.2774800119000938,0.02426434476716655
1050,2.001751937056112,0.6467690343447416,-0.8402521744255552,1.7264872949717982,0.9574293914933818,-0.5037171976872518
1051,-0.6064467020621378,-1.205863084017514,0.9120331263115324,-0.7245438725571992,-1.4287538292150501,-0.29986582916139354
1052,1.364608132523318,1.4674530522428193,-0.84050826066979,-0.7245438725571992,0.9574293914933818,-0.5169780364798823
1053,1.364608132523318,0.9983481441069354,0.915581755480137,1.7844478391944463,-0.2774800119000938,-0.5137739212373206
1054,-0.6064467020621378,1.2522555467321683,-0.8405018826740467,-0.7245438725571992,0.9574293914933818,-0.5169586281392103
1055,0.06135195397129323,-0.8901927578090358,-0.8384916126872246,-0.7245438725571992,-0.2774800119000938,-0.42839876819933087
1056,-0.6064467020621378,-0.9913919845459518,-1.565965585568807,-0.7245438725571992,-1.0029415879318078,1.9951232205688085
1057,-0.6064467020621378,-0.43661153059150326,-0.8394227219505296,-0.7245438725571992,-1.0029415879318078,-0.45294408524192714
1058,0.7180682113731236,1.2851574855575607,-0.8405028449920593,-0.7245438725571992,0.9574293914933818,-0.5166956154844129
1059,-0.6064467020621378,1.495524816226513,-0.8405137572347462,-0.7245438725571992,-1.0029415879318078,-0.5173695000088145
1060,2.001751937056112,-0.8901927578090358,0.9131040923316741,-0.7245438725571992,0.9574293914933818,-0.37203506896751903
1061,-0.6064467020621378,-0.1268873232836544,0.9148454117840671,1.3134174130714984,-1.6784690741943524,-0.46396523784345384
1062,0.06135195397129323,-1.0965407956591293,-0.8193792284133978,1.7264872949717982,-1.0029415879318078,0.09869198972148166
1063,1.364608132523318,-0.8901927578090358,-0.8310702449480424,-0.7245438725571992,0.9574293914933818,-0.22753690466633972
1064,-0.6064467020621378,0.32706106014026093,0.9153373790609447,-0.7245438725571992,-0.2774800119000938,-0.4971883308659592
1065,0.06135195397129323,1.4387559827345413,0.9156317106048238,0.6812089336590516,-1.0029415879318078,-0.5174395281695929
1066,0.06135195397129323,1.3487078116630709,0.9156310535102502,-0.7245438725571992,-1.0029415879318078,-0.5173919688265722
1067,-0.6064467020621378,-0.3551856677804989,0.9149242316805059,-0.7245438725571992,-0.2774800119000938,-0.47162424357862187
1068,0.06135195397129323,1.2522555467321683,-0.8404938994060519,1.3134174130714984,-1.8247857845971525,-0.5159147069875923
1069,0.06135195397129323,0.5972216516895191,-0.8402648327566531,-0.7245438725571992,0.9574293914933818,-0.5054287169983012
1070,0.06135195397129323,-1.0965407956591293,1.098900725672301,-0.7245438725571992,-0.2774800119000938,1.5629509059635
1071,0.7180682113731236,0.9583325238551856,0.9155793881310078,1.3134174130714984,0.9574293914933818,-0.5136595944289875
1072,0.06135195397129323,-0.1268873232836544,0.9147951737559543,-0.7245438725571992,0.9574293914933818,-0.464423164368144
1073,1.364608132523318,1.1487282858787249,0.9156155153142255,-0.7245438725571992,0.9574293914933818,-0.5163051911326263
1074,0.06135195397129323,1.495524816226513,-0.8405100597830855,-0.7245438725571992,0.9574293914933818,-0.5171788516311527
1075,-1.2863913592183929,0.32706106014026093,0.9153879458320706,-0.7245438725571992,-0.2774800119000938,-0.500926496350464
1076,-1.2863913592183929,-1.4380091521429539,0.9043507230942417,-0.7245438725571992,-0.2774800119000938,-0.05811897050293292
1077,-1.2863913592183929,-0.792734587736763,-1.6368228230735595,-0.7245438725571992,-0.2774800119000938,1.9951232205688085
1078,-1.2863913592183929,-0.6988230343026319,0.7037461499410633,-0.7245438725571992,-1.6784690741943524,1.0025759386942925
1079,-0.6064467020621378,-0.6082765918746469,-0.22905866699989166,-0.7245438725571992,0.9574293914933818,0.7033499172378951
1080,0.7180682113731236,1.495524816226513,-0.8405180759233284,0.6812089336590516,-0.2774800119000938,-0.5175375035817287
1081,-0.6064467020621378,-0.6082765918746469,-0.2926527952119352,1.5981142226604335,-1.0029415879318078,1.2901171579519755
1082,-1.2863913592183929,0.3842939499317996,-0.8401426439613953,-0.7245438725571992,0.9574293914933818,-0.49394962283182575
1083,0.06135195397129323,1.2522555467321683,-0.8405058894517435,-0.7245438725571992,0.9574293914933818,-0.5170424423165426
1084,-0.6064467020621378,1.2522555467321683,-0.8404950931562313,1.3134174130714984,-1.4287538292150501,-0.5160684405332657
1085,0.06135195397129323,1.2185682704078387,0.915614545050549,-0.7245438725571992,-0.2774800119000938,-0.5162489233725723
1086,0.7180682113731236,0.9583325238551856,0.9155985384784238,0.6812089336590516,-0.2774800119000938,-0.515210554695029
1087,-0.6064467020621378,1.495524816226513,-0.8405129394827927,-0.7245438725571992,0.9574293914933818,-0.5173753298270052
1088,-1.9797462048535426,0.5462603934448973,-0.8403851737802744,-0.7245438725571992,-0.2774800119000938,-0.5100313993342497
1089,0.7180682113731236,0.20730037694656048,-0.8400038248895277,-0.7245438725571992,-1.0029415879318078,-0.48811405217148385
1090,2.001751937056112,-0.792734587736763,-0.8335956522486785,1.7844478391944463,-0.2774800119000938,-0.23612882374554947
1091,0.06135195397129323,-1.0965407956591293,1.6765404772101304,-0.7245438725571992,-1.0029415879318078,1.9951232205688085
1092,1.364608132523318,1.495524816226513,0.915627190747392,-0.7245438725571992,0.9574293914933818,-0.5171429000613164
1093,-1.2863913592183929,0.9172767120378446,-0.840468722508491,-0.7245438725571992,0.9574293914933818,-0.5152861803966997
1094,0.06135195397129323,-1.205863084017514,1.0754422722695136,-0.7245438725571992,-0.2774800119000938,1.4996136740177894
1095,0.06135195397129323,-0.2765087930481455,0.9146723305226492,-0.7245438725571992,-0.2774800119000938,-0.4565583741999966
1096,0.7180682113731236,-0.6988230343026319,-1.6368228196744072,1.5981142226604335,-0.2774800119000938,1.9951232205688085
1097,0.06135195397129323,-0.20045024551280113,-0.8396704302828116,-0.7245438725571992,0.9574293914933818,-0.48398818218224793
1098,0.06135195397129323,0.07994732981726328,-0.8399146237295261,-0.7245438725571992,0.9574293914933818,-0.48960577001319194
1099,0.7180682113731236,-0.43661153059150326,-0.8388894541969087,0.6812089336590516,-1.0029415879318078,-0.4247704292274372
1100,-0.6064467020621378,-1.205863084017514,1.0246531909791325,-0.7245438725571992,-1.0029415879318078,1.5217608994255463
1101,-0.6064467020621378,-0.1268873232836544,-0.8398353877849076,0.6812089336590516,-1.6784690741943524,-0.47707701058831314
1102,0.06135195397129323,-0.055704695091252074,0.9149536737949574,-0.7245438725571992,-0.2774800119000938,-0.47216559716348416
1103,-0.6064467020621378,-1.0965407956591293,-0.8376482702215601,-0.7245438725571992,-0.2774800119000938,-0.3646872752369744
1104,0.7180682113731236,-0.792734587736763,-1.6368228230735595,-0.7245438725571992,-1.4287538292150501,1.9951232205688085
1105,0.06135195397129323,1.1487282858787249,0.9156133212223151,-0.7245438725571992,0.9574293914933818,-0.5162760087585639
1106,-1.2863913592183929,-0.43661153059150326,-0.8394406694941329,-0.7245438725571992,-1.8247857845971525,-0.45035150436963306
1107,0.06135195397129323,0.8318863737429419,0.9155418100300219,1.7844478391944463,-1.0029415879318078,-0.5108368360339038
1108,0.06135195397129323,-1.3195995250507466,1.6765404764386382,-0.7245438725571992,0.9574293914933818,1.9951232205688085
1109,1.364608132523318,-1.0965407956591293,-1.147039507180186,-0.7245438725571992,0.9574293914933818,1.9230736962452273
1110,0.7180682113731236,-0.792734587736763,-1.636822798149538,-0.7245438725571992,0.9574293914933818,1.9951232205688085
1111,2.6301778347305618,-1.4380091521429539,-0.8280478110054533,1.7264872949717982,0.9574293914933818,-0.08237279070236975
1112,0.7180682113731236,1.2522555467321683,-0.8405046998180227,-0.7245438725571992,0.9574293914933818,-0.5169240045508757
1113,-1.2863913592183929,1.2522555467321683,-0.8405023301800181,-0.7245438725571992,-0.2774800119000938,-0.5166344678033413
1114,0.7180682113731236,-0.8901927578090358,1.6765404772033723,-0.7245438725571992,0.9574293914933818,1.9951232205688085
1115,0.7180682113731236,-0.8901927578090358,-0.8162479034039833,-0.7245438725571992,-0.2774800119000938,0.1631430843510322
1116,-1.2863913592183929,1.4674530522428193,-0.8405093531848165,1.3134174130714984,-1.0029415879318078,-0.5169378264592689
1117,-0.6064467020621378,-0.792734587736763,-1.6368228230735595,-0.7245438725571992,0.9574293914933818,1.9951232205688085
1118,0.7180682113731236,0.7874678400363724,-0.8404574452817419,1.7264872949717982,-0.2774800119000938,-0.5138052458727018
1119,0.7180682113731236,-0.5209256463405694,0.8182448181152963,-0.7245438725571992,0.9574293914933818,0.7326560279954553
1120,-1.2863913592183929,-1.0965407956591293,-1.635923947078542,-0.7245438725571992,0.9574293914933818,1.9951232205688085
1121,-1.9797462048535426,-0.792734587736763,0.906696889832399,-0.7245438725571992,-0.2774800119000938,-0.13267959189980277
1122,-1.9797462048535426,-0.6082765918746469,-0.49530848968326957,-0.7245438725571992,0.9574293914933818,0.5628679784100288
1123,0.06135195397129323,0.6467690343447416,-0.8402673857082666,1.7844478391944463,-1.4287538292150501,-0.500031684087826
1124,0.06135195397129323,-0.792734587736763,0.9074035440752809,-0.7245438725571992,0.9574293914933818,-0.14556065378385816
1125,1.364608132523318,-0.8901927578090358,1.6765404772101304,-0.7245438725571992,0.9574293914933818,1.9951232205688085
1126,0.06135195397129323,1.3487078116630709,0.9156308986695936,1.5981142226604335,-1.0029415879318078,-0.5173691805574824
1127,-0.6064467020621378,0.9172767120378446,-0.8404565245814418,-0.7245438725571992,0.9574293914933818,-0.5143884071972585
1128,0.06135195397129323,1.495524816226513,-0.8405186087763907,-0.7245438725571992,0.9574293914933818,-0.5176211198255485
1129,0.7180682113731236,0.7874678400363724,-0.8404474180264968,-0.7245438725571992,-0.2774800119000938,-0.5141577492904005
1130,-0.6064467020621378,-0.792734587736763,-0.8142462842772157,-0.7245438725571992,0.9574293914933818,-0.04778588942430825
1131,0.06135195397129323,-1.6899866153046632,-0.832553321734286,-0.7245438725571992,-0.2774800119000938,-0.2724598697245832
1132,-1.2863913592183929,-0.792734587736763,0.9088745201023312,-0.7245438725571992,0.9574293914933818,-0.18349008811728162
1133,2.001751937056112,-1.4380091521429539,-0.823163907730831,1.7264872949717982,-0.2774800119000938,-0.01695755374485879
1134,-0.6064467020621378,-1.205863084017514,0.6466873400630735,0.6812089336590516,-1.9605446310765329,1.6998717362851736
1135,0.06135195397129323,1.5229905548523877,-0.8405180070694197,1.3134174130714984,0.9574293914933818,-0.5175228305385892
1136,0.7180682113731236,1.1487282858787249,0.9156142387074693,1.5981142226604335,0.9574293914933818,-0.5161703154730616
1137,-1.9797462048535426,0.5972216516895191,-0.8403119147370383,-0.7245438725571992,-1.4287538292150501,-0.508224236868579
1138,1.364608132523318,0.3842939499317996,0.9152550820305766,-0.7245438725571992,-0.2774800119000938,-0.49146392130096855
1139,-1.2863913592183929,0.9172767120378446,-0.8404686848144183,-0.7245438725571992,-1.0029415879318078,-0.5142869290137168
1140,0.7180682113731236,0.439859737636697,0.9152523531893781,-0.7245438725571992,0.9574293914933818,-0.4927551078621686
1141,0.06135195397129323,1.4387559827345413,0.9156291426796578,-0.7245438725571992,0.9574293914933818,-0.5172934725520197
1142,-0.6064467020621378,-0.20045024551280113,-0.8398138294745903,-0.7245438725571992,0.9574293914933818,-0.4925146097476037
1143,0.06135195397129323,-1.4380091521429539,0.9112389597382654,-0.7245438725571992,0.9574293914933818,-0.28222490731465094
1144,0.06135195397129323,1.4674530522428193,-0.8405075076560364,-0.7245438725571992,0.9574293914933818,-0.5169887385884789
1145,-0.6064467020621378,1.2522555467321683,-0.8404909156289183,1.5981142226604335,0.9574293914933818,-0.5158804235047789
1146,0.06135195397129323,-0.6988230343026319,0.21695842477524963,-0.7245438725571992,-0.2774800119000938,1.3370674707073171
1147,-0.6064467020621378,-0.6082765918746469,-0.23739655986934804,-0.7245438725571992,0.9574293914933818,1.0313525307275337
1148,0.7180682113731236,-0.43661153059150326,-0.8392378788774599,-0.7245438725571992,-0.2774800119000938,-0.4494979904930978
1149,0.06135195397129323,1.3487078116630709,0.9156307547971291,-0.7245438725571992,-0.2774800119000938,-0.5173626168380447
1150,-0.6064467020621378,1.495524816226513,0.9156231712302685,-0.7245438725571992,0.9574293914933818,-0.5168856166199328
1151,-0.6064467020621378,-0.055704695091252074,0.914956584302874,-0.7245438725571992,0.9574293914933818,-0.47231372306136776
1152,0.7180682113731236,1.2522555467321683,-0.840507328507257,1.5981142226604335,-0.2774800119000938,-0.5168574101717434
1153,-0.6064467020621378,-0.3551856677804989,0.9147314199768666,-0.7245438725571992,0.9574293914933818,-0.45769558166941227
1154,-0.6064467020621378,-1.205863084017514,1.1966601748213983,-0.7245438725571992,-0.2774800119000938,1.6189515836346413
1155,-0.6064467020621378,-0.9913919845459518,-1.552936212820788,-0.7245438725571992,0.9574293914933818,1.9951232205688085
1156,0.7180682113731236,1.5229905548523877,0.9156336329222695,0.6812089336590516,0.9574293914933818,-0.5175728850238568
1157,-0.6064467020621378,-1.0965407956591293,-0.8380111732926933,-0.7245438725571992,0.9574293914933818,-0.41828798239179993
1158,-1.2863913592183929,-0.8901927578090358,0.9038595096755064,-0.7245438725571992,-0.2774800119000938,-0.0322517967599003
1159,0.7180682113731236,0.439859737636697,0.9154591920016947,1.5981142226604335,-0.2774800119000938,-0.5051078540240825
1160,-1.2863913592183929,-1.205863084017514,0.9107346181241102,-0.7245438725571992,0.9574293914933818,-0.26544942124935156
1161,-1.9797462048535426,-1.3195995250507466,-1.6360237455294104,-0.7245438725571992,0.9574293914933818,1.9951232205688085
1162,0.7180682113731236,-1.4380091521429539,0.9114850119478901,-0.7245438725571992,-1.4287538292150501,-0.2711866932059061
1163,-1.2863913592183929,-1.205863084017514,0.9101485943744586,-0.7245438725571992,0.9574293914933818,-0.24136041283473358
1164,0.06135195397129323,-1.4380091521429539,0.8946587626746438,0.6812089336590516,-1.4287538292150501,0.19363279706270434
1165,-0.6064467020621378,-0.792734587736763,-1.63682213169102,-0.7245438725571992,-0.2774800119000938,1.9951232205688085
1166,0.7180682113731236,-0.8901927578090358,1.6765404772090091,1.3134174130714984,-1.0029415879318078,1.9951232205688085
1167,0.7180682113731236,-1.3195995250507466,-1.0069036909078624,-0.7245438725571992,0.9574293914933818,1.8248381913043485
1168,-1.2863913592183929,-0.792734587736763,0.9045303325151126,-0.7245438725571992,0.9574293914933818,-0.07143942078970933
1169,0.06135195397129323,-1.4380091521429539,0.9117573732310117,1.7844478391944463,-1.0029415879318078,-0.2822179352850401
1170,0.06135195397129323,-0.6988230343026319,-0.8387715930561646,-0.7245438725571992,0.9574293914933818,-0.4542157809065845
1171,2.001751937056112,0.4938269234215083,0.9154104624783972,1.3134174130714984,0.9574293914933818,-0.5016953209999888
1172,1.364608132523318,1.495524816226513,-0.8405185363127289,1.7844478391944463,-0.2774800119000938,-0.5175750621580983
1173,-0.6064467020621378,0.3842939499317996,-0.840142571853119,-0.7245438725571992,0.9574293914933818,-0.49975433515759543
1174,1.364608132523318,-0.055704695091252074,0.9149747454581959,-0.7245438725571992,-0.2774800119000938,-0.473242842956606
1175,0.7180682113731236,-1.3195995250507466,1.6758077634620483,-0.7245438725571992,0.9574293914933818,1.9951232205688085
1176,-0.6064467020621378,1.2522555467321683,-0.8405009078595301,-0.7245438725571992,-1.4287538292150501,-0.5163129469033212
1177,0.06135195397129323,0.3842939499317996,-0.8402086889819654,1.3134174130714984,-1.8247857845971525,-0.4973224596368673
1178,-0.6064467020621378,-1.3195995250507466,-1.6273674284700135,1.5981142226604335,-1.6784690741943524,1.9951232205688085
1179,0.7180682113731236,0.8318863737429419,0.9155425831960042,-0.7245438725571992,-1.0029415879318078,-0.5110277586900931
1180,0.7180682113731236,1.495524816226513,-0.8405134894081436,-0.7245438725571992,-0.2774800119000938,-0.5173591969220378
1181,0.06135195397129323,-0.8901927578090358,0.9134415504670532,1.5981142226604335,-0.2774800119000938,-0.376160594774213
1182,0.7180682113731236,-1.0965407956591293,1.6765404772101304,1.3134174130714984,-1.6784690741943524,1.9951232205688085
1183,0.06135195397129323,-1.0965407956591293,1.3151790373540568,-0.7245438725571992,0.9574293914933818,1.4851370847387915
1184,-1.2863913592183929,0.5972216516895191,-0.8402883889407212,-0.7245438725571992,0.9574293914933818,-0.505344334282422
1185,-1.2863913592183929,0.5462603934448973,-0.840381340135422,-0.7245438725571992,-1.4287538292150501,-0.508151568016374
1186,0.7180682113731236,-1.3195995250507466,1.6765386089460157,-0.7245438725571992,0.9574293914933818,1.9951232205688085
1187,0.06135195397129323,1.2522555467321683,0.9156221776514973,-0.7245438725571992,0.9574293914933818,-0.5168419875062242
1188,0.06135195397129323,1.4674530522428193,-0.8405173474340766,-0.7245438725571992,-0.2774800119000938,-0.5174964698710668
1189,-1.9797462048535426,-0.792734587736763,0.9040574117734588,-0.7245438725571992,0.9574293914933818,-0.053170952331427636
1190,0.06135195397129323,0.741840854707084,0.9155366937178417,-0.7245438725571992,-0.2774800119000938,-0.5109349683125596
1191,-1.2863913592183929,1.4674530522428193,-0.8405175338430656,0.6812089336590516,-1.4287538292150501,-0.5175020556902106
1192,0.06135195397129323,0.8318863737429419,0.9155528478362697,0.6812089336590516,-0.2774800119000938,-0.5119788005887205
1193,0.06135195397129323,-0.6988230343026319,-0.7271656255425477,-0.7245438725571992,0.9574293914933818,0.24678794387194605
1194,0.06135195397129323,-0.792734587736763,-1.6368228230735595,0.6812089336590516,-0.2774800119000938,1.9951232205688085
1195,-1.2863913592183929,0.5972216516895191,-0.8402880237609188,-0.7245438725571992,0.9574293914933818,-0.5074164937970941
1196,1.364608132523318,0.3842939499317996,0.9151472974281999,-0.7245438725571992,0.9574293914933818,-0.4864419665829994
1197,-0.6064467020621378,0.8318863737429419,0.915565108297263,-0.7245438725571992,0.9574293914933818,-0.513090133831934
1198,0.06135195397129323,1.2851574855575607,0.9156206642987457,-0.7245438725571992,0.9574293914933818,-0.5166806578571589
1199,-0.6064467020621378,1.379404739862459,-0.8405164653346274,-0.7245438725571992,-0.2774800119000938,-0.5175152444375858
1200,1.364608132523318,-1.205863084017514,0.9129751097329868,-0.7245438725571992,0.9574293914933818,-0.3652890575258702
1201,-0.6064467020621378,-0.792734587736763,0.6695813582214293,-0.7245438725571992,-0.2774800119000938,1.0083032604098692
1202,0.7180682113731236,-0.3551856677804989,0.9142896033828619,1.7264872949717982,-1.6784690741943524,-0.4283563429716194
1203,1.364608132523318,1.379404739862459,-0.8405165124056874,1.7844478391944463,-1.0029415879318078,-0.5174506536291664
1204,-1.9797462048535426,-1.4380091521429539,0.9017850104833023,-0.7245438725571992,-1.9104429153545375,0.0504529596730788
1205,0.06135195397129323,1.2522555467321683,-0.840491059430256,1.5981142226604335,-0.2774800119000938,-0.5157569802933631
1206,0.06135195397129323,0.9983481441069354,-0.8404713774470078,1.7264872949717982,-0.2774800119000938,-0.5143982080413967
1207,1.364608132523318,-1.6899866153046632,-0.8335456016262092,-0.7245438725571992,0.9574293914933818,-0.2991675283897926
1208,1.364608132523318,0.9983481441069354,0.91560167574498,-0.7245438725571992,0.9574293914933818,-0.5153028188142068
1209,0.06135195397129323,0.5972216516895191,-0.8403915203293062,1.7844478391944463,-1.6784690741943524,-0.5085530388366883
1210,0.06135195397129323,-0.792734587736763,0.7245142654680409,-0.7245438725571992,0.9574293914933818,1.0065356699845083
1211,0.7180682113731236,0.741840854707084,0.9155466944045506,-0.7245438725571992,0.9574293914933818,-0.5114232034228485
1212,0.7180682113731236,-0.6988230343026319,-0.742762977990628,-0.7245438725571992,-0.2774800119000938,0.4702162020939767
