Row,kDN,TD_U,CL,Harmfulness,Usefulness,F2
1,0.4,0.5818181818181818,0.4939231334068727,0.0049504950495049,0.995049504950495,0.6667894429524834
2,0.4,0.9454545454545454,0.5060775097953522,0.0033003300330033,0.9966996699669968,0.6666693158303091
3,0.3,0.1818181818181818,0.4885351060445032,0.0016501650165016,0.995049504950495,0.7387992321455039
4,0.6,0.2,0.5114648938012764,0.0,1.0,0.7849207339003711
5,0.5,0.9636363636363636,0.4939225579445725,0.0,1.0,0.6666776776074127
6,0.4,0.9454545454545454,0.4939225185711566,0.0033003300330033,0.9933993399339934,0.666674487189536
7,0.5,0.6727272727272727,0.4939228662983704,0.0,1.0,0.6667114593442232
8,0.6,0.109090909090909,0.4939548478873844,0.0,1.0,0.6709490081026803
9,0.6,0.6363636363636364,0.5060770730056683,0.0033003300330033,0.9966996699669968,0.6667573576977175
10,0.4,0.2363636363636363,0.5055180102485658,0.0,1.0,0.6928545397494963
11,0.7,0.4727272727272727,0.5060741536788884,0.0,1.0,0.6672716211811157
12,0.2,0.1818181818181818,0.5060296719891291,0.0,1.0,0.6736103087811282
13,0.6,0.9818181818181818,0.4939225616772005,0.0016501650165016,1.0,0.6666810518885228
14,0.8,0.0727272727272727,0.4940014133860494,0.0033003300330033,1.0,0.6746569488480293
15,0.6,0.2909090909090909,0.4939307631500023,0.0049504950495049,1.0,0.6681175560345312
16,0.8,0.2,0.503181658734465,0.0016501650165016,1.0,0.7119778219662736
17,0.5,0.6545454545454545,0.493923012675827,0.0,1.0,0.6667479909662823
18,0.4,0.9818181818181818,0.5060775215745855,0.0,1.0,0.666666875203832
19,0.5,0.9636363636363636,0.5060774566959191,0.0,1.0,0.66667841472087
20,0.4,0.1818181818181818,0.4885351060445032,0.0,0.995049504950495,0.8058140550106275
21,0.7,0.9818181818181818,0.5060774844564022,0.0,0.9983498349834984,0.6666742294290819
22,0.5,0.109090909090909,0.5060542188674482,0.0049504950495049,0.9966996699669968,0.6706798827424553
23,0.6,0.509090909090909,0.4939241539448906,0.0,0.9983498349834984,0.6669252487546319
24,0.4,0.1818181818181818,0.4942266287982857,0.0,0.995049504950495,0.6860463078927505
25,0.7,0.0909090909090909,0.511461620727913,0.0016501650165016,0.9983498349834984,0.7666248374809009
26,0.5,0.2363636363636363,0.4949604431138287,0.0,1.0,0.6897624929994638
27,0.5,0.2,0.5114648929846557,0.0049504950495049,1.0,0.8378875901455858
28,0.8,0.6545454545454545,0.4939230515613877,0.0016501650165016,0.995049504950495,0.6667756738856162
29,0.6,0.0727272727272727,0.4939492581249984,0.0,0.9966996699669968,0.6705578974413817
30,0.8,0.2727272727272727,0.506068296651678,0.0,1.0,0.668228891126885
31,0.3,0.1454545454545454,0.4885598577085266,0.0,0.9966996699669968,0.7768672258448258
32,0.4,0.6,0.5060769621557111,0.0,1.0,0.6667726140897772
33,0.5,0.1454545454545454,0.5059074486978501,0.0049504950495049,0.9966996699669968,0.6833018183989664
34,0.5,0.6363636363636364,0.5060771088366309,0.0,1.0,0.6667452479720469
35,0.8,1.0,0.5060775157720953,0.0066006600660066,0.9966996699669968,0.6666682291865738
36,0.5,0.1818181818181818,0.4885351060445032,0.0016501650165016,1.0,0.798068470225794
37,0.5,0.8545454545454545,0.5060774386079451,0.0049504950495049,0.995049504950495,0.6666842551323955
38,0.5,0.1272727272727272,0.5114648939554968,0.0,1.0,0.6168323984757015
39,0.4,0.2545454545454545,0.4939313542543226,0.0016501650165016,0.9983498349834984,0.6680519574676118
40,0.4,0.9818181818181818,0.5060775204576797,0.0,0.9966996699669968,0.6666671875058219
41,0.5,0.4727272727272727,0.4939245886552394,0.0,0.9983498349834984,0.6669919469108573
42,0.5,0.8363636363636363,0.4939225722014926,0.0016501650165016,0.9933993399339934,0.6666853030413071
43,0.6,0.7636363636363637,0.5060773067671106,0.0,1.0,0.6667068920888619
44,0.7,0.2363636363636363,0.5057106900212253,0.0049504950495049,0.9983498349834984,0.6902188254724986
45,0.4,0.2545454545454545,0.4939302719023652,0.0,1.0,0.6678720563758517
46,0.2,0.1454545454545454,0.4889508854097416,0.0016501650165016,0.9917491749174916,0.7625354995485762
47,0.5,0.5454545454545454,0.4939236983018058,0.0049504950495049,0.9966996699669968,0.6668696145054647
48,0.5,0.9818181818181818,0.4939224758574521,0.0016501650165016,1.0,0.6666648029936056
49,0.4,0.9818181818181818,0.4939225045323131,0.0,1.0,0.6666704036323307
50,0.5,0.109090909090909,0.4939746310046662,0.0,1.0,0.6715759732742315
51,0.6,0.2363636363636363,0.4952017817148437,0.0132013201320132,0.995049504950495,0.7022378157627684
52,0.5,0.9454545454545454,0.5060775020211434,0.0049504950495049,1.0,0.6666710636960947
53,0.5,0.9636363636363636,0.5060774522998666,0.0,1.0,0.6666797234627361
54,0.5,0.1818181818181818,0.5060261523142782,0.0,1.0,0.6734970267767721
55,0.3,0.109090909090909,0.5047700783838099,0.0,0.9983498349834984,0.7223347531334032
56,0.5,0.0909090909090909,0.4986814591443566,0.0033003300330033,0.9966996699669968,0.7245385219553886
57,0.3,0.4909090909090909,0.5060764403660221,0.0,0.995049504950495,0.6668805474864528
58,0.4,0.3272727272727272,0.5060724986071032,0.0016501650165016,0.9983498349834984,0.6676480668359935
59,0.4,0.3818181818181818,0.4939266243007489,0.0,1.0,0.6671669748492182
60,0.3,0.0727272727272727,0.5060108662246224,0.0,0.9983498349834984,0.6755367347335519
61,0.7,0.0909090909090909,0.5114554668486929,0.0,1.0,0.7366497680457049
62,0.7,0.6181818181818182,0.5060770581485046,0.0016501650165016,0.9983498349834984,0.6667578478481879
63,0.3,0.9636363636363636,0.4939224847910471,0.0,1.0,0.6666669105508218
64,0.7,0.1636363636363636,0.5060616137076104,0.0,0.9983498349834984,0.6693758181633557
65,0.2,0.4727272727272727,0.4939249362355866,0.0,1.0,0.6669319135006121
66,0.6,0.2363636363636363,0.5037883337800086,0.0,0.9983498349834984,0.7092408699309546
67,0.4,0.2545454545454545,0.4939292807073511,0.0,0.9983498349834984,0.6674602532892651
68,0.4,0.1818181818181818,0.4885351060445032,0.0,1.0,0.877654142968492
69,0.5,0.8363636363636363,0.493922560254445,0.0,1.0,0.6666822414953213
70,0.5,0.7636363636363637,0.5060773273926343,0.0,0.9983498349834984,0.6667019401143717
71,0.2,0.4545454545454545,0.5060756058927761,0.0,0.9983498349834984,0.6670227927101121
72,0.4,0.2363636363636363,0.5055942497163672,0.0,0.995049504950495,0.6930540824238037
73,0.7,0.1272727272727272,0.5113838839523885,0.0,1.0,0.730485677588341
74,0.5,0.5818181818181818,0.4939230981984139,0.0,1.0,0.6667572716912503
75,0.3,0.1818181818181818,0.5060042254578397,0.0,0.9983498349834984,0.6752152847989321
76,0.3,0.109090909090909,0.506040261200732,0.0,0.9983498349834984,0.6719730740897978
77,0.6,0.2,0.5015290604481144,0.0082508250825082,0.9933993399339934,0.7198262924430809
78,0.6,0.5272727272727272,0.4939235528964674,0.0,0.9966996699669968,0.666841671955468
79,0.4,0.1818181818181818,0.4885351060445032,0.0,1.0,0.7667101930855824
80,0.5,0.2545454545454545,0.50606730834394,0.0,0.9966996699669968,0.6685128627618373
81,0.5,0.0909090909090909,0.4893820426751719,0.0099009900990099,0.9933993399339934,0.7535272766592654
82,0.5,0.7636363636363637,0.5060773125147575,0.0,1.0,0.6667055102926944
83,0.3,0.6727272727272727,0.493922824025935,0.0,0.9983498349834984,0.6667216415792532
84,0.4,0.9818181818181818,0.4939225181090969,0.0,1.0,0.6666717683207687
85,0.6,0.5818181818181818,0.4939230260486572,0.0,1.0,0.6667315998666372
86,0.6,0.7818181818181819,0.5060773958117178,0.0066006600660066,0.995049504950495,0.6666927383717414
87,0.3,0.7272727272727273,0.493922701558194,0.0,0.9966996699669968,0.6667040555087158
88,0.2,0.4545454545454545,0.506075691526476,0.0,0.9933993399339934,0.6670246458378943
89,0.4,0.9818181818181818,0.5060775211197233,0.0,1.0,0.6666669195871554
90,0.5,0.8363636363636363,0.4939226112093007,0.0049504950495049,1.0,0.6666922025406982
91,0.5,0.1272727272727272,0.5114648939554968,0.0,0.995049504950495,0.7869038681876923
92,0.4,0.8363636363636363,0.5060774292800696,0.0049504950495049,0.9983498349834984,0.6666853626429472
93,0.3,0.4727272727272727,0.4939248246955938,0.0016501650165016,1.0,0.6669933139841699
94,0.5,0.1818181818181818,0.5060198051048285,0.0,0.995049504950495,0.6750151517235743
95,0.8,0.7818181818181819,0.5060773350311225,0.0,1.0,0.6667028996234428
96,0.4,0.3818181818181818,0.493926899093136,0.0016501650165016,0.9966996699669968,0.6674106842629906
97,0.5,0.3272727272727272,0.5060737875486852,0.0,1.0,0.6673542384486566
98,0.5,0.2545454545454545,0.493928245679416,0.0,1.0,0.6674214883718899
99,0.3,0.9454545454545454,0.4939225243620098,0.0016501650165016,0.99009900990099,0.6666746435433413
100,0.3,0.9636363636363636,0.4939225429987143,0.0,1.0,0.6666731579897913
101,0.5,0.0727272727272727,0.4939486848424244,0.0,1.0,0.6704560588979471
102,0.4,0.7818181818181819,0.5060773846441682,0.0,1.0,0.6666918887802814
103,0.2,0.4181818181818181,0.4939259087768295,0.0,0.9966996699669968,0.6672198963429556
104,0.4,0.5272727272727272,0.4939234135453035,0.0016501650165016,0.9966996699669968,0.6668388468239831
105,0.4,0.109090909090909,0.5081192653128113,0.0,0.9983498349834984,0.7190778871650193
106,0.6,0.2545454545454545,0.4943762354727395,0.0,0.9983498349834984,0.6882113354408089
107,0.3,0.4727272727272727,0.4939250560455089,0.0066006600660066,0.9933993399339934,0.66717679254957
108,0.5,0.0909090909090909,0.4925304668938768,0.0,1.0,0.7352550612942653
109,0.6,0.1636363636363636,0.5059326860604156,0.0,0.9983498349834984,0.6814588672518314
110,0.6,0.1454545454545454,0.5058537309571581,0.0049504950495049,1.0,0.6857252693493681
111,0.4,0.2181818181818181,0.4885351106450576,0.0,0.9966996699669968,0.8333623972587871
112,0.4,1.0,0.4939224750631197,0.0,1.0,0.6666655715882531
113,0.5,0.6363636363636364,0.5060769184625467,0.0,1.0,0.6667774571921598
114,0.7,0.7818181818181819,0.5060773363399586,0.0115511551155115,0.995049504950495,0.6667047392080935
115,0.7,0.8545454545454545,0.5060774086116403,0.0049504950495049,0.995049504950495,0.6666898286385918
116,0.7,0.109090909090909,0.49396177058802,0.0049504950495049,1.0,0.6717068663371395
117,0.7,0.7818181818181819,0.506077356042467,0.0,1.0,0.6666982236780912
118,0.6,0.2545454545454545,0.4943143779909211,0.0,1.0,0.682279463503975
119,0.3,0.9636363636363636,0.5060774676899238,0.0,0.9933993399339934,0.6666780356375301
120,0.5,0.9636363636363636,0.5060774712112776,0.0,0.9983498349834984,0.6666764700513076
121,0.3,0.2727272727272727,0.5060720581638471,0.0016501650165016,0.9966996699669968,0.6677280908485398
122,0.6,0.1636363636363636,0.4939372928248698,0.0,1.0,0.6686514196748966
123,0.7,0.9818181818181818,0.5060774818943181,0.0,1.0,0.6666745873883174
124,0.5,0.6363636363636364,0.5060769603904249,0.0,0.9983498349834984,0.6667721202731796
125,0.3,0.109090909090909,0.5045629397975058,0.0,1.0,0.7041159666724329
126,0.6,0.7090909090909091,0.4939227886229136,0.0,1.0,0.6667153508101464
127,0.4,0.9818181818181818,0.4939225156111978,0.0033003300330033,0.9933993399339934,0.6666745184070935
128,0.3,0.0727272727272727,0.5059919644668425,0.0,1.0,0.6769957749847585
129,0.7,0.3454545454545454,0.5060727813054657,0.0082508250825082,0.9983498349834984,0.6675497379136587
130,0.5,0.1272727272727272,0.5114648939554968,0.0,0.9966996699669968,0.6245675115390449
131,0.6,0.3090909090909091,0.4939282835305169,0.0,0.9983498349834984,0.6675551462454673
132,0.5,0.8363636363636363,0.493922617735226,0.0016501650165016,0.9983498349834984,0.6666924999421925
133,0.9,0.9818181818181818,0.5060774776685983,0.0099009900990099,1.0,0.6666760145237315
134,0.5,0.2545454545454545,0.506065276866354,0.0049504950495049,0.9983498349834984,0.6689043299028483
135,0.5,0.5272727272727272,0.5060767667980843,0.0,0.9983498349834984,0.6668066422798083
136,0.6,0.6,0.506076958818387,0.0049504950495049,0.9966996699669968,0.6667771147253048
137,0.4,0.1272727272727272,0.5114648939554968,0.0,0.9983498349834984,0.7160002993341943
138,0.5,0.8363636363636363,0.493922599590046,0.0,1.0,0.6666798581991191
139,0.5,0.9818181818181818,0.4939225104775773,0.0,1.0,0.6666715850316147
140,0.5,0.9454545454545454,0.493922507204142,0.0,1.0,0.6666697599330297
141,0.8,0.0909090909090909,0.4947290661020697,0.0,1.0,0.7324232703460968
142,0.3,0.0727272727272727,0.5059951825600043,0.0033003300330033,0.995049504950495,0.6768376368090613
143,0.7,0.1272727272727272,0.5110222695135386,0.0,1.0,0.7218218537759136
144,0.6,0.8909090909090909,0.4939224978302453,0.0066006600660066,0.9983498349834984,0.666670646428335
145,0.6,0.8909090909090909,0.4939224984613168,0.0,1.0,0.6666704944416921
146,0.3,0.5454545454545454,0.5060764249035679,0.0,1.0,0.6668811427416708
147,0.7,0.8545454545454545,0.4939225717659461,0.0,1.0,0.6666753164013024
148,0.6,0.5272727272727272,0.5060764880067525,0.0,1.0,0.6668591302480918
149,0.4,0.4181818181818181,0.4939256845156079,0.0,0.9966996699669968,0.6671917956330268
150,0.4,0.9818181818181818,0.4939225079512315,0.0016501650165016,0.9966996699669968,0.6666719707689707
151,0.5,0.8363636363636363,0.4939225749103414,0.0,1.0,0.6666751689457762
152,0.6,0.2727272727272727,0.5060670817790747,0.0,1.0,0.6685533221642198
153,0.5,0.5454545454545454,0.4939242057604689,0.0,0.9983498349834984,0.6669690500557175
154,0.5,0.8363636363636363,0.4939226572993025,0.0049504950495049,0.9983498349834984,0.6667008999453503
155,0.4,0.3818181818181818,0.4939267429238694,0.0,1.0,0.6671070123198497
156,0.5,0.2363636363636363,0.5055726361736346,0.0,1.0,0.6931251490943594
157,0.6,0.2363636363636363,0.4951296874791038,0.0,1.0,0.6999527042553042
158,0.5,0.1818181818181818,0.4939736498943341,0.0033003300330033,1.0,0.6730380953028097
159,0.5,0.6727272727272727,0.4939228568699749,0.0,1.0,0.6667200912268221
160,0.3,0.1818181818181818,0.4941509626381508,0.0,1.0,0.6784400764088819
161,0.3,0.9636363636363636,0.5060774668558824,0.0,1.0,0.6666776567599677
162,0.6,0.2,0.5114648880939189,0.0066006600660066,0.995049504950495,0.811581427043391
163,0.4,0.6727272727272727,0.4939228408668794,0.0016501650165016,0.9966996699669968,0.666736760509202
164,0.2,0.0727272727272727,0.505967069203958,0.0,0.9966996699669968,0.6785216467616589
165,0.6,0.6181818181818182,0.493922947182799,0.0066006600660066,0.9966996699669968,0.6667570726777623
166,0.5,0.1818181818181818,0.4885351064153287,0.0,0.9983498349834984,0.8527050584473077
167,0.2,0.0727272727272727,0.5059714151269529,0.0,0.9917491749174916,0.6794033500731202
168,0.7,0.5454545454545454,0.4939232620041922,0.0016501650165016,0.9983498349834984,0.6667887932215576
169,0.5,0.2,0.4997601419332306,0.0,1.0,0.7205239428495035
170,0.5,0.8181818181818182,0.5060773445298954,0.0,1.0,0.666701359048641
171,0.8,0.5272727272727272,0.5060766367177361,0.0049504950495049,1.0,0.6668428991365698
172,0.5,0.1818181818181818,0.4885351060445032,0.0,1.0,0.8200212437596259
173,0.6,0.2363636363636363,0.5052286259485419,0.0,1.0,0.69660402821484
174,0.5,0.2363636363636363,0.4950011559990495,0.0,1.0,0.6908365775305474
175,0.5,0.3818181818181818,0.5060741016501934,0.0,0.9983498349834984,0.6672688467308339
176,0.5,0.5818181818181818,0.4939231149517531,0.0,1.0,0.6667658800056426
177,0.3,0.0727272727272727,0.5059195215281662,0.0,1.0,0.6818320603709535
178,0.5,0.6909090909090909,0.4939227423295222,0.0,1.0,0.6666969310130709
179,0.7,0.1272727272727272,0.510490959806015,0.0016501650165016,1.0,0.7383333589375507
180,0.4,0.2181818181818181,0.5032080216769854,0.0016501650165016,0.9917491749174916,0.7254404859043294
181,0.3,0.1818181818181818,0.5060004338308792,0.0,0.9983498349834984,0.6763600581855678
182,0.8,0.0727272727272727,0.4940115707081967,0.0082508250825082,0.9983498349834984,0.6751389574794867
183,0.5,0.9818181818181818,0.4939224788681933,0.0,1.0,0.6666657098869194
184,0.4,0.5818181818181818,0.4939230991187714,0.0,1.0,0.6667419013866354
185,0.1,0.5454545454545454,0.4939239743103017,0.0,0.9966996699669968,0.6668333005160186
186,0.6,0.2,0.5058011299723457,0.0,1.0,0.6872234765158065
187,0.6,0.1272727272727272,0.4940562291418215,0.0049504950495049,0.9983498349834984,0.6791239445539055
188,0.5,0.8363636363636363,0.5060774193907558,0.0,0.9966996699669968,0.6666877830369737
189,0.7,0.0909090909090909,0.5114630845750407,0.0016501650165016,0.9983498349834984,0.7712441559912248
190,0.4,0.1272727272727272,0.4939431553139841,0.0,1.0,0.6693929857340316
191,0.3,0.4727272727272727,0.4939246583274208,0.0,0.9983498349834984,0.6670047724809448
192,0.4,0.5272727272727272,0.4939234288316393,0.0,1.0,0.6668116403155204
193,0.6,0.1818181818181818,0.5114648939554727,0.0,0.9983498349834984,0.7725984396163125
194,0.7,0.2181818181818181,0.5114644938535969,0.0082508250825082,1.0,0.79323517046129
195,0.6,0.9272727272727272,0.4939224995957886,0.0,1.0,0.6666697536932492
196,0.5,0.6545454545454545,0.4939230871689215,0.0,0.9983498349834984,0.6667669274900857
197,0.6,0.1454545454545454,0.5058223384208957,0.0,1.0,0.6853487050879579
198,0.4,0.1818181818181818,0.4885351060445072,0.0049504950495049,0.9983498349834984,0.9185737074008496
199,0.5,0.8545454545454545,0.4939225730651506,0.0,1.0,0.6666813730098659
200,0.3,0.9636363636363636,0.4939224849996575,0.0049504950495049,0.9933993399339934,0.6666682052525379
201,0.7,0.9818181818181818,0.5060774891144757,0.0066006600660066,1.0,0.6666737774376841
202,0.8,0.4727272727272727,0.506074925262941,0.0148514851485148,0.995049504950495,0.6671765639438518
203,0.5,0.0727272727272727,0.505927119293611,0.0,1.0,0.6812386367984582
204,0.6,0.9636363636363636,0.4939224886231068,0.0,1.0,0.6666667917889502
205,0.7,0.8363636363636363,0.493922583567165,0.0,1.0,0.6666823670772587
206,0.4,0.1818181818181818,0.5060269658610252,0.0016501650165016,0.9983498349834984,0.6739910868010427
207,0.5,0.6727272727272727,0.4939228577720462,0.0049504950495049,0.9983498349834984,0.6667350596777752
208,0.4,0.4727272727272727,0.4939250905452781,0.0016501650165016,0.9966996699669968,0.6671420629634499
209,0.2,0.0909090909090909,0.4885419073227312,0.0,1.0,0.7764824460100063
210,0.5,0.3090909090909091,0.4939280550218039,0.0,1.0,0.6673280649726141
211,0.5,0.2181818181818181,0.4885351144219977,0.0066006600660066,0.9933993399339934,0.8369205535223064
212,0.5,0.1272727272727272,0.4940602137817458,0.0,1.0,0.6757848465920586
213,0.4,0.1272727272727272,0.5060626291216386,0.0,1.0,0.6692555783342878
214,0.3,0.7272727272727273,0.4939227006257752,0.0033003300330033,0.9966996699669968,0.6667092359026109
215,0.5,0.6909090909090909,0.4939227431608826,0.0,1.0,0.6667074377934
216,0.4,0.8909090909090909,0.49392250511172,0.0066006600660066,0.9933993399339934,0.6666716232812423
217,0.6,0.9454545454545454,0.5060775077729126,0.0,1.0,0.6666694162353495
218,0.6,0.2,0.5012233567418024,0.0016501650165016,0.9917491749174916,0.7213586455766222
219,0.4,0.4545454545454545,0.5060754474888254,0.0,0.9983498349834984,0.6670518109900919
220,0.7,0.9818181818181818,0.506077441712889,0.0,1.0,0.6666828799888234
221,0.4,0.1818181818181818,0.4941361645357156,0.0049504950495049,0.9917491749174916,0.6837010885466109
222,0.6,0.109090909090909,0.5060586897114965,0.0049504950495049,0.9983498349834984,0.6699437095837618
223,0.7,0.9818181818181818,0.5060774826070426,0.0148514851485148,0.9966996699669968,0.6666751819104433
224,0.3,0.8909090909090909,0.4939225032746241,0.0,0.9983498349834984,0.6666682695155155
225,0.3,0.1818181818181818,0.5060335818418364,0.0,0.9983498349834984,0.6732241583749767
226,0.7,0.2181818181818181,0.4939343475003354,0.0016501650165016,1.0,0.6681591237577081
227,0.6,0.3272727272727272,0.4939274176783735,0.0,1.0,0.6674219902419699
228,0.4,0.0727272727272727,0.5060438330114998,0.0,0.9983498349834984,0.6719370167060568
229,0.4,0.8363636363636363,0.5060774346786634,0.0016501650165016,0.9966996699669968,0.6666839584777358
230,0.3,0.8363636363636363,0.4939226626545687,0.0,0.9983498349834984,0.6666985942422307
231,0.8,0.5818181818181818,0.4939231760334694,0.0016501650165016,0.9983498349834984,0.6667816518182241
232,0.6,0.9454545454545454,0.5060775123399319,0.0016501650165016,0.9966996699669968,0.666668977704754
233,0.6,0.4909090909090909,0.5060766580823682,0.0,0.9983498349834984,0.6668252707400665
234,0.4,0.3272727272727272,0.5060721399637207,0.0,1.0,0.6676867931373741
235,0.9,0.1272727272727272,0.5111904273898056,0.0049504950495049,1.0,0.7376700974319941
236,0.6,0.9454545454545454,0.5060775083064317,0.0,0.9966996699669968,0.6666697504908168
237,0.2,0.1818181818181818,0.5060126163125472,0.0,0.9983498349834984,0.6751425598188735
238,0.7,0.1272727272727272,0.5114648939554968,0.0,0.9983498349834984,0.789662977374731
239,0.7,0.1636363636363636,0.5114648939554968,0.0,1.0,0.8295895889107319
240,0.5,0.1636363636363636,0.5114648939554968,0.0,0.9966996699669968,0.847170460456036
241,0.5,0.7090909090909091,0.5060772734339862,0.0,1.0,0.6667098060843706
242,0.5,0.0727272727272727,0.5059461235571799,0.0,0.9983498349834984,0.680702382112206
243,0.3,0.0909090909090909,0.4885399136002083,0.0,1.0,0.792747178144002
244,0.3,0.1818181818181818,0.5060297370870019,0.0,1.0,0.6730917929987981
245,0.5,0.1818181818181818,0.4939731908226815,0.0,1.0,0.6710196409482768
246,1.0,0.509090909090909,0.5060761273824181,0.0115511551155115,1.0,0.6669271498279371
247,0.4,0.2727272727272727,0.5060710560310355,0.0,1.0,0.6677917064217338
248,0.7,0.4181818181818181,0.5060739507472983,0.0016501650165016,1.0,0.6673369672333546
249,0.7,0.9454545454545454,0.506077514649446,0.0,1.0,0.6666680290910532
250,0.4,0.9636363636363636,0.4939224848774137,0.0,0.9983498349834984,0.6666670186026311
251,0.4,0.7272727272727273,0.4939227056639694,0.0,0.9983498349834984,0.6667048906180677
252,0.5,0.5818181818181818,0.4939231019236718,0.0,1.0,0.6667762690618826
253,0.7,1.0,0.5060775235577047,0.0,1.0,0.6666663020670972
254,0.8,0.5454545454545454,0.4939235887480613,0.0,1.0,0.6668063656311154
255,0.5,0.1818181818181818,0.4885351060445032,0.0,1.0,0.8400743641482842
256,0.6,0.109090909090909,0.5060499798418981,0.0,1.0,0.6708951376455617
257,0.4,0.1818181818181818,0.5047245406098686,0.0016501650165016,0.99009900990099,0.7042048308285137
258,0.5,0.2545454545454545,0.506066036409681,0.0,0.9966996699669968,0.6686566905328688
259,0.4,0.8363636363636363,0.5060774187760035,0.0,1.0,0.6666855738944345
260,0.6,0.5818181818181818,0.4939233326161992,0.0,1.0,0.6668037932041594
261,0.4,0.8363636363636363,0.5060774537008652,0.0,1.0,0.6666795859988468
262,0.5,0.6181818181818182,0.5060767000096401,0.0016501650165016,0.9983498349834984,0.666827595515775
263,0.2,0.109090909090909,0.5034920607075869,0.0,1.0,0.7006501514125032
264,0.5,0.1818181818181818,0.5114648939554727,0.0,1.0,0.8334601026159266
265,0.4,0.8363636363636363,0.4939226700638786,0.0,1.0,0.6666986963833538
266,0.5,0.9818181818181818,0.5060775202535048,0.0049504950495049,0.9917491749174916,0.6666675008161109
267,0.5,0.3272727272727272,0.5060717239910366,0.0,1.0,0.6677563046293225
268,0.4,0.2545454545454545,0.5060672293502955,0.0,0.9983498349834984,0.6684215248897231
269,0.2,0.109090909090909,0.5048990674619279,0.0016501650165016,0.99009900990099,0.7332302492623693
270,0.5,0.5818181818181818,0.4939230309559415,0.0,0.9983498349834984,0.6667263306812977
271,0.6,0.8545454545454545,0.5060774103963791,0.0,1.0,0.6666873905650552
272,0.4,0.1272727272727272,0.4939426801673334,0.0049504950495049,0.9933993399339934,0.6699800191490325
273,0.3,0.5454545454545454,0.4939238981773826,0.0,0.9983498349834984,0.6668452676312533
274,0.6,0.1272727272727272,0.4939444537525075,0.0,0.9983498349834984,0.6694370813129582
275,0.6,0.4545454545454545,0.4939251990926676,0.0,1.0,0.6669520959056011
276,0.5,0.7272727272727273,0.4939227169264792,0.0049504950495049,0.9983498349834984,0.6667069273109436
277,0.6,0.0727272727272727,0.4939539688642901,0.0,1.0,0.6706519010881541
278,0.2,0.0727272727272727,0.5059766865941261,0.0,0.9966996699669968,0.6783277896327812
279,0.7,0.4545454545454545,0.5060749370315447,0.0,1.0,0.6671493193576561
280,0.4,0.9818181818181818,0.4939225092755819,0.0,1.0,0.6666699050644226
281,0.3,0.1818181818181818,0.4885351060445032,0.0,0.9983498349834984,0.8566557368155139
282,0.6,0.9818181818181818,0.4939224764372123,0.0,1.0,0.6666655206179984
283,0.4,0.1818181818181818,0.4941455533352008,0.0,0.9933993399339934,0.6848998833876428
284,0.6,0.6181818181818182,0.4939229489146481,0.0,0.9983498349834984,0.6667358858360376
285,0.5,0.6181818181818182,0.5060770096982482,0.0,1.0,0.6667673426333324
286,0.4,0.4727272727272727,0.5060744268485184,0.0033003300330033,0.9966996699669968,0.6672825653464283
287,0.2,0.109090909090909,0.5060423552804554,0.0,0.9933993399339934,0.6722654088531106
288,0.8,0.2727272727272727,0.5060705135120547,0.0033003300330033,1.0,0.667933917865674
289,0.3,0.8909090909090909,0.4939225034496399,0.0,0.9983498349834984,0.6666688168315218
290,0.7,0.3818181818181818,0.4939263605408954,0.0016501650165016,0.9983498349834984,0.6673236072137375
291,0.7,0.1454545454545454,0.5058634688728374,0.0016501650165016,1.0,0.6846743543885051
292,0.6,0.1636363636363636,0.5114648939554968,0.0,0.9983498349834984,0.8914937348878597
293,0.7,0.6909090909090909,0.5060771916822351,0.0033003300330033,1.0,0.6667285321649603
294,0.4,1.0,0.4939224748300936,0.0049504950495049,0.9983498349834984,0.6666662230654007
295,0.7,0.6181818181818182,0.4939230279315352,0.0,0.9983498349834984,0.666753493604305
296,0.4,0.4545454545454545,0.5060755080269738,0.0,0.9966996699669968,0.6670547078369051
297,0.6,0.5454545454545454,0.4939232932236341,0.0049504950495049,0.9983498349834984,0.6668136221958755
298,0.6,0.0363636363636363,0.4939540677442895,0.0033003300330033,0.9966996699669968,0.6711990621277628
299,0.4,0.9818181818181818,0.4939225205472632,0.0,1.0,0.6666708431722062
300,0.5,0.9636363636363636,0.4939225444187622,0.0049504950495049,0.9983498349834984,0.6666804092363973
301,0.6,0.509090909090909,0.5060757964559748,0.0,0.995049504950495,0.6670137254067781
302,0.8,0.5272727272727272,0.5060766271126719,0.0115511551155115,0.9983498349834984,0.6668409842051951
303,0.4,0.3272727272727272,0.4939271106894456,0.0,1.0,0.6672409979793393
304,0.5,0.2181818181818181,0.5114638200510729,0.0,1.0,0.7529916260968981
305,0.5,0.1818181818181818,0.4885351060445835,0.0049504950495049,1.0,0.9057009215228148
306,0.5,0.0727272727272727,0.5059412966326706,0.0,1.0,0.6792103618789006
307,0.5,0.8363636363636363,0.4939225875354647,0.0,1.0,0.6666779398003306
308,0.4,0.9636363636363636,0.5060774710491023,0.0,0.9983498349834984,0.6666769829046078
309,0.4,0.8909090909090909,0.5060775016703934,0.0,0.9983498349834984,0.6666709915059281
310,0.4,0.2363636363636363,0.4994326123797499,0.0016501650165016,0.9966996699669968,0.7234145790400854
311,0.7,0.0727272727272727,0.4939455104058223,0.0,0.9983498349834984,0.6695648903344321
312,0.5,0.2545454545454545,0.5060667455652545,0.0082508250825082,0.9983498349834984,0.6687418759451575
313,0.6,0.3272727272727272,0.5060732021865031,0.0,1.0,0.6674333930050252
314,0.8,0.509090909090909,0.493924279717533,0.0,1.0,0.6669345495312887
315,0.4,0.1818181818181818,0.5060295674506226,0.0033003300330033,0.9966996699669968,0.6736497796519941
316,0.5,0.0363636363636363,0.4939761249369681,0.0,0.9983498349834984,0.6710706163726485
317,0.6,0.7818181818181819,0.4939226868352271,0.0049504950495049,1.0,0.6667068983767158
318,0.6,0.2727272727272727,0.5060683055422541,0.0016501650165016,0.9983498349834984,0.6682732289746802
319,0.4,0.1818181818181818,0.4941346673297424,0.0,0.9966996699669968,0.6820804227253264
320,0.3,0.4727272727272727,0.4939249921029535,0.0,0.9983498349834984,0.6671024916593319
321,0.5,0.9454545454545454,0.5060775010067793,0.0049504950495049,0.995049504950495,0.6666714005844692
322,0.5,0.0909090909090909,0.5114640507276734,0.0,1.0,0.7437295208701536
323,0.6,0.2181818181818181,0.5013224317292315,0.0099009900990099,1.0,0.7257196787292475
324,0.3,0.8363636363636363,0.4939226498850103,0.0,1.0,0.6666893277484615
325,0.8,0.8545454545454545,0.5060774089930713,0.0066006600660066,0.995049504950495,0.6666893677189415
326,0.4,0.1818181818181818,0.5045895950153804,0.0,1.0,0.7027204867889713
327,0.8,0.5272727272727272,0.5060759883966207,0.0,1.0,0.6669516002654863
328,0.5,0.8909090909090909,0.4939224940237924,0.0,1.0,0.6666682690846697
329,0.5,0.5454545454545454,0.5060764612085319,0.0132013201320132,0.9966996699669968,0.6668795580050347
330,0.5,0.1636363636363636,0.511464893955228,0.0,1.0,0.804059444106877
331,0.5,0.4363636363636363,0.4939257153195238,0.0082508250825082,0.9917491749174916,0.6672776551126219
332,0.5,0.2727272727272727,0.5060711487373968,0.0049504950495049,0.9983498349834984,0.6678935969120374
333,0.2,0.1454545454545454,0.4887883736210411,0.0,0.995049504950495,0.7575254781473102
334,0.6,0.0727272727272727,0.4939456629590254,0.0,1.0,0.6687417292090952
335,0.3,0.2545454545454545,0.493929368876211,0.0,0.9983498349834984,0.6676163543330198
336,0.7,0.2181818181818181,0.4939357935399335,0.0,0.9983498349834984,0.6683508902285924
337,0.6,0.2727272727272727,0.506069800845719,0.0115511551155115,0.9966996699669968,0.6681200264671013
338,0.4,0.1818181818181818,0.5060079172709786,0.0,0.99009900990099,0.6758586708147849
339,0.5,0.2545454545454545,0.4943137704634643,0.0016501650165016,1.0,0.6884340161651161
340,0.2,0.1454545454545454,0.4886823840923171,0.0,0.9966996699669968,0.763670506796965
341,0.7,0.0363636363636363,0.4939547965690165,0.0066006600660066,0.9966996699669968,0.6709712127567492
342,0.8,0.4909090909090909,0.4939253359984349,0.0082508250825082,0.9983498349834984,0.6672396599611911
343,0.7,0.1272727272727272,0.4940477920091644,0.0,1.0,0.6734975713892504
344,0.3,0.2727272727272727,0.5060689605833735,0.0,1.0,0.6682139868607514
345,0.5,0.8363636363636363,0.506077433631207,0.0,1.0,0.666683440694098
346,0.3,0.2181818181818181,0.4965512128823681,0.0,1.0,0.696239522664116
347,0.3,0.2545454545454545,0.493930019525828,0.0,0.9933993399339934,0.6679608868168614
348,0.4,0.8363636363636363,0.50607743329596,0.0,0.9983498349834984,0.6666840491760544
349,0.5,0.4545454545454545,0.5060754363316521,0.0066006600660066,0.995049504950495,0.6670666637316162
350,0.7,0.7818181818181819,0.5060773728983949,0.0082508250825082,1.0,0.6666961844396013
351,0.4,0.2181818181818181,0.4885352296948847,0.0,0.9966996699669968,0.8102347915108069
352,0.7,0.1454545454545454,0.5114648939554968,0.0016501650165016,1.0,0.8497779618177062
353,0.8,0.5636363636363636,0.5060759797931246,0.0099009900990099,0.9983498349834984,0.6669701087796344
354,0.4,0.1636363636363636,0.5060645306822456,0.0049504950495049,0.9933993399339934,0.669025518037729
355,0.4,0.9454545454545454,0.5060775044867161,0.0,1.0,0.6666698401690383
356,0.6,0.1818181818181818,0.5060233099278268,0.0033003300330033,0.9917491749174916,0.6745151102111537
357,0.5,0.2,0.4939341075211376,0.0,0.9966996699669968,0.6680774293754974
358,0.7,0.4909090909090909,0.5060766181947667,0.0,0.9983498349834984,0.6668296176462181
359,0.4,0.109090909090909,0.5060352079975834,0.0,1.0,0.6728668054674316
360,0.7,0.3090909090909091,0.4939281613861752,0.0016501650165016,0.9983498349834984,0.6675532100791222
361,0.5,0.2181818181818181,0.4885356086634228,0.0016501650165016,1.0,0.8071152210175639
362,0.6,0.109090909090909,0.5060566081593718,0.0,1.0,0.6700108988236301
363,0.5,0.9636363636363636,0.5060775119601706,0.0,1.0,0.6666688653944645
364,0.6,0.6909090909090909,0.4939227433401825,0.0049504950495049,0.9966996699669968,0.6667184564677717
365,0.3,0.1818181818181818,0.4885351060445032,0.0049504950495049,0.995049504950495,0.9300243634739688
366,0.3,0.2181818181818181,0.4967387467440101,0.0,0.9983498349834984,0.6992811789322605
367,0.4,0.1818181818181818,0.4885351060445032,0.0066006600660066,0.995049504950495,0.7132169332902705
368,0.4,0.8363636363636363,0.4939225959863105,0.0016501650165016,0.995049504950495,0.6666861150279001
369,0.5,0.2545454545454545,0.505657086685934,0.0066006600660066,0.9933993399339934,0.6928841520132003
370,0.5,0.9636363636363636,0.4939225356869581,0.0,0.9983498349834984,0.6666761210863866
371,0.5,0.2363636363636363,0.5053619675427133,0.0,1.0,0.6978504405057082
372,0.2,0.8363636363636363,0.4939226296829518,0.0016501650165016,0.995049504950495,0.6666928024115705
373,0.7,0.1818181818181818,0.5114648939554968,0.0066006600660066,0.9966996699669968,0.8590811550642956
374,0.7,0.9818181818181818,0.5060774764123418,0.0,0.9983498349834984,0.6666755008825689
375,0.6,0.4909090909090909,0.5060765223177868,0.0,1.0,0.6668450560226197
376,0.3,0.1636363636363636,0.493939799423015,0.0,1.0,0.6685788387503777
377,0.7,0.109090909090909,0.4939716206493331,0.0,1.0,0.671337068676106
378,0.3,0.0909090909090909,0.4885621998177114,0.0033003300330033,0.9966996699669968,0.7817461877195414
379,0.4,0.9636363636363636,0.4939224851578836,0.0,1.0,0.666665928502052
380,0.5,0.6363636363636364,0.506076915480218,0.0082508250825082,0.995049504950495,0.6667931310840144
381,0.7,0.3090909090909091,0.4939279570192625,0.0049504950495049,0.9983498349834984,0.6675850185112652
382,0.3,0.9818181818181818,0.4939225254887489,0.0,1.0,0.6666739330813193
383,0.5,0.2363636363636363,0.4945803953277865,0.0016501650165016,1.0,0.6904970949564191
384,0.6,0.2,0.494603454207848,0.0049504950495049,0.9966996699669968,0.6915299406550929
385,0.4,0.1636363636363636,0.5059912374339579,0.0,0.9966996699669968,0.6773700266689493
386,0.4,0.1272727272727272,0.5114648939554968,0.0033003300330033,0.995049504950495,0.6641805234714063
387,0.6,1.0,0.506077514752654,0.0,1.0,0.6666679866412609
388,0.6,0.2,0.4885351060445032,0.0,1.0,0.592942050587397
389,0.4,0.1818181818181818,0.4885351060445032,0.0016501650165016,0.9966996699669968,0.8345171970429017
390,0.5,0.6727272727272727,0.4939228634382688,0.0,0.9983498349834984,0.6667346656228463
391,0.5,0.2,0.4950845621220043,0.0,0.9983498349834984,0.7007025824395899
392,0.1,0.5454545454545454,0.4939238869819308,0.0,0.9933993399339934,0.6668468297061895
393,0.5,0.2727272727272727,0.4939320705473222,0.0066006600660066,1.0,0.6683316460207964
394,0.3,0.8363636363636363,0.493922633461471,0.0,1.0,0.6666914564483274
395,0.5,0.2181818181818181,0.4939329785435462,0.0099009900990099,1.0,0.66850372150304
396,0.4,0.1818181818181818,0.4885351060445032,0.0016501650165016,1.0,0.6666666666666666
397,0.4,0.7636363636363637,0.5060773369132426,0.0,1.0,0.666698640177643
398,0.5,0.1272727272727272,0.493941504476253,0.0016501650165016,1.0,0.6697167751506582
399,0.8,0.509090909090909,0.4939244175806844,0.0016501650165016,0.9983498349834984,0.6669657117932061
400,0.3,0.5454545454545454,0.4939237074984695,0.0,1.0,0.6668688179416286
401,0.6,0.6545454545454545,0.4939230345369303,0.0115511551155115,0.9917491749174916,0.6667700948030113
402,0.4,0.1454545454545454,0.5059198628969254,0.0016501650165016,0.995049504950495,0.6826342550790774
403,0.2,0.1454545454545454,0.4887372464215017,0.0033003300330033,0.9917491749174916,0.7666214229842585
404,0.3,0.1818181818181818,0.5060340168881535,0.0,0.9983498349834984,0.6731188096831484
405,0.4,0.1818181818181818,0.5060351743876351,0.0,1.0,0.6727545215733324
406,0.3,0.3818181818181818,0.4939268845623592,0.0016501650165016,0.995049504950495,0.667504949190071
407,0.3,0.9454545454545454,0.493922525464511,0.0,1.0,0.6666727170848802
408,0.3,0.509090909090909,0.5060757952368231,0.0,0.9983498349834984,0.666977578868651
409,0.7,0.1272727272727272,0.5060578734322528,0.0082508250825082,1.0,0.6699766384394864
410,0.9,0.7818181818181819,0.5060773702133451,0.0,1.0,0.6666946424016816
411,0.5,0.1636363636363636,0.4941104908749092,0.0066006600660066,0.9983498349834984,0.6815221810883773
412,0.6,0.2363636363636363,0.5052456050075735,0.0033003300330033,0.9983498349834984,0.6994474974665064
413,0.6,0.9636363636363636,0.506077456854304,0.0033003300330033,1.0,0.6666801255831615
414,0.6,0.109090909090909,0.5104145052653962,0.0,1.0,0.7364678409253912
415,0.7,0.1636363636363636,0.5114648939554928,0.0049504950495049,0.9966996699669968,0.9013829488906544
416,0.3,0.2545454545454545,0.4939295855563401,0.0,0.9983498349834984,0.6678592236839742
417,0.7,0.0727272727272727,0.5060487148311394,0.0016501650165016,0.9983498349834984,0.6714030732366566
418,0.6,0.1272727272727272,0.5114025302225639,0.0033003300330033,0.9983498349834984,0.7682884494029182
419,0.7,0.4545454545454545,0.5060752884574734,0.0,1.0,0.6670894651538107
420,0.4,0.2363636363636363,0.5056130738772986,0.0049504950495049,0.995049504950495,0.6931806680459739
421,0.5,0.9090909090909092,0.4939224914428769,0.0,0.9983498349834984,0.6666674323667912
422,0.6,0.7090909090909091,0.5060772579237905,0.0,0.9983498349834984,0.6667158249175611
423,0.5,0.4545454545454545,0.5060757877095287,0.0099009900990099,0.995049504950495,0.6670123295422342
424,0.4,0.6181818181818182,0.5060770918435713,0.0066006600660066,0.9933993399339934,0.6667502096893522
425,0.5,0.1818181818181818,0.4885351060475803,0.0,1.0,0.8772083015799774
426,0.5,0.4727272727272727,0.4939246341499997,0.0,1.0,0.6670285701751528
427,0.2,0.109090909090909,0.5060425644777939,0.0,0.995049504950495,0.672279717268985
428,0.6,0.5272727272727272,0.5060767014644181,0.0,1.0,0.6668217065380914
429,0.3,0.6,0.5060768050405542,0.0016501650165016,0.9966996699669968,0.6668042355966189
430,0.7,0.3272727272727272,0.4939276394637926,0.0082508250825082,0.9983498349834984,0.6676193849081679
431,0.5,0.3818181818181818,0.5060739293193657,0.0016501650165016,0.9966996699669968,0.6673668407898127
432,0.7,0.1818181818181818,0.4943484186691893,0.0,1.0,0.684066125228785
433,0.5,0.1272727272727272,0.5059369897425086,0.0066006600660066,0.99009900990099,0.6818624818300743
434,0.7,0.9090909090909092,0.4939224943279507,0.0033003300330033,1.0,0.6666693461319794
435,0.9,0.1636363636363636,0.4939884379714674,0.0066006600660066,0.9983498349834984,0.6732596894919579
436,0.4,0.0909090909090909,0.488536237603223,0.0016501650165016,1.0,0.7966537763007723
437,0.6,0.6181818181818182,0.49392290849316,0.0,1.0,0.6667347598365203
438,0.4,0.9454545454545454,0.4939225373993255,0.0,0.9983498349834984,0.666672447821207
439,0.5,0.1272727272727272,0.4939754420366039,0.0,0.9983498349834984,0.6725050396438745
440,0.6,0.1272727272727272,0.5060612831931766,0.0,1.0,0.6694155135022194
441,0.5,0.0727272727272727,0.5060515237587981,0.0,1.0,0.6706083291679636
442,0.7,0.4181818181818181,0.4939256354314393,0.0033003300330033,0.9966996699669968,0.6671900958264525
443,0.5,0.5818181818181818,0.493923095257506,0.0,1.0,0.6667416101153029
444,0.8,0.7818181818181819,0.5060773002743659,0.0082508250825082,1.0,0.6667105791303761
445,0.2,0.0909090909090909,0.4885437771892943,0.0,0.9983498349834984,0.7914142203409124
446,0.3,0.9454545454545454,0.4939225228043862,0.0,1.0,0.666671298814913
447,0.5,0.9636363636363636,0.4939224885518573,0.0099009900990099,0.9983498349834984,0.6666688702138953
448,0.4,0.1818181818181818,0.4941860199527736,0.0,0.9983498349834984,0.6834161791869009
449,0.5,0.1454545454545454,0.505886230019766,0.0033003300330033,1.0,0.6846159157262058
450,0.7,0.2363636363636363,0.4955639971047116,0.0,1.0,0.6936136347470877
451,0.3,0.1818181818181818,0.5039548683362521,0.0,1.0,0.7038776497842346
452,0.4,0.109090909090909,0.5060391412743614,0.0,0.9983498349834984,0.6724260558078259
453,0.4,0.4727272727272727,0.4939249520541259,0.0,1.0,0.6669853691695327
454,0.2,0.2181818181818181,0.4966648383928922,0.0033003300330033,0.995049504950495,0.7064373232290552
455,0.5,0.8909090909090909,0.506077503089745,0.0,0.9983498349834984,0.6666706764619091
456,0.8,0.0909090909090909,0.4951743869156371,0.0016501650165016,1.0,0.7308303743736629
457,0.6,0.1272727272727272,0.4941164718394433,0.0,0.9966996699669968,0.6818480855851943
458,0.5,0.0909090909090909,0.4981493090948217,0.0,1.0,0.7246476972878393
459,0.4,0.1272727272727272,0.5096227035889204,0.0,1.0,0.7167661584518854
460,0.4,0.1272727272727272,0.5114648939554968,0.0,0.9983498349834984,0.740995485367319
461,0.4,0.1454545454545454,0.4885692542910161,0.0,1.0,0.773138272565154
462,0.5,0.8363636363636363,0.4939226599838083,0.0,1.0,0.6666950097599268
463,0.6,0.1454545454545454,0.5058391988633146,0.0,0.9983498349834984,0.6856045785993983
464,0.5,0.1272727272727272,0.5114648939554968,0.0016501650165016,0.9983498349834984,0.6222029414134028
465,0.5,0.0727272727272727,0.4940660838075077,0.0,0.9983498349834984,0.6780379448185763
466,0.8,0.1636363636363636,0.5058705206106165,0.0,1.0,0.6837316825869196
467,0.5,0.2,0.500533124835071,0.0,0.9983498349834984,0.7156142583357452
468,0.4,0.2545454545454545,0.5060647190774369,0.0,0.9966996699669968,0.6689360227794379
469,0.6,0.1636363636363636,0.5060636847242322,0.0049504950495049,0.9917491749174916,0.6691362576786317
470,0.7,0.2,0.4944812653886661,0.0016501650165016,0.9983498349834984,0.6877678471997046
471,0.6,0.109090909090909,0.5060482700045228,0.0,1.0,0.67109334623346
472,0.7,0.1272727272727272,0.4940800297157663,0.0099009900990099,0.9983498349834984,0.681989621952606
473,0.2,0.5272727272727272,0.4939233824747124,0.0,1.0,0.6667859972486381
474,0.4,0.8363636363636363,0.4939226357112478,0.0,0.9966996699669968,0.6666923610532185
475,0.3,0.5454545454545454,0.5060764346469786,0.0,0.9966996699669968,0.666874852113371
476,0.4,0.7818181818181819,0.5060773904468787,0.0,0.9966996699669968,0.6666912279145302
477,0.7,0.5454545454545454,0.4939241091381714,0.0,1.0,0.6669340356708582
478,0.4,0.4727272727272727,0.5060744465931909,0.0,1.0,0.6671972469200668
479,0.3,0.0727272727272727,0.5060045892146899,0.0049504950495049,0.9818481848184818,0.676570449420628
480,0.7,0.9818181818181818,0.4939225341436934,0.0082508250825082,0.9966996699669968,0.6666784344627807
481,0.4,0.1454545454545454,0.5059155171752697,0.0,1.0,0.6830515032673656
482,0.2,0.4727272727272727,0.4939250713014771,0.0,0.9983498349834984,0.6670139791258908
483,0.7,0.2,0.4951222636842334,0.0,1.0,0.6863598596252097
484,0.5,0.6909090909090909,0.4939227155279173,0.0016501650165016,0.9983498349834984,0.6667039245079898
485,0.4,0.1818181818181818,0.494205171022588,0.0066006600660066,0.995049504950495,0.6869117556225737
486,0.4,0.0727272727272727,0.4939494732553553,0.0,0.9983498349834984,0.6700071996375621
487,0.4,0.3818181818181818,0.4939267008513008,0.0,0.9966996699669968,0.6674274696124441
488,0.4,0.1818181818181818,0.4941521722218105,0.0033003300330033,0.9884488448844884,0.6853528087494802
489,0.4,0.2545454545454545,0.4939301539691417,0.0,1.0,0.6675708076807896
490,0.6,0.9454545454545454,0.50607749017715,0.0,1.0,0.6666729661468821
491,0.8,0.1272727272727272,0.5114553672630215,0.0165016501650165,0.9983498349834984,0.784296237279131
492,0.3,0.4727272727272727,0.5060743634361653,0.0049504950495049,0.9983498349834984,0.6672622065004838
493,0.5,0.2727272727272727,0.5060692819067409,0.0,1.0,0.6681655299400707
494,0.3,0.5272727272727272,0.4939234466517423,0.0016501650165016,0.9933993399339934,0.6668448325121232
495,0.5,0.1818181818181818,0.4885351060445875,0.0,1.0,0.9003458410113037
496,0.3,0.1636363636363636,0.5060033877853396,0.0,0.9966996699669968,0.675660865404388
497,0.6,0.0909090909090909,0.4976415499046932,0.0,1.0,0.7263817587222522
498,0.6,0.4181818181818181,0.4939254278649034,0.0,1.0,0.6670263452680247
499,0.6,0.1272727272727272,0.5105361131658762,0.0,1.0,0.7194504220449349
500,0.5,0.6909090909090909,0.5060772462675993,0.0099009900990099,0.9983498349834984,0.6667232901089282
501,0.5,0.9818181818181818,0.4939225113291026,0.0,0.9983498349834984,0.6666700429609776
502,0.7,0.2,0.5114648939554968,0.0132013201320132,0.9933993399339934,0.8054945478303898
503,0.4,0.109090909090909,0.5060524874369803,0.0016501650165016,0.995049504950495,0.6709860927965686
504,0.6,0.3272727272727272,0.5060728656465707,0.0,1.0,0.6675254549367197
505,0.4,0.5272727272727272,0.5060764825918187,0.0,0.9983498349834984,0.6668647927972949
506,0.3,0.9636363636363636,0.5060774664857606,0.0016501650165016,0.9966996699669968,0.6666784660600599
507,0.5,0.2545454545454545,0.5060674916573596,0.0,1.0,0.6683624306358654
508,0.6,0.5272727272727272,0.4939235374268377,0.0,0.9983498349834984,0.6668556143761578
509,0.3,0.5454545454545454,0.4939233620621343,0.0,0.9983498349834984,0.6668269594292233
510,0.2,0.2545454545454545,0.4939295252231859,0.0016501650165016,0.9983498349834984,0.6677697933487443
511,0.5,0.2727272727272727,0.5060694332839522,0.0016501650165016,1.0,0.6682192644681527
512,0.4,0.7090909090909091,0.4939228328224101,0.0,0.9966996699669968,0.6667225118644943
513,0.7,0.7636363636363637,0.5060773624060597,0.0,1.0,0.6666963386314472
514,0.3,0.4909090909090909,0.5060764112846154,0.0016501650165016,0.995049504950495,0.6668881871685919
515,0.7,0.9818181818181818,0.5060774840988748,0.0,1.0,0.6666736637060012
516,0.3,0.9454545454545454,0.4939225379763119,0.0,1.0,0.6666708325153516
517,0.5,0.0727272727272727,0.5060498498585893,0.0,1.0,0.6708987272251861
518,0.2,0.5454545454545454,0.4939238352013184,0.0,0.9917491749174916,0.6668337050186973
519,0.5,0.8363636363636363,0.4939226621573589,0.0,1.0,0.6666911667128511
520,0.5,0.2545454545454545,0.5060668297916305,0.0,1.0,0.6684521216166832
521,0.6,0.1636363636363636,0.5114648939554968,0.0082508250825082,0.9966996699669968,0.9112033805713954
522,0.7,0.2181818181818181,0.4956130219586694,0.0,1.0,0.693546781333359
523,0.5,0.5272727272727272,0.4939235522437915,0.0,0.9966996699669968,0.6668453367409265
524,0.6,0.4181818181818181,0.4939260377366878,0.0082508250825082,0.995049504950495,0.6673120308582021
525,0.2,0.1454545454545454,0.4887051155055812,0.0,1.0,0.7550587954782138
526,0.6,0.2727272727272727,0.5060716530253834,0.0082508250825082,0.9966996699669968,0.6677829260361043
527,0.6,0.1272727272727272,0.506058308434665,0.0,1.0,0.6699855992202771
528,0.5,0.4727272727272727,0.4939245994992449,0.0,0.9983498349834984,0.6669461274931023
529,0.5,0.1818181818181818,0.5050158269060065,0.0,0.9983498349834984,0.698670327582882
530,0.7,0.2363636363636363,0.5058001288869373,0.0115511551155115,0.9966996699669968,0.6887167034887912
531,0.6,0.2545454545454545,0.506065582878629,0.0,1.0,0.6686022252131516
532,0.5,0.1636363636363636,0.5060630932157592,0.0,0.9983498349834984,0.6690766199388632
533,0.6,0.3818181818181818,0.5060737873538632,0.0,0.9983498349834984,0.6673673462368561
534,0.1,0.5454545454545454,0.4939239156650707,0.0,0.99009900990099,0.6668923678030962
535,0.4,0.7090909090909091,0.5060771357352352,0.0016501650165016,0.995049504950495,0.666742231004262
536,0.7,0.3090909090909091,0.4939277677745997,0.0,1.0,0.6673532492806353
537,0.6,0.6,0.5060766933347898,0.0,1.0,0.6668260925862899
538,0.6,0.2363636363636363,0.4952699762923235,0.0,1.0,0.6903024318272912
539,0.5,0.4727272727272727,0.493924578529195,0.0099009900990099,0.99009900990099,0.667083405859795
540,0.4,0.5454545454545454,0.4939233310360602,0.0,1.0,0.6667889306546032
541,0.6,0.6181818181818182,0.5060770219821018,0.0066006600660066,0.9983498349834984,0.6667680319279323
542,0.2,0.0909090909090909,0.4885351746803724,0.0,0.9983498349834984,0.8060338692552149
543,0.7,0.7818181818181819,0.5060773634810238,0.0,1.0,0.6666961110090625
544,0.5,0.1818181818181818,0.5048484862674212,0.0,0.9983498349834984,0.7011863683542323
545,0.4,0.1454545454545454,0.5058853673383408,0.0,0.9983498349834984,0.6846904786745714
546,0.6,0.7090909090909091,0.5060773336124318,0.0,1.0,0.6667011831342434
547,0.6,0.6545454545454545,0.4939229779704777,0.0082508250825082,0.995049504950495,0.6667600751376419
548,0.7,0.9636363636363636,0.4939224904994628,0.0,1.0,0.666667996392695
549,0.8,0.1636363636363636,0.4939949570341181,0.0016501650165016,0.9983498349834984,0.6745320648967942
550,0.6,0.1272727272727272,0.4939444599618118,0.0016501650165016,0.9966996699669968,0.6698278109047401
551,0.4,0.2181818181818181,0.4885351084897876,0.0,1.0,0.8188761114955178
552,0.2,0.0909090909090909,0.4885351482644031,0.0,1.0,0.8055877855604862
553,0.4,0.0727272727272727,0.4939483962848531,0.0099009900990099,1.0,0.6708249290326922
554,0.5,0.0727272727272727,0.4939498080560351,0.0016501650165016,0.9966996699669968,0.6705440702806822
555,0.2,0.109090909090909,0.5049025008755156,0.0,0.99009900990099,0.7264805323927419
556,0.5,0.1636363636363636,0.4939384025292823,0.0,0.9983498349834984,0.668646195137472
557,0.4,0.1272727272727272,0.4939408450516831,0.0016501650165016,0.9966996699669968,0.6695957239802297
558,0.5,0.6,0.5060767609197587,0.0016501650165016,0.995049504950495,0.6668094703047152
559,0.4,0.4545454545454545,0.5060754654945172,0.0082508250825082,0.995049504950495,0.6670771216585245
560,0.5,0.0909090909090909,0.4885870013886828,0.0,1.0,0.7627185303191796
561,0.6,0.9636363636363636,0.5060774724104681,0.0082508250825082,0.9966996699669968,0.6666769919125647
562,0.5,0.6909090909090909,0.4939229145780295,0.0,1.0,0.666736725205572
563,0.4,0.5454545454545454,0.4939240640022335,0.0033003300330033,0.9983498349834984,0.6669443934358755
564,0.4,0.8363636363636363,0.4939226390794076,0.0,1.0,0.6666842561597219
565,0.6,0.5454545454545454,0.4939232232338131,0.0,1.0,0.6667655998575024
566,0.7,0.109090909090909,0.5060569594370008,0.0,1.0,0.6700322170236581
567,0.5,0.8363636363636363,0.4939226032387545,0.0,1.0,0.6666851094028132
568,0.7,0.5454545454545454,0.4939236201674666,0.0,0.9983498349834984,0.6668448967548096
569,0.4,0.1454545454545454,0.4886332638288124,0.0,0.99009900990099,0.7740306608219737
570,0.5,0.1454545454545454,0.4886407743580455,0.0,1.0,0.7696422899815976
571,0.8,0.1636363636363636,0.4939926651138717,0.0115511551155115,1.0,0.6747914593076085
572,0.5,0.2363636363636363,0.5056795341029238,0.0016501650165016,0.9983498349834984,0.6918853416685158
573,0.2,0.1454545454545454,0.488635874364522,0.0,1.0,0.7669248607206118
574,0.3,0.6363636363636364,0.5060769594477651,0.0,1.0,0.6667738952342622
575,0.5,0.6545454545454545,0.4939229893731939,0.0,1.0,0.6667590039401147
576,0.4,0.6,0.5060768261861098,0.0,1.0,0.666796138397312
577,0.7,0.9818181818181818,0.4939224770127937,0.0016501650165016,0.9933993399339934,0.6666662039715645
578,0.6,0.1272727272727272,0.5060605828632743,0.0033003300330033,0.9983498349834984,0.6696190999202558
579,0.4,0.1818181818181818,0.4885351060445032,0.0,1.0,0.6546304065788014
580,0.5,0.2,0.4939368010921892,0.0016501650165016,0.9983498349834984,0.6683790163815775
581,0.5,0.2545454545454545,0.4939301274703199,0.0,0.9983498349834984,0.6680159813069394
582,0.6,0.2,0.5114648939550716,0.0049504950495049,0.995049504950495,0.8902337095738302
583,0.5,0.7636363636363637,0.506077337290558,0.0,0.9983498349834984,0.6667019853733086
584,0.6,0.4909090909090909,0.5060751894995835,0.0,1.0,0.6670888564051077
585,0.5,0.8363636363636363,0.4939226032391219,0.0049504950495049,0.995049504950495,0.6666926472718777
586,0.5,0.8363636363636363,0.5060774320962901,0.0,1.0,0.6666831923444005
587,0.7,1.0,0.5060775247800156,0.0066006600660066,0.9983498349834984,0.6666663816474584
588,0.5,0.4727272727272727,0.5060745439737879,0.0016501650165016,0.9933993399339934,0.6672605845246917
589,0.5,0.8363636363636363,0.4939226484645634,0.0,1.0,0.6666908136426304
590,0.5,0.4181818181818181,0.4939258902448705,0.0,0.995049504950495,0.6672516594696916
591,0.3,0.1818181818181818,0.4885351060445032,0.0,0.9983498349834984,0.8589252906162469
592,0.2,0.0727272727272727,0.5059892526682247,0.0,0.995049504950495,0.6777466872344986
593,0.7,0.3090909090909091,0.4939287163570139,0.0066006600660066,0.9983498349834984,0.6678325144253683
594,0.2,0.0727272727272727,0.5059851353971446,0.0016501650165016,0.99009900990099,0.6785659072603482
595,0.6,0.9454545454545454,0.506077493175358,0.0099009900990099,1.0,0.6666729565606735
596,0.4,0.1818181818181818,0.4941363447996832,0.0,1.0,0.6800221759599946
597,0.7,0.5818181818181818,0.4939232360868111,0.0,1.0,0.6667630223914216
598,0.5,0.6909090909090909,0.4939227573731952,0.0,1.0,0.6666963784854161
599,0.5,1.0,0.4939224808034947,0.0016501650165016,0.9966996699669968,0.666667322814363
600,0.4,0.1636363636363636,0.5059994999017008,0.0016501650165016,0.9933993399339934,0.6769242428838247
601,0.4,0.6363636363636364,0.5060769232710385,0.0,0.9983498349834984,0.6667844689002388
602,0.5,0.1272727272727272,0.4939763309343572,0.0066006600660066,0.995049504950495,0.673192884220124
603,0.2,0.8363636363636363,0.4939226264830179,0.0,1.0,0.6666914016101653
604,0.7,0.9636363636363636,0.4939225505526636,0.0082508250825082,0.9983498349834984,0.6666816053734284
605,0.5,0.9818181818181818,0.4939224761069573,0.0,1.0,0.6666657377568986
606,0.6,0.5454545454545454,0.4939235881591168,0.0,1.0,0.6667962354312145
607,0.6,0.6181818181818182,0.5060770165424311,0.0016501650165016,1.0,0.6667657258392017
608,0.4,0.5272727272727272,0.4939234229100062,0.0,1.0,0.6667691165246807
609,0.2,0.5272727272727272,0.4939233893272776,0.0,0.9983498349834984,0.6667801895186745
610,0.7,0.5272727272727272,0.5060765374026149,0.0049504950495049,1.0,0.6668610253653287
611,0.2,0.0727272727272727,0.5059838201341009,0.0,0.99009900990099,0.678168149413887
612,0.7,0.1272727272727272,0.4940834844127058,0.0,1.0,0.6773113692655488
613,0.4,0.2545454545454545,0.4939300401625361,0.0049504950495049,0.9933993399339934,0.6679974432348085
614,0.6,0.2181818181818181,0.4959472462939205,0.0066006600660066,0.9983498349834984,0.7006385874907647
615,0.6,0.2,0.493937326710405,0.0049504950495049,0.9983498349834984,0.6691793256936535
616,0.3,0.4909090909090909,0.5060764439929205,0.0,0.995049504950495,0.6668798659989398
617,0.6,0.6909090909090909,0.4939228784136282,0.0,1.0,0.6667219868798832
618,0.4,0.109090909090909,0.5060400018299177,0.0,0.9983498349834984,0.6725325116434387
619,0.3,0.1818181818181818,0.4885351060445032,0.0,1.0,0.6752531187724671
620,0.6,0.2727272727272727,0.5060685078502863,0.0033003300330033,1.0,0.6683392709254582
621,0.3,0.109090909090909,0.5060433208602588,0.0,0.9983498349834984,0.6719286728579108
622,0.5,0.6363636363636364,0.5060770297849464,0.0,1.0,0.6667580985787442
623,0.6,0.8363636363636363,0.4939225741605813,0.0082508250825082,0.995049504950495,0.6666834653466176
624,0.5,0.8363636363636363,0.4939225617082217,0.0066006600660066,0.9966996699669968,0.6666827061370536
625,0.5,1.0,0.5060775220525229,0.0,1.0,0.6666665389274672
626,0.5,0.3818181818181818,0.506073542197635,0.0016501650165016,0.9966996699669968,0.6674175380454592
627,0.6,0.9818181818181818,0.4939224774687815,0.0033003300330033,0.9966996699669968,0.6666663789181368
628,0.4,0.3272727272727272,0.5060734861324545,0.0,1.0,0.667404025339273
629,0.7,0.8909090909090909,0.4939224968869261,0.0049504950495049,1.0,0.6666703293477069
630,0.5,1.0,0.4939224805376565,0.0016501650165016,0.9983498349834984,0.6666669133084613
631,0.4,0.6909090909090909,0.506077217477018,0.0,0.9983498349834984,0.6667259228411355
632,0.5,0.2181818181818181,0.493934059413433,0.0016501650165016,1.0,0.6682620541403549
633,0.5,0.2,0.5114648939539682,0.0,0.9983498349834984,0.8416516851258122
634,0.5,0.4909090909090909,0.5060753838801164,0.0,1.0,0.6670758246534962
635,0.5,0.2727272727272727,0.5060673856567611,0.0,0.9983498349834984,0.6684538885891045
636,0.6,0.2181818181818181,0.4983402110157231,0.0,1.0,0.7067016818209508
637,0.2,0.3272727272727272,0.506072275854931,0.0,1.0,0.6675920817055263
638,0.5,0.0363636363636363,0.4939520439312488,0.0066006600660066,0.9966996699669968,0.671333422890777
639,0.7,0.0363636363636363,0.4939670555689469,0.0,0.9983498349834984,0.6715102575007791
640,0.6,0.3818181818181818,0.4939262599179088,0.0,1.0,0.6672044430008538
641,0.8,0.109090909090909,0.4939659358601507,0.0066006600660066,1.0,0.6721093823741432
642,0.7,0.2363636363636363,0.5057838671913579,0.0,1.0,0.6884551066804349
643,0.2,0.0909090909090909,0.4885394449575552,0.0,1.0,0.7865809476292658
644,0.3,0.4909090909090909,0.5060764086947409,0.0,1.0,0.6668736053486379
645,0.5,0.2,0.5114648938258892,0.0016501650165016,0.9966996699669968,0.8194221170126901
646,0.6,0.6181818181818182,0.493922949886152,0.0,0.9983498349834984,0.6667280495531139
647,0.3,0.4545454545454545,0.5060756123177492,0.0033003300330033,0.9917491749174916,0.6670440277634371
648,0.5,0.2363636363636363,0.5042095757592587,0.0049504950495049,0.995049504950495,0.7100090238321904
649,0.6,0.5272727272727272,0.493923545441143,0.0,1.0,0.6668185698419307
650,0.5,0.2,0.4976953445429117,0.0,1.0,0.7212091723309759
651,0.7,0.1272727272727272,0.5114246900967393,0.0033003300330033,0.9966996699669968,0.7709327417830516
652,0.4,0.8363636363636363,0.4939225875131051,0.0016501650165016,1.0,0.6666823969522087
653,0.4,0.0727272727272727,0.5059429109119128,0.0,0.9983498349834984,0.6809500550325124
654,0.4,0.1272727272727272,0.5083945896935187,0.0,1.0,0.7377958714564142
655,0.7,0.1272727272727272,0.5113979049315147,0.0,1.0,0.7498975202387577
656,0.7,0.1272727272727272,0.5105171182434023,0.0033003300330033,1.0,0.7424531565085916
657,0.4,0.1272727272727272,0.4941053244123199,0.0,0.9966996699669968,0.6814792384472965
658,0.4,0.2181818181818181,0.4885353237067958,0.0016501650165016,0.995049504950495,0.8105121623542568
659,0.4,0.9636363636363636,0.4939224839957026,0.0,0.9983498349834984,0.6666666252515966
660,0.4,0.0727272727272727,0.5059146440428776,0.0,1.0,0.6819679262218209
661,0.5,0.1818181818181818,0.4885351060445032,0.0016501650165016,0.9966996699669968,0.7099376407903717
662,0.3,0.1818181818181818,0.5060322690053198,0.0,0.9966996699669968,0.6734370933892747
663,0.3,0.1454545454545454,0.4889590973078281,0.0,0.99009900990099,0.7593607967079129
664,0.4,0.3272727272727272,0.5060722045861246,0.0033003300330033,0.995049504950495,0.6677084407335738
665,0.4,0.1272727272727272,0.4939400639673552,0.0,0.9983498349834984,0.6689769795384757
666,0.9,0.1636363636363636,0.5112440099865664,0.0148514851485148,1.0,0.759134837167833
667,0.4,0.109090909090909,0.5060380179692275,0.0066006600660066,0.99009900990099,0.6729670694063883
668,0.6,0.8909090909090909,0.4939224993909827,0.0016501650165016,0.9966996699669968,0.6666711702573862
669,0.4,0.2545454545454545,0.5060657479708836,0.0,0.9983498349834984,0.668594614406264
670,0.6,0.2,0.5114648939502934,0.0,1.0,0.7904951640906481
671,0.2,0.8909090909090909,0.5060775093683434,0.0,1.0,0.6666690130676844
672,0.5,0.109090909090909,0.5060444030623765,0.0082508250825082,0.9917491749174916,0.6720395661170736
673,0.3,0.109090909090909,0.5046229900060487,0.0,0.99009900990099,0.726448498413891
674,0.5,0.4181818181818181,0.493925728009262,0.0,1.0,0.6670346240431306
675,0.4,0.8363636363636363,0.493922554896935,0.0,1.0,0.6666753787875348
676,0.4,0.109090909090909,0.5063610335674822,0.0,1.0,0.7124671218392835
677,0.4,0.7818181818181819,0.5060774007425328,0.0,1.0,0.6666883853385798
678,0.8,0.1454545454545454,0.5058583340550726,0.0082508250825082,1.0,0.685288921940661
679,0.4,0.1818181818181818,0.4885351060445032,0.0033003300330033,0.9917491749174916,0.8350030342457734
680,0.4,0.2545454545454545,0.4942758388803614,0.0033003300330033,0.9966996699669968,0.6903471309253785
681,0.5,0.2545454545454545,0.4939292284894574,0.0,1.0,0.6675752438850591
682,0.4,0.9090909090909092,0.4939224916788771,0.0,1.0,0.6666681223436169
683,0.4,0.1272727272727272,0.4941223254686645,0.0,0.9983498349834984,0.6803119011045278
684,0.4,0.8909090909090909,0.5060775045296071,0.0,1.0,0.6666703369398355
685,0.4,0.6909090909090909,0.5060772163826391,0.0033003300330033,0.9966996699669968,0.6667282016955965
686,0.7,0.2363636363636363,0.4967813721666394,0.0165016501650165,0.9966996699669968,0.7321313571671131
687,0.3,0.9454545454545454,0.4939225245551815,0.0,0.9966996699669968,0.6666731923575364
688,0.3,0.1818181818181818,0.4942610930483874,0.0,1.0,0.6864187501861991
689,0.6,0.9090909090909092,0.4939224942043337,0.0033003300330033,0.9983498349834984,0.6666690691126549
690,0.5,0.8363636363636363,0.5060774156035075,0.0033003300330033,1.0,0.6666875199384575
691,0.2,0.109090909090909,0.5060405580372993,0.0,1.0,0.6719071819370457
692,0.3,0.8909090909090909,0.5060775024591526,0.0,1.0,0.6666707490324794
693,0.3,0.4909090909090909,0.5060763750259321,0.0033003300330033,0.9933993399339934,0.6668945058933705
694,0.6,0.2363636363636363,0.4950641871679856,0.0033003300330033,0.9983498349834984,0.6992843095620372
695,0.5,0.1818181818181818,0.4885351060445032,0.0,0.9983498349834984,0.7631668522152758
696,0.5,0.1636363636363636,0.5060635231630373,0.0,0.9983498349834984,0.668905442983019
697,0.2,0.3272727272727272,0.4939269081095011,0.0,1.0,0.667305597131553
698,0.6,0.1636363636363636,0.506063123408804,0.0,1.0,0.6690117170084996
699,0.5,0.9818181818181818,0.4939225134813277,0.0,0.9983498349834984,0.6666719495998495
700,0.4,0.2545454545454545,0.4942207302771315,0.0,0.9983498349834984,0.684882043505999
701,0.4,0.2363636363636363,0.4939336872310137,0.0049504950495049,0.995049504950495,0.6686301223096385
702,0.3,0.0909090909090909,0.4885473162125426,0.0,0.9966996699669968,0.7839932132099557
703,0.5,0.5454545454545454,0.4939235498961081,0.0,1.0,0.6668009546866902
704,0.5,0.6909090909090909,0.4939227453251711,0.0,0.9983498349834984,0.6666969440772914
705,0.3,0.2181818181818181,0.4967383460661361,0.0,1.0,0.6991182127812016
706,0.7,0.1272727272727272,0.4885351060445032,0.0049504950495049,1.0,0.5690817007286627
707,0.6,0.9454545454545454,0.5060774916889063,0.0,1.0,0.6666729475308713
708,0.2,0.1454545454545454,0.4887796223895124,0.0,0.9917491749174916,0.7588557899779528
709,0.6,0.2545454545454545,0.494359238400096,0.0,1.0,0.6843606538137299
710,0.7,0.2545454545454545,0.4944105544649475,0.0016501650165016,1.0,0.6889855076875653
711,0.6,0.0909090909090909,0.4969550099734043,0.0,1.0,0.7307717062738234
712,0.6,0.2,0.5114648907998662,0.0,1.0,0.8184179188738735
713,0.4,0.2181818181818181,0.4975069083126683,0.0,1.0,0.6984065942298349
714,0.5,0.3818181818181818,0.5060743595453232,0.0,0.9966996699669968,0.6672804713956034
715,0.4,0.6909090909090909,0.5060772215409792,0.0,0.9966996699669968,0.6667263157933581
716,0.5,0.9454545454545454,0.4939225190318843,0.0033003300330033,0.9966996699669968,0.6666739353082513
717,0.5,0.2727272727272727,0.50607091058305,0.0049504950495049,0.9983498349834984,0.6678906491429626
718,0.4,0.1272727272727272,0.493939996095223,0.0,0.9966996699669968,0.6690943295192924
719,0.8,0.9454545454545454,0.4939225307524335,0.0016501650165016,0.9983498349834984,0.6666745760999155
720,0.4,0.9454545454545454,0.493922524665104,0.0,0.9966996699669968,0.6666749757983872
721,0.3,0.4727272727272727,0.4939250808857621,0.0,1.0,0.6670221053591845
722,0.6,0.6363636363636364,0.5060771408493019,0.0033003300330033,1.0,0.6667400987990789
723,0.4,0.9818181818181818,0.5060775209991171,0.0,1.0,0.6666668903148136
724,0.6,0.8909090909090909,0.493922507004094,0.0,1.0,0.6666701198775118
725,0.5,0.0363636363636363,0.4939511856890479,0.0,1.0,0.6694362802671217
726,0.6,0.109090909090909,0.4939619515576736,0.0,1.0,0.6706173462502273
727,0.6,0.1272727272727272,0.5104173373729559,0.0,1.0,0.7377387402617346
728,0.5,0.0909090909090909,0.4893509039231192,0.0,1.0,0.7529437877414278
729,0.9,0.0363636363636363,0.4939576806464327,0.0132013201320132,1.0,0.6718064742692988
730,0.4,0.1818181818181818,0.5060293350124179,0.0,1.0,0.6730791592813206
731,0.6,0.0909090909090909,0.492335509280721,0.0,1.0,0.7375545355749219
732,0.7,0.4727272727272727,0.5060749731183607,0.0,1.0,0.6671321424305569
733,0.6,0.9454545454545454,0.5060775174069829,0.0,1.0,0.6666677865911502
734,0.5,0.9818181818181818,0.506077519381071,0.0,1.0,0.6666672832714956
735,0.4,0.6181818181818182,0.5060769629884329,0.0,1.0,0.6667741463866234
736,0.6,0.3454545454545454,0.506073124457582,0.0033003300330033,1.0,0.6675092526587939
737,0.5,0.1636363636363636,0.4939389961118281,0.0,1.0,0.668702541487178
738,0.5,0.1636363636363636,0.4916560772110914,0.0,1.0,0.7353612605900882
739,0.5,0.2909090909090909,0.5060708766038877,0.0,1.0,0.6677996034434346
740,0.6,0.9818181818181818,0.5060775180383008,0.0049504950495049,0.9966996699669968,0.6666679977887982
741,0.5,0.2181818181818181,0.4963218949510144,0.0016501650165016,0.9966996699669968,0.7087543712519228
742,0.3,0.5454545454545454,0.4939239686407763,0.0016501650165016,0.99009900990099,0.6669015109533346
743,0.6,0.6909090909090909,0.5060771946736453,0.0,1.0,0.6667297806077349
744,0.5,0.1454545454545454,0.5058895481804749,0.0,1.0,0.6831220639996561
745,0.5,0.5818181818181818,0.4939231221450062,0.0,0.9983498349834984,0.66674141950034
746,0.5,0.8545454545454545,0.5060774479711498,0.0049504950495049,0.9966996699669968,0.6666821138782586
747,0.5,0.3272727272727272,0.4939272409073181,0.0132013201320132,0.9933993399339934,0.6675871230541864
748,0.6,0.2727272727272727,0.506069549790054,0.0,0.9983498349834984,0.668152322613741
749,0.2,0.509090909090909,0.5060756588551302,0.0,0.9983498349834984,0.6670076806748407
750,0.4,0.1818181818181818,0.5046895056721488,0.0066006600660066,0.9867986798679867,0.7063447370323005
751,0.4,0.9090909090909092,0.4939224917576907,0.0,0.9983498349834984,0.666667453425964
752,0.3,0.0909090909090909,0.4965686053293673,0.0,1.0,0.7252728361482245
753,0.5,0.7272727272727273,0.4939226657497069,0.0,1.0,0.6666850696343808
754,0.6,0.8363636363636363,0.5060774217640371,0.0049504950495049,0.9933993399339934,0.6666869323190815
755,0.3,0.1818181818181818,0.506010838891761,0.0033003300330033,0.99009900990099,0.6758008691414378
756,0.3,0.1272727272727272,0.4939406690695421,0.0,0.9966996699669968,0.6694608443206698
757,0.6,0.2181818181818181,0.4939332049185893,0.0,0.9983498349834984,0.6680910468248284
758,0.4,0.9818181818181818,0.4939224762150214,0.0,1.0,0.66666487325243
759,0.4,0.1818181818181818,0.4942324405619234,0.0,1.0,0.6795983494197398
760,0.6,0.9454545454545454,0.4939225277791967,0.0,1.0,0.6666728383129165
761,0.6,0.8363636363636363,0.5060774228134086,0.0033003300330033,0.995049504950495,0.6666866092162815
762,0.4,0.9818181818181818,0.4939225237864293,0.0,1.0,0.6666725956227675
763,0.6,0.9090909090909092,0.4939224953829806,0.0,1.0,0.6666688935099795
764,0.5,0.1818181818181818,0.5040778870442639,0.0,0.9966996699669968,0.7059236284680802
765,0.5,0.9090909090909092,0.4939224900033665,0.0,0.9983498349834984,0.6666677445140934
766,0.3,0.6727272727272727,0.4939228273086145,0.0,1.0,0.6667073050201624
767,0.5,0.509090909090909,0.5060757904704953,0.0016501650165016,0.995049504950495,0.6670024834405819
768,0.5,0.8909090909090909,0.5060775041035495,0.0016501650165016,0.995049504950495,0.6666707296314003
769,0.3,0.9818181818181818,0.506077520873881,0.0,0.9966996699669968,0.6666670257744848
770,0.5,0.4727272727272727,0.4939248110084366,0.0033003300330033,1.0,0.6670494327723846
771,0.6,0.2181818181818181,0.4939320948117052,0.0016501650165016,1.0,0.6681801412132666
772,0.6,0.6727272727272727,0.4939228743244545,0.0049504950495049,0.9933993399339934,0.6667445317751238
773,0.7,0.1818181818181818,0.5114648939554968,0.0,1.0,0.8425198511226798
774,0.6,0.2181818181818181,0.5114648853268873,0.0033003300330033,0.9966996699669968,0.8005140158217885
775,0.4,0.6,0.5060768302205781,0.0016501650165016,0.9983498349834984,0.6668010316839813
776,0.6,0.8363636363636363,0.4939226188840155,0.0033003300330033,0.995049504950495,0.6666957675948233
777,0.6,0.8909090909090909,0.5060774989743742,0.0,1.0,0.6666711634274797
778,0.6,0.9454545454545454,0.4939224876901232,0.0,1.0,0.6666663839547241
779,0.4,0.1818181818181818,0.4941689367543387,0.0,0.9933993399339934,0.6862563735303665
780,0.5,0.2181818181818181,0.4939321190615816,0.0,1.0,0.6681029653128872
781,0.6,0.7090909090909091,0.5060773328417074,0.0016501650165016,0.9966996699669968,0.6667044752242384
782,0.8,0.2,0.4939353538163689,0.0,1.0,0.6683006720865305
783,0.5,0.2,0.4947612844119201,0.0016501650165016,0.9983498349834984,0.6976887048366941
784,0.4,0.2727272727272727,0.4939314235906827,0.0,1.0,0.6676373487639506
785,0.6,0.1636363636363636,0.5114648939554968,0.0049504950495049,0.9966996699669968,0.9130328174590052
786,0.6,0.0363636363636363,0.4939548976173089,0.0,1.0,0.6702216517353657
787,0.6,0.5272727272727272,0.4939235516733697,0.0115511551155115,0.9983498349834984,0.6668767271619458
788,0.5,0.3272727272727272,0.4939280852852148,0.0,1.0,0.6672584297134386
789,0.7,0.1272727272727272,0.5060599190171482,0.0,1.0,0.669713875440644
790,0.3,0.0909090909090909,0.4885466913478913,0.0,1.0,0.7804373722390013
791,0.6,0.109090909090909,0.4939463858796813,0.0049504950495049,0.9966996699669968,0.670400098766703
792,0.4,0.1818181818181818,0.5060173975263328,0.0,0.9966996699669968,0.6747233352684916
793,0.5,0.8363636363636363,0.4939225754987458,0.0016501650165016,0.9983498349834984,0.666682824078124
794,0.3,0.0909090909090909,0.4885523904737179,0.0,1.0,0.7721763628787913
795,0.3,0.6909090909090909,0.493922708549898,0.0,0.9983498349834984,0.6667051180203294
796,0.6,0.1818181818181818,0.5048894375903419,0.0082508250825082,0.9917491749174916,0.7035259961742673
797,0.5,0.4909090909090909,0.5060763090998375,0.0,1.0,0.6668897301019653
798,0.3,0.0909090909090909,0.4885356618357623,0.0,0.9983498349834984,0.8002596188665906
799,0.3,0.1272727272727272,0.4885503505897837,0.0016501650165016,0.9966996699669968,0.7862436806966245
800,0.3,0.5454545454545454,0.4939239343543814,0.0,0.9917491749174916,0.6668837458830136
801,0.4,0.9454545454545454,0.4939225198802253,0.0,1.0,0.6666718020447882
802,0.5,0.2,0.5114648938408776,0.0,1.0,0.8037200829855402
803,0.3,0.2545454545454545,0.5060638002304887,0.0,1.0,0.6688863784327765
804,0.4,0.0727272727272727,0.493950300949632,0.0,1.0,0.6703010574310738
805,0.6,0.6545454545454545,0.5060769807003029,0.0033003300330033,1.0,0.666775150774788
806,0.7,0.8363636363636363,0.5060773520523787,0.0066006600660066,1.0,0.6667008885570449
807,0.6,0.1272727272727272,0.492532967439707,0.0115511551155115,0.9966996699669968,0.7392482914001614
808,0.4,0.9636363636363636,0.4939224852830446,0.0,1.0,0.6666665026979968
809,0.6,0.6909090909090909,0.5060772390228099,0.0,0.9983498349834984,0.6667232283321011
810,0.2,0.9454545454545454,0.4939225222382121,0.0,0.9983498349834984,0.6666713749998878
811,0.5,0.0363636363636363,0.4939508656109888,0.0,1.0,0.6696558510619386
812,0.4,0.0363636363636363,0.4939502258396955,0.0,1.0,0.6700423504974486
813,0.5,0.1818181818181818,0.4885351060445032,0.0,1.0,0.8386297885456814
814,0.4,0.3818181818181818,0.506073674742191,0.0049504950495049,0.9933993399339934,0.6674045146140716
815,0.7,0.1272727272727272,0.4885351060445032,0.0033003300330033,1.0,0.5564686398087876
816,0.6,0.3454545454545454,0.5060727997690511,0.0,1.0,0.66754688907444
817,0.6,0.8545454545454545,0.5060774444090557,0.0016501650165016,0.9966996699669968,0.6666828799888234
818,0.7,0.3818181818181818,0.5060742679542437,0.0082508250825082,0.9966996699669968,0.6672675164092279
819,0.4,0.9636363636363636,0.4939225407161175,0.0,0.9966996699669968,0.6666765209208341
820,0.7,1.0,0.5060775222450096,0.0,1.0,0.6666666275993729
821,0.5,0.0727272727272727,0.4939496091141822,0.0,1.0,0.6701185127970104
822,0.4,0.1818181818181818,0.5047066781232445,0.0,0.9884488448844884,0.7056170205994928
823,0.5,0.8545454545454545,0.4939225886714694,0.0016501650165016,1.0,0.6666816914879459
824,0.4,0.0727272727272727,0.5060537575119877,0.0,0.9983498349834984,0.6706645995517
825,0.6,0.2363636363636363,0.5058035811057396,0.0,1.0,0.6872889243218503
826,0.4,0.109090909090909,0.5067901850522237,0.0,0.9966996699669968,0.7210618316059032
827,0.6,0.9454545454545454,0.5060775133487492,0.0,1.0,0.6666683107665332
828,0.5,0.5454545454545454,0.4939233291883009,0.0,1.0,0.6668039937318176
829,0.4,0.8909090909090909,0.5060775074791185,0.0,0.9966996699669968,0.6666694610755216
830,0.2,0.0727272727272727,0.5059679268912984,0.0,0.9966996699669968,0.6778385592724369
831,0.6,0.2181818181818181,0.5014400762256424,0.0,1.0,0.7042416617154623
832,0.6,0.1272727272727272,0.49394253897697,0.0016501650165016,0.9966996699669968,0.6699683110301835
833,0.4,0.2181818181818181,0.4885351115159988,0.0,1.0,0.8221629219208029
834,0.4,0.109090909090909,0.5060378730394914,0.0016501650165016,0.9933993399339934,0.6729974985885729
835,0.5,0.5818181818181818,0.4939230995342151,0.0099009900990099,0.9933993399339934,0.6667877394722936
836,0.4,0.6181818181818182,0.50607713702093,0.0,1.0,0.6667357810853352
837,0.6,0.2545454545454545,0.5060664190172672,0.0,1.0,0.668571649494262
838,0.6,0.3818181818181818,0.493926216628644,0.0,1.0,0.6671951640843046
839,0.6,0.3818181818181818,0.4939264719205766,0.0049504950495049,0.9983498349834984,0.6673968128117593
840,0.7,0.109090909090909,0.493963335746336,0.0066006600660066,1.0,0.6728637234984659
841,0.7,0.1272727272727272,0.5114648939554968,0.0,1.0,0.6895099826941816
842,0.4,0.9818181818181818,0.4939225049829197,0.0,1.0,0.6666685865145533
843,0.4,0.8909090909090909,0.5060775077012183,0.0,0.9966996699669968,0.6666695834775787
844,0.5,0.4545454545454545,0.5060755305029202,0.0,1.0,0.6670528069736233
845,0.4,0.1818181818181818,0.4885351060445032,0.0016501650165016,0.995049504950495,0.8944750762863953
846,0.1,0.5454545454545454,0.4939238985278165,0.0,0.9917491749174916,0.666828635162083
847,0.6,0.9454545454545454,0.5060774920293509,0.0,0.9983498349834984,0.6666731734281123
848,0.4,0.2545454545454545,0.5060657250152665,0.0,0.9983498349834984,0.6687349575902127
849,0.4,0.6181818181818182,0.5060770396206685,0.0,0.9983498349834984,0.6667559989860616
850,0.3,0.6727272727272727,0.4939228218439624,0.0,0.995049504950495,0.6667244626300761
851,0.5,0.6181818181818182,0.4939229677002457,0.0,0.9983498349834984,0.666729231021139
852,0.7,0.6181818181818182,0.4939231803562905,0.0049504950495049,0.9983498349834984,0.6667994339436877
853,0.3,0.9636363636363636,0.5060774688492975,0.0016501650165016,0.9933993399339934,0.6666777374300636
854,0.3,0.0727272727272727,0.5059193552920163,0.0,1.0,0.6816352439874311
855,0.5,0.1818181818181818,0.4885351060445112,0.0,1.0,0.9087111565840214
856,0.4,0.1636363636363636,0.4939397295157262,0.0033003300330033,0.9917491749174916,0.6693137621752302
857,0.3,0.8909090909090909,0.4939225011202537,0.0,1.0,0.6666691063623983
858,0.2,0.0727272727272727,0.5059858083192188,0.0,0.9966996699669968,0.6776603420259324
859,0.5,0.3090909090909091,0.4939283230152722,0.0033003300330033,1.0,0.6676743971302554
860,0.8,0.0727272727272727,0.4939992708824308,0.0066006600660066,1.0,0.6747633713440919
861,0.5,0.109090909090909,0.5070158045547486,0.0132013201320132,0.9966996699669968,0.7345234484202606
862,0.5,0.2363636363636363,0.5053456770706272,0.0049504950495049,0.9966996699669968,0.6985535602420914
863,0.3,0.9454545454545454,0.4939225251869579,0.0033003300330033,0.9917491749174916,0.666674703024053
864,0.5,0.5454545454545454,0.4939236756009393,0.0,0.9983498349834984,0.6668637037478675
865,0.6,0.3818181818181818,0.5060725930836769,0.0,1.0,0.6675561233632352
866,0.5,0.1636363636363636,0.4939391751569617,0.0033003300330033,0.9933993399339934,0.6693831379501278
867,0.4,0.1818181818181818,0.4941676420364043,0.0,1.0,0.6804733034456906
868,0.6,0.2727272727272727,0.5060695563455104,0.0,1.0,0.6681353116482563
869,0.4,0.1636363636363636,0.5114648939553924,0.0,0.9983498349834984,0.7960060512654223
870,0.5,0.7090909090909091,0.5060771272674536,0.0016501650165016,0.9966996699669968,0.6667430520105992
871,0.4,0.0727272727272727,0.4939490668995452,0.0,1.0,0.67011045114968
872,0.8,1.0,0.5060775161525819,0.0066006600660066,0.9966996699669968,0.6666683696980199
873,0.5,0.4727272727272727,0.506074476414399,0.0,0.9983498349834984,0.6672586794227967
874,0.7,0.109090909090909,0.4939595159960432,0.0,1.0,0.671541798838526
875,0.7,0.9636363636363636,0.506077460508157,0.0099009900990099,1.0,0.666679002134449
876,0.4,0.0727272727272727,0.5060458275222656,0.0,1.0,0.6717247979668012
877,0.6,0.6181818181818182,0.5060770276912687,0.0,1.0,0.6667644496827483
878,0.3,0.0727272727272727,0.5059587559405958,0.0033003300330033,0.995049504950495,0.6801689370661912
879,0.5,0.5454545454545454,0.4939237203867048,0.0016501650165016,0.995049504950495,0.6668862282975153
880,0.4,0.6181818181818182,0.4939229369014806,0.0,1.0,0.6667223352698881
881,0.4,0.1818181818181818,0.4885351060445032,0.0016501650165016,0.9917491749174916,0.7264550775563685
882,0.5,0.2,0.4939364257857489,0.0033003300330033,0.9983498349834984,0.6685556817094944
883,0.2,0.2727272727272727,0.5060724270997818,0.0,0.9983498349834984,0.6675881522214117
884,0.7,0.1272727272727272,0.4916445185532114,0.0066006600660066,0.9983498349834984,0.7435043115442443
885,0.6,0.9818181818181818,0.5060775176501036,0.0016501650165016,0.9966996699669968,0.6666679558899292
886,0.7,0.1272727272727272,0.5114310736396297,0.0066006600660066,0.9966996699669968,0.7700783224911888
887,0.4,0.8363636363636363,0.4939226238440517,0.0,0.9966996699669968,0.6666937985423399
888,0.7,0.1818181818181818,0.5114648939554968,0.0033003300330033,1.0,0.9083578605187316
889,0.5,0.4727272727272727,0.49392447109153,0.0,0.9983498349834984,0.6669837115548605
890,0.6,0.8909090909090909,0.4939224961714925,0.0,1.0,0.6666670071924146
891,0.6,0.9818181818181818,0.5060775250140302,0.0,1.0,0.6666661982898413
892,0.6,0.7818181818181819,0.5060773808423675,0.0,1.0,0.6666930581838739
893,0.7,0.2,0.4885351060445032,0.0033003300330033,0.9983498349834984,0.6899737698129014
894,0.7,0.0727272727272727,0.4940054325743791,0.0,1.0,0.6722354595717628
895,0.5,0.6363636363636364,0.506077101673727,0.0,1.0,0.666748705588156
896,0.5,0.9454545454545454,0.4939225172583411,0.0,1.0,0.6666720106130777
897,0.2,0.0909090909090909,0.4885437932261819,0.0049504950495049,0.9966996699669968,0.7885190204669958
898,0.4,0.2,0.4948818769890111,0.0016501650165016,1.0,0.6967699090566282
899,0.5,0.8909090909090909,0.4939225001378908,0.0016501650165016,1.0,0.6666688990084599
900,0.3,0.1818181818181818,0.4885351060445032,0.0,1.0,0.8694663063068633
901,0.4,0.8363636363636363,0.4939225954325135,0.0049504950495049,0.9966996699669968,0.6666892239661676
902,0.3,0.0727272727272727,0.5060040190120622,0.0,0.9966996699669968,0.675605426660432
903,0.6,0.3272727272727272,0.5060726351929978,0.0016501650165016,1.0,0.6675493997425194
904,0.5,0.109090909090909,0.5026489769070558,0.0033003300330033,0.9966996699669968,0.7293529472500123
905,0.4,0.1454545454545454,0.4885914785444915,0.0,1.0,0.7696162314950697
906,0.5,0.4727272727272727,0.5060753662189106,0.0,0.9983498349834984,0.6670832850208032
907,0.7,0.6181818181818182,0.5060766984608267,0.0016501650165016,1.0,0.6668204520834081
908,0.5,0.9818181818181818,0.4939225556227675,0.0016501650165016,0.9983498349834984,0.6666786282960583
909,0.8,0.5272727272727272,0.4939236029894098,0.0033003300330033,1.0,0.6668657822381386
910,0.5,0.8545454545454545,0.5060774428859859,0.0049504950495049,0.995049504950495,0.6666829025861578
911,0.7,0.2545454545454545,0.4943411818881982,0.0066006600660066,0.9966996699669968,0.6865621363290281
912,0.3,0.1818181818181818,0.4885351060445032,0.0,1.0,0.7292304948622516
913,0.4,0.2,0.5047157395817446,0.0,1.0,0.7016958166880229
914,0.3,0.2181818181818181,0.5033483982752278,0.0,0.9933993399339934,0.7252733451681458
915,0.6,0.2545454545454545,0.5060650444971917,0.0016501650165016,0.995049504950495,0.6688675251919192
916,0.5,0.7636363636363637,0.5060773133591272,0.0016501650165016,1.0,0.6667066851732066
917,0.2,0.2181818181818181,0.5047804992092085,0.0,1.0,0.7056404658617758
918,0.8,0.9454545454545454,0.5060774972790719,0.0099009900990099,1.0,0.6666719597130583
919,0.3,0.8909090909090909,0.506077503197996,0.0,1.0,0.6666706813434071
920,0.6,0.2545454545454545,0.4943186986195993,0.0,1.0,0.6851128519012756
921,0.6,0.2,0.5114648913777844,0.0,1.0,0.7548987884131669
922,0.6,0.2,0.4939345634191048,0.0033003300330033,0.9966996699669968,0.6683713425288319
923,0.4,0.9454545454545454,0.5060775118418365,0.0033003300330033,0.9933993399339934,0.6666691640794914
924,0.4,0.6181818181818182,0.5060770970198678,0.0,1.0,0.666746978357345
925,0.3,0.7272727272727273,0.4939226956488716,0.0,1.0,0.6666959165842014
926,0.6,0.509090909090909,0.5060758145689386,0.0,1.0,0.6669834215772515
927,0.5,0.2363636363636363,0.4979312740913144,0.0016501650165016,1.0,0.7094326016428937
928,0.4,0.0909090909090909,0.4996831726525345,0.0,1.0,0.7201958047675128
929,0.6,0.6909090909090909,0.4939227644306643,0.0016501650165016,1.0,0.6667117927006484
930,0.5,0.8363636363636363,0.4939225739830015,0.0,1.0,0.6666797970175355
931,0.7,0.2181818181818181,0.5114636667202609,0.0033003300330033,0.9983498349834984,0.7921569294047627
932,0.4,0.8545454545454545,0.5060774494364064,0.0,1.0,0.6666808520742258
933,0.7,0.2727272727272727,0.5060672472160318,0.0016501650165016,0.9983498349834984,0.6685762633509336
934,0.3,0.9454545454545454,0.4939225253590737,0.0,0.995049504950495,0.6666743498586453
935,0.5,0.9818181818181818,0.5060775224391834,0.0066006600660066,0.9983498349834984,0.6666669343102783
936,0.5,0.3272727272727272,0.493927310766503,0.0016501650165016,0.995049504950495,0.6675295138074189
937,0.8,0.3454545454545454,0.5060731575847655,0.0115511551155115,0.9966996699669968,0.6675222857530129
938,0.5,0.2181818181818181,0.4885351063659103,0.0066006600660066,0.9983498349834984,0.8528602223909609
939,0.3,0.5454545454545454,0.4939240869976543,0.0,1.0,0.6669088721388537
940,0.4,0.9636363636363636,0.5060774496660301,0.0,0.9983498349834984,0.6666811218796261
941,0.4,0.6363636363636364,0.506076935120555,0.0,1.0,0.6667770129868885
942,0.7,0.1272727272727272,0.5112666307808995,0.0,1.0,0.7451193431494336
943,0.4,0.9818181818181818,0.5060774463907529,0.0,1.0,0.6666808317683888
944,0.5,0.4727272727272727,0.5060746843224995,0.0016501650165016,1.0,0.6672065894519311
945,0.2,0.5454545454545454,0.4939238221231168,0.0016501650165016,0.9884488448844884,0.666930924637963
946,0.3,0.4363636363636363,0.4939257515255013,0.0,0.9966996699669968,0.667182280262204
947,0.5,0.1454545454545454,0.505895094914236,0.0,0.9983498349834984,0.6834890330438306
948,0.6,0.8545454545454545,0.5060774064967752,0.0,1.0,0.6666888917844785
949,0.4,0.109090909090909,0.5060383661946419,0.0,0.9983498349834984,0.6723177051094954
950,0.6,0.5454545454545454,0.4939241935152597,0.0,1.0,0.6669464435294808
951,0.5,0.509090909090909,0.4939242172526179,0.0,1.0,0.6669527816819834
952,0.6,0.0727272727272727,0.5060483687642017,0.0066006600660066,0.995049504950495,0.6715063059813949
953,0.2,0.1818181818181818,0.4885351196300032,0.0,0.9983498349834984,0.8101951404137918
954,0.5,0.0363636363636363,0.4939525997841906,0.0,1.0,0.6691470883465634
955,0.4,0.2,0.5060639255930682,0.0,0.9983498349834984,0.669046471320085
956,0.4,0.109090909090909,0.5060536789662925,0.0,0.995049504950495,0.6706852584012482
957,0.2,0.1454545454545454,0.4887589825971441,0.0,1.0,0.7611118929723827
958,0.7,0.7090909090909091,0.5060772857398874,0.0016501650165016,1.0,0.666712360367983
959,0.5,0.109090909090909,0.5064852746612135,0.0,1.0,0.7127756828526051
960,0.5,0.6,0.5060767558945041,0.0016501650165016,1.0,0.6668066899173383
961,0.4,0.0727272727272727,0.5060046503969442,0.0,0.9966996699669968,0.6760971992757926
962,0.6,0.2545454545454545,0.4939290699754557,0.0,1.0,0.6674836305517601
963,0.5,0.1636363636363636,0.5114648939554968,0.0,0.995049504950495,0.7763847519452024
964,0.4,0.1818181818181818,0.4885351060445032,0.0049504950495049,0.9983498349834984,0.932458858225662
965,0.6,0.1272727272727272,0.4919808249876878,0.0016501650165016,1.0,0.7433091996274643
966,0.4,0.509090909090909,0.5060757647264487,0.0033003300330033,0.99009900990099,0.6670174509583587
967,0.4,0.1818181818181818,0.4885351060445032,0.0,1.0,0.8346396189008423
968,0.3,0.1454545454545454,0.4888911232905795,0.0016501650165016,0.99009900990099,0.7635674647695614
969,0.7,0.1272727272727272,0.5060579305115345,0.0,1.0,0.6698803620747016
970,0.4,0.1636363636363636,0.4939406044043859,0.0049504950495049,0.99009900990099,0.6697883765626848
971,0.6,0.6,0.5060768612300736,0.0,1.0,0.666794889706017
972,0.4,0.2363636363636363,0.5055144101925075,0.0016501650165016,0.9966996699669968,0.6951717089602841
973,0.5,0.1272727272727272,0.4939424186425396,0.0,1.0,0.6695541069905447
974,0.7,0.4181818181818181,0.4939256277610313,0.0,1.0,0.6670591090094575
975,0.5,0.9636363636363636,0.4939224841330311,0.0016501650165016,0.9983498349834984,0.6666674175282754
976,0.3,0.8363636363636363,0.4939226364981597,0.0016501650165016,0.9983498349834984,0.6666936891237193
977,0.5,0.4909090909090909,0.5060752197843378,0.0033003300330033,0.9966996699669968,0.6671144556776624
978,0.2,0.109090909090909,0.5060420018829934,0.0,0.9983498349834984,0.6719418609092115
979,0.6,0.4545454545454545,0.506075240603249,0.0,1.0,0.6670907093933591
980,0.3,0.2545454545454545,0.5060657477608037,0.0,0.9983498349834984,0.6686963578592297
981,0.5,0.1272727272727272,0.5114648939554968,0.0,1.0,0.6163217433068051
982,0.1,0.5454545454545454,0.4939238438969001,0.0,0.9867986798679867,0.6668831682732663
983,0.3,0.2181818181818181,0.4968418572397356,0.0,0.9983498349834984,0.7086679737040469
984,0.4,0.2181818181818181,0.4885365665296731,0.0,1.0,0.7892669771410424
985,0.4,0.109090909090909,0.5060442999191292,0.0,0.9933993399339934,0.6720055255913163
986,0.2,0.109090909090909,0.5060426476164871,0.0016501650165016,0.9884488448844884,0.6722950047809702
987,0.7,0.109090909090909,0.4939613895632281,0.0016501650165016,1.0,0.6717149083979831
988,0.5,0.8909090909090909,0.5060775041274785,0.0,1.0,0.6666700183546815
989,0.4,0.1818181818181818,0.5047423607749897,0.0,0.9966996699669968,0.7028412641626308
990,0.6,0.1818181818181818,0.5114648939554968,0.0049504950495049,0.9983498349834984,0.8718603106326128
991,0.6,0.5272727272727272,0.4939234872775015,0.0033003300330033,0.9983498349834984,0.6668389574713608
992,0.3,0.109090909090909,0.5047897437858323,0.0,1.0,0.7102333546797261
993,0.6,0.4727272727272727,0.4939245579899884,0.0016501650165016,0.995049504950495,0.6670432504236936
994,0.7,0.2,0.4939356640675579,0.0082508250825082,0.9983498349834984,0.6686776147948901
995,0.2,0.4545454545454545,0.5060756125919389,0.0,0.99009900990099,0.6670514176339247
996,0.3,0.5454545454545454,0.4939237990423686,0.0,0.9966996699669968,0.6668938887667163
997,0.3,0.4181818181818181,0.493925852437111,0.0,1.0,0.6671462229397961
998,0.3,0.1818181818181818,0.4941546539215999,0.0033003300330033,0.9917491749174916,0.6842372926230509
999,0.5,0.2181818181818181,0.4885358513648693,0.0033003300330033,0.9983498349834984,0.8071708179287013
1000,0.3,0.1818181818181818,0.5060327390369468,0.0033003300330033,0.9966996699669968,0.6734466294408492
1001,0.3,0.3272727272727272,0.5060722693351312,0.0,0.9966996699669968,0.6676873561919233
1002,0.4,0.1818181818181818,0.5060008635232653,0.0,0.9983498349834984,0.675875216044967
1003,0.6,0.5454545454545454,0.4939241939901064,0.0,0.9983498349834984,0.6668932269523882
1004,0.5,0.4181818181818181,0.4939257300175218,0.0,1.0,0.667227368298675
1005,0.4,0.4909090909090909,0.5060763304411027,0.0,1.0,0.6668914181450304
1006,0.8,0.2363636363636363,0.5031518355092937,0.0115511551155115,0.9983498349834984,0.7130182683942935
1007,0.6,0.2363636363636363,0.4950607959752049,0.0,1.0,0.6907124012073036
1008,0.5,0.3454545454545454,0.5060736979707481,0.0,1.0,0.6674029910518356
1009,0.8,0.1636363636363636,0.5060597094082679,0.0099009900990099,1.0,0.6697961093949651
1010,0.4,0.109090909090909,0.5060384804898019,0.0,0.9983498349834984,0.6725694975894438
1011,0.3,0.4909090909090909,0.5060764019552308,0.0,0.9983498349834984,0.6668825569463046
1012,0.4,0.3818181818181818,0.5060745285713567,0.0,1.0,0.6672328058709385
1013,0.6,0.1272727272727272,0.4885351060445032,0.0,1.0,0.5237759704429279
1014,0.6,0.1272727272727272,0.5114648939554968,0.0016501650165016,1.0,0.6797096291647545
1015,0.6,0.1454545454545454,0.5058497415150621,0.0,0.9983498349834984,0.6841280426469006
1016,0.7,0.2545454545454545,0.4939289648441227,0.0049504950495049,0.9983498349834984,0.6677472856452176
1017,0.4,0.3272727272727272,0.4939272379801707,0.0,0.995049504950495,0.6675191596683475
1018,0.4,0.2181818181818181,0.4964072499146311,0.0,0.995049504950495,0.7090518162039698
1019,0.6,0.2363636363636363,0.5056681952738995,0.0,1.0,0.6914458019688574
1020,0.5,0.2727272727272727,0.4939320853779562,0.0016501650165016,1.0,0.6682875039472249
1021,0.5,0.6545454545454545,0.4939230270203611,0.0,0.9983498349834984,0.6667556888433387
1022,0.3,0.1818181818181818,0.4942213898729324,0.0,0.9966996699669968,0.6831105808197999
1023,0.6,0.9454545454545454,0.5060774944612807,0.0,1.0,0.6666717136966701
1024,0.6,0.3272727272727272,0.5060727050820508,0.0,1.0,0.6675180251915872
1025,0.5,0.0727272727272727,0.5060514710810076,0.0,1.0,0.670886729866254
1026,0.4,0.1818181818181818,0.4885351060445032,0.0033003300330033,0.9966996699669968,0.9053386254936736
1027,0.6,0.2727272727272727,0.4939324435873435,0.0,1.0,0.6682030618018824
1028,0.4,0.3818181818181818,0.4939269909728107,0.0,0.995049504950495,0.6674012282173157
1029,0.7,0.8,0.5060773505598709,0.0033003300330033,1.0,0.6666997309464129
1030,0.7,0.2181818181818181,0.500375536615272,0.0016501650165016,1.0,0.7176189579361741
1031,0.4,0.9818181818181818,0.4939225084895154,0.0049504950495049,0.995049504950495,0.6666732623676374
1032,0.7,0.7636363636363637,0.5060773258084813,0.0,1.0,0.6667034490723485
1033,0.4,0.3090909090909091,0.5060712209475551,0.0,1.0,0.6678520772682085
1034,0.3,0.4727272727272727,0.5060745883781341,0.0016501650165016,0.995049504950495,0.6672423292095567
1035,0.5,0.9818181818181818,0.5060774440911167,0.0,1.0,0.6666816087946943
1036,0.6,0.1818181818181818,0.5060245790903877,0.0082508250825082,0.9933993399339934,0.6743320449082892
1037,0.6,0.7090909090909091,0.5060772718857203,0.0,0.9983498349834984,0.6667155438814942
1038,0.5,0.4909090909090909,0.5060763354116171,0.0033003300330033,0.9933993399339934,0.6669018782970539
1039,0.5,0.2545454545454545,0.5060640592074803,0.0016501650165016,0.9983498349834984,0.6690864089739371
1040,0.7,0.9454545454545454,0.5060775082982117,0.0082508250825082,0.9983498349834984,0.6666696113792865
1041,0.6,0.2,0.4939361544246829,0.0,1.0,0.6684102276365643
1042,0.3,0.3818181818181818,0.49392698592893,0.0016501650165016,0.995049504950495,0.6675128268226805
1043,0.6,0.1272727272727272,0.5060552131550837,0.0033003300330033,1.0,0.6702040293929853
1044,0.5,0.9636363636363636,0.4939224824794989,0.0,1.0,0.6666672429094586
1045,0.5,0.6181818181818182,0.506077116132247,0.0,0.9983498349834984,0.6667422682873932
1046,0.6,0.2727272727272727,0.5060679385145086,0.0,1.0,0.6683225534434348
1047,0.5,0.4727272727272727,0.4939246835305568,0.0,1.0,0.6669720392652567
1048,0.3,0.9636363636363636,0.5060774670188886,0.0,0.9966996699669968,0.6666785947772488
1049,0.6,0.1272727272727272,0.4940553942185219,0.0,0.9983498349834984,0.6779634184679296
1050,0.8,0.5636363636363636,0.4939242931916148,0.0066006600660066,1.0,0.6669351474117428
1051,0.4,0.109090909090909,0.5060522089941193,0.0,0.995049504950495,0.6710029312038294
1052,0.7,0.9636363636363636,0.493922548395072,0.0,1.0,0.6666780578531512
1053,0.7,0.7090909090909091,0.5060771598954508,0.0082508250825082,0.9983498349834984,0.6667400952367799
1054,0.4,0.8363636363636363,0.493922591850277,0.0,1.0,0.666678433477809
1055,0.5,0.1636363636363636,0.4939362886702223,0.0,0.9983498349834984,0.6684124123225819
1056,0.4,0.1454545454545454,0.4890114223048414,0.0,0.9966996699669968,0.7584086822499915
1057,0.4,0.2545454545454545,0.4939299445680519,0.0,0.9966996699669968,0.6679277697326517
1058,0.6,0.8545454545454545,0.4939225852937144,0.0,1.0,0.6666835239522317
1059,0.4,0.9818181818181818,0.4939225109453243,0.0,0.9966996699669968,0.6666704819602902
1060,0.8,0.1636363636363636,0.5060597389349915,0.0,1.0,0.6695373558561997
1061,0.4,0.3272727272727272,0.5060719824294385,0.0033003300330033,0.9933993399339934,0.6677111790373239
1062,0.5,0.1272727272727272,0.4940665338694565,0.0066006600660066,0.9966996699669968,0.679656961635977
1063,0.7,0.1636363636363636,0.4939868578253654,0.0,1.0,0.6725011288707343
1064,0.4,0.4545454545454545,0.5060754415997017,0.0,0.9983498349834984,0.6670620498878258
1065,0.5,0.9454545454545454,0.5060775111482743,0.0016501650165016,0.9966996699669968,0.6666691268045355
1066,0.5,0.8909090909090909,0.506077506527999,0.0,0.9966996699669968,0.6666700471504171
1067,0.4,0.2727272727272727,0.5060725366338223,0.0,0.9983498349834984,0.6675610316863887
1068,0.5,0.8363636363636363,0.493922646242692,0.0033003300330033,0.9917491749174916,0.6666986400830316
1069,0.5,0.5454545454545454,0.4939242069462167,0.0,1.0,0.6669019160869719
1070,0.5,0.1272727272727272,0.5073682864792736,0.0,0.9983498349834984,0.7240987665902543
1071,0.6,0.6909090909090909,0.5060771432497577,0.0033003300330033,1.0,0.6667423097621085
1072,0.5,0.3272727272727272,0.5060716291924496,0.0,1.0,0.6677021933333949
1073,0.7,0.7818181818181819,0.5060773972732049,0.0,1.0,0.6666910810556521
1074,0.5,0.9818181818181818,0.4939225361371724,0.0,1.0,0.6666741714330391
1075,0.3,0.4545454545454545,0.5060757971516638,0.0,0.9983498349834984,0.666989364221049
1076,0.3,0.0727272727272727,0.5059981984514794,0.0,0.9983498349834984,0.6761322207473192
1077,0.3,0.1818181818181818,0.4885351060445032,0.0,0.9983498349834984,0.7496855357216867
1078,0.3,0.2,0.504590518763498,0.0,0.9933993399339934,0.7039614356379512
1079,0.4,0.2181818181818181,0.498111299600557,0.0,1.0,0.695030495963094
1080,0.6,0.9818181818181818,0.4939224815208045,0.0016501650165016,0.9983498349834984,0.6666672308665879
1081,0.4,0.2181818181818181,0.4976735140961186,0.0049504950495049,0.9966996699669968,0.7136434940891041
1082,0.3,0.4727272727272727,0.4939250394597185,0.0,1.0,0.6671250813498032
1083,0.5,0.8363636363636363,0.4939225645508939,0.0,1.0,0.666676811370647
1084,0.4,0.8363636363636363,0.4939226381093112,0.0033003300330033,0.995049504950495,0.6666956640036471
1085,0.5,0.8181818181818182,0.5060773904509237,0.0,0.9983498349834984,0.6666921702447575
1086,0.6,0.6909090909090909,0.5060772779028384,0.0016501650165016,0.9983498349834984,0.6667122730649983
1087,0.4,0.9818181818181818,0.4939225165169136,0.0,1.0,0.66667036914314
1088,0.2,0.5272727272727272,0.4939233870239731,0.0,0.9983498349834984,0.6668126225804797
1089,0.6,0.4181818181818181,0.493925985283101,0.0,0.9966996699669968,0.667238787420707
1090,0.8,0.1818181818181818,0.4939696489667476,0.0082508250825082,0.9983498349834984,0.6723215818949665
1091,0.5,0.1272727272727272,0.5114648939554968,0.0,0.9966996699669968,0.7492452332220705
1092,0.7,0.9818181818181818,0.5060774793674842,0.0,1.0,0.6666748671968402
1093,0.3,0.6727272727272727,0.4939228177805466,0.0,1.0,0.6667108087681171
1094,0.5,0.109090909090909,0.5072028275308158,0.0,0.9983498349834984,0.721544067094559
1095,0.5,0.2909090909090909,0.5060707654502323,0.0,0.9983498349834984,0.6678566714225534
1096,0.6,0.2,0.4885351060673388,0.0049504950495049,0.9983498349834984,0.8688176048023013
1097,0.5,0.3090909090909091,0.4939282568278754,0.0,1.0,0.66731928475055
1098,0.5,0.3818181818181818,0.4939265930433503,0.0,1.0,0.6672097048020776
1099,0.6,0.2545454545454545,0.4939335779688677,0.0016501650165016,0.9966996699669968,0.668484320924396
1100,0.4,0.109090909090909,0.506844839353645,0.0,0.9966996699669968,0.7224279390465176
1101,0.4,0.3272727272727272,0.4939271329077369,0.0016501650165016,0.9933993399339934,0.6674543193998763
1102,0.5,0.3454545454545454,0.506072743649635,0.0,0.9983498349834984,0.6675504304047223
1103,0.4,0.1272727272727272,0.4939420348649112,0.0,0.9983498349834984,0.6696852641185662
1104,0.6,0.1818181818181818,0.4885351060445032,0.0,0.995049504950495,0.9003511458613732
1105,0.5,0.7818181818181819,0.506077381845737,0.0,1.0,0.6666916459441788
1106,0.3,0.2545454545454545,0.4939298222837027,0.0,0.9917491749174916,0.6679788113252536
1107,0.5,0.6363636363636364,0.5060768790245531,0.0082508250825082,0.9966996699669968,0.6667970078435652
1108,0.5,0.0909090909090909,0.5114648939499965,0.0,1.0,0.7759638553330164
1109,0.7,0.1272727272727272,0.4918397290459595,0.0,1.0,0.7404463836043281
1110,0.6,0.1818181818181818,0.4885351062119428,0.0,1.0,0.8450958646016229
1111,0.9,0.0727272727272727,0.4940074545829702,0.0066006600660066,1.0,0.6756014997099051
1112,0.6,0.8363636363636363,0.4939225726562266,0.0,1.0,0.6666791035796482
1113,0.3,0.8363636363636363,0.4939225888012839,0.0,0.9983498349834984,0.6666847074839137
1114,0.6,0.1636363636363636,0.5114648939554486,0.0,1.0,0.8093256651438748
1115,0.6,0.1636363636363636,0.4940878771330872,0.0,0.9983498349834984,0.6811548638026891
1116,0.3,0.9636363636363636,0.4939225409514389,0.0033003300330033,0.9966996699669968,0.666678836070944
1117,0.4,0.1818181818181818,0.4885351060445032,0.0,1.0,0.811737171018675
1118,0.6,0.6181818181818182,0.4939228946157445,0.0066006600660066,0.9983498349834984,0.6667394884859535
1119,0.6,0.2363636363636363,0.5053933513104102,0.0,1.0,0.6958606671193561
1120,0.3,0.1272727272727272,0.488541144742712,0.0,1.0,0.7799750839267422
1121,0.2,0.1818181818181818,0.50601469219839,0.0,0.9983498349834984,0.6745124986151063
1122,0.2,0.2181818181818181,0.4962817342885743,0.0,1.0,0.6911716162460836
1123,0.5,0.5636363636363636,0.493924189552115,0.0115511551155115,0.995049504950495,0.6670067566858391
1124,0.5,0.1818181818181818,0.5060196601737311,0.0,1.0,0.674236181216894
1125,0.7,0.1636363636363636,0.5114648939554968,0.0,1.0,0.8985846404126736
1126,0.5,0.8909090909090909,0.506077505439257,0.0049504950495049,0.9966996699669968,0.6666704881422356
1127,0.4,0.6727272727272727,0.4939229008887584,0.0,1.0,0.6667281936900487
1128,0.5,0.9818181818181818,0.493922477890317,0.0,1.0,0.6666656128333628
1129,0.6,0.6181818181818182,0.493922962934517,0.0,0.9983498349834984,0.6667326609181375
1130,0.4,0.1818181818181818,0.4941015208887069,0.0,1.0,0.6763594720169672
1131,0.5,0.0363636363636363,0.4939767516159392,0.0,0.9983498349834984,0.6715670872984348
1132,0.3,0.1818181818181818,0.5060300017471897,0.0,1.0,0.6734284001263653
1133,0.8,0.0727272727272727,0.4940407388962111,0.0066006600660066,0.9983498349834984,0.6770415766204726
1134,0.4,0.109090909090909,0.5041910583313756,0.0016501650165016,0.9884488448844884,0.7299228235522791
1135,0.5,1.0,0.4939224819899269,0.0033003300330033,1.0,0.666667514803933
1136,0.6,0.7818181818181819,0.5060773882969128,0.0049504950495049,1.0,0.6666936919041847
1137,0.2,0.5454545454545454,0.493923886161276,0.0,0.995049504950495,0.6668476693549091
1138,0.7,0.4727272727272727,0.5060748629423196,0.0,0.9983498349834984,0.6671734940345325
1139,0.3,0.6727272727272727,0.4939228180373679,0.0,0.9966996699669968,0.6667301590186554
1140,0.6,0.4909090909090909,0.5060748437549578,0.0,1.0,0.667148342357945
1141,0.5,0.9454545454545454,0.5060774930922418,0.0,1.0,0.6666719532398199
1142,0.4,0.3090909090909091,0.4939272797927705,0.0,1.0,0.667153026499464
1143,0.5,0.0727272727272727,0.5060466253190037,0.0,1.0,0.6713655844072889
1144,0.5,0.9636363636363636,0.4939225535255811,0.0,1.0,0.6666778507277593
1145,0.4,0.8363636363636363,0.4939226665720684,0.0049504950495049,1.0,0.6666993037824058
1146,0.5,0.2,0.5011957593951215,0.0,0.9983498349834984,0.7153458125580388
1147,0.4,0.2181818181818181,0.4980538727228527,0.0,1.0,0.7048776101781731
1148,0.6,0.2545454545454545,0.4939312039858381,0.0,0.9983498349834984,0.6679956225740592
1149,0.5,0.8909090909090909,0.5060775044276364,0.0,0.9983498349834984,0.6666706151618698
1150,0.4,0.9818181818181818,0.5060774511047739,0.0,1.0,0.6666798465432823
1151,0.4,0.3454545454545454,0.5060727641142432,0.0,1.0,0.6675475299302848
1152,0.6,0.8363636363636363,0.4939225547461756,0.0049504950495049,0.9983498349834984,0.66668039245826
1153,0.4,0.2727272727272727,0.50607118092307,0.0,1.0,0.6678343149071729
1154,0.4,0.109090909090909,0.508058570221287,0.0,0.9983498349834984,0.7264289541253649
1155,0.4,0.1454545454545454,0.4890990730615906,0.0,1.0,0.7459193431503458
1156,0.6,1.0,0.5060775246648004,0.0016501650165016,1.0,0.6666665462064689
1157,0.4,0.1272727272727272,0.4939395621795137,0.0,1.0,0.6686129666369431
1158,0.3,0.1636363636363636,0.5059947452691133,0.0,0.9983498349834984,0.6767024045798525
1159,0.6,0.4909090909090909,0.5060762981079794,0.0049504950495049,0.9983498349834984,0.6669081449215191
1160,0.3,0.109090909090909,0.5060430794047143,0.0,1.0,0.6717120840696744
1161,0.2,0.0909090909090909,0.4885404742865306,0.0,1.0,0.7836722592326534
1162,0.6,0.0727272727272727,0.5060483552694016,0.0,0.995049504950495,0.6715933994866611
1163,0.3,0.109090909090909,0.506038959242095,0.0,1.0,0.6722124667858014
1164,0.5,0.0727272727272727,0.5059300705931187,0.0016501650165016,0.995049504950495,0.681873961265657
1165,0.4,0.1818181818181818,0.4885351106892123,0.0,0.9983498349834984,0.8265875918358151
1166,0.6,0.1636363636363636,0.5114648939554888,0.0033003300330033,0.9966996699669968,0.9034195397669444
1167,0.6,0.0909090909090909,0.4927905193679521,0.0,1.0,0.7356418559494058
1168,0.3,0.1818181818181818,0.5059994610958403,0.0,1.0,0.6758402794252345
1169,0.5,0.0727272727272727,0.5060502702033223,0.0115511551155115,0.9966996699669968,0.671365728082738
1170,0.5,0.2,0.4939343810161906,0.0,1.0,0.6679027459064126
1171,0.8,0.509090909090909,0.5060759554738763,0.0033003300330033,1.0,0.6669744238178333
1172,0.7,0.9818181818181818,0.4939224783840338,0.0082508250825082,0.9983498349834984,0.6666665040773291
1173,0.4,0.4727272727272727,0.4939250399510172,0.0,1.0,0.6670121483405502
1174,0.7,0.3454545454545454,0.5060728918105113,0.0,0.9983498349834984,0.667529339272754
1175,0.6,0.0909090909090909,0.5114596701908581,0.0,1.0,0.7469914146860118
1176,0.4,0.8363636363636363,0.4939225984919821,0.0,0.995049504950495,0.6666909309265072
1177,0.5,0.4727272727272727,0.4939245894724783,0.0033003300330033,0.9917491749174916,0.667059440633915
1178,0.4,0.0909090909090909,0.4885986326905173,0.0049504950495049,0.9933993399339934,0.7764336350747082
1179,0.6,0.6363636363636364,0.5060768844609607,0.0,0.9966996699669968,0.6667933069682908
1180,0.6,0.9818181818181818,0.4939225127701072,0.0,0.9983498349834984,0.6666706813434071
1181,0.5,0.1636363636363636,0.5060621116267245,0.0049504950495049,0.9983498349834984,0.6694544387690253
1182,0.6,0.1272727272727272,0.5114648939554968,0.0033003300330033,0.9933993399339934,0.7593408635527837
1183,0.5,0.1272727272727272,0.5088970835121914,0.0,1.0,0.72097166591713
1184,0.3,0.5454545454545454,0.4939240464501919,0.0,1.0,0.6669035541375806
1185,0.3,0.5272727272727272,0.4939234131438061,0.0,0.995049504950495,0.6668490789856875
1186,0.6,0.0909090909090909,0.5114648806359197,0.0,1.0,0.7593750924462384
1187,0.5,0.8363636363636363,0.5060774441185548,0.0,1.0,0.6666806909542546
1188,0.5,0.9636363636363636,0.49392248648422,0.0,0.9983498349834984,0.6666680249106475
1189,0.2,0.1818181818181818,0.5059961364978407,0.0,1.0,0.6762409548049355
1190,0.5,0.6,0.5060768430499276,0.0,0.9983498349834984,0.6667951056088421
1191,0.3,0.9636363636363636,0.4939224852141598,0.0016501650165016,0.995049504950495,0.6666679168188652
1192,0.5,0.6363636363636364,0.5060769566353381,0.0016501650165016,0.9983498349834984,0.6667748745573773
1193,0.5,0.2,0.4946955642051371,0.0,1.0,0.6831442173690707
1194,0.5,0.1818181818181818,0.4885351060445032,0.0016501650165016,0.9983498349834984,0.8758903327170562
1195,0.3,0.5454545454545454,0.4939240489382815,0.0,1.0,0.6668633394582357
1196,0.7,0.4727272727272727,0.5060741050747732,0.0,1.0,0.6672713999892607
1197,0.4,0.6363636363636364,0.5060770428430663,0.0,1.0,0.6667533412691347
1198,0.5,0.8545454545454545,0.506077433477613,0.0,1.0,0.6666838134598506
1199,0.4,0.9090909090909092,0.4939224924942278,0.0,0.9983498349834984,0.6666676616026292
1200,0.7,0.109090909090909,0.5060588320531576,0.0,1.0,0.6696731394598414
1201,0.4,0.1818181818181818,0.5043512865601039,0.0,0.9983498349834984,0.704142913841949
1202,0.6,0.2727272727272727,0.5060680744100698,0.0066006600660066,0.9933993399339934,0.6684132527310974
1203,0.7,0.9090909090909092,0.4939224921735186,0.0099009900990099,0.9966996699669968,0.6666689115115514
1204,0.2,0.0727272727272727,0.5059801620812384,0.0,0.99009900990099,0.6785549897794286
1205,0.5,0.8363636363636363,0.4939226655923064,0.0049504950495049,0.9983498349834984,0.6667016935880484
1206,0.5,0.7090909090909091,0.49392279969164,0.0066006600660066,0.9983498349834984,0.6667280038797843
1207,0.7,0.0363636363636363,0.4939699900187217,0.0,1.0,0.6710172531612631
1208,0.7,0.7090909090909091,0.5060772999621089,0.0,1.0,0.6667104866118883
1209,0.5,0.5454545454545454,0.4939233437829342,0.0082508250825082,0.9933993399339934,0.6668412915857884
1210,0.5,0.1818181818181818,0.5047360155903655,0.0,1.0,0.7040868596857628
1211,0.6,0.6,0.5060769133683449,0.0,1.0,0.6667856421888609
1212,0.6,0.2,0.4945890951827338,0.0,0.9983498349834984,0.6887294341131799
