,feature_kDN,feature_DS,feature_DCP,feature_TD_P,feature_TD_U,feature_CL,feature_CLD,feature_MV,feature_CB,feature_N1,feature_N2,feature_LSC,feature_LSR,feature_Harmfulness,feature_Usefulness,feature_F1,feature_F2,feature_F3,feature_F4,algo_knn,proba_knn,algo_tree,proba_tree,algo_nb,proba_nb,algo_logreg,proba_logreg,algo_svm_rbf,proba_svm_rbf,algo_rf,proba_rf,class,n_wrong,ih
0,0.4,0.98,0.7183098591549295,1.0,0.3684210526315789,0.4579003865855029,0.4579003865855029,0.687719298245614,0.8413547237076648,0.0,0.4542102028272895,0.9887640449438202,0.9200994258270958,0.0,1.0,0.5,0.15837937384898712,0.5344194553081352,0.7027027027027026,1,0.6,0,0.0,1,1.0,1,0.9709578638973431,0,0.5395578413591723,0,0.46,2,3,0.40491404912391415
1,0.6,1.0,0.39495798319327735,1.0,0.47368421052631576,0.5074260711613037,0.5074260711613037,0.687719298245614,0.8413547237076648,0.0,0.3873266813528573,0.9887640449438202,0.9520562183429583,0.0,0.9943820224719101,1.0,0.6666666666666666,0.7795803066989508,0.8190476190476191,0,0.2,0,0.0,1,0.7517448040509703,1,0.6315146356023206,1,0.8284184642932402,0,0.33,2,3,0.5430536826755781
2,0.3,0.9,0.39495798319327735,1.0,0.21052631578947367,0.4652785931790635,0.4652785931790635,0.687719298245614,0.8413547237076648,0.0,0.39784124558219514,0.9887640449438202,0.947188968660205,0.0,0.9887640449438202,1.0,0.6842105263157894,0.8216122821385978,0.8686868686868686,1,0.6,0,0.0,1,0.928637021183465,1,0.6542317519642685,1,0.9235043798005694,0,0.5,2,2,0.39893780784194954
3,0.1,0.9,0.39495798319327735,1.0,0.21052631578947367,0.4581503715633186,0.4581503715633186,0.687719298245614,0.8413547237076648,0.0,0.23100186104218368,0.9550561797752809,0.8396392084318374,0.0,0.9831460674157303,1.0,0.7027027027027026,0.8858269105793857,0.9504950495049503,1,1.0,1,1.0,1,0.9945326362106448,1,0.7148518419961442,1,0.8347739940545909,1,0.85,2,0,0.10097358795643674
4,0.5,0.86,0.2816901408450704,1.0,0.42105263157894735,0.5420954219306185,0.5420954219306185,0.0,0.4919786096256684,0.5,0.4150030248033878,0.9964912280701754,0.9460453943446482,0.011235955056179775,0.9964912280701754,1.0,0.6842105263157894,0.8493206502141899,0.9662921348314606,0,0.4,1,1.0,0,9.636808632338981e-07,0,0.24665435217424214,0,0.3067135165079461,0,0.42,1,5,0.6044385279394915
5,0.6,0.98,0.2542372881355932,0.6666666666666666,0.631578947368421,0.23837785738534822,0.23837785738534822,0.0,0.4919786096256684,1.0,0.999999999999951,0.9982456140350877,1.0,0.0056179775280898875,1.0,1.0,0.6760563380281691,0.7043218661562873,0.7428571428571428,0,0.0,0,0.0,1,0.7631512886298513,1,0.5951123925889523,1,0.5820299743608608,0,0.037698412698412696,1,3,0.6703346552869871
6,0.3,1.0,0.39495798319327735,1.0,0.47368421052631576,0.7151870744345831,0.7151870744345831,0.687719298245614,0.8413547237076648,0.0,0.4302533172496984,0.9719101123595506,0.974205048889821,0.0,1.0,1.0,0.7027027027027026,0.7250152250152251,0.7350427350427351,1,0.6,0,0.0,0,0.24801452893430667,0,0.4775996176874393,0,0.41951524044794636,1,0.5253571428571429,2,4,0.6215855783455275
7,0.8,0.98,0.6050420168067228,1.0,0.47368421052631576,0.4636197652677503,0.4636197652677503,0.0,0.4919786096256684,1.0,0.6807530326482127,0.9982456140350877,0.9747081989465789,0.0056179775280898875,1.0,1.0,0.6842105263157894,0.7891380066736682,0.8648648648648649,0,0.2,0,0.0,0,0.3955220960781397,0,0.45738381481312873,0,0.14713967520748417,0,0.14,1,6,0.7766590689835412
8,0.3,0.98,0.39495798319327735,1.0,0.631578947368421,0.6514103985121382,0.6514103985121382,0.687719298245614,0.8413547237076648,0.5,0.4674512257105994,0.9887640449438202,0.9682532653384671,0.0035087719298245615,1.0,1.0,0.7027027027027026,0.7497550362237773,0.7741935483870969,1,0.6,0,0.0,0,0.4274039128565931,1,0.5113948465040209,1,0.8697128488461773,1,0.58,2,2,0.5019147319655348
9,0.4,0.98,0.7183098591549295,1.0,0.3684210526315789,0.4579003865855029,0.4579003865855029,0.687719298245614,0.8413547237076648,0.5,0.6252115059221658,0.9943820224719101,0.9575385795073326,0.0017543859649122807,0.9943820224719101,0.5,0.1560798548094374,0.5585172362956071,0.7647058823529411,1,0.6,0,0.0,1,1.0,1,0.9282273957870296,1,0.8153915312814827,0,0.35,2,2,0.3843968454885812
10,0.6,1.0,0.2816901408450704,1.0,0.5263157894736842,0.5420878832823547,0.5420878832823547,0.0,0.4919786096256684,0.6666666666666666,0.5362413599850551,0.9982456140350877,0.914870147684148,0.02247191011235955,0.9982456140350877,1.0,0.7428571428571428,0.9107363900467349,0.9885057471264368,1,0.6,0,0.0,0,0.0005640086431541418,0,0.3061823646116896,1,0.5207296069152484,0,0.3,1,4,0.712087336638318
11,0.5,0.98,0.2542372881355932,0.6666666666666666,0.42105263157894735,0.23425162282075762,0.23425162282075762,0.0,0.4919786096256684,0.6666666666666666,0.6016260162601625,0.9982456140350877,0.990058289197266,0.011235955056179775,1.0,1.0,0.6666666666666666,0.679680751173709,0.6880000000000001,1,0.6,1,1.0,1,0.7813685086504357,1,0.5296761365690377,1,0.6719006530368511,0,0.265,1,1,0.3586757836239459
12,0.4,0.9,0.39495798319327735,1.0,0.5263157894736842,0.6120405338602412,0.6120405338602412,0.687719298245614,0.8413547237076648,0.2,0.39837398373983746,0.9775280898876404,0.9827182718271827,0.0035087719298245615,0.9775280898876404,1.0,0.7027027027027026,0.7664528935715377,0.8135593220338984,1,0.6,1,1.0,0,0.44087985361219956,1,0.5251932278853146,1,0.7155732549282822,1,0.83,2,1,0.3147256105957007
13,0.6,0.98,0.6050420168067228,1.0,0.47368421052631576,0.49090472304510546,0.49090472304510546,0.0,0.4919786096256684,1.0,0.6602105717057746,0.9982456140350877,0.9706159281805554,0.011235955056179775,1.0,1.0,0.6842105263157894,0.8230006835269994,0.9696969696969697,0,0.4,0,0.0,0,0.17706803257623405,0,0.4574615329306031,0,0.2933570659223886,0,0.265,1,6,0.7345188947617958
14,0.3,0.92,0.39495798319327735,1.0,0.42105263157894735,0.7364907949658293,0.7364907949658293,0.687719298245614,0.8413547237076648,0.0,0.0,0.9775280898876404,0.9859260778957143,0.0,0.9775280898876404,1.0,0.7027027027027026,0.7202263203610307,0.7328244274809159,1,0.8,1,1.0,0,0.21559824818380058,0,0.436237161649776,0,0.5155478775026365,1,0.8827222222222221,2,3,0.3583157484069275
15,0.4,0.96,0.39495798319327735,1.0,0.3157894736842105,0.7503423456102924,0.7503423456102924,0.687719298245614,0.8413547237076648,0.5,0.36959801224598454,0.9831460674157303,0.985119739595443,0.0,0.9887640449438202,1.0,0.7027027027027026,0.7088253542798998,0.7111111111111111,1,0.6,1,1.0,0,0.19611203703860727,0,0.4259366643679265,0,0.40238455579078064,1,0.6629761904761905,2,3,0.45209842538774925
16,0.6,1.0,0.39495798319327735,1.0,0.5789473684210527,0.486945748398402,0.486945748398402,0.687719298245614,0.8413547237076648,0.6666666666666666,0.4417418012483899,0.9887640449438202,0.9674676813108772,0.0017543859649122807,0.9887640449438202,1.0,0.7027027027027026,0.8380493630146889,0.9795918367346937,1,0.6,0,0.0,1,0.8149458702079432,1,0.5274243319162747,1,0.6851563532133618,1,0.58,2,1,0.4654122407770701
17,0.6,0.9,0.39495798319327735,1.0,0.21052631578947367,0.47346000185949044,0.47346000185949044,0.687719298245614,0.8413547237076648,0.0,0.30639452977356285,0.9887640449438202,0.9401855533858604,0.0,0.9887640449438202,1.0,0.7027027027027026,0.8488409303454726,0.9896907216494847,1,0.6,1,1.0,1,0.958134517489928,1,0.5852344858926166,1,0.7953993610473027,1,0.81,2,0,0.2085386059283586
18,0.3,0.92,0.39495798319327735,1.0,0.42105263157894735,0.7364907949658293,0.7364907949658293,0.687719298245614,0.8413547237076648,0.0,0.0,0.9775280898876404,0.9859260778957143,0.0,0.9775280898876404,1.0,0.7027027027027026,0.7202263203610307,0.7328244274809159,1,0.8,1,1.0,0,0.21561060450412414,0,0.44289683061552193,0,0.3440061411509229,1,0.8453571428571428,2,3,0.39202154681204804
19,0.5,0.96,0.7457627118644068,0.6666666666666666,0.631578947368421,0.759994966702431,0.759994966702431,0.687719298245614,0.8413547237076648,0.5,0.0,0.9887640449438202,0.9906724038785668,0.0,0.9943820224719101,1.0,0.6760563380281691,0.688689760182718,0.7027027027027026,1,0.6,1,1.0,0,0.1817169458642709,0,0.40104148583655713,0,0.24451084858233338,1,0.8358333333333334,2,3,0.45614956439725085
20,0.5,0.96,0.7457627118644068,0.6666666666666666,0.631578947368421,0.759994966702431,0.759994966702431,0.687719298245614,0.8413547237076648,1.0,0.0,0.9887640449438202,0.9906724038785668,0.0017543859649122807,0.9943820224719101,1.0,0.6760563380281691,0.688689760182718,0.7027027027027026,0,0.4,1,1.0,0,0.23186044392407854,0,0.42211955189275785,0,0.3161623040317561,1,0.8987142857142857,2,4,0.4551905690728537
21,0.6,0.94,0.6050420168067228,1.0,0.47368421052631576,0.4262984910137646,0.4262984910137646,0.0,0.4919786096256684,0.5,0.39837398373983746,0.9964912280701754,0.9805926031154555,0.0,0.9929824561403509,1.0,0.7428571428571428,0.7835995290667969,0.8135593220338984,1,0.6,1,1.0,1,0.5000461616825835,1,0.5292028685138666,0,0.21810175153948774,1,0.65,1,1,0.4171082030440103
22,0.4,0.92,0.39495798319327735,1.0,0.42105263157894735,0.7365847083649231,0.7365847083649231,0.687719298245614,0.8413547237076648,0.25,0.0,0.9719101123595506,0.9845981068506338,0.0,0.9775280898876404,1.0,0.7027027027027026,0.7216355981061864,0.7384615384615385,1,0.6,1,0.6666666666666666,0,0.2155249297117068,0,0.4316498152128013,0,0.5097218487914237,1,0.8035,2,3,0.4621561232695669
23,0.4,0.92,0.39495798319327735,1.0,0.42105263157894735,0.7365847083649231,0.7365847083649231,0.687719298245614,0.8413547237076648,0.0,0.0,0.9719101123595506,0.9845981068506338,0.0,0.9775280898876404,1.0,0.7027027027027026,0.7216355981061864,0.7384615384615385,1,0.6,1,0.6666666666666666,0,0.2155249297117068,0,0.4316498152128013,0,0.5097218487914237,1,0.8035,2,3,0.4621561232695669
24,0.5,1.0,0.1076115485564304,0.3333333333333333,0.47368421052631576,0.28730913224634724,0.28730913224634724,0.0,0.4919786096256684,1.0,0.5053101988384505,0.9982456140350877,0.9339198105227542,0.0,0.9982456140350877,1.0,0.7384615384615385,0.7818130247333787,0.8666666666666667,1,1.0,1,1.0,1,0.7717035238846549,1,0.5867791048060973,1,0.6399040900641305,1,0.84,1,0,0.19360221354085283
25,0.7,0.98,0.6050420168067228,1.0,0.5789473684210527,0.5132107696853515,0.5132107696853515,0.0,0.4919786096256684,0.6666666666666666,0.5614733943149406,0.9982456140350877,0.9723913083863297,0.011235955056179775,0.9982456140350877,1.0,0.7428571428571428,0.8296051082092483,0.9056603773584907,0,0.2,0,0.0,0,0.1498540599475487,0,0.49532705176545344,0,0.31456151598119236,0,0.1,1,6,0.790042895384301
26,0.9,0.98,0.6050420168067228,1.0,0.47368421052631576,0.25987086689043126,0.25987086689043126,0.0,0.4919786096256684,1.0,0.0,0.9964912280701754,0.9915071624647498,0.011235955056179775,0.9982456140350877,1.0,0.7226890756302521,0.7288770053475935,0.7428571428571428,0,0.0,0,0.0,1,0.790206278547884,1,0.6080218544542828,1,0.5368001740688418,0,0.045,1,3,0.6699952821548318
27,0.5,0.92,0.39495798319327735,1.0,0.5789473684210527,0.5372661504752205,0.5372661504752205,0.687719298245614,0.8413547237076648,1.0,0.6350656297576431,0.9943820224719101,0.9772990212138586,0.0017543859649122807,1.0,1.0,0.7428571428571428,0.8018691588785046,0.8571428571428572,1,0.6,0,0.0,1,0.6681955331202432,1,0.5143942790303668,1,0.7571265440702831,0,0.4,2,2,0.5100472739631845
28,0.3,0.96,0.39495798319327735,1.0,0.3157894736842105,0.7538751331316629,0.7538751331316629,0.687719298245614,0.8413547237076648,0.0,0.260752519877293,0.9606741573033708,0.9755079182352758,0.0,0.9831460674157303,1.0,0.7107438016528926,0.7188639643185097,0.7428571428571428,1,1.0,1,1.0,0,0.25472747792920986,0,0.3987123346760802,0,0.5,1,0.94,2,3,0.31776003123245167
29,0.7,1.0,0.6050420168067228,1.0,0.42105263157894735,0.30868132089776656,0.30868132089776656,0.0,0.4919786096256684,1.0,0.5873287671232877,0.9982456140350877,0.9777102304967642,0.0056179775280898875,1.0,1.0,0.7428571428571428,0.7516273291925464,0.7679999999999999,0,0.4,0,0.0,1,0.7063712271930135,1,0.576974745891973,1,0.583136430481797,0,0.1725,1,3,0.5935029327388694
30,0.4,0.86,0.2816901408450704,1.0,0.42105263157894735,0.5107190410045214,0.5107190410045214,0.0,0.4919786096256684,1.0,0.8299930609412629,0.9982456140350877,0.985869860225268,0.0056179775280898875,1.0,1.0,0.6842105263157894,0.819297590503518,0.9230769230769231,0,0.4,0,0.0,0,0.20471437471225942,1,0.5016668305211462,1,0.4786405797901436,0,0.49,1,4,0.6541630358294084
31,0.4,0.9,0.39495798319327735,1.0,0.5263157894736842,0.6157672536828346,0.6157672536828346,0.687719298245614,0.8413547237076648,0.0,0.0,0.9775280898876404,0.9829137945133655,0.0017543859649122807,0.9775280898876404,1.0,0.7428571428571428,0.7764915036101476,0.8135593220338984,1,1.0,1,1.0,0,0.4097946681132055,0,0.44185229922665425,1,0.726779689403349,1,0.97,2,2,0.24192889054279865
32,0.4,0.9,0.39495798319327735,1.0,0.5263157894736842,0.6157672536828346,0.6157672536828346,0.687719298245614,0.8413547237076648,0.0,0.0,0.9775280898876404,0.9829137945133655,0.0,0.9775280898876404,1.0,0.7428571428571428,0.7764915036101476,0.8135593220338984,1,0.8,1,1.0,0,0.4926250988510403,0,0.46159324618105846,1,0.7476260045305438,1,0.91,2,2,0.2646926084062263
33,0.2,0.98,0.39495798319327735,1.0,0.631578947368421,0.6564371476660635,0.6564371476660635,0.687719298245614,0.8413547237076648,0.25,0.5,0.9943820224719101,0.9914983212349708,0.0,0.9943820224719101,1.0,0.7428571428571428,0.766245259165613,0.8,1,0.6,1,1.0,0,0.35783519508006734,0,0.4272981179320237,0,0.45698541107701524,1,0.6683809523809522,2,3,0.41491672058832363
34,0.5,0.86,0.2816901408450704,1.0,0.42105263157894735,0.5335291447596399,0.5335291447596399,0.0,0.4919786096256684,0.5,0.3131446707220312,0.9964912280701754,0.9470061285429576,0.0,0.9982456140350877,1.0,0.7027027027027026,0.8282009282009282,0.8727272727272728,1,0.6,0,0.0,0,0.018181442039062492,0,0.47018852452573634,0,0.3774011673668303,0,0.46,1,5,0.6790381443447284
35,0.5,0.98,0.39495798319327735,1.0,0.7368421052631579,0.689048506803345,0.689048506803345,0.687719298245614,0.8413547237076648,0.5,0.6016260162601625,0.9943820224719101,0.9889389999012411,0.0,1.0,1.0,0.7027027027027026,0.7529785496624111,0.8135593220338984,1,0.6,0,0.0,0,0.29366982649197504,0,0.4364501851332625,0,0.4379936836145321,1,0.645,2,4,0.597814384126705
36,0.5,1.0,0.39495798319327735,1.0,0.631578947368421,0.5389248086557279,0.5389248086557279,0.687719298245614,0.8413547237076648,0.75,0.5,0.9887640449438202,0.9753956100051047,0.0017543859649122807,1.0,1.0,0.7027027027027026,0.8199690769784227,0.9696969696969697,1,0.6,0,0.5,1,0.7028219274136852,0,0.48243258889443863,0,0.5885119399119626,0,0.44416666666666665,2,4,0.44701114618554116
37,0.2,0.92,0.39495798319327735,1.0,0.42105263157894735,0.74029915251111,0.74029915251111,0.687719298245614,0.8413547237076648,0.6666666666666666,0.5647058823529412,0.9943820224719101,0.9922179823413013,0.0035087719298245615,0.9887640449438202,1.0,0.7226890756302521,0.7316742081447963,0.7428571428571428,1,0.6,1,1.0,0,0.1591005581163537,0,0.4044282292109371,0,0.38673382673578444,0,0.37,2,4,0.5132895643228208
38,0.6,0.96,0.7183098591549295,1.0,0.3157894736842105,0.48854892286927987,0.48854892286927987,0.687719298245614,0.8413547237076648,0.6666666666666666,0.775120133902057,0.9943820224719101,0.9873817321412882,0.007017543859649123,1.0,1.0,0.7027027027027026,0.8261611125688796,0.9320388349514562,0,0.4,1,1.0,1,0.906632384130036,0,0.49663616835227814,0,0.5882928843025749,0,0.35,2,4,0.3764064272025186
39,0.5,1.0,0.39495798319327735,1.0,0.8947368421052632,0.7202279389909729,0.7202279389909729,0.687719298245614,0.8413547237076648,1.0,0.6211340206185567,0.9943820224719101,0.9878583993356609,0.0017543859649122807,1.0,1.0,0.7350427350427351,0.7467840403324275,0.7741935483870969,0,0.4,0,0.0,0,0.23848235914261506,0,0.3842127184359621,0,0.5232419669645163,0,0.24,2,6,0.7023438259094844
40,0.5,0.96,0.7183098591549295,1.0,0.3157894736842105,0.5099227297854877,0.5099227297854877,0.687719298245614,0.8413547237076648,0.5,0.6168521462639109,0.9943820224719101,0.9741110753034697,0.0017543859649122807,1.0,1.0,0.7027027027027026,0.8276237276237277,0.9696969696969697,0,0.4,0,0.0,1,0.7426458842868353,0,0.45805748759029574,0,0.5,0,0.43333333333333335,2,5,0.5776605491315892
41,0.6,0.94,0.6050420168067228,1.0,0.47368421052631576,0.24936098475756818,0.24936098475756818,0.0,0.4919786096256684,1.0,0.0,0.9964912280701754,1.0,0.0056179775280898875,0.9982456140350877,1.0,0.7027027027027026,0.7156629611175066,0.7384615384615385,0,0.4,0,0.3333333333333333,1,0.8041671694076876,1,0.5967223138300211,1,0.6200891345125622,0,0.33142857142857146,1,3,0.4857099129146374
42,0.4,0.94,0.39495798319327735,1.0,0.47368421052631576,0.7506390152424318,0.7506390152424318,0.687719298245614,0.8413547237076648,0.0,0.0,0.9943820224719101,1.0,0.0,1.0,1.0,0.7027027027027026,0.7156629611175066,0.7384615384615385,1,0.6,0,0.5,0,0.18201063329658945,0,0.42132062473223164,0,0.43413470675503796,1,0.5673333333333334,2,4,0.5492001169804679
43,0.6,0.94,0.6050420168067228,1.0,0.47368421052631576,0.24936098475756818,0.24936098475756818,0.0,0.4919786096256684,1.0,0.0,0.9964912280701754,1.0,0.03932584269662921,0.9982456140350877,1.0,0.7027027027027026,0.7156629611175066,0.7384615384615385,0,0.4,1,0.5,1,0.8179893667034107,1,0.5786793752677684,1,0.565865293244962,0,0.4326666666666666,1,2,0.450799883019532
44,0.5,0.92,0.7183098591549295,1.0,0.5263157894736842,0.4582061465525963,0.4582061465525963,0.687719298245614,0.8413547237076648,0.5,0.20336071909083098,0.9831460674157303,0.8970824812038417,0.0017543859649122807,0.9887640449438202,1.0,0.7428571428571428,0.8669374104156712,0.9450549450549449,0,0.4,1,1.0,1,0.9980448729806983,1,0.5359304523187712,0,0.5,1,0.8,2,2,0.2943374457834218
45,0.3,0.98,0.39495798319327735,1.0,0.7894736842105263,0.6570343276718265,0.6570343276718265,0.687719298245614,0.8413547237076648,0.0,0.999999999999808,0.9943820224719101,1.0,0.0017543859649122807,1.0,1.0,0.7428571428571428,0.7696350896740877,0.8135593220338984,1,0.6,0,0.0,0,0.4185738103584201,0,0.4309191280346956,1,0.7112391823877192,0,0.26,2,4,0.5965446465365274
46,0.8,1.0,0.6050420168067228,1.0,0.7368421052631579,0.3439440068749142,0.3439440068749142,0.0,0.4919786096256684,1.0,0.5893719806763286,0.9982456140350877,0.9773526836933885,0.016853932584269662,1.0,1.0,0.7027027027027026,0.7743884673088212,0.8727272727272726,0,0.2,0,0.0,1,0.6579735418427974,1,0.5740813221603076,0,0.3800872035494645,0,0.07,1,4,0.6863096554079051
47,0.3,0.96,0.2542372881355932,0.6666666666666666,0.2631578947368421,0.24375377354965821,0.24375377354965821,0.0,0.4919786096256684,0.5,0.0,0.9912280701754386,0.9924329693812816,0.0,0.9964912280701754,1.0,0.6666666666666666,0.6809250195076967,0.7027027027027026,1,0.6,1,1.0,1,0.8136862870032454,1,0.6087339433433616,1,0.8007082472266793,1,0.9279718061945111,1,0,0.20814995270536707
48,0.3,0.96,0.2542372881355932,0.6666666666666666,0.2631578947368421,0.24375377354965821,0.24375377354965821,0.0,0.4919786096256684,0.0,0.0,0.9912280701754386,0.9924329693812816,0.0,0.9964912280701754,1.0,0.6666666666666666,0.6809250195076967,0.7027027027027026,1,1.0,1,1.0,1,0.7695685591079375,1,0.5975896372501142,1,0.7681251588660027,1,0.9573964646464647,1,0,0.15122003002158024
49,0.3,0.96,0.2542372881355932,0.6666666666666666,0.2631578947368421,0.24375377354965821,0.24375377354965821,0.0,0.4919786096256684,0.0,0.0,0.9912280701754386,0.9924329693812816,0.0,0.9964912280701754,1.0,0.6666666666666666,0.6809250195076967,0.7027027027027026,1,0.8,1,1.0,1,0.8144328534144244,1,0.6178611853334322,1,0.7918427052384702,1,0.9596304752080613,1,0,0.16937213013426866
50,0.5,0.98,0.6050420168067228,1.0,0.631578947368421,0.42286706353149495,0.42286706353149495,0.0,0.4919786096256684,0.6666666666666666,0.9999999999999445,0.9982456140350877,1.0,0.02247191011235955,0.9982456140350877,1.0,0.7027027027027026,0.8101710885197124,0.9600000000000002,0,0.2,0,0.0,0,0.44479285894881193,1,0.5547519947950196,0,0.4014480122635088,0,0.04,1,5,0.7265011889987767
51,0.6,0.98,0.39495798319327735,1.0,0.631578947368421,0.577132936468505,0.577132936468505,0.687719298245614,0.8413547237076648,0.0,0.999999999999922,0.9943820224719101,1.0,0.005263157894736842,0.9887640449438202,1.0,0.7027027027027026,0.8101710885197124,0.9600000000000002,1,0.6,0,0.0,1,0.5029361215593245,0,0.4373631100515132,0,0.5645616363430949,0,0.28,2,4,0.6025231886743445
52,0.7,0.98,0.6050420168067228,1.0,0.8947368421052632,0.26252176992037546,0.26252176992037546,0.0,0.4919786096256684,0.0,0.9999999999998328,0.9982456140350877,1.0,0.0056179775280898875,1.0,1.0,0.7027027027027026,0.730568600587576,0.7741935483870969,0,0.4,0,0.0,1,0.718359363397781,1,0.581011813080772,0,0.37387441092093043,0,0.1433333333333333,1,4,0.6305701798778638
53,0.5,0.98,0.2816901408450704,1.0,0.3684210526315789,0.45903691411110037,0.45903691411110037,0.0,0.4919786096256684,1.0,0.6144000000000001,0.9982456140350877,0.9719144298789898,0.0056179775280898875,0.9982456140350877,1.0,0.7027027027027026,0.8224427937378538,0.979591836734694,0,0.4,0,0.0,0,0.36546268769226414,1,0.5558097317892567,1,0.48822470930359124,0,0.22,1,4,0.6617504785358146
54,0.3,1.0,0.39495798319327735,1.0,0.42105263157894735,0.7540061932265802,0.7540061932265802,0.687719298245614,0.8413547237076648,0.0,0.3379310344827585,0.9662921348314607,0.9850967953075045,0.0,0.9719101123595506,1.0,0.7107438016528926,0.7229043683589138,0.7428571428571428,1,1.0,0,0.0,0,0.13856016153415282,0,0.3795475407330682,0,0.31307639943757354,1,0.79,2,4,0.5631359830492009
55,0.7,0.92,0.7183098591549295,1.0,0.5263157894736842,0.4586844796616458,0.4586844796616458,0.687719298245614,0.8413547237076648,0.0,0.2552732760789105,0.9831460674157303,0.9253166609610638,0.0,0.9943820224719101,1.0,0.7428571428571428,0.856775529286048,0.9247311827956988,1,0.6,1,1.0,1,0.9852617755654995,1,0.5214467231639796,0,0.36559694438780915,1,0.84,2,1,0.2812824261471185
56,0.5,0.98,0.39495798319327735,1.0,0.8421052631578947,0.6925156171118494,0.6925156171118494,0.687719298245614,0.8413547237076648,0.5,0.6620689655172414,0.9943820224719101,0.991637608162211,0.005263157894736842,1.0,1.0,0.7428571428571428,0.7596273291925464,0.8,0,0.4,1,1.0,0,0.35929794539516063,0,0.4110913552761419,1,0.6801391159125603,0,0.3,2,4,0.4749119305693563
57,0.5,0.98,0.39495798319327735,1.0,0.7368421052631579,0.7178482679855943,0.7178482679855943,0.687719298245614,0.8413547237076648,0.5,0.7966804979253113,0.9943820224719101,0.9958069484853671,0.0035087719298245615,1.0,1.0,0.7027027027027026,0.7465868737055178,0.8135593220338984,0,0.4,0,0.0,0,0.2461673242202997,0,0.4073441676691961,0,0.36517464511203296,0,0.3543333333333334,2,6,0.7044967549441896
58,0.3,0.86,0.2816901408450704,1.0,0.42105263157894735,0.5320988426853771,0.5320988426853771,0.0,0.4919786096256684,0.0,0.37901234567901243,0.9947368421052631,0.9145965799823282,0.0,0.9947368421052631,1.0,0.7027027027027026,0.7989954879718658,0.8686868686868686,1,0.6,1,1.0,0,0.10667076980980128,1,0.586217946508441,1,0.7747188928524468,1,0.78,1,1,0.35873206513821854
59,0.8,1.0,0.6050420168067228,1.0,0.47368421052631576,0.2621093265680907,0.2621093265680907,0.0,0.4919786096256684,0.6666666666666666,0.5,0.9982456140350877,0.9899388601561953,0.0056179775280898875,1.0,1.0,0.7222222222222222,0.7339000933706815,0.7679999999999999,0,0.4,0,0.0,1,0.7829889405672612,1,0.6107339557294387,1,0.6880390293663128,0,0.24966666666666665,1,3,0.5447619012783869
60,0.7,1.0,0.6050420168067228,1.0,0.6842105263157895,0.2818380785481692,0.2818380785481692,0.0,0.4919786096256684,1.0,0.7823529411764706,0.9982456140350877,0.9954067892367365,0.016853932584269662,1.0,1.0,0.7027027027027026,0.7483252483252483,0.8205128205128205,0,0.2,0,0.0,1,0.6870206402940195,1,0.5872529883362156,0,0.34388391830838194,0,0.1235,1,4,0.6763904088435638
61,0.1,0.8200000000000001,0.39495798319327735,1.0,0.631578947368421,0.6916880095945522,0.6916880095945522,0.687719298245614,0.8413547237076648,0.0,0.3788659793814433,0.9775280898876404,0.9783875885570801,0.0,0.9831460674157303,1.0,0.7027027027027026,0.7658049353701527,0.8648648648648649,1,0.8,1,1.0,0,0.24895853007280053,0,0.40452368910195896,0,0.42808496198759677,1,0.85,2,3,0.3780721364729406
62,0.3,1.0,0.6050420168067228,1.0,0.47368421052631576,0.37830808804767235,0.37830808804767235,0.0,0.4919786096256684,0.0,0.30246913580246915,0.9947368421052631,0.9627959815032879,0.0056179775280898875,0.9947368421052631,1.0,0.7027027027027026,0.8104857434754342,0.9896907216494847,1,0.6,1,0.5,1,0.5724082370879291,1,0.6061462320570412,1,0.6212089477130035,1,0.5068333333333335,1,0,0.4322338749681154
63,0.3,0.96,0.39495798319327735,1.0,0.47368421052631576,0.7541674944860703,0.7541674944860703,0.687719298245614,0.8413547237076648,0.4,0.0,0.9775280898876404,0.9900560194482613,0.0,0.9719101123595506,1.0,0.7107438016528926,0.7257015711561166,0.7428571428571428,1,0.8,1,1.0,0,0.19037052266632862,0,0.3559332625542379,0,0.34670351053966375,1,0.9266666666666669,2,3,0.3967210062621839
64,0.6,0.96,0.7457627118644068,0.6666666666666666,0.631578947368421,0.7597751671311685,0.7597751671311685,0.687719298245614,0.8413547237076648,0.5,0.7109144542772861,0.9943820224719101,0.9926783713111692,0.0017543859649122807,1.0,1.0,0.6880000000000001,0.6948581574275006,0.7027027027027026,0,0.4,1,1.0,0,0.17240211162815267,0,0.3933999712466762,0,0.24225182572015155,1,0.7412301587301587,2,4,0.5084526554458102
65,0.4,0.86,0.2816901408450704,1.0,0.42105263157894735,0.5327098999293914,0.5327098999293914,0.0,0.4919786096256684,0.5,0.610337972166998,0.9982456140350877,0.964891501433,0.0056179775280898875,0.9964912280701754,1.0,0.7222222222222222,0.8148989898989898,0.8686868686868686,1,1.0,1,1.0,0,0.05903632910396444,1,0.5833887654975758,1,0.7048804392425753,1,0.79,1,1,0.3104490776926475
66,0.7,0.96,0.7457627118644068,0.6666666666666666,0.631578947368421,0.7581293157736716,0.7581293157736716,0.687719298245614,0.8413547237076648,0.7777777777777778,0.0,0.9943820224719101,1.0,0.0035087719298245615,0.9943820224719101,1.0,0.6991869918699187,0.7070873534288169,0.7272727272727273,0,0.4,0,0.5,0,0.13330122958145055,0,0.383432530152413,0,0.2607435638033332,1,0.5281190476190475,2,5,0.6324006048072925
67,0.3,0.98,0.2542372881355932,0.6666666666666666,0.42105263157894735,0.23808424675135198,0.23808424675135198,0.0,0.4919786096256684,0.0,0.5,0.9964912280701754,0.990205346248506,0.0,1.0,1.0,0.6666666666666666,0.6742634283390633,0.6771653543307087,1,0.8,1,1.0,1,0.8227537459399178,1,0.5784949958717014,1,0.7999662228482487,1,0.6550753968253968,1,0,0.2239516064191226
68,0.7,1.0,0.6050420168067228,1.0,0.8947368421052632,0.2790831268360978,0.2790831268360978,0.0,0.4919786096256684,0.6666666666666666,0.5663265306122449,0.9982456140350877,0.9895849222682614,0.011235955056179775,1.0,1.0,0.7350427350427351,0.7515827606736698,0.7933884297520662,0,0.2,0,0.0,1,0.8088315528215558,1,0.6130045448717376,1,0.5994395075566938,0,0.07,1,3,0.6181207324583355
69,0.2,0.96,0.2816901408450704,1.0,0.42105263157894735,0.33310040118917117,0.33310040118917117,0.0,0.4919786096256684,0.0,0.3115427848812702,0.987719298245614,0.9428552268267579,0.0,0.9947368421052631,1.0,0.6842105263157894,0.7990062854426458,0.9896907216494845,1,1.0,1,1.0,1,0.6198849409010923,1,0.6171957241694365,1,0.5849542017062671,1,0.92,1,0,0.2096608555372007
70,0.4,0.9,0.2542372881355932,0.6666666666666666,0.631578947368421,0.24171229933345817,0.24171229933345817,0.0,0.4919786096256684,0.6666666666666666,0.0,0.9947368421052631,1.0,0.0,1.0,1.0,0.6991869918699187,0.7098845562260196,0.7384615384615385,1,0.8,1,0.8,1,0.8152285640302509,1,0.6244617830213977,1,0.7241184319411591,1,0.8135952380952378,1,0,0.23709933048532583
71,0.4,0.9,0.2542372881355932,0.6666666666666666,0.631578947368421,0.24171229933345817,0.24171229933345817,0.0,0.4919786096256684,1.0,0.0,0.9929824561403509,1.0,0.0,1.0,1.0,0.6991869918699187,0.7098845562260196,0.7384615384615385,1,0.6,1,0.75,1,0.8281963750903732,1,0.6149908699680706,1,0.7020019754906499,1,0.720952380952381,1,0,0.2973097330830875
72,0.6,0.92,0.7183098591549295,1.0,0.5263157894736842,0.4622942982722008,0.4622942982722008,0.687719298245614,0.8413547237076648,0.3333333333333333,0.5777504211481146,0.9943820224719101,0.9773783613977722,0.0035087719298245615,0.9831460674157303,1.0,0.7428571428571428,0.8341414599146557,0.8865979381443299,0,0.2,0,0.0,1,0.9723076596885447,0,0.43661583772180906,0,0.3606254820228932,0,0.34,2,5,0.6150751700944588
73,0.3,0.88,0.2542372881355932,0.6666666666666666,0.631578947368421,0.24394585580986217,0.24394585580986217,0.0,0.4919786096256684,0.23076923076923078,0.0,0.9982456140350877,1.0,0.016853932584269662,1.0,1.0,0.6760563380281691,0.6832724373480723,0.7027027027027026,1,0.6,1,0.6,1,0.8603336468920324,1,0.6299138236071973,1,0.8019083601708352,1,0.6243769841269842,1,0,0.31391119753382524
74,0.8,0.88,0.7457627118644068,0.6666666666666666,0.631578947368421,0.7560541441901378,0.7560541441901378,0.687719298245614,0.8413547237076648,1.0,0.0,0.9831460674157303,1.0,0.005263157894736842,1.0,1.0,0.6760563380281691,0.6832724373480723,0.7027027027027026,0,0.4,0,0.4,0,0.1855857030426977,0,0.3733595928553474,0,0.20231021738921198,0,0.4012738095238095,2,6,0.672911779531489
75,0.8,0.88,0.7457627118644068,0.6666666666666666,0.631578947368421,0.7560541441901378,0.7560541441901378,0.687719298245614,0.8413547237076648,1.0,0.0,0.9887640449438202,1.0,0.007017543859649123,0.9887640449438202,1.0,0.6760563380281691,0.6832724373480723,0.7027027027027026,0,0.4,0,0.5,0,0.18140035954191627,0,0.3891303783788266,0,0.19945119339412634,1,0.501611111111111,2,5,0.6380678262623367
76,0.7,0.9,0.7457627118644068,0.6666666666666666,0.631578947368421,0.7582877006665418,0.7582877006665418,0.687719298245614,0.8413547237076648,0.0,0.999999999999808,0.9943820224719101,1.0,0.008771929824561403,1.0,1.0,0.6991869918699187,0.7098845562260196,0.7384615384615385,0,0.2,0,0.0,0,0.18511422704078362,0,0.38023767383759716,0,0.23025918998949158,0,0.03,2,6,0.8290648181886879
77,0.3,0.88,0.2542372881355932,0.6666666666666666,0.631578947368421,0.24394585580986217,0.24394585580986217,0.0,0.4919786096256684,0.0,0.0,0.9982456140350877,1.0,0.0,1.0,1.0,0.6760563380281691,0.6832724373480723,0.7027027027027026,1,0.6,1,0.5,1,0.8185996404580838,1,0.6108696216211734,1,0.8005488066058737,0,0.49838888888888905,1,1,0.3619321737376634
78,0.3,0.88,0.2542372881355932,0.6666666666666666,0.631578947368421,0.24394585580986217,0.24394585580986217,0.0,0.4919786096256684,0.0,0.0,0.9982456140350877,1.0,0.0,0.9929824561403509,1.0,0.6760563380281691,0.6832724373480723,0.7027027027027026,1,0.6,1,0.5,1,0.8185996404580838,1,0.6108696216211734,1,0.8005488066058737,0,0.49838888888888905,1,1,0.3619321737376634
79,0.3,0.88,0.2542372881355932,0.6666666666666666,0.631578947368421,0.24394585580986217,0.24394585580986217,0.0,0.4919786096256684,0.0,0.0,0.9982456140350877,1.0,0.0,0.9947368421052631,1.0,0.6760563380281691,0.6832724373480723,0.7027027027027026,1,0.6,1,0.6,1,0.8144142969573019,1,0.6266404071446525,1,0.7976897826107882,1,0.5987261904761906,1,0,0.32708822046851116
80,0.5,0.98,0.39495798319327735,1.0,0.7894736842105263,0.7413832134893015,0.7413832134893015,0.687719298245614,0.8413547237076648,0.5,0.5215686274509803,0.9943820224719101,0.9868109563049497,0.0,1.0,1.0,0.7226890756302521,0.742180774748924,0.7804878048780488,0,0.4,0,0.0,0,0.15732777259617467,0,0.3625344085892343,0,0.33818049270090594,0,0.408,2,6,0.7223262210189475
81,0.4,0.9,0.2542372881355932,0.6666666666666666,0.631578947368421,0.24171229933345817,0.24171229933345817,0.0,0.4919786096256684,1.0,0.0,0.9947368421052631,1.0,0.0056179775280898875,0.9947368421052631,1.0,0.6991869918699187,0.7098845562260196,0.7384615384615385,1,0.8,1,1.0,1,0.8148857729592163,1,0.6197623261624028,1,0.7697408100105085,1,0.97,1,0,0.17093518181131195
82,0.4,0.9,0.2542372881355932,0.6666666666666666,0.631578947368421,0.24171229933345817,0.24171229933345817,0.0,0.4919786096256684,1.0,0.0,0.9947368421052631,1.0,0.0,0.9929824561403509,1.0,0.6991869918699187,0.7098845562260196,0.7384615384615385,1,0.8,1,0.8,1,0.8671007472699711,1,0.6284728159822826,1,0.7476096997706317,1,0.8123492063492063,1,0,0.22407792177131813
83,0.4,0.9,0.2542372881355932,0.6666666666666666,0.631578947368421,0.24171229933345817,0.24171229933345817,0.0,0.4919786096256684,1.0,0.0,0.9947368421052631,1.0,0.0,0.9929824561403509,1.0,0.6991869918699187,0.7098845562260196,0.7384615384615385,1,0.6,1,0.75,1,0.8281963750903732,1,0.6149908699680706,1,0.7020019754906499,1,0.720952380952381,1,0,0.2973097330830875
84,0.6,0.96,0.39495798319327735,1.0,0.8421052631578947,0.7389335862233216,0.7389335862233216,0.687719298245614,0.8413547237076648,0.25,0.0,0.9887640449438202,1.0,0.0,1.0,1.0,0.7027027027027026,0.7404100439992763,0.8135593220338984,1,0.6,0,0.5,0,0.2779426137621021,0,0.38808154334204675,0,0.5423168023116175,1,0.5583333333333333,2,4,0.5222209512084832
85,0.5,0.96,0.6050420168067228,1.0,0.8421052631578947,0.2610664137766784,0.2610664137766784,0.0,0.4919786096256684,0.0,0.999999999999808,0.9982456140350877,1.0,0.011235955056179775,1.0,1.0,0.7027027027027026,0.7404100439992763,0.8135593220338984,0,0.2,0,0.0,1,0.837784410257526,1,0.6270295196728817,1,0.6657921447081734,0,0.06166666666666667,1,3,0.6012878764491254
86,0.4,0.84,0.2542372881355932,0.6666666666666666,0.631578947368421,0.24049889809573477,0.24049889809573477,0.0,0.4919786096256684,0.0,0.0,0.9912280701754386,1.0,0.0,1.0,1.0,0.6760563380281691,0.6933110473866823,0.7428571428571428,0,0.4,1,0.5714285714285714,1,0.771894991238802,1,0.6532791480067495,1,0.7780578601601462,1,0.5698212343212343,1,1,0.3759196991407494
87,0.4,0.84,0.2542372881355932,0.6666666666666666,0.631578947368421,0.24049889809573477,0.24049889809573477,0.0,0.4919786096256684,0.0,0.0,0.9929824561403509,1.0,0.016853932584269662,0.9912280701754386,1.0,0.6760563380281691,0.6933110473866823,0.7428571428571428,1,0.6,1,0.7142857142857143,1,0.8196548836913821,1,0.6724007504552876,1,0.7963148107346226,1,0.7030006660006659,1,0,0.2823905291387212
88,0.4,0.84,0.2542372881355932,0.6666666666666666,0.631578947368421,0.24049889809573477,0.24049889809573477,0.0,0.4919786096256684,0.0,0.0,0.9912280701754386,1.0,0.0,1.0,1.0,0.6760563380281691,0.6933110473866823,0.7428571428571428,0,0.4,1,0.5714285714285714,1,0.771894991238802,1,0.6532791480067495,1,0.7780578601601462,1,0.5698212343212343,1,1,0.3759196991407494
89,0.3,0.8200000000000001,0.39495798319327735,1.0,0.631578947368421,0.7203854989343407,0.7203854989343407,0.687719298245614,0.8413547237076648,0.0,0.33333333333333337,0.9719101123595506,0.9740809309706426,0.0,0.9887640449438202,1.0,0.7027027027027026,0.7594132594132594,0.8648648648648649,1,0.8,1,1.0,0,0.22526672210580664,0,0.37261627677922693,0,0.4471231664818514,1,0.7953333333333333,2,3,0.39327675021663033
90,0.7,0.84,0.7457627118644068,0.6666666666666666,0.631578947368421,0.7595011019042652,0.7595011019042652,0.687719298245614,0.8413547237076648,1.0,0.0,0.9943820224719101,1.0,0.010526315789473684,1.0,1.0,0.6760563380281691,0.6933110473866823,0.7428571428571428,0,0.4,0,0.2857142857142857,0,0.18034511630861763,0,0.3275992495447124,0,0.20368518926537743,0,0.2969993339993338,2,6,0.7176094708612788
91,0.4,0.84,0.2542372881355932,0.6666666666666666,0.631578947368421,0.24049889809573477,0.24049889809573477,0.0,0.4919786096256684,0.0,0.0,0.9929824561403509,1.0,0.0,0.9912280701754386,1.0,0.6760563380281691,0.6933110473866823,0.7428571428571428,1,0.6,1,0.6666666666666666,1,0.8278223910627408,1,0.6578906769185605,1,0.8003334427550861,1,0.658364885114885,1,0,0.2981536562470102
92,0.4,0.84,0.2542372881355932,0.6666666666666666,0.631578947368421,0.24049889809573477,0.24049889809573477,0.0,0.4919786096256684,0.0,0.0,0.9929824561403509,1.0,0.0,0.9912280701754386,1.0,0.6760563380281691,0.6933110473866823,0.7428571428571428,1,0.8,1,0.625,1,0.8658843071180566,1,0.6689412401076902,1,0.8010273794774484,1,0.6083432678432678,1,0,0.2718006342422562
93,0.4,0.84,0.2542372881355932,0.6666666666666666,0.631578947368421,0.24049889809573477,0.24049889809573477,0.0,0.4919786096256684,0.0,0.0,0.9929824561403509,1.0,0.0,0.9912280701754386,1.0,0.6760563380281691,0.6933110473866823,0.7428571428571428,1,0.6,1,0.6666666666666666,1,0.8278223910627408,1,0.6578906769185605,1,0.8003334427550861,1,0.658364885114885,1,0,0.2981536562470102
94,0.0,0.84,0.1076115485564304,0.3333333333333333,0.3157894736842105,0.31007162138792643,0.31007162138792643,0.0,0.4919786096256684,0.0,0.40201692163062985,0.9789473684210527,0.9111891289502878,0.0,1.0,1.0,0.7804878048780488,0.8303581048042896,0.9629629629629631,1,1.0,1,1.0,1,0.7404872518732761,1,0.6960371538027739,1,0.727966391082042,1,0.92,1,0,0.15258486720698483
95,0.5,0.98,0.6050420168067228,1.0,0.7894736842105263,0.27824745137189655,0.27824745137189655,0.0,0.4919786096256684,0.5,0.536231884057971,0.9982456140350877,0.9880748969482485,0.0056179775280898875,0.9982456140350877,1.0,0.7350427350427351,0.7566254837441279,0.8135593220338984,0,0.2,0,0.0,1,0.809826873250938,1,0.6308719682599542,1,0.6283706819317816,0,0.23733333333333334,1,3,0.5822661905373321
96,0.4,0.86,0.2816901408450704,1.0,0.42105263157894735,0.5371382618029066,0.5371382618029066,0.0,0.4919786096256684,0.0,0.38530831322293413,0.9912280701754386,0.9022955438276259,0.0,0.9947368421052631,1.0,0.7222222222222222,0.8056727064459024,0.8865979381443299,0,0.4,1,1.0,0,0.02082132454251862,1,0.6153430200070344,1,0.7539707192874491,1,0.69,1,2,0.4199774893604997
97,0.5,1.0,0.39495798319327735,1.0,0.7894736842105263,0.6610545808765462,0.6610545808765462,0.687719298245614,0.8413547237076648,1.0,0.7474226804123711,0.9943820224719101,0.9910413393024796,0.0035087719298245615,1.0,1.0,0.7428571428571428,0.7884674813878353,0.8888888888888888,0,0.4,1,1.0,0,0.3163556907792759,0,0.3824608116681465,0,0.40371439865565567,0,0.17933333333333334,2,5,0.5530226275939314
98,0.6,1.0,0.7457627118644068,0.6666666666666666,0.631578947368421,0.7615435888482297,0.7615435888482297,0.687719298245614,0.8413547237076648,0.5,0.5647058823529412,0.9943820224719101,0.9925048575798917,0.0035087719298245615,1.0,1.0,0.6991869918699187,0.717125963467427,0.7428571428571428,1,0.6,0,0.0,0,0.1831165915910004,0,0.3440685588298924,0,0.22647385376330115,0,0.30914285714285716,2,5,0.7228663564454916
99,0.5,0.98,0.39495798319327735,1.0,0.8421052631578947,0.7270414225607672,0.7270414225607672,0.687719298245614,0.8413547237076648,1.0,0.6942221569635122,0.9943820224719101,0.9905995522091616,0.0035087719298245615,1.0,1.0,0.7350427350427351,0.7586978381096028,0.8,0,0.4,0,0.0,0,0.21032983989537968,0,0.35757364294927024,0,0.4653706063641422,0,0.14,2,6,0.7377876517985347
100,0.2,0.8200000000000001,0.39495798319327735,1.0,0.631578947368421,0.6953185475334931,0.6953185475334931,0.687719298245614,0.8413547237076648,0.0,0.3746478873239436,0.9775280898876404,0.9740446285408872,0.0,0.9943820224719101,1.0,0.7428571428571428,0.7739130434782607,0.8571428571428572,1,0.8,1,1.0,0,0.2871710128254478,0,0.3600188491475492,0,0.346171122250574,1,0.7375,2,3,0.41152316929607136
101,0.8,1.0,0.7183098591549295,1.0,0.42105263157894735,0.5193455572197678,0.5193455572197678,0.687719298245614,0.8413547237076648,0.5,0.5,0.9887640449438202,0.9406013199706673,0.0035087719298245615,0.9943820224719101,1.0,0.7027027027027026,0.7819207966748951,0.8190476190476191,0,0.4,0,0.0,1,0.6625988676908595,0,0.3511878646358664,0,0.20752454795052996,0,0.42,2,5,0.659781453287124
102,0.7,0.98,0.6050420168067228,1.0,0.6842105263157895,0.33793375148043325,0.33793375148043325,0.0,0.4919786096256684,0.6666666666666666,0.75,0.9982456140350877,0.9898855781622212,0.011235955056179775,1.0,1.0,0.7428571428571428,0.7926603535052358,0.9056603773584907,0,0.4,0,0.0,1,0.6743838382511831,1,0.6353032643336713,1,0.5364968977886713,0,0.27666666666666667,1,3,0.5795248888266347
103,0.3,0.96,0.6050420168067228,1.0,0.631578947368421,0.2476482490265398,0.2476482490265398,0.0,0.4919786096256684,0.0,0.0,0.9947368421052631,0.988647552852592,0.0,0.9964912280701754,1.0,0.7027027027027026,0.731047576502122,0.8,1,0.8,1,1.0,1,0.805753420327982,1,0.6394428912255752,1,0.7461958903515507,1,0.8740000000000001,1,0,0.18910129968248202
104,0.3,0.96,0.6050420168067228,1.0,0.631578947368421,0.2476482490265398,0.2476482490265398,0.0,0.4919786096256684,0.0,0.0,0.9947368421052631,0.988647552852592,0.0,0.9982456140350877,1.0,0.7027027027027026,0.731047576502122,0.8,1,0.8,1,1.0,1,0.8051909559924977,1,0.6407409094511363,1,0.6870586839993125,1,0.7741666666666667,1,0,0.21547379731506444
105,0.5,0.96,0.2816901408450704,1.0,0.42105263157894735,0.5371512649833212,0.5371512649833212,0.0,0.4919786096256684,1.0,0.7666583121486626,0.9982456140350877,0.9767956076510048,0.016853932584269662,1.0,1.0,0.787878787878788,0.8471652177659998,0.8865979381443299,1,0.6,1,1.0,0,0.030713306096553167,1,0.6063420663509721,1,0.655274258639574,1,0.6,1,1,0.4179450614854834
106,0.1,0.84,0.2816901408450704,1.0,0.3684210526315789,0.2862045933422199,0.2862045933422199,0.0,0.4919786096256684,0.0,0.4899075010298468,0.9964912280701754,0.9596920008404282,0.0,1.0,1.0,0.6666666666666666,0.769151138716356,0.9142857142857143,1,0.8,0,0.0,1,0.7648326477272128,1,0.6659383465003186,1,0.7690563936114296,0,0.44,1,2,0.4266954353601732
107,0.4,0.96,0.6050420168067228,1.0,0.631578947368421,0.2470798665774636,0.2470798665774636,0.0,0.4919786096256684,0.3333333333333333,0.5,0.9964912280701754,0.9942913729830489,0.0056179775280898875,0.9964912280701754,1.0,0.7107438016528926,0.7359274563820017,0.8,1,0.6,1,1.0,1,0.8600916337418033,1,0.6703332009547917,1,0.7401539621227852,1,0.7083333333333333,1,0,0.23684797830788107
108,0.4,0.98,0.2542372881355932,0.6666666666666666,0.5789473684210527,0.24008420048411505,0.24008420048411505,0.0,0.4919786096256684,0.5,0.0,0.9964912280701754,0.9919480196480757,0.0,0.9982456140350877,1.0,0.6880000000000001,0.7014938574938576,0.7272727272727273,1,0.6,1,1.0,1,0.8185449133975022,1,0.6428791021742513,1,0.7856018908730656,1,0.8291666666666666,1,0,0.2206345711480857
109,0.2,0.84,0.2816901408450704,1.0,0.3684210526315789,0.36681511435929215,0.36681511435929215,0.0,0.4919786096256684,0.5,0.5742256517506221,0.9982456140350877,0.9619030411749143,0.0,0.9964912280701754,1.0,0.7027027027027026,0.7812448812448813,0.8727272727272728,1,0.8,0,0.0,1,0.6162835229648816,1,0.6984225280102023,1,0.8008741031414259,1,0.7575,1,1,0.38781997431391513
110,0.7,0.98,0.39495798319327735,1.0,0.8421052631578947,0.7551955040695564,0.7551955040695564,0.687719298245614,0.8413547237076648,0.0,0.999999999999872,0.9943820224719101,1.0,0.0017543859649122807,1.0,1.0,0.7107438016528926,0.7362081377602441,0.7804878048780488,0,0.4,0,0.0,0,0.1365676463014828,0,0.3275099062641735,0,0.2659010990414697,1,0.79,2,5,0.6800035580654791
111,0.3,0.98,0.6050420168067228,1.0,0.6842105263157895,0.33448181021237167,0.33448181021237167,0.0,0.4919786096256684,0.3333333333333333,0.6049382716049383,0.9982456140350877,0.9795638916057764,0.0056179775280898875,0.9929824561403509,1.0,0.7428571428571428,0.8062452591656131,0.9600000000000002,1,0.6,1,1.0,1,0.6631773761517,1,0.6682866508416327,1,0.6971940875928547,1,0.664,1,0,0.28455698090230197
112,0.4,0.98,0.6050420168067228,1.0,0.8421052631578947,0.24480449593044362,0.24480449593044362,0.0,0.4919786096256684,1.0,0.9999999999999106,0.9982456140350877,1.0,0.0056179775280898875,1.0,1.0,0.7107438016528926,0.7362081377602441,0.7804878048780488,1,0.6,1,1.0,1,0.8634323536985173,1,0.6724900937358265,1,0.7340989009585306,0,0.21,1,1,0.3199964419345208
113,0.3,0.8200000000000001,0.39495798319327735,1.0,0.631578947368421,0.6981331322767632,0.6981331322767632,0.687719298245614,0.8413547237076648,0.5,0.5397175068031619,0.9943820224719101,0.9825978747066576,0.0,0.9887640449438202,1.0,0.7428571428571428,0.7860424235321691,0.9056603773584907,1,0.8,0,0.0,0,0.2765470953759345,0,0.3337749485492445,0,0.37920160032793854,1,0.74,2,4,0.5784127259578138
114,0.3,0.9,0.2816901408450704,1.0,0.3157894736842105,0.4397324192615437,0.4397324192615437,0.0,0.4919786096256684,0.6666666666666666,0.5540266666666667,0.9982456140350877,0.9523268365361226,0.011235955056179775,0.9894736842105263,1.0,0.7027027027027026,0.7650448345541803,0.8037383177570093,1,0.6,0,0.0,0,0.46224922439878124,1,0.7040062656185271,1,0.8316595960270654,0,0.49,1,3,0.485347485659271
115,0.4,0.74,0.1076115485564304,0.3333333333333333,0.42105263157894735,0.5420906298817527,0.5420906298817527,0.0,0.4919786096256684,0.0,0.389700308854974,0.9929824561403509,0.8363805664577887,0.0,1.0,1.0,0.8727272727272728,0.9334707427404056,0.9662921348314606,1,0.6,1,1.0,0,5.8214526461409496e-05,0,0.4919146849326581,1,0.480854936515431,1,0.8,1,2,0.43786202733757484
116,0.6,0.8200000000000001,0.39495798319327735,1.0,0.631578947368421,0.7259565838875466,0.7259565838875466,0.687719298245614,0.8413547237076648,1.0,0.5697466827503015,0.9943820224719101,0.977693446871529,0.0,1.0,1.0,0.7027027027027026,0.7831970431970432,0.9600000000000002,0,0.2,1,1.0,0,0.2130442534767437,0,0.30709400966064426,0,0.26673188899150646,0,0.445,2,5,0.5946883079785177
117,0.2,0.98,0.2816901408450704,1.0,0.3684210526315789,0.41040269015575626,0.41040269015575626,0.0,0.4919786096256684,1.0,0.7602486114784448,0.9982456140350877,0.9822380860631513,0.0056179775280898875,1.0,1.0,0.7428571428571428,0.804508763978883,0.8971962616822431,1,0.8,0,0.0,0,0.46016734048933666,1,0.6795286576832584,1,0.7406383597983297,0,0.34,1,3,0.4966109403381792
118,0.2,0.96,0.2816901408450704,1.0,0.42105263157894735,0.264672980668458,0.264672980668458,0.0,0.4919786096256684,0.5,0.6804511278195489,0.9982456140350877,0.9879728906356031,0.0056179775280898875,0.9982456140350877,1.0,0.6842105263157894,0.771583707838179,0.9320388349514562,1,0.8,0,0.0,1,0.7921487706614034,1,0.7041638258266653,1,0.7895534966263125,0,0.37,1,2,0.4240223178142698
119,0.8,1.0,0.7183098591549295,1.0,0.47368421052631576,0.6021445102570466,0.6021445102570466,0.687719298245614,0.8413547237076648,1.0,0.750917290934108,0.9943820224719101,0.9790788531731637,0.017543859649122806,1.0,1.0,0.7027027027027026,0.7621710885197123,0.7889908256880733,0,0.2,0,0.0,0,0.4515796591887648,0,0.2519969057584452,0,0.1500874537400916,0,0.021666666666666664,2,6,0.8207782191076719
120,0.9,1.0,0.7457627118644068,0.6666666666666666,0.631578947368421,0.7600728746585019,0.7600728746585019,0.687719298245614,0.8413547237076648,0.8333333333333334,0.5647058823529412,0.9943820224719101,0.99248581505904,0.008771929824561403,1.0,1.0,0.6880000000000001,0.7042910602910604,0.7384615384615385,0,0.0,0,0.0,0,0.18388352419687673,0,0.3525353136507628,0,0.2004939579554696,0,0.05208333333333334,2,6,0.8685006451439262
121,0.7,1.0,0.39495798319327735,1.0,0.8421052631578947,0.7558550364863019,0.7558550364863019,0.687719298245614,0.8413547237076648,0.75,0.6981132075471699,0.9943820224719101,0.9948298601951991,0.007017543859649123,1.0,1.0,0.7107438016528926,0.7410861865407319,0.8,0,0.4,0,0.0,0,0.1687594846460466,0,0.3129393759492936,0,0.29036946856651163,0,0.17400000000000002,2,6,0.7756552784730247
122,0.7,0.98,0.39495798319327735,1.0,0.42105263157894735,0.7439708529109861,0.7439708529109861,0.687719298245614,0.8413547237076648,0.0,0.39344262295081966,0.9887640449438202,0.9825638288408505,0.0017543859649122807,1.0,1.0,0.7027027027027026,0.7655916420622303,0.9142857142857143,1,0.6,1,1.0,0,0.2641113325744112,0,0.3243826279724452,0,0.33987027776623663,1,0.5775,2,3,0.48235596028115113
123,0.7,1.0,0.39495798319327735,1.0,0.6842105263157895,0.7544242599746415,0.7544242599746415,0.687719298245614,0.8413547237076648,0.5,0.7218045112781954,0.9943820224719101,0.9958562367864694,0.0035087719298245615,1.0,1.0,0.7027027027027026,0.7434369570330954,0.8495575221238937,0,0.2,0,0.0,0,0.13953675244528696,0,0.30975837633901937,0,0.22707385226640497,0,0.27,2,6,0.8089385031582148
124,0.3,0.9,0.2542372881355932,0.6666666666666666,0.42105263157894735,0.24005561111589502,0.24005561111589502,0.0,0.4919786096256684,0.4,0.0,0.9964912280701754,0.9888389043904106,0.0,0.9964912280701754,1.0,0.6991869918699187,0.725269171610635,0.8,1,0.6,1,1.0,1,0.7623488727031884,1,0.659464534535068,1,0.7161615496159844,1,0.6965714285714286,1,0,0.2609089357623885
125,0.5,0.96,0.6050420168067228,1.0,0.6842105263157895,0.2452221362552811,0.2452221362552811,0.0,0.4919786096256684,0.5,0.7218045112781954,0.9982456140350877,0.9954658677123764,0.0056179775280898875,0.9982456140350877,1.0,0.7027027027027026,0.7453332907878363,0.8571428571428572,1,0.8,0,0.0,1,0.8273871293755114,1,0.6891972696891477,1,0.7545734480308719,0,0.4883333333333333,1,2,0.4067514699285226
126,0.7,0.8200000000000001,0.39495798319327735,1.0,0.631578947368421,0.7015516898777612,0.7015516898777612,0.687719298245614,0.8413547237076648,0.5,0.3379310344827585,0.9887640449438202,0.9821214653150387,0.0017543859649122807,0.9943820224719101,1.0,0.7428571428571428,0.7996273291925464,0.9600000000000002,0,0.4,1,1.0,0,0.24921269293100712,0,0.2961511193391154,0,0.29017784717553674,1,0.695,2,4,0.5115763900923902
127,0.3,0.9,0.2542372881355932,0.6666666666666666,0.42105263157894735,0.24005561111589502,0.24005561111589502,0.0,0.4919786096256684,1.0,0.0,0.9964912280701754,0.9888389043904106,0.0056179775280898875,0.9964912280701754,1.0,0.6991869918699187,0.725269171610635,0.8,1,0.6,1,1.0,1,0.7623488727031884,1,0.659464534535068,1,0.7161615496159844,1,0.6965714285714286,1,0,0.2609089357623885
128,0.7,0.8200000000000001,0.39495798319327735,1.0,0.631578947368421,0.7028239650885382,0.7028239650885382,0.687719298245614,0.8413547237076648,0.5,0.37755102040816324,0.9887640449438202,0.9848166980763077,0.010526315789473684,0.9943820224719101,1.0,0.7428571428571428,0.8045252883762198,0.9795918367346937,0,0.4,1,1.0,0,0.2704409432120007,0,0.29721897820432824,0,0.2539933660177465,1,0.69,2,4,0.5147244520943208
129,0.6,0.98,0.7457627118644068,0.6666666666666666,0.6842105263157895,0.7558296330345247,0.7558296330345247,0.687719298245614,0.8413547237076648,0.5555555555555556,0.999999999999616,0.9943820224719101,1.0,0.0017543859649122807,1.0,1.0,0.6771653543307087,0.6907289410763242,0.7058823529411765,0,0.4,0,0.0,0,0.13861848782299455,0,0.3354032104524239,0,0.18340824380224338,0,0.24585678210678213,2,6,0.7827855459692593
130,0.4,1.0,0.6050420168067228,1.0,0.7894736842105263,0.2436330731244114,0.2436330731244114,0.0,0.4919786096256684,1.0,0.6224489795918366,0.9982456140350877,0.9911273154378839,0.0,1.0,1.0,0.7107438016528926,0.7444760170492065,0.8135593220338984,0,0.4,0,0.0,1,0.8646742405032971,1,0.6997558936721642,1,0.7598504799974864,0,0.1,1,3,0.5292865643045086
131,0.1,0.9,0.2816901408450704,1.0,0.3157894736842105,0.426761894408495,0.426761894408495,0.0,0.4919786096256684,0.0,0.13089937666963491,0.9824561403508771,0.8735401542927781,0.0,0.9929824561403509,1.0,0.6808510638297872,0.7477576005116271,0.8037383177570093,1,1.0,1,1.0,0,0.4770224930620591,1,0.7962136181782532,1,0.8363417809337647,1,0.94,1,1,0.15840368463765397
132,0.5,0.98,0.2542372881355932,0.6666666666666666,0.6842105263157895,0.24417036696547534,0.24417036696547534,0.0,0.4919786096256684,0.0,0.999999999999616,0.9982456140350877,1.0,0.0056179775280898875,1.0,1.0,0.6771653543307087,0.6907289410763242,0.7058823529411765,1,0.6,0,0.0,1,0.8145022513626032,1,0.6524631052893965,1,0.8146088400153573,0,0.17616666666666667,1,2,0.49037652277766264
133,0.6,0.96,0.6050420168067228,1.0,0.8421052631578947,0.25501357003374725,0.25501357003374725,0.0,0.4919786096256684,1.0,0.0,0.9982456140350877,1.0,0.011235955056179775,0.9982456140350877,1.0,0.7226890756302521,0.7632750397456279,0.8648648648648649,0,0.4,1,0.5,1,0.7921827500716767,1,0.6972862317426405,1,0.7498186234378312,1,0.5249761904761905,1,1,0.3892893673786102
134,0.2,0.9,0.2816901408450704,1.0,0.3157894736842105,0.3876080182649384,0.3876080182649384,0.0,0.4919786096256684,0.0,0.4198399999999999,0.9947368421052631,0.9386038846203051,0.0,0.9859649122807017,1.0,0.7027027027027026,0.7492755661316526,0.7889908256880733,1,0.8,1,1.0,1,0.5839195670983233,1,0.7538172910588421,1,0.8436556977167378,1,0.54,1,0,0.24643457402101598
135,0.2,0.78,0.2542372881355932,0.6666666666666666,0.21052631578947367,0.23958385303782959,0.23958385303782959,0.0,0.4919786096256684,0.5,0.3999999999999999,0.9929824561403509,0.9876739058013547,0.0,0.9912280701754386,1.0,0.6880000000000001,0.7086520536284316,0.7559055118110237,1,0.8,1,1.0,1,0.8297437412344234,1,0.6680019693349379,1,0.8102148447617816,1,0.88,1,0,0.16867324077814283
136,0.5,0.96,0.6050420168067228,1.0,0.6842105263157895,0.24407648019351502,0.24407648019351502,0.0,0.4919786096256684,0.0,0.36480686695278974,0.9947368421052631,0.9816133685921246,0.0,0.9982456140350877,1.0,0.7027027027027026,0.7512310627406541,0.8807339449541286,0,0.4,0,0.0,1,0.755632750400503,1,0.6840048659231237,1,0.7090512242342563,1,0.6933333333333335,1,2,0.4596629710181306
137,0.1,0.9,0.2816901408450704,1.0,0.3157894736842105,0.42329221326508315,0.42329221326508315,0.0,0.4919786096256684,0.0,0.14105656267019373,0.987719298245614,0.8861855670103093,0.0,0.9929824561403509,1.0,0.6666666666666666,0.7442115012208469,0.8037383177570093,1,1.0,1,1.0,1,0.5367700205809895,1,0.7693341174694434,1,0.8080995319303461,1,0.97,1,0,0.15263272166987019
138,0.5,0.84,0.1076115485564304,0.3333333333333333,0.3157894736842105,0.20122205298595197,0.20122205298595197,0.0,0.4919786096256684,0.0,0.2747933884297521,0.9947368421052631,0.9606202217759939,0.0,0.9982456140350877,1.0,0.7107438016528926,0.7610149454458689,0.8666666666666667,1,0.8,1,1.0,1,0.8733822711538155,1,0.7542320397587721,1,0.7844172555368971,1,0.76,1,0,0.17132807225841928
139,0.4,0.88,0.2542372881355932,0.6666666666666666,0.631578947368421,0.24415640685821272,0.24415640685821272,0.0,0.4919786096256684,0.3333333333333333,0.0,0.9947368421052631,1.0,0.0,0.9912280701754386,1.0,0.6771653543307087,0.6920361306188079,0.7111111111111111,0,0.4,0,0.3333333333333333,1,0.7672083426409236,1,0.6429324548705974,1,0.8176474529621195,0,0.349563492063492,1,3,0.4482191540215891
140,0.2,0.84,0.2816901408450704,1.0,0.3684210526315789,0.3142031225819031,0.3142031225819031,0.0,0.4919786096256684,0.0,0.07227138643067854,0.987719298245614,0.9221430483072394,0.0,0.9912280701754386,1.0,0.7027027027027026,0.756206649127003,0.8,1,1.0,1,1.0,1,0.6779798123590293,1,0.7441575649695712,1,0.8527295650704652,1,0.94,1,0,0.13085550960015568
141,0.0,0.96,0.2816901408450704,1.0,0.42105263157894735,0.49953595439610643,0.49953595439610643,0.0,0.4919786096256684,0.0,0.06789446336816574,0.9789473684210527,0.8831748650486982,0.0,0.9894736842105263,1.0,0.7272727272727273,0.790470380561757,0.8349514563106797,1,0.8,1,1.0,0,0.20373942770622827,1,0.7550491013866634,1,0.8270863013284184,1,0.86,1,1,0.2590208615964483
142,0.3,0.96,0.2542372881355932,0.6666666666666666,0.631578947368421,0.23654418687836487,0.23654418687836487,0.0,0.4919786096256684,0.5,0.0,0.9964912280701754,1.0,0.0056179775280898875,0.9964912280701754,1.0,0.6880000000000001,0.7143296703296703,0.7428571428571428,1,0.6,1,0.5,1,0.8743771583106741,1,0.7010519361268291,1,0.8018878264585845,1,0.5720000000000001,1,0,0.3251138465173188
143,0.3,0.96,0.2542372881355932,0.6666666666666666,0.631578947368421,0.23654418687836487,0.23654418687836487,0.0,0.4919786096256684,1.0,0.0,0.9964912280701754,1.0,0.0,0.9964912280701754,1.0,0.6880000000000001,0.7143296703296703,0.7428571428571428,0,0.4,1,0.5,1,0.8376283911556283,1,0.6947170587601252,1,0.8016718594154177,0,0.4378333333333333,1,2,0.38802489288924924
144,0.6,0.98,0.7457627118644068,0.6666666666666666,0.6842105263157895,0.7592807922470779,0.7592807922470779,0.687719298245614,0.8413547237076648,0.0,0.9999999999998932,0.9943820224719101,1.0,0.005263157894736842,1.0,1.0,0.6771653543307087,0.6994794446314648,0.7428571428571428,0,0.2,0,0.0,0,0.22940488864078226,0,0.32288814470244065,0,0.1942023793234116,0,0.21608730158730158,2,6,0.8062362142910107
145,0.8,0.96,0.7457627118644068,0.6666666666666666,0.631578947368421,0.7634558131216351,0.7634558131216351,0.687719298245614,0.8413547237076648,0.0,0.999999999999852,0.9943820224719101,1.0,0.005263157894736842,1.0,1.0,0.6880000000000001,0.7143296703296703,0.7428571428571428,0,0.2,0,0.0,0,0.23000728026096046,0,0.31729670737994925,0,0.22734092659774255,0,0.1,2,6,0.8208925142935579
146,0.3,1.0,0.2542372881355932,0.6666666666666666,0.47368421052631576,0.22463707315851367,0.22463707315851367,0.0,0.4919786096256684,0.0,0.4585987261146497,0.9929824561403509,0.9816100175731405,0.0,0.9982456140350877,1.0,0.6880000000000001,0.7227878787878788,0.787878787878788,1,0.8,1,1.0,1,0.835328361647363,1,0.7235263211566361,1,0.7994032708935714,1,0.9060238095238097,1,0,0.15595303946310324
147,0.4,0.88,0.2542372881355932,0.6666666666666666,0.631578947368421,0.24415640685821272,0.24415640685821272,0.0,0.4919786096256684,1.0,0.0,0.9947368421052631,1.0,0.011235955056179775,0.9947368421052631,1.0,0.6771653543307087,0.6920361306188079,0.7111111111111111,0,0.4,0,0.3333333333333333,1,0.7672083426409236,1,0.6429324548705974,1,0.8176474529621195,0,0.349563492063492,1,3,0.4482191540215891
148,0.7,0.88,0.7457627118644068,0.6666666666666666,0.631578947368421,0.7558435931417873,0.7558435931417873,0.687719298245614,0.8413547237076648,0.0,0.0,0.9943820224719101,1.0,0.007017543859649123,1.0,1.0,0.6771653543307087,0.6920361306188079,0.7111111111111111,1,0.6,1,0.6666666666666666,0,0.23279165735907673,0,0.35706754512940264,0,0.18235254703788054,1,0.6504365079365076,2,3,0.551780845978411
149,0.4,0.88,0.2542372881355932,0.6666666666666666,0.631578947368421,0.24415640685821272,0.24415640685821272,0.0,0.4919786096256684,1.0,0.0,0.9929824561403509,1.0,0.0,1.0,1.0,0.6771653543307087,0.6920361306188079,0.7111111111111111,0,0.4,0,0.3333333333333333,1,0.7672083426409236,1,0.6429324548705974,1,0.8176474529621195,0,0.349563492063492,1,3,0.4482191540215891
150,1.0,1.0,0.7183098591549295,1.0,0.42105263157894735,0.7341478715650218,0.7341478715650218,0.687719298245614,0.8413547237076648,1.0,0.8393194706994329,0.9943820224719101,0.9889812482803869,0.017543859649122806,1.0,1.0,0.7027027027027026,0.773966273966274,0.9230769230769231,0,0.0,0,0.0,0,0.18482926649578796,0,0.24519492592610145,0,0.16543405907826209,0,0.04,2,6,0.8940902914166414
151,0.5,1.0,0.6050420168067228,1.0,0.5789473684210527,0.2533345434870885,0.2533345434870885,0.0,0.4919786096256684,1.0,0.8,0.9982456140350877,0.9952492381224403,0.0056179775280898875,1.0,1.0,0.7226890756302521,0.7713578889499724,0.8971962616822429,0,0.4,0,0.0,1,0.7367353734645496,1,0.708088609572654,1,0.689584812102916,0,0.06666666666666667,1,3,0.5664874230322021
152,0.4,0.98,0.2816901408450704,1.0,0.47368421052631576,0.39530582785699764,0.39530582785699764,0.0,0.4919786096256684,0.5,0.5445205479452055,0.9982456140350877,0.9763358944937471,0.0056179775280898875,0.9947368421052631,1.0,0.7428571428571428,0.7737580856550965,0.7889908256880733,1,0.8,0,0.0,0,0.4757240350194361,1,0.7653562725430885,1,0.8207144993653964,0,0.44,1,3,0.44970086551201316
153,0.7,0.36,0.7457627118644068,0.6666666666666666,0.2631578947368421,0.746286456867346,0.746286456867346,0.687719298245614,0.8413547237076648,0.5,0.0,0.9943820224719101,1.0,0.0,1.0,1.0,0.6666666666666666,0.6756756756756755,0.7027027027027026,0,0.4,0,0.125,0,0.2373966834197802,0,0.37294488246143126,0,0.17540131390325137,0,0.12475980761809069,2,6,0.7607495520995744
154,0.3,0.36,0.2542372881355932,0.6666666666666666,0.2631578947368421,0.25371354313265404,0.25371354313265404,0.0,0.4919786096256684,1.0,0.0,0.9947368421052631,1.0,0.0,1.0,1.0,0.6666666666666666,0.6756756756756755,0.7027027027027026,1,0.8,1,0.8148148148148148,1,0.8435577586165076,1,0.6539094962934046,1,0.8148599318039814,1,0.8219898235358062,1,0,0.20847802915591418
155,0.3,0.36,0.2542372881355932,0.6666666666666666,0.2631578947368421,0.25371354313265404,0.25371354313265404,0.0,0.4919786096256684,1.0,0.0,0.9947368421052631,1.0,0.0,1.0,1.0,0.6666666666666666,0.6756756756756755,0.7027027027027026,1,0.6,1,0.7777777777777778,1,0.8028914800516994,1,0.6450116195355023,1,0.8107655380931664,1,0.7687745615758295,1,0,0.2657965038276707
156,0.3,0.36,0.2542372881355932,0.6666666666666666,0.2631578947368421,0.25371354313265404,0.25371354313265404,0.0,0.4919786096256684,1.0,0.0,0.9929824561403509,1.0,0.0,1.0,1.0,0.6666666666666666,0.6756756756756755,0.7027027027027026,1,0.8,1,0.8148148148148148,1,0.8435577586165076,1,0.6539094962934046,1,0.8148599318039814,1,0.8219898235358062,1,0,0.20847802915591418
157,0.3,0.36,0.2542372881355932,0.6666666666666666,0.2631578947368421,0.25371354313265404,0.25371354313265404,0.0,0.4919786096256684,1.0,0.0,0.9947368421052631,1.0,0.0,1.0,1.0,0.6666666666666666,0.6756756756756755,0.7027027027027026,1,0.8,1,0.8076923076923077,1,0.7966758546750464,1,0.6367688776776409,1,0.8039578883193036,1,0.7981877407994787,1,0,0.22611955513937054
158,0.0,0.36,0.2542372881355932,0.6666666666666666,0.2631578947368421,0.25371354313265404,0.25371354313265404,0.0,0.4919786096256684,1.0,0.0,0.980701754385965,1.0,0.0,1.0,1.0,0.6666666666666666,0.6756756756756755,0.7027027027027026,1,0.8,1,0.8148148148148148,1,0.8435577586165076,1,0.6539094962934046,1,0.8148599318039814,1,0.8219898235358062,1,0,0.20847802915591418
159,0.1,0.36,0.2542372881355932,0.6666666666666666,0.2631578947368421,0.25371354313265404,0.25371354313265404,0.0,0.4919786096256684,1.0,0.0,0.9824561403508771,1.0,0.0,1.0,1.0,0.6666666666666666,0.6756756756756755,0.7027027027027026,1,0.8,1,0.8076923076923077,1,0.7966758546750464,1,0.6367688776776409,1,0.8039578883193036,1,0.7981877407994787,1,0,0.22611955513937054
160,0.0,0.36,0.2542372881355932,0.6666666666666666,0.2631578947368421,0.25371354313265404,0.25371354313265404,0.0,0.4919786096256684,1.0,0.0,0.980701754385965,1.0,0.0,0.9964912280701754,1.0,0.6666666666666666,0.6756756756756755,0.7027027027027026,1,0.8,1,0.8148148148148148,1,0.8435577586165076,1,0.6539094962934046,1,0.8148599318039814,1,0.8219898235358062,1,0,0.20847802915591418
161,0.0,0.36,0.2542372881355932,0.6666666666666666,0.2631578947368421,0.25371354313265404,0.25371354313265404,0.0,0.4919786096256684,1.0,0.0,0.980701754385965,1.0,0.0,0.9771929824561404,1.0,0.6666666666666666,0.6756756756756755,0.7027027027027026,1,0.6,1,0.875,1,0.7626033165802194,1,0.6270551175385688,1,0.8245986860967487,1,0.875240192381909,1,0,0.2392504479004257
162,0.1,0.36,0.2542372881355932,0.6666666666666666,0.2631578947368421,0.25371354313265404,0.25371354313265404,0.0,0.4919786096256684,1.0,0.0,0.9824561403508771,1.0,0.033707865168539325,0.9596491228070175,1.0,0.6666666666666666,0.6756756756756755,0.7027027027027026,1,0.6,1,0.875,1,0.7626033165802194,1,0.6270551175385688,1,0.8245986860967487,1,0.875240192381909,1,0,0.2392504479004257
163,1.0,0.36,0.7457627118644068,0.6666666666666666,0.2631578947368421,0.746286456867346,0.746286456867346,0.687719298245614,0.8413547237076648,0.0,0.0,0.9943820224719101,1.0,0.02280701754385965,1.0,1.0,0.6666666666666666,0.6756756756756755,0.7027027027027026,0,0.4,0,0.125,0,0.2373966834197802,0,0.37294488246143126,0,0.17540131390325137,0,0.12475980761809069,2,6,0.7607495520995744
164,1.0,0.36,0.7457627118644068,0.6666666666666666,0.2631578947368421,0.746286456867346,0.746286456867346,0.687719298245614,0.8413547237076648,0.0,0.0,0.9943820224719101,1.0,0.0,1.0,1.0,0.6666666666666666,0.6756756756756755,0.7027027027027026,0,0.0,0,0.17857142857142858,0,0.20084996227527022,0,0.3661588363514022,0,0.17021068906217007,0,0.17197802590583688,2,6,0.8187051763056487
165,1.0,0.36,0.7457627118644068,0.6666666666666666,0.2631578947368421,0.746286456867346,0.746286456867346,0.687719298245614,0.8413547237076648,0.0,0.0,0.9943820224719101,1.0,0.02456140350877193,1.0,1.0,0.6666666666666666,0.6756756756756755,0.7027027027027026,0,0.2,0,0.18518518518518517,0,0.1564422413834921,0,0.34609050370659544,0,0.18514006819601844,0,0.1780101764641939,2,6,0.7915219708440858
166,0.1,0.36,0.2542372881355932,0.6666666666666666,0.2631578947368421,0.25371354313265404,0.25371354313265404,0.0,0.4919786096256684,1.0,0.0,0.9824561403508771,1.0,0.0,0.9771929824561404,1.0,0.6666666666666666,0.6756756756756755,0.7027027027027026,1,0.8,1,0.8076923076923077,1,0.7966758546750464,1,0.6367688776776409,1,0.8039578883193036,1,0.7981877407994787,1,0,0.22611955513937054
167,0.1,0.36,0.2542372881355932,0.6666666666666666,0.2631578947368421,0.25371354313265404,0.25371354313265404,0.0,0.4919786096256684,1.0,0.0,0.9824561403508771,1.0,0.0,0.9771929824561404,1.0,0.6666666666666666,0.6756756756756755,0.7027027027027026,1,0.6,1,0.7777777777777778,1,0.8028914800516994,1,0.6450116195355023,1,0.8107655380931664,1,0.7687745615758295,1,0,0.2657965038276707
168,0.1,0.36,0.2542372881355932,0.6666666666666666,0.2631578947368421,0.25371354313265404,0.25371354313265404,0.0,0.4919786096256684,1.0,0.0,0.9824561403508771,1.0,0.0,0.9771929824561404,1.0,0.6666666666666666,0.6756756756756755,0.7027027027027026,1,0.6,1,0.7777777777777778,1,0.8028914800516994,1,0.6450116195355023,1,0.8107655380931664,1,0.7687745615758295,1,0,0.2657965038276707
169,0.1,0.36,0.2542372881355932,0.6666666666666666,0.2631578947368421,0.25371354313265404,0.25371354313265404,0.0,0.4919786096256684,1.0,0.0,0.9824561403508771,1.0,0.0,0.9771929824561404,1.0,0.6666666666666666,0.6756756756756755,0.7027027027027026,1,0.8,1,0.8076923076923077,1,0.7966758546750464,1,0.6367688776776409,1,0.8039578883193036,1,0.7981877407994787,1,0,0.22611955513937054
170,0.1,0.36,0.2542372881355932,0.6666666666666666,0.2631578947368421,0.25371354313265404,0.25371354313265404,0.0,0.4919786096256684,1.0,0.0,0.9824561403508771,1.0,0.0,0.9771929824561404,1.0,0.6666666666666666,0.6756756756756755,0.7027027027027026,1,0.6,1,0.875,1,0.7626033165802194,1,0.6270551175385688,1,0.8245986860967487,1,0.875240192381909,1,0,0.2392504479004257
171,0.1,0.36,0.2542372881355932,0.6666666666666666,0.2631578947368421,0.25371354313265404,0.25371354313265404,0.0,0.4919786096256684,1.0,0.0,0.9824561403508771,1.0,0.0,0.9771929824561404,1.0,0.6666666666666666,0.6756756756756755,0.7027027027027026,1,1.0,1,0.8214285714285714,1,0.7991500377247301,1,0.6338411636485979,1,0.82978931093783,1,0.8280219740941628,1,0,0.18129482369435124
172,0.1,0.36,0.2542372881355932,0.6666666666666666,0.2631578947368421,0.25371354313265404,0.25371354313265404,0.0,0.4919786096256684,1.0,0.0,0.9824561403508771,1.0,0.0056179775280898875,0.9771929824561404,1.0,0.6666666666666666,0.6756756756756755,0.7027027027027026,1,1.0,1,0.8214285714285714,1,0.7991500377247301,1,0.6338411636485979,1,0.82978931093783,1,0.8280219740941628,1,0,0.18129482369435124
173,0.1,0.36,0.2542372881355932,0.6666666666666666,0.2631578947368421,0.25371354313265404,0.25371354313265404,0.0,0.4919786096256684,1.0,0.0,0.9824561403508771,1.0,0.0,0.9771929824561404,1.0,0.6666666666666666,0.6756756756756755,0.7027027027027026,1,0.8,1,0.8076923076923077,1,0.7966758546750464,1,0.6367688776776409,1,0.8039578883193036,1,0.7981877407994787,1,0,0.22611955513937054
174,0.1,0.36,0.2542372881355932,0.6666666666666666,0.2631578947368421,0.25371354313265404,0.25371354313265404,0.0,0.4919786096256684,1.0,0.0,0.9824561403508771,1.0,0.0,0.9771929824561404,1.0,0.6666666666666666,0.6756756756756755,0.7027027027027026,1,0.6,1,0.7777777777777778,1,0.8028914800516994,1,0.6450116195355023,1,0.8107655380931664,1,0.7687745615758295,1,0,0.2657965038276707
175,0.2,0.74,0.1076115485564304,0.3333333333333333,0.42105263157894735,0.2823858548118041,0.2823858548118041,0.0,0.4919786096256684,0.0,0.3234655733751356,0.987719298245614,0.9404599878489771,0.0,0.9912280701754386,1.0,0.7747747747747747,0.8357464607464608,0.9285714285714286,1,1.0,1,1.0,1,0.7585997267236699,1,0.7002449180609417,1,0.7978518259146397,1,0.97,1,0,0.12888392155012485
176,0.8,0.98,0.8923884514435696,0.3333333333333333,0.631578947368421,0.8273440087044651,0.8273440087044651,0.687719298245614,0.8413547237076648,0.6666666666666666,0.751269035532995,0.9943820224719101,0.9952639654623876,0.0035087719298245615,1.0,1.0,0.6991869918699187,0.7663517376932012,0.9285714285714286,0,0.0,0,0.0,0,0.07073873456472561,0,0.20075739437977336,0,0.1813886316284868,0,0.06166666666666667,2,6,0.9142414287933913
177,0.6,1.0,0.39495798319327735,1.0,0.7368421052631579,0.7578963286659172,0.7578963286659172,0.687719298245614,0.8413547237076648,0.5,0.6666666666666667,0.9943820224719101,0.9959003140906635,0.0,1.0,1.0,0.7107438016528926,0.7534755670717054,0.8495575221238937,0,0.4,0,0.0,0,0.24514476955929598,0,0.2927975350153682,0,0.2915965944906616,0,0.444,2,6,0.721076850155779
178,0.7,0.98,0.39495798319327735,1.0,0.42105263157894735,0.7475921924217788,0.7475921924217788,0.687719298245614,0.8413547237076648,0.6666666666666666,0.5647058823529412,0.9943820224719101,0.9913794128205677,0.007017543859649123,0.9943820224719101,1.0,0.7226890756302521,0.7756302521008402,0.9142857142857143,0,0.0,0,0.0,0,0.15181202505133584,0,0.2649532281027528,0,0.21265197558836801,0,0.2,2,6,0.8617637952095906
179,0.2,0.78,0.2542372881355932,0.6666666666666666,0.21052631578947367,0.23911197032712495,0.23911197032712495,0.0,0.4919786096256684,0.0,0.0,0.9842105263157894,0.9767266302601991,0.0,0.9859649122807017,1.0,0.6880000000000001,0.71322406277245,0.7741935483870969,1,0.8,1,1.0,1,0.8308991622526193,1,0.685464091127252,1,0.8244117953000746,1,0.9,1,0,0.15987082522000895
180,0.7,0.98,0.7457627118644068,0.6666666666666666,0.631578947368421,0.7633294203803102,0.7633294203803102,0.687719298245614,0.8413547237076648,1.0,0.999999999999902,0.9943820224719101,1.0,0.007017543859649123,0.9943820224719101,1.0,0.6991869918699187,0.735307781649245,0.8,0,0.4,0,0.0,0,0.17859121154331759,0,0.28976670929431464,0,0.22088774983835127,0,0.17,2,6,0.7901257215540027
181,0.2,1.0,0.1076115485564304,0.3333333333333333,0.631578947368421,0.1841996217117754,0.1841996217117754,0.0,0.4919786096256684,1.0,0.827325453344101,0.9982456140350877,0.9947923355223828,0.0056179775280898875,0.9982456140350877,1.0,0.6991869918699187,0.7583468115848268,0.896551724137931,1,0.6,0,0.0,1,0.8554537342403662,1,0.7734251904181189,1,0.7805527593443713,0,0.19,1,2,0.466761385999524
182,0.5,0.9,0.2542372881355932,0.6666666666666666,0.42105263157894735,0.23735562286364775,0.23735562286364775,0.0,0.4919786096256684,0.5,0.0,0.9964912280701754,0.9839144804231551,0.0,0.9982456140350877,1.0,0.6991869918699187,0.7414853878268512,0.8648648648648649,1,0.8,1,1.0,1,0.8202336149517321,1,0.7059353572682088,1,0.7985903365344759,1,0.92,1,0,0.15920678187426385
183,0.0,0.9,0.2816901408450704,1.0,0.3157894736842105,0.4311394953196436,0.4311394953196436,0.0,0.4919786096256684,0.0,0.2752596181101348,0.980701754385965,0.8951209325567,0.0,0.9859649122807017,1.0,0.7164179104477613,0.7666879222047307,0.8037383177570093,1,1.0,1,1.0,0,0.42892041260215963,1,0.7541315692612581,1,0.8262340815972256,1,0.93,1,1,0.17678565608989283
184,0.1,0.96,0.1076115485564304,0.3333333333333333,0.47368421052631576,0.18305483501303543,0.18305483501303543,0.0,0.4919786096256684,0.0,0.10000000000000009,0.9859649122807017,0.9486403074593839,0.0,0.9894736842105263,1.0,0.7478260869565216,0.8239130434782609,1.0,1,1.0,1,1.0,1,0.9169963979618122,1,0.7767250126666069,1,0.844729316181483,1,0.99,1,0,0.0785915455316829
185,0.2,0.74,0.1076115485564304,0.3333333333333333,0.42105263157894735,0.24405544294393444,0.24405544294393444,0.0,0.4919786096256684,0.0,0.3027924377045895,0.9912280701754386,0.9461554534596662,0.0,0.9929824561403509,1.0,0.7610619469026548,0.825063211125158,0.9285714285714286,1,0.8,1,1.0,1,0.8357581654509141,1,0.7463123593205007,1,0.8043084878986999,1,0.93,1,0,0.147270164554981
186,0.5,1.0,0.6050420168067228,1.0,0.6842105263157895,0.2417554734718157,0.2417554734718157,0.0,0.4919786096256684,1.0,0.7218045112781954,0.9982456140350877,0.9954423417263294,0.011235955056179775,1.0,1.0,0.7107438016528926,0.7553719008264462,0.8571428571428572,1,0.6,1,1.0,1,0.7558053244943838,1,0.711615859827708,1,0.717749218789008,1,0.6359999999999999,1,0,0.26313826614814995
187,0.4,0.98,0.2542372881355932,0.6666666666666666,0.631578947368421,0.23667057961968985,0.23667057961968985,0.0,0.4919786096256684,0.0,0.999999999999852,0.9982456140350877,1.0,0.0056179775280898875,1.0,1.0,0.6991869918699187,0.735307781649245,0.8,0,0.2,0,0.0,1,0.7655636701934226,1,0.7018542136816921,1,0.7440934864189572,0,0.16,1,3,0.5714147716176547
188,0.4,0.92,0.1076115485564304,0.3333333333333333,0.5263157894736842,0.5142093904258621,0.5142093904258621,0.0,0.4919786096256684,0.0,0.48649815338865177,0.9964912280701754,0.9176863608929484,0.0,0.9964912280701754,1.0,0.7804878048780488,0.8305419448317766,0.8514851485148516,1,0.6,0,0.0,0,0.06697118414051728,1,0.7067587131306804,1,0.7589125888377544,1,0.71,1,2,0.5262262523151746
189,0.7,1.0,0.39495798319327735,1.0,0.631578947368421,0.7586066723691818,0.7586066723691818,0.687719298245614,0.8413547237076648,1.0,0.6666666666666667,0.9943820224719101,0.9958664213423073,0.005263157894736842,1.0,1.0,0.7107438016528926,0.7573024027569482,0.8648648648648649,0,0.4,0,0.0,0,0.24320198358291603,0,0.28401055345609644,0,0.27312377132679844,0,0.30666666666666664,2,6,0.7488328374945871
190,0.3,0.72,0.2816901408450704,1.0,0.3157894736842105,0.2664234890109727,0.2664234890109727,0.0,0.4919786096256684,0.0,0.0,0.987719298245614,0.9590938880182363,0.0,0.9929824561403509,1.0,0.7350427350427351,0.7981336124193268,0.979591836734694,1,0.8,1,1.0,1,0.8193547506995236,1,0.7584058227556156,1,0.8139276726786728,1,0.93,1,0,0.14638529231103148
191,0.3,0.72,0.2816901408450704,1.0,0.3157894736842105,0.2664234890109727,0.2664234890109727,0.0,0.4919786096256684,0.0,0.0,0.987719298245614,0.9590938880182363,0.0,0.9929824561403509,1.0,0.7350427350427351,0.7981336124193268,0.979591836734694,1,1.0,1,1.0,1,0.7802493862657066,1,0.7429699554243216,1,0.7875025367881604,1,0.96,1,0,0.12154635358696853
192,0.5,0.9,0.2542372881355932,0.6666666666666666,0.42105263157894735,0.23735562286364775,0.23735562286364775,0.0,0.4919786096256684,1.0,0.0,0.9964912280701754,0.9839144804231551,0.0056179775280898875,0.9982456140350877,1.0,0.6991869918699187,0.7414853878268512,0.8648648648648649,1,0.6,1,1.0,1,0.7694583328156821,1,0.7013200405313074,1,0.7814532347262404,1,0.795,1,0,0.2254613986544617
193,0.4,0.74,0.1076115485564304,0.3333333333333333,0.42105263157894735,0.32810516242263366,0.32810516242263366,0.0,0.4919786096256684,0.0,0.294234592445328,0.9929824561403509,0.9512919737461079,0.0,0.9929824561403509,1.0,0.7889908256880733,0.8574075007561245,0.9285714285714286,1,0.8,1,1.0,1,0.6376416863638781,1,0.7335690981346679,1,0.8336199544666649,1,0.76,1,0,0.20586154350579822
194,0.3,0.92,0.2542372881355932,0.6666666666666666,0.42105263157894735,0.24402646030874187,0.24402646030874187,0.0,0.4919786096256684,0.0,0.0,0.9912280701754386,0.9881096041344212,0.0,0.9912280701754386,1.0,0.6771653543307087,0.6960765346592119,0.7272727272727273,1,1.0,1,1.0,1,0.8087361412239105,1,0.6651948094728592,1,0.8131819512186442,1,0.9675119047619047,1,0,0.12422919888711359
195,0.8,1.0,0.39495798319327735,1.0,0.47368421052631576,0.7606362944473222,0.7606362944473222,0.687719298245614,0.8413547237076648,1.0,0.7108439080663769,0.9943820224719101,0.9841875271447046,0.0035087719298245615,1.0,1.0,0.7027027027027026,0.7734718189263644,0.9696969696969697,0,0.2,0,0.0,0,0.1906753144988955,0,0.27472774130938443,0,0.1758983243221965,0,0.07,2,6,0.8481164366449205
196,0.5,0.98,0.8923884514435696,0.3333333333333333,0.3684210526315789,0.7521347621753072,0.7521347621753072,0.687719298245614,0.8413547237076648,1.0,0.7089041095890412,0.9943820224719101,0.9901678894837729,0.008771929824561403,1.0,1.0,0.7478260869565216,0.8128019323671497,0.8888888888888888,0,0.2,0,0.0,0,0.19066826904106574,0,0.23923264536979025,0,0.23702812093137926,0,0.31,2,6,0.8038451607762941
197,0.3,0.92,0.6050420168067228,1.0,0.42105263157894735,0.24928694165467613,0.24928694165467613,0.0,0.4919786096256684,0.0,0.1428571428571429,0.987719298245614,0.9703692808054064,0.0,0.9947368421052631,1.0,0.7226890756302521,0.7894830659536541,0.9696969696969697,1,1.0,1,1.0,1,0.7957725670200954,1,0.7417905312253876,1,0.8009662502065846,1,0.93,1,0,0.1219117752579888
198,0.1,0.74,0.1076115485564304,0.3333333333333333,0.6842105263157895,0.19674862808095006,0.19674862808095006,0.0,0.4919786096256684,0.0,0.31322888857664744,0.9824561403508771,0.9522112472593146,0.0,0.9859649122807017,1.0,0.7350427350427351,0.8047924297924298,0.9285714285714286,1,1.0,1,1.0,1,0.8816253330637316,1,0.7869684264428467,1,0.7833895148381637,1,0.9463333333333334,1,0,0.10028056538698749
199,0.2,0.88,0.1076115485564304,0.3333333333333333,0.47368421052631576,0.2772498097411784,0.2772498097411784,0.0,0.4919786096256684,0.0,0.39970394633239903,0.9859649122807017,0.9472304280536998,0.0,1.0,1.0,0.7610619469026548,0.8348214024942316,0.9504950495049503,1,1.0,1,1.0,1,0.7890778924331567,1,0.7677133544922585,1,0.7985434858343491,1,0.905,1,0,0.12327754454003925
200,0.0,0.72,0.2816901408450704,1.0,0.3157894736842105,0.2463078727233433,0.2463078727233433,0.0,0.4919786096256684,0.0,0.26265389876880985,0.9719298245614035,0.9443016975093143,0.0,0.987719298245614,1.0,0.7226890756302521,0.7919567827130852,0.979591836734694,1,1.0,1,1.0,1,0.810046810846985,1,0.7650981816234367,1,0.8030202022818176,1,0.99,1,0,0.10530580087462671
201,0.1,0.72,0.2816901408450704,1.0,0.3157894736842105,0.2621092262857706,0.2621092262857706,0.0,0.4919786096256684,0.25,0.0,0.9964912280701754,0.9861676350890399,0.0,0.9824561403508771,1.0,0.7350427350427351,0.7840048840048841,0.9230769230769231,1,0.8,1,1.0,1,0.7899751004000287,1,0.765618058995881,1,0.8037811076855013,1,0.97,1,0,0.1451042888197649
202,0.6,1.0,0.7457627118644068,0.6666666666666666,0.47368421052631576,0.7716074863002227,0.7716074863002227,0.687719298245614,0.8413547237076648,1.0,0.5414012738853502,0.9943820224719101,0.9861138171062187,0.0017543859649122807,1.0,1.0,0.6771653543307087,0.7133301519128291,0.787878787878788,0,0.2,0,0.5,0,0.17104201139366532,0,0.2649765994842524,0,0.19308555664857285,0,0.18045238095238098,2,6,0.7484072419201881
203,0.1,0.72,0.2816901408450704,1.0,0.3157894736842105,0.2621092262857706,0.2621092262857706,0.0,0.4919786096256684,1.0,0.0,0.9964912280701754,0.9861676350890399,0.0,0.9824561403508771,1.0,0.7350427350427351,0.7840048840048841,0.9230769230769231,1,0.8,1,1.0,1,0.8221452203234992,1,0.7851541431550408,1,0.8339952628342844,1,0.97,1,0,0.13145089561452938
204,0.3,0.74,0.1076115485564304,0.3333333333333333,0.42105263157894735,0.24215901661361805,0.24215901661361805,0.0,0.4919786096256684,0.0,0.2848837209302326,0.9929824561403509,0.9688104218834195,0.0,0.987719298245614,1.0,0.7610619469026548,0.8348960528164068,0.9285714285714286,1,0.8,1,1.0,1,0.8395347497104032,1,0.7706703288909462,1,0.8212276804369425,1,0.86,1,0,0.15142787349361786
205,0.1,0.74,0.1076115485564304,0.3333333333333333,0.42105263157894735,0.18414360339739966,0.18414360339739966,0.0,0.4919786096256684,0.0,0.09250471962855256,0.9842105263157894,0.9578186958089059,0.0,0.9894736842105263,1.0,0.7226890756302521,0.7934873949579833,0.9285714285714286,1,1.0,1,1.0,1,0.897945105304805,1,0.7969637528998366,1,0.7873343579373312,1,1.0,1,0,0.08629279730967132
206,0.4,0.92,0.2542372881355932,0.6666666666666666,0.42105263157894735,0.24386653203655428,0.24386653203655428,0.0,0.4919786096256684,0.0,0.3379310344827585,0.9947368421052631,0.9843455956562553,0.0,0.9912280701754386,1.0,0.6771653543307087,0.6988737374564147,0.7384615384615385,1,1.0,1,1.0,1,0.8199487284731448,1,0.6835884315698622,1,0.8486739262915448,1,0.890462481962482,1,0,0.12622107195049448
207,0.0,0.84,0.2816901408450704,1.0,0.3684210526315789,0.24984283817302988,0.24984283817302988,0.0,0.4919786096256684,0.0,0.0565819861431871,0.980701754385965,0.9023301949583524,0.0,0.987719298245614,1.0,0.7027027027027026,0.739918354672453,0.7868852459016392,1,1.0,0,0.0,1,0.7722407824308174,1,0.782270789862545,1,0.848303931233355,1,0.52,1,1,0.34619741607888044
208,0.1,0.74,0.1076115485564304,0.3333333333333333,0.42105263157894735,0.18398445720196377,0.18398445720196377,0.0,0.4919786096256684,0.0,0.10193410547621728,0.9842105263157894,0.9619548259706605,0.0,0.9894736842105263,1.0,0.7226890756302521,0.7951680672268907,0.9285714285714286,1,1.0,1,1.0,1,0.898024729061092,1,0.7999689265351664,1,0.7901004908912833,1,1.0,1,0,0.08531764225207639
209,0.3,0.96,0.1076115485564304,0.3333333333333333,0.2631578947368421,0.17175252397137653,0.17175252397137653,0.0,0.4919786096256684,0.25,0.33333333333333337,0.9964912280701754,0.9921975193878517,0.0,0.9964912280701754,1.0,0.6880000000000001,0.757961038961039,0.9285714285714286,1,0.6,1,1.0,1,0.8815252429866118,1,0.8032487756128153,1,0.8084274952158216,1,0.53,1,0,0.22946641436412518
210,0.4,0.31999999999999995,0.2542372881355932,0.6666666666666666,0.3157894736842105,0.2503207922575892,0.2503207922575892,0.0,0.4919786096256684,1.0,0.0,0.9964912280701754,1.0,0.0,1.0,1.0,0.6666666666666666,0.6880617035546612,0.7428571428571428,1,0.8,1,0.8,1,0.8089589874831714,1,0.6910204569582308,1,0.8298737614807279,1,0.7964384089707339,1,0,0.21228473085118937
211,0.4,0.31999999999999995,0.2542372881355932,0.6666666666666666,0.3157894736842105,0.2503207922575892,0.2503207922575892,0.0,0.4919786096256684,1.0,0.0,0.9964912280701754,1.0,0.0,1.0,1.0,0.6666666666666666,0.6880617035546612,0.7428571428571428,1,0.8,1,0.7407407407407407,1,0.849994546166005,1,0.7023447637946445,1,0.8149637483733566,1,0.7458602196490625,1,0,0.22434933021269854
212,0.4,0.31999999999999995,0.2542372881355932,0.6666666666666666,0.3157894736842105,0.2503207922575892,0.2503207922575892,0.0,0.4919786096256684,1.0,0.0,0.9982456140350877,1.0,0.0,1.0,1.0,0.6666666666666666,0.6880617035546612,0.7428571428571428,1,0.8,1,0.7931034482758621,1,0.764978594103129,1,0.6808446987175265,1,0.8247336118967101,1,0.7857118053469292,1,0,0.22510464027664057
213,0.4,0.31999999999999995,0.2542372881355932,0.6666666666666666,0.3157894736842105,0.2503207922575892,0.2503207922575892,0.0,0.4919786096256684,1.0,0.0,0.9982456140350877,1.0,0.0449438202247191,0.9596491228070175,1.0,0.6666666666666666,0.6880617035546612,0.7428571428571428,1,0.8,1,0.75,1,0.797253644676912,1,0.6898794433291047,1,0.8040464554619422,1,0.7699327938748013,1,0,0.23148127710953992
214,0.4,0.31999999999999995,0.2542372881355932,0.6666666666666666,0.3157894736842105,0.2503207922575892,0.2503207922575892,0.0,0.4919786096256684,1.0,0.0,0.9964912280701754,1.0,0.0,1.0,1.0,0.6666666666666666,0.6880617035546612,0.7428571428571428,1,0.8,1,0.75,1,0.797253644676912,1,0.6898794433291047,1,0.8040464554619422,1,0.7699327938748013,1,0,0.23148127710953992
215,0.6,0.31999999999999995,0.7457627118644068,0.6666666666666666,0.3157894736842105,0.7496792077424108,0.7496792077424108,0.687719298245614,0.8413547237076648,0.0,0.0,0.9943820224719101,1.0,0.0,1.0,1.0,0.6666666666666666,0.6880617035546612,0.7428571428571428,0,0.2,0,0.25,0,0.20274635532308843,0,0.3101205566708954,0,0.19595354453805772,0,0.2300672061251987,2,6,0.76851872289046
216,0.4,0.31999999999999995,0.2542372881355932,0.6666666666666666,0.3157894736842105,0.2503207922575892,0.2503207922575892,0.0,0.4919786096256684,1.0,0.0,0.9964912280701754,1.0,0.0,1.0,1.0,0.6666666666666666,0.6880617035546612,0.7428571428571428,1,0.8,1,0.7931034482758621,1,0.764978594103129,1,0.6808446987175265,1,0.8247336118967101,1,0.7857118053469292,1,0,0.22510464027664057
217,0.4,0.31999999999999995,0.2542372881355932,0.6666666666666666,0.3157894736842105,0.2503207922575892,0.2503207922575892,0.0,0.4919786096256684,1.0,0.0,0.9964912280701754,1.0,0.0,1.0,1.0,0.6666666666666666,0.6880617035546612,0.7428571428571428,1,0.8,1,0.7931034482758621,1,0.764978594103129,1,0.6808446987175265,1,0.8247336118967101,1,0.7857118053469292,1,0,0.22510464027664057
218,0.4,0.31999999999999995,0.2542372881355932,0.6666666666666666,0.3157894736842105,0.2503207922575892,0.2503207922575892,0.0,0.4919786096256684,1.0,0.0,0.9964912280701754,1.0,0.0,1.0,1.0,0.6666666666666666,0.6880617035546612,0.7428571428571428,1,1.0,1,0.7666666666666667,1,0.8083618724886029,1,0.6975729170992242,1,0.8108431681722155,1,0.7704943204919604,1,0,0.1910101758468884
219,0.4,0.31999999999999995,0.2542372881355932,0.6666666666666666,0.3157894736842105,0.2503207922575892,0.2503207922575892,0.0,0.4919786096256684,1.0,0.0,0.9964912280701754,1.0,0.0,1.0,1.0,0.6666666666666666,0.6880617035546612,0.7428571428571428,1,0.8,1,0.7407407407407407,1,0.849994546166005,1,0.7023447637946445,1,0.8149637483733566,1,0.7458602196490625,1,0,0.22434933021269854
220,0.4,0.31999999999999995,0.2542372881355932,0.6666666666666666,0.3157894736842105,0.2503207922575892,0.2503207922575892,0.0,0.4919786096256684,1.0,0.0,0.9964912280701754,1.0,0.0,1.0,1.0,0.6666666666666666,0.6880617035546612,0.7428571428571428,1,0.8,1,0.7407407407407407,1,0.849994546166005,1,0.7023447637946445,1,0.8149637483733566,1,0.7458602196490625,1,0,0.22434933021269854
221,0.7,0.31999999999999995,0.7457627118644068,0.6666666666666666,0.3157894736842105,0.7496792077424108,0.7496792077424108,0.687719298245614,0.8413547237076648,0.0,0.0,0.9943820224719101,1.0,0.0,1.0,1.0,0.6666666666666666,0.6880617035546612,0.7428571428571428,0,0.2,0,0.2,0,0.19104101251682878,0,0.3089795430417693,0,0.1701262385192724,0,0.20356159102926596,2,6,0.7877152691488106
222,0.7,0.31999999999999995,0.7457627118644068,0.6666666666666666,0.3157894736842105,0.7496792077424108,0.7496792077424108,0.687719298245614,0.8413547237076648,0.0,0.0,0.9943820224719101,1.0,0.0,1.0,1.0,0.6666666666666666,0.6880617035546612,0.7428571428571428,0,0.2,0,0.20689655172413793,0,0.23502140589687084,0,0.31915530128247344,0,0.17526638810328993,0,0.21428819465307083,2,6,0.7748953597233595
223,0.4,0.31999999999999995,0.2542372881355932,0.6666666666666666,0.3157894736842105,0.2503207922575892,0.2503207922575892,0.0,0.4919786096256684,1.0,0.0,0.9964912280701754,1.0,0.0,1.0,1.0,0.6666666666666666,0.6880617035546612,0.7428571428571428,1,0.8,1,0.75,1,0.797253644676912,1,0.6898794433291047,1,0.8040464554619422,1,0.7699327938748013,1,0,0.23148127710953992
224,0.7,0.31999999999999995,0.7457627118644068,0.6666666666666666,0.3157894736842105,0.7496792077424108,0.7496792077424108,0.687719298245614,0.8413547237076648,0.0,0.0,0.9943820224719101,1.0,0.005263157894736842,1.0,1.0,0.6666666666666666,0.6880617035546612,0.7428571428571428,0,0.2,0,0.25,0,0.20274635532308843,0,0.3101205566708954,0,0.19595354453805772,0,0.2300672061251987,2,6,0.76851872289046
225,0.7,0.31999999999999995,0.7457627118644068,0.6666666666666666,0.3157894736842105,0.7496792077424108,0.7496792077424108,0.687719298245614,0.8413547237076648,0.0,0.0,0.9943820224719101,1.0,0.042105263157894736,1.0,1.0,0.6666666666666666,0.6880617035546612,0.7428571428571428,0,0.0,0,0.23333333333333334,0,0.19163812751139664,0,0.30242708290077575,0,0.18915683182778467,0,0.22950567950803943,2,6,0.8089898241531117
226,0.4,0.31999999999999995,0.2542372881355932,0.6666666666666666,0.3157894736842105,0.2503207922575892,0.2503207922575892,0.0,0.4919786096256684,1.0,0.0,0.9964912280701754,1.0,0.0,1.0,1.0,0.6666666666666666,0.6880617035546612,0.7428571428571428,1,0.8,1,0.7407407407407407,1,0.849994546166005,1,0.7023447637946445,1,0.8149637483733566,1,0.7458602196490625,1,0,0.22434933021269854
227,0.2,0.78,0.2542372881355932,0.6666666666666666,0.21052631578947367,0.2353631238827295,0.2353631238827295,0.0,0.4919786096256684,0.5,0.7218045112781954,0.9982456140350877,0.995784995233999,0.0056179775280898875,0.987719298245614,1.0,0.6880000000000001,0.7264355971896955,0.7868852459016392,1,0.6,0,0.0,1,0.840480051691162,1,0.7379152488536117,1,0.8349400621981473,0,0.3366666666666667,1,2,0.44166632843173537
228,0.4,0.31999999999999995,0.2542372881355932,0.6666666666666666,0.3157894736842105,0.2503207922575892,0.2503207922575892,0.0,0.4919786096256684,1.0,0.0,0.9982456140350877,1.0,0.0,1.0,1.0,0.6666666666666666,0.6880617035546612,0.7428571428571428,1,0.8,1,0.8,1,0.8089589874831714,1,0.6910204569582308,1,0.8298737614807279,1,0.7964384089707339,1,0,0.21228473085118937
229,0.3,0.31999999999999995,0.2542372881355932,0.6666666666666666,0.3157894736842105,0.2503207922575892,0.2503207922575892,0.0,0.4919786096256684,1.0,0.0,0.9964912280701754,1.0,0.0,1.0,1.0,0.6666666666666666,0.6880617035546612,0.7428571428571428,1,0.8,1,0.75,1,0.797253644676912,1,0.6898794433291047,1,0.8040464554619422,1,0.7699327938748013,1,0,0.23148127710953992
230,0.3,0.31999999999999995,0.2542372881355932,0.6666666666666666,0.3157894736842105,0.2503207922575892,0.2503207922575892,0.0,0.4919786096256684,1.0,0.0,0.9964912280701754,1.0,0.0,1.0,1.0,0.6666666666666666,0.6880617035546612,0.7428571428571428,1,1.0,1,0.7666666666666667,1,0.8083618724886029,1,0.6975729170992242,1,0.8108431681722155,1,0.7704943204919604,1,0,0.1910101758468884
231,0.7,0.31999999999999995,0.7457627118644068,0.6666666666666666,0.3157894736842105,0.7496792077424108,0.7496792077424108,0.687719298245614,0.8413547237076648,0.0,0.0,0.9943820224719101,1.0,0.0,1.0,1.0,0.6666666666666666,0.6880617035546612,0.7428571428571428,0,0.2,0,0.20689655172413793,0,0.23502140589687084,0,0.31915530128247344,0,0.17526638810328993,0,0.21428819465307083,2,6,0.7748953597233595
232,0.3,0.31999999999999995,0.2542372881355932,0.6666666666666666,0.3157894736842105,0.2503207922575892,0.2503207922575892,0.0,0.4919786096256684,1.0,0.0,0.9964912280701754,1.0,0.0,1.0,1.0,0.6666666666666666,0.6880617035546612,0.7428571428571428,1,0.8,1,0.75,1,0.797253644676912,1,0.6898794433291047,1,0.8040464554619422,1,0.7699327938748013,1,0,0.23148127710953992
233,0.3,1.0,0.1076115485564304,0.3333333333333333,0.5789473684210527,0.23079228742049285,0.23079228742049285,0.0,0.4919786096256684,1.0,0.7301412465984191,0.9982456140350877,0.9890833414148933,0.011235955056179775,0.9947368421052631,1.0,0.7478260869565216,0.8223500399333044,0.8971962616822429,1,0.8,1,1.0,1,0.8570947137035152,1,0.7838471604086414,1,0.8087478594931748,1,0.6,1,0,0.19171837773244482
234,0.0,0.74,0.1076115485564304,0.3333333333333333,0.42105263157894735,0.1564140013848977,0.1564140013848977,0.0,0.4919786096256684,0.0,0.2848664688427299,0.980701754385965,0.9577000436424357,0.0,0.987719298245614,1.0,0.7350427350427351,0.8082621082621084,0.9629629629629631,1,1.0,1,1.0,1,0.9077904546721632,1,0.811501859017372,1,0.8534415823797238,1,0.9733333333333333,1,0,0.0756554617662345
235,0.2,0.88,0.1076115485564304,0.3333333333333333,0.47368421052631576,0.32287791078531747,0.32287791078531747,0.0,0.4919786096256684,0.0,0.327325453344101,0.9929824561403509,0.9425734010648599,0.0,0.9947368421052631,1.0,0.7747747747747747,0.8172482929807582,0.8807339449541284,1,0.8,1,1.0,1,0.6761920812993568,1,0.785913700608883,1,0.8140806525955183,1,0.89,1,0,0.1723022609160404
236,0.3,0.96,0.1076115485564304,0.3333333333333333,0.2631578947368421,0.171713050752065,0.171713050752065,0.0,0.4919786096256684,0.5,0.5,0.9964912280701754,0.9960834804098412,0.0056179775280898875,0.9964912280701754,1.0,0.6880000000000001,0.7593489640130862,0.9285714285714286,1,0.8,1,1.0,1,0.92943276012268,1,0.8184589362236203,1,0.8290536750815328,1,0.885,1,0,0.12300910476202775
237,0.3,0.92,0.2542372881355932,0.6666666666666666,0.42105263157894735,0.2405782491576769,0.2405782491576769,0.0,0.4919786096256684,0.0,0.16666666666666663,0.9894736842105263,0.9800928487978847,0.0,0.9947368421052631,1.0,0.6771653543307087,0.7061151446978218,0.7428571428571428,1,0.8,1,1.0,1,0.8286350978664442,1,0.7150477504642007,1,0.8383696099152459,1,0.7438044733044733,1,0,0.17902384474160604
238,0.4,0.9,0.2542372881355932,0.6666666666666666,0.42105263157894735,0.23403182193091687,0.23403182193091687,0.0,0.4919786096256684,1.0,0.6390977443609023,0.9982456140350877,0.9879583148808503,0.0,1.0,1.0,0.6991869918699187,0.7582788803484991,0.9320388349514565,1,0.8,1,1.0,1,0.8445395595411389,1,0.766179440139781,1,0.8611140813165503,1,0.92,1,0,0.1346944865004217
239,0.2,0.88,0.1076115485564304,0.3333333333333333,0.47368421052631576,0.28477122930479737,0.28477122930479737,0.0,0.4919786096256684,0.0,0.34814761110708325,0.9894736842105263,0.9463659357178649,0.0,0.9912280701754386,1.0,0.7610619469026548,0.8209776235753969,0.9230769230769231,1,0.8,1,1.0,1,0.7563464849368903,1,0.7924648957441363,1,0.802878593878125,1,0.81,1,0,0.17305167090680806
240,0.7,0.98,0.8923884514435696,0.3333333333333333,0.3684210526315789,0.7444943839937695,0.7444943839937695,0.687719298245614,0.8413547237076648,0.5,0.35038236170424086,0.9887640449438202,0.9669544657697573,0.0035087719298245615,0.9943820224719101,1.0,0.7478260869565216,0.828488422016773,0.979591836734694,0,0.4,1,1.0,0,0.25659889000961894,0,0.2130625173872846,0,0.18187323074372255,0,0.4733333333333334,2,5,0.5791886714210068
241,0.2,0.98,0.1076115485564304,0.3333333333333333,0.5789473684210527,0.5419730815622988,0.5419730815622988,0.0,0.4919786096256684,0.0,0.45675198587819943,0.9947368421052631,0.8284320557491289,0.0,1.0,1.0,0.6666666666666666,0.8930623973727422,0.9885057471264368,1,1.0,1,1.0,0,0.00035143877893963456,1,0.6997271039476785,1,0.886534469988798,1,0.93,1,1,0.24723116454743066
242,0.9,1.0,0.7457627118644068,0.6666666666666666,0.2631578947368421,0.7648473363633904,0.7648473363633904,0.687719298245614,0.8413547237076648,1.0,0.8310344827586207,0.9943820224719101,0.9961502608607022,0.02280701754385965,1.0,1.0,0.6880000000000001,0.7280613931523022,0.7933884297520662,0,0.0,0,0.0,0,0.17536221435748475,0,0.2700152404420944,0,0.18114740894685263,0,0.026666666666666665,2,6,0.8911347449311503
243,0.9,1.0,0.8923884514435696,0.3333333333333333,0.5789473684210527,0.46900421956764105,0.46900421956764105,0.687719298245614,0.8413547237076648,1.0,0.6597217784026757,0.9943820224719101,0.9449296148555234,0.008771929824561403,1.0,1.0,0.7679999999999999,0.8674418262150221,0.9285714285714286,0,0.0,0,0.0,1,0.9511672135706006,0,0.25062124661949037,0,0.1742574062919168,0,0.06,2,5,0.7606590222529986
244,0.2,0.92,0.1076115485564304,0.3333333333333333,0.3157894736842105,0.19762824570859827,0.19762824570859827,0.0,0.4919786096256684,0.2,0.3999999999999999,0.9912280701754386,0.9850686575123316,0.0056179775280898875,0.9929824561403509,1.0,0.6771653543307087,0.7330271216097989,0.8666666666666667,1,0.8,0,0.0,1,0.8768173617799945,1,0.788583620887518,1,0.8054851864522495,1,0.7041666666666666,1,1,0.33749119403559524
245,0.3,1.0,0.6050420168067228,1.0,0.47368421052631576,0.2365127551420847,0.2365127551420847,0.0,0.4919786096256684,0.5,0.5215476103076133,0.9982456140350877,0.9826692125222053,0.0056179775280898875,0.9947368421052631,1.0,0.7107438016528926,0.7810861865407319,0.9600000000000002,1,0.6,0,0.0,1,0.8464999741262497,1,0.7889572800224647,1,0.8433953124052351,1,0.58,1,1,0.39019123890767504
246,0.1,0.74,0.1076115485564304,0.3333333333333333,0.42105263157894735,0.37261557143763335,0.37261557143763335,0.0,0.4919786096256684,0.0,0.07717295009351322,0.9894736842105263,0.9123875445460663,0.0,0.9947368421052631,1.0,0.8037383177570093,0.8647812467905927,0.9285714285714286,1,0.8,1,1.0,1,0.616215298368801,1,0.7798547022229682,1,0.8307083156176226,1,0.81,1,0,0.19387028063176803
247,0.1,0.92,0.1076115485564304,0.3333333333333333,0.5263157894736842,0.41214331995485187,0.41214331995485187,0.0,0.4919786096256684,0.0,0.28536318221889767,0.987719298245614,0.8974444495560565,0.0,0.987719298245614,1.0,0.7272727272727273,0.7868123406966865,0.8125,1,1.0,1,1.0,1,0.5346756905510073,1,0.8084811747583256,1,0.8374749336287,1,0.88,1,0,0.15656136684366118
248,0.0,0.92,0.1076115485564304,0.3333333333333333,0.3157894736842105,0.1740221570441366,0.1740221570441366,0.0,0.4919786096256684,0.125,0.0,0.9789473684210527,0.985115249954428,0.0,0.9912280701754386,1.0,0.6771653543307087,0.7485033120859893,0.9285714285714286,1,1.0,1,1.0,1,0.8818788142935731,1,0.8125505090236256,1,0.8157197184768508,1,0.9861004273504274,1,0,0.08395842180925384
249,0.0,0.92,0.1076115485564304,0.3333333333333333,0.3157894736842105,0.1740221570441366,0.1740221570441366,0.0,0.4919786096256684,0.0,0.0,0.9789473684210527,0.985115249954428,0.0,0.9912280701754386,1.0,0.6771653543307087,0.7485033120859893,0.9285714285714286,1,1.0,1,1.0,1,0.9249379462808544,1,0.8249829857982564,1,0.8298112634408636,1,0.9981818181818182,1,0,0.07034766438303464
250,0.0,0.92,0.1076115485564304,0.3333333333333333,0.3157894736842105,0.1740221570441366,0.1740221570441366,0.0,0.4919786096256684,0.0,0.0,0.9789473684210527,0.985115249954428,0.0,0.9912280701754386,1.0,0.6771653543307087,0.7485033120859893,0.9285714285714286,1,1.0,1,1.0,1,0.8818788142935731,1,0.8125505090236256,1,0.8157197184768508,1,0.9861004273504274,1,0,0.08395842180925384
251,0.1,0.84,0.2816901408450704,1.0,0.3684210526315789,0.23191442164496412,0.23191442164496412,0.0,0.4919786096256684,0.0,0.2949816401468788,0.9894736842105263,0.9330693206121494,0.0,0.9859649122807017,1.0,0.7027027027027026,0.7353673209288183,0.7933884297520662,1,1.0,0,0.0,1,0.8002103963744758,1,0.798505011067757,1,0.8483151431185977,1,0.695,1,1,0.30966157490652824
252,0.8,1.0,0.8923884514435696,0.3333333333333333,0.5789473684210527,0.7872006664390508,0.7872006664390508,0.687719298245614,0.8413547237076648,1.0,0.6291793313069909,0.9943820224719101,0.9858635016801576,0.005263157894736842,1.0,1.0,0.7478260869565216,0.8346273291925465,0.9285714285714286,0,0.2,0,0.0,0,0.11850772347619914,0,0.19109329515573,0,0.16556975523552586,0,0.1,2,6,0.8708048710220908
253,0.8,0.98,0.8923884514435696,0.3333333333333333,0.631578947368421,0.8283343650344605,0.8283343650344605,0.687719298245614,0.8413547237076648,0.5,0.7966804979253113,0.9943820224719101,0.9964007925006253,0.008771929824561403,1.0,1.0,0.6880000000000001,0.7607582417582418,0.9285714285714286,0,0.0,0,0.0,0,0.07044969952685486,0,0.17762041774254858,0,0.16935505751970353,0,0.115,2,6,0.9112624708684822
254,0.3,0.74,0.1076115485564304,0.3333333333333333,0.42105263157894735,0.4058938345791274,0.4058938345791274,0.0,0.4919786096256684,0.0,0.1956317519962424,0.987719298245614,0.8910800092860255,0.0,0.9929824561403509,1.0,0.8190476190476191,0.8788359788359789,0.9629629629629631,1,0.8,1,1.0,0,0.3988900885943056,1,0.7459213669368057,1,0.800595242657449,1,0.87,1,1,0.2307655503019066
255,0.3,1.0,0.2542372881355932,0.6666666666666666,0.47368421052631576,0.23560743510042714,0.23560743510042714,0.0,0.4919786096256684,0.3333333333333333,0.5450819672131146,0.9982456140350877,0.9868065814273344,0.0056179775280898875,0.9964912280701754,1.0,0.6880000000000001,0.735891891891892,0.8648648648648649,1,1.0,1,1.0,1,0.8384996436730482,1,0.7549062768322775,1,0.8700790063586389,1,0.92,1,0,0.10275251218933923
256,0.0,0.8200000000000001,0.1076115485564304,0.3333333333333333,0.3684210526315789,0.14380529324538038,0.14380529324538038,0.0,0.4919786096256684,0.0,0.21449275362318831,0.980701754385965,0.9373986361295725,0.0,0.9929824561403509,1.0,0.7478260869565216,0.8014408050212182,0.896551724137931,1,1.0,1,1.0,1,0.9619227533196679,1,0.8037959830240631,1,0.858981682198354,1,0.9116666666666667,1,0,0.07727215246520791
257,0.3,1.0,0.1076115485564304,0.3333333333333333,1.0,0.19475402826581223,0.19475402826581223,0.0,0.4919786096256684,0.0,0.4395342138830597,0.9929824561403509,0.965482287530188,0.0,0.9964912280701754,1.0,0.7350427350427351,0.8198477109027569,0.9285714285714286,1,0.6,1,1.0,1,0.8380926507076311,1,0.802572125009198,1,0.8213465013529522,1,0.8166666666666668,1,0,0.18688700937725866
258,0.3,0.94,0.2542372881355932,0.6666666666666666,0.42105263157894735,0.23443851443276864,0.23443851443276864,0.0,0.4919786096256684,0.5,0.5714285714285714,0.9982456140350877,0.9871381344028302,0.0,0.9947368421052631,1.0,0.6880000000000001,0.7331041162227603,0.8135593220338984,1,1.0,0,0.0,1,0.8250145432551864,1,0.7408846678306886,1,0.8263432681588669,1,0.9266666666666665,1,1,0.2801818090147652
259,0.1,0.74,0.1076115485564304,0.3333333333333333,0.42105263157894735,0.34784375055160077,0.34784375055160077,0.0,0.4919786096256684,0.0,0.07164397331627526,0.987719298245614,0.9057513421241434,0.0,0.9894736842105263,1.0,0.8037383177570093,0.8733791303884761,0.9629629629629631,1,1.0,1,1.0,1,0.5673542538906784,1,0.769720066705866,1,0.8182016941760876,1,0.96,1,0,0.14745399753789468
260,0.3,1.0,0.2542372881355932,0.6666666666666666,0.5789473684210527,0.23164244608928652,0.23164244608928652,0.0,0.4919786096256684,1.0,0.6967213114754098,0.9982456140350877,0.9907548348440229,0.0056179775280898875,0.9982456140350877,1.0,0.6991869918699187,0.7638792102206736,0.9142857142857143,1,0.6,0,0.0,1,0.8239173863650916,1,0.7643448625678446,1,0.8331705831969533,0,0.28,1,2,0.4497611946450184
261,0.7,0.98,0.8923884514435696,0.3333333333333333,0.42105263157894735,0.5358373217065588,0.5358373217065588,0.687719298245614,0.8413547237076648,1.0,0.6847862753602236,0.9943820224719101,0.9594025515381536,0.005263157894736842,1.0,1.0,0.8067226890756303,0.8512992575671046,0.9285714285714286,0,0.2,0,0.0,1,0.6245302578259003,0,0.20672210075681402,0,0.18740690342120236,0,0.06,2,5,0.7868901229993471
262,0.0,0.78,0.2542372881355932,0.6666666666666666,0.21052631578947367,0.24284733758193067,0.24284733758193067,0.0,0.4919786096256684,0.0,0.10511973096770455,0.9789473684210527,0.9650110743100943,0.0,0.9912280701754386,1.0,0.6771653543307087,0.7093803040605422,0.7804878048780488,1,1.0,1,1.0,1,0.8225644867655649,1,0.722439694636541,1,0.8700689280759183,1,1.0,1,0,0.09748781508699589
263,1.0,1.0,0.7457627118644068,0.6666666666666666,0.5263157894736842,0.7655294385690976,0.7655294385690976,0.687719298245614,0.8413547237076648,1.0,0.7779909384056491,0.9943820224719101,0.9877131394182548,0.007017543859649123,1.0,1.0,0.6880000000000001,0.741897897897898,0.8888888888888888,0,0.0,0,0.0,0,0.15918112280270885,0,0.23062442790373888,0,0.12347971982013237,0,0.11,2,6,0.8961191215789033
264,0.1,0.72,0.2816901408450704,1.0,0.3157894736842105,0.22942820820360588,0.22942820820360588,0.0,0.4919786096256684,0.0,0.0,0.9842105263157894,0.946618493846675,0.0,0.987719298245614,1.0,0.7107438016528926,0.7718554173099628,0.9230769230769231,1,1.0,1,1.0,1,0.8739926763492589,1,0.8328741691920628,1,0.8483837799526706,1,1.0,1,0,0.07412489575100134
265,0.7,1.0,0.7457627118644068,0.6666666666666666,0.5263157894736842,0.7692518125117662,0.7692518125117662,0.687719298245614,0.8413547237076648,1.0,0.8181818181818181,0.9943820224719101,0.991590967595309,0.005263157894736842,1.0,1.0,0.6991869918699187,0.7683174903871092,0.9320388349514565,0,0.4,0,0.0,0,0.14731918205905825,0,0.19943940925378945,0,0.13967402937663848,0,0.14,2,6,0.8289278965517523
266,0.1,0.78,0.2542372881355932,0.6666666666666666,0.21052631578947367,0.2422906735739011,0.2422906735739011,0.0,0.4919786096256684,0.0,0.15239082545030447,0.9859649122807017,0.9701840873919395,0.0,0.9894736842105263,1.0,0.6771653543307087,0.7142601839404221,0.7804878048780488,1,1.0,1,1.0,1,0.7690593297290866,1,0.7196330581932263,1,0.8601305778378818,1,0.93,1,0,0.12019617237330094
267,0.3,0.98,0.1076115485564304,0.3333333333333333,0.5263157894736842,0.21073294135491516,0.21073294135491516,0.0,0.4919786096256684,0.3333333333333333,0.2857142857142857,0.9947368421052631,0.975578413095251,0.0,0.9912280701754386,1.0,0.7478260869565216,0.8460559006211179,0.9600000000000002,1,0.6,1,1.0,1,0.8165855875774003,1,0.8132031513580189,1,0.8415646838607191,1,0.7,1,0,0.20477442953397684
268,0.1,0.72,0.2816901408450704,1.0,0.3157894736842105,0.24021360772158928,0.24021360772158928,0.0,0.4919786096256684,0.0,0.28851311708993377,0.9824561403508771,0.8855037766387914,0.0,0.9947368421052631,1.0,0.7350427350427351,0.7407356532356533,0.7499999999999999,1,1.0,1,1.0,1,0.7961141038186765,1,0.8432409175720842,1,0.8626121586585,1,0.9,1,0,0.09967213665845642
269,0.5,0.84,0.1076115485564304,0.3333333333333333,0.3157894736842105,0.15144469313021447,0.15144469313021447,0.0,0.4919786096256684,1.0,0.6942221569635122,0.9982456140350877,0.9907368898635109,0.0056179775280898875,1.0,1.0,0.6991869918699187,0.7915934959349593,1.0,1,0.6,1,1.0,1,0.9431505633917154,1,0.8466658580028643,1,0.814964732621955,0,0.385,1,1,0.23503647433057762
270,0.2,0.8200000000000001,0.1076115485564304,0.3333333333333333,0.3684210526315789,0.19549360688497353,0.19549360688497353,0.0,0.4919786096256684,0.0,0.25501113585746105,0.9842105263157894,0.9120006227953849,0.0,0.9929824561403509,1.0,0.7889908256880733,0.8450484382181421,0.9056603773584907,1,1.0,1,1.0,1,0.8611564961688373,1,0.8112379204852089,1,0.9064360274078437,1,0.87,1,0,0.09186159265635174
271,0.1,0.96,0.1076115485564304,0.3333333333333333,0.5263157894736842,0.13710460691682602,0.13710460691682602,0.0,0.4919786096256684,0.0,0.27306273062730624,0.9824561403508771,0.9552575670828937,0.0,0.9912280701754386,1.0,0.7350427350427351,0.7950491290643249,0.896551724137931,1,0.8,1,1.0,1,0.9718959624557276,1,0.827109497729484,1,0.8475860847177269,1,0.9081666666666668,1,0,0.10754029807173249
272,0.2,0.98,0.1076115485564304,0.3333333333333333,0.3684210526315789,0.2191608480461683,0.2191608480461683,0.0,0.4919786096256684,0.0,0.33333333333333337,0.9964912280701754,0.9897470324372158,0.0,1.0,1.0,0.6771653543307087,0.726323061780739,0.8125,1,0.6,1,1.0,1,0.8635670289339299,1,0.7820512872673504,1,0.84039749093375,1,0.595,1,0,0.21983069881082828
273,0.1,0.72,0.2816901408450704,1.0,0.3157894736842105,0.22942820820360588,0.22942820820360588,0.0,0.4919786096256684,0.0,0.0,0.9842105263157894,0.946618493846675,0.0,0.987719298245614,1.0,0.7107438016528926,0.7718554173099628,0.9230769230769231,1,1.0,1,1.0,1,0.8595178637927599,1,0.8372618949004059,1,0.8709489900030765,1,1.0,1,0,0.07204520855062624
274,0.1,0.72,0.2816901408450704,1.0,0.3157894736842105,0.22942820820360588,0.22942820820360588,0.0,0.4919786096256684,0.0,0.0,0.9842105263157894,0.946618493846675,0.0,0.987719298245614,1.0,0.7107438016528926,0.7718554173099628,0.9230769230769231,1,1.0,1,1.0,1,0.8739926763492589,1,0.8328741691920628,1,0.8483837799526706,1,1.0,1,0,0.07412489575100134
275,0.2,1.0,0.2542372881355932,0.6666666666666666,0.47368421052631576,0.22931268640616032,0.22931268640616032,0.0,0.4919786096256684,0.5,0.5663716814159292,0.9982456140350877,0.9858041446990656,0.0,1.0,1.0,0.6991869918699187,0.7753077816492451,0.9600000000000002,1,0.8,1,1.0,1,0.8553907857016997,1,0.8130022855052101,1,0.866672422063695,1,0.86,1,0,0.13415575112156575
276,0.2,0.74,0.1076115485564304,0.3333333333333333,0.42105263157894735,0.3525306540289459,0.3525306540289459,0.0,0.4919786096256684,0.0,0.19080122772458652,0.987719298245614,0.8905511786629324,0.0,0.9894736842105263,1.0,0.8190476190476191,0.8832742590024144,0.9629629629629631,1,0.8,1,1.0,1,0.6635748139910921,1,0.807565774829824,1,0.8298071686541785,1,0.98,1,0,0.1531753737541509
277,0.2,0.94,0.2542372881355932,0.6666666666666666,0.42105263157894735,0.2326427937613076,0.2326427937613076,0.0,0.4919786096256684,0.0,0.4784523896923868,0.9964912280701754,0.982757281553398,0.0,0.9929824561403509,1.0,0.6880000000000001,0.744,0.8571428571428572,1,0.6,1,1.0,1,0.7795981049302474,1,0.7598009603510332,1,0.8449227389473956,1,0.76,1,0,0.20927969929522072
278,0.1,0.98,0.1076115485564304,0.3333333333333333,0.5789473684210527,0.5321849986441747,0.5321849986441747,0.0,0.4919786096256684,0.5,0.5647446727342089,0.9982456140350877,0.9443022525978102,0.0056179775280898875,0.9982456140350877,1.0,0.7741935483870969,0.8869207067848834,0.9629629629629631,1,0.8,0,0.0,0,0.09286209584628892,1,0.7755567221796791,1,0.8206846582138267,1,0.65,1,2,0.47681608729336755
279,0.5,0.98,0.1076115485564304,0.3333333333333333,0.5263157894736842,0.209831237626948,0.209831237626948,0.0,0.4919786096256684,0.5,0.33333333333333337,0.9964912280701754,0.9802699952661048,0.0056179775280898875,0.9964912280701754,1.0,0.7478260869565216,0.8509538598047913,0.9795918367346937,1,0.6,1,1.0,1,0.8599938558518082,1,0.8241728066036663,1,0.837124994405186,1,0.6166666666666667,1,0,0.21034027941211197
280,0.4,0.74,0.1076115485564304,0.3333333333333333,0.42105263157894735,0.4993245521553744,0.4993245521553744,0.0,0.4919786096256684,0.3333333333333333,0.3667375676476131,0.9947368421052631,0.9153652392947104,0.0,0.9982456140350877,1.0,0.8275862068965518,0.8819807268083131,0.9629629629629631,1,0.8,1,1.0,0,0.0838691104837014,1,0.7430595241190935,1,0.7974544162939058,1,0.87,1,1,0.2842694915172165
281,0.6,0.98,0.8923884514435696,0.3333333333333333,0.3684210526315789,0.857314936197692,0.857314936197692,0.687719298245614,0.8413547237076648,0.5,0.30327868852459017,0.9887640449438202,0.9915482268524907,0.0017543859649122807,0.9943820224719101,1.0,0.6991869918699187,0.7838826237724744,0.9629629629629631,0,0.4,1,1.0,0,0.0445112575908105,0,0.13847927595456316,0,0.1811788390585787,1,0.72,2,4,0.5859717712326746
282,0.3,0.74,0.1076115485564304,0.3333333333333333,0.42105263157894735,0.14470813569430319,0.14470813569430319,0.0,0.4919786096256684,0.25,0.5,0.9964912280701754,0.991679975035336,0.0,0.9929824561403509,1.0,0.7107438016528926,0.7961126415671871,0.9629629629629631,1,0.8,1,1.0,1,0.9301800131491016,1,0.8465951760378803,1,0.8377712995917557,1,0.6508333333333333,1,0,0.15577002964798814
283,0.2,0.98,0.1076115485564304,0.3333333333333333,0.3684210526315789,0.2087734574830209,0.2087734574830209,0.0,0.4919786096256684,0.5,0.5,0.9982456140350877,0.9948996630134491,0.0056179775280898875,0.9982456140350877,1.0,0.6771653543307087,0.7328754811355777,0.8387096774193549,1,0.6,0,0.0,1,0.8217513587676432,1,0.7825966977664915,1,0.8320749975329496,0,0.34,1,2,0.4372628243221527
284,0.1,0.74,0.1076115485564304,0.3333333333333333,0.6842105263157895,0.17482102770537256,0.17482102770537256,0.0,0.4919786096256684,0.0,0.33333333333333337,0.9947368421052631,0.9825701986930052,0.0,0.9929824561403509,1.0,0.7107438016528926,0.7999041385002769,0.9285714285714286,1,0.8,1,1.0,1,0.9376303466510791,1,0.8282448044236722,1,0.8181587092704775,1,0.99,1,0,0.10432768994246178
285,0.1,1.0,0.1076115485564304,0.3333333333333333,0.3684210526315789,0.17394922038352212,0.17394922038352212,0.0,0.4919786096256684,0.0,0.33944954128440363,0.9842105263157894,0.9850453978992345,0.0,0.9894736842105263,1.0,0.6771653543307087,0.7525437161263933,0.9285714285714286,1,1.0,1,1.0,1,0.9134779903542943,1,0.8334297710884202,1,0.8145645120528874,1,1.0,1,0,0.07308795441739979
286,0.1,0.78,0.2542372881355932,0.6666666666666666,0.21052631578947367,0.23941758247093448,0.23941758247093448,0.0,0.4919786096256684,0.0,0.1797890230851551,0.9912280701754386,0.9755607030682364,0.0,0.987719298245614,1.0,0.6771653543307087,0.7194189140991523,0.7804878048780488,1,0.8,1,1.0,1,0.7727013085103385,1,0.7389000339166115,1,0.8584371150031266,1,0.97,1,0,0.1433269237616539
287,0.9,1.0,0.8923884514435696,0.3333333333333333,0.5263157894736842,0.8025853284334865,0.8025853284334865,0.687719298245614,0.8413547237076648,1.0,0.8338983050847457,0.9943820224719101,0.9953528991033782,0.008771929824561403,1.0,1.0,0.6771653543307087,0.7398647284474057,0.8666666666666667,0,0.0,0,0.0,0,0.08479614654470043,0,0.1921215608411147,0,0.1802308106353229,0,0.0,2,6,0.9238085803298104
288,0.9,0.98,0.8923884514435696,0.3333333333333333,0.7894736842105263,0.855449785068801,0.855449785068801,0.687719298245614,0.8413547237076648,1.0,0.999999999999902,0.9943820224719101,1.0,0.017543859649122806,1.0,1.0,0.7107438016528926,0.7995024720756617,0.9629629629629631,0,0.2,0,0.0,0,0.032790889826246845,0,0.15395635997958643,0,0.1750235397059927,0,0.12666666666666668,2,6,0.8852604239702512
289,0.6,1.0,0.8923884514435696,0.3333333333333333,0.42105263157894735,0.8576985543041687,0.8576985543041687,0.687719298245614,0.8413547237076648,1.0,0.6967213114754098,0.9943820224719101,0.992824618721294,0.0017543859649122807,1.0,1.0,0.6880000000000001,0.7737171186934967,0.9629629629629631,0,0.4,0,0.0,0,0.039535077574860925,0,0.13544606356103991,0,0.19424644208672476,0,0.08,2,6,0.8584620694628957
290,0.8,0.98,0.8923884514435696,0.3333333333333333,0.3684210526315789,0.8573700783367144,0.8573700783367144,0.687719298245614,0.8413547237076648,0.6666666666666666,0.27819548872180444,0.9887640449438202,0.9904192202174006,0.0017543859649122807,0.9943820224719101,1.0,0.6991869918699187,0.7854561878952124,0.9629629629629631,0,0.4,0,0.0,0,0.03431508774544441,0,0.13328045729441265,0,0.15738591257429513,0,0.29,2,6,0.8308364237309747
291,0.2,0.8200000000000001,0.1076115485564304,0.3333333333333333,0.3684210526315789,0.2311849367581017,0.2311849367581017,0.0,0.4919786096256684,0.0,0.48509930416083413,0.9929824561403509,0.9269148813637411,0.0,0.9912280701754386,1.0,0.8037383177570093,0.8760070899129874,1.0,1,1.0,1,0.5,1,0.7840548190934743,1,0.7936667393838411,1,0.8577988772046905,1,0.885,1,0,0.19657992738633234
292,0.1,0.96,0.1076115485564304,0.3333333333333333,0.6842105263157895,0.1714589870523957,0.1714589870523957,0.0,0.4919786096256684,0.3333333333333333,0.20441988950276246,0.9964912280701754,0.9836756601687033,0.0,0.9929824561403509,1.0,0.6991869918699187,0.7851261835862912,0.9285714285714286,1,1.0,1,1.0,1,0.9169923751165912,1,0.8350048400706592,1,0.8037217364886291,1,0.71,1,0,0.12238017472068663
293,0.1,0.74,0.1076115485564304,0.3333333333333333,0.6842105263157895,0.1744144794878002,0.1744144794878002,0.0,0.4919786096256684,0.3333333333333333,0.0,0.9947368421052631,0.9912084821417747,0.0,0.9947368421052631,1.0,0.7107438016528926,0.8037309741855196,0.9285714285714286,1,0.8,1,1.0,1,0.9292408424080283,1,0.8502047758155393,1,0.8384117607183044,1,0.88,1,0,0.11702377017635468
294,0.1,0.74,0.1076115485564304,0.3333333333333333,0.6842105263157895,0.1744144794878002,0.1744144794878002,0.0,0.4919786096256684,0.0,0.0,0.9947368421052631,0.9912084821417747,0.0,0.9947368421052631,1.0,0.7107438016528926,0.8037309741855196,0.9285714285714286,1,1.0,1,1.0,1,0.9092452312556523,1,0.8391891687176912,1,0.8163386509488502,1,1.0,1,0,0.07253782484630111
295,0.1,0.9,0.2542372881355932,0.6666666666666666,0.42105263157894735,0.21714018316689865,0.21714018316689865,0.0,0.4919786096256684,0.0,0.4572339711312521,0.9964912280701754,0.9526796061950529,0.0,0.987719298245614,1.0,0.6991869918699187,0.7321657233347729,0.8275862068965518,1,0.8,1,1.0,1,0.8619222349604378,1,0.8304695459980659,1,0.8122224124832654,1,0.75,1,0,0.15756430109303843
296,0.2,0.98,0.1076115485564304,0.3333333333333333,0.7894736842105263,0.14455021493119902,0.14455021493119902,0.0,0.4919786096256684,0.0,0.999999999999808,0.9982456140350877,1.0,0.0056179775280898875,0.987719298245614,1.0,0.7107438016528926,0.7995024720756617,0.9629629629629631,1,0.8,1,1.0,1,0.9672091101737532,1,0.8460436400204135,1,0.8249764602940073,1,0.8733333333333334,1,0,0.11473957602974882
297,0.1,0.84,0.1076115485564304,0.3333333333333333,0.3684210526315789,0.14361572406160716,0.14361572406160716,0.0,0.4919786096256684,0.0,0.0,0.9912280701754386,1.0,0.0,0.9719298245614035,1.0,0.6771653543307087,0.761141599724277,0.9629629629629631,1,1.0,1,1.0,1,0.9551871863633579,1,0.8712415766256597,1,0.8153445696428608,1,1.0,1,0,0.0597044445613536
298,0.1,0.84,0.1076115485564304,0.3333333333333333,0.3684210526315789,0.14361572406160716,0.14361572406160716,0.0,0.4919786096256684,0.0,0.0,0.9912280701754386,1.0,0.0,0.9421052631578948,1.0,0.6771653543307087,0.761141599724277,0.9629629629629631,1,1.0,1,1.0,1,0.9551871863633579,1,0.8712415766256597,1,0.8153445696428608,1,1.0,1,0,0.0597044445613536
299,0.1,0.84,0.1076115485564304,0.3333333333333333,0.3684210526315789,0.14361572406160716,0.14361572406160716,0.0,0.4919786096256684,0.0,0.0,0.9912280701754386,1.0,0.0,0.9719298245614035,1.0,0.6771653543307087,0.761141599724277,0.9629629629629631,1,1.0,1,1.0,1,0.9551871863633579,1,0.8712415766256597,1,0.8153445696428608,1,1.0,1,0,0.0597044445613536
300,0.1,0.84,0.1076115485564304,0.3333333333333333,0.3684210526315789,0.14361572406160716,0.14361572406160716,0.0,0.4919786096256684,0.0,0.0,0.9912280701754386,1.0,0.0,0.9421052631578948,1.0,0.6771653543307087,0.761141599724277,0.9629629629629631,1,1.0,1,1.0,1,0.9551871863633579,1,0.8712415766256597,1,0.8153445696428608,1,1.0,1,0,0.0597044445613536
301,0.1,0.84,0.1076115485564304,0.3333333333333333,0.3684210526315789,0.14361572406160716,0.14361572406160716,0.0,0.4919786096256684,0.0,0.0,0.9929824561403509,1.0,0.0056179775280898875,0.9280701754385965,1.0,0.6771653543307087,0.761141599724277,0.9629629629629631,1,1.0,1,0.8571428571428571,1,0.9586087767381367,1,0.8665882150554913,1,0.8050455049868361,1,0.8620471750471748,1,0,0.10842791183825062
302,0.1,0.84,0.1076115485564304,0.3333333333333333,0.3684210526315789,0.14361572406160716,0.14361572406160716,0.0,0.4919786096256684,0.0,0.0,0.9929824561403509,1.0,0.0,0.9298245614035088,1.0,0.6771653543307087,0.761141599724277,0.9629629629629631,1,1.0,1,0.875,1,0.9630000179642526,1,0.8737714118785114,1,0.8344293890792815,1,0.8871296677179026,1,0,0.09444491889334206
303,0.2,1.0,0.2542372881355932,0.6666666666666666,0.5789473684210527,0.22763881321053625,0.22763881321053625,0.0,0.4919786096256684,0.0,0.4643517244091392,0.9964912280701754,0.9642896468552552,0.0,1.0,1.0,0.6880000000000001,0.7645736348593493,0.979591836734694,1,0.8,0,0.0,1,0.8248169090365631,1,0.7854224894556401,1,0.8652069593981169,1,0.54,1,1,0.36409227368494657
304,0.2,0.74,0.1076115485564304,0.3333333333333333,0.6842105263157895,0.1482804422096634,0.1482804422096634,0.0,0.4919786096256684,0.3333333333333333,0.5,0.9964912280701754,0.9842663589307787,0.0,0.9964912280701754,1.0,0.7226890756302521,0.8163709928415811,0.9629629629629631,1,0.8,1,1.0,1,0.9620308722682371,1,0.8456409605800754,1,0.8311612370741369,1,0.796666666666667,1,0,0.12741671056848058
305,1.0,1.0,0.8923884514435696,0.3333333333333333,1.0,0.826022708384485,0.826022708384485,0.687719298245614,0.8413547237076648,1.0,0.904639175257732,0.9943820224719101,0.9959839713273717,0.012280701754385965,1.0,1.0,0.7107438016528926,0.8076982442078355,0.9285714285714286,0,0.0,0,0.0,0,0.09054944703090921,0,0.15583392266000243,0,0.1806219997748241,0,0.0,2,6,0.9288324384223774
306,0.1,0.72,0.2816901408450704,1.0,0.3157894736842105,0.21753632734847872,0.21753632734847872,0.0,0.4919786096256684,0.0,0.3965818435916846,0.9929824561403509,0.9362840945424138,0.0,0.9859649122807017,1.0,0.7107438016528926,0.7410861865407319,0.8,1,0.8,1,1.0,1,0.8620762285822019,1,0.8517672142518755,1,0.8122927333890624,1,0.96,1,0,0.11897730396281003
307,0.0,0.84,0.1076115485564304,0.3333333333333333,0.3157894736842105,0.1711131075383514,0.1711131075383514,0.0,0.4919786096256684,0.0,0.0,0.9771929824561404,0.9716975872365953,0.0,0.987719298245614,1.0,0.6880000000000001,0.7712648083623694,0.9285714285714286,1,1.0,1,1.0,1,0.930708342216378,1,0.8479789444131381,1,0.8396407179095136,1,0.92,1,0,0.07694533257682845
308,0.3,0.98,0.1076115485564304,0.3333333333333333,0.3684210526315789,0.1293440499820614,0.1293440499820614,0.0,0.4919786096256684,0.5,0.6016260162601625,0.9982456140350877,0.9896173379861078,0.0056179775280898875,1.0,1.0,0.6991869918699187,0.7688533781889544,0.896551724137931,1,0.6,1,1.0,1,0.9810557630273551,1,0.8884691967342098,1,0.8451322570524827,1,0.8275,1,0,0.14297379719765868
309,0.3,1.0,0.1076115485564304,0.3333333333333333,0.42105263157894735,0.1291581358084699,0.1291581358084699,0.0,0.4919786096256684,0.6666666666666666,0.5,0.9982456140350877,0.992242506188238,0.0,1.0,1.0,0.6880000000000001,0.7571143089872387,0.896551724137931,1,0.6,0,0.0,1,0.9827097225095833,1,0.876276380778108,1,0.8190303872594629,0,0.3705,1,2,0.39191391824214106
310,0.1,0.98,0.1076115485564304,0.3333333333333333,0.8947368421052632,0.173747395300349,0.173747395300349,0.0,0.4919786096256684,0.3333333333333333,0.5647058823529412,0.9982456140350877,0.9955454983243408,0.0056179775280898875,0.9929824561403509,1.0,0.7107438016528926,0.8097369801915256,0.9285714285714286,1,0.8,0,0.0,1,0.9303652005087386,1,0.8600907400733133,1,0.841730751117098,1,0.59,1,1,0.329635551383475
311,0.2,1.0,0.1076115485564304,0.3333333333333333,0.5789473684210527,0.17385950222287982,0.17385950222287982,0.0,0.4919786096256684,0.3333333333333333,0.27819548872180444,0.9947368421052631,0.9899530544508567,0.0,0.9964912280701754,1.0,0.6771653543307087,0.7553409189235961,0.9285714285714286,1,1.0,1,1.0,1,0.9128177862668896,1,0.834205626252121,1,0.8062656780039938,1,0.77,1,0,0.1127851515794992
312,0.3,0.74,0.1076115485564304,0.3333333333333333,0.42105263157894735,0.21079678625958953,0.21079678625958953,0.0,0.4919786096256684,0.0,0.3923540036122818,0.9912280701754386,0.9408128918001255,0.0,0.9894736842105263,1.0,0.7610619469026548,0.8476868085316908,0.9629629629629631,1,0.6,1,1.0,1,0.8560785295608179,1,0.8523178636650627,1,0.8530514099951422,1,0.8275,1,0,0.16850869946316294
313,0.1,0.96,0.1076115485564304,0.3333333333333333,0.3684210526315789,0.20508355720012994,0.20508355720012994,0.0,0.4919786096256684,1.0,0.0,0.987719298245614,0.9827640789334834,0.0,0.9964912280701754,1.0,0.6666666666666666,0.7251824817518248,0.8666666666666667,1,1.0,1,1.0,1,0.8357716102353411,1,0.79458504595284,1,0.8252374809725052,1,0.9812184052506633,1,0,0.09386457626477507
314,0.1,0.96,0.1076115485564304,0.3333333333333333,0.3684210526315789,0.20508355720012994,0.20508355720012994,0.0,0.4919786096256684,1.0,0.0,0.987719298245614,0.9827640789334834,0.0,0.9964912280701754,1.0,0.6666666666666666,0.7251824817518248,0.8666666666666667,1,1.0,1,1.0,1,0.8651190180350503,1,0.8013934906327622,1,0.8037856679919023,1,0.9677171126364673,1,0,0.09366411845063627
315,0.1,0.88,0.2542372881355932,0.6666666666666666,0.3684210526315789,0.2380041435611585,0.2380041435611585,0.0,0.4919786096256684,0.0,0.11212814645308922,0.987719298245614,0.9664711831076047,0.0,0.9929824561403509,1.0,0.6771653543307087,0.7294251680078452,0.8205128205128205,1,1.0,1,1.0,1,0.8213969678241488,1,0.7660160476588501,1,0.848600010461794,1,0.94,1,0,0.10399782900920107
316,0.2,0.84,0.1076115485564304,0.3333333333333333,0.3157894736842105,0.1738023580874808,0.1738023580874808,0.0,0.4919786096256684,0.0,0.21764705882352942,0.9947368421052631,0.9860266858780975,0.0,0.9964912280701754,1.0,0.6771653543307087,0.7567720459361185,0.9285714285714286,1,0.6,1,1.0,1,0.9127804791849451,1,0.8370048951524399,1,0.8063742816951328,1,0.77,1,0,0.17897339066124707
317,0.3,0.74,0.1076115485564304,0.3333333333333333,0.42105263157894735,0.14243969645499233,0.14243969645499233,0.0,0.4919786096256684,0.6666666666666666,0.0,0.9964912280701754,0.9918134200307053,0.0,0.9929824561403509,1.0,0.6991869918699187,0.7903342366757002,0.9629629629629631,0,0.4,0,0.0,1,0.9698715164747493,1,0.8591591037940164,1,0.8213359669923642,0,0.3675,1,3,0.4303555687898116
318,1.0,0.98,0.8923884514435696,0.3333333333333333,0.42105263157894735,0.7791240893637392,0.7791240893637392,0.687719298245614,0.8413547237076648,1.0,0.8198874296435272,0.9943820224719101,0.9802430681091303,0.017543859649122806,1.0,1.0,0.7610619469026548,0.8160636611026592,0.9285714285714286,0,0.2,0,0.0,0,0.15158753927803903,0,0.12555058303674138,0,0.17713787604213416,0,0.07,2,6,0.8792873336071809
319,0.3,0.88,0.1076115485564304,0.3333333333333333,0.7368421052631579,0.17301345901496312,0.17301345901496312,0.0,0.4919786096256684,0.0,0.4285714285714286,0.9947368421052631,0.981940657178788,0.0,0.9982456140350877,1.0,0.7107438016528926,0.816086186540732,0.9285714285714286,1,0.8,0,0.0,1,0.9388001243372531,1,0.8551905058364813,1,0.822063867550735,1,0.63,1,1,0.32565758371258846
320,0.1,0.8200000000000001,0.1076115485564304,0.3333333333333333,0.3684210526315789,0.48033532772203047,0.48033532772203047,0.0,0.4919786096256684,0.0,0.34215415967393914,0.9929824561403509,0.9222081254252665,0.0,0.9929824561403509,1.0,0.7499999999999999,0.8539862914862915,0.9285714285714286,1,1.0,1,1.0,0,0.2628838737242284,1,0.849668329068921,1,0.8527601149760231,1,1.0,1,1,0.17244794703847122
321,1.0,1.0,0.8923884514435696,0.3333333333333333,0.631578947368421,0.8075213739132202,0.8075213739132202,0.687719298245614,0.8413547237076648,1.0,0.7844408427876823,0.9943820224719101,0.9845332320727178,0.014035087719298246,1.0,1.0,0.7107438016528926,0.8194612479054841,0.9896907216494845,0,0.0,0,0.0,0,0.11193106952371336,0,0.14511847016468046,0,0.18923016136716345,0,0.17,2,6,0.8972867164907404
322,0.1,0.74,0.1076115485564304,0.3333333333333333,0.6842105263157895,0.1704447912159719,0.1704447912159719,0.0,0.4919786096256684,0.0,0.41551724137931034,0.987719298245614,0.970232105562939,0.0,0.9947368421052631,1.0,0.6991869918699187,0.7960220673635309,0.9285714285714286,1,0.8,1,1.0,1,0.9333816285121356,1,0.8653647756785408,1,0.8430713871992589,1,0.99,1,0,0.09469703476834412
323,0.8,0.98,0.8923884514435696,0.3333333333333333,0.5263157894736842,0.8369781877327095,0.8369781877327095,0.687719298245614,0.8413547237076648,1.0,0.9999999999999348,0.9943820224719101,1.0,0.012280701754385965,1.0,1.0,0.7478260869565216,0.8646537842190016,1.0,0,0.0,0,0.0,0,0.05638124226574696,0,0.12059177131259816,0,0.13591909992489476,0,0.02,2,6,0.9445179810827934
324,0.2,0.96,0.1076115485564304,0.3333333333333333,0.5263157894736842,0.13629795474089834,0.13629795474089834,0.0,0.4919786096256684,0.0,0.12628865979381443,0.9912280701754386,0.9689956396642245,0.0,0.987719298245614,1.0,0.7350427350427351,0.8138815207780725,0.896551724137931,1,1.0,1,1.0,1,0.9645377402977616,1,0.8784580431727402,1,0.8501263224162751,1,0.99,1,0,0.052812982352203774
325,0.1,1.0,0.1076115485564304,0.3333333333333333,0.3157894736842105,0.14356792616235303,0.14356792616235303,0.0,0.4919786096256684,0.09090909090909091,0.5,0.9964912280701754,0.9923704598344478,0.0,0.9666666666666667,1.0,0.6771653543307087,0.7639388025214797,0.9629629629629631,1,0.8,1,0.8888888888888888,1,0.9373537733407954,1,0.8660604295825955,1,0.8279865536415375,1,0.8279924732130614,1,0,0.14195298022218683
326,0.3,0.88,0.2542372881355932,0.6666666666666666,0.3684210526315789,0.23702726861868628,0.23702726861868628,0.0,0.4919786096256684,0.0,0.27274308575404427,0.9964912280701754,0.9692932527412804,0.0,0.9964912280701754,1.0,0.6771653543307087,0.7428297814124586,0.9142857142857143,1,0.8,1,1.0,1,0.8186024461271199,1,0.7749961710732972,1,0.8166411316331531,1,0.8760000000000001,1,0,0.152293375194405
327,0.2,0.92,0.1076115485564304,0.3333333333333333,0.5263157894736842,0.48557176688770154,0.48557176688770154,0.0,0.4919786096256684,0.3333333333333333,0.4984326018808777,0.9964912280701754,0.9238420889027044,0.0056179775280898875,0.9929824561403509,1.0,0.6666666666666666,0.8417508417508417,0.9629629629629631,1,0.8,1,1.0,0,0.34638238725202525,1,0.8712046033150943,1,0.8407800009902946,1,1.0,1,1,0.19027216807376435
328,0.9,1.0,0.8923884514435696,0.3333333333333333,0.7894736842105263,0.8577075257249618,0.8577075257249618,0.687719298245614,0.8413547237076648,1.0,0.6620689655172414,0.9943820224719101,0.9924758983893526,0.02456140350877193,1.0,1.0,0.6991869918699187,0.7937240671841748,0.9629629629629631,0,0.2,0,0.0,0,0.0638981443444924,0,0.13294895743688664,0,0.16323412619166233,0,0.01,2,6,0.9049864620044931
329,0.2,0.96,0.1076115485564304,0.3333333333333333,0.5263157894736842,0.13620017855623812,0.13620017855623812,0.0,0.4919786096256684,0.0,0.11212814645308922,0.9912280701754386,0.9643544394315978,0.0,0.9929824561403509,1.0,0.7350427350427351,0.815958363976411,0.8971962616822429,1,0.8,1,1.0,1,0.9737883661733386,1,0.8857486341856963,1,0.8679669133781244,1,0.925,1,0,0.09124934771047355
330,0.1,0.88,0.1076115485564304,0.3333333333333333,0.7368421052631579,0.15309714016480835,0.15309714016480835,0.0,0.4919786096256684,0.0,0.22425629290617854,0.9929824561403509,0.9672963354061559,0.0,0.9947368421052631,1.0,0.7350427350427351,0.8506863506863508,0.9696969696969697,1,0.8,1,1.0,1,0.9485972436402923,1,0.8750898887908848,1,0.8199009048354993,1,0.97,1,0,0.09773532712222066
331,0.2,0.98,0.1076115485564304,0.3333333333333333,0.6842105263157895,0.13248443399832255,0.13248443399832255,0.0,0.4919786096256684,0.0,0.9999999999998932,0.9982456140350877,1.0,0.0056179775280898875,0.9964912280701754,1.0,0.7226890756302521,0.8016986850658251,0.896551724137931,1,1.0,1,1.0,1,0.969786773165005,1,0.8847891618831654,1,0.838669476219225,1,0.9975,1,0,0.051542431455434135
332,0.9,0.98,0.8923884514435696,0.3333333333333333,0.6842105263157895,0.8675155660016775,0.8675155660016775,0.687719298245614,0.8413547237076648,1.0,0.9999999999999569,0.9943820224719101,1.0,0.012280701754385965,1.0,1.0,0.7226890756302521,0.8016986850658251,0.896551724137931,0,0.0,0,0.0,0,0.030213226834994895,0,0.1152108381168346,0,0.16133052378077511,0,0.0025,2,6,0.9484575685445659
333,0.9,1.0,0.8923884514435696,0.3333333333333333,0.3684210526315789,0.8152286084846228,0.8152286084846228,0.687719298245614,0.8413547237076648,1.0,0.8549019607843138,0.9943820224719101,0.9907478285720118,0.012280701754385965,1.0,1.0,0.7350427350427351,0.821886446886447,0.9285714285714286,0,0.2,0,0.0,0,0.11290315960480833,0,0.1275230889574797,0,0.15540691436705392,0,0.03,2,6,0.8956944728451097
334,0.0,0.6,0.1076115485564304,0.3333333333333333,0.3157894736842105,0.12987541426117555,0.12987541426117555,0.0,0.4919786096256684,0.0,0.0,0.9614035087719298,0.9826444593530321,0.0,0.968421052631579,1.0,0.6771653543307087,0.7473359928152218,0.896551724137931,1,1.0,1,1.0,1,0.9639208086894735,1,0.887134540401173,1,0.8271493994029304,1,0.937229797979798,1,0,0.06409424225443738
335,0.7,0.98,0.8923884514435696,0.3333333333333333,0.42105263157894735,0.8708915769414803,0.8708915769414803,0.687719298245614,0.8413547237076648,1.0,0.9999999999999164,0.9943820224719101,1.0,0.005263157894736842,1.0,1.0,0.6880000000000001,0.7601379310344828,0.896551724137931,0,0.0,0,0.0,0,0.024814348085792835,0,0.10647739343508973,0,0.18122845163234996,0,0.03833333333333333,2,6,0.941524412252239
336,0.0,0.96,0.1076115485564304,0.3333333333333333,0.6842105263157895,0.17048608838038593,0.17048608838038593,0.0,0.4919786096256684,0.0,0.20386821095243457,0.9789473684210527,0.9677699832931975,0.0,0.9824561403508771,1.0,0.6880000000000001,0.7795326876513318,0.9285714285714286,1,1.0,1,1.0,1,0.8845310241670128,1,0.8463756737955028,1,0.8372097402403399,1,0.99,1,0,0.07364726029952406
337,0.1,0.7,0.1076115485564304,0.3333333333333333,0.3157894736842105,0.18376531875936086,0.18376531875936086,0.0,0.4919786096256684,0.5,0.7643312101910829,0.9982456140350877,0.98950986234949,0.0056179775280898875,0.987719298245614,1.0,0.7350427350427351,0.817846042846043,0.9285714285714286,1,0.8,0,0.0,1,0.8693655033889522,1,0.878734105955637,1,0.8481200241746214,1,0.54,1,1,0.3439633944134649
338,0.9,0.74,0.8923884514435696,0.3333333333333333,0.3684210526315789,0.8202741046566114,0.8202741046566114,0.687719298245614,0.8413547237076648,1.0,0.0,0.9943820224719101,1.0,0.012280701754385965,1.0,1.0,0.6666666666666666,0.7432539682539683,0.9285714285714286,0,0.0,0,0.08333333333333333,0,0.09566829391087393,0,0.16339043231257563,0,0.19614914466742783,0,0.08257619032154634,2,6,0.8964804342423738
339,0.1,0.74,0.1076115485564304,0.3333333333333333,0.6842105263157895,0.1916469084185849,0.1916469084185849,0.0,0.4919786096256684,0.0,0.39428571428571424,0.987719298245614,0.9632291863318859,0.0,0.9982456140350877,1.0,0.6880000000000001,0.7749523809523811,0.8666666666666667,1,0.6,1,1.0,1,0.9222303402098792,1,0.850330433004639,1,0.823535820353491,1,0.87,1,0,0.15565056773866504
340,0.1,0.74,0.1076115485564304,0.3333333333333333,0.6842105263157895,0.14212920087868874,0.14212920087868874,0.0,0.4919786096256684,1.0,0.6666666666666667,0.9982456140350877,0.99167714865448,0.0056179775280898875,0.9947368421052631,1.0,0.6991869918699187,0.7972307883998381,0.9629629629629631,1,0.8,1,1.0,1,0.9557768426098543,1,0.8784018381857723,1,0.8203102348203644,1,0.59,1,0,0.1592518473973349
341,0.6,0.62,0.1076115485564304,0.3333333333333333,0.2631578947368421,0.5420996134143593,0.5420996134143593,0.0,0.4919786096256684,1.0,0.5654867256637168,0.9982456140350877,0.8546046787089132,0.0056179775280898875,1.0,1.0,0.6666666666666666,0.7147435897435898,0.7350427350427351,0,0.0,1,1.0,0,4.059910731617518e-17,0,0.2955279295065991,1,0.42949643805365406,1,0.7,1,3,0.5958292720732912
342,0.2,0.8,0.1076115485564304,0.3333333333333333,0.47368421052631576,0.174934196983215,0.174934196983215,0.0,0.4919786096256684,0.5,0.49740932642487046,0.9964912280701754,0.9605213947860521,0.0,0.9929824561403509,1.0,0.7226890756302521,0.8242566257272139,0.9285714285714286,1,0.6,1,1.0,1,0.931822811969933,1,0.8860974450650814,1,0.8247123095572462,1,0.74,1,0,0.16956123890128982
343,0.2,0.74,0.1076115485564304,0.3333333333333333,0.3684210526315789,0.17972589534338856,0.17972589534338856,0.0,0.4919786096256684,0.0,0.0,0.9964912280701754,1.0,0.0,0.9929824561403509,1.0,0.6666666666666666,0.7432539682539683,0.9285714285714286,1,1.0,1,0.8888888888888888,1,0.9301527509200878,1,0.8370251239738413,1,0.815027762368246,1,0.8732406898656897,1,0,0.1092774639972075
344,0.2,0.74,0.1076115485564304,0.3333333333333333,0.3684210526315789,0.17972589534338856,0.17972589534338856,0.0,0.4919786096256684,0.0,0.0,0.9964912280701754,1.0,0.0,0.987719298245614,1.0,0.6666666666666666,0.7432539682539683,0.9285714285714286,1,0.6,1,0.8461538461538461,1,0.9073169297097278,1,0.8416837002605174,1,0.8107065542599371,1,0.8594989622091012,1,0,0.18910666790114516
345,0.2,0.74,0.1076115485564304,0.3333333333333333,0.3684210526315789,0.17972589534338856,0.17972589534338856,0.0,0.4919786096256684,0.0,0.0,0.9964912280701754,1.0,0.0,0.987719298245614,1.0,0.6666666666666666,0.7432539682539683,0.9285714285714286,1,1.0,1,0.8461538461538461,1,0.9156299264235327,1,0.8457260404653333,1,0.8310322890484594,1,0.8493054300790365,1,0,0.11869207797163206
346,0.2,0.74,0.1076115485564304,0.3333333333333333,0.3684210526315789,0.17972589534338856,0.17972589534338856,0.0,0.4919786096256684,0.0,0.0,0.9964912280701754,1.0,0.0,0.987719298245614,1.0,0.6666666666666666,0.7432539682539683,0.9285714285714286,1,1.0,1,0.9166666666666666,1,0.9043317060891257,1,0.8366095676874243,1,0.8038508553325722,1,0.9174238096784532,1,0,0.10351956575762633
347,0.2,0.74,0.1076115485564304,0.3333333333333333,0.3684210526315789,0.17972589534338856,0.17972589534338856,0.0,0.4919786096256684,0.0,0.0,0.9964912280701754,1.0,0.0,0.9929824561403509,1.0,0.6666666666666666,0.7432539682539683,0.9285714285714286,1,0.8,1,0.7777777777777778,1,0.8777691727778343,1,0.8307343269321135,1,0.8253458563605027,1,0.7669823422191838,1,0,0.18689842065543127
348,0.2,0.74,0.1076115485564304,0.3333333333333333,0.3684210526315789,0.17972589534338856,0.17972589534338856,0.0,0.4919786096256684,0.0,0.0,0.9964912280701754,1.0,0.0,1.0,1.0,0.6666666666666666,0.7432539682539683,0.9285714285714286,1,0.8,1,0.7777777777777778,1,0.8777691727778343,1,0.8307343269321135,1,0.8253458563605027,1,0.7669823422191838,1,0,0.18689842065543127
349,0.2,0.74,0.1076115485564304,0.3333333333333333,0.3684210526315789,0.17972589534338856,0.17972589534338856,0.0,0.4919786096256684,0.0,0.0,0.9982456140350877,1.0,0.011235955056179775,0.9824561403508771,1.0,0.6666666666666666,0.7432539682539683,0.9285714285714286,1,0.8,1,0.7777777777777778,1,0.8777691727778343,1,0.8307343269321135,1,0.8253458563605027,1,0.7669823422191838,1,0,0.18689842065543127
350,0.2,0.74,0.1076115485564304,0.3333333333333333,0.3684210526315789,0.17972589534338856,0.17972589534338856,0.0,0.4919786096256684,0.0,0.0,0.9964912280701754,1.0,0.0,0.987719298245614,1.0,0.6666666666666666,0.7432539682539683,0.9285714285714286,1,0.8,1,0.7777777777777778,1,0.8777691727778343,1,0.8307343269321135,1,0.8253458563605027,1,0.7669823422191838,1,0,0.18689842065543127
351,0.1,0.84,0.1076115485564304,0.3333333333333333,0.3157894736842105,0.1734923842713716,0.1734923842713716,0.0,0.4919786096256684,0.3333333333333333,0.0,0.9947368421052631,0.9846320379320334,0.0,0.9859649122807017,1.0,0.6771653543307087,0.7627255343082114,0.9285714285714286,1,1.0,1,1.0,1,0.9128395993938546,1,0.8478223172369674,1,0.806471819088071,1,0.89,1,0,0.09047771071351784
352,0.1,0.88,0.1076115485564304,0.3333333333333333,0.7368421052631579,0.17043436317001892,0.17043436317001892,0.0,0.4919786096256684,0.5,0.5198555956678701,0.9982456140350877,0.983083624055154,0.0056179775280898875,0.9859649122807017,1.0,0.7107438016528926,0.8375147579693034,1.0,1,0.8,1,1.0,1,0.911088227435518,1,0.8735081648505095,1,0.8329448864397354,1,0.79,1,0,0.13207645354570607
353,0.1,0.84,0.1076115485564304,0.3333333333333333,0.3157894736842105,0.1734923842713716,0.1734923842713716,0.0,0.4919786096256684,0.0,0.0,0.9947368421052631,0.9846320379320334,0.0056179775280898875,0.9859649122807017,1.0,0.6771653543307087,0.7627255343082114,0.9285714285714286,1,1.0,1,1.0,1,0.8827652965401336,1,0.8430052249867949,1,0.8390644721148036,1,0.9016666666666666,1,0,0.0889163899486003
354,0.1,0.0,0.1076115485564304,0.3333333333333333,0.21052631578947367,0.12915305924349796,0.12915305924349796,0.0,0.4919786096256684,1.0,0.0,0.9964912280701754,0.9894053576817914,0.0,0.9964912280701754,1.0,0.6991869918699187,0.7771212574779167,0.896551724137931,1,1.0,1,1.0,1,0.9631789494193821,1,0.8879894482564789,1,0.839574309545387,1,1.0,1,0,0.05154288212979197
355,0.3,0.88,0.2542372881355932,0.6666666666666666,0.3684210526315789,0.23369237848435898,0.23369237848435898,0.0,0.4919786096256684,0.0,0.2142954762880963,0.9929824561403509,0.9575628732348621,0.0,0.9982456140350877,1.0,0.6771653543307087,0.7528683914510685,0.9142857142857143,1,0.6,1,1.0,1,0.7874380934623036,1,0.8062187029997505,1,0.8798444050306881,1,0.8,1,0,0.18774979975120953
356,0.2,1.0,0.1076115485564304,0.3333333333333333,0.6842105263157895,0.132089820110176,0.132089820110176,0.0,0.4919786096256684,0.3333333333333333,0.556581986143187,0.9982456140350877,0.9825896861536049,0.0,0.9912280701754386,1.0,0.7226890756302521,0.8118975631892316,0.9056603773584907,1,0.6,1,0.5,1,0.97860201468408,1,0.9025276055236126,1,0.8553699356113249,1,0.6214999999999999,1,0,0.2570000740301638
357,0.1,0.74,0.1076115485564304,0.3333333333333333,0.42105263157894735,0.14192218361711773,0.14192218361711773,0.0,0.4919786096256684,0.0,0.0,0.9824561403508771,0.9761568271914387,0.0,0.9824561403508771,1.0,0.6880000000000001,0.7847407407407407,0.9629629629629631,1,1.0,1,1.0,1,0.9607567684831659,1,0.8804066970665093,1,0.8052702340730322,1,0.9426666666666667,1,0,0.06848327228510431
358,0.0,0.74,0.1076115485564304,0.3333333333333333,0.42105263157894735,0.1961849951341026,0.1961849951341026,0.0,0.4919786096256684,0.0,0.20600858369098718,0.9736842105263158,0.9592920910348296,0.0,0.9929824561403509,1.0,0.6771653543307087,0.7552493438320211,0.8666666666666667,1,1.0,1,1.0,1,0.8769061592102255,1,0.835081909145869,1,0.8076655617064464,1,0.77,1,0,0.11839106165624325
359,0.1,0.62,0.1076115485564304,0.3333333333333333,0.2631578947368421,0.2828044361006956,0.2828044361006956,0.0,0.4919786096256684,0.3333333333333333,0.4887678557178199,0.9964912280701754,0.916050215894274,0.0056179775280898875,0.9964912280701754,1.0,0.7647058823529411,0.8437017231134878,0.8727272727272728,1,0.8,0,0.0,1,0.7274192039562538,1,0.8655072398194138,1,0.8438833423935167,1,0.91,1,1,0.30886503563846934
360,0.2,1.0,0.1076115485564304,0.3333333333333333,0.631578947368421,0.1455743035563456,0.1455743035563456,0.0,0.4919786096256684,0.0,0.28915609193362324,0.9894736842105263,0.9582119372853019,0.0,0.9912280701754386,1.0,0.7226890756302521,0.8495079589682379,0.9896907216494845,1,1.0,1,1.0,1,0.9636829308753746,1,0.8939254410824642,1,0.8231133395117658,1,0.8053333333333333,1,0,0.08565749253284372
361,0.1,0.74,0.1076115485564304,0.3333333333333333,0.42105263157894735,0.17317524085115366,0.17317524085115366,0.0,0.4919786096256684,0.0,0.12671232876712324,0.9842105263157894,0.9724596537785046,0.0,0.9859649122807017,1.0,0.6771653543307087,0.7674468457836213,0.9285714285714286,1,1.0,1,1.0,1,0.9139291568891958,1,0.8577696027970345,1,0.8191970780676374,1,0.99,1,0,0.0698506937076887
362,0.1,0.94,0.2542372881355932,0.6666666666666666,0.42105263157894735,0.21191060091483527,0.21191060091483527,0.0,0.4919786096256684,0.5,0.5325487742894006,0.9982456140350877,0.9653367892171786,0.0,0.9842105263157894,1.0,0.6880000000000001,0.7348424908424909,0.8205128205128205,1,0.8,1,1.0,1,0.8357906344207134,1,0.8645512881445644,1,0.8336615666416599,1,0.72,1,0,0.15766608513217717
363,0.2,0.62,0.1076115485564304,0.3333333333333333,0.2631578947368421,0.14581399950359852,0.14581399950359852,0.0,0.4919786096256684,0.0,0.34533098414296504,0.9912280701754386,0.9079956963256643,0.0,0.9929824561403509,1.0,0.7647058823529411,0.833709988849909,0.9320388349514562,1,0.8,1,1.0,1,0.918078109928936,1,0.8579417677280965,1,0.8381479906639038,1,0.86,1,0,0.12097202194651058
364,0.1,0.7,0.1076115485564304,0.3333333333333333,0.3157894736842105,0.16921350880158625,0.16921350880158625,0.0,0.4919786096256684,0.0,0.3830207305034551,0.9824561403508771,0.9319994942232651,0.0,0.9789473684210527,1.0,0.7226890756302521,0.7986156000861884,0.9285714285714286,1,0.8,1,1.0,1,0.92838091932963,1,0.9054268807885734,1,0.807352266337389,1,0.98,1,0,0.09647332225740135
365,0.7,1.0,0.8923884514435696,0.3333333333333333,0.47368421052631576,0.8566275610729902,0.8566275610729902,0.687719298245614,0.8413547237076648,1.0,0.6032834813898571,0.9943820224719101,0.9861325388106137,0.012280701754385965,1.0,1.0,0.6771653543307087,0.771323417906095,0.9629629629629631,0,0.2,0,0.0,0,0.03159202351941917,0,0.12006307918368748,0,0.18158662117268057,0,0.10049481074481074,2,6,0.8943772442299003
366,0.1,0.62,0.1076115485564304,0.3333333333333333,0.2631578947368421,0.1577564498309254,0.1577564498309254,0.0,0.4919786096256684,0.0,0.34493324578682427,0.9929824561403509,0.8910781492140801,0.0,0.9947368421052631,1.0,0.7222222222222222,0.8393078385508453,0.9320388349514562,1,0.8,1,1.0,1,0.8445293044165432,1,0.8401945106569457,1,0.8097810253145095,1,0.86,1,0,0.14091585993533362
367,0.0,0.98,0.1076115485564304,0.3333333333333333,0.7894736842105263,0.14132120990164188,0.14132120990164188,0.0,0.4919786096256684,0.0,0.1902413431269676,0.980701754385965,0.9633539428821077,0.0,0.9964912280701754,1.0,0.6991869918699187,0.8125564588979224,0.9629629629629631,1,1.0,1,1.0,1,0.970683052614199,1,0.8920951720454087,1,0.8184741230926237,1,0.87,1,0,0.07479127537462815
368,0.0,0.74,0.1076115485564304,0.3333333333333333,0.42105263157894735,0.17292403330766026,0.17292403330766026,0.0,0.4919786096256684,0.0,0.10109289617486339,0.9719298245614035,0.9641812865497076,0.0,0.9842105263157894,1.0,0.6771653543307087,0.7707255343082116,0.9285714285714286,1,1.0,1,1.0,1,0.9273565952980373,1,0.8754093979396799,1,0.8453834160105176,1,0.98,1,0,0.0619750984586277
369,1.0,1.0,0.8923884514435696,0.3333333333333333,0.631578947368421,0.8703038296239133,0.8703038296239133,0.687719298245614,0.8413547237076648,1.0,0.6947535771065183,0.9943820224719101,0.9844810185205413,0.008771929824561403,1.0,1.0,0.7107438016528926,0.8059249262005518,0.9056603773584907,0,0.0,0,0.0,0,0.026702624269355633,0,0.09546456274377556,0,0.17323548227421232,0,0.005,2,6,0.9499328884521094
370,1.0,1.0,0.7457627118644068,0.6666666666666666,0.42105263157894735,0.7713290933471659,0.7713290933471659,0.687719298245614,0.8413547237076648,1.0,0.9406060606060607,0.9943820224719101,0.99579259561808,0.012280701754385965,1.0,1.0,0.6771653543307087,0.7717196432920111,0.9896907216494845,0,0.0,0,0.0,0,0.1741172915872752,0,0.168427757163626,0,0.1432895260045462,0,0.04,2,6,0.9123609042074254
371,0.0,0.74,0.1076115485564304,0.3333333333333333,0.6842105263157895,0.1415307490815988,0.1415307490815988,0.0,0.4919786096256684,0.0,0.22425629290617854,0.9789473684210527,0.9715551785993709,0.0,0.9859649122807017,1.0,0.6880000000000001,0.7934363929146538,0.9629629629629631,1,1.0,1,1.0,1,0.9668597561124813,1,0.9034483796029129,1,0.8398915040514618,1,1.0,1,0,0.04830006003885734
372,0.1,0.98,0.2542372881355932,0.6666666666666666,0.42105263157894735,0.22810184815278,0.22810184815278,0.0,0.4919786096256684,0.25,0.8571428571428572,0.9982456140350877,0.9953088208657852,0.0056179775280898875,0.9912280701754386,1.0,0.6771653543307087,0.7691949220633135,0.979591836734694,1,0.8,1,1.0,1,0.8023640388208624,1,0.8403891028034703,1,0.8766904157194262,1,0.66,1,0,0.17009274044270672
373,0.0,0.7,0.1076115485564304,0.3333333333333333,0.3157894736842105,0.18092308898230003,0.18092308898230003,0.0,0.4919786096256684,0.0,0.2754140655594204,0.9719298245614035,0.9127348086990537,0.0,0.9771929824561404,1.0,0.6991869918699187,0.7824763788178423,0.8666666666666667,1,1.0,1,1.0,1,0.8885395962657409,1,0.8935895512710007,1,0.8340791342031078,1,0.91,1,0,0.07896528637669176
374,0.2,0.98,0.1076115485564304,0.3333333333333333,0.7894736842105263,0.14108209907712466,0.14108209907712466,0.0,0.4919786096256684,0.0,0.23493585590255284,0.9929824561403509,0.9717199392630131,0.0,0.9947368421052631,1.0,0.6991869918699187,0.8167493310153229,0.9629629629629631,1,1.0,1,1.0,1,0.9682896383987527,1,0.9108990921662246,1,0.8410675550253216,1,0.94,1,0,0.056623952401616884
375,0.9,1.0,0.8923884514435696,0.3333333333333333,0.8421052631578947,0.83176967363665,0.83176967363665,0.687719298245614,0.8413547237076648,1.0,0.6636155606407322,0.9943820224719101,0.9881814823667456,0.015789473684210527,1.0,1.0,0.6880000000000001,0.8025579514824799,0.9285714285714286,0,0.2,0,0.0,0,0.0642085220279452,0,0.10236308250124708,0,0.15258556715088695,0,0.08,2,6,0.9001404713866534
376,0.1,0.88,0.1076115485564304,0.3333333333333333,0.7368421052631579,0.1417500606143518,0.1417500606143518,0.0,0.4919786096256684,0.0,0.34204275534441797,0.9929824561403509,0.9654018312329214,0.0,0.9912280701754386,1.0,0.7107438016528926,0.8461126415671871,1.0,1,0.8,1,1.0,1,0.9683905537932608,1,0.9198120386876987,1,0.8420240192505398,1,0.875,1,0,0.09912889804475011
377,0.0,0.7,0.1076115485564304,0.3333333333333333,0.3157894736842105,0.14667080716739178,0.14667080716739178,0.0,0.4919786096256684,0.0,0.0,0.9596491228070175,0.9853823551198795,0.0,0.9438596491228071,1.0,0.6666666666666666,0.7558922558922558,0.9629629629629631,1,1.0,1,1.0,1,0.9581985514661252,1,0.8895065151072471,1,0.830523979094353,1,1.0,1,0,0.05362849238871237
378,0.0,0.7,0.1076115485564304,0.3333333333333333,0.3157894736842105,0.14667080716739178,0.14667080716739178,0.0,0.4919786096256684,0.0,0.0,0.9596491228070175,0.9853823551198795,0.0,0.9438596491228071,1.0,0.6666666666666666,0.7558922558922558,0.9629629629629631,1,1.0,1,1.0,1,0.9518828422919179,1,0.8837760463453518,1,0.8107796351815585,1,1.0,1,0,0.05892691269686201
379,0.0,0.7,0.1076115485564304,0.3333333333333333,0.3157894736842105,0.14667080716739178,0.14667080716739178,0.0,0.4919786096256684,0.0,0.0,0.9596491228070175,0.9853823551198795,0.0,0.9438596491228071,1.0,0.6666666666666666,0.7558922558922558,0.9629629629629631,1,1.0,1,1.0,1,0.9518828422919179,1,0.8837760463453518,1,0.8107796351815585,1,1.0,1,0,0.05892691269686201
380,0.0,0.7,0.1076115485564304,0.3333333333333333,0.3157894736842105,0.14667080716739178,0.14667080716739178,0.0,0.4919786096256684,0.0,0.0,0.9596491228070175,0.9853823551198795,0.0,0.9438596491228071,1.0,0.6666666666666666,0.7558922558922558,0.9629629629629631,1,1.0,1,1.0,1,0.9581985514661252,1,0.8895065151072471,1,0.830523979094353,1,1.0,1,0,0.05362849238871237
381,0.0,0.7,0.1076115485564304,0.3333333333333333,0.3157894736842105,0.14667080716739178,0.14667080716739178,0.0,0.4919786096256684,0.0,0.0,0.9596491228070175,0.9853823551198795,0.0,0.9438596491228071,1.0,0.6666666666666666,0.7558922558922558,0.9629629629629631,1,1.0,1,1.0,1,0.9518828422919179,1,0.8837760463453518,1,0.8107796351815585,1,1.0,1,0,0.05892691269686201
382,0.0,0.7,0.1076115485564304,0.3333333333333333,0.3157894736842105,0.14667080716739178,0.14667080716739178,0.0,0.4919786096256684,0.0,0.0,0.9596491228070175,0.9853823551198795,0.0,0.9438596491228071,1.0,0.6666666666666666,0.7558922558922558,0.9629629629629631,1,1.0,1,1.0,1,0.9518828422919179,1,0.8837760463453518,1,0.8107796351815585,1,1.0,1,0,0.05892691269686201
383,0.0,0.7,0.1076115485564304,0.3333333333333333,0.3157894736842105,0.14667080716739178,0.14667080716739178,0.0,0.4919786096256684,0.0,0.0,0.9596491228070175,0.9853823551198795,0.0,0.9438596491228071,1.0,0.6666666666666666,0.7558922558922558,0.9629629629629631,1,1.0,1,1.0,1,0.9349580087531167,1,0.8752196005955859,1,0.8250599697411736,1,1.0,1,0,0.06079373681835387
384,0.0,0.7,0.1076115485564304,0.3333333333333333,0.3157894736842105,0.14667080716739178,0.14667080716739178,0.0,0.4919786096256684,0.0,0.0,0.9596491228070175,0.9853823551198795,0.0,0.9438596491228071,1.0,0.6666666666666666,0.7558922558922558,0.9629629629629631,1,1.0,1,1.0,1,0.9581985514661252,1,0.8895065151072471,1,0.830523979094353,1,1.0,1,0,0.05362849238871237
385,0.1,0.7,0.1076115485564304,0.3333333333333333,0.3157894736842105,0.14659298107574126,0.14659298107574126,0.0,0.4919786096256684,0.0,0.07856307145642849,0.9824561403508771,0.9371278199934951,0.0,0.980701754385965,1.0,0.7350427350427351,0.811651938770583,0.9629629629629631,1,1.0,1,1.0,1,0.9369151206008363,1,0.9201672517661782,1,0.8322024106102545,1,0.98,1,0,0.055119202837121684
386,0.0,0.7,0.1076115485564304,0.3333333333333333,0.3157894736842105,0.14667080716739178,0.14667080716739178,0.0,0.4919786096256684,0.0,0.0,0.9596491228070175,0.9853823551198795,0.0,0.9438596491228071,1.0,0.6666666666666666,0.7558922558922558,0.9629629629629631,1,1.0,1,1.0,1,0.954083101963668,1,0.879795744655975,1,0.8039032086172628,1,1.0,1,0,0.06036965746051559
387,0.0,0.7,0.1076115485564304,0.3333333333333333,0.3157894736842105,0.14667080716739178,0.14667080716739178,0.0,0.4919786096256684,0.0,0.0,0.9596491228070175,0.9853823551198795,0.0,0.9438596491228071,1.0,0.6666666666666666,0.7558922558922558,0.9629629629629631,1,1.0,1,1.0,1,0.9637168571718563,1,0.8775668350160126,1,0.8150902419515487,1,1.0,1,0,0.05727101097676368
388,0.2,0.8,0.1076115485564304,0.3333333333333333,0.47368421052631576,0.18569435585797,0.18569435585797,0.0,0.4919786096256684,0.0,0.30720000000000003,0.9912280701754386,0.959038775228443,0.0,0.9824561403508771,1.0,0.6880000000000001,0.8055646258503403,0.979591836734694,1,1.0,1,1.0,1,0.8643677010828955,1,0.8834011185800807,1,0.8500386180841185,1,0.78,1,0,0.10369876037548409
389,0.1,0.7,0.1076115485564304,0.3333333333333333,0.3157894736842105,0.1462927975764684,0.1462927975764684,0.0,0.4919786096256684,0.0,0.07284049819204497,0.9824561403508771,0.9313995071299684,0.0,0.980701754385965,1.0,0.7350427350427351,0.809942780531016,0.9629629629629631,1,1.0,1,1.0,1,0.957448375659871,1,0.9264725215553514,1,0.8143700385762089,1,0.945,1,0,0.05945151070142807
390,0.0,0.8,0.1076115485564304,0.3333333333333333,0.47368421052631576,0.16395420256794258,0.16395420256794258,0.0,0.4919786096256684,0.0,0.06890392216479158,0.9736842105263158,0.9351617581673054,0.0,0.9754385964912281,1.0,0.6991869918699187,0.8125055838470474,0.9285714285714286,1,1.0,1,1.0,1,0.9306170900891003,1,0.9031622522926004,1,0.8083396467661305,1,0.99,1,0,0.06131350180869477
391,0.0,0.8,0.1076115485564304,0.3333333333333333,0.47368421052631576,0.1636111828553406,0.1636111828553406,0.0,0.4919786096256684,0.0,0.06446222222222231,0.9719298245614035,0.9300277899663595,0.0,0.9754385964912281,1.0,0.6991869918699187,0.8103077816492451,0.9285714285714286,1,1.0,1,1.0,1,0.9312936279283422,1,0.9049299437844424,1,0.8083771122057256,1,0.99,1,0,0.06089988601358165
392,0.1,0.98,0.2542372881355932,0.6666666666666666,0.42105263157894735,0.22380029147079983,0.22380029147079983,0.0,0.4919786096256684,0.0,0.4666666666666667,0.9964912280701754,0.9611963218907429,0.0,0.9964912280701754,1.0,0.6771653543307087,0.7528683914510685,0.9142857142857143,1,1.0,1,1.0,1,0.8281689605028008,1,0.8514747845626829,1,0.8475601310351468,1,0.96,1,0,0.08546602064989495
393,0.1,0.8,0.1076115485564304,0.3333333333333333,0.47368421052631576,0.16291066589843017,0.16291066589843017,0.0,0.4919786096256684,0.0,0.13554633471645927,0.9824561403508771,0.9379042933978502,0.0,0.9736842105263158,1.0,0.6991869918699187,0.8060354184983773,0.9285714285714286,1,1.0,1,1.0,1,0.9045651339507793,1,0.9079439316536305,1,0.8400695908509085,1,0.98,1,0,0.06123689059078019
394,0.1,0.0,0.1076115485564304,0.3333333333333333,0.21052631578947367,0.12846872258738906,0.12846872258738906,0.0,0.4919786096256684,0.25,0.39837398373983746,0.9964912280701754,0.9831755249359372,0.0056179775280898875,0.980701754385965,1.0,0.6991869918699187,0.8001465213090648,0.9056603773584907,1,0.8,1,1.0,1,0.9825148726503968,1,0.9260543066919413,1,0.8375092201003682,1,0.9,1,0,0.09232026675954896
395,0.2,0.8200000000000001,0.1076115485564304,0.3333333333333333,0.3684210526315789,0.15168006362757125,0.15168006362757125,0.0,0.4919786096256684,1.0,0.5313286976132305,0.9982456140350877,0.9142378628589901,0.0,0.9964912280701754,1.0,0.7111111111111111,0.789303096199648,0.896551724137931,1,1.0,1,1.0,1,0.9295266342546724,1,0.9337236350426581,1,0.8147984661247109,1,0.99,1,0,0.05532521076299313
396,1.0,0.98,0.8923884514435696,0.3333333333333333,0.47368421052631576,0.8847707729272916,0.8847707729272916,0.687719298245614,0.8413547237076648,1.0,0.999999999999902,0.9943820224719101,1.0,0.010526315789473684,1.0,1.0,0.6771653543307087,0.7217591477535896,0.7679999999999999,0,0.0,0,0.0,0,0.0026229547997264234,0,0.06269173740370995,0,0.19697134782256123,0,0.10375520313020313,2,6,0.9389931261406332
397,0.1,0.98,0.1076115485564304,0.3333333333333333,0.3157894736842105,0.11510448377786531,0.11510448377786531,0.0,0.4919786096256684,0.0,0.999999999999902,0.9982456140350877,1.0,0.0056179775280898875,0.987719298245614,1.0,0.6880000000000001,0.7351764705882353,0.8,1,0.8,0,0.0,1,0.9960498843453033,1,0.9384106036772849,1,0.814053252080399,0,0.44,1,2,0.3352477099828355
398,0.2,0.8200000000000001,0.1076115485564304,0.3333333333333333,0.3684210526315789,0.13595557175571715,0.13595557175571715,0.0,0.4919786096256684,0.0,0.3515741384447314,0.987719298245614,0.9205132731511636,0.0,0.987719298245614,1.0,0.7478260869565216,0.7947722859881534,0.896551724137931,1,0.8,1,1.0,1,0.9760212996338531,1,0.9469337301720432,1,0.8334954812555414,1,0.92,1,0,0.08725824815642713
399,1.0,0.98,0.8923884514435696,0.3333333333333333,0.3157894736842105,0.8848955162221347,0.8848955162221347,0.687719298245614,0.8413547237076648,1.0,0.9999999999999569,0.9943820224719101,1.0,0.028070175438596492,1.0,1.0,0.6880000000000001,0.7351764705882353,0.8,0,0.0,0,0.0,0,0.005698914280901292,0,0.06662011089395033,0,0.17141960199693843,0,0.0,2,6,0.9593768954713683
400,0.1,0.6,0.1076115485564304,0.3333333333333333,0.3157894736842105,0.12124603094732,0.12124603094732,0.0,0.4919786096256684,0.0,0.39779005524861877,0.987719298245614,0.9773674453096033,0.0,0.9964912280701754,1.0,0.6771653543307087,0.7433820477397053,0.8387096774193549,1,0.8,1,1.0,1,0.9898463305729921,1,0.9205168852706179,1,0.8044063495879357,1,0.91875,1,0,0.09441340576140911
401,0.0,0.62,0.1076115485564304,0.3333333333333333,0.2631578947368421,0.11370320479470253,0.11370320479470253,0.0,0.4919786096256684,0.0,0.3431718274479493,0.9789473684210527,0.9387926435933044,0.0,0.9912280701754386,1.0,0.7107438016528926,0.7483168369129752,0.8495575221238937,1,1.0,1,1.0,1,0.997439270945164,1,0.9391498419395106,1,0.8318291022782931,1,0.8916666666666666,1,0,0.05665251969506091
402,0.1,0.62,0.1076115485564304,0.3333333333333333,0.2631578947368421,0.11440684953580582,0.11440684953580582,0.0,0.4919786096256684,0.0,0.36050043878400573,0.987719298245614,0.9288454027420308,0.0,0.9982456140350877,1.0,0.7222222222222222,0.7944685990338163,0.9600000000000002,1,0.8,1,1.0,1,0.9980688115586923,1,0.9423299459698729,1,0.8520843305748557,1,0.98,1,0,0.07125281864942978
403,0.0,0.0,0.1076115485564304,0.3333333333333333,0.21052631578947367,0.12856328760707292,0.12856328760707292,0.0,0.4919786096256684,0.0,0.11746792795127636,0.9789473684210527,0.9690589336337865,0.0,0.9666666666666667,1.0,0.6880000000000001,0.7824236453201971,0.896551724137931,1,1.0,1,1.0,1,0.9798953609530126,1,0.9134688036691188,1,0.8038753064828078,1,1.0,1,0,0.05046008814917691
404,0.0,0.7,0.1076115485564304,0.3333333333333333,0.3157894736842105,0.13912461505034768,0.13912461505034768,0.0,0.4919786096256684,0.0,0.2220416328061512,0.9771929824561404,0.9321654193534321,0.0,0.9736842105263158,1.0,0.7107438016528926,0.8142944597490054,0.9629629629629631,1,1.0,1,1.0,1,0.9474433423996954,1,0.9256485757328291,1,0.8309615534463269,1,0.9633333333333334,1,0,0.05543553251463573
405,0.1,0.88,0.1076115485564304,0.3333333333333333,0.7368421052631579,0.14046447059528677,0.14046447059528677,0.0,0.4919786096256684,0.5,0.42356687898089174,0.9964912280701754,0.9790246175167739,0.0,0.980701754385965,1.0,0.6880000000000001,0.8133121693121693,0.9629629629629631,1,1.0,0,0.0,1,0.9572933761473574,1,0.9088369497011314,1,0.8142211990267127,1,0.78,1,1,0.2566080791874664
406,0.0,0.6,0.1076115485564304,0.3333333333333333,0.3157894736842105,0.13160838852560408,0.13160838852560408,0.0,0.4919786096256684,0.0,0.0,0.9298245614035088,0.9683123026448162,0.0,0.968421052631579,1.0,0.6666666666666666,0.7420866489832006,0.896551724137931,1,1.0,1,1.0,1,0.9769191367558565,1,0.9122861152279889,1,0.8298687524134248,1,1.0,1,0,0.04682099926712169
407,0.0,0.6,0.1076115485564304,0.3333333333333333,0.3157894736842105,0.13160838852560408,0.13160838852560408,0.0,0.4919786096256684,0.0,0.0,0.9298245614035088,0.9683123026448162,0.0,0.968421052631579,1.0,0.6666666666666666,0.7420866489832006,0.896551724137931,1,1.0,1,1.0,1,0.9625443177819434,1,0.898982704006946,1,0.8246472712224907,1,1.0,1,0,0.052304284498103315
408,0.0,0.6,0.1076115485564304,0.3333333333333333,0.3157894736842105,0.13160838852560408,0.13160838852560408,0.0,0.4919786096256684,0.0,0.0,0.9298245614035088,0.9683123026448162,0.0,0.968421052631579,1.0,0.6666666666666666,0.7420866489832006,0.896551724137931,1,1.0,1,1.0,1,0.9725626199970323,1,0.9061296905930468,1,0.8107111467071468,1,1.0,1,0,0.05176609045046232
409,0.0,0.6,0.1076115485564304,0.3333333333333333,0.3157894736842105,0.13160838852560408,0.13160838852560408,0.0,0.4919786096256684,0.0,0.0,0.9298245614035088,0.9683123026448162,0.0,0.968421052631579,1.0,0.6666666666666666,0.7420866489832006,0.896551724137931,1,1.0,1,1.0,1,0.9757839838032909,1,0.9027960804890072,1,0.8038369124938489,1,1.0,1,0,0.052930503868975465
410,0.0,0.6,0.1076115485564304,0.3333333333333333,0.3157894736842105,0.13160838852560408,0.13160838852560408,0.0,0.4919786096256684,0.0,0.0,0.9298245614035088,0.9683123026448162,0.0,0.968421052631579,1.0,0.6666666666666666,0.7420866489832006,0.896551724137931,1,1.0,1,1.0,1,0.9769191367558565,1,0.9122861152279889,1,0.8298687524134248,1,1.0,1,0,0.04682099926712169
411,0.0,0.6,0.1076115485564304,0.3333333333333333,0.3157894736842105,0.13160838852560408,0.13160838852560408,0.0,0.4919786096256684,0.0,0.0,0.9298245614035088,0.9683123026448162,0.0,0.968421052631579,1.0,0.6666666666666666,0.7420866489832006,0.896551724137931,1,1.0,1,1.0,1,0.9769191367558565,1,0.9122861152279889,1,0.8298687524134248,1,1.0,1,0,0.04682099926712169
412,0.0,0.6,0.1076115485564304,0.3333333333333333,0.3157894736842105,0.13160838852560408,0.13160838852560408,0.0,0.4919786096256684,0.0,0.0,0.9298245614035088,0.9683123026448162,0.0,0.968421052631579,1.0,0.6666666666666666,0.7420866489832006,0.896551724137931,1,1.0,1,1.0,1,0.9625443177819434,1,0.898982704006946,1,0.8246472712224907,1,1.0,1,0,0.052304284498103315
413,0.1,0.0,0.1076115485564304,0.3333333333333333,0.21052631578947367,0.12809677467694813,0.12809677467694813,0.0,0.4919786096256684,0.0,0.35545722713864314,0.9894736842105263,0.9608666503701804,0.0,0.9894736842105263,1.0,0.6991869918699187,0.8113551893456797,0.9504950495049503,1,0.8,1,1.0,1,0.966562282745674,1,0.9194074483478984,1,0.8307467654647749,1,0.99,1,0,0.08221391724027549
414,0.0,0.6,0.1076115485564304,0.3333333333333333,0.3157894736842105,0.13160838852560408,0.13160838852560408,0.0,0.4919786096256684,0.0,0.0,0.9298245614035088,0.9683123026448162,0.0,0.968421052631579,1.0,0.6666666666666666,0.7420866489832006,0.896551724137931,1,1.0,1,1.0,1,0.9757839838032909,1,0.9027960804890072,1,0.8038369124938489,1,1.0,1,0,0.052930503868975465
415,0.0,0.6,0.1076115485564304,0.3333333333333333,0.3157894736842105,0.13160838852560408,0.13160838852560408,0.0,0.4919786096256684,0.0,0.0,0.9298245614035088,0.9683123026448162,0.0,0.968421052631579,1.0,0.6666666666666666,0.7420866489832006,0.896551724137931,1,1.0,1,1.0,1,0.9757839838032909,1,0.9027960804890072,1,0.8038369124938489,1,1.0,1,0,0.052930503868975465
416,0.0,0.6,0.1076115485564304,0.3333333333333333,0.3157894736842105,0.13160838852560408,0.13160838852560408,0.0,0.4919786096256684,0.0,0.0,0.9298245614035088,0.9683123026448162,0.0,0.968421052631579,1.0,0.6666666666666666,0.7420866489832006,0.896551724137931,1,1.0,1,1.0,1,0.9625443177819434,1,0.898982704006946,1,0.8246472712224907,1,1.0,1,0,0.052304284498103315
417,0.0,0.6,0.1076115485564304,0.3333333333333333,0.3157894736842105,0.13160838852560408,0.13160838852560408,0.0,0.4919786096256684,0.0,0.0,0.9298245614035088,0.9683123026448162,0.0,0.968421052631579,1.0,0.6666666666666666,0.7420866489832006,0.896551724137931,1,1.0,1,1.0,1,0.9769191367558565,1,0.9122861152279889,1,0.8298687524134248,1,1.0,1,0,0.04682099926712169
418,0.0,0.6,0.1076115485564304,0.3333333333333333,0.3157894736842105,0.13160838852560408,0.13160838852560408,0.0,0.4919786096256684,0.0,0.0,0.9298245614035088,0.9683123026448162,0.0,0.968421052631579,1.0,0.6666666666666666,0.7420866489832006,0.896551724137931,1,1.0,1,1.0,1,0.9769191367558565,1,0.9122861152279889,1,0.8298687524134248,1,1.0,1,0,0.04682099926712169
419,0.0,0.6,0.1076115485564304,0.3333333333333333,0.3157894736842105,0.12959332009109326,0.12959332009109326,0.0,0.4919786096256684,0.0,0.11635220125786161,0.980701754385965,0.9701861282890748,0.0,0.9894736842105263,1.0,0.6771653543307087,0.7627206081998372,0.896551724137931,1,0.8,1,1.0,1,0.9646368022077593,1,0.9068606589083226,1,0.8321918629295422,1,1.0,1,0,0.08271844599239608
420,0.1,0.84,0.1076115485564304,0.3333333333333333,0.42105263157894735,0.11521990027692663,0.11521990027692663,0.0,0.4919786096256684,0.16666666666666666,0.0,0.9929824561403509,0.9924305525112154,0.0,0.9789473684210527,1.0,0.6771653543307087,0.7248810989731018,0.7804878048780488,1,1.0,1,1.0,1,0.997382120695785,1,0.9396609042393241,1,0.8038987863198247,1,0.9969318181818181,1,0,0.04368772842720803
421,0.0,0.0,0.1076115485564304,0.3333333333333333,0.21052631578947367,0.12955194837064643,0.12955194837064643,0.0,0.4919786096256684,0.0,0.10422535211267614,0.9789473684210527,0.9661274860386202,0.0,0.9947368421052631,1.0,0.6771653543307087,0.7644012804687447,0.896551724137931,1,1.0,1,1.0,1,0.9746678217391416,1,0.9134095832734935,1,0.812217379906787,1,1.0,1,0,0.04995086918009628
422,0.1,0.84,0.1076115485564304,0.3333333333333333,0.42105263157894735,0.11521990027692663,0.11521990027692663,0.0,0.4919786096256684,1.0,0.0,0.9929824561403509,0.9924305525112154,0.0,0.9789473684210527,1.0,0.6771653543307087,0.7248810989731018,0.7804878048780488,1,1.0,1,1.0,1,0.997382120695785,1,0.9396609042393241,1,0.8038987863198247,1,0.9969318181818181,1,0,0.04368772842720803
423,0.1,0.84,0.1076115485564304,0.3333333333333333,0.42105263157894735,0.11521990027692663,0.11521990027692663,0.0,0.4919786096256684,1.0,0.0,0.9929824561403509,0.9924305525112154,0.0,0.9789473684210527,1.0,0.6771653543307087,0.7248810989731018,0.7804878048780488,1,0.8,1,1.0,1,0.9959374632635611,1,0.9418256050213397,1,0.8121638794819533,1,0.9883333333333333,1,0,0.07695661981663537
424,0.0,0.8,0.1076115485564304,0.3333333333333333,0.47368421052631576,0.13852273327338827,0.13852273327338827,0.0,0.4919786096256684,0.0,0.179734686560578,0.9649122807017544,0.9230910459069552,0.0,0.9719298245614035,1.0,0.6991869918699187,0.8233439454135643,0.9629629629629631,1,1.0,1,1.0,1,0.9722091882243743,1,0.9414238236746301,1,0.8351045772562337,1,1.0,1,0,0.04187706847412709
425,0.1,0.92,0.1076115485564304,0.3333333333333333,0.47368421052631576,0.12781729877333392,0.12781729877333392,0.0,0.4919786096256684,0.0,0.34706947858713943,0.9859649122807017,0.9467216359883657,0.0,0.9719298245614035,1.0,0.7107438016528926,0.8059249262005517,0.9056603773584905,1,1.0,1,1.0,1,0.982140338994733,1,0.9338769841810148,1,0.8027980078542715,1,0.76,1,0,0.08686411149499695
426,0.0,0.84,0.1076115485564304,0.3333333333333333,0.42105263157894735,0.11367530541021442,0.11367530541021442,0.0,0.4919786096256684,0.0,0.0,0.9666666666666667,0.9853142733108003,0.0,0.9912280701754386,1.0,0.6771653543307087,0.7142601839404221,0.7804878048780488,1,1.0,1,1.0,1,0.998821194420788,1,0.9563724529351793,1,0.8289279667054507,1,1.0,1,0,0.0359797309897637
427,0.0,0.7,0.1076115485564304,0.3333333333333333,0.3157894736842105,0.13696998814427686,0.13696998814427686,0.0,0.4919786096256684,0.0,0.2059868808513231,0.9508771929824561,0.8879045390949334,0.0,0.9719298245614035,1.0,0.7107438016528926,0.7961126415671871,0.9629629629629631,1,1.0,1,1.0,1,0.9562340373142005,1,0.935980101421662,1,0.8167382607998034,1,0.975,1,0,0.05267460007738911
428,0.1,0.0,0.1076115485564304,0.3333333333333333,0.21052631578947367,0.11362464673794004,0.11362464673794004,0.0,0.4919786096256684,0.0,0.4602824931968382,0.9947368421052631,0.9821843333347592,0.0,0.980701754385965,1.0,0.6880000000000001,0.7279453860640301,0.8135593220338984,1,0.8,1,1.0,1,0.9983957747146311,1,0.9508407448179002,1,0.8116878541445058,1,0.84,1,0,0.09984593772049377
429,0.1,0.0,0.1076115485564304,0.3333333333333333,0.21052631578947367,0.12818926223076677,0.12818926223076677,0.0,0.4919786096256684,0.0,0.35656836461126007,0.9894736842105263,0.9726095037568767,0.0,0.9719298245614035,1.0,0.6880000000000001,0.7945530253741055,0.9056603773584907,1,1.0,1,1.0,1,0.9825903925882313,1,0.9357512766900214,1,0.8324111984262555,1,0.94,1,0,0.051541188715915176
430,0.2,0.8,0.1076115485564304,0.3333333333333333,0.47368421052631576,0.18832619306602338,0.18832619306602338,0.0,0.4919786096256684,0.0,0.0,0.9912280701754386,0.9659166813148181,0.0,0.9894736842105263,1.0,0.6771653543307087,0.8001473030156946,0.979591836734694,1,0.8,1,1.0,1,0.921714750462366,1,0.9127976637314507,1,0.8174031751465254,1,0.97,1,0,0.09634740177660983
431,0.2,0.8,0.1076115485564304,0.3333333333333333,0.47368421052631576,0.18832619306602338,0.18832619306602338,0.0,0.4919786096256684,0.0,0.0,0.9912280701754386,0.9659166813148181,0.0,0.9894736842105263,1.0,0.6771653543307087,0.8001473030156946,0.979591836734694,1,0.8,1,1.0,1,0.8913299239063889,1,0.895847340599551,1,0.8044334324864687,1,0.93,1,0,0.11306488383459856
432,1.0,1.0,0.8923884514435696,0.3333333333333333,0.47368421052631576,0.8710648301268233,0.8710648301268233,0.687719298245614,0.8413547237076648,1.0,0.781916599839615,0.9943820224719101,0.9696436096142522,0.01929824561403509,1.0,1.0,0.7218045112781954,0.7721104263753992,0.896551724137931,0,0.0,0,0.0,0,0.023314593239415874,0,0.04479005622751997,0,0.1842069953494481,0,0.01,2,6,0.9562813925306026
433,0.0,0.7,0.1076115485564304,0.3333333333333333,0.3157894736842105,0.13723787529954135,0.13723787529954135,0.0,0.4919786096256684,0.0,0.18169727351782705,0.9666666666666667,0.9144604920513547,0.0,0.9649122807017544,1.0,0.6991869918699187,0.8085160548575183,0.9629629629629631,1,1.0,1,1.0,1,0.9581305753097208,1,0.9316521117107748,1,0.8168157128489286,1,1.0,1,0,0.048900266688429284
434,0.2,0.98,0.1076115485564304,0.3333333333333333,0.631578947368421,0.14226702088836096,0.14226702088836096,0.0,0.4919786096256684,0.0,0.999999999999902,0.9982456140350877,1.0,0.0056179775280898875,0.9929824561403509,1.0,0.6771653543307087,0.7955396341223113,0.9629629629629631,1,0.8,0,0.0,1,0.9693381288420911,1,0.9126555910797367,1,0.8144059174014904,0,0.31,1,2,0.3656000604461137
435,0.1,1.0,0.1076115485564304,0.3333333333333333,0.47368421052631576,0.12783865803840422,0.12783865803840422,0.0,0.4919786096256684,0.5,0.5865764670112495,0.9982456140350877,0.964315823658891,0.0056179775280898875,0.9982456140350877,1.0,0.6906474820143884,0.7643211690594474,0.896551724137931,1,0.8,0,0.0,1,0.9743667742022885,1,0.9564554234133298,1,0.8188377261673764,0,0.46,1,2,0.3317233460361675
436,0.1,0.84,0.1076115485564304,0.3333333333333333,0.42105263157894735,0.11520911770372266,0.11520911770372266,0.0,0.4919786096256684,0.0,0.19999999999999996,0.987719298245614,0.9847456379297651,0.0,0.9789473684210527,1.0,0.6771653543307087,0.7281062551916062,0.7933884297520662,1,0.8,1,1.0,1,0.9969374899788667,1,0.9366480849076816,1,0.8157006431709198,1,0.9766666666666667,1,0,0.07900785254597753
437,0.0,0.8,0.1076115485564304,0.3333333333333333,0.47368421052631576,0.1388994571970914,0.1388994571970914,0.0,0.4919786096256684,0.0,0.2306776328542549,0.9666666666666667,0.9310450102510388,0.0,0.9771929824561404,1.0,0.6880000000000001,0.8296386999244143,0.979591836734694,1,1.0,1,1.0,1,0.9710732828452581,1,0.9424045820375195,1,0.8333817860226562,1,1.0,1,0,0.042190058182427825
438,0.1,0.62,0.1076115485564304,0.3333333333333333,0.2631578947368421,0.1297795939456985,0.1297795939456985,0.0,0.4919786096256684,0.0,0.3472317244762285,0.9894736842105263,0.8351367828720654,0.0,0.9964912280701754,1.0,0.6906474820143884,0.7706931542144926,0.8349514563106797,1,0.8,1,1.0,1,0.9348862226789352,1,0.9385875770622435,1,0.8089012962923069,1,0.76,1,0,0.12627081732775247
439,0.2,1.0,0.1076115485564304,0.3333333333333333,0.3684210526315789,0.12220793270649744,0.12220793270649744,0.0,0.4919786096256684,0.0,0.3697120682221051,0.9964912280701754,0.9119455181299466,0.0,1.0,1.0,0.6808510638297872,0.7538032287905463,0.8387096774193549,1,0.8,0,0.0,1,0.9909099427673894,1,0.973149507298737,1,0.8267280339291695,1,0.87,1,1,0.2565354193341173
440,0.1,0.0,0.1076115485564304,0.3333333333333333,0.21052631578947367,0.12774516539379976,0.12774516539379976,0.0,0.4919786096256684,0.0,0.2426229508196721,0.9824561403508771,0.9459026735616582,0.0,0.9824561403508771,1.0,0.6880000000000001,0.808137931034483,0.9600000000000002,1,1.0,1,1.0,1,0.983290991544558,1,0.9447086148312438,1,0.8304753224178014,1,1.0,1,0,0.04025417853439939
441,0.1,0.7,0.1076115485564304,0.3333333333333333,0.3157894736842105,0.15638143922539194,0.15638143922539194,0.0,0.4919786096256684,0.0,0.0,0.987719298245614,0.9347719957538361,0.0,0.9771929824561404,1.0,0.6880000000000001,0.772864168618267,0.9285714285714286,1,1.0,1,1.0,1,0.9241678814856022,1,0.9390087651602858,1,0.827599522148101,1,0.82,1,0,0.08153730520100178
442,0.1,0.8,0.1076115485564304,0.3333333333333333,0.47368421052631576,0.166986306306649,0.166986306306649,0.0,0.4919786096256684,0.0,0.20469083155650314,0.9894736842105263,0.9546402140300893,0.0,0.9859649122807017,1.0,0.6771653543307087,0.815623493491885,0.979591836734694,1,1.0,1,1.0,1,0.9375144368634648,1,0.933489419960208,1,0.8401513289255057,1,0.71,1,0,0.0964741357084703
443,0.1,0.7,0.1076115485564304,0.3333333333333333,0.3157894736842105,0.15638143922539194,0.15638143922539194,0.0,0.4919786096256684,0.0,0.0,0.987719298245614,0.9347719957538361,0.0,0.9771929824561404,1.0,0.6880000000000001,0.772864168618267,0.9285714285714286,1,1.0,1,1.0,1,0.944480096139281,1,0.93814117279238,1,0.8051482205143812,1,0.97,1,0,0.05703841842565971
444,0.1,0.62,0.1076115485564304,0.3333333333333333,0.2631578947368421,0.11869399607662612,0.11869399607662612,0.0,0.4919786096256684,0.0,0.34056264559910876,0.9824561403508771,0.8254968573687667,0.0,0.9964912280701754,1.0,0.7222222222222222,0.7642428962522421,0.8037383177570093,1,0.8,1,1.0,1,0.9916475273382453,1,0.9526664260204278,1,0.826964982011313,1,0.94,1,0,0.08145351077166918
445,0.0,0.0,0.1076115485564304,0.3333333333333333,0.21052631578947367,0.11503808357837064,0.11503808357837064,0.0,0.4919786096256684,0.0,0.0,0.9736842105263158,0.9637537735660449,0.0,0.9614035087719298,1.0,0.6880000000000001,0.7513926868044516,0.8648648648648649,1,1.0,1,1.0,1,0.9945214381825284,1,0.9444064041231399,1,0.8259211695608172,1,1.0,1,0,0.03919183135558579
446,0.0,0.84,0.1076115485564304,0.3333333333333333,0.42105263157894735,0.11366868217124937,0.11366868217124937,0.0,0.4919786096256684,0.0,0.0,0.9771929824561404,0.9753123588740027,0.0,0.9842105263157894,1.0,0.6771653543307087,0.7191382327209099,0.8,1,1.0,1,1.0,1,0.997700263371402,1,0.9506970661783217,1,0.8252703911555194,1,1.0,1,0,0.03772204654912603
447,0.0,0.84,0.1076115485564304,0.3333333333333333,0.42105263157894735,0.11366868217124937,0.11366868217124937,0.0,0.4919786096256684,0.0,0.0,0.9771929824561404,0.9753123588740027,0.0,0.9842105263157894,1.0,0.6771653543307087,0.7191382327209099,0.8,1,1.0,1,1.0,1,0.9987134605534069,1,0.9473742683254786,1,0.8163428908740434,1,1.0,1,0,0.039594896707845106
448,0.1,0.62,0.1076115485564304,0.3333333333333333,0.2631578947368421,0.11421013085150022,0.11421013085150022,0.0,0.4919786096256684,0.0,0.22024344614786562,0.9929824561403509,0.9124974780384865,0.0,0.9912280701754386,1.0,0.7222222222222222,0.7726504172156345,0.8727272727272728,1,1.0,1,1.0,1,0.9974983952274228,1,0.9489536787633353,1,0.8132902201235565,1,0.96,1,0,0.04670961764761428
449,0.0,0.0,0.1076115485564304,0.3333333333333333,0.21052631578947367,0.12741332818582007,0.12741332818582007,0.0,0.4919786096256684,0.0,0.19525065963060695,0.9578947368421052,0.9273131395665538,0.0,0.9789473684210527,1.0,0.6880000000000001,0.8181379310344828,1.0,1,1.0,1,1.0,1,0.9760313333205444,1,0.9351620052443742,1,0.8089181290306807,1,0.98,1,0,0.04998142206740008
450,0.0,0.0,0.1076115485564304,0.3333333333333333,0.21052631578947367,0.11361001585780761,0.11361001585780761,0.0,0.4919786096256684,0.0,0.17249417249417243,0.968421052631579,0.9620611514478703,0.0,0.9666666666666667,1.0,0.6880000000000001,0.736944936086529,0.8495575221238937,1,1.0,1,1.0,1,0.9977585918397442,1,0.9518874793993066,1,0.8248050517420976,1,1.0,1,0,0.0375914795031419
451,0.0,0.0,0.1076115485564304,0.3333333333333333,0.21052631578947367,0.11501016669735808,0.11501016669735808,0.0,0.4919786096256684,0.0,0.0,0.9666666666666667,0.9510806508189201,0.0,0.9631578947368421,1.0,0.6880000000000001,0.7573986928104576,0.8888888888888888,1,1.0,1,1.0,1,0.9961008741407746,1,0.9501595825187651,1,0.8110410472083962,1,0.99,1,0,0.04211641602201066
452,0.0,0.0,0.1076115485564304,0.3333333333333333,0.21052631578947367,0.11366355831564645,0.11366355831564645,0.0,0.4919786096256684,0.0,0.0,0.9771929824561404,0.9674847788990246,0.0,0.9771929824561404,1.0,0.6771653543307087,0.7225280632293845,0.8135593220338984,1,1.0,1,1.0,1,0.9988426257418352,1,0.9615991581352257,1,0.8304966377752161,1,1.0,1,0,0.03484359639128731
453,0.1,0.7,0.1076115485564304,0.3333333333333333,0.47368421052631576,0.1154914655212339,0.1154914655212339,0.0,0.4919786096256684,1.0,0.0,0.9929824561403509,1.0,0.0,1.0,1.0,0.6666666666666666,0.7165098039215685,0.7679999999999999,1,1.0,1,0.9230769230769231,1,0.9964838275839073,1,0.9397639293978796,1,0.8153624301155394,1,0.9306567668377297,1,0,0.06577602049800346
454,0.1,0.7,0.1076115485564304,0.3333333333333333,0.47368421052631576,0.1154914655212339,0.1154914655212339,0.0,0.4919786096256684,1.0,0.0,0.9929824561403509,1.0,0.0,1.0,1.0,0.6666666666666666,0.7165098039215685,0.7679999999999999,1,1.0,1,0.9230769230769231,1,0.9956181152957433,1,0.9460239388371603,1,0.810782474962603,1,0.9131774383316983,1,0,0.068553518249312
455,0.1,0.7,0.1076115485564304,0.3333333333333333,0.47368421052631576,0.1154914655212339,0.1154914655212339,0.0,0.4919786096256684,1.0,0.0,0.9929824561403509,1.0,0.0,1.0,1.0,0.6666666666666666,0.7165098039215685,0.7679999999999999,1,1.0,1,0.9090909090909091,1,0.9970773301687703,1,0.9439673207310934,1,0.8043026357381131,1,0.9020269314019312,1,0,0.07392247881153047
456,0.1,0.7,0.1076115485564304,0.3333333333333333,0.47368421052631576,0.1154914655212339,0.1154914655212339,0.0,0.4919786096256684,1.0,0.0,0.9929824561403509,1.0,0.0,1.0,1.0,0.6666666666666666,0.7165098039215685,0.7679999999999999,1,0.8,1,0.9285714285714286,1,0.9965992937038392,1,0.9517672107318363,1,0.8299208202257268,1,0.9218670649955476,1,0,0.09521236362860364
457,0.1,0.7,0.1076115485564304,0.3333333333333333,0.47368421052631576,0.1154914655212339,0.1154914655212339,0.0,0.4919786096256684,1.0,0.0,0.9929824561403509,1.0,0.0,1.0,1.0,0.6666666666666666,0.7165098039215685,0.7679999999999999,1,1.0,1,0.9230769230769231,1,0.9956181152957433,1,0.9460239388371603,1,0.810782474962603,1,0.9131774383316983,1,0,0.068553518249312
458,0.1,0.7,0.1076115485564304,0.3333333333333333,0.47368421052631576,0.1154914655212339,0.1154914655212339,0.0,0.4919786096256684,1.0,0.0,0.9929824561403509,1.0,0.0,1.0,1.0,0.6666666666666666,0.7165098039215685,0.7679999999999999,1,1.0,1,0.9230769230769231,1,0.9956181152957433,1,0.9460239388371603,1,0.810782474962603,1,0.9131774383316983,1,0,0.068553518249312
459,0.1,0.7,0.1076115485564304,0.3333333333333333,0.47368421052631576,0.1154914655212339,0.1154914655212339,0.0,0.4919786096256684,1.0,0.0,0.9929824561403509,1.0,0.0,1.0,1.0,0.6666666666666666,0.7165098039215685,0.7679999999999999,1,0.8,1,0.9285714285714286,1,0.9965992937038392,1,0.9517672107318363,1,0.8299208202257268,1,0.9218670649955476,1,0,0.09521236362860364
460,0.1,0.7,0.1076115485564304,0.3333333333333333,0.47368421052631576,0.1154914655212339,0.1154914655212339,0.0,0.4919786096256684,1.0,0.0,0.9947368421052631,1.0,0.0,1.0,1.0,0.6666666666666666,0.7165098039215685,0.7679999999999999,1,1.0,1,0.9090909090909091,1,0.9970773301687703,1,0.9439673207310934,1,0.8043026357381131,1,0.9020269314019312,1,0,0.07392247881153047
461,0.1,0.7,0.1076115485564304,0.3333333333333333,0.47368421052631576,0.1154914655212339,0.1154914655212339,0.0,0.4919786096256684,1.0,0.0,0.9929824561403509,1.0,0.0,1.0,1.0,0.6666666666666666,0.7165098039215685,0.7679999999999999,1,1.0,1,0.9090909090909091,1,0.9970773301687703,1,0.9439673207310934,1,0.8043026357381131,1,0.9020269314019312,1,0,0.07392247881153047
462,1.0,0.7,0.8923884514435696,0.3333333333333333,0.47368421052631576,0.8845085344787661,0.8845085344787661,0.687719298245614,0.8413547237076648,0.0,0.9999999999998328,0.9943820224719101,1.0,0.02631578947368421,1.0,1.0,0.6666666666666666,0.7165098039215685,0.7679999999999999,0,0.0,0,0.0,0,0.005983095264719645,0,0.058353886743005796,0,0.17538751541202408,0,0.0,2,6,0.9600459170967084
463,0.1,0.7,0.1076115485564304,0.3333333333333333,0.47368421052631576,0.1154914655212339,0.1154914655212339,0.0,0.4919786096256684,1.0,0.0,0.9947368421052631,1.0,0.0,0.9754385964912281,1.0,0.6666666666666666,0.7165098039215685,0.7679999999999999,1,1.0,1,0.9090909090909091,1,0.9970773301687703,1,0.9439673207310934,1,0.8043026357381131,1,0.9020269314019312,1,0,0.07392247881153047
464,0.1,0.7,0.1076115485564304,0.3333333333333333,0.47368421052631576,0.1154914655212339,0.1154914655212339,0.0,0.4919786096256684,1.0,0.0,0.9947368421052631,1.0,0.0,0.9754385964912281,1.0,0.6666666666666666,0.7165098039215685,0.7679999999999999,1,1.0,1,1.0,1,0.9940169047352804,1,0.9416461132569942,1,0.8246124845879759,1,1.0,1,0,0.03995408290329161
465,0.1,0.62,0.1076115485564304,0.3333333333333333,0.2631578947368421,0.11493365468692418,0.11493365468692418,0.0,0.4919786096256684,0.0,0.2341729450129315,0.9824561403508771,0.9302628008539876,0.0,0.9719298245614035,1.0,0.7107438016528926,0.7729634657543042,0.9056603773584905,1,1.0,1,1.0,1,0.9978561787696276,1,0.9585688341101144,1,0.80341704216064,1,0.91,1,0,0.05502632415993636
466,0.0,0.0,0.1076115485564304,0.3333333333333333,0.21052631578947367,0.11357866990370458,0.11357866990370458,0.0,0.4919786096256684,0.0,0.36940067736710347,0.980701754385965,0.9501630430987732,0.0,0.9754385964912281,1.0,0.6991869918699187,0.7677728138667526,0.9504950495049503,1,1.0,1,1.0,1,0.9988189332227856,1,0.9552826603211821,1,0.8169964198070666,1,1.0,1,0,0.038150331108160906
467,0.0,0.0,0.1076115485564304,0.3333333333333333,0.21052631578947367,0.11488559637432016,0.11488559637432016,0.0,0.4919786096256684,0.0,0.16216775261143856,0.9789473684210527,0.9410473358140528,0.0,0.9719298245614035,1.0,0.6991869918699187,0.7856679257068682,0.979591836734694,1,1.0,1,1.0,1,0.996098643382166,1,0.9565846866335098,1,0.8108160412538015,1,1.0,1,0,0.03941677145508704
468,1.0,1.0,0.8923884514435696,0.3333333333333333,0.42105263157894735,0.88553912524282,0.88553912524282,0.687719298245614,0.8413547237076648,0.9375,0.5,0.9943820224719101,0.992184626700993,0.0,1.0,1.0,0.6666666666666666,0.7125960061443932,0.7741935483870969,0,0.0,0,0.07142857142857142,0,0.002302359963983234,0,0.054245279269808905,0,0.18408351686797636,0,0.08089417304401823,2,6,0.9345076832376069
469,0.0,0.7,0.1076115485564304,0.3333333333333333,0.3157894736842105,0.16050875765711003,0.16050875765711003,0.0,0.4919786096256684,0.0,0.23952583660916138,0.9666666666666667,0.899170942479071,0.0,0.9771929824561404,1.0,0.6771653543307087,0.7776220860323495,0.9285714285714286,1,1.0,1,1.0,1,0.9198201634556781,1,0.9343773582713464,1,0.8088272349132627,1,0.92,1,0,0.06949587389328549
470,0.2,0.62,0.1076115485564304,0.3333333333333333,0.2631578947368421,0.11357499430216078,0.11357499430216078,0.0,0.4919786096256684,0.0,0.26275115919629055,0.987719298245614,0.9414163541938201,0.0,0.9736842105263158,1.0,0.7107438016528926,0.7666966871512326,0.9230769230769231,1,1.0,1,1.0,1,0.9992284509617925,1,0.9643630142041479,1,0.80453312079296,1,0.95,1,0,0.046979235673516584
471,0.0,0.0,0.1076115485564304,0.3333333333333333,0.21052631578947367,0.11358422543174296,0.11358422543174296,0.0,0.4919786096256684,0.0,0.06035889070146827,0.956140350877193,0.9366905183822705,0.0,0.9614035087719298,1.0,0.6880000000000001,0.7509706498951783,0.9056603773584907,1,1.0,1,1.0,1,0.9988237490138623,1,0.9564811732741311,1,0.8194153847731361,1,1.0,1,0,0.03754661548981175
472,0.0,0.0,0.1076115485564304,0.3333333333333333,0.21052631578947367,0.11358006181391755,0.11358006181391755,0.0,0.4919786096256684,0.0,0.056923076923076965,0.9508771929824561,0.9323486419953289,0.0,0.9631578947368421,1.0,0.6880000000000001,0.7531269841269841,0.9142857142857143,1,1.0,1,1.0,1,0.9989846510890423,1,0.968185065490031,1,0.8316732311202895,1,1.0,1,0,0.033526175383439494
473,0.0,0.7,0.1076115485564304,0.3333333333333333,0.3157894736842105,0.1329457436741116,0.1329457436741116,0.0,0.4919786096256684,0.0,0.15227616327901905,0.9736842105263158,0.8835477943827647,0.0,0.9789473684210527,1.0,0.6880000000000001,0.7707872523686478,0.9629629629629631,1,1.0,1,1.0,1,0.9610333505707016,1,0.9562231604921627,1,0.8106927641665952,1,1.0,1,0,0.045341787461756766
474,0.0,0.0,0.1076115485564304,0.3333333333333333,0.21052631578947367,0.11513410600774243,0.11513410600774243,0.0,0.4919786096256684,0.0,0.18048780487804872,0.9771929824561404,0.9639954075774971,0.0,0.9666666666666667,1.0,0.6771653543307087,0.7459753639698059,0.8648648648648649,1,1.0,1,1.0,1,0.9945398172764003,1,0.9505773377313292,1,0.8255005089169205,1,0.9188809523809525,1,0,0.05175023061573292
475,1.0,1.0,0.8923884514435696,0.3333333333333333,0.21052631578947367,0.8871352493323499,0.8871352493323499,0.687719298245614,0.8413547237076648,1.0,0.7794975149688882,0.9943820224719101,0.9757637671652705,0.02280701754385965,1.0,1.0,0.6666666666666666,0.7694612479054841,0.9896907216494847,0,0.0,0,0.0,0,0.0001427561659262023,0,0.03195875084518706,0,0.19415159215447564,0,0.08,2,6,0.9489578168057352
476,0.0,0.62,0.1076115485564304,0.3333333333333333,0.2631578947368421,0.1136102177202577,0.1136102177202577,0.0,0.4919786096256684,0.0,0.27157459359585034,0.9614035087719298,0.8838933500491748,0.0,0.980701754385965,1.0,0.7222222222222222,0.7487966450948196,0.8275862068965518,1,1.0,1,1.0,1,0.9992427526443179,1,0.9684232286040868,1,0.8046190002073732,1,1.0,1,0,0.03795250309070364
477,0.1,0.7,0.1076115485564304,0.3333333333333333,0.42105263157894735,0.11377885732118143,0.11377885732118143,0.0,0.4919786096256684,1.0,0.0,0.9912280701754386,1.0,0.0,0.9649122807017544,1.0,0.6666666666666666,0.709010840108401,0.7804878048780488,1,1.0,1,0.9285714285714286,1,0.9989717872541034,1,0.9553125041501546,1,0.8053476332650235,1,0.9152463436202596,1,0,0.0660917171898383
478,0.1,0.7,0.1076115485564304,0.3333333333333333,0.42105263157894735,0.11377885732118143,0.11377885732118143,0.0,0.4919786096256684,1.0,0.0,0.9912280701754386,1.0,0.0,0.968421052631579,1.0,0.6666666666666666,0.709010840108401,0.7804878048780488,1,1.0,1,0.9230769230769231,1,0.99821926219909,1,0.9569879632457221,1,0.8114030628600621,1,0.9273988597401907,1,0,0.06381898814633535
479,0.1,0.7,0.1076115485564304,0.3333333333333333,0.42105263157894735,0.11377885732118143,0.11377885732118143,0.0,0.4919786096256684,1.0,0.0,0.9894736842105263,1.0,0.0,0.9894736842105263,1.0,0.6666666666666666,0.709010840108401,0.7804878048780488,1,1.0,1,1.0,1,0.998661761690419,1,0.962255658287615,1,0.8314430349466418,1,1.0,1,0,0.03460659084588735
480,0.1,0.7,0.1076115485564304,0.3333333333333333,0.42105263157894735,0.11377885732118143,0.11377885732118143,0.0,0.4919786096256684,1.0,0.0,0.9912280701754386,1.0,0.0056179775280898875,0.9666666666666667,1.0,0.6666666666666666,0.709010840108401,0.7804878048780488,1,1.0,1,0.9230769230769231,1,0.9975882274674345,1,0.9534320741660144,1,0.8256591524525654,1,0.9055782598034915,1,0,0.06577756050559513
481,0.1,0.7,0.1076115485564304,0.3333333333333333,0.42105263157894735,0.11377885732118143,0.11377885732118143,0.0,0.4919786096256684,1.0,0.0,0.9894736842105263,1.0,0.0,0.9894736842105263,1.0,0.6666666666666666,0.709010840108401,0.7804878048780488,1,1.0,1,0.9285714285714286,1,0.9989717872541034,1,0.9553125041501546,1,0.8053476332650235,1,0.9152463436202596,1,0,0.0660917171898383
482,0.1,0.7,0.1076115485564304,0.3333333333333333,0.42105263157894735,0.11377885732118143,0.11377885732118143,0.0,0.4919786096256684,1.0,0.0,0.9894736842105263,1.0,0.0,0.9894736842105263,1.0,0.6666666666666666,0.709010840108401,0.7804878048780488,1,1.0,1,0.9230769230769231,1,0.9975882274674345,1,0.9534320741660144,1,0.8256591524525654,1,0.9055782598034915,1,0,0.06577756050559513
483,0.1,0.7,0.1076115485564304,0.3333333333333333,0.42105263157894735,0.11377885732118143,0.11377885732118143,0.0,0.4919786096256684,1.0,0.0,0.9894736842105263,1.0,0.0,0.9894736842105263,1.0,0.6666666666666666,0.709010840108401,0.7804878048780488,1,1.0,1,1.0,1,0.998661761690419,1,0.962255658287615,1,0.8314430349466418,1,1.0,1,0,0.03460659084588735
484,0.1,0.7,0.1076115485564304,0.3333333333333333,0.42105263157894735,0.11377885732118143,0.11377885732118143,0.0,0.4919786096256684,1.0,0.0,0.9894736842105263,1.0,0.0,0.9894736842105263,1.0,0.6666666666666666,0.709010840108401,0.7804878048780488,1,1.0,1,1.0,1,0.998661761690419,1,0.962255658287615,1,0.8314430349466418,1,1.0,1,0,0.03460659084588735
485,0.1,0.0,0.1076115485564304,0.3333333333333333,0.21052631578947367,0.11353733529995313,0.11353733529995313,0.0,0.4919786096256684,0.0,0.07806243272335833,0.987719298245614,0.9484218462820707,0.0,0.9719298245614035,1.0,0.6991869918699187,0.7725732939147574,0.9696969696969697,1,1.0,1,1.0,1,0.997979012287146,1,0.9640466170501912,1,0.8268471643113391,1,0.99,1,0,0.03685453439188724
486,0.1,0.62,0.1076115485564304,0.3333333333333333,0.2631578947368421,0.11470151006508988,0.11470151006508988,0.0,0.4919786096256684,0.0,0.4274043920135139,0.9964912280701754,0.9385337518876562,0.0,0.9859649122807017,1.0,0.7226890756302521,0.7343391902215433,0.7647058823529411,1,0.8,0,0.0,1,0.9980527070267535,1,0.9812406796636061,1,0.8387390852101468,1,0.8375,1,1,0.2574112546832489
487,0.0,0.0,0.1076115485564304,0.3333333333333333,0.21052631578947367,0.11354780502349004,0.11354780502349004,0.0,0.4919786096256684,0.0,0.3521336327905671,0.9754385964912281,0.9464950638293926,0.0,0.9649122807017544,1.0,0.6880000000000001,0.769453514739229,0.9795918367346937,1,1.0,1,1.0,1,0.9984376491808827,1,0.9656364549732623,1,0.8136077312574503,1,0.98,1,0,0.04038636076473401
488,0.0,0.0,0.1076115485564304,0.3333333333333333,0.21052631578947367,0.11507318520629406,0.11507318520629406,0.0,0.4919786096256684,0.0,0.2459251496180258,0.9631578947368421,0.9387495883708896,0.0,0.9754385964912281,1.0,0.6771653543307087,0.7583305763250182,0.9142857142857143,1,1.0,1,1.0,1,0.9947395200285912,1,0.956274587553455,1,0.82537013625877,1,0.9925,1,0,0.038519292693197316
489,0.0,0.0,0.1076115485564304,0.3333333333333333,0.21052631578947367,0.11466788334386546,0.11466788334386546,0.0,0.4919786096256684,0.0,0.1460583532052182,0.9333333333333333,0.8775082118945458,0.0,0.980701754385965,1.0,0.6880000000000001,0.7533582887700536,0.8727272727272728,1,1.0,1,1.0,1,0.9974025332310474,1,0.9714328345489962,1,0.834209372969198,1,1.0,1,0,0.03282587654179314
490,0.0,0.0,0.1076115485564304,0.3333333333333333,0.21052631578947367,0.1259185016664659,0.1259185016664659,0.0,0.4919786096256684,0.0,0.19323989023448418,0.9368421052631579,0.8714940061770402,0.0,0.9789473684210527,1.0,0.6771653543307087,0.7696171599239752,0.896551724137931,1,1.0,1,0.5,1,0.9845411910709231,1,0.9611988302064649,1,0.8142962885622211,1,0.9775,1,0,0.12707728169339838
491,0.0,0.0,0.1076115485564304,0.3333333333333333,0.21052631578947367,0.11456929934848614,0.11456929934848614,0.0,0.4919786096256684,0.0,0.16830932524639886,0.9192982456140351,0.8610013549995346,0.0,0.9754385964912281,1.0,0.6880000000000001,0.7420730223123733,0.8275862068965518,1,1.0,1,1.0,1,0.996105431057864,1,0.9729280108596581,1,0.8420807955822717,1,1.0,1,0,0.03148096041670101
492,0.1,0.0,0.1076115485564304,0.3333333333333333,0.21052631578947367,0.11331018573215612,0.11331018573215612,0.0,0.4919786096256684,0.0,0.2212097472477632,0.987719298245614,0.8931356879163779,0.0,0.987719298245614,1.0,0.6991869918699187,0.7106001793100638,0.7222222222222222,1,1.0,1,1.0,1,0.9985492423873586,1,0.9810613778648822,1,0.8273523401623638,1,0.96,1,0,0.038839506597565965
493,0.1,0.0,0.1076115485564304,0.3333333333333333,0.21052631578947367,0.11328416816897569,0.11328416816897569,0.0,0.4919786096256684,0.0,0.1811398473901007,0.9842105263157894,0.8641185747941721,0.0,0.987719298245614,1.0,0.6880000000000001,0.7023333333333334,0.7222222222222222,1,1.0,1,1.0,1,0.9994038185243305,1,0.9909227019331005,1,0.8537835695680689,1,0.97,1,0,0.03098165166241673
494,0.1,0.0,0.1076115485564304,0.3333333333333333,0.21052631578947367,0.11332432018010263,0.11332432018010263,0.0,0.4919786096256684,0.0,0.17109417354976564,0.9824561403508771,0.8586250316151894,0.0,0.9859649122807017,1.0,0.6771653543307087,0.6995893605404587,0.7222222222222222,1,1.0,1,1.0,1,0.9993463035195088,1,0.9917611540445895,1,0.8562606308476968,1,0.97,1,0,0.030438651931367633
495,0.0,0.0,0.1076115485564304,0.3333333333333333,0.21052631578947367,0.11266362115210005,0.11266362115210005,0.0,0.4919786096256684,0.0,0.33731902860592455,0.9771929824561404,0.8546624795016282,0.0,0.9894736842105263,0.75,0.1,0.5871818181818182,0.8727272727272728,1,0.8,0,0.0,1,0.9999990161282613,1,0.9912280594551763,1,0.810013188941372,1,0.87,1,1,0.2547932892458652
496,0.0,0.0,0.1076115485564304,0.3333333333333333,0.21052631578947367,0.11266325001571675,0.11266325001571675,0.0,0.4919786096256684,0.0,0.0,0.9421052631578948,0.8747805276956009,0.0,0.9912280701754386,0.75,0.10116731517509728,0.5808473843493298,0.8888888888888888,1,0.8,1,1.0,1,0.9999999352354493,1,0.994289197037621,1,0.835889420319927,1,0.98,1,0,0.06497024123450057
497,0.0,0.0,0.1076115485564304,0.3333333333333333,0.21052631578947367,0.11266325001571675,0.11266325001571675,0.0,0.4919786096256684,0.0,0.0,0.9421052631578948,0.8747805276956009,0.0,0.9912280701754386,0.75,0.10116731517509728,0.5808473843493298,0.8888888888888888,1,1.0,1,1.0,1,0.9999999878720836,1,0.9922228454266012,1,0.8071441119081469,1,0.9917776667776667,1,0,0.034809231335916846
498,0.0,0.0,0.1076115485564304,0.3333333333333333,0.21052631578947367,0.11266320825703857,0.11266320825703857,0.0,0.4919786096256684,0.0,0.05555555555555558,0.9403508771929825,0.8583905664377343,0.0,0.9912280701754386,0.75,0.10196078431372549,0.5852386237513874,0.9056603773584907,1,1.0,1,1.0,1,0.9999999983251513,1,0.9938610610986891,1,0.7998749251827517,1,0.9945554445554444,1,0,0.035284761806327336
499,0.0,0.0,0.1076115485564304,0.3333333333333333,0.21052631578947367,0.11266319931611046,0.11266319931611046,0.0,0.4919786096256684,0.0,0.043005756472805134,0.9385964912280702,0.6423789569538978,0.0,0.9982456140350877,0.75,0.11764705882352941,0.5627450980392157,0.8,1,1.0,1,1.0,1,1.0,1,0.9998224682861029,1,0.8109568364428463,1,0.98,1,0,0.034870115878508634
500,0.4,0.92,0.7183098591549295,1.0,0.3157894736842105,0.4579003865855029,0.4579003865855029,0.687719298245614,0.8413547237076648,1.0,0.5547945205479452,0.9943820224719101,0.9375296279701025,0.0,1.0,1.0,0.6771653543307087,0.6960765346592119,0.7272727272727273,1,0.8,0,0.0,1,0.9999999999999929,1,0.9477099574383564,1,0.7726661726795613,0,0.41,2,2,0.3449373116470148
501,0.3,0.9,0.39495798319327735,1.0,0.21052631578947367,0.45793553772527906,0.45793553772527906,0.687719298245614,0.8413547237076648,0.0,0.37395498392282955,0.9719101123595506,0.8025296065387942,0.0,0.9943820224719101,1.0,0.787878787878788,0.89461240104139,0.9885057471264368,1,0.8,1,1.0,1,0.9999242910220592,1,0.821153850585338,1,0.7982927336230224,0,0.42,2,1,0.1934381874615968
502,0.6,0.92,0.7183098591549295,1.0,0.3157894736842105,0.45790038658687526,0.45790038658687526,0.687719298245614,0.8413547237076648,0.0,0.40463848531308566,0.9831460674157303,0.8077364392260417,0.0,0.9943820224719101,1.0,0.7027027027027026,0.7652930397392246,0.7889908256880733,1,0.6,1,1.0,1,0.9999999999996376,1,0.9196728176733892,0,0.4496440589409483,1,0.8,2,1,0.20511385389767078
503,0.7,1.0,0.2816901408450704,1.0,0.3684210526315789,0.5420996134144971,0.5420996134144971,0.0,0.4919786096256684,1.0,0.8122881355932203,0.9982456140350877,0.9589757836736584,0.02247191011235955,1.0,1.0,0.6666666666666666,0.6756756756756755,0.7027027027027026,0,0.2,0,0.0,0,3.5325016680603694e-23,0,0.03264358310798354,0,0.09805998084416458,0,0.0,1,6,0.9448827393413086
504,0.5,0.92,0.7183098591549295,1.0,0.3157894736842105,0.45790073446218615,0.45790073446218615,0.687719298245614,0.8413547237076648,0.5,0.7751768189716356,0.9943820224719101,0.9439480147047608,0.0035087719298245615,0.9943820224719101,1.0,0.6666666666666666,0.825753569539926,0.924731182795699,0,0.4,0,0.0,1,0.999953696884507,1,0.7677494611829486,0,0.2914872168514542,0,0.25,2,4,0.5484682708468485
505,0.4,0.92,0.7183098591549295,1.0,0.3157894736842105,0.4579003865855029,0.4579003865855029,0.687719298245614,0.8413547237076648,0.6666666666666666,0.627906976744186,0.9943820224719101,0.9546096390622903,0.0017543859649122807,0.9943820224719101,1.0,0.6666666666666666,0.6919358382773017,0.7027027027027026,1,0.8,1,1.0,1,1.0,1,0.9052773595284562,1,0.8498623287590037,1,0.7,2,0,0.12414338528542335
506,0.3,0.9,0.39495798319327735,1.0,0.21052631578947367,0.4579914946641699,0.4579914946641699,0.687719298245614,0.8413547237076648,0.0,0.24634900683062366,0.9719101123595506,0.8529571210986913,0.0,0.9831460674157303,1.0,0.7222222222222222,0.8944708537405165,0.9662921348314606,1,1.0,1,1.0,1,0.9975098544142855,1,0.7329905541739066,1,0.83387832687033,1,0.71,2,0,0.12093687742357961
507,0.6,0.94,0.6050420168067228,1.0,0.47368421052631576,0.4304268404920306,0.4304268404920306,0.0,0.4919786096256684,0.0,0.253448275862069,0.9929824561403509,0.9575236958971299,0.0,0.9964912280701754,1.0,0.7027027027027026,0.7652930397392246,0.7889908256880733,1,0.6,1,1.0,0,0.43046318412298373,0,0.4007652374720684,0,0.09660769842553098,1,0.85,1,3,0.43702731332990286
508,0.2,0.96,0.7183098591549295,1.0,0.3157894736842105,0.45799609461733704,0.45799609461733704,0.687719298245614,0.8413547237076648,0.5,0.3992134718160735,0.9831460674157303,0.897067868175002,0.0017543859649122807,0.9831460674157303,1.0,0.7027027027027026,0.9037197022750795,0.979591836734694,1,0.8,1,1.0,1,0.9982241923614686,1,0.6906394138355377,1,0.7664372845139732,1,0.73,2,0,0.16911651821483675
509,0.6,0.92,0.39495798319327735,1.0,0.5789473684210527,0.5053275725611399,0.5053275725611399,0.687719298245614,0.8413547237076648,0.6666666666666666,0.44527205690663285,0.9887640449438202,0.961059434361814,0.0017543859649122807,0.9943820224719101,1.0,0.7027027027027026,0.795725800988959,0.8421052631578947,0,0.4,1,1.0,1,0.7672497257155138,1,0.56458111352432,1,0.762734479646517,1,0.66,2,1,0.3075724468522748
510,0.5,0.98,0.7457627118644068,0.6666666666666666,0.631578947368421,0.7616221426146518,0.7616221426146518,0.687719298245614,0.8413547237076648,0.0,0.999999999999941,0.9943820224719101,1.0,0.0017543859649122807,1.0,1.0,0.6760563380281691,0.7043218661562873,0.7428571428571428,1,0.6,0,0.0,0,0.1795067975707556,0,0.3913993251411795,0,0.23700795068444447,0,0.16541666666666666,2,5,0.7377782099894923
511,0.7,0.94,0.6050420168067228,1.0,0.47368421052631576,0.42984815993824266,0.42984815993824266,0.0,0.4919786096256684,0.0,0.25257731958762886,0.9929824561403509,0.971135429444552,0.0,0.9947368421052631,1.0,0.7027027027027026,0.7701710885197124,0.8,1,0.6,1,1.0,0,0.4165864246228018,0,0.4481138987951705,0,0.11814005289737048,1,0.7975,1,3,0.43660993728077624
512,0.6,0.94,0.6050420168067228,1.0,0.47368421052631576,0.42939642613355944,0.42939642613355944,0.0,0.4919786096256684,0.3333333333333333,0.3379310344827585,0.9947368421052631,0.9807014207709652,0.011235955056179775,0.9929824561403509,1.0,0.7027027027027026,0.7735609190281869,0.8135593220338984,1,0.6,1,1.0,0,0.42588007107340387,0,0.43636041073652043,0,0.21522434409862148,1,0.8033333333333332,1,3,0.4198669734596868
513,0.8,0.98,0.6050420168067228,1.0,0.5789473684210527,0.514541871059738,0.514541871059738,0.0,0.4919786096256684,0.5,0.4339084828215264,0.9964912280701754,0.9551024099109282,0.011235955056179775,1.0,1.0,0.7222222222222222,0.8142474999271117,0.8648648648648649,0,0.2,0,0.0,0,0.14426998520091952,0,0.445393911666231,0,0.2337294244700375,0,0.11,1,6,0.8111011131104686
514,0.4,0.9,0.39495798319327735,1.0,0.21052631578947367,0.4654901125102314,0.4654901125102314,0.687719298245614,0.8413547237076648,0.5,0.4119819314847176,0.9887640449438202,0.9497662103543463,0.0,0.9775280898876404,1.0,0.7428571428571428,0.8422799422799422,0.8888888888888888,1,0.6,0,0.0,1,0.9271534515895106,1,0.5695014907427993,1,0.8484793965696995,0,0.42,2,2,0.43914427684966506
515,0.9,0.98,0.6050420168067228,1.0,0.47368421052631576,0.25987086689043126,0.25987086689043126,0.0,0.4919786096256684,1.0,0.0,0.9964912280701754,0.9915071624647498,0.016853932584269662,0.9982456140350877,1.0,0.7226890756302521,0.7288770053475935,0.7428571428571428,0,0.0,0,0.0,1,0.790206278547884,1,0.6080218544542828,1,0.5368001740688418,0,0.045,1,3,0.6699952821548318
516,0.2,0.96,0.39495798319327735,1.0,0.3157894736842105,0.7509446677891229,0.7509446677891229,0.687719298245614,0.8413547237076648,0.0,0.302491103202847,0.9719101123595506,0.9799058478920389,0.0,0.9831460674157303,1.0,0.7107438016528926,0.715031933993942,0.7222222222222222,1,0.8,1,1.0,0,0.19510477019744435,0,0.3970574690085818,0,0.38171863773028747,1,0.6239047619047617,2,3,0.4337023935264873
517,0.5,0.92,0.7183098591549295,1.0,0.3157894736842105,0.4579003865959106,0.4579003865959106,0.687719298245614,0.8413547237076648,0.0,0.38343749279339534,0.9831460674157303,0.8034074281050317,0.0,0.9943820224719101,1.0,0.6666666666666666,0.754250111259457,0.8037383177570093,1,0.6,1,1.0,1,0.9999999999961702,1,0.8212932689946087,0,0.38494366193129886,1,0.82,2,1,0.22896051151298702
518,0.2,0.9,0.39495798319327735,1.0,0.5263157894736842,0.6142849504379722,0.6142849504379722,0.687719298245614,0.8413547237076648,0.0,0.4339084828215264,0.9719101123595506,0.963163738973234,0.0017543859649122807,1.0,1.0,0.7222222222222222,0.7803323234739163,0.8495575221238937,1,0.8,1,1.0,0,0.4387713020847213,0,0.4709584163201302,1,0.7290758049997914,1,0.815,2,2,0.29103241276589265
519,0.4,0.9,0.39495798319327735,1.0,0.5263157894736842,0.6157672536828346,0.6157672536828346,0.687719298245614,0.8413547237076648,0.0,0.0,0.9775280898876404,0.9829137945133655,0.0017543859649122807,0.9775280898876404,1.0,0.7428571428571428,0.7764915036101476,0.8135593220338984,1,0.6,1,1.0,0,0.4293321225090804,0,0.4823336357829167,1,0.6236669399012285,1,0.9366666666666668,2,2,0.3213334391900179
520,0.5,0.92,0.39495798319327735,1.0,0.5789473684210527,0.5744507110922508,0.5744507110922508,0.687719298245614,0.8413547237076648,0.0,0.1428571428571429,0.9831460674157303,0.9715392061955469,0.0,0.9943820224719101,1.0,0.7027027027027026,0.796586182859335,0.9056603773584907,1,0.6,0,0.0,1,0.5670161210405195,0,0.4879889487030695,1,0.6237511795466815,1,0.6738333333333333,2,2,0.5079017362293994
521,0.5,0.92,0.39495798319327735,1.0,0.5789473684210527,0.5748616693506903,0.5748616693506903,0.687719298245614,0.8413547237076648,0.3333333333333333,0.16666666666666663,0.9887640449438202,0.9761696333041533,0.0,0.9887640449438202,1.0,0.7027027027027026,0.7987425170911409,0.9142857142857143,1,0.8,1,1.0,1,0.5478114522876086,0,0.4808251429208519,1,0.6886843989416941,1,0.8473333333333334,2,1,0.2725576120860853
522,0.4,0.92,0.39495798319327735,1.0,0.5789473684210527,0.5080607065709133,0.5080607065709133,0.687719298245614,0.8413547237076648,1.0,0.644542772861357,0.9943820224719101,0.9761907940585124,0.0017543859649122807,1.0,1.0,0.7428571428571428,0.8195371606586559,0.8971962616822429,0,0.4,1,1.0,1,0.7436132944986331,0,0.4957711567097033,1,0.6820282984276766,1,0.53,2,2,0.3580978750606646
523,0.7,0.9,0.39495798319327735,1.0,0.5263157894736842,0.6201430100277885,0.6201430100277885,0.687719298245614,0.8413547237076648,0.0,0.4971875950136819,0.9887640449438202,0.9657455330673412,0.0,1.0,1.0,0.6842105263157894,0.7914497277041989,0.9320388349514565,1,0.6,0,0.0,0,0.4694520370381673,0,0.4545714033754882,1,0.6666813884166721,0,0.36,2,4,0.5748825285282788
524,0.8,0.98,0.6050420168067228,1.0,0.7894736842105263,0.34296567232817354,0.34296567232817354,0.0,0.4919786096256684,1.0,0.999999999999902,0.9982456140350877,1.0,0.028089887640449437,1.0,1.0,0.7428571428571428,0.7696350896740877,0.8135593220338984,0,0.2,0,0.0,1,0.6638814091211819,1,0.5867027789494876,0,0.3468230231522535,0,0.09,1,4,0.6854321314628462
525,0.3,0.98,0.2542372881355932,0.6666666666666666,0.5789473684210527,0.24199937893332368,0.24199937893332368,0.0,0.4919786096256684,1.0,0.5,0.9964912280701754,0.9878772074114194,0.011235955056179775,1.0,1.0,0.6991869918699187,0.7030469493884128,0.7111111111111111,1,0.6,0,0.0,1,0.7583412346443328,1,0.584134881521351,1,0.5928798231380368,0,0.22126984126984126,1,2,0.5405623699044064
526,0.5,0.94,0.39495798319327735,1.0,0.47368421052631576,0.7506390152424318,0.7506390152424318,0.687719298245614,0.8413547237076648,0.0,0.0,0.9943820224719101,1.0,0.0035087719298245615,1.0,1.0,0.7027027027027026,0.7156629611175066,0.7384615384615385,1,0.6,0,0.3333333333333333,0,0.19535904311066812,0,0.40874264915378583,0,0.27647300924796203,0,0.3595595238095238,2,5,0.6377554068907878
527,0.7,0.86,0.2816901408450704,1.0,0.42105263157894735,0.5248980403549592,0.5248980403549592,0.0,0.4919786096256684,0.5,0.264099037138927,0.9964912280701754,0.9310110479907991,0.0,0.9982456140350877,1.0,0.7027027027027026,0.8196000681149196,0.8727272727272728,0,0.4,0,0.0,0,0.04384292387632443,1,0.5089242172922424,1,0.45857722985680316,0,0.46,1,4,0.6881092714957717
528,0.5,0.96,0.2816901408450704,1.0,0.42105263157894735,0.5420950298610953,0.5420950298610953,0.0,0.4919786096256684,0.0,0.2932877297990595,0.9964912280701754,0.9061763431866048,0.0,0.9964912280701754,1.0,0.7647058823529411,0.8663225380039655,0.9662921348314606,1,0.6,1,1.0,0,3.065478622828302e-05,0,0.42092720996125355,1,0.5241624519774651,1,0.57,1,2,0.48081328054584216
529,0.4,0.98,0.39495798319327735,1.0,0.8947368421052632,0.7374782300796245,0.7374782300796245,0.687719298245614,0.8413547237076648,1.0,0.9999999999998932,0.9943820224719101,1.0,0.0035087719298245615,1.0,1.0,0.7027027027027026,0.730568600587576,0.7741935483870969,0,0.4,0,0.0,0,0.1639325719283361,0,0.40914660722890506,0,0.38615363128869945,0,0.17299999999999996,2,6,0.7446278649256766
530,0.3,0.96,0.39495798319327735,1.0,0.47368421052631576,0.7541674944860703,0.7541674944860703,0.687719298245614,0.8413547237076648,0.0,0.0,0.9775280898876404,0.9900560194482613,0.0017543859649122807,0.9775280898876404,1.0,0.7107438016528926,0.7257015711561166,0.7428571428571428,1,0.8,1,1.0,0,0.19037052266632862,0,0.3559332625542379,0,0.34670351053966375,1,0.9266666666666669,2,3,0.3967210062621839
531,0.7,0.96,0.7457627118644068,0.6666666666666666,0.631578947368421,0.7581293157736716,0.7581293157736716,0.687719298245614,0.8413547237076648,1.0,0.0,0.9887640449438202,1.0,0.0,1.0,1.0,0.6991869918699187,0.7070873534288169,0.7272727272727273,0,0.4,1,1.0,0,0.24166077798306765,0,0.40035202815620163,0,0.3838323351252881,1,0.7932857142857144,2,4,0.46347819074162144
532,0.6,0.98,0.6050420168067228,1.0,0.7894736842105263,0.30688589973149094,0.30688589973149094,0.0,0.4919786096256684,1.0,0.6620689655172414,0.9982456140350877,0.9906391503467077,0.016853932584269662,1.0,1.0,0.7428571428571428,0.763017159701021,0.8135593220338984,0,0.4,0,0.0,1,0.7306184747770573,1,0.5954830096463086,0,0.4035097065215283,0,0.15880952380952382,1,4,0.6185965475409303
533,0.4,0.96,0.2542372881355932,0.6666666666666666,0.631578947368421,0.2418706842263284,0.2418706842263284,0.0,0.4919786096256684,0.0,0.999999999999808,0.9982456140350877,1.0,0.011235955056179775,0.9982456140350877,1.0,0.6991869918699187,0.7070873534288169,0.7272727272727273,1,0.6,0,0.0,1,0.7583392220169325,1,0.5996479718437984,1,0.616167664874712,0,0.2067142857142857,1,2,0.5365218092583786
534,0.5,0.98,0.6050420168067228,1.0,0.8947368421052632,0.2616135296184795,0.2616135296184795,0.0,0.4919786096256684,0.5,0.999999999999808,0.9982456140350877,1.0,0.0056179775280898875,1.0,1.0,0.7027027027027026,0.7370202134908017,0.8,0,0.4,0,0.3333333333333333,1,0.7855743541547823,1,0.6134595849800073,1,0.5739477796870155,0,0.34438095238095234,1,3,0.49155066591065155
535,0.3,0.96,0.39495798319327735,1.0,0.47368421052631576,0.7541674944860703,0.7541674944860703,0.687719298245614,0.8413547237076648,0.0,0.0,0.9775280898876404,0.9900560194482613,0.0,0.9775280898876404,1.0,0.7107438016528926,0.7257015711561166,0.7428571428571428,1,1.0,1,1.0,0,0.17276340345510144,0,0.3727835421728436,0,0.381511250727698,1,0.945,2,3,0.3546569672740595
536,0.3,0.8200000000000001,0.39495798319327735,1.0,0.631578947368421,0.7192007312227537,0.7192007312227537,0.687719298245614,0.8413547237076648,0.3333333333333333,0.46376811594202905,0.9831460674157303,0.9872062663185378,0.0,0.9887640449438202,1.0,0.7027027027027026,0.7537233589865169,0.8421052631578947,1,0.8,1,1.0,0,0.1960767396702907,0,0.3856251433438693,0,0.37786633033008704,1,0.59,2,3,0.44173863110929223
537,0.6,0.98,0.39495798319327735,1.0,0.8947368421052632,0.7383864703815205,0.7383864703815205,0.687719298245614,0.8413547237076648,0.0,0.999999999999808,0.9943820224719101,1.0,0.0017543859649122807,1.0,1.0,0.7027027027027026,0.7370202134908017,0.8,1,0.6,1,0.6666666666666666,0,0.21442564584521773,0,0.3865404150199927,0,0.4260522203129846,1,0.6556190476190474,2,3,0.5084493340893486
538,0.2,0.8200000000000001,0.39495798319327735,1.0,0.631578947368421,0.6930749096090972,0.6930749096090972,0.687719298245614,0.8413547237076648,0.0,0.33638443935926776,0.9831460674157303,0.9736459469283897,0.0,0.9943820224719101,1.0,0.7027027027027026,0.7718109413761587,0.8888888888888888,1,0.6,1,1.0,0,0.24755614294346204,0,0.38635705203031323,0,0.38567659018407296,1,0.82,2,3,0.4267350358070253
539,0.8,0.88,0.7457627118644068,0.6666666666666666,0.631578947368421,0.7560541441901378,0.7560541441901378,0.687719298245614,0.8413547237076648,1.0,0.0,0.9887640449438202,1.0,0.0017543859649122807,0.9887640449438202,1.0,0.6760563380281691,0.6832724373480723,0.7027027027027026,0,0.4,0,0.4,0,0.1396663531079674,0,0.3700861763928028,0,0.19809163982916486,0,0.37562301587301583,2,6,0.6860888024661749
540,0.6,0.96,0.39495798319327735,1.0,0.8421052631578947,0.7389335862233216,0.7389335862233216,0.687719298245614,0.8413547237076648,1.0,0.0,0.9943820224719101,1.0,0.0017543859649122807,0.9943820224719101,1.0,0.7027027027027026,0.7404100439992763,0.8135593220338984,1,0.6,0,0.5,0,0.21376926942204666,0,0.3788742248336204,0,0.29908113097797273,1,0.5466666666666667,2,4,0.5769347846832822
541,0.2,0.96,0.2816901408450704,1.0,0.42105263157894735,0.3763259568078694,0.3763259568078694,0.0,0.4919786096256684,0.0,0.23222748815165872,0.9894736842105263,0.9457886898481167,0.0,0.9929824561403509,1.0,0.7027027027027026,0.8079610222467366,0.979591836734694,1,0.8,1,1.0,1,0.5881645149891196,1,0.6272539656079299,1,0.6311525178046395,1,0.8475,1,0,0.2509881669330518
542,0.8,0.92,0.7183098591549295,1.0,0.5263157894736842,0.46722104595715486,0.46722104595715486,0.687719298245614,0.8413547237076648,0.75,0.4814534852329787,0.9887640449438202,0.96766373516855,0.007017543859649123,1.0,1.0,0.7428571428571428,0.8269542717818579,0.8686868686868686,0,0.0,0,0.0,1,0.9429780870198204,0,0.4124360799208831,0,0.34154967826060406,0,0.26,2,5,0.6738393591331153
543,0.7,0.84,0.7457627118644068,0.6666666666666666,0.631578947368421,0.7595011019042652,0.7595011019042652,0.687719298245614,0.8413547237076648,1.0,0.0,0.9943820224719101,1.0,0.0,1.0,1.0,0.6760563380281691,0.6933110473866823,0.7428571428571428,0,0.4,0,0.3333333333333333,0,0.17217760893725892,0,0.3421093230814395,0,0.19966655724491353,0,0.34163511488511483,2,6,0.70184634375299
544,0.1,0.86,0.2816901408450704,1.0,0.42105263157894735,0.49804094019205347,0.49804094019205347,0.0,0.4919786096256684,0.0,0.3827751196172249,0.9912280701754386,0.9116148827787542,0.0,0.9912280701754386,1.0,0.6808510638297872,0.758741125691734,0.8349514563106797,1,0.8,0,0.0,0,0.2063963816409317,1,0.7229923857178367,1,0.8135100448596704,1,0.75,1,2,0.4511835312969268
545,0.7,0.84,0.7457627118644068,0.6666666666666666,0.631578947368421,0.7595011019042652,0.7595011019042652,0.687719298245614,0.8413547237076648,1.0,0.0,0.9943820224719101,1.0,0.0,1.0,1.0,0.6760563380281691,0.6933110473866823,0.7428571428571428,0,0.2,0,0.25,0,0.18577298995113453,0,0.3362207196040021,0,0.19802588793321188,0,0.24265930148283077,2,6,0.7645535168381368
546,0.7,1.0,0.1076115485564304,0.3333333333333333,0.5263157894736842,0.5048780154515716,0.5048780154515716,0.0,0.4919786096256684,1.0,0.6470588235294117,0.9982456140350877,0.9627293759705892,0.0,1.0,1.0,0.8125,0.8654986873390133,0.9795918367346937,0,0.2,1,1.0,0,0.1169588140849497,1,0.5533804421003763,1,0.48932594904079324,1,0.64,1,2,0.50005579912898
547,0.4,0.98,0.2542372881355932,0.6666666666666666,0.5789473684210527,0.24021183276585945,0.24021183276585945,0.0,0.4919786096256684,0.5,0.6,0.9982456140350877,0.9920441106452257,0.0056179775280898875,1.0,1.0,0.6880000000000001,0.6974534534534536,0.7111111111111111,1,0.8,0,0.0,1,0.8278144527930802,1,0.6192265604477705,1,0.7684930402375793,1,0.689073953823954,1,1,0.3825653321162693
548,0.7,0.98,0.7183098591549295,1.0,0.42105263157894735,0.5509506309737937,0.5509506309737937,0.687719298245614,0.8413547237076648,0.0,0.45251396648044695,0.9887640449438202,0.9321642824180896,0.0,0.9943820224719101,1.0,0.7027027027027026,0.7844413862783182,0.8275862068965518,1,0.6,0,0.0,1,0.6868010479002569,0,0.34232166337285774,0,0.24804398366859895,0,0.25,2,4,0.6454722175097145
549,0.5,0.8200000000000001,0.39495798319327735,1.0,0.631578947368421,0.7230935443635068,0.7230935443635068,0.687719298245614,0.8413547237076648,0.0,0.39344262295081966,0.9887640449438202,0.9831283704872114,0.0,0.9831460674157303,1.0,0.7350427350427351,0.7637619690251269,0.8421052631578947,0,0.4,1,1.0,0,0.2417708807919687,0,0.34211122424516727,0,0.30474510692356443,1,0.505,2,4,0.5343954646732167
550,0.4,1.0,0.2542372881355932,0.6666666666666666,0.631578947368421,0.23830055364082225,0.23830055364082225,0.0,0.4919786096256684,0.5,0.5,0.9964912280701754,0.9917125682810322,0.0056179775280898875,0.9982456140350877,1.0,0.6991869918699187,0.7199231662646297,0.7428571428571428,1,0.6,1,0.6666666666666666,1,0.8166255793211593,1,0.6650701909723247,1,0.7758047164498015,1,0.815,1,0,0.2768054744316747
551,0.4,1.0,0.39495798319327735,1.0,0.7894736842105263,0.7413306291412015,0.7413306291412015,0.687719298245614,0.8413547237076648,0.5,0.5,0.9943820224719101,0.9889783151161564,0.0,0.9943820224719101,1.0,0.7027027027027026,0.753236429707018,0.8648648648648649,1,0.6,0,0.0,0,0.20972940381685606,0,0.3459303854768004,0,0.2682253188261361,1,0.6890238095238094,2,4,0.6478485137260663
552,0.6,0.98,0.39495798319327735,1.0,0.7894736842105263,0.7426195374039071,0.7426195374039071,0.687719298245614,0.8413547237076648,0.6666666666666666,0.6666666666666667,0.9943820224719101,0.9947049685945204,0.0035087719298245615,1.0,1.0,0.7226890756302521,0.7504486540378863,0.8135593220338984,0,0.2,1,1.0,0,0.18747002057626996,0,0.33433323777214635,0,0.37419661413895805,0,0.273547619047619,2,5,0.6050754180775011
553,0.4,0.98,0.2542372881355932,0.6666666666666666,0.5789473684210527,0.24008420048411505,0.24008420048411505,0.0,0.4919786096256684,1.0,0.0,0.9964912280701754,0.9919480196480757,0.0056179775280898875,0.9982456140350877,1.0,0.6880000000000001,0.7014938574938576,0.7272727272727273,1,0.6,1,1.0,1,0.868728084120435,1,0.6525103793202345,1,0.7938608292642841,1,0.7338333333333332,1,0,0.22517789566028545
554,0.2,0.78,0.2542372881355932,0.6666666666666666,0.21052631578947367,0.24070301070952582,0.24070301070952582,0.0,0.4919786096256684,0.0,0.34905660377358483,0.9894736842105263,0.9762405042831744,0.0,0.9929824561403509,1.0,0.6991869918699187,0.7203911228301472,0.7804878048780488,1,1.0,1,1.0,1,0.8152198349822889,1,0.6527584418989751,1,0.7796913440314589,1,0.9733333333333334,1,0,0.1298328409589905
555,0.3,0.78,0.2542372881355932,0.6666666666666666,0.21052631578947367,0.23808769827357623,0.23808769827357623,0.0,0.4919786096256684,0.0,0.33333333333333337,0.9964912280701754,0.9832866256130388,0.0,0.9982456140350877,1.0,0.6991869918699187,0.7228077816492451,0.7499999999999999,1,0.6,1,1.0,1,0.8205964269910898,1,0.6785494124990242,1,0.7468558560140696,1,0.7880714285714285,1,0,0.22765447932073135
556,0.5,1.0,0.6050420168067228,1.0,0.631578947368421,0.25188138638559543,0.25188138638559543,0.0,0.4919786096256684,0.5,0.7176470588235293,0.9982456140350877,0.994177035933036,0.0056179775280898875,0.9947368421052631,1.0,0.7226890756302521,0.755910838911836,0.8135593220338984,0,0.4,0,0.0,1,0.7343002114530786,1,0.6787939638681879,1,0.5889613163583839,0,0.30233333333333334,1,3,0.5492685291645028
557,0.4,1.0,0.6050420168067228,1.0,0.8421052631578947,0.2567793425450653,0.2567793425450653,0.0,0.4919786096256684,1.0,0.6224489795918366,0.9982456140350877,0.9908880735789315,0.0,1.0,1.0,0.7226890756302521,0.7539553752535496,0.8275862068965516,1,0.6,0,0.0,1,0.7891044118821949,1,0.6753575055206613,1,0.7314480874251741,0,0.25416666666666665,1,2,0.49165388808421717
558,0.2,1.0,0.1076115485564304,0.3333333333333333,0.3157894736842105,0.1452817483243236,0.1452817483243236,0.0,0.4919786096256684,0.0,0.4635220940780096,0.9964912280701754,0.9638089743253521,0.0,1.0,1.0,0.7107438016528926,0.777930823385369,0.9629629629629631,1,0.6,0,0.0,1,0.9625262290822326,1,0.8148392607792876,1,0.8375586505978307,1,0.6510714285714286,1,1,0.3556674051615367
559,0.4,0.72,0.2816901408450704,1.0,0.3157894736842105,0.29921041598294185,0.29921041598294185,0.0,0.4919786096256684,1.0,0.6863588667366212,0.9982456140350877,0.9827814645836214,0.0056179775280898875,0.9912280701754386,1.0,0.7222222222222222,0.8044685990338163,1.0,0,0.4,1,1.0,1,0.760904313788618,1,0.7010761884747432,1,0.7661447519444174,1,0.56,1,1,0.30197912429870366
560,0.8,0.98,0.7183098591549295,1.0,0.42105263157894735,0.5918880828885961,0.5918880828885961,0.687719298245614,0.8413547237076648,1.0,0.8066133333333333,0.9943820224719101,0.9841614201431559,0.005263157894736842,1.0,1.0,0.7428571428571428,0.7983915167401405,0.8727272727272728,0,0.2,0,0.0,1,0.5041391642997862,0,0.3099208213661765,0,0.22056996305504306,0,0.09,2,5,0.7792283418798324
561,0.2,0.72,0.2816901408450704,1.0,0.3157894736842105,0.33040331417039537,0.33040331417039537,0.0,0.4919786096256684,0.0,0.2747663551401869,0.9859649122807017,0.9573679552892125,0.0,0.9912280701754386,1.0,0.7428571428571428,0.8111432183492866,0.979591836734694,1,0.6,1,1.0,1,0.69207981928553,1,0.6971542158149113,1,0.7529584774403041,1,0.94,1,0,0.21963458124320911
562,1.0,0.92,0.7183098591549295,1.0,0.5263157894736842,0.4704796835109054,0.4704796835109054,0.687719298245614,0.8413547237076648,1.0,0.683377308707124,0.9943820224719101,0.9181124074325524,0.007017543859649123,1.0,1.0,0.6666666666666666,0.7867243867243866,0.8686868686868686,0,0.0,0,0.0,1,0.910845202980923,0,0.28404360418900504,0,0.1506952507253235,0,0.1,2,5,0.7590693236841247
563,0.5,0.88,0.1076115485564304,0.3333333333333333,0.47368421052631576,0.34979917184479903,0.34979917184479903,0.0,0.4919786096256684,0.5,0.4992212848799481,0.9964912280701754,0.9553619717780304,0.0056179775280898875,0.9982456140350877,1.0,0.7747747747747747,0.8329366298116299,0.9696969696969697,1,1.0,1,1.0,1,0.6376440948542115,1,0.6919726668688174,1,0.7349947821471039,1,0.7916666666666667,1,0,0.19062029824386684
564,0.1,1.0,0.2816901408450704,1.0,0.47368421052631576,0.5015625664463988,0.5015625664463988,0.0,0.4919786096256684,0.0,0.07283988851037482,0.9842105263157894,0.89259833254409,0.0,0.987719298245614,1.0,0.7272727272727273,0.7850081956878074,0.8349514563106797,1,0.8,1,1.0,0,0.10740258810822495,1,0.714975932304122,1,0.7957704258508355,1,0.8,1,1,0.29697517562280284
565,0.2,0.84,0.2816901408450704,1.0,0.3684210526315789,0.31308480740411126,0.31308480740411126,0.0,0.4919786096256684,0.0,0.07790143084260737,0.987719298245614,0.9277701299531819,0.0,0.9894736842105263,1.0,0.7027027027027026,0.7545537565650196,0.7933884297520662,1,0.8,1,1.0,1,0.6754546365646948,1,0.7363079611647166,1,0.8428007214367985,1,0.87,1,0,0.17923944680563164
566,0.6,0.96,0.6050420168067228,1.0,0.8421052631578947,0.25501357003374725,0.25501357003374725,0.0,0.4919786096256684,1.0,0.0,0.9964912280701754,1.0,0.0,1.0,1.0,0.7226890756302521,0.7632750397456279,0.8648648648648649,1,0.8,1,1.0,1,0.8462010734910941,1,0.704408674961343,1,0.751731756644929,1,0.88,1,0,0.16960974915043892
567,0.0,0.72,0.2816901408450704,1.0,0.3157894736842105,0.3281290751903312,0.3281290751903312,0.0,0.4919786096256684,0.0,0.21554252199413493,0.9789473684210527,0.9402510692628802,0.0,0.9929824561403509,1.0,0.7428571428571428,0.8038690215418507,0.9504950495049506,1,0.8,1,1.0,1,0.6272308471759064,1,0.7018557503730934,1,0.745276576797447,1,0.95,1,0,0.19593947094225872
568,0.5,0.96,0.39495798319327735,1.0,0.8421052631578947,0.7449864299662528,0.7449864299662528,0.687719298245614,0.8413547237076648,0.0,0.999999999999852,0.9943820224719101,1.0,0.0035087719298245615,1.0,1.0,0.7226890756302521,0.7632750397456279,0.8648648648648649,0,0.2,0,0.0,0,0.153798926508906,0,0.29559132503865704,0,0.24826824335507103,0,0.12,2,6,0.830390250849561
569,0.4,0.92,0.6050420168067228,1.0,0.42105263157894735,0.2539768998701514,0.2539768998701514,0.0,0.4919786096256684,0.5,0.33333333333333337,0.9947368421052631,0.980547679911161,0.0056179775280898875,0.9929824561403509,1.0,0.7027027027027026,0.7746439758670394,0.9504950495049503,1,0.6,1,1.0,1,0.7894706931337355,1,0.6935379808125735,1,0.7709591961247673,1,0.6475,1,0,0.24975535498815393
570,0.4,0.92,0.6050420168067228,1.0,0.42105263157894735,0.25286525971374263,0.25286525971374263,0.0,0.4919786096256684,0.3333333333333333,0.3379310344827585,0.9929824561403509,0.9807575105029214,0.0056179775280898875,0.9929824561403509,1.0,0.7027027027027026,0.7794444559150442,0.9696969696969697,1,0.6,1,1.0,1,0.7447848251237441,1,0.7031113914299043,1,0.7427037330098798,1,0.625,1,0,0.2640666750727453
571,0.5,0.98,0.2542372881355932,0.6666666666666666,0.6842105263157895,0.2407192077529221,0.2407192077529221,0.0,0.4919786096256684,1.0,0.9999999999998932,0.9982456140350877,1.0,0.0056179775280898875,0.9982456140350877,1.0,0.6771653543307087,0.6994794446314648,0.7428571428571428,1,0.6,0,0.0,1,0.8197119399538597,1,0.6926293974937965,1,0.8092345473163354,0,0.27378896103896105,1,2,0.4674391923661746
572,0.7,0.88,0.7457627118644068,0.6666666666666666,0.631578947368421,0.7558435931417873,0.7558435931417873,0.687719298245614,0.8413547237076648,0.0,0.0,0.9943820224719101,1.0,0.0035087719298245615,1.0,1.0,0.6771653543307087,0.6920361306188079,0.7111111111111111,0,0.2,0,0.3333333333333333,0,0.18546215476173475,0,0.34331428090798255,0,0.1826912252208867,0,0.3450963203463202,2,6,0.7350171142382904
573,0.4,0.88,0.2542372881355932,0.6666666666666666,0.631578947368421,0.24415640685821272,0.24415640685821272,0.0,0.4919786096256684,1.0,0.0,0.9947368421052631,1.0,0.0056179775280898875,0.9947368421052631,1.0,0.6771653543307087,0.6920361306188079,0.7111111111111111,1,0.6,1,0.5,1,0.8615703267799708,1,0.6702200399890417,1,0.8187617712039522,0,0.47161940836940824,1,1,0.34630474227627117
574,0.7,0.88,0.7457627118644068,0.6666666666666666,0.631578947368421,0.7558435931417873,0.7558435931417873,0.687719298245614,0.8413547237076648,0.0,0.0,0.9943820224719101,1.0,0.0,1.0,1.0,0.6771653543307087,0.6920361306188079,0.7111111111111111,0,0.4,0,0.3333333333333333,0,0.1905614671523407,0,0.3485550520664372,0,0.18916162374669984,0,0.30229012654012644,2,6,0.7060163995268438
575,0.5,1.0,0.39495798319327735,1.0,0.6842105263157895,0.7462237769138378,0.7462237769138378,0.687719298245614,0.8413547237076648,1.0,0.75,0.9943820224719101,0.9957447307890908,0.0017543859649122807,1.0,1.0,0.7226890756302521,0.7692810457516339,0.8888888888888888,0,0.2,0,0.0,0,0.15282350122426036,0,0.28001628429639586,0,0.22952850800771996,0,0.04,2,6,0.8496052844119373
576,0.8,0.98,0.7457627118644068,0.6666666666666666,0.631578947368421,0.7612665952168567,0.7612665952168567,0.687719298245614,0.8413547237076648,1.0,0.5,0.9887640449438202,0.9828480097218828,0.0,1.0,1.0,0.6991869918699187,0.73527725661872,0.8205128205128205,0,0.4,0,0.0,0,0.12849051589889524,0,0.2807426898340111,0,0.1984850175596291,0,0.06933333333333333,2,6,0.8204914072290219
577,0.3,0.88,0.1076115485564304,0.3333333333333333,0.47368421052631576,0.2809285776353305,0.2809285776353305,0.0,0.4919786096256684,0.5,0.39837398373983746,0.9964912280701754,0.9809994543762236,0.0,0.9894736842105263,1.0,0.7610619469026548,0.8194198623402162,0.8888888888888888,1,0.8,0,0.0,1,0.7563045378661148,1,0.737109932465116,1,0.7705055695533427,1,0.7975,1,1,0.3564299933525711
578,0.5,0.84,0.1076115485564304,0.3333333333333333,0.3157894736842105,0.17684388970217557,0.17684388970217557,0.0,0.4919786096256684,0.3333333333333333,0.3778628167217487,0.9964912280701754,0.975793206757147,0.0,0.9964912280701754,1.0,0.7107438016528926,0.7750147579693034,0.9285714285714286,1,0.8,1,1.0,1,0.8672501681959967,1,0.7762625257195872,1,0.7796730927446923,1,0.7333333333333333,1,0,0.173913480001065
579,0.2,0.78,0.2542372881355932,0.6666666666666666,0.21052631578947367,0.23928350552478828,0.23928350552478828,0.0,0.4919786096256684,0.0,0.16666666666666663,0.9894736842105263,0.9792862969657224,0.0,0.9894736842105263,1.0,0.6880000000000001,0.7116756756756757,0.7679999999999999,1,0.8,1,1.0,1,0.7681284720729884,1,0.6632999456611153,1,0.7884314108024257,1,0.9465,1,0,0.1722733619105784
580,0.3,0.36,0.2542372881355932,0.6666666666666666,0.2631578947368421,0.25371354313265404,0.25371354313265404,0.0,0.4919786096256684,1.0,0.0,0.9947368421052631,1.0,0.0,1.0,1.0,0.6666666666666666,0.6756756756756755,0.7027027027027026,1,0.8,1,0.8076923076923077,1,0.7966758546750464,1,0.6367688776776409,1,0.8039578883193036,1,0.7981877407994787,1,0,0.22611955513937054
581,0.7,0.36,0.7457627118644068,0.6666666666666666,0.2631578947368421,0.746286456867346,0.746286456867346,0.687719298245614,0.8413547237076648,0.0,0.0,0.9943820224719101,1.0,0.0,1.0,1.0,0.6666666666666666,0.6756756756756755,0.7027027027027026,0,0.4,0,0.125,0,0.2373966834197802,0,0.37294488246143126,0,0.17540131390325137,0,0.12475980761809069,2,6,0.7607495520995744
582,0.3,0.36,0.2542372881355932,0.6666666666666666,0.2631578947368421,0.25371354313265404,0.25371354313265404,0.0,0.4919786096256684,1.0,0.0,0.9947368421052631,1.0,0.0,1.0,1.0,0.6666666666666666,0.6756756756756755,0.7027027027027026,1,0.6,1,0.875,1,0.7626033165802194,1,0.6270551175385688,1,0.8245986860967487,1,0.875240192381909,1,0,0.2392504479004257
583,0.3,0.36,0.2542372881355932,0.6666666666666666,0.2631578947368421,0.25371354313265404,0.25371354313265404,0.0,0.4919786096256684,1.0,0.0,0.9947368421052631,1.0,0.0,1.0,1.0,0.6666666666666666,0.6756756756756755,0.7027027027027026,1,0.6,1,0.875,1,0.7626033165802194,1,0.6270551175385688,1,0.8245986860967487,1,0.875240192381909,1,0,0.2392504479004257
584,0.3,0.36,0.2542372881355932,0.6666666666666666,0.2631578947368421,0.25371354313265404,0.25371354313265404,0.0,0.4919786096256684,1.0,0.0,0.9947368421052631,1.0,0.0,1.0,1.0,0.6666666666666666,0.6756756756756755,0.7027027027027026,1,0.8,1,0.8148148148148148,1,0.8435577586165076,1,0.6539094962934046,1,0.8148599318039814,1,0.8219898235358062,1,0,0.20847802915591418
585,0.3,0.36,0.2542372881355932,0.6666666666666666,0.2631578947368421,0.25371354313265404,0.25371354313265404,0.0,0.4919786096256684,1.0,0.0,0.9947368421052631,1.0,0.0,1.0,1.0,0.6666666666666666,0.6756756756756755,0.7027027027027026,1,0.6,1,0.7777777777777778,1,0.8028914800516994,1,0.6450116195355023,1,0.8107655380931664,1,0.7687745615758295,1,0,0.2657965038276707
586,0.7,0.36,0.7457627118644068,0.6666666666666666,0.2631578947368421,0.746286456867346,0.746286456867346,0.687719298245614,0.8413547237076648,0.0,0.0,0.9943820224719101,1.0,0.0,1.0,1.0,0.6666666666666666,0.6756756756756755,0.7027027027027026,0,0.2,0,0.19230769230769232,0,0.20332414532495346,0,0.3632311223223591,0,0.1960421116806963,0,0.20181225920052173,2,6,0.7738804448606295
587,0.3,0.36,0.2542372881355932,0.6666666666666666,0.2631578947368421,0.25371354313265404,0.25371354313265404,0.0,0.4919786096256684,1.0,0.0,0.9964912280701754,1.0,0.0,1.0,1.0,0.6666666666666666,0.6756756756756755,0.7027027027027026,1,1.0,1,0.8214285714285714,1,0.7991500377247301,1,0.6338411636485979,1,0.82978931093783,1,0.8280219740941628,1,0,0.18129482369435124
588,0.3,0.36,0.2542372881355932,0.6666666666666666,0.2631578947368421,0.25371354313265404,0.25371354313265404,0.0,0.4919786096256684,1.0,0.0,0.9947368421052631,1.0,0.0,1.0,1.0,0.6666666666666666,0.6756756756756755,0.7027027027027026,1,0.6,1,0.7777777777777778,1,0.8028914800516994,1,0.6450116195355023,1,0.8107655380931664,1,0.7687745615758295,1,0,0.2657965038276707
589,0.3,0.36,0.2542372881355932,0.6666666666666666,0.2631578947368421,0.25371354313265404,0.25371354313265404,0.0,0.4919786096256684,1.0,0.0,0.9947368421052631,1.0,0.0,1.0,1.0,0.6666666666666666,0.6756756756756755,0.7027027027027026,1,1.0,1,0.8214285714285714,1,0.7991500377247301,1,0.6338411636485979,1,0.82978931093783,1,0.8280219740941628,1,0,0.18129482369435124
590,0.3,0.36,0.2542372881355932,0.6666666666666666,0.2631578947368421,0.25371354313265404,0.25371354313265404,0.0,0.4919786096256684,1.0,0.0,0.9947368421052631,1.0,0.0,1.0,1.0,0.6666666666666666,0.6756756756756755,0.7027027027027026,1,0.6,1,0.875,1,0.7626033165802194,1,0.6270551175385688,1,0.8245986860967487,1,0.875240192381909,1,0,0.2392504479004257
591,0.2,0.74,0.1076115485564304,0.3333333333333333,0.42105263157894735,0.33020612657866044,0.33020612657866044,0.0,0.4919786096256684,0.0,0.1445578231292517,0.9859649122807017,0.9323590756902135,0.0,0.9912280701754386,1.0,0.7889908256880733,0.848860492209116,0.9285714285714286,1,0.8,1,1.0,1,0.6882064132240246,1,0.7130264072505723,1,0.7999053384520042,1,0.93,1,0,0.17814364017889994
592,0.2,0.78,0.2542372881355932,0.6666666666666666,0.21052631578947367,0.23911197032712495,0.23911197032712495,0.0,0.4919786096256684,0.0,0.0,0.9842105263157894,0.9767266302601991,0.0,0.9859649122807017,1.0,0.6880000000000001,0.71322406277245,0.7741935483870969,1,1.0,1,1.0,1,0.8704051948264676,1,0.6969379634457789,1,0.8148565315568262,1,0.99,1,0,0.10463338502848785
593,0.9,1.0,0.8923884514435696,0.3333333333333333,0.5263157894736842,0.6339712990763735,0.6339712990763735,0.687719298245614,0.8413547237076648,1.0,0.5866298845649089,0.9943820224719101,0.9596345823405875,0.014035087719298246,1.0,1.0,0.7889908256880733,0.8585847599230745,0.9896907216494847,0,0.0,0,0.0,0,0.42617605294968,0,0.2939057415306116,0,0.2338009049968828,0,0.07,2,6,0.829352883420471
594,0.4,0.98,0.2816901408450704,1.0,0.47368421052631576,0.39288095599567585,0.39288095599567585,0.0,0.4919786096256684,0.0,0.352549889135255,0.9964912280701754,0.9494750818363837,0.0,0.9964912280701754,1.0,0.7647058823529411,0.7840189908702885,0.7933884297520662,0,0.4,1,1.0,1,0.5670228415918126,1,0.7597628978764206,1,0.804028373500108,1,0.73,1,1,0.2898643145052766
595,0.4,0.96,0.6050420168067228,1.0,0.6842105263157895,0.24310785178983763,0.24310785178983763,0.0,0.4919786096256684,0.0,0.3483606557377049,0.9964912280701754,0.9800359767534824,0.0,0.9982456140350877,1.0,0.7107438016528926,0.758149678604224,0.8888888888888888,1,0.6,0,0.0,1,0.7562468338530822,1,0.7091510560710858,1,0.7365288892823705,1,0.61,1,1,0.4313455367989103
596,0.9,1.0,0.7457627118644068,0.6666666666666666,0.2631578947368421,0.7467612360591666,0.7467612360591666,0.687719298245614,0.8413547237076648,0.7941176470588235,0.5,0.9943820224719101,0.9920314990156558,0.0,1.0,1.0,0.6666666666666666,0.6817210567210567,0.7222222222222222,0,0.4,0,0.23333333333333334,0,0.1961535716892621,0,0.3281696702553193,0,0.1891425110298054,0,0.26019537126201353,2,6,0.7321675904050444
597,0.4,0.92,0.6050420168067228,1.0,0.42105263157894735,0.2514238016135101,0.2514238016135101,0.0,0.4919786096256684,0.5,0.6,0.9982456140350877,0.9903144207216905,0.0056179775280898875,0.9947368421052631,1.0,0.7226890756302521,0.7800685322672758,0.9320388349514565,1,0.6,0,0.0,1,0.8248916598213661,1,0.7479728549274025,1,0.7874287206087549,0,0.28,1,2,0.45995112744041267
598,0.1,0.78,0.2542372881355932,0.6666666666666666,0.21052631578947367,0.23872635451464164,0.23872635451464164,0.0,0.4919786096256684,0.0,0.35748792270531404,0.9912280701754386,0.9849211233844061,0.0,0.987719298245614,1.0,0.6880000000000001,0.7163969871510856,0.7868852459016392,1,0.8,1,1.0,1,0.8317975499315936,1,0.6968244961785681,1,0.8332125986195741,1,0.72,1,0,0.18636089254504407
599,0.3,0.74,0.1076115485564304,0.3333333333333333,0.42105263157894735,0.30418695875668633,0.30418695875668633,0.0,0.4919786096256684,0.0,0.14190317195325552,0.987719298245614,0.9309819439382438,0.0,0.9912280701754386,1.0,0.7889908256880733,0.8595352190053382,0.9629629629629631,1,0.8,1,0.5,1,0.6797227766026975,1,0.740043830485539,1,0.8551003063612337,1,0.97,1,0,0.24252218109175505
600,0.3,0.92,0.2542372881355932,0.6666666666666666,0.42105263157894735,0.24402646030874187,0.24402646030874187,0.0,0.4919786096256684,0.0,0.0,0.9912280701754386,0.9881096041344212,0.0,0.9912280701754386,1.0,0.6771653543307087,0.6960765346592119,0.7272727272727273,1,1.0,1,1.0,1,0.8146804686197733,1,0.6692036963568192,1,0.8251474933163019,1,0.9586825396825396,1,0,0.12204763367076088
601,0.3,0.92,0.6050420168067228,1.0,0.42105263157894735,0.24984201584010046,0.24984201584010046,0.0,0.4919786096256684,0.0,0.16666666666666663,0.9894736842105263,0.9754290763609554,0.0,0.9929824561403509,1.0,0.7226890756302521,0.7870588235294118,0.9600000000000002,1,0.8,1,1.0,1,0.8280097058120816,1,0.7627228153211123,1,0.8092142010440956,1,0.86,1,0,0.15667554630378489
602,0.3,0.96,0.1076115485564304,0.3333333333333333,0.2631578947368421,0.19464178592327985,0.19464178592327985,0.0,0.4919786096256684,0.0,0.36090225563909784,0.9929824561403509,0.9818920916481892,0.0,0.9982456140350877,1.0,0.6880000000000001,0.7424848484848485,0.8666666666666667,1,0.6,1,1.0,1,0.8404186587170719,1,0.7705625083620848,1,0.7963058587624865,1,0.65,1,0,0.2237854956930594
603,0.1,0.96,0.1076115485564304,0.3333333333333333,0.47368421052631576,0.16794676610361103,0.16794676610361103,0.0,0.4919786096256684,0.0,0.09090909090909094,0.9824561403508771,0.9432574836431011,0.0,0.9912280701754386,1.0,0.7478260869565216,0.8146537842190016,0.9629629629629631,1,1.0,1,1.0,1,0.9291471862773472,1,0.8020914475102456,1,0.8383911987168022,1,0.91,1,0,0.08672836124926742
604,0.3,0.92,0.2542372881355932,0.6666666666666666,0.42105263157894735,0.2406353344268466,0.2406353344268466,0.0,0.4919786096256684,0.0,0.19999999999999996,0.9929824561403509,0.9841374347353432,0.0,0.9982456140350877,1.0,0.6771653543307087,0.7047480906991889,0.7428571428571428,1,0.8,1,1.0,1,0.8284337314640698,1,0.709594565564188,1,0.8349141991183127,1,0.7071378066378067,1,0,0.1866532828692704
605,0.2,0.9,0.2816901408450704,1.0,0.3157894736842105,0.37467135689460673,0.37467135689460673,0.0,0.4919786096256684,0.0,0.2686689419795222,0.9842105263157894,0.8825875880812265,0.0,0.9947368421052631,1.0,0.6808510638297872,0.7504224645157691,0.7889908256880733,1,0.8,1,1.0,1,0.620615993716007,1,0.8121703443278054,1,0.82909199996894,1,0.72,1,0,0.20302027699787473
606,0.0,0.84,0.2816901408450704,1.0,0.3684210526315789,0.24883801145837825,0.24883801145837825,0.0,0.4919786096256684,0.0,0.0,0.9789473684210527,0.8958623805205906,0.0,0.9894736842105263,1.0,0.7027027027027026,0.7383189944165554,0.7804878048780488,1,1.0,0,0.0,1,0.772741509558143,1,0.7854348866465994,1,0.8468078048189147,1,0.54,1,1,0.3425026331627238
607,0.0,0.84,0.2816901408450704,1.0,0.3684210526315789,0.24883801145837825,0.24883801145837825,0.0,0.4919786096256684,0.0,0.0,0.9789473684210527,0.8958623805205906,0.0,0.9894736842105263,1.0,0.7027027027027026,0.7383189944165554,0.7804878048780488,1,1.0,0,0.0,1,0.772741509558143,1,0.7854348866465994,1,0.8468078048189147,1,0.54,1,1,0.3425026331627238
608,0.4,0.31999999999999995,0.2542372881355932,0.6666666666666666,0.3157894736842105,0.2503207922575892,0.2503207922575892,0.0,0.4919786096256684,1.0,0.0,0.9964912280701754,1.0,0.0,1.0,1.0,0.6666666666666666,0.6880617035546612,0.7428571428571428,1,1.0,1,0.7666666666666667,1,0.8083618724886029,1,0.6975729170992242,1,0.8108431681722155,1,0.7704943204919604,1,0,0.1910101758468884
609,0.4,0.31999999999999995,0.2542372881355932,0.6666666666666666,0.3157894736842105,0.2503207922575892,0.2503207922575892,0.0,0.4919786096256684,1.0,0.0,0.9982456140350877,1.0,0.0,1.0,1.0,0.6666666666666666,0.6880617035546612,0.7428571428571428,1,0.8,1,0.75,1,0.797253644676912,1,0.6898794433291047,1,0.8040464554619422,1,0.7699327938748013,1,0,0.23148127710953992
610,0.4,0.31999999999999995,0.2542372881355932,0.6666666666666666,0.3157894736842105,0.2503207922575892,0.2503207922575892,0.0,0.4919786096256684,1.0,0.0,0.9964912280701754,1.0,0.0,1.0,1.0,0.6666666666666666,0.6880617035546612,0.7428571428571428,1,0.8,1,0.7931034482758621,1,0.764978594103129,1,0.6808446987175265,1,0.8247336118967101,1,0.7857118053469292,1,0,0.22510464027664057
611,0.4,0.31999999999999995,0.2542372881355932,0.6666666666666666,0.3157894736842105,0.2503207922575892,0.2503207922575892,0.0,0.4919786096256684,1.0,0.0,0.9964912280701754,1.0,0.0,1.0,1.0,0.6666666666666666,0.6880617035546612,0.7428571428571428,1,0.8,1,0.75,1,0.797253644676912,1,0.6898794433291047,1,0.8040464554619422,1,0.7699327938748013,1,0,0.23148127710953992
612,0.6,0.31999999999999995,0.7457627118644068,0.6666666666666666,0.3157894736842105,0.7496792077424108,0.7496792077424108,0.687719298245614,0.8413547237076648,0.0,0.0,0.9943820224719101,1.0,0.0,1.0,1.0,0.6666666666666666,0.6880617035546612,0.7428571428571428,0,0.2,0,0.25925925925925924,0,0.1500054538339954,0,0.2976552362053555,0,0.18503625162664333,0,0.2541397803509374,2,6,0.7756506697873015
613,0.4,0.31999999999999995,0.2542372881355932,0.6666666666666666,0.3157894736842105,0.2503207922575892,0.2503207922575892,0.0,0.4919786096256684,1.0,0.0,0.9964912280701754,1.0,0.0,1.0,1.0,0.6666666666666666,0.6880617035546612,0.7428571428571428,1,0.8,1,0.7407407407407407,1,0.849994546166005,1,0.7023447637946445,1,0.8149637483733566,1,0.7458602196490625,1,0,0.22434933021269854
614,0.4,0.31999999999999995,0.2542372881355932,0.6666666666666666,0.3157894736842105,0.2503207922575892,0.2503207922575892,0.0,0.4919786096256684,1.0,0.0,0.9964912280701754,1.0,0.0,1.0,1.0,0.6666666666666666,0.6880617035546612,0.7428571428571428,1,0.8,1,0.75,1,0.797253644676912,1,0.6898794433291047,1,0.8040464554619422,1,0.7699327938748013,1,0,0.23148127710953992
615,0.4,0.31999999999999995,0.2542372881355932,0.6666666666666666,0.3157894736842105,0.2503207922575892,0.2503207922575892,0.0,0.4919786096256684,1.0,0.0,0.9964912280701754,1.0,0.0,1.0,1.0,0.6666666666666666,0.6880617035546612,0.7428571428571428,1,0.8,1,0.75,1,0.797253644676912,1,0.6898794433291047,1,0.8040464554619422,1,0.7699327938748013,1,0,0.23148127710953992
616,0.4,0.31999999999999995,0.2542372881355932,0.6666666666666666,0.3157894736842105,0.2503207922575892,0.2503207922575892,0.0,0.4919786096256684,1.0,0.0,0.9964912280701754,1.0,0.0,1.0,1.0,0.6666666666666666,0.6880617035546612,0.7428571428571428,1,1.0,1,0.7666666666666667,1,0.8083618724886029,1,0.6975729170992242,1,0.8108431681722155,1,0.7704943204919604,1,0,0.1910101758468884
617,0.4,0.31999999999999995,0.2542372881355932,0.6666666666666666,0.3157894736842105,0.2503207922575892,0.2503207922575892,0.0,0.4919786096256684,1.0,0.0,0.9964912280701754,1.0,0.0,1.0,1.0,0.6666666666666666,0.6880617035546612,0.7428571428571428,1,0.8,1,0.7407407407407407,1,0.849994546166005,1,0.7023447637946445,1,0.8149637483733566,1,0.7458602196490625,1,0,0.22434933021269854
618,0.6,0.31999999999999995,0.7457627118644068,0.6666666666666666,0.3157894736842105,0.7496792077424108,0.7496792077424108,0.687719298245614,0.8413547237076648,0.0,0.0,0.9943820224719101,1.0,0.0,1.0,1.0,0.6666666666666666,0.6880617035546612,0.7428571428571428,0,0.2,0,0.2,0,0.19104101251682878,0,0.3089795430417693,0,0.1701262385192724,0,0.20356159102926596,2,6,0.7877152691488106
619,0.4,0.31999999999999995,0.2542372881355932,0.6666666666666666,0.3157894736842105,0.2503207922575892,0.2503207922575892,0.0,0.4919786096256684,1.0,0.0,0.9964912280701754,1.0,0.0,1.0,1.0,0.6666666666666666,0.6880617035546612,0.7428571428571428,1,0.8,1,0.7407407407407407,1,0.849994546166005,1,0.7023447637946445,1,0.8149637483733566,1,0.7458602196490625,1,0,0.22434933021269854
620,0.2,0.72,0.2816901408450704,1.0,0.3157894736842105,0.25895418049460295,0.25895418049460295,0.0,0.4919786096256684,0.0,0.37755102040816324,0.9947368421052631,0.9640766780842498,0.0,0.9929824561403509,1.0,0.7350427350427351,0.7754578754578755,0.8888888888888888,1,1.0,1,1.0,1,0.8240896006670791,1,0.8017539049878097,1,0.8420017212167793,1,0.94,1,0,0.09869246218805527
621,0.4,0.31999999999999995,0.2542372881355932,0.6666666666666666,0.3157894736842105,0.2503207922575892,0.2503207922575892,0.0,0.4919786096256684,1.0,0.0,0.9964912280701754,1.0,0.0,1.0,1.0,0.6666666666666666,0.6880617035546612,0.7428571428571428,1,0.8,1,0.8,1,0.8089589874831714,1,0.6910204569582308,1,0.8298737614807279,1,0.7964384089707339,1,0,0.21228473085118937
622,0.7,0.98,0.7457627118644068,0.6666666666666666,0.631578947368421,0.7656354798813836,0.7656354798813836,0.687719298245614,0.8413547237076648,1.0,0.5777504211481146,0.9943820224719101,0.9854375223453701,0.005263157894736842,1.0,1.0,0.6991869918699187,0.7495934959349594,0.8571428571428572,1,0.6,0,0.0,0,0.1543714115932868,0,0.24043531447293415,0,0.1696414174238532,0,0.13083333333333333,2,5,0.7841197538627654
623,0.2,0.96,0.1076115485564304,0.3333333333333333,0.6842105263157895,0.18381624722959589,0.18381624722959589,0.0,0.4919786096256684,0.0,0.11350403806423337,0.9894736842105263,0.9661268330024161,0.0,0.9894736842105263,1.0,0.7226890756302521,0.7968772254664578,0.9285714285714286,1,0.8,1,1.0,1,0.8981079214767694,1,0.8029406183533878,1,0.7928439383310922,1,0.9630000000000001,1,0,0.12385125363979166
624,0.8,1.0,0.8923884514435696,0.3333333333333333,0.3157894736842105,0.848921793123611,0.848921793123611,0.687719298245614,0.8413547237076648,1.0,0.6967213114754098,0.9943820224719101,0.9929186879457556,0.0035087719298245615,1.0,1.0,0.6880000000000001,0.775818181818182,1.0,0,0.4,0,0.0,0,0.05581766851152167,0,0.15516377270566958,0,0.18557422757931863,0,0.07,2,6,0.8555740552005817
625,0.3,0.74,0.1076115485564304,0.3333333333333333,0.6842105263157895,0.2200248658625259,0.2200248658625259,0.0,0.4919786096256684,0.5,0.556923076923077,0.9982456140350877,0.9824928356098106,0.0,1.0,1.0,0.7107438016528926,0.7747131170426625,0.8648648648648649,1,0.6,1,1.0,1,0.870097992002334,1,0.7908951141445257,1,0.8115057616009967,1,0.66,1,0,0.2112501887086906
626,0.3,0.88,0.1076115485564304,0.3333333333333333,0.47368421052631576,0.2714015230267496,0.2714015230267496,0.0,0.4919786096256684,0.5,0.42334479414616955,0.9964912280701754,0.962067525719389,0.0056179775280898875,0.9912280701754386,1.0,0.7610619469026548,0.837197640117994,0.96,1,0.8,0,0.0,1,0.7239946010099505,1,0.7896516273624135,1,0.8322470601231498,1,0.67,1,1,0.3640177852507477
627,0.0,0.92,0.1076115485564304,0.3333333333333333,0.3157894736842105,0.1740221570441366,0.1740221570441366,0.0,0.4919786096256684,0.0,0.0,0.9789473684210527,0.985115249954428,0.0,0.9912280701754386,1.0,0.6771653543307087,0.7485033120859893,0.9285714285714286,1,1.0,1,1.0,1,0.9381691792330615,1,0.8147492169984172,1,0.8153939252522255,1,1.0,1,0,0.07194794641938262
628,0.1,0.84,0.2816901408450704,1.0,0.3684210526315789,0.22918330238617468,0.22918330238617468,0.0,0.4919786096256684,0.0,0.3717131904324821,0.987719298245614,0.9329847183388572,0.0,0.9912280701754386,1.0,0.7027027027027026,0.7512310627406541,0.8807339449541284,1,0.8,1,1.0,1,0.8424397228394087,1,0.7903336670077048,1,0.8198332501805754,1,0.76,1,0,0.16456555999538514
629,0.2,0.92,0.1076115485564304,0.3333333333333333,0.5263157894736842,0.35706540756603333,0.35706540756603333,0.0,0.4919786096256684,0.5,0.46887966804979253,0.9947368421052631,0.9458761413894381,0.0056179775280898875,0.987719298245614,1.0,0.7111111111111111,0.7753981906218145,0.8125,1,0.8,1,1.0,1,0.5876193284230016,1,0.8260659019337623,1,0.819871685564155,1,0.72,1,0,0.20774051401318028
630,0.3,0.88,0.1076115485564304,0.3333333333333333,0.47368421052631576,0.27965986611028015,0.27965986611028015,0.0,0.4919786096256684,0.0,0.2925812908094628,0.987719298245614,0.9335376116697596,0.0,0.9929824561403509,1.0,0.7610619469026548,0.8083902109879844,0.8727272727272728,1,0.8,1,1.0,1,0.7688763555829784,1,0.8147068642119045,1,0.8252454401959705,1,0.87,1,0,0.1535285566681911
631,0.0,0.78,0.2542372881355932,0.6666666666666666,0.21052631578947367,0.243036481963673,0.243036481963673,0.0,0.4919786096256684,0.0,0.0951206715634838,0.9754385964912281,0.9610610398172147,0.0,0.9894736842105263,1.0,0.6771653543307087,0.7078067399378043,0.7741935483870969,1,1.0,1,1.0,1,0.8086420079352871,1,0.7004740284710148,1,0.8172274643182942,1,0.9926666666666668,1,0,0.11349830543478967
632,0.2,0.94,0.2542372881355932,0.6666666666666666,0.42105263157894735,0.22298131109992014,0.22298131109992014,0.0,0.4919786096256684,1.0,0.5610561056105611,0.9982456140350877,0.9848866440325782,0.0,0.9964912280701754,1.0,0.6880000000000001,0.7409696969696971,0.8,1,0.6,1,1.0,1,0.8609771493467175,1,0.7843712450133197,1,0.842500426607678,1,0.6981666666666666,1,0,0.20233075206093643
633,0.5,0.74,0.1076115485564304,0.3333333333333333,0.42105263157894735,0.48997254169648863,0.48997254169648863,0.0,0.4919786096256684,0.3333333333333333,0.5100924989701532,0.9982456140350877,0.9530247372408766,0.0056179775280898875,0.9947368421052631,1.0,0.8205128205128205,0.8716115201263717,0.9629629629629631,1,0.8,1,1.0,0,0.2788901998202789,1,0.783025269493965,1,0.8034929750573385,1,0.99,1,1,0.2240985926047362
634,0.4,1.0,0.1076115485564304,0.3333333333333333,0.42105263157894735,0.1510195586440516,0.1510195586440516,0.0,0.4919786096256684,1.0,0.642512077294686,0.9982456140350877,0.9922155765754548,0.0056179775280898875,1.0,1.0,0.6880000000000001,0.7786153846153847,1.0,0,0.4,0,0.0,1,0.9615712834755699,1,0.8353875117782023,1,0.8178393532930331,0,0.18,1,3,0.4675336419088657
635,0.2,0.92,0.1076115485564304,0.3333333333333333,0.5263157894736842,0.5160616501308501,0.5160616501308501,0.0,0.4919786096256684,0.0,0.4668835696026029,0.9929824561403509,0.9116020164016548,0.0,0.9929824561403509,1.0,0.7111111111111111,0.8442640692640693,0.9285714285714286,1,0.8,0,0.0,0,0.17028259637088966,1,0.7985001183804776,1,0.8187384857930873,1,0.71,1,2,0.4504131332425909
636,0.1,0.72,0.2816901408450704,1.0,0.3157894736842105,0.22942820820360588,0.22942820820360588,0.0,0.4919786096256684,0.0,0.0,0.9842105263157894,0.946618493846675,0.0,0.987719298245614,1.0,0.7107438016528926,0.7718554173099628,0.9230769230769231,1,1.0,1,1.0,1,0.8178089573922445,1,0.7985778461371112,1,0.8539263065347226,1,1.0,1,0,0.08828114832265355
637,0.1,0.74,0.1076115485564304,0.3333333333333333,0.6842105263157895,0.15528188982609403,0.15528188982609403,0.0,0.4919786096256684,0.0,0.4302533172496984,0.9912280701754386,0.9708653782097307,0.0,0.9842105263157894,1.0,0.7350427350427351,0.8244783244783246,0.9629629629629631,1,1.0,1,1.0,1,0.9380215990284247,1,0.8482124848103365,1,0.8391323459580848,1,1.0,1,0,0.06243892836719234
638,0.1,0.74,0.1076115485564304,0.3333333333333333,0.42105263157894735,0.17160168089204741,0.17160168089204741,0.0,0.4919786096256684,0.0,0.16972477064220182,0.9964912280701754,0.9795669172516593,0.0,0.9894736842105263,1.0,0.6991869918699187,0.7834170253467241,0.9285714285714286,1,1.0,1,1.0,1,0.9420455331383131,1,0.8286836717905403,1,0.8174284272826122,1,0.865,1,0,0.09114039463142232
639,0.9,1.0,0.8923884514435696,0.3333333333333333,0.47368421052631576,0.7338424012877406,0.7338424012877406,0.687719298245614,0.8413547237076648,1.0,0.7329825220823154,0.9943820224719101,0.955508375059889,0.007017543859649123,1.0,1.0,0.7111111111111111,0.7614337512291052,0.8125,0,0.0,0,0.0,0,0.1775126821639801,0,0.10308291498934807,0,0.1550541282180547,0,0.14,2,6,0.9040583791047695
640,0.7,1.0,0.8923884514435696,0.3333333333333333,0.5263157894736842,0.7920955728314096,0.7920955728314096,0.687719298245614,0.8413547237076648,0.5,0.4931506849315068,0.9887640449438202,0.9820020152183733,0.0017543859649122807,0.9943820224719101,1.0,0.7478260869565216,0.8509538598047914,0.979591836734694,0,0.2,0,0.0,0,0.11002488568946583,0,0.14986592314061356,0,0.14801660283517662,0,0.18,2,6,0.8686820980557907
641,0.1,0.8,0.1076115485564304,0.3333333333333333,0.47368421052631576,0.21276525887711206,0.21276525887711206,0.0,0.4919786096256684,0.5,0.6666666666666667,0.9982456140350877,0.9824912550307081,0.0,0.9912280701754386,1.0,0.7107438016528926,0.8033948600101198,0.979591836734694,1,1.0,1,1.0,1,0.8577133871840266,1,0.8315088238986686,1,0.812785756207326,1,0.82,1,0,0.1129986721183297
642,0.3,0.88,0.1076115485564304,0.3333333333333333,0.7368421052631579,0.1808340217790494,0.1808340217790494,0.0,0.4919786096256684,0.0,0.33333333333333337,0.9929824561403509,0.9639812300835824,0.0,0.9982456140350877,1.0,0.7226890756302521,0.8220588235294117,0.9285714285714286,1,0.8,0,0.0,1,0.9285488283759606,1,0.8349077796037602,1,0.8229675139613281,1,0.77,1,1,0.3072626463431586
643,0.1,0.98,0.1076115485564304,0.3333333333333333,0.8947368421052632,0.18546871517514762,0.18546871517514762,0.0,0.4919786096256684,0.0,0.36090225563909784,0.9964912280701754,0.9897072052034835,0.0,1.0,1.0,0.7107438016528926,0.8017320540831513,0.896551724137931,1,0.8,1,1.0,1,0.9267154798380122,1,0.8339838028379966,1,0.8193989176313553,1,0.67,1,0,0.15831696661543937
644,1.0,0.84,0.8923884514435696,0.3333333333333333,0.3684210526315789,0.8563842759383928,0.8563842759383928,0.687719298245614,0.8413547237076648,1.0,0.9999999999999264,0.9943820224719101,1.0,0.07894736842105263,1.0,1.0,0.6771653543307087,0.761141599724277,0.9629629629629631,0,0.0,0,0.0,0,0.04481281363664174,0,0.12875842337434032,0,0.1846554303571393,0,0.0,2,6,0.9402955554386464
645,0.1,0.84,0.1076115485564304,0.3333333333333333,0.3684210526315789,0.14361572406160716,0.14361572406160716,0.0,0.4919786096256684,0.0,0.0,0.9929824561403509,1.0,0.0,0.9824561403508771,1.0,0.6771653543307087,0.761141599724277,0.9629629629629631,1,1.0,1,0.875,1,0.9680135745817338,1,0.8599048202160781,1,0.8173916552335273,1,0.8890080613830613,1,0,0.09844698143093333
646,0.1,0.84,0.1076115485564304,0.3333333333333333,0.3684210526315789,0.14361572406160716,0.14361572406160716,0.0,0.4919786096256684,0.0,0.0,0.9929824561403509,1.0,0.0,0.9543859649122807,1.0,0.6771653543307087,0.761141599724277,0.9629629629629631,1,1.0,1,0.8571428571428571,1,0.9586087767381367,1,0.8665882150554913,1,0.8050455049868361,1,0.8620471750471748,1,0,0.10842791183825062
647,0.1,0.88,0.2542372881355932,0.6666666666666666,0.3684210526315789,0.24017020520359422,0.24017020520359422,0.0,0.4919786096256684,0.0,0.3400138781174742,0.987719298245614,0.9617736966908679,0.0,0.9947368421052631,1.0,0.6771653543307087,0.7266477333720035,0.8495575221238937,1,0.8,1,1.0,1,0.8667104025179936,1,0.7801453588001173,1,0.846707807828114,1,0.94,1,0,0.12773940514229576
648,0.0,0.84,0.1076115485564304,0.3333333333333333,0.3157894736842105,0.1711131075383514,0.1711131075383514,0.0,0.4919786096256684,0.0,0.0,0.9771929824561404,0.9716975872365953,0.0,0.987719298245614,1.0,0.6880000000000001,0.7712648083623694,0.9285714285714286,1,1.0,1,1.0,1,0.930708342216378,1,0.8479789444131381,1,0.8396407179095136,1,0.92,1,0,0.07694533257682845
649,0.3,0.96,0.1076115485564304,0.3333333333333333,0.47368421052631576,0.16409526708145084,0.16409526708145084,0.0,0.4919786096256684,0.25,0.4931506849315068,0.9964912280701754,0.9808271909138017,0.0,0.9929824561403509,1.0,0.7478260869565216,0.8546537842190016,0.9629629629629631,1,0.6,1,0.5,1,0.899111466121268,1,0.8536862708797084,1,0.8669642870048008,1,0.7496666666666667,1,0,0.25509521822125925
650,0.1,0.96,0.1076115485564304,0.3333333333333333,0.3684210526315789,0.20508355720012994,0.20508355720012994,0.0,0.4919786096256684,1.0,0.0,0.987719298245614,0.9827640789334834,0.0,0.9964912280701754,1.0,0.6666666666666666,0.7251824817518248,0.8666666666666667,1,0.8,1,1.0,1,0.8728653776646534,1,0.8072478822210734,1,0.810629686515949,1,0.9771897546897549,1,0,0.12201121648476143
651,0.2,0.98,0.1076115485564304,0.3333333333333333,0.5789473684210527,0.13047866402480612,0.13047866402480612,0.0,0.4919786096256684,0.0,0.5,0.9964912280701754,0.9851449828701161,0.0,0.9964912280701754,1.0,0.7107438016528926,0.7811905041298366,0.896551724137931,1,0.8,1,1.0,1,0.9729073138167333,1,0.8814135889280921,1,0.8291080169652152,1,0.9458333333333334,1,0,0.09512295782610414
652,0.3,0.74,0.1076115485564304,0.3333333333333333,0.42105263157894735,0.14243969645499233,0.14243969645499233,0.0,0.4919786096256684,1.0,0.0,0.9964912280701754,0.9918134200307053,0.0,0.9929824561403509,1.0,0.6991869918699187,0.7903342366757002,0.9629629629629631,0,0.4,0,0.0,1,0.9698715164747493,1,0.8591591037940164,1,0.8213359669923642,0,0.3675,1,3,0.4303555687898116
653,0.1,0.88,0.2542372881355932,0.6666666666666666,0.3684210526315789,0.23771962308851602,0.23771962308851602,0.0,0.4919786096256684,0.0,0.10082304526748964,0.9859649122807017,0.9620762930508777,0.0,0.9947368421052631,1.0,0.6771653543307087,0.7311935146037779,0.8275862068965516,1,1.0,1,1.0,1,0.8712642129214223,1,0.7960954139316156,1,0.8387961058364343,1,1.0,1,0,0.0823073778850879
654,0.4,1.0,0.1076115485564304,0.3333333333333333,0.47368421052631576,0.14221358746937562,0.14221358746937562,0.0,0.4919786096256684,1.0,0.5647058823529412,0.9982456140350877,0.9921017493340072,0.0056179775280898875,0.9912280701754386,1.0,0.6880000000000001,0.7767407407407407,0.9629629629629631,1,0.6,0,0.0,1,0.937585464143099,1,0.8640613468302686,1,0.8322941565925531,0,0.31866666666666665,1,2,0.40789872762790214
655,0.2,0.8200000000000001,0.1076115485564304,0.3333333333333333,0.3684210526315789,0.4645790934002427,0.4645790934002427,0.0,0.4919786096256684,0.0,0.3367151325684963,0.9929824561403509,0.9183556412294936,0.0,0.9929824561403509,1.0,0.7804878048780488,0.8536033165974293,0.896551724137931,1,1.0,1,1.0,0,0.4130446406966277,1,0.8430558323286512,1,0.8300855926137493,1,1.0,1,1,0.15230232239349528
656,0.1,0.88,0.2542372881355932,0.6666666666666666,0.3684210526315789,0.23742126775382666,0.23742126775382666,0.0,0.4919786096256684,0.0,0.09158878504672896,0.9859649122807017,0.9576438664634678,0.0,0.9947368421052631,1.0,0.6771653543307087,0.7329926150535531,0.8347826086956522,1,1.0,1,1.0,1,0.8216924653312223,1,0.7726440401159815,1,0.8510959150731245,1,0.97,1,0,0.09742792991327864
657,0.3,0.98,0.1076115485564304,0.3333333333333333,0.5263157894736842,0.1630218122672905,0.1630218122672905,0.0,0.4919786096256684,0.0,0.999999999999904,0.9982456140350877,1.0,0.0056179775280898875,0.9947368421052631,1.0,0.7478260869565216,0.8646537842190016,1.0,1,0.6,0,0.0,1,0.9368779829266936,1,0.8685835768666728,1,0.8270716040613216,0,0.29,1,2,0.4129111393575521
658,0.0,0.74,0.1076115485564304,0.3333333333333333,0.42105263157894735,0.1707597465104801,0.1707597465104801,0.0,0.4919786096256684,0.0,0.16934429291985809,0.9631578947368421,0.95984811543949,0.0,0.9842105263157894,1.0,0.6880000000000001,0.7761428571428572,0.9285714285714286,1,1.0,1,1.0,1,0.9172675085043419,1,0.8455528919340589,1,0.8054612023713381,1,0.955,1,0,0.07945306619837689
659,0.1,0.88,0.1076115485564304,0.3333333333333333,0.7368421052631579,0.15351085219728633,0.15351085219728633,0.0,0.4919786096256684,0.0,0.18317757009345792,0.9912280701754386,0.9582370125090078,0.0,0.9982456140350877,1.0,0.7350427350427351,0.845885870638346,0.9629629629629631,1,0.8,1,1.0,1,0.916363943113403,1,0.8660612814414614,1,0.8568431846170818,1,0.9675,1,0,0.09887193180467557
660,0.2,0.98,0.1076115485564304,0.3333333333333333,0.5789473684210527,0.1364149041739986,0.1364149041739986,0.0,0.4919786096256684,0.0,0.45176470588235285,0.9912280701754386,0.9731665871480715,0.0,0.9964912280701754,1.0,0.7107438016528926,0.7999041385002769,0.9285714285714286,1,0.8,1,1.0,1,0.9695931176370131,1,0.8806817723474938,1,0.8108150282657778,1,0.7001666666666666,1,0,0.13979056918050803
661,0.0,0.6,0.1076115485564304,0.3333333333333333,0.3157894736842105,0.12987541426117555,0.12987541426117555,0.0,0.4919786096256684,0.0,0.0,0.9614035087719298,0.9826444593530321,0.0,0.968421052631579,1.0,0.6771653543307087,0.7473359928152218,0.896551724137931,1,1.0,1,1.0,1,0.9744848907462256,1,0.8957215535408772,1,0.8156635452114193,1,0.9523333333333334,1,0,0.06029944619469074
662,0.4,0.98,0.1076115485564304,0.3333333333333333,0.42105263157894735,0.12910842305851966,0.12910842305851966,0.0,0.4919786096256684,0.0,0.999999999999808,0.9982456140350877,1.0,0.0056179775280898875,0.9982456140350877,1.0,0.6880000000000001,0.7601379310344828,0.896551724137931,1,0.8,0,0.0,1,0.9792685935444413,1,0.8901064123461736,1,0.8054269340749913,0,0.38909090909090904,1,2,0.35601785849058076
663,0.2,1.0,0.1076115485564304,0.3333333333333333,0.47368421052631576,0.19611035203596494,0.19611035203596494,0.0,0.4919786096256684,0.5,0.6384180790960452,0.9982456140350877,0.9780774571825336,0.0056179775280898875,0.9842105263157894,1.0,0.7478260869565216,0.8094457311295925,0.9285714285714286,1,0.8,1,1.0,1,0.8957885622346297,1,0.8850008176723874,1,0.8102956979745607,1,0.53,1,0,0.17981915368640367
664,0.2,0.74,0.1076115485564304,0.3333333333333333,0.3684210526315789,0.17972589534338856,0.17972589534338856,0.0,0.4919786096256684,0.0,0.0,0.9964912280701754,1.0,0.0,1.0,1.0,0.6666666666666666,0.7432539682539683,0.9285714285714286,1,1.0,1,0.8888888888888888,1,0.9301527509200878,1,0.8370251239738413,1,0.815027762368246,1,0.8732406898656897,1,0,0.1092774639972075
665,0.2,0.74,0.1076115485564304,0.3333333333333333,0.3684210526315789,0.17972589534338856,0.17972589534338856,0.0,0.4919786096256684,0.0,0.0,0.9982456140350877,1.0,0.0,1.0,1.0,0.6666666666666666,0.7432539682539683,0.9285714285714286,1,1.0,1,0.8888888888888888,1,0.9301527509200878,1,0.8370251239738413,1,0.815027762368246,1,0.8732406898656897,1,0,0.1092774639972075
666,0.2,0.74,0.1076115485564304,0.3333333333333333,0.3684210526315789,0.17972589534338856,0.17972589534338856,0.0,0.4919786096256684,0.0,0.0,0.9964912280701754,1.0,0.0,1.0,1.0,0.6666666666666666,0.7432539682539683,0.9285714285714286,1,0.8,1,0.7777777777777778,1,0.8777691727778343,1,0.8307343269321135,1,0.8253458563605027,1,0.7669823422191838,1,0,0.18689842065543127
667,0.9,0.74,0.8923884514435696,0.3333333333333333,0.3684210526315789,0.8202741046566114,0.8202741046566114,0.687719298245614,0.8413547237076648,1.0,0.0,0.9943820224719101,1.0,0.021052631578947368,1.0,1.0,0.6666666666666666,0.7432539682539683,0.9285714285714286,0,0.0,0,0.1111111111111111,0,0.06984724907991195,0,0.16297487602615865,0,0.18497223763175394,0,0.1267593101343101,2,6,0.8907225360027924
668,0.2,0.74,0.1076115485564304,0.3333333333333333,0.3684210526315789,0.17972589534338856,0.17972589534338856,0.0,0.4919786096256684,0.0,0.0,0.9964912280701754,1.0,0.0,1.0,1.0,0.6666666666666666,0.7432539682539683,0.9285714285714286,1,1.0,1,0.8888888888888888,1,0.9301527509200878,1,0.8370251239738413,1,0.815027762368246,1,0.8732406898656897,1,0,0.1092774639972075
669,1.0,1.0,0.7457627118644068,0.6666666666666666,0.631578947368421,0.7882965299552929,0.7882965299552929,0.687719298245614,0.8413547237076648,1.0,0.9384860719981,0.9943820224719101,0.9903457787410107,0.02456140350877193,1.0,1.0,0.6880000000000001,0.7180227831136923,0.7933884297520662,0,0.0,0,0.0,0,0.1587961952688405,0,0.13774682809390354,0,0.1354564051069585,0,0.11,2,6,0.9096667619217162
670,0.1,1.0,0.2542372881355932,0.6666666666666666,0.631578947368421,0.21009607506800088,0.21009607506800088,0.0,0.4919786096256684,1.0,0.8112244897959184,0.9982456140350877,0.9892117046756222,0.0056179775280898875,0.9894736842105263,1.0,0.6880000000000001,0.7147976268951879,0.7804878048780488,1,1.0,1,1.0,1,0.8453149504633565,1,0.8672603933456158,1,0.8607067860176115,1,0.89,1,0,0.08945297836223609
671,0.1,0.0,0.1076115485564304,0.3333333333333333,0.21052631578947367,0.12915305924349796,0.12915305924349796,0.0,0.4919786096256684,1.0,0.0,0.9964912280701754,0.9894053576817914,0.0,0.9964912280701754,1.0,0.6991869918699187,0.7771212574779167,0.896551724137931,1,0.8,1,1.0,1,0.9793334217556628,1,0.8923623252956017,1,0.8071127512427172,1,0.92,1,0,0.10019858361766987
672,0.0,0.8200000000000001,0.1076115485564304,0.3333333333333333,0.3684210526315789,0.3942207595286178,0.3942207595286178,0.0,0.4919786096256684,0.0,0.2618370175822573,0.9771929824561404,0.8587310507558754,0.0,0.9912280701754386,1.0,0.7218045112781954,0.8303316331114574,0.896551724137931,1,1.0,1,1.0,1,0.6511208278473064,1,0.8773551173020279,1,0.8337217861730389,1,0.95,1,0,0.1146337114462711
673,0.2,0.8200000000000001,0.1076115485564304,0.3333333333333333,0.3684210526315789,0.3252525443221488,0.3252525443221488,0.0,0.4919786096256684,0.0,0.32445870813180855,0.9929824561403509,0.8906101894650549,0.0,0.9912280701754386,1.0,0.7441860465116279,0.8276601708177296,0.896551724137931,1,0.8,1,1.0,1,0.7006660519805671,1,0.8809420720840913,1,0.8196916241948624,1,0.79,1,0,0.1681167086234132
674,0.2,0.8200000000000001,0.1076115485564304,0.3333333333333333,0.3684210526315789,0.16261672137939331,0.16261672137939331,0.0,0.4919786096256684,0.0,0.3944450973479061,0.9894736842105263,0.9089988579233043,0.0,0.9964912280701754,1.0,0.7747747747747747,0.8337475406440924,0.896551724137931,1,0.8,1,1.0,1,0.9438472086230952,1,0.8900952646563607,1,0.833223050279594,1,0.93,1,0,0.10047241274015839
675,0.1,0.98,0.1076115485564304,0.3333333333333333,0.3684210526315789,0.12904938853812653,0.12904938853812653,0.0,0.4919786096256684,0.5,0.5,0.9964912280701754,0.9921202519954712,0.0,0.987719298245614,1.0,0.6880000000000001,0.7632598822539951,0.896551724137931,1,0.8,1,1.0,1,0.981137464011413,1,0.9025764203991891,1,0.8391339543139656,1,0.8206666666666667,1,0,0.10941424910146091
676,0.1,0.74,0.1076115485564304,0.3333333333333333,0.42105263157894735,0.14192218361711773,0.14192218361711773,0.0,0.4919786096256684,0.0,0.0,0.9824561403508771,0.9761568271914387,0.0,0.9824561403508771,1.0,0.6880000000000001,0.7847407407407407,0.9629629629629631,1,1.0,1,1.0,1,0.9661740340745614,1,0.8912023281249067,1,0.8405034484627736,1,0.9840000000000001,1,0,0.05302003155629309
677,0.3,0.62,0.1076115485564304,0.3333333333333333,0.2631578947368421,0.4485581387825852,0.4485581387825852,0.0,0.4919786096256684,0.0,0.34910315749802734,0.9947368421052631,0.8108978306986929,0.0,1.0,1.0,0.7222222222222222,0.8651433691756271,0.9247311827956988,1,0.8,1,1.0,0,0.08608782458451873,1,0.7624194274481607,1,0.7844001143751097,1,0.78,1,1,0.29784877226536854
678,0.1,0.7,0.1076115485564304,0.3333333333333333,0.3157894736842105,0.17781825816106422,0.17781825816106422,0.0,0.4919786096256684,0.0,0.24908270906589214,0.9894736842105263,0.9396803954377293,0.0,0.9789473684210527,1.0,0.7350427350427351,0.7980113321022413,0.9285714285714286,1,0.8,0,0.0,1,0.9195151945274468,1,0.9110936432716592,1,0.8158217311000453,1,0.8566666666666666,1,1,0.2828171274056971
679,0.1,1.0,0.1076115485564304,0.3333333333333333,0.7368421052631579,0.14177741456113102,0.14177741456113102,0.0,0.4919786096256684,0.0,0.3379310344827585,0.9912280701754386,0.9840859502058701,0.0,0.9859649122807017,1.0,0.6880000000000001,0.7881305712492154,0.9629629629629631,1,0.8,0,0.0,1,0.9566585996749868,1,0.8866263591881525,1,0.8172618538009633,1,0.85,1,1,0.28157553122264956
680,0.9,0.98,0.8923884514435696,0.3333333333333333,0.3684210526315789,0.8084867222673514,0.8084867222673514,0.687719298245614,0.8413547237076648,1.0,0.5258580812286058,0.9943820224719101,0.9269228904599082,0.010526315789473684,1.0,1.0,0.787878787878788,0.8231410772989499,0.8349514563106797,0,0.0,0,0.0,0,0.07266408671341422,0,0.10416967731173686,0,0.15588720290201968,0,0.0,2,6,0.9445465055121383
681,0.2,0.88,0.2542372881355932,0.6666666666666666,0.3684210526315789,0.2313367628127877,0.2313367628127877,0.0,0.4919786096256684,0.5,0.5,0.9982456140350877,0.9771862448030442,0.0,0.9982456140350877,1.0,0.6771653543307087,0.7642969628796401,0.9600000000000002,1,0.6,0,0.0,1,0.7937215707242556,1,0.8223967557424341,1,0.8795587213359993,0,0.44,1,2,0.4107204920328852
682,0.0,0.74,0.1076115485564304,0.3333333333333333,0.42105263157894735,0.17305358731344478,0.17305358731344478,0.0,0.4919786096256684,0.0,0.11246200607902734,0.980701754385965,0.968337076911161,0.0,0.9842105263157894,1.0,0.6771653543307087,0.769072641746228,0.9285714285714286,1,1.0,1,1.0,1,0.93965333376169,1,0.8624555485173586,1,0.8204504134237773,1,0.97,1,0,0.0679067840495291
683,0.3,1.0,0.1076115485564304,0.3333333333333333,0.9473684210526315,0.16888976198256622,0.16888976198256622,0.0,0.4919786096256684,0.6666666666666666,0.6509433962264151,0.9982456140350877,0.9871426038650198,0.011235955056179775,0.9964912280701754,1.0,0.6880000000000001,0.7963263433813893,0.9285714285714286,1,0.6,0,0.0,1,0.944250688085277,1,0.8791864170990282,1,0.8199245472760442,1,0.57,1,1,0.36443972458994167
684,0.0,0.0,0.1076115485564304,0.3333333333333333,0.21052631578947367,0.12890545859495273,0.12890545859495273,0.0,0.4919786096256684,0.0,0.3930618002292162,0.980701754385965,0.9683422504155812,0.0,0.9912280701754386,1.0,0.6991869918699187,0.7861208075004156,0.896551724137931,1,1.0,1,1.0,1,0.9639523389006363,1,0.8982027536653322,1,0.8381917539139571,1,1.0,1,0,0.04994219225334573
685,0.1,0.62,0.1076115485564304,0.3333333333333333,0.2631578947368421,0.11622868821741639,0.11622868821741639,0.0,0.4919786096256684,0.0,0.32609599866899597,0.9912280701754386,0.9416236704810769,0.0,0.9947368421052631,1.0,0.7350427350427351,0.780920060331825,0.8888888888888888,1,1.0,1,1.0,1,0.9953065798169651,1,0.904434233912917,1,0.8331022818694046,1,0.925,1,0,0.0570261507334523
686,0.1,0.7,0.1076115485564304,0.3333333333333333,0.3157894736842105,0.15480386730682105,0.15480386730682105,0.0,0.4919786096256684,0.0,0.19941250267739663,0.9824561403508771,0.9203788123162694,0.0,0.9771929824561404,1.0,0.7350427350427351,0.8142426789967774,1.0,1,1.0,1,1.0,1,0.9465993686846668,1,0.9258037435354644,1,0.8128869931954498,1,0.96,1,0,0.059118315764069784
687,0.1,0.92,0.1076115485564304,0.3333333333333333,0.47368421052631576,0.13112294697262283,0.13112294697262283,0.0,0.4919786096256684,0.0,0.2562821974910535,0.9859649122807017,0.9514957528006894,0.0,0.9929824561403509,1.0,0.7226890756302521,0.8354824688496089,1.0,1,0.8,1,0.5,1,0.9800863240135614,1,0.9235613907154865,1,0.8459284115533846,1,0.8715,1,0,0.17982064561959454
688,0.1,0.74,0.1076115485564304,0.3333333333333333,0.6842105263157895,0.14134701679858486,0.14134701679858486,0.0,0.4919786096256684,0.0,0.25257731958762886,0.9859649122807017,0.9754649203238722,0.0,0.987719298245614,1.0,0.6880000000000001,0.7971301212717142,0.9629629629629631,1,1.0,1,1.0,1,0.9671720867649626,1,0.9079924176791803,1,0.8393929065868428,1,1.0,1,0,0.04757376482816911
689,0.0,0.7,0.1076115485564304,0.3333333333333333,0.3157894736842105,0.14667080716739178,0.14667080716739178,0.0,0.4919786096256684,0.0,0.0,0.9596491228070175,0.9853823551198795,0.0,0.9438596491228071,1.0,0.6666666666666666,0.7558922558922558,0.9629629629629631,1,1.0,1,1.0,1,0.9518828422919179,1,0.8837760463453518,1,0.8107796351815585,1,1.0,1,0,0.05892691269686201
690,0.0,0.7,0.1076115485564304,0.3333333333333333,0.3157894736842105,0.14667080716739178,0.14667080716739178,0.0,0.4919786096256684,0.0,0.0,0.9596491228070175,0.9853823551198795,0.0,0.9438596491228071,1.0,0.6666666666666666,0.7558922558922558,0.9629629629629631,1,1.0,1,1.0,1,0.954083101963668,1,0.879795744655975,1,0.8039032086172628,1,1.0,1,0,0.06036965746051559
691,0.0,0.7,0.1076115485564304,0.3333333333333333,0.3157894736842105,0.14667080716739178,0.14667080716739178,0.0,0.4919786096256684,0.0,0.0,0.9596491228070175,0.9853823551198795,0.0,0.9438596491228071,1.0,0.6666666666666666,0.7558922558922558,0.9629629629629631,1,1.0,1,1.0,1,0.9637168571718563,1,0.8775668350160126,1,0.8150902419515487,1,1.0,1,0,0.05727101097676368
692,0.0,0.7,0.1076115485564304,0.3333333333333333,0.3157894736842105,0.14667080716739178,0.14667080716739178,0.0,0.4919786096256684,0.0,0.0,0.9596491228070175,0.9853823551198795,0.0,0.9438596491228071,1.0,0.6666666666666666,0.7558922558922558,0.9629629629629631,1,1.0,1,1.0,1,0.9581985514661252,1,0.8895065151072471,1,0.830523979094353,1,1.0,1,0,0.05362849238871237
693,0.0,0.7,0.1076115485564304,0.3333333333333333,0.3157894736842105,0.14667080716739178,0.14667080716739178,0.0,0.4919786096256684,0.0,0.0,0.9596491228070175,0.9853823551198795,0.0,0.9438596491228071,1.0,0.6666666666666666,0.7558922558922558,0.9629629629629631,1,1.0,1,1.0,1,0.9637168571718563,1,0.8775668350160126,1,0.8150902419515487,1,1.0,1,0,0.05727101097676368
694,0.0,0.7,0.1076115485564304,0.3333333333333333,0.3157894736842105,0.14667080716739178,0.14667080716739178,0.0,0.4919786096256684,0.0,0.0,0.9596491228070175,0.9853823551198795,0.0,0.9438596491228071,1.0,0.6666666666666666,0.7558922558922558,0.9629629629629631,1,1.0,1,1.0,1,0.954083101963668,1,0.879795744655975,1,0.8039032086172628,1,1.0,1,0,0.06036965746051559
695,0.9,0.98,0.8923884514435696,0.3333333333333333,0.3684210526315789,0.8721085724412353,0.8721085724412353,0.687719298245614,0.8413547237076648,1.0,0.6175637393767706,0.9943820224719101,0.9679871851952225,0.015789473684210527,1.0,1.0,0.7350427350427351,0.814957264957265,0.9230769230769231,0,0.0,0,0.0,0,0.016205598101865473,0,0.06567361964709637,0,0.15583443418972165,0,0.055,2,6,0.9512143913435528
696,0.1,0.74,0.1076115485564304,0.3333333333333333,0.6842105263157895,0.14114819389222166,0.14114819389222166,0.0,0.4919786096256684,0.25,0.0,0.9894736842105263,0.9836202782062544,0.0,0.987719298245614,1.0,0.6880000000000001,0.800956956956957,0.9629629629629631,1,0.8,1,1.0,1,0.9618269997592933,1,0.8984108097250645,1,0.8040760147455626,1,0.9683333333333334,1,0,0.09455880707279096
697,0.1,0.74,0.1076115485564304,0.3333333333333333,0.6842105263157895,0.14114819389222166,0.14114819389222166,0.0,0.4919786096256684,0.0,0.0,0.9894736842105263,0.9836202782062544,0.0,0.987719298245614,1.0,0.6880000000000001,0.800956956956957,0.9629629629629631,1,0.8,1,1.0,1,0.9709709378357054,1,0.8994755950608582,1,0.8166242500838241,1,0.95,1,0,0.09382153616993538
698,0.2,0.92,0.1076115485564304,0.3333333333333333,0.47368421052631576,0.13291148603951264,0.13291148603951264,0.0,0.4919786096256684,0.3333333333333333,0.47058823529411764,0.9964912280701754,0.9629845167283125,0.0056179775280898875,0.9771929824561404,1.0,0.7350427350427351,0.8098411167376685,0.896551724137931,1,0.8,1,1.0,1,0.9661376627794618,1,0.9215410116808532,1,0.8295565010403847,1,0.79,1,0,0.11546080408321668
699,0.1,0.98,0.1076115485564304,0.3333333333333333,0.47368421052631576,0.11522922707270844,0.11522922707270844,0.0,0.4919786096256684,0.0,0.999999999999808,0.9982456140350877,1.0,0.0056179775280898875,0.9982456140350877,1.0,0.6771653543307087,0.7217591477535896,0.7679999999999999,1,0.8,0,0.0,1,0.9969126502328773,1,0.930362377280884,1,0.814273671509716,0,0.3961820175438596,1,2,0.34371154723877717
700,0.1,0.0,0.1076115485564304,0.3333333333333333,0.21052631578947367,0.12850606327853797,0.12850606327853797,0.0,0.4919786096256684,0.0,0.13310329638058882,0.9824561403508771,0.9730663692288742,0.0,0.9666666666666667,1.0,0.6880000000000001,0.7843541472506991,0.896551724137931,1,1.0,1,1.0,1,0.9754982997924478,1,0.9159612250140219,1,0.8133292341908627,1,1.0,1,0,0.04920187350044458
701,0.0,0.6,0.1076115485564304,0.3333333333333333,0.3157894736842105,0.13160838852560408,0.13160838852560408,0.0,0.4919786096256684,0.0,0.0,0.9298245614035088,0.9683123026448162,0.0,0.968421052631579,1.0,0.6666666666666666,0.7420866489832006,0.896551724137931,1,1.0,1,1.0,1,0.9791183533535428,1,0.8995114229370004,1,0.8149326599495708,1,1.0,1,0,0.05107292729331425
702,0.0,0.6,0.1076115485564304,0.3333333333333333,0.3157894736842105,0.13160838852560408,0.13160838852560408,0.0,0.4919786096256684,0.0,0.0,0.9298245614035088,0.9683123026448162,0.0,0.968421052631579,1.0,0.6666666666666666,0.7420866489832006,0.896551724137931,1,1.0,1,1.0,1,0.9769191367558565,1,0.9122861152279889,1,0.8298687524134248,1,1.0,1,0,0.04682099926712169
703,0.0,0.6,0.1076115485564304,0.3333333333333333,0.3157894736842105,0.13160838852560408,0.13160838852560408,0.0,0.4919786096256684,0.0,0.0,0.9298245614035088,0.9683123026448162,0.0,0.968421052631579,1.0,0.6666666666666666,0.7420866489832006,0.896551724137931,1,1.0,1,1.0,1,0.9757839838032909,1,0.9027960804890072,1,0.8038369124938489,1,1.0,1,0,0.052930503868975465
704,0.0,0.6,0.1076115485564304,0.3333333333333333,0.3157894736842105,0.13160838852560408,0.13160838852560408,0.0,0.4919786096256684,0.0,0.0,0.9298245614035088,0.9683123026448162,0.0,0.968421052631579,1.0,0.6666666666666666,0.7420866489832006,0.896551724137931,1,1.0,1,1.0,1,0.9757839838032909,1,0.9027960804890072,1,0.8038369124938489,1,1.0,1,0,0.052930503868975465
705,0.0,0.6,0.1076115485564304,0.3333333333333333,0.3157894736842105,0.13160838852560408,0.13160838852560408,0.0,0.4919786096256684,0.0,0.0,0.9298245614035088,0.9683123026448162,0.0,0.968421052631579,1.0,0.6666666666666666,0.7420866489832006,0.896551724137931,1,1.0,1,1.0,1,0.9757839838032909,1,0.9027960804890072,1,0.8038369124938489,1,1.0,1,0,0.052930503868975465
706,0.1,1.0,0.1076115485564304,0.3333333333333333,0.5789473684210527,0.14283863918855477,0.14283863918855477,0.0,0.4919786096256684,0.0,0.4336734693877551,0.9912280701754386,0.9759170579757311,0.0,0.9912280701754386,1.0,0.6771653543307087,0.7844516230343002,0.9629629629629631,1,0.8,1,1.0,1,0.9591059082449098,1,0.8981462923653325,1,0.8044780853938196,1,0.7618974358974359,1,0,0.12939537968308368
707,0.0,0.7,0.1076115485564304,0.3333333333333333,0.3157894736842105,0.15795141876341678,0.15795141876341678,0.0,0.4919786096256684,0.0,0.2628935440401813,0.968421052631579,0.9137570232771471,0.0,0.9754385964912281,1.0,0.6991869918699187,0.7817363530778165,0.9285714285714286,1,1.0,1,1.0,1,0.949284224769275,1,0.9408659187189164,1,0.8161938389405009,1,1.0,1,0,0.04894266959521787
708,0.8,1.0,0.8923884514435696,0.3333333333333333,0.631578947368421,0.829227522393628,0.829227522393628,0.687719298245614,0.8413547237076648,1.0,0.5461393596986818,0.9943820224719101,0.9810655285174332,0.0,1.0,1.0,0.6771653543307087,0.7929477565304337,0.9285714285714286,0,0.4,0,0.0,0,0.11010981338292691,0,0.11458728837845525,0,0.1539333333875124,0,0.137,2,6,0.8473949274751842
709,0.1,0.62,0.1076115485564304,0.3333333333333333,0.2631578947368421,0.11546817983212276,0.11546817983212276,0.0,0.4919786096256684,0.0,0.3291044776119403,0.9929824561403509,0.9489822102691899,0.0,0.9912280701754386,1.0,0.7226890756302521,0.7974189675870348,0.9795918367346937,1,1.0,1,1.0,1,0.9972843222605208,1,0.9414475928587841,1,0.8068789853243571,1,1.0,1,0,0.04239818325938971
710,0.0,0.84,0.1076115485564304,0.3333333333333333,0.42105263157894735,0.11367530541021442,0.11367530541021442,0.0,0.4919786096256684,0.0,0.0,0.9666666666666667,0.9853142733108003,0.0,0.9912280701754386,1.0,0.6771653543307087,0.7142601839404221,0.7804878048780488,1,1.0,1,1.0,1,0.998821194420788,1,0.9563724529351793,1,0.8289279667054507,1,1.0,1,0,0.0359797309897637
711,0.1,0.62,0.1076115485564304,0.3333333333333333,0.2631578947368421,0.11379186719751233,0.11379186719751233,0.0,0.4919786096256684,0.0,0.32143875772460784,0.9912280701754386,0.9484585962116635,0.0,0.9929824561403509,1.0,0.7222222222222222,0.7795238557469192,0.9504950495049503,1,0.8,1,1.0,1,0.9987816311424978,1,0.9555947985107851,1,0.8361306661022415,1,0.96,1,0,0.074915484040746
712,0.9,0.98,0.8923884514435696,0.3333333333333333,0.631578947368421,0.857732979111639,0.857732979111639,0.687719298245614,0.8413547237076648,1.0,0.9999999999999443,0.9943820224719101,1.0,0.017543859649122806,1.0,1.0,0.6771653543307087,0.7955396341223113,0.9629629629629631,0,0.0,0,0.0,0,0.0344783055514306,0,0.07630983824292562,0,0.16483477363414784,0,0.06,2,6,0.9440628470952493
713,0.1,0.92,0.1076115485564304,0.3333333333333333,0.47368421052631576,0.12703234325935253,0.12703234325935253,0.0,0.4919786096256684,1.0,0.5366299894348958,0.9982456140350877,0.9461134368791223,0.0,0.9824561403508771,1.0,0.7226890756302521,0.7744588468023648,0.896551724137931,1,0.8,1,1.0,1,0.9725126477882758,1,0.9477305358349778,1,0.8130599710879447,1,0.95,1,0,0.08611614088146691
714,0.0,0.0,0.1076115485564304,0.3333333333333333,0.21052631578947367,0.12692595786516736,0.12692595786516736,0.0,0.4919786096256684,0.0,0.21593055233424996,0.9754385964912281,0.9392620274737685,0.0,0.968421052631579,1.0,0.6991869918699187,0.8045006577386729,0.9230769230769231,1,1.0,1,1.0,1,0.9829162294403574,1,0.9385692135180028,1,0.8040436737647869,1,0.97,1,0,0.05074514721280876
715,0.0,0.92,0.1076115485564304,0.3333333333333333,0.47368421052631576,0.12652594351901858,0.12652594351901858,0.0,0.4919786096256684,0.0,0.2017624124761298,0.9456140350877194,0.8881998133366765,0.0,0.9719298245614035,1.0,0.7107438016528926,0.7846380369891341,0.896551724137931,1,1.0,1,1.0,1,0.9843748382216418,1,0.9464441684242888,1,0.8047158974754023,1,0.84,1,0,0.07074418264644455
716,0.1,0.84,0.1076115485564304,0.3333333333333333,0.42105263157894735,0.11520318624608228,0.11520318624608228,0.0,0.4919786096256684,0.25,0.20331950207468874,0.9859649122807017,0.9849997466173415,0.0,0.980701754385965,1.0,0.6771653543307087,0.7297591477535896,0.8,1,0.8,1,1.0,1,0.9973948217845481,1,0.943035368789682,1,0.8050949066333458,1,0.9633333333333334,1,0,0.08185692824318169
717,0.0,0.0,0.1076115485564304,0.3333333333333333,0.21052631578947367,0.11503808357837064,0.11503808357837064,0.0,0.4919786096256684,0.0,0.0,0.9736842105263158,0.9637537735660449,0.0,0.9614035087719298,1.0,0.6880000000000001,0.7513926868044516,0.8648648648648649,1,1.0,1,1.0,1,0.9960861049333848,1,0.9474384567258969,1,0.8117210751973007,1,0.97,1,0,0.045792393857236324
718,0.0,0.0,0.1076115485564304,0.3333333333333333,0.21052631578947367,0.11503808357837064,0.11503808357837064,0.0,0.4919786096256684,0.0,0.0,0.9736842105263158,0.9637537735660449,0.0,0.9614035087719298,1.0,0.6880000000000001,0.7513926868044516,0.8648648648648649,1,1.0,1,1.0,1,0.9973398159572617,1,0.9549065526722315,1,0.8300116919429509,1,0.99,1,0,0.03795698990459251
719,0.2,0.62,0.1076115485564304,0.3333333333333333,0.2631578947368421,0.11414699616559298,0.11414699616559298,0.0,0.4919786096256684,0.0,0.18191122170492857,0.9859649122807017,0.8860343347879445,0.0,0.9912280701754386,1.0,0.7222222222222222,0.7631642512077293,0.8347826086956521,1,1.0,1,1.0,1,0.997273007690412,1,0.9586898502007868,1,0.8095097860470726,1,0.955,1,0,0.046587892676954734
720,0.0,0.0,0.1076115485564304,0.3333333333333333,0.21052631578947367,0.11501016669735808,0.11501016669735808,0.0,0.4919786096256684,0.0,0.0,0.9666666666666667,0.9510806508189201,0.0,0.9631578947368421,1.0,0.6880000000000001,0.7573986928104576,0.8888888888888888,1,1.0,1,1.0,1,0.9946166524026225,1,0.9476838664651487,1,0.825065433259389,1,0.99,1,0,0.04043900797880662
721,0.0,0.0,0.1076115485564304,0.3333333333333333,0.21052631578947367,0.11360326220670847,0.11360326220670847,0.0,0.4919786096256684,0.0,0.147117296222664,0.9631578947368421,0.9537873042044518,0.0,0.9666666666666667,1.0,0.6880000000000001,0.7407717717717718,0.8648648648648649,1,1.0,1,1.0,1,0.9991515067410187,1,0.9555590216410506,1,0.8071136044880843,1,1.0,1,0,0.03969597785497436
722,0.0,0.0,0.1076115485564304,0.3333333333333333,0.21052631578947367,0.11499003553365528,0.11499003553365528,0.0,0.4919786096256684,0.0,0.1335740072202165,0.9596491228070175,0.9466794829360743,0.0,0.9631578947368421,1.0,0.6880000000000001,0.7615915649278581,0.9056603773584907,1,1.0,1,1.0,1,0.9961114564116067,1,0.9518989405582615,1,0.810691264836007,1,0.96,1,0,0.04688305636568746
723,0.0,0.0,0.1076115485564304,0.3333333333333333,0.21052631578947367,0.11366355831564645,0.11366355831564645,0.0,0.4919786096256684,0.0,0.0,0.9771929824561404,0.9674847788990246,0.0,0.9771929824561404,1.0,0.6771653543307087,0.7225280632293845,0.8135593220338984,1,1.0,1,1.0,1,0.9983539068768056,1,0.956017519156871,1,0.8118721581687006,1,1.0,1,0,0.03895940263293707
724,0.1,0.7,0.1076115485564304,0.3333333333333333,0.47368421052631576,0.1154914655212339,0.1154914655212339,0.0,0.4919786096256684,1.0,0.0,0.9929824561403509,1.0,0.0056179775280898875,1.0,1.0,0.6666666666666666,0.7165098039215685,0.7679999999999999,1,1.0,1,0.9230769230769231,1,0.9964838275839073,1,0.9397639293978796,1,0.8153624301155394,1,0.9306567668377297,1,0,0.06577602049800346
725,0.1,0.7,0.1076115485564304,0.3333333333333333,0.47368421052631576,0.1154914655212339,0.1154914655212339,0.0,0.4919786096256684,1.0,0.0,0.9947368421052631,1.0,0.0056179775280898875,0.9771929824561404,1.0,0.6666666666666666,0.7165098039215685,0.7679999999999999,1,1.0,1,0.9090909090909091,1,0.9970773301687703,1,0.9439673207310934,1,0.8043026357381131,1,0.9020269314019312,1,0,0.07392247881153047
726,0.1,0.62,0.1076115485564304,0.3333333333333333,0.2631578947368421,0.11305855598568615,0.11305855598568615,0.0,0.4919786096256684,0.5,0.5363123894169444,0.9982456140350877,0.9725863109139031,0.0056179775280898875,0.9929824561403509,1.0,0.6842105263157894,0.7823971693940734,1.0,1,0.8,0,0.0,1,0.9990486266040595,1,0.9597506371458019,1,0.8205603735029492,1,0.54,1,1,0.3134400604578649
727,0.1,0.7,0.1076115485564304,0.3333333333333333,0.47368421052631576,0.1154914655212339,0.1154914655212339,0.0,0.4919786096256684,1.0,0.0,0.9929824561403509,1.0,0.0,1.0,1.0,0.6666666666666666,0.7165098039215685,0.7679999999999999,1,1.0,1,0.9230769230769231,1,0.9964838275839073,1,0.9397639293978796,1,0.8153624301155394,1,0.9306567668377297,1,0,0.06577602049800346
728,0.1,0.7,0.1076115485564304,0.3333333333333333,0.47368421052631576,0.1154914655212339,0.1154914655212339,0.0,0.4919786096256684,1.0,0.0,0.9929824561403509,1.0,0.0,1.0,1.0,0.6666666666666666,0.7165098039215685,0.7679999999999999,1,1.0,1,1.0,1,0.9940169047352804,1,0.9416461132569942,1,0.8246124845879759,1,1.0,1,0,0.03995408290329161
729,0.0,0.0,0.1076115485564304,0.3333333333333333,0.21052631578947367,0.11358827251491765,0.11358827251491765,0.0,0.4919786096256684,0.0,0.06026058631921816,0.9543859649122807,0.936837472605295,0.0,0.9631578947368421,1.0,0.6880000000000001,0.7488546209761162,0.8971962616822429,1,1.0,1,1.0,1,0.9988206771157602,1,0.9554143956813993,1,0.8189654135236816,1,1.0,1,0,0.037799918946526456
730,0.0,0.0,0.1076115485564304,0.3333333333333333,0.21052631578947367,0.11515183950082475,0.11515183950082475,0.0,0.4919786096256684,0.0,0.15481832543443919,0.9649122807017544,0.9570515143165235,0.0,0.9614035087719298,1.0,0.6771653543307087,0.7421485282845631,0.8495575221238937,1,1.0,1,1.0,1,0.995974861299543,1,0.9512526875410761,1,0.8109344121982526,1,0.9533333333333333,1,0,0.04808411760463249
731,0.0,0.7,0.1076115485564304,0.3333333333333333,0.3157894736842105,0.13379612944324792,0.13379612944324792,0.0,0.4919786096256684,0.0,0.16972477064220182,0.9754385964912281,0.8997669063528614,0.0,0.9736842105263158,1.0,0.6880000000000001,0.7767407407407407,0.9629629629629631,1,1.0,1,1.0,1,0.9605773411972792,1,0.9529873303805155,1,0.811757542611318,1,1.0,1,0,0.045779630968481144
732,1.0,0.7,0.8923884514435696,0.3333333333333333,0.42105263157894735,0.8862211426788186,0.8862211426788186,0.687719298245614,0.8413547237076648,0.0,0.9999999999998328,0.9943820224719101,1.0,0.03684210526315789,1.0,1.0,0.6666666666666666,0.709010840108401,0.7804878048780488,0,0.0,0,0.0,0,0.0013382383095815941,0,0.03774434171238508,0,0.16855696505335838,0,0.0,2,6,0.9653934091541125
733,0.1,0.7,0.1076115485564304,0.3333333333333333,0.42105263157894735,0.11377885732118143,0.11377885732118143,0.0,0.4919786096256684,1.0,0.0,0.9894736842105263,1.0,0.0,0.9929824561403509,1.0,0.6666666666666666,0.709010840108401,0.7804878048780488,1,1.0,1,0.9285714285714286,1,0.9985252407376449,1,0.9511806483587619,1,0.8166959262247386,1,0.9276058269559815,1,0,0.06290348819190728
734,0.1,0.7,0.1076115485564304,0.3333333333333333,0.42105263157894735,0.11377885732118143,0.11377885732118143,0.0,0.4919786096256684,1.0,0.0,0.9894736842105263,1.0,0.0,0.9929824561403509,1.0,0.6666666666666666,0.709010840108401,0.7804878048780488,1,1.0,1,1.0,1,0.998661761690419,1,0.962255658287615,1,0.8314430349466418,1,1.0,1,0,0.03460659084588735
735,0.1,0.7,0.1076115485564304,0.3333333333333333,0.42105263157894735,0.11377885732118143,0.11377885732118143,0.0,0.4919786096256684,1.0,0.0,0.9894736842105263,1.0,0.0,0.9964912280701754,1.0,0.6666666666666666,0.709010840108401,0.7804878048780488,1,1.0,1,0.9230769230769231,1,0.99821926219909,1,0.9569879632457221,1,0.8114030628600621,1,0.9273988597401907,1,0,0.06381898814633535
736,0.1,0.7,0.1076115485564304,0.3333333333333333,0.42105263157894735,0.11377885732118143,0.11377885732118143,0.0,0.4919786096256684,1.0,0.0,0.9912280701754386,1.0,0.0,0.9736842105263158,1.0,0.6666666666666666,0.709010840108401,0.7804878048780488,1,1.0,1,0.9285714285714286,1,0.9985252407376449,1,0.9511806483587619,1,0.8166959262247386,1,0.9276058269559815,1,0,0.06290348819190728
737,0.1,0.7,0.1076115485564304,0.3333333333333333,0.42105263157894735,0.11377885732118143,0.11377885732118143,0.0,0.4919786096256684,1.0,0.0,0.9894736842105263,1.0,0.0,0.9929824561403509,1.0,0.6666666666666666,0.709010840108401,0.7804878048780488,1,1.0,1,0.9230769230769231,1,0.9975882274674345,1,0.9534320741660144,1,0.8256591524525654,1,0.9055782598034915,1,0,0.06577756050559513
738,0.1,0.7,0.1076115485564304,0.3333333333333333,0.42105263157894735,0.11377885732118143,0.11377885732118143,0.0,0.4919786096256684,1.0,0.0,0.9912280701754386,1.0,0.0,0.9719298245614035,1.0,0.6666666666666666,0.709010840108401,0.7804878048780488,1,1.0,1,1.0,1,0.998661761690419,1,0.962255658287615,1,0.8314430349466418,1,1.0,1,0,0.03460659084588735
739,0.1,0.0,0.1076115485564304,0.3333333333333333,0.21052631578947367,0.11354284894761535,0.11354284894761535,0.0,0.4919786096256684,0.0,0.08467214645992893,0.987719298245614,0.9529943638325938,0.0,0.9736842105263158,1.0,0.6991869918699187,0.7750470106741885,0.979591836734694,1,0.8,1,1.0,1,0.9988428875527573,1,0.962275071412495,1,0.8204027430767041,1,0.98,1,0,0.07307988299300716
740,0.1,0.7,0.1076115485564304,0.3333333333333333,0.42105263157894735,0.11377885732118143,0.11377885732118143,0.0,0.4919786096256684,1.0,0.0,0.9894736842105263,1.0,0.0,0.9964912280701754,1.0,0.6666666666666666,0.709010840108401,0.7804878048780488,1,1.0,1,0.9230769230769231,1,0.99821926219909,1,0.9569879632457221,1,0.8114030628600621,1,0.9273988597401907,1,0,0.06381898814633535
741,0.1,0.62,0.1076115485564304,0.3333333333333333,0.2631578947368421,0.11361810665286098,0.11361810665286098,0.0,0.4919786096256684,0.5,0.4578327548871288,0.9964912280701754,0.9446771801313678,0.0,0.9894736842105263,1.0,0.7164179104477613,0.7271814006888635,0.7350427350427351,1,0.8,1,1.0,1,0.9990861919725929,1,0.9830818323665914,1,0.8370210021980473,1,0.62,1,0,0.12680182891046143
742,0.1,0.0,0.1076115485564304,0.3333333333333333,0.21052631578947367,0.12353516974131018,0.12353516974131018,0.0,0.4919786096256684,0.0,0.2512384821163183,0.9859649122807017,0.9126198156948443,0.0,0.9842105263157894,1.0,0.6880000000000001,0.7499561128526646,0.896551724137931,1,1.0,1,1.0,1,0.9885044241002257,1,0.9682133813488103,1,0.8141209254244459,1,0.96,1,0,0.044860211521086324
743,0.0,0.0,0.1076115485564304,0.3333333333333333,0.21052631578947367,0.11362980062750239,0.11362980062750239,0.0,0.4919786096256684,0.0,0.2510133993919603,0.9614035087719298,0.9417203311867526,0.0,0.9719298245614035,1.0,0.6771653543307087,0.7413604549431321,0.8888888888888888,1,1.0,1,1.0,1,0.9988999342653707,1,0.9703051673025122,1,0.8341275325592135,1,0.95,1,0,0.04111122764548403
744,0.0,0.0,0.1076115485564304,0.3333333333333333,0.21052631578947367,0.11493409707581559,0.11493409707581559,0.0,0.4919786096256684,0.0,0.26950435326921973,0.9438596491228071,0.9096948322679586,0.0,0.9754385964912281,1.0,0.6771653543307087,0.7746571069372632,0.979591836734694,1,1.0,1,1.0,1,0.9960877201449,1,0.9653088632429975,1,0.8136582186820641,1,0.99,1,0,0.03915753298833968
745,0.0,0.0,0.1076115485564304,0.3333333333333333,0.21052631578947367,0.11346912221859395,0.11346912221859395,0.0,0.4919786096256684,0.0,0.15668792205105042,0.9491228070175438,0.8895532168583282,0.0,0.980701754385965,1.0,0.6880000000000001,0.7467777777777778,0.8888888888888888,1,1.0,1,1.0,1,0.998480674712461,1,0.9733316640807459,1,0.8199019717265582,1,1.0,1,0,0.034714281580039086
746,0.0,0.0,0.1076115485564304,0.3333333333333333,0.21052631578947367,0.11266322086020586,0.11266322086020586,0.0,0.4919786096256684,0.0,0.05882352941176472,0.9508771929824561,0.8665767033794295,0.0,0.9912280701754386,0.75,0.1015625,0.583023023753894,0.8971962616822429,1,0.8,1,1.0,1,0.9999999515707992,1,0.9933797469069869,1,0.8134656439731903,1,0.9991666666666668,1,0,0.06566466514705949
747,0.0,0.0,0.1076115485564304,0.3333333333333333,0.21052631578947367,0.11266319931611046,0.11266319931611046,0.0,0.4919786096256684,0.0,0.04463209331483042,0.9403508771929825,0.6552788786853552,0.0,0.9982456140350877,0.75,0.11659192825112108,0.5658711459045882,0.8135593220338982,1,1.0,1,1.0,1,1.0,1,0.999926226897483,1,0.8281156277023767,1,0.99,1,0,0.03032635756669
