,feature_kDN,feature_DS,feature_DCP,feature_TD_P,feature_TD_U,feature_CL,feature_CLD,feature_MV,feature_CB,feature_N1,feature_N2,feature_LSC,feature_LSR,feature_Harmfulness,feature_Usefulness,feature_F1,feature_F2,feature_F3,feature_F4,algo_knn,proba_knn,algo_tree,proba_tree,algo_nb,proba_nb,algo_logreg,proba_logreg,algo_svm_rbf,proba_svm_rbf,algo_rf,proba_rf,class,n_wrong,ih
0,0.4,0.5925925925925926,0.5,,0.5818181818181818,0.49392313340687277,0.49392313340687277,0.0,0.6666666666666666,0.5,0.5357768692514954,0.9983498349834984,0.9999806918459495,0.0049504950495049506,0.995049504950495,1.0,0.6667894429524834,0.6668131406973135,0.6668334057366696,0,0.4,1,1.0,1,0.9967162170097623,1,0.5066407043872996,1,0.5,1,0.5,0,1,0.34944051310048974
1,0.4,0.6296296296296297,0.5,,0.9454545454545454,0.5060775097953522,0.5060775097953522,0.0,0.6666666666666666,0.6,0.5404951258860999,0.9983498349834984,0.9999991008486698,0.0033003300330033004,0.9966996699669967,1.0,0.6666693158303091,0.6666701364166582,0.6666711118810904,1,0.6,1,1.0,1,0.99837534967284,0,0.49667268722991204,0,0.5133725103308221,1,0.87,1,2,0.25359657546107106
2,0.3,0.2962962962962963,0.5,,0.18181818181818182,0.48853510604450323,0.48853510604450323,0.0,0.6666666666666666,0.0,0.4746870382412539,0.995049504950495,0.9423001969824145,0.0016501650165016502,0.995049504950495,1.0,0.7387992321455039,0.8625748447903302,0.9542502855856916,0,0.4,1,1.0,0,4.5860687706927317e-48,1,0.9889092064288274,1,0.4916723853184321,1,0.61,1,2,0.4182364013754568
3,0.6,0.6666666666666667,0.5,,0.2,0.5114648938012764,0.5114648938012764,0.0,0.6666666666666666,0.0,0.4762597840138185,0.9966996699669967,0.947546955264056,0.0,1.0,1.0,0.7849207339003711,0.8942590201688196,0.9739293703557727,0,0.2,1,1.0,0,1.134807280348503e-16,1,0.9415093567119792,0,0.4659200070453726,0,0.47,0,4,0.4870951060404414
4,0.5,0.7037037037037037,0.5,,0.9636363636363636,0.4939225579445725,0.4939225579445725,0.0,0.6666666666666666,0.0,0.47706721778132954,0.9966996699669967,0.9999969975082172,0.0,1.0,1.0,0.6666776776074127,0.6666848296551179,0.6666884036758634,0,0.2,0,0.0,1,0.9994195045947996,1,0.5070870583091223,1,0.4947178867723017,0,0.41,0,3,0.5647959250539627
5,0.4,0.4444444444444444,0.5,,0.9454545454545454,0.49392251857115665,0.49392251857115665,0.0,0.6666666666666666,0.25,0.558061610564478,0.9983498349834984,0.9999988219750647,0.0033003300330033004,0.9933993399339934,1.0,0.666674487189536,0.6666764488818012,0.6666778181416159,0,0.4,0,0.0,1,0.9994196214488867,1,0.5070487903778178,1,0.4947172775575581,1,0.71,0,2,0.48146905176928956
6,0.5,0.5925925925925926,0.5,,0.6727272727272727,0.49392286629837046,0.49392286629837046,0.0,0.6666666666666666,0.0,0.4364396370550374,0.995049504950495,0.999982654989306,0.0,1.0,1.0,0.6667114593442232,0.6667544570579759,0.6667700255486189,0,0.4,0,0.0,1,0.9987328843039371,1,0.5121822612975154,1,0.5213835231353326,1,0.55,0,2,0.5029502218772024
7,0.6,1.0,0.5,,0.10909090909090909,0.4939548478873844,0.4939548478873844,0.0,0.6666666666666666,1.0,0.5117702259145418,0.9983498349834984,0.9990848162733882,0.0,1.0,1.0,0.6709490081026803,0.6725406983845665,0.673293427418715,0,0.2,0,0.0,1,0.9960326269644797,1,0.5173184943444669,1,0.5,0,0.25,0,3,0.5894414797818424
8,0.6,0.8148148148148149,0.5,,0.6363636363636364,0.5060770730056683,0.5060770730056683,0.0,0.6666666666666666,0.3333333333333333,0.46990481704758835,0.995049504950495,0.9999881928553457,0.0033003300330033004,0.9966996699669967,1.0,0.6667573576977175,0.6667675530483628,0.6667827933004986,1,0.6,0,0.0,0,0.001268107842643195,0,0.48826186269335536,0,0.4786546847328029,0,0.49,1,5,0.6569692241218663
9,0.4,0.5925925925925926,0.5,,0.23636363636363636,0.5055180102485658,0.5055180102485658,0.0,0.6666666666666666,0.0,0.47076413619592916,0.995049504950495,0.9933602481609007,0.0,1.0,1.0,0.6928545397494963,0.6990211749555658,0.7161018573948059,1,0.6,1,1.0,0,0.015404678776106049,1,0.6457320320097099,1,0.5477654716484555,1,0.76,1,1,0.405182969594288
10,0.7,0.5925925925925926,0.5,,0.4727272727272727,0.5060741536788884,0.5060741536788884,0.0,0.6666666666666666,1.0,0.5137806013375243,0.9983498349834984,0.999865886989957,0.0,1.0,1.0,0.6672716211811157,0.667397261365047,0.6676008636843388,0,0.2,0,0.0,0,0.001316786997484904,0,0.49032413386906054,0,0.48035622553027363,0,0.35,1,6,0.7463338089338636
11,0.2,0.11111111111111116,0.5,,0.18181818181818182,0.5060296719891291,0.5060296719891291,0.0,0.6666666666666666,0.0,0.44826288431765493,0.9933993399339934,0.9984259020170556,0.0,1.0,1.0,0.6736103087811282,0.6747209968465506,0.6771283647806078,1,0.8,1,1.0,1,0.9991848642882578,1,0.5382762346193869,0,0.5063311146802706,1,0.8,1,1,0.22603463106868082
12,0.6,0.962962962962963,0.5,,0.9818181818181818,0.4939225616772005,0.4939225616772005,0.0,0.6666666666666666,1.0,0.5277992486332785,0.9983498349834984,0.9999977712602253,0.0016501650165016502,1.0,1.0,0.6666810518885228,0.6666862681192718,0.6666898272231295,0,0.2,1,1.0,1,0.9994194986443766,1,0.5070414868382654,1,0.4947180661620133,0,0.35,0,2,0.40813682472589075
13,0.8,0.8148148148148149,0.5,,0.07272727272727272,0.4940014133860494,0.4940014133860494,0.0,0.6666666666666666,1.0,0.5452721220680086,0.9983498349834984,0.9982833440997233,0.0033003300330033004,1.0,1.0,0.6746569488480293,0.6781892703319065,0.6800937707774869,0,0.2,0,0.0,1,0.9972926325352711,1,0.5480679527040753,1,0.49221766791992067,0,0.26,0,3,0.5837369578067888
14,0.6,1.0,0.5,,0.2909090909090909,0.4939307631500023,0.4939307631500023,0.0,0.6666666666666666,0.75,0.6041977399008511,0.9983498349834984,0.9998078529996678,0.0049504950495049506,1.0,1.0,0.6681175560345312,0.6684155139849507,0.6685801945004627,0,0.4,0,0.0,0,0.0013720324824730023,1,0.5052701004368155,1,0.48827923041198806,0,0.42,0,4,0.6975131061114539
15,0.8,0.7777777777777778,0.5,,0.2,0.503181658734465,0.503181658734465,0.0,0.6666666666666666,0.0,0.4862319239349657,0.9966996699669967,0.9935514114683264,0.0016501650165016502,1.0,1.0,0.7119778219662736,0.7202965834687188,0.7298229060971997,0,0.4,1,1.0,0,0.025468792475888433,1,0.5813207454675553,0,0.5,0,0.27,1,4,0.5372017436760927
16,0.5,0.7777777777777778,0.5,,0.6545454545454545,0.49392301267582706,0.49392301267582706,0.0,0.6666666666666666,0.0,0.49288626825839177,0.9966996699669967,0.9999783394511701,0.0,1.0,1.0,0.6667479909662823,0.6667881223753439,0.666810430169831,0,0.2,0,0.0,1,0.9994181974530169,1,0.5066895776309626,1,0.49472620669711476,0,0.27,0,3,0.5881943363698177
17,0.4,0.6296296296296297,0.5,,0.9818181818181818,0.5060775215745855,0.5060775215745855,0.0,0.6666666666666666,0.0,0.41006085337600895,0.995049504950495,0.9999990720903837,0.0,1.0,1.0,0.666666875203832,0.666667590214223,0.6666693017026052,1,0.6,1,1.0,0,0.0012606931104202602,0,0.48801424693927953,0,0.47838356991774217,1,0.61,1,3,0.47039024833875964
18,0.5,0.5555555555555556,0.5,,0.9636363636363636,0.5060774566959191,0.5060774566959191,0.0,0.6666666666666666,1.0,0.5088422219864019,0.9983498349834984,0.999996132699394,0.0,1.0,1.0,0.66667841472087,0.6666821479026942,0.6666899284391321,0,0.4,0,0.0,0,0.0005804443320021919,0,0.4930516976534789,0,0.5052821957558283,1,0.55,1,5,0.6751809437097818
19,0.4,0.2962962962962963,0.5,,0.18181818181818182,0.48853510604450323,0.48853510604450323,0.0,0.6666666666666666,0.0,0.38899606303024004,0.9966996699669967,0.9449111387213548,0.0,0.995049504950495,1.0,0.8058140550106275,0.8858249514595148,0.9426429594171327,1,0.6,1,1.0,1,1.0,1,0.8040296938642503,1,0.5663676452514683,1,0.76,1,0,0.2116004434807136
20,0.7,0.8148148148148149,0.5,,0.9818181818181818,0.5060774844564022,0.5060774844564022,0.0,0.6666666666666666,0.0,0.4590407875185002,0.9966996699669967,0.9999984188219952,0.0,0.9983498349834984,1.0,0.6666742294290819,0.6666758595620934,0.6666785119821901,0,0.4,1,1.0,0,2.211008528454028e-05,0,0.4900763615951643,0,0.48656002017347444,1,0.54,1,4,0.5138902513576795
21,0.5,0.7037037037037037,0.5,,0.10909090909090909,0.5060542188674482,0.5060542188674482,0.0,0.6666666666666666,0.6666666666666666,0.4870631887644159,0.9966996699669967,0.9995371316538398,0.0049504950495049506,0.9966996699669967,1.0,0.6706798827424553,0.6711513900607025,0.6718062059187944,1,0.6,1,1.0,0,2.4319769487903587e-05,0,0.49169287555937374,0,0.4869938112483397,0,0.32,1,4,0.5168814989037998
22,0.6,0.8888888888888888,0.5,,0.509090909090909,0.49392415394489064,0.49392415394489064,0.0,0.6666666666666666,0.5,0.5082945409935229,0.9983498349834984,0.9999495127463471,0.0,0.9983498349834984,1.0,0.6669252487546319,0.6670385250104044,0.6671003353497408,0,0.4,0,0.0,1,0.9994147994423503,1,0.5075838205711634,1,0.4947438904726086,0,0.46,0,3,0.5230429149189797
23,0.4,0.40740740740740744,0.5,,0.18181818181818182,0.4942266287982857,0.4942266287982857,0.0,0.6666666666666666,0.0,0.3836697934188861,0.9933993399339934,0.9958586991519319,0.0,0.995049504950495,1.0,0.6860463078927505,0.6919682199394711,0.694411005496835,1,0.6,0,0.0,1,0.9901275851396435,1,0.5256042812866722,1,0.5,1,0.77,0,1,0.435711355595614
24,0.7,0.7777777777777778,0.5,,0.09090909090909091,0.511461620727913,0.511461620727913,0.0,0.6666666666666666,0.3333333333333333,0.43366747029692754,0.995049504950495,0.9732145824624382,0.0016501650165016502,0.9983498349834984,1.0,0.7666248374809009,0.815421012277913,0.8435835820080458,0,0.4,1,1.0,0,0.00035434834014979786,1,0.7757689204754935,0,0.4885166706542111,0,0.44,0,4,0.4825600100883577
25,0.5,0.7407407407407407,0.5,,0.23636363636363636,0.4949604431138287,0.4949604431138287,0.0,0.6666666666666666,0.0,0.4690192739411847,0.9966996699669967,0.9913047758190613,0.0,1.0,1.0,0.6897624929994638,0.7070814995699883,0.7164841233252666,1,0.6,0,0.0,1,0.9673082914065746,1,0.6049533410809985,0,0.44581812285700156,1,0.53,0,2,0.4753200407759043
26,0.5,0.6666666666666667,0.5,,0.2,0.5114648929846557,0.5114648929846557,0.0,0.6666666666666666,1.0,0.5523081740465039,0.9983498349834984,0.9719645561621426,0.0049504950495049506,1.0,1.0,0.8378875901455858,0.8828468110945005,0.9206050251176482,0,0.4,0,0.0,0,1.879166777264346e-11,1,0.581413315785791,0,0.5050227423295388,1,0.55,0,4,0.6605939903109797
27,0.8,0.7777777777777778,0.5,,0.6545454545454545,0.4939230515613877,0.4939230515613877,0.0,0.6666666666666666,0.5,0.4774563575526718,0.9966996699669967,0.9999834848195046,0.0016501650165016502,0.995049504950495,1.0,0.6667756738856162,0.6667952067372512,0.666811316316827,0,0.4,0,0.0,0,0.001604469106926927,1,0.5036418731967556,1,0.48674708523203736,1,0.61,0,3,0.6663344287440467
28,0.6,0.6666666666666667,0.5,,0.07272727272727272,0.49394925812499846,0.49394925812499846,0.0,0.6666666666666666,0.0,0.47670716712462546,0.9966996699669967,0.9993408616940715,0.0,0.9966996699669967,1.0,0.6705578974413817,0.6717443645408412,0.6725661641279879,0,0.2,1,1.0,1,0.9993331554200072,0,0.4919588676480955,1,0.5,0,0.41,0,3,0.3997846628219829
29,0.8,0.5925925925925926,0.5,,0.2727272727272727,0.506068296651678,0.506068296651678,0.0,0.6666666666666666,0.0,0.4693688376603622,0.9966996699669967,0.999615292569137,0.0,1.0,1.0,0.668228891126885,0.6686523856439881,0.6697094479651483,0,0.2,0,0.0,0,0.001415451036343652,0,0.49572221631434416,0,0.48376157299051725,0,0.5,1,6,0.7198501266097992
30,0.3,0.40740740740740744,0.5,,0.14545454545454545,0.4885598577085266,0.4885598577085266,0.0,0.6666666666666666,0.5,0.5063807615378442,0.9983498349834984,0.9870962764263683,0.0,0.9966996699669967,1.0,0.7768672258448258,0.7986228492922036,0.8263463130441148,1,0.6,1,1.0,1,0.9970592669837418,1,0.6435068844700343,1,0.5101186161017682,1,0.78,1,0,0.24488587207407597
31,0.4,0.6296296296296297,0.5,,0.6,0.5060769621557111,0.5060769621557111,0.0,0.6666666666666666,0.0,0.4583115980862845,0.9966996699669967,0.9999766309773422,0.0,1.0,1.0,0.6667726140897772,0.6667917465432864,0.6668468436776933,1,0.6,1,1.0,0,0.0005819073886899426,0,0.4934541012082562,0,0.5052735162124591,1,0.72,1,3,0.4467817458650991
32,0.5,0.5555555555555556,0.5,,0.14545454545454545,0.5059074486978501,0.5059074486978501,0.0,0.6666666666666666,0.75,0.5357019200812023,0.9983498349834984,0.9980904180401168,0.0049504950495049506,0.9966996699669967,1.0,0.6833018183989664,0.6854902277992417,0.6887061639245795,1,0.6,1,1.0,0,4.874065693809051e-05,1,0.5051048095025205,0,0.4873596867475933,1,0.75,1,2,0.44291446051549144
33,0.5,0.8148148148148149,0.5,,0.6363636363636364,0.5060771088366309,0.5060771088366309,0.0,0.6666666666666666,0.0,0.48521600947558385,0.9966996699669967,0.9999820519113871,0.0,1.0,1.0,0.6667452479720469,0.6667624408686528,0.6668133322187264,1,0.6,0,0.0,0,0.0032785351524175486,0,0.4942620106325792,0,0.5,1,0.64,1,4,0.6270765757025005
34,0.8,0.9259259259259259,0.5,,1.0,0.5060775157720953,0.5060775157720953,0.0,0.6666666666666666,0.3333333333333333,0.45980838955704073,0.9966996699669967,0.9999993202187619,0.006600660066006601,0.9966996699669967,1.0,0.6666682291865738,0.6666688341483803,0.6666699505603935,0,0.0,0,0.0,0,2.2107861181166167e-05,0,0.4900400583355896,0,0.4865589549749931,0,0.07,1,6,0.8255631464713726
35,0.5,0.2962962962962963,0.5,,0.18181818181818182,0.48853510604450323,0.48853510604450323,0.0,0.6666666666666666,1.0,0.5377565339971515,0.9983498349834984,0.9528093050165997,0.0016501650165016502,1.0,1.0,0.798068470225794,0.9271872154530902,0.9947266534674929,0,0.4,1,1.0,1,1.0,1,0.9756688790166984,1,0.5681829775590252,0,0.42,1,2,0.27269135723737936
36,0.5,0.8148148148148149,0.5,,0.8545454545454545,0.5060774386079451,0.5060774386079451,0.0,0.6666666666666666,0.4,0.5700496481882251,0.9983498349834984,0.9999983682935625,0.0049504950495049506,0.995049504950495,1.0,0.6666842551323955,0.6666861836558318,0.6666883999416536,0,0.4,1,1.0,0,0.0032716970654183913,0,0.4937600390145915,0,0.5,1,0.56,1,4,0.5071613773199983
37,0.5,0.5555555555555556,0.5,,0.12727272727272726,0.5114648939554968,0.5114648939554968,0.0,0.6666666666666666,0.0,0.4399941977113936,0.995049504950495,0.8921161627551356,0.0,1.0,0.74,0.6168323984757015,0.6958576346497582,0.9440222578271511,1,0.6,0,0.0,0,2.1636695398074774e-122,1,0.8897696568347767,1,0.4770157834499506,1,0.54,0,2,0.5822024266192121
38,0.4,0.40740740740740744,0.5,,0.2545454545454545,0.49393135425432266,0.49393135425432266,0.0,0.6666666666666666,0.6666666666666666,0.4390769548407063,0.9966996699669967,0.9997148054711069,0.0016501650165016502,0.9983498349834984,1.0,0.6680519574676118,0.6685306124720206,0.6687892181065378,0,0.4,1,1.0,1,0.9993927001562138,1,0.5133741618073064,1,0.4948442120170408,1,0.51,0,1,0.34706482100323977
39,0.4,0.6296296296296297,0.5,,0.9818181818181818,0.5060775204576797,0.5060775204576797,0.0,0.6666666666666666,0.0,0.3827587238987481,0.995049504950495,0.9999990713402627,0.0,0.9966996699669967,1.0,0.6666671875058219,0.6666678180347563,0.6666690541446713,1,0.6,0,0.0,0,2.2107534919440906e-05,0,0.49004683107573827,0,0.4865589069491975,1,0.54,1,4,0.6472286924066908
40,0.5,0.2962962962962963,0.5,,0.4727272727272727,0.49392458865523947,0.49392458865523947,0.0,0.6666666666666666,0.0,0.4741563411524,0.995049504950495,0.9999352096907168,0.0,0.9983498349834984,1.0,0.6669919469108573,0.6671256408758773,0.6671987967057467,1,0.6,1,1.0,1,0.9966855115094705,1,0.5082377457964702,1,0.5,1,0.61,0,0,0.2975127904490099
41,0.5,0.6666666666666667,0.5,,0.8363636363636363,0.4939225722014926,0.4939225722014926,0.0,0.6666666666666666,0.2,0.4889067066807563,0.9966996699669967,0.9999970792279829,0.0016501650165016502,0.9933993399339934,1.0,0.6666853030413071,0.6666883297745666,0.6666904858823858,0,0.2,1,1.0,1,0.999419464550938,1,0.5070710883489036,1,0.4947181569314388,0,0.45,0,2,0.39146521502811993
42,0.6,0.7407407407407407,0.5,,0.7636363636363637,0.5060773067671106,0.5060773067671106,0.0,0.6666666666666666,1.0,0.5727730992813438,0.9983498349834984,0.9999927327189692,0.0,1.0,1.0,0.6667068920888619,0.6667155926776377,0.6667371547615007,0,0.2,0,0.0,0,0.0012642211197302787,0,0.4880315311224031,0,0.4785126381377463,0,0.34,1,6,0.7486986016033534
43,0.7,0.5925925925925926,0.5,,0.23636363636363636,0.5057106900212253,0.5057106900212253,0.0,0.6666666666666666,0.5,0.6131590381975152,0.9983498349834984,0.9975375853832853,0.0049504950495049506,0.9983498349834984,1.0,0.6902188254724986,0.6941574247269904,0.6996643496367947,1,0.6,0,0.0,1,0.999626169879848,1,0.525490461495099,0,0.5,0,0.32,1,3,0.5091472281041756
44,0.4,0.40740740740740744,0.5,,0.2545454545454545,0.49393027190236527,0.49393027190236527,0.0,0.6666666666666666,1.0,0.5240447886868527,0.9983498349834984,0.9997847342796028,0.0,1.0,1.0,0.6678720563758517,0.6683169816315452,0.6686094976602636,1,0.6,1,1.0,1,0.9986093947440731,1,0.5151669585571124,1,0.5171939663564726,1,0.59,0,0,0.29650494672372363
45,0.2,0.40740740740740744,0.5,,0.14545454545454545,0.48895088540974163,0.48895088540974163,0.0,0.6666666666666666,0.25,0.3868228091420204,0.9917491749174917,0.9858588724405486,0.0016501650165016502,0.9917491749174917,1.0,0.7625354995485762,0.7741666155807849,0.792566094519775,1,0.6,1,1.0,1,0.9443294587102735,1,0.5989779129409154,1,0.5,1,0.72,1,0,0.2727821047248019
46,0.5,0.0,0.5,,0.5454545454545454,0.4939236983018058,0.4939236983018058,0.0,0.6666666666666666,0.5,0.4988483407318305,0.9966996699669967,0.9999665889092081,0.0049504950495049506,0.9966996699669967,1.0,0.6668696145054647,0.6669387845835777,0.6669736967300639,0,0.2,1,1.0,1,0.9967042921887229,1,0.5063986632906106,1,0.5,1,0.55,0,1,0.3744828407534445
47,0.5,0.6666666666666667,0.5,,0.9818181818181818,0.4939224758574521,0.4939224758574521,0.0,0.6666666666666666,1.0,0.5089462712660396,0.9983498349834984,0.9999993109698847,0.0016501650165016502,1.0,0.82,0.6666648029936056,0.6666668556656254,0.666667619416129,1,0.6,1,1.0,1,0.9987393518633912,1,0.5119916793496044,1,0.5216185263667482,1,0.52,0,0,0.30794174040337596
48,0.4,0.5555555555555556,0.5,,0.9818181818181818,0.4939225045323131,0.4939225045323131,0.0,0.6666666666666666,1.0,0.5073683973337364,0.9983498349834984,0.9999982585787254,0.0,1.0,1.0,0.6666704036323307,0.6666732835860836,0.6666749499524192,1,0.6,1,1.0,1,0.9987388817359669,1,0.5120211264024139,1,0.521601271527826,1,0.61,0,0,0.2929397867222989
49,0.5,0.7407407407407407,0.5,,0.10909090909090909,0.4939746310046662,0.4939746310046662,0.0,0.6666666666666666,1.0,0.5009265202610285,0.9983498349834984,0.9984737113691801,0.0,1.0,1.0,0.6715759732742315,0.6753089973196,0.6769261619074215,0,0.4,0,0.0,1,0.9978104839343125,1,0.5491261856685403,1,0.5,0,0.48,0,3,0.512177221732858
50,0.6,0.7407407407407407,0.5,,0.23636363636363636,0.49520178171484375,0.49520178171484375,0.0,0.6666666666666666,0.25,0.6134087742011798,0.9983498349834984,0.9963770788584909,0.013201320132013201,0.995049504950495,1.0,0.7022378157627684,0.7098457067179291,0.7160168056616609,0,0.2,0,0.0,1,0.9994783816472654,1,0.5977686482685337,1,0.511190389852957,0,0.24,0,3,0.5752604300385407
51,0.5,0.7037037037037037,0.5,,0.9454545454545454,0.5060775020211434,0.5060775020211434,0.0,0.6666666666666666,1.0,0.5364011997940428,0.9983498349834984,0.9999992832195386,0.0049504950495049506,1.0,1.0,0.6666710636960947,0.6666718944074345,0.6666729686014121,0,0.4,0,0.0,0,2.210884480556003e-05,0,0.4900390184156002,0,0.4865592813025674,1,0.58,1,5,0.6738965985728378
52,0.5,0.5555555555555556,0.5,,0.9636363636363636,0.5060774522998666,0.5060774522998666,0.0,0.6666666666666666,1.0,0.5231629804499605,0.9983498349834984,0.9999969059064222,0.0,1.0,1.0,0.6666797234627361,0.6666828318423238,0.6666877538079993,0,0.2,0,0.0,1,0.9983774212132485,0,0.49675785614609924,0,0.5133599788579526,0,0.39,1,5,0.5669174572971165
53,0.5,0.11111111111111116,0.5,,0.18181818181818182,0.5060261523142782,0.5060261523142782,0.0,0.6666666666666666,0.0,0.4333268170305786,0.995049504950495,0.9980197093553739,0.0,1.0,1.0,0.6734970267767721,0.675185166212705,0.6795396556036989,1,0.6,1,1.0,0,0.002176042566335941,1,0.5603430903616595,0,0.5,1,0.7,1,2,0.4395801445120008
54,0.3,0.37037037037037035,0.5,,0.10909090909090909,0.5047700783838099,0.5047700783838099,0.0,0.6666666666666666,0.0,0.44238615811824633,0.9900990099009901,0.9844459768369287,0.0,0.9983498349834984,1.0,0.7223347531334032,0.7435460229063522,0.757431612683058,1,0.8,1,1.0,1,0.9005407428450838,1,0.6400651754452893,1,0.4878369119393197,1,0.64,0,0,0.2552595282950513
55,0.5,0.6296296296296297,0.5,,0.09090909090909091,0.4986814591443566,0.4986814591443566,0.0,0.6666666666666666,0.5,0.5533406329157549,0.9983498349834984,0.993171139127176,0.0033003300330033004,0.9966996699669967,1.0,0.7245385219553886,0.7349376550755367,0.7444812193820778,1,0.6,1,1.0,1,0.9978753923885075,1,0.5735790261135447,0,0.5,1,0.83,1,1,0.2497575969163246
56,0.3,0.5555555555555556,0.5,,0.4909090909090909,0.5060764403660221,0.5060764403660221,0.0,0.6666666666666666,0.0,0.43049412714081203,0.9966996699669967,0.9999728603201451,0.0,0.995049504950495,1.0,0.6668805474864528,0.6669091263208651,0.6669544545553124,1,0.8,1,1.0,0,2.218419411076085e-05,0,0.4907047047278263,0,0.486592309653632,1,0.73,1,3,0.4154468002374051
57,0.4,0.5185185185185186,0.5,,0.32727272727272727,0.5060724986071032,0.5060724986071032,0.0,0.6666666666666666,0.6666666666666666,0.5266194476395272,0.9983498349834984,0.999865754956776,0.0016501650165016502,0.9983498349834984,1.0,0.6676480668359935,0.6677461793289794,0.6679334675160495,0,0.4,1,1.0,0,0.0033765411095011463,0,0.4960302133305221,0,0.5,0,0.46,1,5,0.5234322075933295
58,0.4,0.5925925925925926,0.5,,0.38181818181818183,0.49392662430074896,0.49392662430074896,0.0,0.6666666666666666,1.0,0.5142196355499169,0.9983498349834984,0.9998250824385193,0.0,1.0,1.0,0.6671669748492182,0.6675690913426786,0.6677191018605675,0,0.4,0,0.0,1,0.9966419725566136,1,0.50565865656572,1,0.5,0,0.45,0,3,0.5246165618129444
59,0.3,0.11111111111111116,0.5,,0.07272727272727272,0.5060108662246224,0.5060108662246224,0.0,0.6666666666666666,0.0,0.4600634365783771,0.9917491749174917,0.998047043523861,0.0,0.9983498349834984,1.0,0.6755367347335519,0.6770886084285149,0.6806691233981251,1,1.0,1,1.0,0,0.0024683698206339017,1,0.5176711646237611,0,0.5055071248728191,1,0.82,1,2,0.35905889011379766
60,0.7,0.7777777777777778,0.5,,0.09090909090909091,0.5114554668486929,0.5114554668486929,0.0,0.6666666666666666,1.0,0.5283987309785003,0.9983498349834984,0.9747178685901595,0.0,1.0,1.0,0.7366497680457049,0.8045264693118616,0.8415801878730428,0,0.0,1,1.0,1,0.9807024109847252,0,0.2539588709094771,0,0.5248939960000097,0,0.48,0,4,0.46007412035096473
61,0.7,0.6296296296296297,0.5,,0.6181818181818182,0.5060770581485046,0.5060770581485046,0.0,0.6666666666666666,0.5,0.5108697791951826,0.9983498349834984,0.9999899788440361,0.0016501650165016502,0.9983498349834984,1.0,0.6667578478481879,0.666770223933454,0.6667936593845056,0,0.4,1,1.0,1,0.9983915295846035,0,0.49680563016239215,0,0.513275397738066,0,0.48,1,4,0.3519212404191564
62,0.3,0.5555555555555556,0.5,,0.9636363636363636,0.49392248479104717,0.49392248479104717,0.0,0.6666666666666666,0.0,0.4815973453926031,0.9966996699669967,0.9999991564351081,0.0,1.0,1.0,0.6666669105508218,0.6666689156645306,0.6666697940054683,1,0.6,0,0.0,1,0.9994197196833535,1,0.507044769557524,1,0.49471671080341856,0,0.49,0,2,0.4848031333259506
63,0.7,0.7407407407407407,0.5,,0.16363636363636364,0.5060616137076104,0.5060616137076104,0.0,0.6666666666666666,0.0,0.4025927594637684,0.9966996699669967,0.9995312035739059,0.0,0.9983498349834984,1.0,0.6693758181633557,0.66986676690007,0.6706539007117043,0,0.2,1,1.0,0,0.0006299043974943831,1,0.5032659407207524,0,0.5050523641857043,0,0.46,1,4,0.5551752984493414
64,0.2,0.2962962962962963,0.5,,0.4727272727272727,0.49392493623558664,0.49392493623558664,0.0,0.6666666666666666,0.0,0.472863905146511,0.9933993399339934,0.9998925438693819,0.0,1.0,1.0,0.6669319135006121,0.6672065860757944,0.6673163826399345,1,0.8,1,1.0,1,0.9999777104982375,1,0.5117380226664706,1,0.5133879657288837,1,0.86,0,0,0.21914938351773472
65,0.6,0.9259259259259259,0.5,,0.23636363636363636,0.5037883337800086,0.5037883337800086,0.0,0.6666666666666666,1.0,0.5223499757289243,0.9983498349834984,0.9926661559876421,0.0,0.9983498349834984,1.0,0.7092408699309546,0.7170047721647935,0.7317174422238776,0,0.4,0,0.0,1,0.9994008290608463,1,0.5071550725937012,0,0.5,0,0.47,1,4,0.5205740163909087
66,0.4,0.40740740740740744,0.5,,0.2545454545454545,0.4939292807073511,0.4939292807073511,0.0,0.6666666666666666,0.0,0.4916715417372052,0.995049504950495,0.9997091062078232,0.0,0.9983498349834984,1.0,0.6674602532892651,0.6680697874370185,0.6683208325476513,0,0.4,1,1.0,0,0.0014155257677111702,1,0.507354822916211,1,0.487944301754639,1,0.63,0,2,0.4955475582602399
67,0.4,0.4814814814814815,0.5,,0.18181818181818182,0.48853510604450323,0.48853510604450323,0.0,0.6666666666666666,0.0,0.4987756428352894,0.9966996699669967,0.924624889860928,0.0,1.0,1.0,0.877654142968492,0.9685293519379123,0.9993508856055492,1,0.6,1,1.0,1,1.0,1,0.9607197049100542,1,0.5106786300481212,0,0.48,1,1,0.241433610840304
68,0.5,0.6666666666666667,0.5,,0.8363636363636363,0.49392256025444503,0.49392256025444503,0.0,0.6666666666666666,0.0,0.48141154499567873,0.9966996699669967,0.9999973943298782,0.0,1.0,1.0,0.6666822414953213,0.6666857589464715,0.6666889699896374,1,0.6,1,1.0,1,0.996728337613302,1,0.5063222045436113,1,0.5,1,0.56,0,0,0.30615824297384775
69,0.5,0.7407407407407407,0.5,,0.7636363636363637,0.5060773273926343,0.5060773273926343,0.0,0.6666666666666666,0.0,0.49122710493152366,0.9966996699669967,0.9999917875285743,0.0,0.9983498349834984,1.0,0.6667019401143717,0.6667109287712881,0.6667330716777056,1,0.6,1,1.0,1,0.9983819172783478,0,0.496974654981605,0,0.5133323214807932,1,0.56,1,2,0.3052185177098755
70,0.2,0.5185185185185186,0.5,,0.45454545454545453,0.5060756058927761,0.5060756058927761,0.0,0.6666666666666666,0.0,0.4226750053419164,0.9900990099009901,0.9999189538392609,0.0,0.9983498349834984,1.0,0.6670227927101121,0.6670900268062618,0.6672234502663991,1,0.8,1,1.0,0,0.0005858621228244708,0,0.4948727247979973,0,0.5052501462688446,1,0.87,1,3,0.3882152111350555
71,0.4,0.5925925925925926,0.5,,0.23636363636363636,0.5055942497163672,0.5055942497163672,0.0,0.6666666666666666,0.0,0.3711502898069966,0.995049504950495,0.9951771612655036,0.0,0.995049504950495,1.0,0.6930540824238037,0.6973591558970043,0.7041775408880839,1,0.8,1,1.0,0,0.00013200554146180308,1,0.5737486066856323,0,0.4883725875056849,1,0.68,1,2,0.40962446671120345
72,0.7,0.6666666666666667,0.5,,0.12727272727272726,0.5113838839523885,0.5113838839523885,0.0,0.6666666666666666,0.0,0.4981576026887381,0.9966996699669967,0.9732934961926295,0.0,1.0,1.0,0.730485677588341,0.790983449911721,0.8245621788413896,1,0.6,0,0.0,0,0.0006529638747162119,1,0.8800162917047986,0,0.44283961738675054,0,0.47,0,4,0.6010818545056225
73,0.5,0.5925925925925926,0.5,,0.5818181818181818,0.49392309819841396,0.49392309819841396,0.0,0.6666666666666666,1.0,0.5000903187916568,0.9983498349834984,0.9999799639758239,0.0,1.0,1.0,0.6667572716912503,0.666802004778867,0.6668188555042146,1,0.8,0,0.0,1,0.9967167984399332,1,0.5065075608563777,1,0.5,1,0.58,0,1,0.4361292734506148
74,0.3,0.11111111111111116,0.5,,0.18181818181818182,0.5060042254578397,0.5060042254578397,0.0,0.6666666666666666,0.0,0.4187307283357453,0.9917491749174917,0.9976723890944076,0.0,0.9983498349834984,1.0,0.6752152847989321,0.6777060312584061,0.6829029047200933,1,0.8,1,1.0,0,0.004856257314254705,1,0.5587685645423259,0,0.5,1,0.7,1,2,0.4060625296905699
75,0.3,0.33333333333333337,0.5,,0.10909090909090909,0.506040261200732,0.506040261200732,0.0,0.6666666666666666,0.0,0.382702133799401,0.9917491749174917,0.9988403569770066,0.0,0.9983498349834984,1.0,0.6719730740897978,0.6732843861495865,0.6754406319322495,1,0.8,1,1.0,0,0.004070678827190634,1,0.5066391120949791,0,0.5,1,0.75,1,2,0.40654836817963835
76,0.6,0.7777777777777778,0.5,,0.2,0.5015290604481144,0.5015290604481144,0.0,0.6666666666666666,0.7142857142857143,0.43139611313792736,0.9966996699669967,0.992143441005678,0.00825082508250825,0.9933993399339934,1.0,0.7198262924430809,0.7268414452734555,0.7388748237602015,0,0.4,0,0.0,0,0.11652108943208173,1,0.6419973912812627,0,0.5,0,0.42,1,5,0.6535802532144426
77,0.6,0.4814814814814815,0.5,,0.5272727272727272,0.4939235528964674,0.4939235528964674,0.0,0.6666666666666666,0.5,0.4825546898301416,0.9966996699669967,0.9999697921232092,0.0,0.9966996699669967,1.0,0.666841671955468,0.6669027973497768,0.6669396293662371,1,0.6,1,1.0,1,0.9967073202360913,1,0.5067302041434323,1,0.5,0,0.47,0,1,0.3210937459367461
78,0.4,0.2962962962962963,0.5,,0.18181818181818182,0.48853510604450323,0.48853510604450323,0.0,0.6666666666666666,0.0,0.489144363187501,0.995049504950495,0.9215500555898186,0.0,1.0,1.0,0.7667101930855824,0.900559207952774,0.9868382202474689,1,0.6,0,0.0,1,1.0,0,0.4902950598614564,1,0.5516542249017692,1,0.51,1,2,0.47467511920612904
79,0.5,0.4444444444444444,0.5,,0.2545454545454545,0.50606730834394,0.50606730834394,0.0,0.6666666666666666,0.3333333333333333,0.5255734302801967,0.9983498349834984,0.9997435527762188,0.0,0.9966996699669967,1.0,0.6685128627618373,0.6687908205246937,0.6692299890062738,0,0.4,1,1.0,0,0.0014322535745452537,0,0.49631752527710804,0,0.4841197099768749,0,0.5,1,5,0.5196884185285786
80,0.5,0.962962962962963,0.5,,0.09090909090909091,0.48938204267517194,0.48938204267517194,0.0,0.6666666666666666,0.6666666666666666,0.547314757638443,0.9983498349834984,0.9871136401119355,0.009900990099009901,0.9933993399339934,1.0,0.7535272766592654,0.766771082381492,0.7818393402205285,0,0.4,0,0.0,1,0.9406522609232743,1,0.5390148906495015,0,0.5,0,0.25,1,4,0.5617221414045375
81,0.5,0.7407407407407407,0.5,,0.7636363636363637,0.5060773125147575,0.5060773125147575,0.0,0.6666666666666666,1.0,0.529903053150485,0.9983498349834984,0.9999919135924056,0.0,1.0,1.0,0.6667055102926944,0.6667141450532005,0.6667322798167752,0,0.4,1,1.0,0,2.2122469920690393e-05,0,0.49013423678336565,0,0.48656532638292,0,0.49,1,5,0.5222130523939656
82,0.3,0.5925925925925926,0.5,,0.6727272727272727,0.493922824025935,0.493922824025935,0.0,0.6666666666666666,0.0,0.4260564055246243,0.9933993399339934,0.9999848626310357,0.0,0.9983498349834984,1.0,0.6667216415792532,0.6667429704326505,0.6667539799691842,1,0.8,1,1.0,1,0.999977867018657,1,0.5102139580936544,1,0.5134326581002434,1,0.81,0,0,0.22772925279790746
83,0.4,0.5555555555555556,0.5,,0.9818181818181818,0.49392251810909693,0.49392251810909693,0.0,0.6666666666666666,0.0,0.46622690009119905,0.9933993399339934,0.9999974388208163,0.0,1.0,1.0,0.6666717683207687,0.6666764083611268,0.6666785365160075,1,0.6,1,1.0,1,0.9999778897862731,1,0.51001743333444,1,0.5134404088114444,1,0.76,0,0,0.2694273780113071
84,0.6,0.5925925925925926,0.5,,0.5818181818181818,0.49392302604865723,0.49392302604865723,0.0,0.6666666666666666,0.0,0.4555343957003739,0.995049504950495,0.9999718662360972,0.0,1.0,1.0,0.6667315998666372,0.6667909529194931,0.6668146283087873,0,0.4,1,1.0,1,0.9999778537173072,1,0.5107452211209028,1,0.5134305178708457,1,0.55,0,1,0.3376410678818239
85,0.6,0.6296296296296297,0.5,,0.7818181818181819,0.5060773958117178,0.5060773958117178,0.0,0.6666666666666666,0.4,0.5801938896902998,0.9983498349834984,0.9999973383207441,0.006600660066006601,0.995049504950495,1.0,0.6666927383717414,0.6666960315965873,0.6667006282748179,0,0.4,1,1.0,0,0.0005806233769218428,0,0.49302950357966663,0,0.505281187577978,1,0.53,1,4,0.5118514475775722
86,0.3,0.8148148148148149,0.5,,0.7272727272727273,0.49392270155819407,0.49392270155819407,0.0,0.6666666666666666,0.0,0.4556877741240387,0.9966996699669967,0.999993346460318,0.0,0.9966996699669967,1.0,0.6667040555087158,0.666717180893729,0.6667240833227203,1,0.8,1,1.0,1,0.9967253465012514,1,0.5063267887942117,1,0.5,1,0.61,0,0,0.2644913107840895
87,0.2,0.5185185185185186,0.5,,0.45454545454545453,0.506075691526476,0.506075691526476,0.0,0.6666666666666666,0.0,0.4532899941426539,0.9900990099009901,0.9999415740111132,0.0,0.9933993399339934,1.0,0.6670246458378943,0.6670715938171228,0.6671384016901976,1,0.8,1,1.0,0,0.0012910103395468728,0,0.48882140958657505,0,0.479478743061036,1,0.7,1,3,0.421734806168807
88,0.4,0.6296296296296297,0.5,,0.9818181818181818,0.5060775211197233,0.5060775211197233,0.0,0.6666666666666666,1.0,0.519599195181307,0.9983498349834984,0.9999991364725291,0.0,1.0,1.0,0.6666669195871554,0.6666676850134889,0.6666697928075292,0,0.2,0,0.0,0,2.210748857550689e-05,0,0.49002722351867356,0,0.4865587597712899,0,0.35,1,6,0.7455653182035769
89,0.5,0.5555555555555556,0.5,,0.8363636363636363,0.4939226112093007,0.4939226112093007,0.0,0.6666666666666666,1.0,0.6079929135189033,0.9983498349834984,0.9999970830332698,0.0049504950495049506,1.0,1.0,0.6666922025406982,0.6666969833426007,0.6667003779482891,0,0.4,0,0.0,0,0.0016202877127449386,1,0.503357247413168,1,0.48665329119733575,0,0.27,0,4,0.7230615289461253
90,0.5,0.5555555555555556,0.5,,0.12727272727272726,0.5114648939554968,0.5114648939554968,0.0,0.6666666666666666,0.0,0.39999892448230734,0.9917491749174917,0.9161905445634884,0.0,0.995049504950495,1.0,0.7869038681876923,0.8413744606718794,0.9914511593929503,0,0.4,0,0.0,0,1.4259430013775297e-43,1,0.9355928075234857,0,0.5,0,0.41,0,5,0.625734532079419
91,0.4,0.5925925925925926,0.5,,0.8363636363636363,0.5060774292800696,0.5060774292800696,0.0,0.6666666666666666,0.6666666666666666,0.5408852645892943,0.9983498349834984,0.9999971157433957,0.0049504950495049506,0.9983498349834984,1.0,0.6666853626429472,0.6666882031899597,0.666694332792477,1,0.6,1,1.0,0,2.211400210561546e-05,0,0.49004300041230225,0,0.48656151087643645,1,0.7,1,3,0.45389556245152596
92,0.3,0.2962962962962963,0.5,,0.4727272727272727,0.49392482469559384,0.49392482469559384,0.0,0.6666666666666666,1.0,0.5438954272610821,0.9983498349834984,0.9999201162536934,0.0016501650165016502,1.0,1.0,0.6669933139841699,0.6671865006360906,0.6672984015220236,1,0.6,0,0.0,1,0.9966804938092091,1,0.5081819178060933,1,0.5,1,0.61,0,1,0.4641895980641163
93,0.5,0.11111111111111116,0.5,,0.18181818181818182,0.5060198051048285,0.5060198051048285,0.0,0.6666666666666666,0.0,0.4532217183474041,0.9933993399339934,0.9984430361227541,0.0,0.995049504950495,1.0,0.6750151517235743,0.6759905754834822,0.6774271534250187,1,0.8,1,1.0,0,0.002295982109128715,0,0.49594282557293307,0,0.5,1,0.7,1,3,0.4169601987196564
94,0.8,0.9259259259259259,0.5,,0.7818181818181819,0.5060773350311225,0.5060773350311225,0.0,0.6666666666666666,0.0,0.4386368195712327,0.9966996699669967,0.9999936739144297,0.0,1.0,1.0,0.6667028996234428,0.6667097323193985,0.6667245710752948,0,0.4,1,1.0,0,0.00058079719518723,0,0.4930181917328327,0,0.5052801859825147,0,0.44,1,5,0.5268534708482442
95,0.4,0.5925925925925926,0.5,,0.38181818181818183,0.49392689909313603,0.49392689909313603,0.0,0.6666666666666666,0.0,0.49729549038843246,0.9966996699669967,0.9999002955002242,0.0016501650165016502,0.9966996699669967,1.0,0.6674106842629906,0.6676077242969256,0.6677224376753056,1,0.8,0,0.0,1,0.9966355433876883,1,0.508505488814516,1,0.5,1,0.57,0,1,0.437476494632966
96,0.5,0.5185185185185186,0.5,,0.32727272727272727,0.5060737875486852,0.5060737875486852,0.0,0.6666666666666666,0.0,0.4898338137893694,0.9966996699669967,0.9998602000052583,0.0,1.0,1.0,0.6673542384486566,0.6674751540656176,0.6678177198330121,1,0.6,1,1.0,0,0.0005914055854958955,0,0.49632374110703065,0,0.505220403287882,0,0.4,1,4,0.49964407500326524
97,0.5,0.40740740740740744,0.5,,0.2545454545454545,0.49392824567941607,0.49392824567941607,0.0,0.6666666666666666,1.0,0.5182131319641199,0.9983498349834984,0.9997830587802189,0.0,1.0,1.0,0.6674214883718899,0.667895325954342,0.6681646461603,1,0.6,1,1.0,1,0.9994020999458337,1,0.5121263657300906,1,0.4948028625935781,1,0.52,0,0,0.3122781119550829
98,0.3,0.4444444444444444,0.5,,0.9454545454545454,0.4939225243620098,0.4939225243620098,0.0,0.6666666666666666,0.2,0.44950650772483525,0.995049504950495,0.999998176374163,0.0016501650165016502,0.9900990099009901,1.0,0.6666746435433413,0.6666778499000704,0.6666794796273595,1,0.6,1,1.0,1,0.9987385491712578,1,0.5119785609998289,1,0.521588751284664,1,0.79,0,0,0.2629490230907082
99,0.3,0.7037037037037037,0.5,,0.9636363636363636,0.4939225429987143,0.4939225429987143,0.0,0.6666666666666666,0.0,0.4549926406741692,0.9933993399339934,0.9999959498909778,0.0,1.0,1.0,0.6666731579897913,0.666681541612219,0.6666848055218547,1,0.8,1,1.0,1,0.9994195476470588,1,0.5070804365611703,1,0.4947176243997804,1,0.62,0,0,0.2631303985653317
100,0.5,0.6666666666666667,0.5,,0.07272727272727272,0.4939486848424244,0.4939486848424244,0.0,0.6666666666666666,1.0,0.533210954787011,0.9983498349834984,0.9993111818483044,0.0,1.0,1.0,0.6704560588979471,0.6715541294957178,0.6723182648381827,0,0.4,0,0.0,1,0.9961690966507998,1,0.5274521645936844,1,0.5,1,0.54,0,2,0.5060631231259194
101,0.4,0.6296296296296297,0.5,,0.7818181818181819,0.5060773846441682,0.5060773846441682,0.0,0.6666666666666666,1.0,0.5261883398646583,0.9983498349834984,0.9999937013046873,0.0,1.0,1.0,0.6666918887802814,0.666698763475179,0.6667111952264336,0,0.4,0,0.0,0,2.2116531184418143e-05,0,0.49008504368491795,0,0.4865632833256416,1,0.58,1,5,0.6738882594097093
102,0.2,0.6296296296296297,0.5,,0.41818181818181815,0.4939259087768295,0.4939259087768295,0.0,0.6666666666666666,0.0,0.4396460871974659,0.9933993399339934,0.9998680223508144,0.0,0.9966996699669967,1.0,0.6672198963429556,0.6674052814390754,0.6674869515298871,1,0.6,0,0.0,0,0.001510387020880448,1,0.5049438037090264,1,0.4873233801255431,1,0.63,0,2,0.6293704048574251
103,0.4,0.4814814814814815,0.5,,0.5272727272727272,0.49392341354530356,0.49392341354530356,0.0,0.6666666666666666,0.5,0.42203713698664647,0.9966996699669967,0.9999744059619947,0.0016501650165016502,0.9966996699669967,1.0,0.6668388468239831,0.6668735335241327,0.6668979618808668,1,0.6,1,1.0,1,0.996710267827892,1,0.5065784056414686,1,0.5,1,0.76,0,0,0.27278522108843983
104,0.4,0.37037037037037035,0.5,,0.10909090909090909,0.5081192653128113,0.5081192653128113,0.0,0.6666666666666666,0.0,0.48389231825772727,0.9966996699669967,0.9859851713973558,0.0,0.9983498349834984,1.0,0.7190778871650193,0.752544575285718,0.7702762144784389,0,0.4,0,0.0,0,0.11932057106581123,1,0.531353083768811,0,0.4382454422960173,1,0.7,0,4,0.6351801504782266
105,0.6,0.7037037037037037,0.5,,0.2545454545454545,0.49437623547273957,0.49437623547273957,0.0,0.6666666666666666,0.5,0.5512026231672631,0.9983498349834984,0.9957791223601551,0.0,0.9983498349834984,1.0,0.6882113354408089,0.6966839365164178,0.7016824990104267,0,0.4,0,0.0,1,0.986850190610149,1,0.5795394250083168,1,0.5,0,0.47,0,3,0.5106017307302557
106,0.3,0.2962962962962963,0.5,,0.4727272727272727,0.49392505604550896,0.49392505604550896,0.0,0.6666666666666666,0.25,0.5545599574838693,0.9983498349834984,0.9999582416980867,0.006600660066006601,0.9933993399339934,1.0,0.66717679254957,0.6672323355514035,0.6672926638460283,1,0.6,1,1.0,1,0.9966755999909384,1,0.5066380388604017,1,0.5,1,0.7,0,0,0.28278106019144333
107,0.5,0.6296296296296297,0.5,,0.09090909090909091,0.4925304668938768,0.4925304668938768,0.0,0.6666666666666666,1.0,0.5023520850841068,0.9983498349834984,0.9846250692390331,0.0,1.0,1.0,0.7352550612942653,0.7505863749860311,0.7788646616009839,1,0.6,0,0.0,1,0.9884446389458348,1,0.8496144874219858,0,0.5,0,0.42,1,3,0.4403234789386966
108,0.6,1.0,0.5,,0.16363636363636364,0.5059326860604156,0.5059326860604156,0.0,0.6666666666666666,0.0,0.40517056210115987,0.9966996699669967,0.9975733112203288,0.0,0.9983498349834984,1.0,0.6814588672518314,0.6838988188967413,0.689595053953335,1,0.6,0,0.0,0,4.373760645787747e-05,1,0.5165463675823786,0,0.48742496166869986,1,0.55,1,3,0.6409974888570773
109,0.6,0.5555555555555556,0.5,,0.14545454545454545,0.5058537309571581,0.5058537309571581,0.0,0.6666666666666666,1.0,0.5380336699150476,0.9983498349834984,0.9971436953719428,0.0049504950495049506,1.0,1.0,0.6857252693493681,0.6884412421812819,0.6936199361732824,0,0.2,1,1.0,0,0.005973785688943319,0,0.4834599614097015,1,0.5295560097156836,0,0.34,1,4,0.5735017071976121
110,0.4,0.7037037037037037,0.5,,0.21818181818181817,0.4885351106450576,0.4885351106450576,0.0,0.6666666666666666,0.0,0.44016001254754733,0.9966996699669967,0.9715323173952279,0.0,0.9966996699669967,1.0,0.8333623972587871,0.8632398810363986,0.9291283561762751,0,0.4,0,0.0,1,0.9999999994873576,1,0.6509109996070295,1,0.4925061210512786,1,0.7,1,2,0.4594304799757225
111,0.4,0.962962962962963,0.5,,1.0,0.4939224750631197,0.4939224750631197,0.0,0.6666666666666666,1.0,0.5096031876991588,0.9983498349834984,0.9999993539484398,0.0,1.0,0.72,0.6666655715882531,0.6666667619702504,0.6666674814055455,0,0.4,0,0.0,1,0.9967301323183992,1,0.5062673331871153,1,0.5,0,0.4,0,3,0.532833755749081
112,0.5,0.7037037037037037,0.5,,0.6363636363636364,0.5060769184625467,0.5060769184625467,0.0,0.6666666666666666,0.0,0.49093558654769354,0.995049504950495,0.9999735867045684,0.0,1.0,1.0,0.6667774571921598,0.6668046941577134,0.6668617095130637,1,0.8,0,0.0,0,2.2148041059015155e-05,0,0.4909123804393646,0,0.48658001990080235,1,0.61,1,4,0.6020809086031289
113,0.7,0.9259259259259259,0.5,,0.7818181818181819,0.5060773363399586,0.5060773363399586,0.0,0.6666666666666666,0.6666666666666666,0.5316963552513112,0.9983498349834984,0.9999956462887993,0.01155115511551155,0.995049504950495,1.0,0.6667047392080935,0.6667092681492562,0.6667155930607859,0,0.2,0,0.0,0,0.003273837670011128,0,0.4937846098807562,0,0.5,0,0.23,1,6,0.7621569254082055
114,0.7,1.0,0.5,,0.8545454545454545,0.5060774086116403,0.5060774086116403,0.0,0.6666666666666666,0.4,0.48754280468252,0.9966996699669967,0.9999961962123396,0.0049504950495049506,0.995049504950495,1.0,0.6666898286385918,0.6666926951554241,0.6666962028509978,0,0.2,0,0.0,0,0.0012625558837030622,0,0.48804501295712044,0,0.4784514012652332,0,0.21,1,6,0.7703735049823239
115,0.7,0.7407407407407407,0.5,,0.10909090909090909,0.49396177058802004,0.49396177058802004,0.0,0.6666666666666666,1.0,0.5616005017591168,0.9983498349834984,0.9993622784885664,0.0049504950495049506,1.0,1.0,0.6717068663371395,0.67359484165353,0.6743867839387521,0,0.4,1,1.0,1,0.9958845287721724,1,0.5141671446790408,1,0.5,0,0.43,0,2,0.3599913877581311
116,0.7,0.6296296296296297,0.5,,0.7818181818181819,0.506077356042467,0.506077356042467,0.0,0.6666666666666666,1.0,0.5333846869175448,0.9983498349834984,0.9999937552910169,0.0,1.0,1.0,0.6666982236780912,0.6667045529233012,0.6667159974680482,1,0.6,1,1.0,0,0.001263430114548766,0,0.48814881657739445,0,0.4784841856827655,1,0.57,1,3,0.47701726127088195
117,0.6,0.7037037037037037,0.5,,0.2545454545454545,0.49431437799092115,0.49431437799092115,0.0,0.6666666666666666,0.0,0.4410752240840319,0.9966996699669967,0.9939366940625185,0.0,1.0,1.0,0.682279463503975,0.6949242590996234,0.7009121694467524,0,0.2,0,0.0,1,0.9895887926302758,1,0.6350952922306586,0,0.4592611856152646,0,0.47,0,4,0.5410091215873003
118,0.3,0.5555555555555556,0.5,,0.9636363636363636,0.5060774676899238,0.5060774676899238,0.0,0.6666666666666666,0.0,0.3717245677795722,0.9933993399339934,0.9999982029401137,0.0,0.9933993399339934,1.0,0.6666780356375301,0.6666795785362942,0.6666817876495037,1,0.6,0,0.0,0,0.0005804168242969709,0,0.4929994566014886,0,0.5052824444973194,1,0.6,1,4,0.6335229470128159
119,0.5,0.5555555555555556,0.5,,0.9636363636363636,0.5060774712112776,0.5060774712112776,0.0,0.6666666666666666,0.0,0.4315166330386768,0.9917491749174917,0.9999974976321907,0.0,0.9983498349834984,1.0,0.6666764700513076,0.6666789207525354,0.6666828402107068,1,0.8,0,0.0,0,2.2110912561293655e-05,0,0.49008128410706175,0,0.4865604280936768,0,0.3,1,5,0.65388936281445
120,0.3,0.7037037037037037,0.5,,0.2727272727272727,0.5060720581638471,0.5060720581638471,0.0,0.6666666666666666,0.0,0.4660293496008222,0.995049504950495,0.9998689569851559,0.0016501650165016502,0.9966996699669967,1.0,0.6677280908485398,0.6678489725444429,0.6681072184032326,1,0.6,0,0.0,1,0.9985522756560841,0,0.49878971805520367,0,0.5122502465489323,1,0.71,1,3,0.44673462662329666
121,0.6,0.7407407407407407,0.5,,0.16363636363636364,0.49393729282486987,0.49393729282486987,0.0,0.6666666666666666,1.0,0.5023468179753419,0.9983498349834984,0.999537514550112,0.0,1.0,1.0,0.6686514196748966,0.6696831094643652,0.6701115505824281,0,0.4,0,0.0,1,0.9999766053263682,1,0.5147392068132397,1,0.5131611354444399,0,0.42,0,3,0.5253538420693253
122,0.7,0.8148148148148149,0.5,,0.9818181818181818,0.5060774818943181,0.5060774818943181,0.0,0.6666666666666666,0.0,0.4604228828998652,0.995049504950495,0.9999978980341692,0.0,1.0,1.0,0.6666745873883174,0.666676352126681,0.6666808305095753,0,0.4,0,0.0,0,0.003270779294226897,0,0.49378523209603326,0,0.5,0,0.42,1,6,0.6971573314349566
123,0.5,0.7037037037037037,0.5,,0.6363636363636364,0.5060769603904249,0.5060769603904249,0.0,0.6666666666666666,0.0,0.45161285371101356,0.995049504950495,0.9999809106252819,0.0,0.9983498349834984,1.0,0.6667721202731796,0.6667926573758775,0.66681628837136,0,0.4,0,0.0,0,0.0032818083617553837,0,0.4940909138457422,0,0.5,0,0.36,1,6,0.7071045462987504
124,0.3,0.37037037037037035,0.5,,0.10909090909090909,0.5045629397975058,0.5045629397975058,0.0,0.6666666666666666,0.0,0.4802737059931338,0.9917491749174917,0.980016061053375,0.0,1.0,1.0,0.7041159666724329,0.7439422981604226,0.7652080357672447,1,0.6,1,1.0,0,0.31064543849308984,1,0.7218441044994877,0,0.4401787571494303,1,0.56,0,2,0.3945552833096654
125,0.6,0.9259259259259259,0.5,,0.7090909090909091,0.4939227886229136,0.4939227886229136,0.0,0.6666666666666666,1.0,0.5309639668447217,0.9983498349834984,0.9999882002377943,0.0,1.0,1.0,0.6667153508101464,0.6667357171499302,0.6667449485081207,0,0.4,1,1.0,1,0.9987341763958448,1,0.5121519958438716,1,0.5214324562639335,0,0.48,0,2,0.3479468952493917
126,0.4,0.5555555555555556,0.5,,0.9818181818181818,0.4939225156111978,0.4939225156111978,0.0,0.6666666666666666,0.5,0.5534117832006606,0.9983498349834984,0.99999870602681,0.0033003300330033004,0.9933993399339934,1.0,0.6666745184070935,0.6666758371562534,0.6666770776024181,0,0.4,0,0.0,0,0.0016237231697227514,1,0.503360440832516,1,0.4866328945952869,1,0.61,0,3,0.6663971569004123
127,0.3,0.11111111111111116,0.5,,0.07272727272727272,0.5059919644668425,0.5059919644668425,0.0,0.6666666666666666,0.0,0.46969201181685916,0.995049504950495,0.9977160047135127,0.0,1.0,1.0,0.6769957749847585,0.6789356051882044,0.6830305384633545,1,0.8,1,1.0,0,0.0028456592794969655,1,0.5540717316557707,0,0.5101618302085322,1,0.88,1,2,0.37548679647603334
128,0.7,0.7407407407407407,0.5,,0.34545454545454546,0.5060727813054657,0.5060727813054657,0.0,0.6666666666666666,0.6666666666666666,0.5692934130521239,0.9983498349834984,0.9998965675782426,0.00825082508250825,0.9983498349834984,1.0,0.6675497379136587,0.6676825243406163,0.6678799738130347,0,0.4,1,1.0,1,0.9985295900219248,0,0.4985282740154713,0,0.5124007410896698,0,0.41,1,4,0.36342356581215574
129,0.5,0.5555555555555556,0.5,,0.12727272727272726,0.5114648939554968,0.5114648939554968,0.0,0.6666666666666666,0.0,0.4350661407008102,0.9966996699669967,0.9052497971478188,0.0,0.9966996699669967,0.94,0.6245675115390449,0.7097307555303884,0.8890068196258128,1,0.6,1,1.0,0,4.8747925936056653e-60,1,0.9984549955289789,1,0.5,1,0.57,0,1,0.3885908340785035
130,0.6,0.7037037037037037,0.5,,0.3090909090909091,0.4939282835305169,0.4939282835305169,0.0,0.6666666666666666,0.5,0.570722232341672,0.9983498349834984,0.9998295374990784,0.0,0.9983498349834984,1.0,0.6675551462454673,0.6679152034890704,0.6681375113446921,0,0.4,1,1.0,1,0.9994024821674073,1,0.51090137835153,1,0.49480265539050716,0,0.46,0,2,0.3558155806817592
131,0.5,0.2962962962962963,0.5,,0.8363636363636363,0.49392261773522605,0.49392261773522605,0.0,0.6666666666666666,0.5,0.4099325202428633,0.9966996699669967,0.9999951531762019,0.0016501650165016502,0.9983498349834984,1.0,0.6666924999421925,0.666698733770636,0.6667029465805095,1,0.8,0,0.0,1,0.9994193351910085,1,0.5071016205002485,1,0.49471890403672786,1,0.51,0,1,0.4481266900453358
132,0.9,1.0,0.5,,0.9818181818181818,0.5060774776685983,0.5060774776685983,0.0,0.6666666666666666,1.0,0.573979958130627,0.9983498349834984,0.9999983943807178,0.009900990099009901,1.0,1.0,0.6666760145237315,0.6666773440809475,0.6666786996110321,0,0.0,0,0.0,0,2.21105779802274e-05,0,0.490056859892314,0,0.4865600811891704,0,0.09,1,6,0.8222268247234226
133,0.5,0.4444444444444444,0.5,,0.2545454545454545,0.506065276866354,0.506065276866354,0.0,0.6666666666666666,0.5,0.476810530710468,0.9966996699669967,0.9996003635287843,0.0049504950495049506,0.9983498349834984,1.0,0.6689043299028483,0.6691731934605255,0.6697265563845896,0,0.4,0,0.0,0,0.0006181250858656695,0,0.49408666746418767,0,0.5051088337419606,0,0.49,1,6,0.6850310622846644
134,0.5,0.7777777777777778,0.5,,0.5272727272727272,0.5060767667980843,0.5060767667980843,0.0,0.6666666666666666,0.0,0.38837752787906243,0.995049504950495,0.999970129385715,0.0,0.9983498349834984,1.0,0.6668066422798083,0.6668341478627648,0.6668883058101432,1,0.6,1,1.0,0,0.0012731310685116242,0,0.48841694053524937,0,0.47883614571484795,1,0.75,1,3,0.44691229711356517
135,0.6,0.6296296296296297,0.5,,0.6,0.506076958818387,0.506076958818387,0.0,0.6666666666666666,0.5,0.5297384791929363,0.9983498349834984,0.9999845605075348,0.0049504950495049506,0.9966996699669967,1.0,0.6667771147253048,0.666792609281916,0.666821669567823,1,0.8,1,1.0,1,0.9983951083388417,0,0.497159371356539,0,0.5132531757306976,1,0.52,1,2,0.278532057428987
136,0.4,0.5555555555555556,0.5,,0.12727272727272726,0.5114648939554968,0.5114648939554968,0.0,0.6666666666666666,0.0,0.44404326659615556,0.9900990099009901,0.8852655476259496,0.0,0.9983498349834984,1.0,0.7160002993341943,0.8272521009378755,0.9862771110715611,1,0.8,1,1.0,0,2.4567354674469925e-37,0,0.38551864769320676,1,0.48244548710768764,1,0.7,0,2,0.43867264419985086
137,0.5,0.5555555555555556,0.5,,0.8363636363636363,0.49392259959004603,0.49392259959004603,0.0,0.6666666666666666,0.0,0.4959244258059152,0.9966996699669967,0.9999942522254156,0.0,1.0,1.0,0.6666798581991191,0.6666948137657996,0.6667003704969772,1,0.6,0,0.0,1,0.9967275012871377,1,0.5061562556273254,1,0.5,0,0.44,0,2,0.4928527071809229
138,0.5,0.5555555555555556,0.5,,0.9818181818181818,0.4939225104775773,0.4939225104775773,0.0,0.6666666666666666,1.0,0.5245402612566278,0.9983498349834984,0.999998275235054,0.0,1.0,1.0,0.6666715850316147,0.6666746596024297,0.6666760773021978,0,0.2,0,0.0,1,0.9994196445352106,1,0.5070536208006476,1,0.4947171380971337,0,0.43,0,3,0.5614682660945014
139,0.5,1.0,0.5,,0.9454545454545454,0.493922507204142,0.493922507204142,0.0,0.6666666666666666,1.0,0.5090924669442057,0.9983498349834984,0.999998164875013,0.0,1.0,1.0,0.6666697599330297,0.6666740168207901,0.6666757140421172,1,0.6,0,0.0,1,0.9967294527455589,1,0.5062872298721549,1,0.5,1,0.53,0,1,0.4778305528970477
140,0.8,0.6296296296296297,0.5,,0.09090909090909091,0.4947290661020697,0.4947290661020697,0.0,0.6666666666666666,0.0,0.48213457791377134,0.9966996699669967,0.9860343350037787,0.0,1.0,1.0,0.7324232703460968,0.7441172132699317,0.7770167787131816,0,0.2,1,1.0,1,0.9945188322030125,1,0.8144881581983084,0,0.5,0,0.43,1,3,0.34349883493311306
141,0.3,0.11111111111111116,0.5,,0.07272727272727272,0.5059951825600043,0.5059951825600043,0.0,0.6666666666666666,0.6666666666666666,0.4448582149546273,0.9966996699669967,0.9982524607973331,0.0033003300330033004,0.995049504950495,1.0,0.6768376368090613,0.6786514793194047,0.6813609949839665,1,0.6,0,0.0,1,0.9993681204347051,1,0.5317060894463195,0,0.5,1,0.78,1,2,0.43148763168649584
142,0.7,0.6666666666666667,0.5,,0.12727272727272726,0.5110222695135386,0.5110222695135386,0.0,0.6666666666666666,1.0,0.514072831933547,0.9983498349834984,0.9754106521275814,0.0,1.0,1.0,0.7218218537759136,0.7752542928087841,0.8041391129505658,0,0.2,0,0.0,0,0.013829249083699554,1,0.9277188250739177,0,0.46318591418103944,0,0.41,0,5,0.6642110019435572
143,0.6,0.5925925925925926,0.5,,0.8909090909090909,0.49392249783024533,0.49392249783024533,0.0,0.6666666666666666,0.6666666666666666,0.5497187849279918,0.9983498349834984,0.9999992741454545,0.006600660066006601,0.9983498349834984,1.0,0.666670646428335,0.6666718738844495,0.6666725832783432,0,0.4,1,1.0,1,0.9994196832542885,1,0.5070457069233666,1,0.494716935729528,1,0.51,0,1,0.3481362790154695
144,0.6,0.5925925925925926,0.5,,0.8909090909090909,0.49392249846131686,0.49392249846131686,0.0,0.6666666666666666,0.0,0.46074026127855094,0.995049504950495,0.9999988518164339,0.0,1.0,1.0,0.6666704944416921,0.6666720196959672,0.6666732594692217,1,0.6,0,0.0,1,0.999977891130576,1,0.5099909308056854,1,0.5134408127767877,1,0.55,0,1,0.47109839421449173
145,0.3,0.9259259259259259,0.5,,0.5454545454545454,0.5060764249035679,0.5060764249035679,0.0,0.6666666666666666,0.0,0.49252915743090087,0.9966996699669967,0.9999681425043545,0.0,1.0,1.0,0.6668811427416708,0.6669092298909968,0.6669560131316086,1,0.8,0,0.0,0,2.2187111024128604e-05,0,0.49074314727596513,0,0.4865927565872962,0,0.5,1,5,0.6204403181709524
146,0.7,0.9259259259259259,0.5,,0.8545454545454545,0.4939225717659461,0.4939225717659461,0.0,0.6666666666666666,1.0,0.5201280125240286,0.9983498349834984,0.999994849894869,0.0,1.0,1.0,0.6666753164013024,0.666688568332103,0.6666942518044549,0,0.4,0,0.0,1,0.9967280897397103,1,0.5064177702755372,1,0.5,1,0.59,0,2,0.5011423566641253
147,0.6,0.7777777777777778,0.5,,0.5272727272727272,0.5060764880067525,0.5060764880067525,0.0,0.6666666666666666,1.0,0.524565221579189,0.9983498349834984,0.9999624547795812,0.0,1.0,1.0,0.6668591302480918,0.66689674097421,0.6669923992689841,0,0.2,0,0.0,1,0.9984116491379275,0,0.49651823341247553,0,0.513156351050569,0,0.22,1,5,0.5953189610665046
148,0.4,0.6296296296296297,0.5,,0.41818181818181815,0.4939256845156079,0.4939256845156079,0.0,0.6666666666666666,0.0,0.4835171347221904,0.995049504950495,0.9999001494930053,0.0,0.9966996699669967,1.0,0.6671917956330268,0.667371313492478,0.667478421318386,1,0.6,1,1.0,1,0.9994103262736495,1,0.5075682737456215,1,0.49476822277887844,1,0.64,0,0,0.29304219620030836
149,0.4,0.5555555555555556,0.5,,0.9818181818181818,0.4939225079512315,0.4939225079512315,0.0,0.6666666666666666,0.5,0.49271905717194764,0.9966996699669967,0.9999988012684212,0.0016501650165016502,0.9966996699669967,1.0,0.6666719707689707,0.6666741221808559,0.6666753866043174,0,0.4,1,1.0,1,0.9994196533187422,1,0.5070530461458056,1,0.49471709646622813,1,0.51,0,1,0.34813503401153734
150,0.5,0.6666666666666667,0.5,,0.8363636363636363,0.4939225749103414,0.4939225749103414,0.0,0.6666666666666666,0.0,0.45957064004264825,0.9966996699669967,0.9999947860491718,0.0,1.0,1.0,0.6666751689457762,0.6666887091651885,0.6666941975468288,1,0.6,1,1.0,1,0.9987377264104174,1,0.5120432635291338,1,0.5215600994292618,1,0.64,0,0,0.2879431517718646
151,0.6,0.962962962962963,0.5,,0.2727272727272727,0.5060670817790747,0.5060670817790747,0.0,0.6666666666666666,1.0,0.5121028177888638,0.9983498349834984,0.9996849673843592,0.0,1.0,1.0,0.6685533221642198,0.6688425699774114,0.6695824273492114,1,0.6,0,0.0,1,0.9986807471501696,1,0.5067572125203297,0,0.5113075368066144,1,0.56,1,2,0.4705424172538144
152,0.5,0.0,0.5,,0.5454545454545454,0.4939242057604689,0.4939242057604689,0.0,0.6666666666666666,0.0,0.42966628323494593,0.9966996699669967,0.9999577769970642,0.0,0.9983498349834984,1.0,0.6669690500557175,0.667042551243836,0.6670836658360699,0,0.4,1,1.0,1,0.9987107318244718,1,0.5126646661579084,1,0.5206083402753308,1,0.63,0,1,0.3230027102903815
153,0.5,0.2962962962962963,0.5,,0.8363636363636363,0.4939226572993025,0.4939226572993025,0.0,0.6666666666666666,0.8,0.4982474689354427,0.9966996699669967,0.9999949744075781,0.0049504950495049506,0.9983498349834984,1.0,0.6667008999453503,0.6667072927327321,0.6667115797639619,0,0.4,0,0.0,1,0.9987363513972197,1,0.5120163637733268,1,0.5215091554654947,0,0.24,0,3,0.5546230215606598
154,0.4,0.5925925925925926,0.5,,0.38181818181818183,0.4939267429238694,0.4939267429238694,0.0,0.6666666666666666,0.0,0.4667715008946386,0.9933993399339934,0.9998154424902057,0.0,1.0,1.0,0.6671070123198497,0.6675622606618213,0.6677195996886417,1,0.6,1,1.0,1,0.999977547530352,1,0.5158241160994839,1,0.5133521685196148,1,0.72,0,0,0.27514102797509155
155,0.5,0.5925925925925926,0.5,,0.23636363636363636,0.5055726361736346,0.5055726361736346,0.0,0.6666666666666666,0.0,0.4599263063159492,0.995049504950495,0.9946400812066513,0.0,1.0,1.0,0.6931251490943594,0.6979026185634342,0.7073298075549094,1,0.8,0,0.0,0,0.013772595667347395,1,0.5781338219861065,1,0.54582053124728,1,0.65,1,2,0.5687121751832109
156,0.6,0.7407407407407407,0.5,,0.23636363636363636,0.4951296874791038,0.4951296874791038,0.0,0.6666666666666666,0.0,0.4958289209643504,0.9966996699669967,0.9941650127732496,0.0,1.0,1.0,0.6999527042553042,0.7090743532408095,0.7163818815899287,0,0.4,0,0.0,1,0.9922083638173222,1,0.5806100546972905,1,0.4947996001477406,1,0.51,0,2,0.5037303302229412
157,0.5,0.962962962962963,0.5,,0.18181818181818182,0.4939736498943341,0.4939736498943341,0.0,0.6666666666666666,1.0,0.585286435569568,0.9983498349834984,0.9988584985999378,0.0033003300330033004,1.0,1.0,0.6730380953028097,0.6751962751770383,0.676593792301188,0,0.4,1,1.0,1,0.9999721252428463,1,0.5378335797066076,1,0.5128784272006828,0,0.34,0,2,0.36821931130831054
158,0.5,0.5925925925925926,0.5,,0.6727272727272727,0.49392285686997495,0.49392285686997495,0.0,0.6666666666666666,1.0,0.5258267310203639,0.9983498349834984,0.9999886911307858,0.0,1.0,1.0,0.6667200912268221,0.6667517426803468,0.6667657938541555,0,0.4,1,1.0,1,0.9994186264869956,1,0.5072582425230234,1,0.4947227456788858,1,0.58,0,1,0.3364333975518493
159,0.3,0.40740740740740744,0.5,,0.18181818181818182,0.49415096263815084,0.49415096263815084,0.0,0.6666666666666666,0.0,0.45299421362278935,0.9917491749174917,0.994946906297766,0.0,1.0,1.0,0.6784400764088819,0.6887237213969883,0.6945967496913219,1,0.6,0,0.0,0,0.0004202678462059501,1,0.6089689850113146,1,0.5,1,0.56,0,2,0.6217684578570799
160,0.3,0.5555555555555556,0.5,,0.9636363636363636,0.5060774668558824,0.5060774668558824,0.0,0.6666666666666666,1.0,0.530755347763018,0.9983498349834984,0.999997898889273,0.0,1.0,1.0,0.6666776567599677,0.6666796800981496,0.6666831874861621,1,0.8,0,0.0,0,2.2111297476586975e-05,0,0.4900518818935529,0,0.48656013890828714,0,0.38,1,5,0.6405609779834471
161,0.6,0.6666666666666667,0.5,,0.2,0.5114648880939189,0.5114648880939189,0.0,0.6666666666666666,0.5,0.49003106522076145,0.9966996699669967,0.9763855645385805,0.006600660066006601,0.995049504950495,1.0,0.811581427043391,0.8669472802539334,0.9078464945865434,0,0.2,0,0.0,0,3.68493456368003e-09,1,0.8291457899540069,0,0.45717120683848894,0,0.23,0,5,0.7139471665870949
162,0.4,0.5925925925925926,0.5,,0.6727272727272727,0.49392284086687943,0.49392284086687943,0.0,0.6666666666666666,0.3333333333333333,0.5937142192185847,0.9983498349834984,0.9999932755564057,0.0016501650165016502,0.9966996699669967,1.0,0.666736760509202,0.6667482202684812,0.6667570724050224,1,0.6,1,1.0,0,0.001612001205832445,1,0.5034565574257368,1,0.48670232982187406,1,0.63,0,1,0.4630381852577594
163,0.2,0.11111111111111116,0.5,,0.07272727272727272,0.505967069203958,0.505967069203958,0.0,0.6666666666666666,0.0,0.45674989558871704,0.9966996699669967,0.9972386792156616,0.0,0.9966996699669967,1.0,0.6785216467616589,0.6812104041301273,0.6859303375982341,1,0.8,1,1.0,0,0.0009940183751283673,1,0.5373369030145618,0,0.5,1,0.8,1,2,0.39361151310171827
164,0.6,0.7037037037037037,0.5,,0.6181818181818182,0.49392294718279905,0.49392294718279905,0.0,0.6666666666666666,0.75,0.6052535453331434,0.9983498349834984,0.9999898519102051,0.006600660066006601,0.9966996699669967,1.0,0.6667570726777623,0.666772053486589,0.666783023231754,0,0.4,0,0.0,0,0.0016082067007674962,1,0.5033235116323382,1,0.4867261743880566,0,0.47,0,4,0.6897236845464729
165,0.5,0.4814814814814815,0.5,,0.18181818181818182,0.4885351064153287,0.4885351064153287,0.0,0.6666666666666666,0.0,0.4902459608932811,0.9966996699669967,0.9722173504973757,0.0,0.9983498349834984,1.0,0.8527050584473077,0.8845905779543428,0.9326988838173396,1,0.6,1,1.0,1,0.9999999999941735,1,0.8808182252990177,1,0.49434056099858026,0,0.47,1,1,0.2591402022847048
166,0.2,0.11111111111111116,0.5,,0.07272727272727272,0.5059714151269529,0.5059714151269529,0.0,0.6666666666666666,0.0,0.42564256874205975,0.9867986798679867,0.9971561029339814,0.0,0.9917491749174917,1.0,0.6794033500731202,0.6808384170191378,0.6824535027206742,1,1.0,1,1.0,1,0.999440442686769,1,0.5138551042110743,0,0.5,1,0.86,1,1,0.18778407551702603
167,0.7,0.7777777777777778,0.5,,0.5454545454545454,0.49392326200419223,0.49392326200419223,0.0,0.6666666666666666,0.3333333333333333,0.4990565524443633,0.9966996699669967,0.9999692433877071,0.0016501650165016502,0.9983498349834984,1.0,0.6667887932215576,0.6668417286598111,0.6668712556343636,0,0.4,1,1.0,1,0.9994174454384149,1,0.507478232896919,1,0.49472960959089396,0,0.38,0,2,0.3697291186789621
168,0.5,0.7777777777777778,0.5,,0.2,0.4997601419332306,0.4997601419332306,0.0,0.6666666666666666,0.0,0.4777816808498011,0.995049504950495,0.9861536667383787,0.0,1.0,1.0,0.7205239428495035,0.7321986976098154,0.7615932368569014,1,0.6,1,1.0,0,0.1757241924670475,1,0.6032741616333249,0,0.5,1,0.59,1,2,0.42183360764993794
169,0.5,1.0,0.5,,0.8181818181818182,0.5060773445298954,0.5060773445298954,0.0,0.6666666666666666,1.0,0.5220393287760166,0.9983498349834984,0.9999938183460142,0.0,1.0,1.0,0.666701359048641,0.6667066614693462,0.6667171232262016,0,0.4,0,0.0,1,0.9983812883868934,0,0.49688672279688145,0,0.5133365438973555,1,0.53,1,4,0.510232574153145
170,0.8,0.7777777777777778,0.5,,0.5272727272727272,0.5060766367177361,0.5060766367177361,0.0,0.6666666666666666,1.0,0.5219433094571289,0.9983498349834984,0.9999800171787658,0.0049504950495049506,1.0,1.0,0.6668428991365698,0.666865086285782,0.6669093632188986,0,0.2,0,0.0,0,0.0012753723048955453,0,0.4883802131016299,0,0.47891915835625887,0,0.12,1,6,0.7852375427062026
171,0.5,0.8888888888888888,0.5,,0.18181818181818182,0.48853510604450323,0.48853510604450323,0.0,0.6666666666666666,0.5,0.5047822532807731,0.9983498349834984,0.9449511061605586,0.0,1.0,1.0,0.8200212437596259,0.9375237965023324,0.9963319132970263,1,0.8,0,0.0,0,3.629929627909242e-33,1,0.7122680741276791,1,0.47310981084747733,0,0.48,1,3,0.5891036858374739
172,0.6,0.5925925925925926,0.5,,0.23636363636363636,0.5052286259485419,0.5052286259485419,0.0,0.6666666666666666,0.0,0.42495728923370457,0.9966996699669967,0.9920758472808028,0.0,1.0,1.0,0.69660402821484,0.7041386462878156,0.7240879718073536,0,0.2,0,0.0,1,0.999612643454158,1,0.6557767306368296,0,0.5,0,0.4,1,4,0.5407684376515021
173,0.5,0.7407407407407407,0.5,,0.23636363636363636,0.4950011559990495,0.4950011559990495,0.0,0.6666666666666666,0.0,0.4820470876167464,0.9966996699669967,0.9932856221761627,0.0,1.0,1.0,0.6908365775305474,0.7075000011063081,0.7160616582827569,1,0.6,1,1.0,1,0.9931401244334553,1,0.6031152046371975,1,0.494932121236692,1,0.57,0,0,0.28980209161544235
174,0.5,0.7407407407407407,0.5,,0.38181818181818183,0.5060741016501934,0.5060741016501934,0.0,0.6666666666666666,0.0,0.4894560035100637,0.9966996699669967,0.9998736884074226,0.0,0.9983498349834984,1.0,0.6672688467308339,0.6674298641252463,0.6677438301061981,1,0.6,1,1.0,1,0.9984921585112282,0,0.49996751269400896,0,0.5126420124471657,1,0.67,1,2,0.2864830527245995
175,0.5,0.5925925925925926,0.5,,0.5818181818181818,0.4939231149517531,0.4939231149517531,0.0,0.6666666666666666,0.0,0.47767504581183773,0.9966996699669967,0.9999753686227894,0.0,1.0,1.0,0.6667658800056426,0.6668076204666414,0.666830650555005,1,0.6,1,1.0,0,0.0016023996627321279,1,0.5036458396973438,1,0.4867584249767504,1,0.5,0,1,0.4846655559438623
176,0.3,0.11111111111111116,0.5,,0.07272727272727272,0.5059195215281662,0.5059195215281662,0.0,0.6666666666666666,0.0,0.4950555835801759,0.9966996699669967,0.9968245960082155,0.0,1.0,1.0,0.6818320603709535,0.6845846307146509,0.6925028948697587,1,0.8,1,1.0,0,0.0043981559468255485,1,0.6001535284682816,1,0.5230752477845048,1,0.63,1,1,0.4070621779667313
177,0.5,0.7037037037037037,0.5,,0.6909090909090909,0.49392274232952227,0.49392274232952227,0.0,0.6666666666666666,0.0,0.4753714146038803,0.995049504950495,0.9999878251643393,0.0,1.0,1.0,0.6666969310130709,0.666724846006491,0.6667364425395687,0,0.4,0,0.0,1,0.9999778723569743,1,0.5101264561585622,1,0.513435338509579,0,0.32,0,3,0.5427433888291475
178,0.7,0.6666666666666667,0.5,,0.12727272727272726,0.510490959806015,0.510490959806015,0.0,0.6666666666666666,1.0,0.504241474591886,0.9983498349834984,0.9865859057772743,0.0016501650165016502,1.0,1.0,0.7383333589375507,0.7665493184749405,0.7846736516460003,0,0.2,0,0.0,0,0.08535764668104726,1,0.6616702026636293,0,0.4668429915124533,0,0.26,0,5,0.7210215265238117
179,0.4,0.8518518518518519,0.5,,0.21818181818181817,0.5032080216769854,0.5032080216769854,0.0,0.6666666666666666,0.3333333333333333,0.5117426521687671,0.9983498349834984,0.9939234329534445,0.0016501650165016502,0.9917491749174917,1.0,0.7254404859043294,0.7394574479323073,0.7476244698968673,1,0.6,0,0.0,0,0.4271289100680842,0,0.4856963161041602,0,0.4362058645825342,1,0.51,0,4,0.5901614848742036
180,0.3,0.11111111111111116,0.5,,0.18181818181818182,0.5060004338308792,0.5060004338308792,0.0,0.6666666666666666,0.0,0.45435544989323984,0.9917491749174917,0.9976324865994914,0.0,0.9983498349834984,1.0,0.6763600581855678,0.6780571954438281,0.6829159513214671,1,0.6,0,0.0,0,0.004939450462811948,1,0.549148514646559,0,0.5,1,0.71,1,3,0.6059853391484382
181,0.8,0.8148148148148149,0.5,,0.07272727272727272,0.4940115707081967,0.4940115707081967,0.0,0.6666666666666666,0.5,0.5658316669321339,0.9983498349834984,0.9981621089000203,0.00825082508250825,0.9983498349834984,1.0,0.6751389574794867,0.6793198991009207,0.6817855617598036,0,0.4,0,0.0,1,0.9947984706108675,1,0.5273733968854537,1,0.5,0,0.22,0,3,0.5596380220839465
182,0.5,0.6666666666666667,0.5,,0.9818181818181818,0.4939224788681933,0.4939224788681933,0.0,0.6666666666666666,1.0,0.5034747394541398,0.9983498349834984,0.9999992153591707,0.0,1.0,0.96,0.6666657098869194,0.6666676410171825,0.6666684346346579,1,0.6,1,1.0,0,0.0016250570951394944,1,0.5033586501038371,1,0.48662498879485916,1,0.61,0,1,0.4663985506676941
183,0.4,0.5925925925925926,0.5,,0.5818181818181818,0.4939230991187714,0.4939230991187714,0.0,0.6666666666666666,0.0,0.4533395764194307,0.995049504950495,0.9999695577706638,0.0,1.0,1.0,0.6667419013866354,0.666804716273033,0.6668392206479204,1,0.6,0,0.0,1,0.9994179167397802,1,0.5080508061045552,1,0.49472593614634863,1,0.59,0,1,0.467967556834886
184,0.1,0.0,0.5,,0.5454545454545454,0.49392397431030177,0.49392397431030177,0.0,0.6666666666666666,0.0,0.4197971761386995,0.9867986798679867,0.9999183777511182,0.0,0.9966996699669967,1.0,0.6668333005160186,0.6669839767410091,0.6670585983296624,1,1.0,0,0.0,1,0.9999777741718517,1,0.5117353201838634,1,0.5134086547763781,1,0.85,0,1,0.3541463751446511
185,0.6,1.0,0.5,,0.2,0.5058011299723457,0.5058011299723457,0.0,0.6666666666666666,1.0,0.5244933361359096,0.9983498349834984,0.996829314976104,0.0,1.0,1.0,0.6872234765158065,0.6908289469560147,0.6982464306621172,0,0.4,0,0.0,0,0.0017640564290686712,1,0.5176835477143117,0,0.5,0,0.21,1,5,0.7284253993094366
186,0.6,0.6666666666666667,0.5,,0.12727272727272726,0.49405622914182157,0.49405622914182157,0.0,0.6666666666666666,0.5,0.4906509632958327,0.9966996699669967,0.9978755685383148,0.0049504950495049506,0.9983498349834984,1.0,0.6791239445539055,0.6830720786559329,0.6856902425403691,0,0.2,0,0.0,1,0.9938246635399691,1,0.5350299310854563,1,0.5,0,0.16,0,3,0.6018575675624291
187,0.5,0.5925925925925926,0.5,,0.8363636363636363,0.5060774193907558,0.5060774193907558,0.0,0.6666666666666666,0.0,0.43726293881561995,0.995049504950495,0.9999957112114449,0.0,0.9966996699669967,1.0,0.6666877830369737,0.6666904117273172,0.6666966590920018,1,0.8,1,1.0,0,0.0005805542893545532,0,0.49308179868728075,0,0.5052815582019868,1,0.52,1,3,0.44684268147022965
188,0.7,0.7777777777777778,0.5,,0.09090909090909091,0.5114630845750407,0.5114630845750407,0.0,0.6666666666666666,0.3333333333333333,0.45106748115822093,0.995049504950495,0.9748178003255431,0.0016501650165016502,0.9983498349834984,1.0,0.7712441559912248,0.8197767917496992,0.8446838245318212,1,0.6,0,0.0,0,1.7611448442435183e-07,0,0.4233599046350237,0,0.43049018522663934,0,0.36,0,5,0.6976916223373086
189,0.4,0.5555555555555556,0.5,,0.12727272727272726,0.49394315531398414,0.49394315531398414,0.0,0.6666666666666666,0.0,0.48558419737633673,0.995049504950495,0.9992769121717372,0.0,1.0,1.0,0.6693929857340316,0.6707428215088678,0.6714979190757199,0,0.4,0,0.0,0,0.0011163380665846765,0,0.4985728767155566,1,0.49040331741489757,0,0.24,0,5,0.7283179113004935
190,0.3,0.2962962962962963,0.5,,0.4727272727272727,0.49392465832742083,0.49392465832742083,0.0,0.6666666666666666,0.0,0.49028936936763245,0.9966996699669967,0.9999327085105253,0.0,0.9983498349834984,1.0,0.6670047724809448,0.6671469281096088,0.6672160938823002,1,0.8,1,1.0,1,0.9994133330853935,1,0.5083155524818748,1,0.49475174330627686,1,0.84,0,0,0.22625322852107577
191,0.4,0.4814814814814815,0.5,,0.5272727272727272,0.4939234288316393,0.4939234288316393,0.0,0.6666666666666666,0.0,0.4915846235182978,0.9966996699669967,0.999961599717537,0.0,1.0,1.0,0.6668116403155204,0.6668787448070426,0.6669130454255913,1,0.6,0,0.0,1,0.9967099553881001,1,0.505918667464522,1,0.5,0,0.48,0,2,0.4862285628578963
192,0.6,0.962962962962963,0.5,,0.18181818181818182,0.5114648939554727,0.5114648939554727,0.0,0.6666666666666666,0.0,0.46325780021634344,0.995049504950495,0.9073484339622695,0.0,0.9983498349834984,1.0,0.7725984396163125,0.950492103059741,0.9995697359569257,0,0.4,1,1.0,0,3.4538650401714016e-19,1,0.9497202135430834,1,0.5,1,0.55,0,2,0.4333799644094861
193,0.7,0.9259259259259259,0.5,,0.21818181818181817,0.5114644938535969,0.5114644938535969,0.0,0.6666666666666666,1.0,0.5349552681411693,0.9983498349834984,0.9774069702551894,0.00825082508250825,1.0,1.0,0.79323517046129,0.834319748944744,0.8652867734789603,0,0.2,0,0.0,0,4.1068855949592286e-07,1,0.8049503675958026,0,0.5093602506976843,0,0.23,0,5,0.7092814951696589
194,0.6,1.0,0.5,,0.9272727272727272,0.4939224995957886,0.4939224995957886,0.0,0.6666666666666666,0.5,0.46550037308103176,0.9966996699669967,0.9999989260289742,0.0,1.0,1.0,0.6666697536932492,0.6666722357176114,0.6666733068465519,1,0.8,1,1.0,1,0.9987389617549466,1,0.5119826998100413,1,0.5216039823555008,1,0.56,0,0,0.26794572601325195
195,0.5,0.7777777777777778,0.5,,0.6545454545454545,0.4939230871689215,0.4939230871689215,0.0,0.6666666666666666,0.0,0.4285853761463785,0.9966996699669967,0.9999826353820056,0.0,0.9983498349834984,1.0,0.6667669274900857,0.6668038348015348,0.6668247833373613,0,0.4,1,1.0,1,0.9999778488587663,1,0.5101685069075985,1,0.5134263906919514,0,0.4,0,2,0.3627378755902806
196,0.6,0.5555555555555556,0.5,,0.14545454545454545,0.5058223384208957,0.5058223384208957,0.0,0.6666666666666666,1.0,0.5294121649720083,0.9983498349834984,0.9957502545242107,0.0,1.0,1.0,0.6853487050879579,0.6898287593180072,0.7003940802250634,0,0.2,1,1.0,0,0.006729770295726512,1,0.5644460575731456,1,0.5331243245452838,0,0.39,1,3,0.5509499745976407
197,0.4,0.4814814814814815,0.5,,0.18181818181818182,0.48853510604450723,0.48853510604450723,0.0,0.6666666666666666,0.25,0.4980912714879717,0.9966996699669967,0.9566616270850642,0.0049504950495049506,0.9983498349834984,1.0,0.9185737074008496,0.9700785348510057,0.9995656791892202,0,0.4,1,1.0,1,1.0,1,0.8788194877514719,1,0.5,1,0.61,1,1,0.26853008537475465
198,0.5,0.9259259259259259,0.5,,0.8545454545454545,0.49392257306515064,0.49392257306515064,0.0,0.6666666666666666,0.0,0.48180509880132627,0.9966996699669967,0.9999961481807348,0.0,1.0,1.0,0.6666813730098659,0.6666883029447876,0.6666921707680133,0,0.4,0,0.0,1,0.9999778856742116,1,0.510046564537421,1,0.5134388216857825,0,0.49,0,3,0.5144227880170975
199,0.3,0.5555555555555556,0.5,,0.9636363636363636,0.4939224849996575,0.4939224849996575,0.0,0.6666666666666666,0.3333333333333333,0.46155072903581995,0.9966996699669967,0.9999993116128286,0.0049504950495049506,0.9933993399339934,1.0,0.6666682052525379,0.6666690087482423,0.6666695076925253,1,0.6,0,0.0,1,0.9994197203564578,1,0.5070369622248039,1,0.49471672319151727,1,0.65,0,1,0.4581377657045369
200,0.7,1.0,0.5,,0.9818181818181818,0.5060774891144757,0.5060774891144757,0.0,0.6666666666666666,1.0,0.5228823832494134,0.9983498349834984,0.99999847952352,0.006600660066006601,1.0,1.0,0.6666737774376841,0.666674846234163,0.6666773570896481,0,0.4,0,0.0,0,0.001261229808561747,0,0.4880321628563981,0,0.4784032249767933,0,0.27,1,6,0.7270505637263744
201,0.8,0.5925925925925926,0.5,,0.4727272727272727,0.506074925262941,0.506074925262941,0.0,0.6666666666666666,0.625,0.6025145953575175,0.9983498349834984,0.9999587636350116,0.01485148514851485,0.995049504950495,1.0,0.6671765639438518,0.6672404385169051,0.6672987528063441,0,0.2,1,1.0,1,0.9984644066601442,0,0.496915119411703,0,0.51282426222404,0,0.19,1,4,0.4336327019506855
202,0.5,0.11111111111111116,0.5,,0.07272727272727272,0.505927119293611,0.505927119293611,0.0,0.6666666666666666,0.0,0.4648166331617294,0.995049504950495,0.9966399067648078,0.0,1.0,1.0,0.6812386367984582,0.6842359843408206,0.6914667461330433,1,0.6,1,1.0,0,4.483722461302896e-05,1,0.5538369374151132,0,0.4880277511899192,1,0.56,1,2,0.46634841236172575
203,0.6,0.5555555555555556,0.5,,0.9636363636363636,0.49392248862310684,0.49392248862310684,0.0,0.6666666666666666,0.0,0.4904060771878156,0.9966996699669967,0.9999988196130306,0.0,1.0,1.0,0.6666667917889502,0.6666696115507262,0.6666705365053981,0,0.2,1,1.0,1,0.9999778916856682,1,0.5100057965022009,1,0.513441059442085,0,0.45,0,2,0.3877625420616744
204,0.7,0.5555555555555556,0.5,,0.8363636363636363,0.493922583567165,0.493922583567165,0.0,0.6666666666666666,1.0,0.551103047585046,0.9983498349834984,0.999994850610599,0.0,1.0,1.0,0.6666823670772587,0.6666908464807766,0.6666962532888417,0,0.2,1,1.0,1,0.9967278209553296,1,0.5062017610973599,1,0.5,0,0.44,0,2,0.392845069657885
205,0.4,0.11111111111111116,0.5,,0.18181818181818182,0.5060269658610252,0.5060269658610252,0.0,0.6666666666666666,0.3333333333333333,0.4911171864039843,0.9966996699669967,0.998761185912841,0.0016501650165016502,0.9983498349834984,1.0,0.6739910868010427,0.675157634563277,0.6768865614848153,1,0.6,1,1.0,0,2.774651810402251e-05,1,0.5159073300156114,0,0.48742210447654516,1,0.66,1,2,0.4561071364982898
206,0.5,0.5925925925925926,0.5,,0.6727272727272727,0.49392285777204625,0.49392285777204625,0.0,0.6666666666666666,0.6666666666666666,0.52595807383974,0.9983498349834984,0.9999913011749735,0.0049504950495049506,0.9983498349834984,1.0,0.6667350596777752,0.6667510858341618,0.6667618582459282,0,0.4,1,1.0,1,0.9999778643885275,1,0.5101215045164822,1,0.5134318902242438,1,0.71,0,1,0.31107812347845776
207,0.4,0.2962962962962963,0.5,,0.4727272727272727,0.4939250905452781,0.4939250905452781,0.0,0.6666666666666666,0.0,0.488315160283734,0.9966996699669967,0.9999441358562576,0.0016501650165016502,0.9966996699669967,1.0,0.6671420629634499,0.6672407685949264,0.6673239772653583,1,0.6,0,0.0,1,0.9986960526148964,1,0.5129557144128795,1,0.5200753625480004,1,0.5,0,1,0.4780454784040373
208,0.2,0.4444444444444444,0.5,,0.09090909090909091,0.4885419073227312,0.4885419073227312,0.0,0.6666666666666666,1.0,0.5044812531549334,0.9983498349834984,0.9717239470271466,0.0,1.0,1.0,0.7764824460100063,0.8090278798640708,0.8823939144480891,1,0.8,1,1.0,1,0.9999652701699091,1,0.935186458974266,1,0.5676901088737365,1,0.65,1,0,0.17452636033034796
209,0.5,0.7037037037037037,0.5,,0.3090909090909091,0.4939280550218039,0.4939280550218039,0.0,0.6666666666666666,0.0,0.4707098134645553,0.9966996699669967,0.999740004237367,0.0,1.0,1.0,0.6673280649726141,0.6678451820811947,0.6680767959031554,0,0.4,0,0.0,0,0.001446801478061686,1,0.5103566181661054,1,0.48771509870300167,1,0.52,0,3,0.6800802469421385
210,0.5,0.7037037037037037,0.5,,0.21818181818181817,0.4885351144219977,0.4885351144219977,0.0,0.6666666666666666,0.3333333333333333,0.49323565052703344,0.9966996699669967,0.9770381295185898,0.006600660066006601,0.9933993399339934,1.0,0.8369205535223064,0.8621980226893754,0.8977351353534829,1,0.6,1,1.0,1,0.999999993065245,1,0.6629752112776143,1,0.549229223353589,1,0.75,1,0,0.23963259538392523
211,0.5,0.6666666666666667,0.5,,0.12727272727272726,0.4940602137817458,0.4940602137817458,0.0,0.6666666666666666,0.0,0.4822714775993949,0.995049504950495,0.9971276366367777,0.0,1.0,1.0,0.6757848465920586,0.6834219690061418,0.6876524632603771,1,0.6,1,1.0,1,0.9999575323568285,1,0.6023329134495279,1,0.5131111769901233,1,0.62,0,0,0.27743306286725333
212,0.4,0.8148148148148149,0.5,,0.12727272727272726,0.5060626291216386,0.5060626291216386,0.0,0.6666666666666666,1.0,0.5314094532090121,0.9983498349834984,0.9994952322585786,0.0,1.0,1.0,0.6692555783342878,0.6696603528639958,0.6706144366738477,0,0.4,1,1.0,0,2.339652850196716e-05,1,0.504828949637951,0,0.48693720992089706,0,0.4,1,4,0.5347017406521084
213,0.3,0.8148148148148149,0.5,,0.7272727272727273,0.49392270062577526,0.49392270062577526,0.0,0.6666666666666666,0.6666666666666666,0.5071083041948534,0.9983498349834984,0.9999945859433554,0.0033003300330033004,0.9966996699669967,1.0,0.6667092359026109,0.6667171510285455,0.6667220685314759,1,0.6,0,0.0,1,0.9987356277722214,1,0.5119070217764174,1,0.5214820483868285,0,0.48,0,2,0.4813125503440888
214,0.5,0.7037037037037037,0.5,,0.6909090909090909,0.4939227431608826,0.4939227431608826,0.0,0.6666666666666666,1.0,0.512996856581371,0.9983498349834984,0.9999895165934201,0.0,1.0,1.0,0.6667074377934,0.6667259166995954,0.6667342148431327,0,0.0,0,0.0,1,0.9967244269199018,1,0.5063678436259891,1,0.5,0,0.21,0,3,0.6311512882423516
215,0.4,0.5925925925925926,0.5,,0.8909090909090909,0.49392250511172,0.49392250511172,0.0,0.6666666666666666,0.5714285714285714,0.572867107414589,0.9983498349834984,0.9999988642057314,0.006600660066006601,0.9933993399339934,1.0,0.6666716232812423,0.6666735470042685,0.6666744314528621,1,0.6,0,0.0,1,0.9987388671977483,1,0.5119793164043864,1,0.5216003886524891,1,0.58,0,1,0.464613571290896
216,0.6,0.6296296296296297,0.5,,0.9454545454545454,0.5060775077729126,0.5060775077729126,0.0,0.6666666666666666,1.0,0.5008496028023905,0.9983498349834984,0.9999984047951582,0.0,1.0,1.0,0.6666694162353495,0.6666707229831603,0.6666753303123201,1,0.6,1,1.0,0,0.0005802990912026501,0,0.4929896848837058,0,0.5052831360665972,1,0.7,1,3,0.450191146659749
217,0.6,0.7777777777777778,0.5,,0.2,0.5012233567418024,0.5012233567418024,0.0,0.6666666666666666,0.0,0.38579085222001186,0.9966996699669967,0.9904871530930894,0.0016501650165016502,0.9917491749174917,1.0,0.7213586455766222,0.7279530126076013,0.7364106337091207,0,0.4,0,0.0,0,0.05803184178968949,1,0.5541926026373244,0,0.5,0,0.47,1,5,0.6696292592621644
218,0.4,0.5185185185185186,0.5,,0.45454545454545453,0.5060754474888254,0.5060754474888254,0.0,0.6666666666666666,0.0,0.4305909550029685,0.995049504950495,0.9999410625712114,0.0,0.9983498349834984,1.0,0.6670518109900919,0.6671207933093513,0.6672116477619084,0,0.4,1,1.0,0,0.0012950910225810364,0,0.4887596848366987,0,0.4796049704621041,1,0.6,1,4,0.505056708946436
219,0.7,0.8888888888888888,0.5,,0.9818181818181818,0.506077441712889,0.506077441712889,0.0,0.6666666666666666,1.0,0.5173248086386897,0.9983498349834984,0.9999970823470217,0.0,1.0,1.0,0.6666828799888234,0.6666857491661712,0.6666945253787754,0,0.4,0,0.0,0,0.0012620119101065949,0,0.48807698327414306,0,0.47843285038250816,0,0.41,1,6,0.7037046924055403
220,0.4,0.40740740740740744,0.5,,0.18181818181818182,0.4941361645357156,0.4941361645357156,0.0,0.6666666666666666,0.6,0.5016380658071877,0.9983498349834984,0.9976246129916488,0.0049504950495049506,0.9917491749174917,1.0,0.6837010885466109,0.6879464411601098,0.6907241237789813,1,0.6,1,1.0,0,0.00042201088418460396,1,0.5290341500831783,1,0.5,0,0.33,0,2,0.5067573065054394
221,0.6,0.7037037037037037,0.5,,0.10909090909090909,0.5060586897114965,0.5060586897114965,0.0,0.6666666666666666,0.5,0.5569217287349499,0.9983498349834984,0.9995788311465653,0.0049504950495049506,0.9983498349834984,1.0,0.6699437095837618,0.6703644845057523,0.6710963615666442,1,0.6,1,1.0,1,0.9988501128656295,0,0.49662091754492327,0,0.5100077778677155,0,0.39,1,3,0.3340868652869553
222,0.7,0.8148148148148149,0.5,,0.9818181818181818,0.5060774826070426,0.5060774826070426,0.0,0.6666666666666666,0.6,0.5356164685609037,0.9983498349834984,0.999998836702523,0.01485148514851485,0.9966996699669967,1.0,0.6666751819104433,0.6666762541942485,0.6666781325883351,0,0.4,0,0.0,0,0.0012613363105926883,0,0.48804170383673545,0,0.4784070451436866,0,0.07,1,6,0.7603816524514976
223,0.3,0.5925925925925926,0.5,,0.8909090909090909,0.49392250327462417,0.49392250327462417,0.0,0.6666666666666666,0.0,0.44638416166057504,0.995049504950495,0.9999979691177076,0.0,0.9983498349834984,1.0,0.6666682695155155,0.6666731426439767,0.666674898860945,1,0.6,1,1.0,1,0.9999778907715894,1,0.5100151066648397,1,0.5134406732445221,1,0.61,0,0,0.29442772155317476
224,0.3,0.11111111111111116,0.5,,0.18181818181818182,0.5060335818418364,0.5060335818418364,0.0,0.6666666666666666,0.5,0.4109878248677612,0.9966996699669967,0.9989914749827581,0.0,0.9983498349834984,1.0,0.6732241583749767,0.6742340158068248,0.6761846535420559,1,0.6,0,0.0,0,2.6924137506326e-05,0,0.4916827733265482,0,0.48709329746408364,1,0.67,1,4,0.6251995008453104
225,0.7,0.8148148148148149,0.5,,0.21818181818181817,0.4939343475003354,0.4939343475003354,0.0,0.6666666666666666,1.0,0.5439457127497027,0.9983498349834984,0.9995741226842068,0.0016501650165016502,1.0,1.0,0.6681591237577081,0.669122771550896,0.6696193060785299,0,0.4,0,0.0,1,0.9999768806512959,1,0.5143482057508202,1,0.5131878303081858,0,0.33,0,3,0.5404145138816163
226,0.6,0.7407407407407407,0.5,,0.32727272727272727,0.49392741767837356,0.49392741767837356,0.0,0.6666666666666666,0.0,0.4979753135335113,0.9966996699669967,0.999829276936079,0.0,1.0,1.0,0.6674219902419699,0.6677345727009767,0.6679114634651073,1,0.6,0,0.0,0,0.0014637163644754677,1,0.5045369261985264,1,0.48765275905069094,0,0.28,0,3,0.6877244330643846
227,0.4,0.6296296296296297,0.5,,0.07272727272727272,0.5060438330114998,0.5060438330114998,0.0,0.6666666666666666,0.0,0.4849901114624723,0.9966996699669967,0.9992278973312619,0.0,0.9983498349834984,1.0,0.6719370167060568,0.6727600320844808,0.6740071846188529,1,0.6,0,0.0,0,0.0018465719878770523,1,0.5028832229738038,0,0.4946185336976229,1,0.65,1,3,0.6251086118901161
228,0.4,0.5925925925925926,0.5,,0.8363636363636363,0.5060774346786634,0.5060774346786634,0.0,0.6666666666666666,0.25,0.45367313135568466,0.9966996699669967,0.9999973947659662,0.0016501650165016502,0.9966996699669967,1.0,0.6666839584777358,0.6666870525490408,0.6666913557431702,0,0.4,1,1.0,0,0.0032717844038560252,0,0.49376042975031015,0,0.5,1,0.53,1,4,0.5121612976409724
229,0.3,0.2962962962962963,0.5,,0.8363636363636363,0.49392266265456874,0.49392266265456874,0.0,0.6666666666666666,0.5,0.5405670300723753,0.9983498349834984,0.9999952147229028,0.0,0.9983498349834984,1.0,0.6666985942422307,0.6667086386695871,0.6667154532379584,1,0.6,1,1.0,0,0.0016183855248139516,1,0.503485607148688,1,0.48666421785721203,0,0.45,0,2,0.49303863157821426
230,0.8,0.5925925925925926,0.5,,0.5818181818181818,0.49392317603346947,0.49392317603346947,0.0,0.6666666666666666,0.5,0.4856317873061524,0.9966996699669967,0.9999776225569748,0.0016501650165016502,0.9983498349834984,1.0,0.6667816518182241,0.666823733745414,0.6668464759897542,0,0.4,0,0.0,0,0.001600018250662699,1,0.5033037479779565,1,0.48677512732777944,0,0.32,0,4,0.7147201844072668
231,0.6,0.6296296296296297,0.5,,0.9454545454545454,0.5060775123399319,0.5060775123399319,0.0,0.6666666666666666,0.3333333333333333,0.43937585942684554,0.995049504950495,0.9999990616238656,0.0016501650165016502,0.9966996699669967,1.0,0.666668977704754,0.6666696053126389,0.6666711316751328,0,0.4,0,0.0,0,0.00126084489300964,0,0.4880269496345773,0,0.4783890208104116,0,0.47,1,6,0.6937205307770002
232,0.6,0.5555555555555556,0.5,,0.4909090909090909,0.5060766580823682,0.5060766580823682,0.0,0.6666666666666666,0.5,0.4964391922501554,0.9966996699669967,0.9999650775928932,0.0,0.9983498349834984,1.0,0.6668252707400665,0.6668595005686125,0.6669377388895127,0,0.4,0,0.0,0,0.0012749744137319882,0,0.4890527519043277,0,0.47890682341153923,1,0.57,1,5,0.6767942417117336
233,0.4,0.5185185185185186,0.5,,0.32727272727272727,0.5060721399637207,0.5060721399637207,0.0,0.6666666666666666,0.0,0.4500145687873145,0.995049504950495,0.9998515583616647,0.0,1.0,1.0,0.6676867931373741,0.6678342832671942,0.6681304535907391,1,0.6,1,1.0,0,0.0033842698229933836,0,0.4971119010657732,0,0.5,1,0.85,1,3,0.4249173048518722
234,0.9,1.0,0.5,,0.12727272727272726,0.5111904273898056,0.5111904273898056,0.0,0.6666666666666666,1.0,0.5200670229803586,0.9983498349834984,0.9859751436833243,0.0049504950495049506,1.0,1.0,0.7376700974319941,0.7775477020950775,0.7955248805591799,0,0.2,0,0.0,0,0.00396031588622248,1,0.5683015421085233,0,0.43748858971629534,0,0.21,0,5,0.7633749253814931
235,0.6,0.6296296296296297,0.5,,0.9454545454545454,0.5060775083064317,0.5060775083064317,0.0,0.6666666666666666,0.0,0.46093783666154287,0.9966996699669967,0.9999989073803188,0.0,0.9966996699669967,1.0,0.6666697504908168,0.6666705385190661,0.6666717488991869,1,0.8,0,0.0,0,2.210839333657483e-05,0,0.4900468901197835,0,0.48655923638362414,1,0.64,1,4,0.5972286275172092
236,0.2,0.11111111111111116,0.5,,0.18181818181818182,0.5060126163125472,0.5060126163125472,0.0,0.6666666666666666,0.0,0.4821584594209152,0.995049504950495,0.9979429970487947,0.0,0.9983498349834984,1.0,0.6751425598188735,0.6768400893534627,0.6809773422987364,1,0.6,1,1.0,0,0.004670087849292123,1,0.5003109787570608,0,0.5,1,0.64,1,2,0.45916982223227454
237,0.7,0.5555555555555556,0.5,,0.12727272727272726,0.5114648939554968,0.5114648939554968,0.0,0.6666666666666666,0.0,0.45992125314398435,0.9966996699669967,0.9188578911365604,0.0,0.9983498349834984,1.0,0.789662977374731,0.860132871241876,0.9840611518226289,0,0.0,0,0.0,0,1.1107398934939158e-41,0,0.4945274684232833,0,0.5086925386488715,0,0.18,0,6,0.8027966654879742
238,0.7,0.6296296296296297,0.5,,0.16363636363636364,0.5114648939554968,0.5114648939554968,0.0,0.6666666666666666,0.0,0.4546143846508066,0.9933993399339934,0.8961048257995585,0.0,1.0,1.0,0.8295895889107319,0.9551031909533529,0.9996013152055953,1,0.6,1,1.0,0,1.0218660373089463e-18,1,0.9989717563407212,1,0.4794320968424865,1,0.57,0,1,0.39193269113613205
239,0.5,0.6296296296296297,0.5,,0.16363636363636364,0.5114648939554968,0.5114648939554968,0.0,0.6666666666666666,0.5,0.5301284697151277,0.9983498349834984,0.9291792954327849,0.0,0.9966996699669967,1.0,0.847170460456036,0.9661526557539518,0.9999359962475409,0,0.4,0,0.0,0,1.6963199742150156e-14,1,0.7556112645277031,0,0.4900273430609723,1,0.52,0,4,0.6390602320685512
240,0.5,0.7777777777777778,0.5,,0.7090909090909091,0.5060772734339862,0.5060772734339862,0.0,0.6666666666666666,0.0,0.4933822206417946,0.995049504950495,0.9999873084617042,0.0,1.0,1.0,0.6667098060843706,0.6667226419167014,0.6667419151850251,0,0.2,1,1.0,0,0.001264796266970089,0,0.48816010203582083,0,0.4785334632035466,0,0.39,1,5,0.5736736064156105
241,0.5,0.11111111111111116,0.5,,0.07272727272727272,0.5059461235571799,0.5059461235571799,0.0,0.6666666666666666,0.0,0.4810565358262324,0.9966996699669967,0.9975825178535336,0.0,0.9983498349834984,1.0,0.680702382112206,0.6828907197067796,0.6870520755187147,1,0.6,1,1.0,0,0.0010843800607801281,0,0.4877545744552635,0,0.5,1,0.66,1,3,0.45852684091399276
242,0.3,0.4444444444444444,0.5,,0.09090909090909091,0.4885399136002083,0.4885399136002083,0.0,0.6666666666666666,1.0,0.5130195065902103,0.9983498349834984,0.9836149126367641,0.0,1.0,1.0,0.792747178144002,0.8130607873942485,0.8552328853163021,1,0.8,0,0.0,1,0.9999988888173085,1,0.7351475218255276,1,0.5684898567152461,1,0.66,1,1,0.3727272887736529
243,0.3,0.11111111111111116,0.5,,0.18181818181818182,0.5060297370870019,0.5060297370870019,0.0,0.6666666666666666,1.0,0.5022578967524313,0.9983498349834984,0.9984874184466022,0.0,1.0,1.0,0.6730917929987981,0.6748111944678938,0.6785321900609891,1,0.8,1,1.0,0,0.004294572198119635,1,0.5079636044852326,0,0.5,1,0.55,1,2,0.4396236372194413
244,0.5,1.0,0.5,,0.18181818181818182,0.49397319082268154,0.49397319082268154,0.0,0.6666666666666666,1.0,0.5160463521988656,0.9983498349834984,0.9981887483129211,0.0,1.0,1.0,0.6710196409482768,0.6750753457099292,0.676943407829181,1,0.6,0,0.0,0,0.0007942513584975882,1,0.5378536191518095,1,0.4936216956105688,0,0.46,0,3,0.6512884056465207
245,1.0,1.0,0.5,,0.509090909090909,0.5060761273824181,0.5060761273824181,0.0,0.6666666666666666,1.0,0.6156982209434867,0.9983498349834984,0.9999444629134326,0.01155115511551155,1.0,1.0,0.6669271498279371,0.6669779902747774,0.6671199128754909,0,0.0,0,0.0,0,0.0012838795717673263,0,0.48928045445362084,0,0.47922916252257575,0,0.05,1,6,0.830034417242006
246,0.4,0.7037037037037037,0.5,,0.2727272727272727,0.5060710560310355,0.5060710560310355,0.0,0.6666666666666666,1.0,0.5244984573670257,0.9983498349834984,0.9997322981339906,0.0,1.0,1.0,0.6677917064217338,0.6680335875642877,0.6687129930282707,0,0.4,1,1.0,0,0.0006000237096888513,0,0.49899007167708204,0,0.5051760903591649,1,0.54,1,4,0.5092056357090107
247,0.7,1.0,0.5,,0.41818181818181815,0.5060739507472983,0.5060739507472983,0.0,0.6666666666666666,1.0,0.5060880942024817,0.9983498349834984,0.9998887246028999,0.0016501650165016502,1.0,1.0,0.6673369672333546,0.6674483345762332,0.6676358133198034,0,0.4,0,0.0,0,0.0013201120336007097,0,0.4900721528681439,0,0.4804984978234925,0,0.18,1,6,0.7413515395457938
248,0.7,0.6296296296296297,0.5,,0.9454545454545454,0.506077514649446,0.506077514649446,0.0,0.6666666666666666,1.0,0.5068276336278696,0.9983498349834984,0.9999988777740243,0.0,1.0,1.0,0.6666680290910532,0.6666690650353466,0.6666715905738362,0,0.4,0,0.0,0,0.0032700884876911266,0,0.4937552018423945,0,0.5,0,0.47,1,6,0.688829118278319
249,0.4,0.5555555555555556,0.5,,0.9636363636363636,0.49392248487741375,0.49392248487741375,0.0,0.6666666666666666,0.0,0.497717373158009,0.9966996699669967,0.9999991632573363,0.0,0.9983498349834984,1.0,0.6666670186026311,0.666668896181667,0.6666696976469135,1,0.6,1,1.0,1,0.9987392046234741,1,0.5119997447105291,1,0.5216130789097009,1,0.65,0,0,0.28627466195938256
250,0.4,0.8148148148148149,0.5,,0.7272727272727273,0.49392270566396945,0.49392270566396945,0.0,0.6666666666666666,1.0,0.5187092861607167,0.9983498349834984,0.9999938187391588,0.0,0.9983498349834984,1.0,0.6667048906180677,0.6667182980384976,0.6667252483374304,1,1.0,0,0.0,1,0.9999778761729449,1,0.5100176418467091,1,0.513435039628931,1,0.53,0,1,0.4077615737252359
251,0.5,0.5925925925925926,0.5,,0.5818181818181818,0.49392310192367184,0.49392310192367184,0.0,0.6666666666666666,0.0,0.49128923282076287,0.9966996699669967,0.9999814244213919,0.0,1.0,1.0,0.6667762690618826,0.6668064767959482,0.6668211004217975,0,0.2,0,0.0,1,0.9999778488733463,1,0.5098341710924453,1,0.5134221073618781,0,0.45,0,3,0.5544609787787216
252,0.7,0.8518518518518519,0.5,,1.0,0.5060775235577047,0.5060775235577047,0.0,0.6666666666666666,0.0,0.48546329276880484,0.9966996699669967,0.9999991051374264,0.0,1.0,0.91,0.6666663020670972,0.6666670346859256,0.6666684012205976,0,0.4,0,0.0,1,0.9983748469638325,0,0.49666547340497597,0,0.5133755763374399,0,0.44,1,5,0.5252640172156253
253,0.8,0.0,0.5,,0.5454545454545454,0.4939235887480613,0.4939235887480613,0.0,0.6666666666666666,0.0,0.45789842652439694,0.995049504950495,0.9999462710427619,0.0,1.0,1.0,0.6668063656311154,0.6669136700642107,0.666971049718918,0,0.4,1,1.0,1,0.9967067133090269,1,0.5073902162791766,1,0.5,1,0.59,0,1,0.33431717840196606
254,0.5,0.2962962962962963,0.5,,0.18181818181818182,0.48853510604450323,0.48853510604450323,0.0,0.6666666666666666,1.0,0.5016003179900139,0.9983498349834984,0.9362362371994285,0.0,1.0,1.0,0.8400743641482842,0.950573144719177,0.998559526494384,0,0.4,0,0.0,1,1.0,1,0.9595606463722351,1,0.49148334431054513,1,0.58,1,2,0.4281593348862033
255,0.6,0.7037037037037037,0.5,,0.10909090909090909,0.5060499798418981,0.5060499798418981,0.0,0.6666666666666666,1.0,0.5266644818308592,0.9983498349834984,0.9990135558249554,0.0,1.0,1.0,0.6708951376455617,0.6718164522489997,0.6745986724484206,0,0.4,0,0.0,1,0.998982047692097,0,0.4705098802944843,0,0.5088604281961163,0,0.47,1,5,0.5252746073028838
256,0.4,0.5925925925925926,0.5,,0.18181818181818182,0.5047245406098686,0.5047245406098686,0.0,0.6666666666666666,0.3333333333333333,0.4052205256137792,0.9933993399339934,0.9948036013303296,0.0016501650165016502,0.9900990099009901,1.0,0.7042048308285137,0.7103097595563698,0.71990405275735,1,0.8,1,1.0,0,0.04525166903440177,1,0.6111946853917806,1,0.5584067326855445,1,0.73,1,1,0.37585781881471225
257,0.5,0.4444444444444444,0.5,,0.2545454545454545,0.506066036409681,0.506066036409681,0.0,0.6666666666666666,0.3333333333333333,0.5076474064289478,0.9983498349834984,0.999673365047083,0.0,0.9966996699669967,1.0,0.6686566905328688,0.6690320720480325,0.6697788849784896,0,0.4,0,0.0,0,0.0006158135037490798,1,0.5015648942686529,0,0.5051046495293924,1,0.62,1,4,0.6621191071163677
258,0.4,0.5925925925925926,0.5,,0.8363636363636363,0.5060774187760035,0.5060774187760035,0.0,0.6666666666666666,0.0,0.45242966890713765,0.9917491749174917,0.9999938294167298,0.0,1.0,1.0,0.6666855738944345,0.666690994868125,0.6667012268291108,1,0.8,1,1.0,0,0.0005805547117308185,0,0.49304486003272224,0,0.5052815240849805,0,0.49,1,4,0.4518488435284277
259,0.6,1.0,0.5,,0.5818181818181818,0.49392333261619925,0.49392333261619925,0.0,0.6666666666666666,0.0,0.47771089170602665,0.9966996699669967,0.9999711542288064,0.0,1.0,1.0,0.6668037932041594,0.6668568794498029,0.6668855030865062,0,0.4,1,1.0,1,0.9987252295603625,1,0.512150866145669,1,0.5211066864385969,1,0.68,0,1,0.31466953630922856
260,0.4,0.5925925925925926,0.5,,0.8363636363636363,0.5060774537008652,0.5060774537008652,0.0,0.6666666666666666,1.0,0.5243010510926867,0.9983498349834984,0.9999964875909831,0.0,1.0,1.0,0.6666795859988468,0.6666829623444908,0.6666902827992377,1,0.6,1,1.0,0,2.2112008922661398e-05,0,0.49008145189325963,0,0.4865609827634385,1,0.58,1,3,0.4738892422223965
261,0.5,0.962962962962963,0.5,,0.6181818181818182,0.5060767000096401,0.5060767000096401,0.0,0.6666666666666666,0.5,0.5423247824552951,0.9983498349834984,0.9999783012163522,0.0016501650165016502,0.9983498349834984,1.0,0.666827595515775,0.666848678956965,0.6668962673707511,0,0.4,0,0.0,0,2.2166950065194137e-05,0,0.4900868339180105,0,0.4865791684092579,0,0.46,1,6,0.6938853051204443
262,0.2,0.37037037037037035,0.5,,0.10909090909090909,0.5034920607075869,0.5034920607075869,0.0,0.6666666666666666,0.0,0.448015276503014,0.9917491749174917,0.982670589335851,0.0,1.0,1.0,0.7006501514125032,0.7406863329106854,0.7583906529877079,1,0.6,1,1.0,1,0.762057251534804,1,0.8455493503650113,1,0.5,1,0.65,0,0,0.27373223301669736
263,0.5,0.962962962962963,0.5,,0.18181818181818182,0.5114648939554727,0.5114648939554727,0.0,0.6666666666666666,0.0,0.47827977399930743,0.9933993399339934,0.9297834732980571,0.0,1.0,1.0,0.8334601026159266,0.9562218170459347,0.9990171172680881,1,0.6,0,0.0,0,3.137033039646516e-16,1,0.945654753925056,1,0.482900956271418,1,0.64,0,2,0.5552407149672542
264,0.4,0.2962962962962963,0.5,,0.8363636363636363,0.4939226700638786,0.4939226700638786,0.0,0.6666666666666666,0.5,0.5127941169898593,0.9983498349834984,0.9999935172178471,0.0,1.0,1.0,0.6666986963833538,0.6667104476251713,0.6667178774279895,0,0.4,1,1.0,0,0.0016180963297013475,1,0.5035245156342762,1,0.48666578816495243,1,0.54,0,2,0.5113652666451782
265,0.5,0.6296296296296297,0.5,,0.9818181818181818,0.5060775202535048,0.5060775202535048,0.0,0.6666666666666666,0.42857142857142855,0.46151737734375675,0.995049504950495,0.9999993280910932,0.0049504950495049506,0.9917491749174917,1.0,0.6666675008161109,0.6666678298673365,0.6666683035459307,1,0.6,1,1.0,0,0.001260713017078281,0,0.48802007541071035,0,0.47838418384917003,1,0.68,1,3,0.4587225046205068
266,0.5,0.5185185185185186,0.5,,0.32727272727272727,0.5060717239910366,0.5060717239910366,0.0,0.6666666666666666,0.0,0.45934222383191603,0.995049504950495,0.9998019168780736,0.0,1.0,1.0,0.6677563046293225,0.6679239802406525,0.6682287289008128,1,0.6,1,1.0,0,0.003392951301655194,0,0.4970676022993965,0,0.5,1,0.71,1,3,0.4482565743998247
267,0.4,0.4444444444444444,0.5,,0.2545454545454545,0.5060672293502955,0.5060672293502955,0.0,0.6666666666666666,0.0,0.466655224940007,0.995049504950495,0.9995837808097848,0.0,0.9983498349834984,1.0,0.6684215248897231,0.6687965481590612,0.6695918527872822,0,0.4,0,0.0,0,0.0014341445847088385,0,0.4979575255204648,0,0.4841012456995606,0,0.38,1,6,0.7060845140325442
268,0.2,0.37037037037037035,0.5,,0.10909090909090909,0.5048990674619279,0.5048990674619279,0.0,0.6666666666666666,0.0,0.409129785380252,0.9900990099009901,0.9878790309333053,0.0016501650165016502,0.9900990099009901,1.0,0.7332302492623693,0.7440910689821635,0.7533285459105427,1,0.6,1,1.0,0,0.3079452123844993,1,0.5634260347143402,0,0.43678144775790484,1,0.79,0,2,0.3836412175238759
269,0.5,0.5925925925925926,0.5,,0.5818181818181818,0.4939230309559415,0.4939230309559415,0.0,0.6666666666666666,0.0,0.4813554010075145,0.9966996699669967,0.9999778304286869,0.0,0.9983498349834984,1.0,0.6667263306812977,0.6667870137797836,0.6668151076787704,1,0.6,1,1.0,1,0.9967182553651381,1,0.5066149297069004,1,0.5,1,0.71,0,0,0.2811111358213271
270,0.6,0.9259259259259259,0.5,,0.8545454545454545,0.5060774103963791,0.5060774103963791,0.0,0.6666666666666666,0.0,0.49321315076048533,0.995049504950495,0.9999934492798149,0.0,1.0,1.0,0.6666873905650552,0.6666927692395064,0.6667070512265258,0,0.4,1,1.0,0,0.0032722736154818847,0,0.49384651207988983,0,0.5,0,0.49,1,5,0.5188135357174379
271,0.4,0.5555555555555556,0.5,,0.12727272727272726,0.49394268016733345,0.49394268016733345,0.0,0.6666666666666666,0.375,0.4955912111174363,0.995049504950495,0.9996309497589171,0.0049504950495049506,0.9933993399339934,1.0,0.6699800191490325,0.6706315497075866,0.6710808200395489,0,0.4,0,0.0,0,0.0011249401972351465,1,0.5051085444971894,1,0.49024502268488085,0,0.42,0,4,0.6972535821034491
272,0.3,0.0,0.5,,0.5454545454545454,0.4939238981773826,0.4939238981773826,0.0,0.6666666666666666,0.0,0.42418334073304853,0.995049504950495,0.9999248923572562,0.0,0.9983498349834984,1.0,0.6668452676312533,0.6669833216817971,0.6670613644989104,1,0.6,0,0.0,1,0.9994156237463229,1,0.5076785308339817,1,0.4947410819265855,1,0.55,0,1,0.47469412724885174
273,0.6,0.5555555555555556,0.5,,0.12727272727272726,0.4939444537525075,0.4939444537525075,0.0,0.6666666666666666,0.0,0.39951358647562585,0.9966996699669967,0.9992180511275278,0.0,0.9983498349834984,1.0,0.6694370813129582,0.6708409681865339,0.6714978949330507,1,0.6,0,0.0,1,0.999349255387231,1,0.5138681549786852,1,0.49499357102842156,0,0.48,0,2,0.4852981697676104
274,0.6,1.0,0.5,,0.45454545454545453,0.49392519909266763,0.49392519909266763,0.0,0.6666666666666666,0.5,0.4839508177834917,0.9966996699669967,0.9998887284280723,0.0,1.0,1.0,0.6669520959056011,0.6672628622799621,0.6673594190560236,1,0.6,0,0.0,1,0.9999776864974491,1,0.5120303903384664,1,0.5133759789573474,0,0.27,0,2,0.5174359907011228
275,0.5,0.8148148148148149,0.5,,0.7272727272727273,0.49392271692647927,0.49392271692647927,0.0,0.6666666666666666,0.5,0.49865776533502026,0.9966996699669967,0.9999915347507998,0.0049504950495049506,0.9983498349834984,1.0,0.6667069273109436,0.6667208271737398,0.6667295473607217,1,0.6,0,0.0,1,0.99941904646926,1,0.5071644191761868,1,0.49472049133853757,0,0.39,0,2,0.5014493405026692
276,0.6,0.6666666666666667,0.5,,0.07272727272727272,0.4939539688642901,0.4939539688642901,0.0,0.6666666666666666,0.0,0.49457952062626265,0.995049504950495,0.9990899760703806,0.0,1.0,1.0,0.6706519010881541,0.6724409107140491,0.6734072635363226,1,0.6,0,0.0,1,0.9993165843796283,1,0.5308263446637236,1,0.5,0,0.45,0,2,0.48664284515944134
277,0.2,0.11111111111111116,0.5,,0.07272727272727272,0.5059766865941261,0.5059766865941261,0.0,0.6666666666666666,0.0,0.41276745651345803,0.9884488448844885,0.9970050085836202,0.0,0.9966996699669967,1.0,0.6783277896327812,0.6803253035784275,0.6849621802426715,1,1.0,1,1.0,0,0.005456152941651691,1,0.5505891034222321,0,0.5,1,0.96,1,2,0.3306591239393528
278,0.7,1.0,0.5,,0.45454545454545453,0.5060749370315447,0.5060749370315447,0.0,0.6666666666666666,0.0,0.49741780285660375,0.9966996699669967,0.9999193773415492,0.0,1.0,1.0,0.6671493193576561,0.6672332736317758,0.6674471923054961,0,0.2,0,0.0,0,2.2298971882373142e-05,0,0.49247869316885834,0,0.4866378795367768,0,0.34,1,6,0.746810188053747
279,0.4,0.5555555555555556,0.5,,0.9818181818181818,0.4939225092755819,0.4939225092755819,0.0,0.6666666666666666,0.0,0.4485083163277299,0.9933993399339934,0.9999977541076457,0.0,1.0,1.0,0.6666699050644226,0.6666740630218702,0.6666760341335384,1,0.8,1,1.0,1,0.9987388034423432,1,0.5120436261079605,1,0.5215992213313398,1,0.72,0,0,0.24126972485305942
280,0.3,0.2962962962962963,0.5,,0.18181818181818182,0.48853510604450323,0.48853510604450323,0.0,0.6666666666666666,0.0,0.46856267885445835,0.9933993399339934,0.9333211839705224,0.0,0.9983498349834984,1.0,0.8566557368155139,0.9690137772491636,0.9999008531034589,1,0.6,1,1.0,0,6.356660433815873e-28,1,0.9166854509972714,1,0.48154603257244133,1,0.7,1,1,0.3836280860717145
281,0.6,0.6666666666666667,0.5,,0.9818181818181818,0.4939224764372123,0.4939224764372123,0.0,0.6666666666666666,0.0,0.49740451146780273,0.9966996699669967,0.9999990102539809,0.0,1.0,0.86,0.6666655206179984,0.6666671990851541,0.6666680810403095,0,0.4,1,1.0,1,0.9999778927327576,1,0.5099527430821567,1,0.5134411196151121,1,0.6,0,1,0.3294380407616623
282,0.4,0.40740740740740744,0.5,,0.18181818181818182,0.4941455533352008,0.4941455533352008,0.0,0.6666666666666666,0.0,0.40769187081198466,0.9900990099009901,0.9971119750569792,0.0,0.9933993399339934,1.0,0.6848998833876428,0.6884441047789295,0.6907642933327457,1,1.0,1,1.0,1,0.9984967342493091,1,0.5711165716025863,1,0.5,1,0.91,0,0,0.1700644490246841
283,0.6,0.7037037037037037,0.5,,0.6181818181818182,0.49392294891464816,0.49392294891464816,0.0,0.6666666666666666,0.0,0.478817869383404,0.995049504950495,0.9999800975108222,0.0,0.9983498349834984,1.0,0.6667358858360376,0.6667703828756507,0.6667878375543617,0,0.4,1,1.0,1,0.9967200069676394,1,0.5066294083307968,1,0.5,1,0.53,0,1,0.3444417641169273
284,0.5,0.6296296296296297,0.5,,0.6181818181818182,0.5060770096982482,0.5060770096982482,0.0,0.6666666666666666,1.0,0.5188234152406139,0.9983498349834984,0.9999851447257316,0.0,1.0,1.0,0.6667673426333324,0.6667836370373752,0.6668201983976649,0,0.4,0,0.0,1,0.9983935834865743,0,0.496877426187187,0,0.5132628200900493,0,0.39,1,5,0.5335776950393649
285,0.4,0.5925925925925926,0.5,,0.4727272727272727,0.5060744268485184,0.5060744268485184,0.0,0.6666666666666666,0.3333333333333333,0.4211357457527928,0.995049504950495,0.9999105230351432,0.0033003300330033004,0.9966996699669967,1.0,0.6672825653464283,0.6673469696026776,0.6674778900723601,1,0.6,0,0.0,1,0.9984802040905655,0,0.4982965393208691,0,0.5127182851978428,1,0.67,1,3,0.4534174952317872
286,0.2,0.33333333333333337,0.5,,0.10909090909090909,0.5060423552804554,0.5060423552804554,0.0,0.6666666666666666,0.0,0.42382098408474556,0.9966996699669967,0.9992583267508797,0.0,0.9933993399339934,1.0,0.6722654088531106,0.6729854591543665,0.6742330069104087,1,0.6,1,1.0,0,0.0006971235409033445,1,0.5060488631610344,0,0.5,1,0.6,1,2,0.46554233554967694
287,0.8,0.7037037037037037,0.5,,0.2727272727272727,0.5060705135120547,0.5060705135120547,0.0,0.6666666666666666,1.0,0.5656283655639163,0.9983498349834984,0.9997463833399817,0.0033003300330033004,1.0,1.0,0.667933917865674,0.6681792987692406,0.6686387085120723,0,0.0,0,0.0,0,0.001378172265376229,0,0.49283167198384903,0,0.4824894666285407,0,0.19,1,6,0.8055501148537056
288,0.3,0.5925925925925926,0.5,,0.8909090909090909,0.49392250344963995,0.49392250344963995,0.0,0.6666666666666666,0.0,0.4629305196867185,0.995049504950495,0.9999981002357747,0.0,0.9983498349834984,1.0,0.6666688168315218,0.6666731633473532,0.6666750764925399,1,0.6,1,1.0,1,0.9994196682082588,1,0.5070482053623776,1,0.4947170280305145,1,0.66,0,0,0.28980251639980825
289,0.7,0.5925925925925926,0.5,,0.38181818181818183,0.49392636054089545,0.49392636054089545,0.0,0.6666666666666666,0.5,0.5567035263836857,0.9983498349834984,0.9999057280068906,0.0016501650165016502,0.9983498349834984,1.0,0.6673236072137375,0.6675019374311338,0.6676018098540877,0,0.2,1,1.0,1,0.9966473867397246,1,0.5079906118005693,1,0.5,0,0.45,0,2,0.390893666909951
290,0.7,0.5555555555555556,0.5,,0.14545454545454545,0.5058634688728374,0.5058634688728374,0.0,0.6666666666666666,1.0,0.5401901298455127,0.9983498349834984,0.997162265777882,0.0016501650165016502,1.0,1.0,0.6846743543885051,0.6879836296878701,0.6943120685367272,0,0.0,0,0.0,0,0.0014615392233015762,1,0.5972135015529886,0,0.5,0,0.43,1,5,0.745220826537285
291,0.6,0.6296296296296297,0.5,,0.16363636363636364,0.5114648939554968,0.5114648939554968,0.0,0.6666666666666666,0.0,0.44899899190565484,0.9966996699669967,0.9372597434465664,0.0,0.9983498349834984,1.0,0.8914937348878597,0.9688452416246903,0.9994719231804343,0,0.2,0,0.0,1,1.0,1,0.9053266463477029,0,0.5143844260453534,0,0.29,0,4,0.5150481546011574
292,0.7,0.7407407407407407,0.5,,0.6909090909090909,0.5060771916822351,0.5060771916822351,0.0,0.6666666666666666,1.0,0.5139670744627709,0.9983498349834984,0.9999888038155202,0.0033003300330033004,1.0,1.0,0.6667285321649603,0.6667416066025085,0.6667589636308221,0,0.4,1,1.0,0,2.21305387585551e-05,0,0.49027092524289567,0,0.48656927443666836,0,0.32,1,5,0.5505229449636129
293,0.4,0.962962962962963,0.5,,1.0,0.49392247483009366,0.49392247483009366,0.0,0.6666666666666666,0.75,0.5871186317186599,0.9983498349834984,0.9999995278814194,0.0049504950495049506,0.9983498349834984,0.81,0.6666662230654007,0.6666667538792158,0.6666671484130116,1,0.6,1,1.0,1,0.9994197505015089,1,0.5070382515855505,1,0.49471655214110394,1,0.65,0,0,0.29147090762863936
294,0.7,0.7037037037037037,0.5,,0.6181818181818182,0.4939230279315352,0.4939230279315352,0.0,0.6666666666666666,0.0,0.4011081795040423,0.995049504950495,0.9999796579143172,0.0,0.9983498349834984,1.0,0.666753493604305,0.6667897575735426,0.6668124750066554,0,0.4,1,1.0,1,0.9994181208474338,1,0.5073402161348672,1,0.49472548780909825,0,0.45,0,2,0.3580860292014335
295,0.4,0.5185185185185186,0.5,,0.45454545454545453,0.5060755080269738,0.5060755080269738,0.0,0.6666666666666666,0.0,0.39633385873259275,0.9917491749174917,0.9999298025279405,0.0,0.9966996699669967,1.0,0.6670547078369051,0.667109020738888,0.6672163677396914,1,0.6,1,1.0,0,0.0005862068943587378,0,0.493741948181806,0,0.5052504507378345,1,0.81,1,3,0.4317368990310001
296,0.6,0.7777777777777778,0.5,,0.5454545454545454,0.49392329322363415,0.49392329322363415,0.0,0.6666666666666666,0.5,0.5302568741011587,0.9983498349834984,0.9999780264371981,0.0049504950495049506,0.9983498349834984,1.0,0.6668136221958755,0.6668480408354952,0.6668702398243868,1,0.6,0,0.0,1,0.9967127964012543,1,0.5062452076534283,1,0.5,0,0.18,0,2,0.5361736659908862
297,0.6,0.5555555555555556,0.5,,0.03636363636363636,0.4939540677442895,0.4939540677442895,0.0,0.6666666666666666,0.5,0.4560405683881761,0.9966996699669967,0.9993364628239638,0.0033003300330033004,0.9966996699669967,1.0,0.6711990621277628,0.6724805936832925,0.6731670107924634,0,0.2,0,0.0,1,0.9960522499723401,1,0.5146143392439068,1,0.5,0,0.47,0,3,0.5532222351306255
298,0.4,0.8888888888888888,0.5,,0.9818181818181818,0.49392252054726327,0.49392252054726327,0.0,0.6666666666666666,1.0,0.5002255038919357,0.9983498349834984,0.9999971821036764,0.0,1.0,1.0,0.6666708431722062,0.6666765687175623,0.6666791856961894,1,0.6,1,1.0,1,0.9999778893418243,1,0.510027544465775,1,0.5134402372820214,1,0.79,0,0,0.26442572148506327
299,0.5,0.7037037037037037,0.5,,0.9636363636363636,0.49392254441876227,0.49392254441876227,0.0,0.6666666666666666,0.5,0.5667103664758034,0.9983498349834984,0.9999982934441284,0.0049504950495049506,0.9983498349834984,1.0,0.6666804092363973,0.666682260449012,0.666683847751971,1,0.6,1,1.0,1,0.9999778878409354,1,0.509992382595174,1,0.513439572214261,0,0.44,0,1,0.3227650262249382
300,0.6,0.7777777777777778,0.5,,0.509090909090909,0.5060757964559748,0.5060757964559748,0.0,0.6666666666666666,0.5,0.5006182339151775,0.9983498349834984,0.9999625961181673,0.0,0.995049504950495,1.0,0.6670137254067781,0.6670513385137801,0.6671214880447442,1,0.8,0,0.0,0,2.223085538121653e-05,0,0.4910098165236975,0,0.4866116152568416,1,0.64,1,4,0.5970593895606799
301,0.8,0.7777777777777778,0.5,,0.5272727272727272,0.5060766271126719,0.5060766271126719,0.0,0.6666666666666666,1.0,0.5336231251113279,0.9983498349834984,0.9999809320856738,0.01155115511551155,0.9983498349834984,1.0,0.6668409842051951,0.6668651676850494,0.6668877262449979,0,0.2,0,0.0,1,0.9984066940061286,0,0.4971121522093399,0,0.5131834261518456,0,0.3,1,5,0.5818829546054476
302,0.4,0.7407407407407407,0.5,,0.32727272727272727,0.4939271106894456,0.4939271106894456,0.0,0.6666666666666666,0.0,0.44637159604223686,0.9900990099009901,0.999786326317467,0.0,1.0,1.0,0.6672409979793393,0.6676675504134317,0.6678666336457774,1,0.6,1,1.0,1,0.9999775382528191,1,0.5158387424148583,1,0.5133517529855149,1,0.59,0,0,0.296805327724468
303,0.5,0.9259259259259259,0.5,,0.21818181818181817,0.5114638200510729,0.5114638200510729,0.0,0.6666666666666666,1.0,0.5149904590661374,0.9983498349834984,0.9668916124559853,0.0,1.0,1.0,0.7529916260968981,0.8278495461372437,0.8812236319703569,0,0.4,0,0.0,0,2.5120442858838765e-08,1,0.9267945118338223,0,0.44263394130080763,1,0.51,0,4,0.6200952536241546
304,0.5,0.4814814814814815,0.5,,0.18181818181818182,0.4885351060445835,0.4885351060445835,0.0,0.6666666666666666,1.0,0.5716671813433535,0.9983498349834984,0.9662435782728928,0.0049504950495049506,1.0,1.0,0.9057009215228149,0.9493114555118751,0.9964455801213582,1,0.6,0,0.0,1,1.0,1,0.7877976314655571,0,0.52300525539931,0,0.32,1,3,0.4615328521891888
305,0.5,0.11111111111111116,0.5,,0.07272727272727272,0.5059412966326706,0.5059412966326706,0.0,0.6666666666666666,0.0,0.456487284112144,0.9900990099009901,0.9962536103028299,0.0,1.0,1.0,0.6792103618789006,0.6831295688039448,0.6903818310993934,1,0.8,0,0.0,0,0.006229040356100745,1,0.5764276417073655,0,0.5,1,0.91,1,3,0.534557219656089
306,0.5,0.5555555555555556,0.5,,0.8363636363636363,0.4939225875354647,0.4939225875354647,0.0,0.6666666666666666,0.0,0.45467942185819044,0.9966996699669967,0.9999938926999362,0.0,1.0,1.0,0.6666779398003306,0.6666917716293262,0.6666978548981821,0,0.4,0,0.0,1,0.9994194123684389,1,0.5072220837584199,1,0.49471829008510876,1,0.59,0,2,0.5014400356313389
307,0.4,0.5555555555555556,0.5,,0.9636363636363636,0.5060774710491023,0.5060774710491023,0.0,0.6666666666666666,0.0,0.41077552498306125,0.9917491749174917,0.9999976930735046,0.0,0.9983498349834984,1.0,0.6666769829046078,0.6666791639907581,0.6666837715305404,1,0.8,1,1.0,0,0.001261529584596214,0,0.48803515669849573,0,0.47841494062411066,1,0.6,1,3,0.4387147288487996
308,0.4,0.5185185185185186,0.5,,0.8909090909090909,0.5060775016703934,0.5060775016703934,0.0,0.6666666666666666,0.0,0.47682495193278807,0.9966996699669967,0.9999988593419028,0.0,0.9983498349834984,1.0,0.6666709915059281,0.6666720567010331,0.6666745278708875,1,0.6,1,1.0,0,2.2108806660702915e-05,0,0.4900682771817263,0,0.4865595153887849,1,0.56,1,3,0.477225016437138
309,0.4,0.962962962962963,0.5,,0.23636363636363636,0.4994326123797499,0.4994326123797499,0.0,0.6666666666666666,0.5,0.5361668261719825,0.9983498349834984,0.9927090622707403,0.0016501650165016502,0.9966996699669967,1.0,0.7234145790400854,0.733151619332718,0.745997549248482,0,0.4,0,0.0,0,0.10416200382102046,0,0.4709806511366927,0,0.5,1,0.54,1,5,0.6641428908403813
310,0.7,0.6666666666666667,0.5,,0.07272727272727272,0.49394551040582235,0.49394551040582235,0.0,0.6666666666666666,0.0,0.4854974184765024,0.9966996699669967,0.9991741488872842,0.0,0.9983498349834984,1.0,0.6695648903344321,0.6710909785580849,0.6719032780148747,0,0.0,0,0.0,0,0.001079850415494985,1,0.5310910660706158,1,0.4905469823112386,0,0.09,0,4,0.8145470168671084
311,0.5,0.4444444444444444,0.5,,0.2545454545454545,0.5060667455652545,0.5060667455652545,0.0,0.6666666666666666,0.75,0.6139817325165142,0.9983498349834984,0.9998264790100746,0.00825082508250825,0.9983498349834984,1.0,0.6687418759451575,0.6689007201666693,0.6690893189310753,1,0.6,1,1.0,0,0.0034991486367674583,0,0.49621563050540496,0,0.5,0,0.45,1,4,0.49171420347630457
312,0.6,0.5185185185185186,0.5,,0.32727272727272727,0.5060732021865031,0.5060732021865031,0.0,0.6666666666666666,0.0,0.4798990959731221,0.9966996699669967,0.9998458564931876,0.0,1.0,1.0,0.6674333930050252,0.667606303848698,0.667917193786928,1,0.6,1,1.0,0,0.003361426922505316,0,0.4973889387960346,0,0.5,1,0.72,1,3,0.4465416057135766
313,0.8,0.8888888888888888,0.5,,0.509090909090909,0.49392427971753305,0.49392427971753305,0.0,0.6666666666666666,0.0,0.49183215093625654,0.9966996699669967,0.9999281773987504,0.0,1.0,1.0,0.6669345495312887,0.6670701462027426,0.6671549800676198,0,0.0,0,0.0,1,0.9994145153675471,1,0.5076837141477386,1,0.49474743192330106,0,0.13,0,3,0.6446923897602355
314,0.4,0.11111111111111116,0.5,,0.18181818181818182,0.5060295674506226,0.5060295674506226,0.0,0.6666666666666666,0.3333333333333333,0.547499368841686,0.9983498349834984,0.9990092317116963,0.0033003300330033004,0.9966996699669967,1.0,0.6736497796519941,0.6747559151019389,0.676172417593569,1,0.6,1,1.0,0,2.7442605126635167e-05,1,0.5152948949312158,0,0.48736354397412723,1,0.62,1,2,0.46288568641492167
315,0.5,0.5555555555555556,0.5,,0.03636363636363636,0.4939761249369681,0.4939761249369681,0.0,0.6666666666666666,0.0,0.48259126369867744,0.995049504950495,0.9986042996989681,0.0,0.9983498349834984,1.0,0.6710706163726485,0.6753422689582331,0.6767077189917597,1,0.6,1,1.0,1,0.999234895399582,0,0.49882789982828046,1,0.5,1,0.63,0,1,0.29532286746202285
316,0.6,1.0,0.5,,0.7818181818181819,0.4939226868352271,0.4939226868352271,0.0,0.6666666666666666,0.8,0.5335591967077102,0.9983498349834984,0.9999926610464384,0.0049504950495049506,1.0,1.0,0.6667068983767158,0.6667138118794127,0.6667189783475876,0,0.4,0,0.0,1,0.9999778773853172,1,0.510013540323484,1,0.5134358560325069,0,0.49,0,3,0.514428787709782
317,0.6,0.5925925925925926,0.5,,0.2727272727272727,0.5060683055422541,0.5060683055422541,0.0,0.6666666666666666,0.5,0.4458268956878686,0.9966996699669967,0.9997072752357545,0.0016501650165016502,0.9983498349834984,1.0,0.6682732289746802,0.6685980413061928,0.6690084033644208,1,0.6,1,1.0,0,2.2867732704701694e-05,0,0.49400166458372313,0,0.4868033342628304,1,0.65,1,3,0.461528688903457
318,0.4,0.40740740740740744,0.5,,0.18181818181818182,0.4941346673297424,0.4941346673297424,0.0,0.6666666666666666,0.0,0.4055385342525998,0.9933993399339934,0.9964653475913415,0.0,0.9966996699669967,1.0,0.6820804227253264,0.6878988691907199,0.6917848569339676,1,0.6,1,1.0,1,0.9943122338823657,1,0.5735734605885892,0,0.47145264318544394,1,0.75,0,1,0.26844361039060016
319,0.3,0.2962962962962963,0.5,,0.4727272727272727,0.4939249921029535,0.4939249921029535,0.0,0.6666666666666666,0.0,0.4840874442109787,0.995049504950495,0.9999345563097258,0.0,0.9983498349834984,1.0,0.6671024916593319,0.6672185844031491,0.6672989634400734,1,0.8,0,0.0,1,0.999412294779803,1,0.5084022709923417,1,0.49475649424543955,1,0.85,0,1,0.39123815666373596
320,0.5,0.7037037037037037,0.5,,0.9454545454545454,0.5060775010067793,0.5060775010067793,0.0,0.6666666666666666,0.4,0.5639454037151836,0.9983498349834984,0.9999993587348326,0.0049504950495049506,0.995049504950495,1.0,0.6666714005844692,0.6666721430751129,0.6666730751989111,0,0.4,0,0.0,0,0.0012610318173788858,0,0.4880301152479955,0,0.4783958894846357,0,0.39,1,6,0.7070521605749984
321,0.5,0.7777777777777778,0.5,,0.09090909090909091,0.5114640507276734,0.5114640507276734,0.0,0.6666666666666666,1.0,0.520973172803535,0.9983498349834984,0.9615799713954276,0.0,1.0,1.0,0.7437295208701536,0.8278038459985695,0.8819513098682553,0,0.4,0,0.0,0,7.494469298728189e-05,1,0.7138345216124962,0,0.48864419284342786,0,0.38,0,5,0.669574390141848
322,0.6,0.8518518518518519,0.5,,0.21818181818181817,0.5013224317292315,0.5013224317292315,0.0,0.6666666666666666,0.75,0.5324938452494992,0.9983498349834984,0.9930653605961565,0.009900990099009901,1.0,1.0,0.7257196787292475,0.7352950923318058,0.7443791137522944,0,0.4,0,0.0,1,0.7850585364072447,1,0.6506488878793295,1,0.5,0,0.45,0,3,0.535715429285571
323,0.3,0.2962962962962963,0.5,,0.8363636363636363,0.49392264988501033,0.49392264988501033,0.0,0.6666666666666666,0.0,0.4836301457857711,0.9966996699669967,0.999992023676262,0.0,1.0,1.0,0.6666893277484615,0.6667059890087049,0.666715237924076,0,0.4,1,1.0,1,0.9987364879355257,1,0.512131982279617,1,0.5215135404174818,0,0.48,0,2,0.3479363315612293
324,0.8,0.9259259259259259,0.5,,0.8545454545454545,0.5060774089930713,0.5060774089930713,0.0,0.6666666666666666,0.6666666666666666,0.486082271452298,0.9966996699669967,0.9999961739077907,0.006600660066006601,0.995049504950495,1.0,0.6666893677189415,0.6666928704143464,0.6666999507276303,0,0.2,1,1.0,0,0.0032723271861111376,0,0.4938123607571282,0,0.5,0,0.34,1,5,0.5771525520094603
325,0.4,0.5925925925925926,0.5,,0.18181818181818182,0.5045895950153804,0.5045895950153804,0.0,0.6666666666666666,0.0,0.4294591296373146,0.9900990099009901,0.9909071989171011,0.0,1.0,1.0,0.7027204867889713,0.7112658191982297,0.7328656413940731,1,0.8,0,0.0,0,0.03624626114228539,1,0.6318168318632424,0,0.5,1,0.58,1,3,0.5753228178324121
326,0.8,1.0,0.5,,0.5272727272727272,0.5060759883966207,0.5060759883966207,0.0,0.6666666666666666,0.0,0.4840833062897667,0.9966996699669967,0.9999509515548056,0.0,1.0,1.0,0.6669516002654863,0.667008517643757,0.6671181110391667,0,0.2,0,0.0,0,0.0033024532661736373,0,0.49414802578186634,0,0.5,0,0.14,1,6,0.7770915868253266
327,0.5,0.5925925925925926,0.5,,0.8909090909090909,0.4939224940237924,0.4939224940237924,0.0,0.6666666666666666,1.0,0.5050757264715384,0.9983498349834984,0.9999985874890895,0.0,1.0,1.0,0.6666682690846697,0.6666708091133973,0.6666721537030302,0,0.4,0,0.0,1,0.9999778912666277,1,0.5100028384826628,1,0.5134409463261865,0,0.34,0,3,0.5394297206540872
328,0.5,0.9259259259259259,0.5,,0.5454545454545454,0.5060764612085319,0.5060764612085319,0.0,0.6666666666666666,0.8333333333333334,0.5653377223129628,0.9983498349834984,0.9999789337414545,0.013201320132013201,0.9966996699669967,1.0,0.6668795580050347,0.6669021608773759,0.6669225587286337,0,0.2,0,0.0,1,0.9984125328036035,0,0.49685586212817534,0,0.5131490981070223,0,0.19,1,5,0.6002637511601998
329,0.5,0.6296296296296297,0.5,,0.16363636363636364,0.511464893955228,0.511464893955228,0.0,0.6666666666666666,0.0,0.47604396455688125,0.995049504950495,0.9189855596115113,0.0,1.0,1.0,0.804059444106877,0.938756156371878,0.9979804850776374,1,0.6,0,0.0,0,5.070876405497191e-23,1,0.9448598720691251,1,0.47785314814278357,0,0.43,0,3,0.5912144966313486
330,0.5,0.962962962962963,0.5,,0.43636363636363634,0.4939257153195238,0.4939257153195238,0.0,0.6666666666666666,0.375,0.47124443952782236,0.9966996699669967,0.9999125294046854,0.00825082508250825,0.9917491749174917,1.0,0.6672776551126219,0.6673707909832717,0.6674473997811118,0,0.4,0,0.0,1,0.9966615742751899,1,0.5071422101860953,1,0.5,0,0.43,0,3,0.5276993692564524
331,0.5,0.7037037037037037,0.5,,0.2727272727272727,0.5060711487373968,0.5060711487373968,0.0,0.6666666666666666,0.75,0.5981301020829186,0.9983498349834984,0.9998960705542634,0.0049504950495049506,0.9983498349834984,1.0,0.6678935969120374,0.6680336957149042,0.6682975531406371,1,0.6,0,0.0,0,0.0013669034288190487,0,0.4905706737161416,0,0.482070969554203,0,0.1,1,5,0.7209985755501394
332,0.2,0.40740740740740744,0.5,,0.14545454545454545,0.4887883736210411,0.4887883736210411,0.0,0.6666666666666666,0.0,0.41809004508435155,0.995049504950495,0.9852172601552115,0.0,0.995049504950495,1.0,0.7575254781473102,0.7773700364949435,0.8083673170120249,1,0.6,0,0.0,1,0.9643902849081724,1,0.7072242137817814,1,0.5055614718193645,1,0.79,1,1,0.4054706715817803
333,0.6,0.6666666666666667,0.5,,0.07272727272727272,0.4939456629590254,0.4939456629590254,0.0,0.6666666666666666,0.0,0.478789545076326,0.995049504950495,0.9990143290491195,0.0,1.0,1.0,0.6687417292090952,0.6711228531911776,0.6722350884095003,0,0.0,0,0.0,0,0.001077834083601276,1,0.5266395798536392,1,0.49055489887413184,0,0.1,0,4,0.8136212811981046
334,0.3,0.40740740740740744,0.5,,0.2545454545454545,0.493929368876211,0.493929368876211,0.0,0.6666666666666666,0.0,0.4664357017261376,0.995049504950495,0.9997393045634576,0.0,0.9983498349834984,1.0,0.6676163543330198,0.6681414497941492,0.668379019281613,1,0.6,1,1.0,0,0.001408217033127828,1,0.5054936942536633,1,0.48803425981311843,1,0.69,0,1,0.45251063815001513
335,0.7,1.0,0.5,,0.21818181818181817,0.49393579353993355,0.49393579353993355,0.0,0.6666666666666666,0.0,0.4618270749612452,0.995049504950495,0.999532939886367,0.0,0.9983498349834984,1.0,0.6683508902285924,0.6693358091859777,0.6697692487404457,0,0.4,0,0.0,1,0.9999767099767949,1,0.5141136889894393,1,0.5131796507644898,0,0.41,0,3,0.5271216583782126
336,0.6,0.5925925925925926,0.5,,0.2727272727272727,0.506069800845719,0.506069800845719,0.0,0.6666666666666666,0.5,0.5511259659222525,0.9983498349834984,0.9998562268898206,0.01155115511551155,0.9966996699669967,1.0,0.6681200264671013,0.6683154856769665,0.6685440017678751,0,0.4,0,0.0,1,0.9986146986329136,0,0.4981247466900568,0,0.5118104044202054,0,0.36,1,5,0.5385750250428041
337,0.4,0.11111111111111116,0.5,,0.18181818181818182,0.5060079172709786,0.5060079172709786,0.0,0.6666666666666666,0.0,0.42568990009614116,0.995049504950495,0.9984139982694531,0.0,0.9900990099009901,1.0,0.6758586708147849,0.6774299356256008,0.6801740627445528,1,0.6,0,0.0,0,0.0008277019112088738,1,0.5098527241818035,0,0.5,1,0.79,1,3,0.5998865956511645
338,0.5,0.7037037037037037,0.5,,0.2545454545454545,0.49431377046346436,0.49431377046346436,0.0,0.6666666666666666,1.0,0.5439864870964292,0.9983498349834984,0.9963546597456622,0.0016501650165016502,1.0,1.0,0.6884340161651161,0.6949585468576709,0.6985865876806395,0,0.2,0,0.0,1,0.9882294336665112,1,0.5517550781786544,1,0.5,0,0.39,0,3,0.5616692480258056
339,0.2,0.40740740740740744,0.5,,0.14545454545454545,0.4886823840923171,0.4886823840923171,0.0,0.6666666666666666,0.0,0.48746357910703864,0.995049504950495,0.9839192987935731,0.0,0.9966996699669967,1.0,0.763670506796965,0.7831069482015764,0.8101209032442858,1,0.8,0,0.0,0,0.4608965415935532,1,0.8143678471841115,1,0.48375221884938496,1,0.6,1,2,0.4734972320621583
340,0.7,0.5555555555555556,0.5,,0.03636363636363636,0.49395479656901653,0.49395479656901653,0.0,0.6666666666666666,0.5,0.497401101546738,0.9966996699669967,0.9994377491720874,0.006600660066006601,0.9966996699669967,1.0,0.6709712127567492,0.6725950452046102,0.6733884057337729,0,0.2,0,0.0,0,0.0009575630233001609,1,0.5130097905076106,1,0.49184593788747194,0,0.41,0,4,0.7306977847636029
341,0.8,1.0,0.5,,0.4909090909090909,0.4939253359984349,0.4939253359984349,0.0,0.6666666666666666,0.6666666666666666,0.6495611869513145,0.9983498349834984,0.9999436991776696,0.00825082508250825,0.9983498349834984,1.0,0.6672396599611911,0.6672927949153984,0.6673532605664361,0,0.0,0,0.0,1,0.9986919133151863,1,0.5124170614103098,1,0.5199314139025853,0,0.11,0,3,0.6431599352286532
342,0.7,0.6666666666666667,0.5,,0.12727272727272726,0.4940477920091644,0.4940477920091644,0.0,0.6666666666666666,0.0,0.49143349223766986,0.9966996699669967,0.9964028161861663,0.0,1.0,1.0,0.6734975713892504,0.6822401164101203,0.6856795007214709,0,0.2,1,1.0,1,0.9989418652832912,0,0.498907281583292,1,0.5,0,0.28,0,3,0.42035847552223604
343,0.3,0.5925925925925926,0.5,,0.2727272727272727,0.5060689605833735,0.5060689605833735,0.0,0.6666666666666666,1.0,0.5310555822256972,0.9983498349834984,0.9997548557460081,0.0,1.0,1.0,0.6682139868607514,0.6684749477261611,0.6690323873565327,1,1.0,1,1.0,1,0.9986345347447978,1,0.5065780806736349,0,0.5116390346120168,1,0.72,1,1,0.21052472499492503
344,0.5,0.5925925925925926,0.5,,0.8363636363636363,0.506077433631207,0.506077433631207,0.0,0.6666666666666666,0.0,0.4629339372357282,0.995049504950495,0.9999956195119719,0.0,1.0,1.0,0.666683440694098,0.6666871746499946,0.6666974119894193,1,0.6,1,1.0,0,0.001262148064500241,0,0.48815879389710215,0,0.4784370997208493,1,0.57,1,3,0.4770236597195914
345,0.3,0.4444444444444444,0.5,,0.21818181818181817,0.49655121288236814,0.49655121288236814,0.0,0.6666666666666666,0.0,0.496053900366638,0.9966996699669967,0.9905427252470593,0.0,1.0,1.0,0.696239522664116,0.7195890421209499,0.7298598926783925,1,0.6,1,1.0,0,0.0007381382881421738,1,0.7438676077310895,1,0.5,1,0.77,0,1,0.39756570899679466
346,0.3,0.40740740740740744,0.5,,0.2545454545454545,0.49393001952582805,0.49393001952582805,0.0,0.6666666666666666,0.0,0.45559969138267487,0.9966996699669967,0.9998377356717589,0.0,0.9933993399339934,1.0,0.6679608868168614,0.6682669621759438,0.6684864026095907,0,0.4,1,1.0,1,0.9993969874707116,1,0.5055167249541014,1,0.4948360384979277,1,0.6,0,1,0.33337504151287656
347,0.4,0.5925925925925926,0.5,,0.8363636363636363,0.50607743329596,0.50607743329596,0.0,0.6666666666666666,1.0,0.5185500056698136,0.9983498349834984,0.999995340529977,0.0,0.9983498349834984,1.0,0.6666840491760544,0.6666881690200301,0.6667017376319329,1,0.6,0,0.0,0,0.0005805111574713049,0,0.4930564656458619,0,0.505281770081908,1,0.53,1,4,0.6451802088524599
348,0.5,0.5185185185185186,0.5,,0.45454545454545453,0.5060754363316521,0.5060754363316521,0.0,0.6666666666666666,0.3333333333333333,0.5491444023113086,0.9983498349834984,0.9999575464013517,0.006600660066006601,0.995049504950495,1.0,0.6670666637316162,0.6671326138991917,0.6672104756511081,1,0.6,0,0.0,0,2.2256152196201644e-05,0,0.4908636506605963,0,0.4866197332237058,1,0.58,1,4,0.6404157266605837
349,0.7,0.6296296296296297,0.5,,0.7818181818181819,0.5060773728983949,0.5060773728983949,0.0,0.6666666666666666,1.0,0.6267851200710644,0.9983498349834984,0.9999954342204441,0.00825082508250825,1.0,1.0,0.6666961844396013,0.666700583363539,0.6667053331818641,0,0.0,0,0.0,0,0.003273091315521427,0,0.49383338604776467,0,0.5,0,0.39,1,6,0.768815587106119
350,0.4,0.7037037037037037,0.5,,0.21818181818181817,0.4885352296948847,0.4885352296948847,0.0,0.6666666666666666,0.0,0.4585689613096209,0.995049504950495,0.9756208377040719,0.0,0.9966996699669967,1.0,0.8102347915108069,0.8402459153259231,0.8942166335548416,1,0.8,0,0.0,0,1.0989005327204279e-05,1,0.795420639205167,1,0.4765816346979886,1,0.68,1,2,0.5413311228485862
351,0.7,1.0,0.5,,0.14545454545454545,0.5114648939554968,0.5114648939554968,0.0,0.6666666666666666,1.0,0.5133659409289519,0.9983498349834984,0.9562577733505182,0.0016501650165016502,1.0,1.0,0.8497779618177062,0.9045075807006705,0.9997037204200961,0,0.4,0,0.0,0,2.5907826568691965e-34,1,0.8418087648487107,0,0.5086700720914652,0,0.33,0,5,0.6532535271766373
352,0.8,1.0,0.5,,0.5636363636363636,0.5060759797931246,0.5060759797931246,0.0,0.6666666666666666,0.8,0.523106099123747,0.9983498349834984,0.9999580435631488,0.009900990099009901,0.9983498349834984,1.0,0.6669701087796344,0.6670094948995943,0.6670722765497595,0,0.4,0,0.0,1,0.9984291173918277,0,0.49753828831037034,0,0.5130431458955175,0,0.15,1,5,0.5734982414003809
353,0.4,0.7407407407407407,0.5,,0.16363636363636364,0.5060645306822456,0.5060645306822456,0.0,0.6666666666666666,0.5,0.4090792696123893,0.9933993399339934,0.9995855795151894,0.0049504950495049506,0.9933993399339934,1.0,0.669025518037729,0.6693436290895842,0.6697898002863008,0,0.4,1,1.0,0,0.0006201995679951625,0,0.49711805989380997,0,0.50509094187563,1,0.55,1,4,0.5078617997770942
354,0.4,0.6296296296296297,0.5,,0.9454545454545454,0.5060775044867161,0.5060775044867161,0.0,0.6666666666666666,1.0,0.506931524858492,0.9983498349834984,0.9999984816612285,0.0,1.0,1.0,0.6666698401690383,0.6666712859237268,0.6666742662280959,1,0.8,1,1.0,0,0.0005803114352349422,0,0.4929535661551784,0,0.505283135716326,0,0.5,1,4,0.4501971644488768
355,0.6,0.11111111111111116,0.5,,0.18181818181818182,0.5060233099278268,0.5060233099278268,0.0,0.6666666666666666,0.5,0.47366884056000214,0.9966996699669967,0.9988723042604273,0.0033003300330033004,0.9917491749174917,1.0,0.6745151102111537,0.6755429888589215,0.6772879162807133,1,0.6,1,1.0,1,0.9992299931983663,1,0.5103541528169504,0,0.5058028319165575,1,0.57,1,1,0.30243550367802097
356,0.5,0.7037037037037037,0.5,,0.2,0.49393410752113764,0.49393410752113764,0.0,0.6666666666666666,0.0,0.4187829618591158,0.9933993399339934,0.9995394155648121,0.0,0.9966996699669967,1.0,0.6680774293754974,0.6690260800837562,0.6694138225499751,1,0.6,1,1.0,1,0.9999768945724248,1,0.5132428031367773,1,0.5131850833497396,1,0.51,0,0,0.3105992031568431
357,0.7,0.5555555555555556,0.5,,0.4909090909090909,0.5060766181947667,0.5060766181947667,0.0,0.6666666666666666,0.0,0.4873938574412885,0.995049504950495,0.9999637899470508,0.0,0.9983498349834984,1.0,0.6668296176462181,0.6668666551050442,0.6669568383604622,0,0.4,0,0.0,0,2.2174052071100065e-05,0,0.49073559115689774,0,0.48658688799392874,1,0.55,1,5,0.6787758911328503
358,0.4,0.33333333333333337,0.5,,0.10909090909090909,0.5060352079975834,0.5060352079975834,0.0,0.6666666666666666,1.0,0.5160970705144053,0.9983498349834984,0.9988693536089551,0.0,1.0,1.0,0.6728668054674316,0.6739834833245194,0.6763663479857995,1,0.8,1,1.0,0,0.0007232922284976824,1,0.5203096380050926,0,0.5,1,0.56,1,2,0.4364945116277349
359,0.7,0.7037037037037037,0.5,,0.3090909090909091,0.49392816138617524,0.49392816138617524,0.0,0.6666666666666666,0.5,0.5188535713731455,0.9983498349834984,0.9998491219192527,0.0016501650165016502,0.9983498349834984,1.0,0.6675532100791222,0.6678746301965713,0.6680377995349214,0,0.4,0,0.0,1,0.9994026074968677,1,0.5085548787869643,1,0.4948033871546262,0,0.44,0,3,0.5262065210935902
360,0.5,0.7037037037037037,0.5,,0.21818181818181817,0.4885356086634228,0.4885356086634228,0.0,0.6666666666666666,0.5,0.4684498212403816,0.9966996699669967,0.9779408521026359,0.0016501650165016502,1.0,1.0,0.8071152210175639,0.8313988686327194,0.8840091129480299,1,0.6,1,1.0,1,0.9999548409123402,1,0.5098853903796157,1,0.5125989039806416,1,0.67,1,0,0.2845934774545671
361,0.6,0.7037037037037037,0.5,,0.10909090909090909,0.5060566081593718,0.5060566081593718,0.0,0.6666666666666666,1.0,0.5586118788528489,0.9983498349834984,0.9993879720290961,0.0,1.0,1.0,0.6700108988236301,0.6707306088750588,0.6720615155474946,0,0.2,0,0.0,0,2.4031102102136232e-05,0,0.4993169645564246,0,0.4869413212032659,0,0.33,1,6,0.7472862805230345
362,0.5,1.0,0.5,,0.9636363636363636,0.5060775119601706,0.5060775119601706,0.0,0.6666666666666666,1.0,0.5125008340508679,0.9983498349834984,0.9999990510573759,0.0,1.0,1.0,0.6666688653944645,0.666669691089472,0.6666717130046653,1,0.8,0,0.0,0,2.2108121443144836e-05,0,0.4900501360424959,0,0.4865590970314485,0,0.43,1,5,0.6322281098007687
363,0.6,0.7037037037037037,0.5,,0.6909090909090909,0.4939227433401825,0.4939227433401825,0.0,0.6666666666666666,0.75,0.6253609866629648,0.9983498349834984,0.9999936784359634,0.0049504950495049506,0.9966996699669967,1.0,0.6667184564677717,0.6667264517696004,0.6667340167977588,0,0.2,0,0.0,1,0.9967244622952142,1,0.5064062684218531,1,0.5,0,0.26,0,3,0.5894782115471555
364,0.3,0.4814814814814815,0.5,,0.18181818181818182,0.48853510604450323,0.48853510604450323,0.0,0.6666666666666666,0.5,0.5672309501395728,0.9983498349834984,0.966962948242267,0.0049504950495049506,0.995049504950495,1.0,0.9300243634739689,0.9715798692037225,0.9987948382722874,0,0.4,1,1.0,1,1.0,1,0.8921385787002758,1,0.5349103163930394,1,0.58,1,1,0.26549185081778093
365,0.3,0.4444444444444444,0.5,,0.21818181818181817,0.4967387467440101,0.4967387467440101,0.0,0.6666666666666666,0.0,0.47109822763131093,0.995049504950495,0.9902416901924093,0.0,0.9983498349834984,1.0,0.6992811789322605,0.7205307899749448,0.7302473553670841,1,0.6,1,1.0,1,0.9310704047083828,1,0.6838487375580014,1,0.5,1,0.78,0,0,0.25084680962226924
366,0.4,0.2962962962962963,0.5,,0.18181818181818182,0.48853510604450323,0.48853510604450323,0.0,0.6666666666666666,0.5,0.4817035518826428,0.995049504950495,0.9456658362090986,0.006600660066006601,0.995049504950495,1.0,0.7132169332902705,0.8471372244373768,0.9279149658387044,0,0.2,1,1.0,0,8.7287775521002e-52,1,0.9917673694611808,0,0.5,0,0.44,1,4,0.4780387717564699
367,0.4,0.5555555555555556,0.5,,0.8363636363636363,0.4939225959863105,0.4939225959863105,0.0,0.6666666666666666,0.3333333333333333,0.4334886497488065,0.9933993399339934,0.999995875278858,0.0016501650165016502,0.995049504950495,1.0,0.6666861150279001,0.6666938895505845,0.6666972812357332,1,0.6,1,1.0,1,0.9967275764751774,1,0.506291253084769,1,0.5,1,0.71,0,0,0.2811635284066756
368,0.5,1.0,0.5,,0.2545454545454545,0.505657086685934,0.505657086685934,0.0,0.6666666666666666,0.6,0.4786847815973513,0.9966996699669967,0.9963967074197584,0.006600660066006601,0.9933993399339934,1.0,0.6928841520132003,0.6957536550190168,0.6985986101760009,1,0.6,0,0.0,0,0.002515922798906442,1,0.5353749421123731,0,0.5,0,0.32,1,4,0.6736848558481201
369,0.5,0.7037037037037037,0.5,,0.9636363636363636,0.4939225356869581,0.4939225356869581,0.0,0.6666666666666666,0.3333333333333333,0.47668779191289634,0.9966996699669967,0.9999973397342938,0.0,0.9983498349834984,1.0,0.6666761210863866,0.6666804408303999,0.6666833104019648,0,0.4,0,0.0,0,0.0016229881848255016,1,0.5033458010210643,1,0.4866374714075335,1,0.57,0,3,0.6730656232310961
370,0.5,0.5925925925925926,0.5,,0.23636363636363636,0.5053619675427133,0.5053619675427133,0.0,0.6666666666666666,0.0,0.43535342437463376,0.995049504950495,0.9934827447623655,0.0,1.0,1.0,0.6978504405057082,0.7021323122744506,0.7124832622138779,1,0.6,1,1.0,0,0.00021833484341046944,1,0.6214987417806229,0,0.48889991411219896,1,0.56,1,2,0.454897168210628
371,0.2,0.2962962962962963,0.5,,0.8363636363636363,0.49392262968295186,0.49392262968295186,0.0,0.6666666666666666,0.25,0.4809254327492094,0.9966996699669967,0.9999949391740697,0.0016501650165016502,0.995049504950495,1.0,0.6666928024115705,0.6667013389425062,0.666706013771341,1,0.8,1,1.0,1,0.9999778820183796,1,0.5099420858975736,1,0.5134366678304794,1,0.54,0,0,0.27277389404226116
372,0.7,0.8888888888888888,0.5,,0.18181818181818182,0.5114648939554968,0.5114648939554968,0.0,0.6666666666666666,0.5,0.50847911077379,0.9983498349834984,0.959254374523906,0.006600660066006601,0.9966996699669967,1.0,0.8590811550642956,0.9123674684326804,0.9933155261267647,0,0.4,0,0.0,1,1.0,1,0.8068620803405555,0,0.5252367910011886,0,0.27,0,4,0.4996501881097093
373,0.7,0.8148148148148149,0.5,,0.9818181818181818,0.5060774764123418,0.5060774764123418,0.0,0.6666666666666666,0.5,0.5077157506037366,0.9983498349834984,0.9999979024852697,0.0,0.9983498349834984,1.0,0.6666755008825689,0.6666777968361096,0.6666833179704981,0,0.2,0,0.0,0,2.2110673887952514e-05,0,0.49006474766136715,0,0.4865599901483499,0,0.22,1,6,0.7672255252527325
374,0.6,0.5555555555555556,0.5,,0.4909090909090909,0.5060765223177868,0.5060765223177868,0.0,0.6666666666666666,1.0,0.5079335595345418,0.9983498349834984,0.9999543682509052,0.0,1.0,1.0,0.6668450560226197,0.6668868369071028,0.6669868298673741,0,0.4,0,0.0,0,0.0012771528368672592,0,0.4886786309021464,0,0.47897931211214706,0,0.48,1,6,0.6918441506914732
375,0.3,0.7407407407407407,0.5,,0.16363636363636364,0.493939799423015,0.493939799423015,0.0,0.6666666666666666,0.0,0.494216209435135,0.9966996699669967,0.9993033521125326,0.0,1.0,1.0,0.6685788387503777,0.6700713642078644,0.6706463706881604,0,0.4,1,1.0,1,0.9984455340148743,1,0.5229527417172295,1,0.5125126141444699,1,0.51,0,1,0.34268151835390437
376,0.7,0.7407407407407407,0.5,,0.10909090909090909,0.4939716206493331,0.4939716206493331,0.0,0.6666666666666666,0.0,0.46643291661656194,0.9966996699669967,0.9986429474609607,0.0,1.0,1.0,0.671337068676106,0.6749537474624004,0.6765073830441144,0,0.4,1,1.0,0,0.0008045138890796571,1,0.5283858765695814,1,0.49361734801603896,0,0.47,0,3,0.5178653769208832
377,0.3,0.4444444444444444,0.5,,0.09090909090909091,0.48856219981771143,0.48856219981771143,0.0,0.6666666666666666,1.0,0.5850064131026655,0.9983498349834984,0.9902845399971875,0.0033003300330033004,0.9966996699669967,1.0,0.7817461877195414,0.7970581785236476,0.8207034443016193,1,0.8,1,1.0,1,0.9999424774462692,1,0.7150504949260396,1,0.564342046666712,1,0.64,1,0,0.2134441634934966
378,0.4,0.5555555555555556,0.5,,0.9636363636363636,0.4939224851578836,0.4939224851578836,0.0,0.6666666666666666,0.0,0.4418610920134368,0.9933993399339934,0.9999986017209228,0.0,1.0,0.98,0.666665928502052,0.6666690682561748,0.6666701100273646,1,0.6,0,0.0,1,0.996729916271335,1,0.5062796453566041,1,0.5,1,0.79,0,1,0.43449840639534354
379,0.5,0.7037037037037037,0.5,,0.6363636363636364,0.506076915480218,0.506076915480218,0.0,0.6666666666666666,0.6,0.5195375223132114,0.9983498349834984,0.9999869314520876,0.00825082508250825,0.995049504950495,1.0,0.6667931310840144,0.666802224990936,0.6668140617815141,0,0.2,0,0.0,0,0.003282745723603769,0,0.49381837060537676,0,0.5,0,0.35,1,6,0.7421498139451699
380,0.7,0.7037037037037037,0.5,,0.3090909090909091,0.4939279570192625,0.4939279570192625,0.0,0.6666666666666666,0.5,0.55976815937189,0.9983498349834984,0.9998720509029329,0.0049504950495049506,0.9983498349834984,1.0,0.6675850185112652,0.6678429788528335,0.6680223701666169,0,0.2,1,1.0,1,0.9999774619987332,1,0.5119426885817204,1,0.5133112668982793,0,0.37,0,2,0.4007947637535445
381,0.3,0.8888888888888888,0.5,,0.9818181818181818,0.49392252548874893,0.49392252548874893,0.0,0.6666666666666666,0.0,0.49714045332677936,0.9966996699669967,0.9999974986862726,0.0,1.0,1.0,0.6666739330813193,0.666677885948399,0.6666800544800852,1,0.6,0,0.0,0,0.0016233870434101967,1,0.5033457859355415,1,0.4866350589980569,1,0.52,0,2,0.6480659613371653
382,0.5,1.0,0.5,,0.23636363636363636,0.4945803953277865,0.4945803953277865,0.0,0.6666666666666666,0.0,0.48702523578388524,0.995049504950495,0.9934180792770134,0.0016501650165016502,1.0,1.0,0.6904970949564191,0.7013576015467479,0.7077826073474743,0,0.4,0,0.0,1,0.9960648602732978,1,0.6177665299173836,1,0.4949798257229622,0,0.29,0,3,0.5335314640143927
383,0.6,0.8148148148148149,0.5,,0.2,0.494603454207848,0.494603454207848,0.0,0.6666666666666666,0.5,0.47444075646603934,0.9966996699669967,0.9949560529278909,0.0049504950495049506,0.9966996699669967,1.0,0.6915299406550929,0.701814260370063,0.7073818953258307,0,0.4,0,0.0,1,0.999793707285536,1,0.5733732004338226,1,0.5125364463467997,0,0.46,0,3,0.5090494409889736
384,0.4,0.8888888888888888,0.5,,0.16363636363636364,0.5059912374339579,0.5059912374339579,0.0,0.6666666666666666,0.0,0.4229725476021369,0.9966996699669967,0.9980880062264647,0.0,0.9966996699669967,1.0,0.6773700266689493,0.6790218280027173,0.682206058853558,1,0.8,0,0.0,0,0.005137617851600773,1,0.5426825405785659,0,0.5,1,0.84,1,3,0.5520299735949723
385,0.4,0.5555555555555556,0.5,,0.12727272727272726,0.5114648939554968,0.5114648939554968,0.0,0.6666666666666666,0.6666666666666666,0.4900443376167608,0.9966996699669967,0.9242832657251997,0.0033003300330033004,0.995049504950495,0.98,0.6641805234714063,0.7074471772440108,0.7879333956046894,1,0.6,1,1.0,1,1.0,0,0.48052226553294386,1,0.4883171313998738,1,0.79,0,1,0.2735267671778637
386,0.6,0.9259259259259259,0.5,,1.0,0.506077514752654,0.506077514752654,0.0,0.6666666666666666,0.0,0.4883894733071582,0.995049504950495,0.999998821609257,0.0,1.0,1.0,0.6666679866412609,0.6666689770172023,0.6666719183513728,0,0.4,1,1.0,0,0.0032700896705555953,0,0.4937634202122922,0,0.5,1,0.53,1,4,0.5121610816861921
387,0.6,0.962962962962963,0.5,,0.2,0.48853510604450323,0.48853510604450323,0.0,0.6666666666666666,0.5,0.4273613906180814,0.9966996699669967,0.8748433127052697,0.0,1.0,0.96,0.592942050587397,0.7570360611025674,0.8540872269662088,0,0.4,0,0.0,1,1.0,1,0.9869842828519702,0,0.5,1,0.53,1,3,0.4305026195246716
388,0.4,0.2962962962962963,0.5,,0.18181818181818182,0.48853510604450323,0.48853510604450323,0.0,0.6666666666666666,0.5,0.5436607684372404,0.9983498349834984,0.9593760371197148,0.0016501650165016502,0.9966996699669967,1.0,0.8345171970429017,0.9109018929133889,0.9687909535934132,0,0.2,1,1.0,1,1.0,1,0.9034125959665767,1,0.5632589658969085,1,0.55,1,1,0.29722140635608574
389,0.5,0.5925925925925926,0.5,,0.6727272727272727,0.49392286343826886,0.49392286343826886,0.0,0.6666666666666666,0.0,0.4735848261932465,0.9966996699669967,0.9999872855693974,0.0,0.9983498349834984,1.0,0.6667346656228463,0.6667538688744931,0.6667661198877941,1,0.6,1,1.0,1,0.9967219411669829,1,0.5064343622492519,1,0.5,1,0.58,0,0,0.30280728276396085
390,0.5,0.8148148148148149,0.5,,0.2,0.49508456212200436,0.49508456212200436,0.0,0.6666666666666666,0.5,0.5363678951350657,0.9983498349834984,0.9945848388769275,0.0,0.9983498349834984,1.0,0.7007025824395899,0.708609951790492,0.7154071492432631,0,0.4,1,1.0,1,0.9995478036941248,1,0.6130236842653949,1,0.5109613745958411,0,0.44,0,2,0.33941118957410665
391,0.1,0.0,0.5,,0.5454545454545454,0.4939238869819308,0.4939238869819308,0.0,0.6666666666666666,0.0,0.4117238700342254,0.9867986798679867,0.9999189635929603,0.0,0.9933993399339934,1.0,0.6668468297061895,0.6669715970670967,0.6670366973732839,1,1.0,1,1.0,1,0.9987159633121809,1,0.5124472739649919,1,0.520797083099429,1,0.92,0,0,0.17467327993723314
392,0.5,0.8888888888888888,0.5,,0.2727272727272727,0.49393207054732224,0.49393207054732224,0.0,0.6666666666666666,1.0,0.5613091266930852,0.9983498349834984,0.9998282179906645,0.006600660066006601,1.0,1.0,0.6683316460207964,0.668659696694125,0.6688750978374219,0,0.4,1,1.0,1,0.996526425592828,1,0.508959400128175,1,0.5,0,0.34,0,2,0.3757523623798329
393,0.3,0.2962962962962963,0.5,,0.8363636363636363,0.49392263346147103,0.49392263346147103,0.0,0.6666666666666666,0.0,0.45041204922526634,0.995049504950495,0.9999930963582941,0.0,1.0,1.0,0.6666914564483274,0.6667016229627528,0.6667070807540789,1,0.8,1,1.0,1,0.9987367414513788,1,0.5120808077120005,1,0.5215246936069978,1,0.63,0,0,0.2562762928716037
394,0.5,0.8148148148148149,0.5,,0.21818181818181817,0.49393297854354623,0.49393297854354623,0.0,0.6666666666666666,1.0,0.6155636016663846,0.9983498349834984,0.9998242905064094,0.009900990099009901,1.0,1.0,0.66850372150304,0.6688512620115894,0.6690675820746833,0,0.4,0,0.0,1,0.9985632090028769,1,0.5128925247446073,1,0.5157505969652421,0,0.44,0,3,0.5221322782145457
395,0.4,0.2962962962962963,0.5,,0.18181818181818182,0.48853510604450323,0.48853510604450323,0.0,0.6666666666666666,1.0,0.5283472532901434,0.9983498349834984,0.9145366314276113,0.0016501650165016502,1.0,1.0,0.6666666666666666,0.8369042796108758,0.9266816267234107,0,0.4,1,1.0,1,1.0,1,0.9470722735265954,1,0.5276913534816474,1,0.73,1,1,0.23253939549862623
396,0.4,0.7407407407407407,0.5,,0.7636363636363637,0.5060773369132426,0.5060773369132426,0.0,0.6666666666666666,1.0,0.5044840351310631,0.9983498349834984,0.9999915354660791,0.0,1.0,1.0,0.666698640177643,0.6667083419408598,0.6667285785178904,1,0.6,1,1.0,0,0.00327385805354745,0,0.4939077649141978,0,0.5,1,0.63,1,3,0.4621363961720425
397,0.5,0.5555555555555556,0.5,,0.12727272727272726,0.49394150447625307,0.49394150447625307,0.0,0.6666666666666666,0.6666666666666666,0.49975812060812375,0.9966996699669967,0.9995125280648709,0.0016501650165016502,1.0,1.0,0.6697167751506582,0.6704035798930438,0.6708735165058288,0,0.4,1,1.0,0,0.0011464669093652125,1,0.5046165982470736,1,0.4900702115400249,1,0.52,0,2,0.5140277872172561
398,0.8,0.8888888888888888,0.5,,0.509090909090909,0.4939244175806844,0.4939244175806844,0.0,0.6666666666666666,0.5,0.47201227109640864,0.9966996699669967,0.9999338327001446,0.0016501650165016502,0.9983498349834984,1.0,0.6669657117932061,0.6670965179739473,0.667171455176804,0,0.2,1,1.0,1,0.9966889999594727,1,0.5071747198366274,1,0.5,0,0.45,0,2,0.39102271336731664
399,0.3,0.0,0.5,,0.5454545454545454,0.4939237074984695,0.4939237074984695,0.0,0.6666666666666666,0.0,0.4944872703298988,0.9966996699669967,0.9999527930115271,0.0,1.0,1.0,0.6668688179416286,0.6669415064878953,0.6669840585086737,1,0.6,1,1.0,1,0.9987188242376926,1,0.510629070851105,1,0.5208689364088025,1,0.85,0,0,0.2532971947504
400,0.6,0.7777777777777778,0.5,,0.6545454545454545,0.4939230345369303,0.4939230345369303,0.0,0.6666666666666666,0.5555555555555556,0.46563841253051874,0.995049504950495,0.999984365046993,0.01155115511551155,0.9917491749174917,1.0,0.6667700948030113,0.6667911675964925,0.6668091780313534,0,0.4,0,0.0,1,0.9987301391233329,1,0.5121643916260583,1,0.5212836950951496,0,0.34,0,3,0.5379702956925765
401,0.4,0.5555555555555556,0.5,,0.14545454545454545,0.5059198628969254,0.5059198628969254,0.0,0.6666666666666666,0.25,0.5324390955424254,0.9983498349834984,0.9983721681435429,0.0016501650165016502,0.995049504950495,1.0,0.6826342550790774,0.6846613902933525,0.6873627214193279,1,0.6,1,1.0,0,0.006695122192506159,1,0.5483319413515714,0,0.5,1,0.73,1,2,0.4358288227426538
402,0.2,0.40740740740740744,0.5,,0.14545454545454545,0.48873724642150174,0.48873724642150174,0.0,0.6666666666666666,0.3333333333333333,0.5600248758685554,0.9983498349834984,0.9893639754017294,0.0033003300330033004,0.9917491749174917,1.0,0.7666214229842585,0.7807642151277772,0.7947970255006283,1,0.8,1,1.0,1,0.9934449430241726,1,0.6970871804699171,1,0.5,1,0.72,1,0,0.21491131275098507
403,0.3,1.0,0.5,,0.18181818181818182,0.5060340168881535,0.5060340168881535,0.0,0.6666666666666666,0.5,0.4106603081109985,0.9966996699669967,0.9989902423454923,0.0,0.9983498349834984,1.0,0.6731188096831484,0.6741746895796342,0.6764494259596423,1,0.6,1,1.0,0,0.004204674442713784,0,0.4982483147333824,0,0.5,0,0.49,1,4,0.48459116847065065
404,0.4,0.11111111111111116,0.5,,0.18181818181818182,0.5060351743876351,0.5060351743876351,0.0,0.6666666666666666,1.0,0.5135432625336523,0.9983498349834984,0.9989079375284212,0.0,1.0,1.0,0.6727545215733324,0.6740283931139522,0.6759307695719136,1,0.6,0,0.0,0,0.004180086046536925,1,0.5500826137737681,0,0.5,1,0.68,1,3,0.6109562166966158
405,0.3,0.5925925925925926,0.5,,0.38181818181818183,0.4939268845623592,0.4939268845623592,0.0,0.6666666666666666,0.3333333333333333,0.5084714166262636,0.9983498349834984,0.9999063965419376,0.0016501650165016502,0.995049504950495,1.0,0.667504949190071,0.6676220222875807,0.6677308862595206,1,0.8,0,0.0,1,0.9966366705090715,1,0.5076759499726258,1,0.5,1,0.58,0,1,0.4359478965863838
406,0.3,0.4444444444444444,0.5,,0.9454545454545454,0.493922525464511,0.493922525464511,0.0,0.6666666666666666,0.0,0.430091725952891,0.995049504950495,0.9999977434610522,0.0,1.0,1.0,0.6666727170848802,0.6666781697384799,0.6666803446994954,1,1.0,1,1.0,1,0.9999778892417253,1,0.5100293993669327,1,0.513440218498957,1,0.83,0,0,0.19109208214873086
407,0.3,0.7777777777777778,0.5,,0.509090909090909,0.5060757952368231,0.5060757952368231,0.0,0.6666666666666666,0.0,0.4609117627174286,0.9900990099009901,0.999927056114935,0.0,0.9983498349834984,1.0,0.666977578868651,0.6670593527647022,0.6671870604290826,1,1.0,1,1.0,0,2.2225677765955746e-05,0,0.49277466457877656,0,0.48661782391792047,1,0.73,1,3,0.3817642143042562
408,0.7,0.962962962962963,0.5,,0.12727272727272726,0.5060578734322528,0.5060578734322528,0.0,0.6666666666666666,1.0,0.5817706264040584,0.9983498349834984,0.9996356593306374,0.00825082508250825,1.0,1.0,0.6699766384394864,0.6705647809967941,0.6715208970147205,0,0.2,0,0.0,0,0.0015953217476813446,0,0.49748868488917,0,0.48884817858349583,0,0.24,1,6,0.7620113024632755
409,0.9,0.6296296296296297,0.5,,0.7818181818181819,0.5060773702133451,0.5060773702133451,0.0,0.6666666666666666,1.0,0.517985697291587,0.9983498349834984,0.9999925211868789,0.0,1.0,1.0,0.6666946424016816,0.6667020347713563,0.6667155685281326,0,0.2,1,1.0,0,0.0012632168114378917,0,0.4882184623184805,0,0.47847792420286855,1,0.51,1,4,0.5536733994445355
410,0.5,0.962962962962963,0.5,,0.16363636363636364,0.4941104908749092,0.4941104908749092,0.0,0.6666666666666666,1.0,0.5490413585875096,0.9983498349834984,0.9975998516307549,0.006600660066006601,0.9983498349834984,1.0,0.6815221810883773,0.6865049555357744,0.6890260505436671,0,0.4,0,0.0,1,0.9999474900021889,1,0.5328509383332829,1,0.5128864464353844,0,0.18,0,3,0.5623858542048572
411,0.6,0.5925925925925926,0.5,,0.23636363636363636,0.5052456050075735,0.5052456050075735,0.0,0.6666666666666666,0.5,0.5386399684425706,0.9983498349834984,0.995363559242921,0.0033003300330033004,0.9983498349834984,1.0,0.6994474974665064,0.7041876582605575,0.7119607056848524,0,0.4,0,0.0,1,0.999613506222801,1,0.5102551651574918,0,0.5,0,0.28,1,4,0.551688554769951
412,0.6,0.5555555555555556,0.5,,0.9636363636363636,0.506077456854304,0.506077456854304,0.0,0.6666666666666666,1.0,0.614348105295841,0.9983498349834984,0.9999983147787709,0.0033003300330033004,1.0,1.0,0.6666801255831615,0.6666822611557983,0.6666869038305108,0,0.0,0,0.0,1,0.998377305247286,0,0.49671390145023875,0,0.5133607560777946,0,0.32,1,5,0.6119246728707801
413,0.6,0.37037037037037035,0.5,,0.10909090909090909,0.5104145052653962,0.5104145052653962,0.0,0.6666666666666666,1.0,0.5361123636419156,0.9983498349834984,0.9828329075783019,0.0,1.0,1.0,0.7364678409253912,0.7667881393994007,0.7882961298716551,0,0.0,0,0.0,0,0.09273709878382655,1,0.7001534396304732,0,0.4650343718288019,0,0.26,0,5,0.7470125149594831
414,0.7,0.6296296296296297,0.5,,0.16363636363636364,0.5114648939554928,0.5114648939554928,0.0,0.6666666666666666,1.0,0.5333096831813172,0.9983498349834984,0.9664210812767925,0.0049504950495049506,0.9966996699669967,1.0,0.9013829488906543,0.9695282419715001,0.9996241151377615,0,0.2,0,0.0,1,1.0,1,0.723285446156022,1,0.5,1,0.5,0,2,0.5127857589739964
415,0.3,0.40740740740740744,0.5,,0.2545454545454545,0.49392958555634014,0.49392958555634014,0.0,0.6666666666666666,0.5,0.4552942609616649,0.995049504950495,0.9997288554144972,0.0,0.9983498349834984,1.0,0.6678592236839742,0.6681539091106724,0.6683534990300904,1,0.8,1,1.0,0,0.0014052824000739196,1,0.5061293105432535,1,0.488034635719251,1,0.72,0,1,0.4140717952229037
416,0.7,0.6296296296296297,0.5,,0.07272727272727272,0.5060487148311394,0.5060487148311394,0.0,0.6666666666666666,0.0,0.4429794713835722,0.9933993399339934,0.9993956943503712,0.0016501650165016502,0.9983498349834984,1.0,0.6714030732366566,0.6720200046677721,0.6729685654367892,0,0.4,1,1.0,0,0.0038879482818340817,1,0.5028053647716035,0,0.5,0,0.38,1,4,0.5355511144910938
417,0.6,0.8148148148148149,0.5,,0.12727272727272726,0.5114025302225639,0.5114025302225639,0.0,0.6666666666666666,0.5,0.5308825689386482,0.9983498349834984,0.9865860212088783,0.0033003300330033004,0.9983498349834984,1.0,0.7682884494029182,0.7916121539110363,0.8144378282486272,0,0.4,0,0.0,0,0.007684643686160247,1,0.6542834266349989,0,0.4923887490730583,0,0.36,0,5,0.6809405301009637
418,0.7,0.5185185185185186,0.5,,0.45454545454545453,0.5060752884574734,0.5060752884574734,0.0,0.6666666666666666,1.0,0.5239519252379994,0.9983498349834984,0.9999101906777234,0.0,1.0,1.0,0.6670894651538107,0.667160472418627,0.6673744978724883,0,0.4,0,0.0,0,0.003316988436697189,0,0.49598924790010934,0,0.5,1,0.57,1,5,0.6717822939438656
419,0.4,0.5925925925925926,0.5,,0.23636363636363636,0.5056130738772986,0.5056130738772986,0.0,0.6666666666666666,0.4,0.41273735605731443,0.995049504950495,0.9959537098012098,0.0049504950495049506,0.995049504950495,1.0,0.6931806680459739,0.6969378259428018,0.7020902856730822,1,0.6,1,1.0,0,0.013359455196465064,1,0.5462061583036467,0,0.5,1,0.6,1,2,0.456739064416648
420,0.5,0.7037037037037037,0.5,,0.9090909090909091,0.4939224914428769,0.4939224914428769,0.0,0.6666666666666666,0.0,0.4675117455903417,0.9933993399339934,0.9999985859614648,0.0,0.9983498349834984,1.0,0.6666674323667912,0.6666704081550688,0.6666715664220464,1,0.6,1,1.0,0,0.0016246009877100807,1,0.503382402725479,1,0.486627574665542,1,0.54,0,1,0.4780609036035447
421,0.6,0.7777777777777778,0.5,,0.7090909090909091,0.5060772579237905,0.5060772579237905,0.0,0.6666666666666666,0.5,0.5164987624266897,0.9983498349834984,0.9999892737022974,0.0,0.9983498349834984,1.0,0.6667158249175611,0.6667261748806769,0.6667442591390075,0,0.4,0,0.0,1,0.9983843972203478,0,0.49671871438178866,0,0.5133178186813518,0,0.34,1,5,0.5419298449527521
422,0.5,0.5185185185185186,0.5,,0.45454545454545453,0.5060757877095287,0.5060757877095287,0.0,0.6666666666666666,0.75,0.5339959538435737,0.9983498349834984,0.9999695751161743,0.009900990099009901,0.995049504950495,1.0,0.6670123295422342,0.6670504232531461,0.6670902894980445,1,0.6,1,1.0,0,0.0012894495689565184,0,0.4885340966482461,0,0.4794170508396935,1,0.52,1,3,0.48512656715718394
423,0.4,0.6296296296296297,0.5,,0.6181818181818182,0.5060770918435713,0.5060770918435713,0.0,0.6666666666666666,0.5,0.47440223204856913,0.9966996699669967,0.9999879082272533,0.006600660066006601,0.9933993399339934,1.0,0.6667502096893522,0.6667634137048083,0.6667826715551477,1,0.6,1,1.0,1,0.9983903761675864,0,0.4969374138823155,0,0.5132817460054327,0,0.48,1,3,0.31856507732411077
424,0.5,0.4814814814814815,0.5,,0.18181818181818182,0.4885351060475803,0.4885351060475803,0.0,0.6666666666666666,0.5,0.46472132015622647,0.9966996699669967,0.946112848367198,0.0,1.0,1.0,0.8772083015799774,0.9213258003664326,0.9993943903240876,1,0.6,0,0.0,1,1.0,1,0.8998752772778518,1,0.5,0,0.3,1,2,0.4500207871203581
425,0.5,0.2962962962962963,0.5,,0.4727272727272727,0.49392463414999976,0.49392463414999976,0.0,0.6666666666666666,0.0,0.43636669719628496,0.995049504950495,0.9999185740764351,0.0,1.0,1.0,0.6670285701751528,0.6671332268996916,0.6672038853101163,1,0.6,0,0.0,1,0.9994132967337945,1,0.5083147585079539,1,0.4947508803900283,1,0.67,0,1,0.4545868440613705
426,0.2,0.33333333333333337,0.5,,0.10909090909090909,0.5060425644777939,0.5060425644777939,0.0,0.6666666666666666,0.0,0.42485280725568475,0.9900990099009901,0.9991187448397508,0.0,0.995049504950495,1.0,0.672279717268985,0.672999296750559,0.6742943656074528,1,0.6,1,1.0,0,0.0006958473819115752,1,0.5006835643161317,0,0.5,1,0.64,1,2,0.4597700980503261
427,0.6,0.7777777777777778,0.5,,0.5272727272727272,0.5060767014644181,0.5060767014644181,0.0,0.6666666666666666,1.0,0.5150116994706295,0.9983498349834984,0.9999698893986505,0.0,1.0,1.0,0.6668217065380914,0.666853681551892,0.66691230710814,0,0.2,0,0.0,0,0.0012742844373160773,0,0.48837121653987814,0,0.47888857507736615,0,0.33,1,6,0.7502443206575733
428,0.3,0.6296296296296297,0.5,,0.6,0.5060768050405542,0.5060768050405542,0.0,0.6666666666666666,0.5,0.4938293531844977,0.9966996699669967,0.9999761914075195,0.0016501650165016502,0.9966996699669967,1.0,0.6668042355966189,0.666826855678842,0.6668688171021988,1,0.6,0,0.0,0,2.2159210670532383e-05,0,0.4905397187830638,0,0.4865798674001332,1,0.6,1,4,0.6371430424343554
429,0.7,0.7407407407407407,0.5,,0.32727272727272727,0.4939276394637926,0.4939276394637926,0.0,0.6666666666666666,0.75,0.6557190206601998,0.9983498349834984,0.9999110773010267,0.00825082508250825,0.9983498349834984,1.0,0.6676193849081679,0.6677791771538716,0.6679273780984927,0,0.2,1,1.0,1,0.9986534778463908,1,0.513810899936265,1,0.518629584147324,0,0.35,0,2,0.40315100634500334
430,0.5,0.7407407407407407,0.5,,0.38181818181818183,0.5060739293193657,0.5060739293193657,0.0,0.6666666666666666,0.3333333333333333,0.4793390814266937,0.9966996699669967,0.9999011136010704,0.0016501650165016502,0.9966996699669967,1.0,0.6673668407898127,0.6674657606053492,0.6676867655501147,1,0.6,1,1.0,0,0.0005908007340747562,0,0.495372311799063,0,0.5052223696323381,1,0.6,1,3,0.466469086305754
431,0.7,0.40740740740740744,0.5,,0.18181818181818182,0.4943484186691893,0.4943484186691893,0.0,0.6666666666666666,0.0,0.4899796082610586,0.9966996699669967,0.9944080436861119,0.0,1.0,1.0,0.684066125228785,0.6959593833716012,0.7016686396222703,0,0.0,0,0.0,1,0.9885706643885026,1,0.5483845014012297,0,0.4581108057945413,0,0.49,0,4,0.5858223380692877
432,0.5,1.0,0.5,,0.12727272727272726,0.5059369897425086,0.5059369897425086,0.0,0.6666666666666666,0.25,0.44130325756147337,0.995049504950495,0.99790885633334,0.006600660066006601,0.9900990099009901,1.0,0.6818624818300743,0.6835718950749634,0.6866827594312307,0,0.4,0,0.0,0,0.0011246484980538937,1,0.5117548668493805,0,0.5,1,0.58,1,4,0.6678534141087609
433,0.7,0.7037037037037037,0.5,,0.9090909090909091,0.49392249432795077,0.49392249432795077,0.0,0.6666666666666666,1.0,0.5826743838947808,0.9983498349834984,0.9999990998399597,0.0033003300330033004,1.0,1.0,0.6666693461319794,0.6666711079893557,0.6666720422686141,0,0.4,0,0.0,1,0.9999778913909416,1,0.5099866979141678,1,0.5134408097760292,0,0.31,0,3,0.544432433486477
434,0.9,0.8888888888888888,0.5,,0.16363636363636364,0.4939884379714674,0.4939884379714674,0.0,0.6666666666666666,1.0,0.5773646389205033,0.9983498349834984,0.9986016325472905,0.006600660066006601,0.9983498349834984,1.0,0.6732596894919579,0.6768637386565477,0.6783531192290913,0,0.2,1,1.0,1,0.9991871275330063,1,0.515445575659992,1,0.5,0,0.28,0,2,0.41756121613450026
435,0.4,0.4444444444444444,0.5,,0.09090909090909091,0.48853623760322307,0.48853623760322307,0.0,0.6666666666666666,1.0,0.5267508089983157,0.9983498349834984,0.9751137477262942,0.0016501650165016502,1.0,1.0,0.7966537763007723,0.8225451712965104,0.8806988236017015,0,0.4,1,1.0,1,0.9999975368831636,1,0.8888048385623855,1,0.4887763314441667,1,0.7,1,1,0.2537368821850473
436,0.6,0.7037037037037037,0.5,,0.6181818181818182,0.49392290849316,0.49392290849316,0.0,0.6666666666666666,1.0,0.55149373619172,0.9983498349834984,0.999985518402107,0.0,1.0,1.0,0.6667347598365203,0.6667642524456128,0.666779045881455,0,0.4,0,0.0,1,0.9967209825362887,1,0.5065260792553345,1,0.5,0,0.37,0,3,0.5377921563680628
437,0.4,0.4444444444444444,0.5,,0.9454545454545454,0.49392253739932557,0.49392253739932557,0.0,0.6666666666666666,0.0,0.4889217812615053,0.9966996699669967,0.9999968767372144,0.0,0.9983498349834984,1.0,0.666672447821207,0.6666807585767072,0.6666839013196992,1,0.6,1,1.0,1,0.9994195685838306,1,0.5071182291772209,1,0.4947175354033277,1,0.72,0,0,0.27979077780593675
438,0.5,0.962962962962963,0.5,,0.12727272727272726,0.49397544203660393,0.49397544203660393,0.0,0.6666666666666666,0.0,0.4282586854797402,0.9966996699669967,0.9985248115593841,0.0,0.9983498349834984,1.0,0.6725050396438745,0.6752785014133711,0.6766808039290011,1,0.6,1,1.0,1,0.9977990267866786,1,0.5395659357109306,1,0.5,1,0.55,0,0,0.30210583958373183
439,0.6,0.8148148148148149,0.5,,0.12727272727272726,0.5060612831931766,0.5060612831931766,0.0,0.6666666666666666,0.0,0.4837578327561245,0.9966996699669967,0.9994301054516496,0.0,1.0,1.0,0.6694155135022194,0.6699077039114996,0.67083638528712,1,0.6,1,1.0,0,0.001536787319768224,0,0.49911166475321206,0,0.4870738150352878,1,0.6,1,3,0.46871295548195524
440,0.5,0.6296296296296297,0.5,,0.07272727272727272,0.5060515237587981,0.5060515237587981,0.0,0.6666666666666666,0.0,0.4803940784322176,0.995049504950495,0.9989366407372405,0.0,1.0,1.0,0.6706083291679636,0.6716098045808132,0.6737593493066775,0,0.2,1,1.0,0,0.00382947502601516,1,0.5232621339034319,0,0.5,1,0.51,1,3,0.5438180651784255
441,0.7,0.6296296296296297,0.5,,0.41818181818181815,0.4939256354314393,0.4939256354314393,0.0,0.6666666666666666,0.5,0.4624508396574204,0.9966996699669967,0.9999093885662458,0.0033003300330033004,0.9966996699669967,1.0,0.6671900958264525,0.667346894224855,0.667442233942516,0,0.4,1,1.0,0,0.0015191304260658734,1,0.5048243060314039,1,0.48727160337340664,0,0.46,0,3,0.5243974933615205
442,0.5,0.5925925925925926,0.5,,0.5818181818181818,0.493923095257506,0.493923095257506,0.0,0.6666666666666666,0.0,0.49384980687858726,0.9966996699669967,0.9999741502807763,0.0,1.0,1.0,0.6667416101153029,0.6668053467591072,0.6668313984295765,0,0.4,0,0.0,1,0.99941795356651,1,0.5072215860867115,1,0.49472731861713937,0,0.47,0,3,0.52143885695494
443,0.8,1.0,0.5,,0.7818181818181819,0.5060773002743659,0.5060773002743659,0.0,0.6666666666666666,1.0,0.5947142356478049,0.9983498349834984,0.9999946536260764,0.00825082508250825,1.0,1.0,0.6667105791303761,0.6667177350568418,0.6667263306812977,0,0.2,1,1.0,0,2.2122605011269917e-05,0,0.4901219663984113,0,0.4865653915616028,0,0.44,1,5,0.5638817532391625
444,0.2,0.4444444444444444,0.5,,0.09090909090909091,0.4885437771892943,0.4885437771892943,0.0,0.6666666666666666,0.5,0.5130276776752251,0.9983498349834984,0.984128207052182,0.0,0.9983498349834984,1.0,0.7914142203409124,0.8082028365162555,0.8604587766629347,1,0.8,1,1.0,0,0.006675432449293925,1,0.6936194115325319,1,0.4755860750978641,1,0.6,1,1,0.40401984682005165
445,0.3,0.4444444444444444,0.5,,0.9454545454545454,0.4939225228043862,0.4939225228043862,0.0,0.6666666666666666,1.0,0.5253934702547144,0.9983498349834984,0.999997569570645,0.0,1.0,1.0,0.666671298814913,0.6666769553011939,0.6666799090847018,1,0.8,1,1.0,1,0.9999778890175539,1,0.5100333181919705,1,0.513440327968766,1,0.82,0,0,0.22609141080361816
446,0.5,0.5555555555555556,0.5,,0.9636363636363636,0.4939224885518573,0.4939224885518573,0.0,0.6666666666666666,0.75,0.6375666880527386,0.9983498349834984,0.9999993542585768,0.009900990099009901,0.9983498349834984,1.0,0.6666688702138953,0.6666697685240703,0.6666702923430226,0,0.2,0,0.0,0,0.0016247103322833364,1,0.5033462293983912,1,0.4866270777048905,0,0.21,0,4,0.7664003304274059
447,0.4,0.40740740740740744,0.5,,0.18181818181818182,0.49418601995277367,0.49418601995277367,0.0,0.6666666666666666,1.0,0.5677105428501106,0.9983498349834984,0.9972009879761755,0.0,0.9983498349834984,1.0,0.6834161791869009,0.6902007133206735,0.6940809583999964,0,0.4,1,1.0,0,0.00039917062169445955,1,0.5475733198123415,1,0.5,1,0.74,0,2,0.4686712515943273
448,0.5,0.5555555555555556,0.5,,0.14545454545454545,0.505886230019766,0.505886230019766,0.0,0.6666666666666666,1.0,0.5248152589960536,0.9983498349834984,0.9976301013890889,0.0033003300330033004,1.0,1.0,0.6846159157262058,0.6867232380227599,0.6904140538069664,1,0.6,0,0.0,0,0.005184808174608443,0,0.4603347773519421,1,0.5263033389642509,0,0.46,1,4,0.6580295125848665
449,0.7,0.7407407407407407,0.5,,0.23636363636363636,0.49556399710471166,0.49556399710471166,0.0,0.6666666666666666,1.0,0.5083272399084108,0.9983498349834984,0.9916298373593745,0.0,1.0,1.0,0.6936136347470877,0.713053122305426,0.7208101955990689,0,0.2,0,0.0,1,0.9992034641844536,1,0.6581736402371527,1,0.5109108050882306,1,0.52,0,2,0.5186186817483605
450,0.3,0.5925925925925926,0.5,,0.18181818181818182,0.5039548683362521,0.5039548683362521,0.0,0.6666666666666666,0.0,0.4605065837881064,0.9933993399339934,0.9879773706920816,0.0,1.0,1.0,0.7038776497842346,0.7154911393302166,0.7413458800460889,1,0.8,1,1.0,0,0.0012262981213889887,1,0.73939940412333,0,0.4947215188068718,1,0.79,1,2,0.3624421298247348
451,0.4,0.33333333333333337,0.5,,0.10909090909090909,0.5060391412743614,0.5060391412743614,0.0,0.6666666666666666,0.0,0.48665077906278165,0.9966996699669967,0.9989898820070333,0.0,0.9983498349834984,1.0,0.6724260558078259,0.6735096138668986,0.6755245050302552,0,0.4,1,1.0,0,0.0007081722326889641,1,0.5075038659554169,0,0.5,1,0.53,1,3,0.5102979936353156
452,0.4,0.2962962962962963,0.5,,0.4727272727272727,0.4939249520541259,0.4939249520541259,0.0,0.6666666666666666,1.0,0.5076572933850868,0.9983498349834984,0.9999060908753415,0.0,1.0,1.0,0.6669853691695327,0.6672136217213075,0.6673344520209631,1,0.6,0,0.0,1,0.9966777050846336,1,0.507546149022478,1,0.5,1,0.54,0,1,0.47596269098214805
453,0.2,0.4444444444444444,0.5,,0.21818181818181817,0.4966648383928922,0.4966648383928922,0.0,0.6666666666666666,0.3333333333333333,0.5478411441388049,0.9983498349834984,0.9938560112641309,0.0033003300330033004,0.995049504950495,1.0,0.7064373232290552,0.7201931013467945,0.7289854564009052,1,0.8,1,1.0,1,0.9761520172570428,1,0.5767572716706595,1,0.49490031994946415,1,0.8,0,0,0.22536506518713895
454,0.5,0.5185185185185186,0.5,,0.8909090909090909,0.506077503089745,0.506077503089745,0.0,0.6666666666666666,0.0,0.4451683125380256,0.995049504950495,0.9999987376715844,0.0,0.9983498349834984,1.0,0.6666706764619091,0.666671797395496,0.6666753641907925,1,0.6,1,1.0,0,0.003270325466749512,0,0.4937554282639864,0,0.5,0,0.49,1,4,0.48549570771154393
455,0.8,0.6296296296296297,0.5,,0.09090909090909091,0.4951743869156371,0.4951743869156371,0.0,0.6666666666666666,1.0,0.5436696310346024,0.9983498349834984,0.9895663020783172,0.0016501650165016502,1.0,1.0,0.7308303743736629,0.7421555269314011,0.7671187336090524,0,0.2,1,1.0,0,0.3124574619405565,1,0.793440053401965,0,0.5,0,0.43,1,4,0.46068374744291307
456,0.6,0.6666666666666667,0.5,,0.12727272727272726,0.4941164718394433,0.4941164718394433,0.0,0.6666666666666666,0.0,0.39978879381842625,0.9917491749174917,0.9966356242303316,0.0,0.9966996699669967,1.0,0.6818480855851943,0.6868792000602671,0.6897535252835929,1,0.6,0,0.0,0,0.0004362484135541815,1,0.5371978382691878,1,0.5,0,0.48,0,3,0.6470609855528764
457,0.5,0.6296296296296297,0.5,,0.09090909090909091,0.4981493090948217,0.4981493090948217,0.0,0.6666666666666666,0.0,0.46908475715326725,0.9966996699669967,0.9891075318762309,0.0,1.0,1.0,0.7246476972878393,0.7364932344627502,0.757963940916979,1,0.6,1,1.0,0,0.2359205723996319,0,0.4875376567079784,0,0.5,1,0.62,1,3,0.42609029514873165
458,0.4,0.6666666666666667,0.5,,0.12727272727272726,0.5096227035889204,0.5096227035889204,0.0,0.6666666666666666,0.5,0.5184518325053575,0.9983498349834984,0.9827986380953776,0.0,1.0,1.0,0.7167661584518854,0.7594424014427144,0.7761062765450235,1,0.6,1,1.0,0,0.16905204393494025,1,0.6663320243021309,1,0.5,1,0.89,0,1,0.36243598862715476
459,0.4,0.5555555555555556,0.5,,0.12727272727272726,0.5114648939554968,0.5114648939554968,0.0,0.6666666666666666,0.0,0.4593498228342051,0.9900990099009901,0.8906827786230246,0.0,0.9983498349834984,1.0,0.740995485367319,0.8324998141913494,0.9927983020257573,1,0.8,1,1.0,0,8.059196546103604e-31,1,0.9976261496105994,1,0.5,1,0.6,0,1,0.3503956417315667
460,0.4,0.40740740740740744,0.5,,0.14545454545454545,0.48856925429101616,0.48856925429101616,0.0,0.6666666666666666,1.0,0.5233110385373336,0.9983498349834984,0.9825050344059149,0.0,1.0,1.0,0.773138272565154,0.795754470418534,0.8508224478993474,1,0.6,0,0.0,1,0.9998966911608518,1,0.6896364972717542,1,0.5594876695960062,1,0.54,1,1,0.43516319032856465
461,0.5,0.2962962962962963,0.5,,0.8363636363636363,0.49392265998380835,0.49392265998380835,0.0,0.6666666666666666,1.0,0.5496512966845807,0.9983498349834984,0.9999945590140207,0.0,1.0,1.0,0.6666950097599268,0.6667080766035666,0.6667146106121256,1,0.6,0,0.0,1,0.9987363193730341,1,0.512102528510331,1,0.5215072870506454,0,0.4,0,2,0.4946089775109982
462,0.6,0.5555555555555556,0.5,,0.14545454545454545,0.5058391988633146,0.5058391988633146,0.0,0.6666666666666666,0.5,0.4674265409523377,0.9966996699669967,0.9961527997177074,0.0,0.9983498349834984,1.0,0.6856045785993983,0.6890766874272023,0.6987765603417607,0,0.4,1,1.0,0,0.008458258658213038,1,0.5789565214446848,0,0.5,1,0.54,1,3,0.49543086998285035
463,0.5,0.5555555555555556,0.5,,0.12727272727272726,0.5114648939554968,0.5114648939554968,0.0,0.6666666666666666,0.5,0.5664228452425684,0.9983498349834984,0.938340772869096,0.0016501650165016502,0.9983498349834984,0.63,0.6222029414134028,0.6701076341429284,0.7740073402062807,1,0.6,0,0.0,0,2.1375853939204778e-133,1,0.7352724831823059,0,0.4669244580722738,0,0.36,0,4,0.6396338431242368
464,0.5,1.0,0.5,,0.07272727272727272,0.4940660838075077,0.4940660838075077,0.0,0.6666666666666666,0.0,0.480426172002849,0.9966996699669967,0.9976103378863238,0.0,0.9983498349834984,1.0,0.6780379448185763,0.6837959180538885,0.6869542992538166,0,0.2,0,0.0,1,0.999956441395953,1,0.5223235622801023,1,0.5127367558351793,1,0.51,0,2,0.5424972067481275
465,0.8,1.0,0.5,,0.16363636363636364,0.5058705206106165,0.5058705206106165,0.0,0.6666666666666666,1.0,0.5076368694007636,0.9983498349834984,0.9964175747580432,0.0,1.0,1.0,0.6837316825869196,0.6876301717205748,0.6973938131153702,0,0.2,1,1.0,0,0.007760168050079511,0,0.4986094017085436,0,0.5,0,0.37,1,5,0.5706050717068962
466,0.5,0.7777777777777778,0.5,,0.2,0.500533124835071,0.500533124835071,0.0,0.6666666666666666,0.0,0.4163446274308342,0.9933993399339934,0.9850715036239924,0.0,0.9983498349834984,1.0,0.7156142583357452,0.7293001770595557,0.7646906152823377,1,0.8,1,1.0,0,0.009639972165639214,1,0.6675296396375104,0,0.5,1,0.77,1,2,0.37547173136614165
467,0.4,0.4444444444444444,0.5,,0.2545454545454545,0.5060647190774369,0.5060647190774369,0.0,0.6666666666666666,0.0,0.43880616593791544,0.9933993399339934,0.9995389869915541,0.0,0.9966996699669967,1.0,0.6689360227794379,0.6692881330515651,0.6699493965442564,1,0.6,0,0.0,0,0.000619771227951862,1,0.5023041164756304,0,0.5050888013696608,0,0.48,1,4,0.6519978851544594
468,0.6,0.7407407407407407,0.5,,0.16363636363636364,0.5060636847242322,0.5060636847242322,0.0,0.6666666666666666,0.3333333333333333,0.5008854172203172,0.9983498349834984,0.9996049810828596,0.0049504950495049506,0.9917491749174917,1.0,0.6691362576786317,0.6694892887088237,0.6699938700036073,1,0.8,1,1.0,0,0.003565502998708779,0,0.49797065834243015,0,0.5,0,0.49,1,4,0.4514106397764768
469,0.7,0.962962962962963,0.5,,0.2,0.4944812653886661,0.4944812653886661,0.0,0.6666666666666666,0.5,0.5437122320120996,0.9983498349834984,0.9947803589530165,0.0016501650165016502,0.9983498349834984,1.0,0.6877678471997046,0.6992769353070208,0.7053585426396547,0,0.2,0,0.0,1,0.9966739911895987,1,0.5163795639253519,1,0.5,0,0.27,0,3,0.5861577408141749
470,0.6,0.33333333333333337,0.5,,0.10909090909090909,0.5060482700045228,0.5060482700045228,0.0,0.6666666666666666,0.0,0.4903790652227882,0.995049504950495,0.9989044820739985,0.0,1.0,1.0,0.67109334623346,0.6721779446791265,0.6750379845707744,0,0.4,0,0.0,0,0.0038933775344652858,1,0.5075866247675676,0,0.5,0,0.44,1,5,0.6914199996163279
471,0.7,0.6666666666666667,0.5,,0.12727272727272726,0.49408002971576637,0.49408002971576637,0.0,0.6666666666666666,0.8,0.6017627177010183,0.9983498349834984,0.998350598926402,0.009900990099009901,0.9983498349834984,1.0,0.681989621952606,0.6846933031019314,0.6869281549151983,0,0.0,0,0.0,0,0.0004707510453762973,1,0.5108764392193219,1,0.5,0,0.29,0,4,0.7831088016225503
472,0.2,0.4814814814814815,0.5,,0.5272727272727272,0.49392338247471246,0.49392338247471246,0.0,0.6666666666666666,0.0,0.48179348689979196,0.9966996699669967,0.9999581391698239,0.0,1.0,1.0,0.6667859972486381,0.6668677205944413,0.6669077576597643,1,0.6,0,0.0,1,0.9967109133703645,1,0.5069369872193783,1,0.5,1,0.61,0,1,0.46439201656837625
473,0.4,0.2962962962962963,0.5,,0.8363636363636363,0.49392263571124784,0.49392263571124784,0.0,0.6666666666666666,0.0,0.397764163764316,0.9933993399339934,0.9999934134232196,0.0,0.9966996699669967,1.0,0.6666923610532185,0.6667029032369975,0.666709818807244,1,0.6,1,1.0,0,0.001619349951035673,1,0.5034567605796418,1,0.4866587405946593,1,0.56,0,1,0.4747108581457772
474,0.3,0.9259259259259259,0.5,,0.5454545454545454,0.5060764346469786,0.5060764346469786,0.0,0.6666666666666666,0.0,0.46107705040592306,0.9900990099009901,0.9999652033214776,0.0,0.9966996699669967,1.0,0.666874852113371,0.6669093830535223,0.6669777173151084,1,0.8,0,0.0,0,2.218610510955878e-05,0,0.490905613115197,0,0.48659342811095785,1,0.65,1,4,0.5954131287781226
475,0.4,0.6296296296296297,0.5,,0.7818181818181819,0.5060773904468787,0.5060773904468787,0.0,0.6666666666666666,0.0,0.49713424818931273,0.9966996699669967,0.9999956277088877,0.0,0.9966996699669967,1.0,0.6666912279145302,0.6666968233716267,0.6667062926377124,0,0.4,0,0.0,0,0.0012628626839554626,0,0.48812375655801316,0,0.4784630193899893,1,0.57,1,5,0.677025060228007
476,0.7,0.0,0.5,,0.5454545454545454,0.4939241091381714,0.4939241091381714,0.0,0.6666666666666666,0.0,0.4446912757893863,0.995049504950495,0.9999416408984781,0.0,1.0,1.0,0.6669340356708582,0.6670293528860082,0.6670799941666665,0,0.0,0,0.0,1,0.9999777737735587,1,0.5101934523487865,1,0.5133995580507075,0,0.47,0,3,0.5844048693044912
477,0.4,0.5925925925925926,0.5,,0.4727272727272727,0.5060744465931909,0.5060744465931909,0.0,0.6666666666666666,0.0,0.46593825177579573,0.9933993399339934,0.9998594126571646,0.0,1.0,1.0,0.6671972469200668,0.6673314850519246,0.667598192328038,1,0.8,0,0.0,0,0.0033354823940892095,0,0.4975585596921961,0,0.5,1,0.56,1,4,0.6065176596522857
478,0.3,0.11111111111111116,0.5,,0.07272727272727272,0.5060045892146899,0.5060045892146899,0.0,0.6666666666666666,0.3333333333333333,0.47938100500009795,0.9966996699669967,0.9987224051195503,0.0049504950495049506,0.9818481848184818,1.0,0.676570449420628,0.6777384354026731,0.6796609858687487,0,0.4,1,1.0,0,3.1096222470412536e-05,1,0.5015288056153098,0,0.4873818616242725,1,0.74,1,3,0.4785097060896578
479,0.7,0.8888888888888888,0.5,,0.9818181818181818,0.49392253414369347,0.49392253414369347,0.0,0.6666666666666666,0.6,0.5742378109066989,0.9983498349834984,0.9999984711013619,0.00825082508250825,0.9966996699669967,1.0,0.6666784344627807,0.6666799823115526,0.6666815050889074,0,0.2,0,0.0,0,0.0016230501051329427,1,0.5033485987561356,1,0.4866369177706739,0,0.37,0,4,0.7397319055613429
480,0.4,0.5555555555555556,0.5,,0.14545454545454545,0.5059155171752697,0.5059155171752697,0.0,0.6666666666666666,1.0,0.5410394805213736,0.9983498349834984,0.9981853564533134,0.0,1.0,1.0,0.6830515032673656,0.684963244307481,0.6870540179919686,1,0.6,0,0.0,0,0.00678864133844742,1,0.5070933547764676,0,0.5,0,0.49,1,4,0.6493530006475141
481,0.2,0.2962962962962963,0.5,,0.4727272727272727,0.4939250713014771,0.4939250713014771,0.0,0.6666666666666666,1.0,0.5212416084214664,0.9983498349834984,0.9999069225609064,0.0,0.9983498349834984,1.0,0.6670139791258908,0.667235732981787,0.6673694642705434,1,1.0,1,1.0,0,0.0015358108261978973,1,0.5063526622859671,1,0.4871595635452632,1,0.81,0,1,0.36582532722376204
482,0.7,0.8148148148148149,0.5,,0.2,0.4951222636842334,0.4951222636842334,0.0,0.6666666666666666,1.0,0.5116987729423619,0.9983498349834984,0.9915832319334494,0.0,1.0,1.0,0.6863598596252097,0.7086849931847964,0.7177582186138839,0,0.2,1,1.0,0,0.0004367339590339081,1,0.5926683904736487,1,0.5,0,0.44,0,3,0.5444824792612195
483,0.5,0.7037037037037037,0.5,,0.6909090909090909,0.49392271552791733,0.49392271552791733,0.0,0.6666666666666666,0.3333333333333333,0.4795324129173152,0.9933993399339934,0.9999912044010765,0.0016501650165016502,0.9983498349834984,1.0,0.6667039245079898,0.6667201105444002,0.6667281570031728,1,0.6,1,1.0,1,0.9987354070960456,1,0.5121122207973301,1,0.5214751933623816,1,0.7,0,0,0.2779461964573736
484,0.4,0.40740740740740744,0.5,,0.18181818181818182,0.494205171022588,0.494205171022588,0.0,0.6666666666666666,0.6666666666666666,0.5224421978687581,0.9983498349834984,0.9976478966058441,0.006600660066006601,0.995049504950495,1.0,0.6869117556225737,0.6911280514776061,0.6936277462356316,0,0.4,1,1.0,1,0.9925333513865846,1,0.5388875863059687,0,0.4653626179819907,1,0.68,0,2,0.3205360740542428
485,0.4,0.6666666666666667,0.5,,0.07272727272727272,0.4939494732553553,0.4939494732553553,0.0,0.6666666666666666,1.0,0.5362957435633844,0.9983498349834984,0.9991491294590906,0.0,0.9983498349834984,1.0,0.6700071996375621,0.6717271801792478,0.6725715537470857,1,0.6,0,0.0,1,0.9999752436017548,1,0.5288376740971181,1,0.5130692413117903,1,0.77,0,1,0.43135297349822277
486,0.4,0.5925925925925926,0.5,,0.38181818181818183,0.49392670085130086,0.49392670085130086,0.0,0.6666666666666666,0.3333333333333333,0.5334896731113827,0.9983498349834984,0.999899996691579,0.0,0.9966996699669967,1.0,0.6674274696124441,0.6675826789845142,0.6677168916999258,0,0.4,1,1.0,1,0.9999775690943427,1,0.5116893878913307,1,0.5133424292968058,0,0.32,0,2,0.37583176895292014
487,0.4,0.40740740740740744,0.5,,0.18181818181818182,0.4941521722218105,0.4941521722218105,0.0,0.6666666666666666,0.3333333333333333,0.4071603102191177,0.9917491749174917,0.997103515792367,0.0033003300330033004,0.9884488448844885,1.0,0.6853528087494802,0.6887686813757409,0.6912654879431864,0,0.4,0,0.0,0,0.00041324899541490915,1,0.5384433428932445,1,0.5,1,0.53,0,3,0.6718572346852234
488,0.4,0.40740740740740744,0.5,,0.2545454545454545,0.49393015396914175,0.49393015396914175,0.0,0.6666666666666666,0.0,0.4994630992271417,0.9966996699669967,0.9996923026095461,0.0,1.0,1.0,0.6675708076807896,0.6683032531834792,0.6686645348877979,0,0.4,1,1.0,1,0.9986115408358458,1,0.5159557271151203,1,0.5172056500171425,1,0.67,0,1,0.3163711803386485
489,0.6,0.7037037037037037,0.5,,0.9454545454545454,0.50607749017715,0.50607749017715,0.0,0.6666666666666666,0.0,0.4915870222460603,0.9966996699669967,0.999997731425451,0.0,1.0,1.0,0.6666729661468821,0.6666747219544845,0.6666793768199617,0,0.2,1,1.0,0,0.0012612095301528334,0,0.4880580079018689,0,0.4784028437060883,0,0.32,1,5,0.5853796564769818
490,0.8,0.8148148148148149,0.5,,0.12727272727272726,0.5114553672630215,0.5114553672630215,0.0,0.6666666666666666,0.8571428571428571,0.6656504250313535,0.9983498349834984,0.9876544994608585,0.0165016501650165,0.9983498349834984,1.0,0.784296237279131,0.8078910223017776,0.8275343605635419,0,0.0,0,0.0,0,5.5878289678039425e-05,0,0.45501233655850903,0,0.5093913596421352,0,0.15,0,6,0.8142567375849463
491,0.3,0.5925925925925926,0.5,,0.4727272727272727,0.5060743634361653,0.5060743634361653,0.0,0.6666666666666666,1.0,0.5414576718747426,0.9983498349834984,0.9999136270463662,0.0049504950495049506,0.9983498349834984,1.0,0.6672622065004838,0.6673588744144535,0.6675227024545095,1,0.6,1,1.0,0,0.000589615542709871,0,0.49613793573536824,0,0.5052292195034177,0,0.48,1,4,0.486340538203084
492,0.5,0.5925925925925926,0.5,,0.2727272727272727,0.5060692819067409,0.5060692819067409,0.0,0.6666666666666666,1.0,0.5123865999820225,0.9983498349834984,0.9997758409145002,0.0,1.0,1.0,0.6681655299400707,0.6683947678555087,0.6689194968952221,1,0.8,1,1.0,0,0.001398168959473148,0,0.4918195016166952,0,0.4830602301262462,1,0.65,1,3,0.42895368321626426
493,0.3,0.4814814814814815,0.5,,0.5272727272727272,0.49392344665174237,0.49392344665174237,0.0,0.6666666666666666,0.25,0.530272949531885,0.9983498349834984,0.9999779807682612,0.0016501650165016502,0.9933993399339934,1.0,0.6668448325121232,0.6668828587731689,0.666906374847557,1,0.6,1,1.0,1,0.999416924112699,1,0.5073452555291856,1,0.4947324444724026,1,0.81,0,0,0.26475089598095225
494,0.5,0.4814814814814815,0.5,,0.18181818181818182,0.4885351060445875,0.4885351060445875,0.0,0.6666666666666666,0.5,0.5379639354412343,0.9983498349834984,0.9612914845121985,0.0,1.0,1.0,0.9003458410113037,0.9494723184973383,0.9977777737930206,1,0.6,1,1.0,1,0.9999999999982379,1,0.8532334816293398,1,0.509327978361754,1,0.57,1,0,0.24457309000177796
495,0.3,0.8888888888888888,0.5,,0.16363636363636364,0.5060033877853396,0.5060033877853396,0.0,0.6666666666666666,0.0,0.44937700105615885,0.9917491749174917,0.9980230653761861,0.0,0.9966996699669967,1.0,0.675660865404388,0.6777661385179029,0.6808855575283685,1,0.6,0,0.0,0,0.0008458840791371847,1,0.5204654497871689,0,0.5,1,0.71,1,3,0.6114481110222822
496,0.6,0.6296296296296297,0.5,,0.09090909090909091,0.4976415499046932,0.4976415499046932,0.0,0.6666666666666666,1.0,0.5239158209992305,0.9983498349834984,0.9910453108526128,0.0,1.0,1.0,0.7263817587222522,0.736944755808848,0.7646336306970728,0,0.4,1,1.0,0,0.03163389207003382,1,0.6472734009541398,0,0.5,0,0.5,1,4,0.48684878449597113
497,0.6,0.6296296296296297,0.5,,0.41818181818181815,0.49392542786490345,0.49392542786490345,0.0,0.6666666666666666,1.0,0.5238982651946043,0.9983498349834984,0.9998683579440663,0.0,1.0,1.0,0.6670263452680247,0.667314851487355,0.6674650180315633,0,0.2,1,1.0,1,0.9994111749722709,1,0.5112540922556217,1,0.49476009162680284,1,0.59,0,1,0.3674291068575507
498,0.6,0.6666666666666667,0.5,,0.12727272727272726,0.5105361131658762,0.5105361131658762,0.0,0.6666666666666666,1.0,0.5105154559714012,0.9983498349834984,0.9790928912583403,0.0,1.0,1.0,0.7194504220449349,0.7676171586827136,0.7947081384262357,0,0.4,1,1.0,0,0.01813599312326221,1,0.6622211702077592,0,0.44017023306973185,0,0.44,0,4,0.5065787672665412
499,0.5,0.7407407407407407,0.5,,0.6909090909090909,0.5060772462675993,0.5060772462675993,0.0,0.6666666666666666,0.8,0.5244317386299313,0.9983498349834984,0.9999937574408336,0.009900990099009901,0.9983498349834984,1.0,0.6667232901089282,0.666728768671457,0.6667352151535998,1,0.8,1,1.0,0,0.0032757634009323235,0,0.49380594385199117,0,0.5,1,0.82,1,3,0.3971530487911794
500,0.5,0.5555555555555556,0.5,,0.9818181818181818,0.4939225113291026,0.4939225113291026,0.0,0.6666666666666666,0.0,0.46968202924922753,0.9966996699669967,0.9999979183687719,0.0,0.9983498349834984,1.0,0.6666700429609776,0.6666744678487782,0.6666762935038842,1,0.6,0,0.0,1,0.9999778898530769,1,0.5100153098945178,1,0.5134406046228879,1,0.67,0,1,0.4510943659382529
501,0.7,1.0,0.5,,0.2,0.5114648939554968,0.5114648939554968,0.0,0.6666666666666666,0.4,0.510086638099501,0.9983498349834984,0.9442514084652989,0.013201320132013201,0.9933993399339934,1.0,0.8054945478303898,0.8589318817733091,0.9278331293326283,0,0.0,0,0.0,0,4.4468845990336735e-41,0,0.4824921932364664,0,0.5076220111455687,0,0.18,0,6,0.8049809659363275
502,0.4,0.7037037037037037,0.5,,0.10909090909090909,0.5060524874369803,0.5060524874369803,0.0,0.6666666666666666,0.3333333333333333,0.4759753823865851,0.9966996699669967,0.9995265579534695,0.0016501650165016502,0.995049504950495,1.0,0.6709860927965686,0.6714583005196811,0.6720644244302966,1,0.6,1,1.0,0,0.0038048017401771427,0,0.49877915932699174,0,0.5,0,0.47,1,4,0.48790267315547187
503,0.6,0.5185185185185186,0.5,,0.32727272727272727,0.5060728656465707,0.5060728656465707,0.0,0.6666666666666666,1.0,0.5026180088654562,0.9983498349834984,0.9998383613724074,0.0,1.0,1.0,0.6675254549367197,0.6676852225505122,0.6681225459378348,0,0.4,0,0.0,0,0.0005938960972158887,0,0.49756348441759446,0,0.5052044542663374,1,0.51,1,5,0.6811063608698087
504,0.4,0.7777777777777778,0.5,,0.5272727272727272,0.5060764825918187,0.5060764825918187,0.0,0.6666666666666666,0.0,0.461994519384622,0.9966996699669967,0.9999652524665243,0.0,0.9983498349834984,1.0,0.6668647927972949,0.6668981069287757,0.6669772651752022,1,0.6,1,1.0,0,2.2183093174053197e-05,0,0.490813505799236,0,0.48659210205421455,0,0.47,1,4,0.49209536817556254
505,0.3,0.5555555555555556,0.5,,0.9636363636363636,0.5060774664857606,0.5060774664857606,0.0,0.6666666666666666,1.0,0.5061191134605487,0.9983498349834984,0.9999984902154768,0.0016501650165016502,0.9966996699669967,1.0,0.6666784660600599,0.666679804662979,0.6666817488287698,1,1.0,1,1.0,1,0.998376919839333,0,0.4967141327070372,0,0.5133630444681034,1,0.65,1,2,0.22359098383092102
506,0.5,0.4444444444444444,0.5,,0.2545454545454545,0.5060674916573596,0.5060674916573596,0.0,0.6666666666666666,0.0,0.49319249277152766,0.9966996699669967,0.9996549908939786,0.0,1.0,1.0,0.6683624306358654,0.6687401517235636,0.6694481320653025,0,0.4,1,1.0,0,0.0034837302299152518,0,0.4955819924941648,0,0.5,1,0.61,1,4,0.49848904621265333
507,0.6,0.4814814814814815,0.5,,0.5272727272727272,0.4939235374268377,0.4939235374268377,0.0,0.6666666666666666,0.5,0.5146200563718075,0.9983498349834984,0.9999731287212599,0.0,0.9983498349834984,1.0,0.6668556143761578,0.6668995281375167,0.6669298920723125,0,0.4,1,1.0,1,0.9994166166435803,1,0.5074042857908412,1,0.4947339430830094,0,0.32,0,2,0.3797408590804282
508,0.3,0.7777777777777778,0.5,,0.5454545454545454,0.4939233620621343,0.4939233620621343,0.0,0.6666666666666666,0.0,0.421599542366613,0.9966996699669967,0.9999779185731005,0.0,0.9983498349834984,1.0,0.6668269594292233,0.6668620686194625,0.6668788706086464,1,0.8,1,1.0,0,0.0015937803631128698,1,0.5037945429203419,1,0.48681196146833816,1,0.75,0,1,0.40963328587470116
509,0.2,0.40740740740740744,0.5,,0.2545454545454545,0.4939295252231859,0.4939295252231859,0.0,0.6666666666666666,0.3333333333333333,0.47016749036132166,0.9933993399339934,0.999743164450488,0.0016501650165016502,0.9983498349834984,1.0,0.6677697933487443,0.6681737027202631,0.6684433300492167,1,1.0,1,1.0,1,0.998621462993091,1,0.5160976197628722,1,0.5175730393499933,1,0.79,0,0,0.19628464631567388
510,0.5,0.5925925925925926,0.5,,0.2727272727272727,0.5060694332839522,0.5060694332839522,0.0,0.6666666666666666,0.5,0.5218361865737455,0.9983498349834984,0.9998102724248735,0.0016501650165016502,1.0,1.0,0.6682192644681527,0.668399250679971,0.6687875088653232,1,0.8,1,1.0,0,2.2744104699736732e-05,0,0.4936269465898279,0,0.48677206742482015,1,0.58,1,3,0.4399297069801087
511,0.4,0.9259259259259259,0.5,,0.7090909090909091,0.4939228328224101,0.4939228328224101,0.0,0.6666666666666666,0.5,0.4915496554337274,0.9966996699669967,0.9999883258791626,0.0,0.9966996699669967,1.0,0.6667225118644943,0.6667446284443805,0.6667563942565569,1,0.8,1,1.0,1,0.9994186971953313,1,0.507172488131065,1,0.4947223131261568,1,0.55,0,0,0.2747810835912411
512,0.7,0.7407407407407407,0.5,,0.7636363636363637,0.5060773624060597,0.5060773624060597,0.0,0.6666666666666666,1.0,0.5288113865695689,0.9983498349834984,0.9999935908244388,0.0,1.0,1.0,0.6666963386314472,0.6667030693599634,0.6667165785882223,0,0.4,0,0.0,1,0.9983806627056786,0,0.496855508284139,0,0.5133401224168134,0,0.41,1,5,0.5302372844322281
513,0.3,0.5555555555555556,0.5,,0.4909090909090909,0.5060764112846154,0.5060764112846154,0.0,0.6666666666666666,0.3333333333333333,0.4888552407120593,0.9966996699669967,0.9999724281504182,0.0016501650165016502,0.995049504950495,1.0,0.6668881871685919,0.6669150614916624,0.6669694659878043,1,0.8,1,1.0,0,2.2188107430955796e-05,0,0.4902164282302414,0,0.48658893762786687,1,0.8,1,3,0.40386207433907684
514,0.7,0.8148148148148149,0.5,,0.9818181818181818,0.5060774840988748,0.5060774840988748,0.0,0.6666666666666666,1.0,0.5199843624604112,0.9983498349834984,0.9999975050154027,0.0,1.0,1.0,0.6666736637060012,0.6666763818999771,0.6666821964199354,0,0.0,0,0.0,0,0.00126131382326708,0,0.4880540126680298,0,0.47840748153920404,0,0.15,1,6,0.8137128653282498
515,0.3,0.4444444444444444,0.5,,0.9454545454545454,0.4939225379763119,0.4939225379763119,0.0,0.6666666666666666,0.0,0.47268287364102135,0.9966996699669967,0.9999960155354394,0.0,1.0,1.0,0.6666708325153516,0.6666811171274251,0.6666852108518205,1,0.6,1,1.0,1,0.9999778883838206,1,0.5100191316686018,1,0.5134400201705,1,0.63,0,0,0.2910938266295129
516,0.5,0.6296296296296297,0.5,,0.07272727272727272,0.5060498498585893,0.5060498498585893,0.0,0.6666666666666666,1.0,0.508435161797683,0.9983498349834984,0.9990473818136602,0.0,1.0,1.0,0.6708987272251861,0.6718572460166777,0.6745445867492983,0,0.4,1,1.0,0,2.4851768511779635e-05,1,0.5194709604112349,0,0.48723594226898587,0,0.47,1,4,0.5205447075918779
517,0.2,0.0,0.5,,0.5454545454545454,0.49392383520131844,0.49392383520131844,0.0,0.6666666666666666,0.0,0.3952876723882657,0.9900990099009901,0.9999271048913254,0.0,0.9917491749174917,1.0,0.6668337050186973,0.6669585266589736,0.6670101915434404,1,0.8,1,1.0,1,0.9999777883949812,1,0.5111883969965786,1,0.5134077785115505,1,0.84,0,0,0.22257100601614832
518,0.5,0.2962962962962963,0.5,,0.8363636363636363,0.4939226621573589,0.4939226621573589,0.0,0.6666666666666666,1.0,0.5156283561043188,0.9983498349834984,0.9999925753488743,0.0,1.0,1.0,0.6666911667128511,0.6667081252347385,0.666715934184829,1,0.6,0,0.0,1,0.999977878868386,1,0.5100527255958363,1,0.5134372327019012,1,0.5,0,1,0.4794220271389794
519,0.5,0.4444444444444444,0.5,,0.2545454545454545,0.5060668297916305,0.5060668297916305,0.0,0.6666666666666666,0.0,0.49140662900094967,0.995049504950495,0.999512375372499,0.0,1.0,1.0,0.6684521216166832,0.6689340254123255,0.6702410590060253,0,0.4,1,1.0,0,0.0006125566268088973,1,0.5003470170347322,0,0.5051182848583127,1,0.51,1,3,0.5139870235800243
520,0.6,0.6296296296296297,0.5,,0.16363636363636364,0.5114648939554968,0.5114648939554968,0.0,0.6666666666666666,0.75,0.5043050682060732,0.9983498349834984,0.9506346599479414,0.00825082508250825,0.9966996699669967,1.0,0.9112033805713954,0.966811552516336,0.9995367593851324,0,0.4,1,1.0,0,4.004925876403316e-17,1,0.7938831972638062,0,0.48978067912038364,0,0.45,0,4,0.47772268726930167
521,0.7,0.4444444444444444,0.5,,0.21818181818181817,0.4956130219586694,0.4956130219586694,0.0,0.6666666666666666,1.0,0.5084530701281128,0.9983498349834984,0.9916286540397186,0.0,1.0,1.0,0.693546781333359,0.7132760672559162,0.7235255968467935,0,0.2,0,0.0,1,0.9391506526294127,1,0.6000040092200126,0,0.44171042794794857,0,0.44,0,4,0.5631891517004377
522,0.5,0.4814814814814815,0.5,,0.5272727272727272,0.4939235522437915,0.4939235522437915,0.0,0.6666666666666666,0.0,0.481821520313954,0.9966996699669967,0.9999697034074562,0.0,0.9966996699669967,1.0,0.6668453367409265,0.6669008912801964,0.6669355182418997,1,0.8,1,1.0,1,0.9999778103827212,1,0.510495988837404,1,0.5134173205310675,1,0.68,0,0,0.2493514800414679
523,0.6,0.6296296296296297,0.5,,0.41818181818181815,0.49392603773668786,0.49392603773668786,0.0,0.6666666666666666,0.5,0.4685062510774327,0.995049504950495,0.9998998646797255,0.00825082508250825,0.995049504950495,1.0,0.6673120308582021,0.6674427904491073,0.6675610123057948,1,0.6,1,1.0,1,0.9966547321537964,1,0.5077474228711455,1,0.5,0,0.37,0,1,0.3375996408291764
524,0.2,0.40740740740740744,0.5,,0.14545454545454545,0.48870511550558127,0.48870511550558127,0.0,0.6666666666666666,0.0,0.4837122564193661,0.9933993399339934,0.9755904916033936,0.0,1.0,1.0,0.7550587954782138,0.7808001943628359,0.8369502460011788,1,0.8,0,0.0,1,0.9969470063012881,1,0.7995535305599483,1,0.5551042251214782,1,0.81,1,1,0.33973253966954753
525,0.6,0.7037037037037037,0.5,,0.2727272727272727,0.5060716530253834,0.5060716530253834,0.0,0.6666666666666666,0.625,0.49024907347729163,0.9966996699669967,0.9998440238045455,0.00825082508250825,0.9966996699669967,1.0,0.6677829260361043,0.66792912984392,0.6681271135563129,1,0.6,1,1.0,0,0.0005977924332254166,0,0.49430032606123625,0,0.5051907456921986,1,0.59,1,3,0.4683185226355566
526,0.6,0.8148148148148149,0.5,,0.12727272727272726,0.506058308434665,0.506058308434665,0.0,0.6666666666666666,1.0,0.5048064003286177,0.9983498349834984,0.9994806295986723,0.0,1.0,1.0,0.6699855992202771,0.6704249647512935,0.6717130530728902,0,0.2,1,1.0,0,0.0006414960176011453,1,0.5058947940945336,0,0.5050141267046316,0,0.38,1,4,0.568074930530539
527,0.5,0.2962962962962963,0.5,,0.4727272727272727,0.49392459949924494,0.49392459949924494,0.0,0.6666666666666666,0.0,0.41572441789771075,0.9933993399339934,0.9999167476277141,0.0,0.9983498349834984,1.0,0.6669461274931023,0.6671289061954491,0.6672294974237415,0,0.4,1,1.0,1,0.9999777296646439,1,0.5120904871567565,1,0.5133988591975154,1,0.52,0,1,0.3424221539968474
528,0.5,0.5925925925925926,0.5,,0.18181818181818182,0.5050158269060065,0.5050158269060065,0.0,0.6666666666666666,0.5,0.4795248852757189,0.9966996699669967,0.9920039028392531,0.0,0.9983498349834984,1.0,0.698670327582882,0.7075039088667903,0.7249071420459919,0,0.4,1,1.0,0,0.03407902716939267,0,0.4348859749421959,1,0.5540414500666604,0,0.5,1,4,0.512832257970292
529,0.7,0.8888888888888888,0.5,,0.23636363636363636,0.5058001288869373,0.5058001288869373,0.0,0.6666666666666666,0.6,0.5168347898049102,0.9983498349834984,0.99768041669676,0.01155115511551155,0.9966996699669967,1.0,0.6887167034887912,0.6908390489050702,0.6938825362733587,1,0.6,0,0.0,1,0.999607597985035,1,0.5356773647176826,0,0.5,0,0.33,1,3,0.5057858395495471
530,0.6,0.4444444444444444,0.5,,0.2545454545454545,0.506065582878629,0.506065582878629,0.0,0.6666666666666666,0.0,0.4944612140646023,0.995049504950495,0.9995014981327709,0.0,1.0,1.0,0.6686022252131516,0.6690926312059569,0.6699775787686745,0,0.4,1,1.0,0,0.0014615131119510409,0,0.49568596705146367,0,0.4849044103199346,0,0.36,1,5,0.5429913515861085
531,0.5,0.7407407407407407,0.5,,0.16363636363636364,0.5060630932157592,0.5060630932157592,0.0,0.6666666666666666,0.0,0.48862043215142725,0.995049504950495,0.999439334849256,0.0,0.9983498349834984,1.0,0.6690766199388632,0.6696235104928518,0.6705297355571737,1,0.6,1,1.0,0,0.001505462846931695,0,0.4947507066877179,0,0.4863773502238839,1,0.68,1,3,0.456227746706911
532,0.6,0.7407407407407407,0.5,,0.38181818181818183,0.5060737873538632,0.5060737873538632,0.0,0.6666666666666666,0.0,0.4295733826008259,0.995049504950495,0.9998791043435366,0.0,0.9983498349834984,1.0,0.6673673462368561,0.6674903883734619,0.6677513855184146,1,0.6,1,1.0,1,0.9985012170524756,0,0.4988808534184085,0,0.5125857173568716,1,0.55,1,2,0.3066720353620407
533,0.1,0.0,0.5,,0.5454545454545454,0.49392391566507077,0.49392391566507077,0.0,0.6666666666666666,0.0,0.4128394348699669,0.9834983498349835,0.9999289061171199,0.0,0.9900990099009901,1.0,0.6668923678030962,0.6669800661236236,0.6670220480572696,1,1.0,1,1.0,1,0.9994154766511316,1,0.5077296203576831,1,0.4947395534898006,1,0.92,0,0,0.17968589158356407
534,0.4,0.9259259259259259,0.5,,0.7090909090909091,0.5060771357352352,0.5060771357352352,0.0,0.6666666666666666,0.25,0.47257792724406633,0.9966996699669967,0.9999894949723992,0.0016501650165016502,0.995049504950495,1.0,0.666742231004262,0.6667540573068382,0.6667754160494758,1,0.6,0,0.0,0,0.0005813716559720911,0,0.49324880825157935,0,0.5052766234340873,1,0.64,1,4,0.6268155327763936
535,0.7,0.7037037037037037,0.5,,0.3090909090909091,0.4939277677745997,0.4939277677745997,0.0,0.6666666666666666,0.0,0.44592090637053994,0.9966996699669967,0.9997694094090561,0.0,1.0,1.0,0.6673532492806353,0.6678017623970298,0.668054677756474,0,0.2,0,0.0,1,0.9986516629820862,1,0.5203565390153484,1,0.5185940339064544,1,0.54,0,2,0.5370662940160185
536,0.6,0.6296296296296297,0.5,,0.6,0.5060766933347898,0.5060766933347898,0.0,0.6666666666666666,0.0,0.48564590896430393,0.9966996699669967,0.99997276781137,0.0,1.0,1.0,0.6668260925862899,0.666851546187417,0.6668935268586472,0,0.4,0,0.0,1,0.9984045104556554,0,0.49737487148574694,0,0.5131967543005824,1,0.55,1,4,0.506837310626336
537,0.6,0.7407407407407407,0.5,,0.23636363636363636,0.4952699762923235,0.4952699762923235,0.0,0.6666666666666666,1.0,0.5144423310007076,0.9983498349834984,0.9913074203220266,0.0,1.0,1.0,0.6903024318272912,0.7107010979297681,0.720531058993812,0,0.2,0,0.0,1,0.999420074686974,1,0.6786787026711033,1,0.5113898689706987,1,0.5,0,2,0.5184185589452039
538,0.5,0.2962962962962963,0.5,,0.4727272727272727,0.493924578529195,0.493924578529195,0.0,0.6666666666666666,0.4,0.4429252060836666,0.995049504950495,0.9999576406277231,0.009900990099009901,0.9900990099009901,1.0,0.667083405859795,0.6671295573433045,0.6671837728572477,0,0.4,1,1.0,1,0.9999777379010577,1,0.5103138506079989,1,0.5133885951317363,0,0.45,0,2,0.35438663605986787
539,0.4,0.7777777777777778,0.5,,0.5454545454545454,0.49392333103606023,0.49392333103606023,0.0,0.6666666666666666,0.0,0.46816259940175453,0.9966996699669967,0.9999666784118034,0.0,1.0,1.0,0.6667889306546032,0.6668569847735164,0.6668949520240681,0,0.4,0,0.0,1,0.9967119868126973,1,0.506949854000774,1,0.5,1,0.56,0,2,0.5060563598644214
540,0.6,0.6296296296296297,0.5,,0.6181818181818182,0.5060770219821018,0.5060770219821018,0.0,0.6666666666666666,0.6666666666666666,0.5841296000198031,0.9983498349834984,0.9999912662683741,0.006600660066006601,0.9983498349834984,1.0,0.6667680319279323,0.6667791222818924,0.6667943216476261,0,0.4,0,0.0,0,0.0032805306260134974,0,0.49382593053508195,0,0.5,0,0.47,1,6,0.688815589806484
541,0.2,0.4444444444444444,0.5,,0.09090909090909091,0.48853517468037244,0.48853517468037244,0.0,0.6666666666666666,0.0,0.3985005239780999,0.995049504950495,0.9654807479924077,0.0,0.9983498349834984,1.0,0.8060338692552149,0.8435232344656578,0.9361882268433238,1,0.6,1,1.0,1,0.9999998666940346,1,0.7996736298153574,1,0.5556264405866014,1,0.67,1,0,0.22911667715066775
542,0.7,0.9259259259259259,0.5,,0.7818181818181819,0.5060773634810238,0.5060773634810238,0.0,0.6666666666666666,1.0,0.5239613153982825,0.9983498349834984,0.9999924338968187,0.0,1.0,1.0,0.6666961110090625,0.6667039597162003,0.6667198678650237,0,0.2,1,1.0,0,0.0012633157283355326,0,0.4881131599905293,0,0.4784825818362688,0,0.4,1,5,0.5720234904074777
543,0.5,0.5925925925925926,0.5,,0.18181818181818182,0.5048484862674212,0.5048484862674212,0.0,0.6666666666666666,0.0,0.45157644031414945,0.9966996699669967,0.991016722031413,0.0,0.9983498349834984,1.0,0.7011863683542323,0.709385171723964,0.7320946383168647,1,0.6,0,0.0,1,0.999532206615996,0,0.4724237885825829,0,0.5,0,0.38,1,4,0.5080073341335702
544,0.4,0.5555555555555556,0.5,,0.14545454545454545,0.5058853673383408,0.5058853673383408,0.0,0.6666666666666666,0.5,0.5123973616376719,0.9983498349834984,0.9975093050035847,0.0,0.9983498349834984,1.0,0.6846904786745714,0.6867147472590962,0.690698435231366,1,0.8,0,0.0,1,0.9995621702124399,1,0.5429488146626233,0,0.5,1,0.58,1,2,0.42958150252082283
545,0.6,0.7777777777777778,0.5,,0.7090909090909091,0.5060773336124318,0.5060773336124318,0.0,0.6666666666666666,0.0,0.44182870457652224,0.9966996699669967,0.9999925257121486,0.0,1.0,1.0,0.6667011831342434,0.6667093754316116,0.666724537767857,0,0.4,0,0.0,0,2.2120805917413823e-05,0,0.4901685050756621,0,0.4865646501409482,1,0.58,1,5,0.673874120662912
546,0.6,0.7777777777777778,0.5,,0.6545454545454545,0.4939229779704777,0.4939229779704777,0.0,0.6666666666666666,0.6666666666666666,0.5522693176778461,0.9983498349834984,0.9999911556791662,0.00825082508250825,0.995049504950495,1.0,0.6667600751376419,0.6667789574245034,0.6667893366521266,0,0.2,0,0.0,1,0.9994182851799139,1,0.5070445345219692,1,0.4947250924856225,0,0.16,0,3,0.6064686813020823
547,0.7,0.5555555555555556,0.5,,0.9636363636363636,0.4939224904994628,0.4939224904994628,0.0,0.6666666666666666,1.0,0.5084276823871301,0.9983498349834984,0.999998864181698,0.0,1.0,1.0,0.666667996392695,0.6666701105256365,0.6666710827008895,0,0.2,0,0.0,1,0.9994197031024616,1,0.5070579261272535,1,0.4947167897283643,0,0.43,0,3,0.56146759684032
548,0.8,0.8888888888888888,0.5,,0.16363636363636364,0.4939949570341181,0.4939949570341181,0.0,0.6666666666666666,0.5,0.5688006353736867,0.9983498349834984,0.9986114946384542,0.0016501650165016502,0.9983498349834984,1.0,0.6745320648967942,0.6776598463699973,0.6796432696622671,0,0.4,0,0.0,1,0.995163928030292,1,0.5278177050568658,1,0.5,0,0.19,0,3,0.5645030611521404
549,0.6,0.5555555555555556,0.5,,0.12727272727272726,0.4939444599618118,0.4939444599618118,0.0,0.6666666666666666,0.5,0.46549410964688254,0.9966996699669967,0.9994025835127066,0.0016501650165016502,0.9966996699669967,1.0,0.6698278109047401,0.670875792337319,0.6713421281330947,0,0.2,0,0.0,0,0.0010998656904121665,1,0.5095634090235884,1,0.49045046036095497,0,0.29,0,4,0.751481044154174
550,0.4,0.7037037037037037,0.5,,0.21818181818181817,0.48853510848978765,0.48853510848978765,0.0,0.6666666666666666,1.0,0.505965872429744,0.9983498349834984,0.9543389386150193,0.0,1.0,1.0,0.8188761114955178,0.8762730536503566,0.9982131639288185,0,0.4,0,0.0,0,5.63256805608582e-10,0,0.07332365113357361,0,0.5,0,0.47,1,6,0.7594460580505282
551,0.2,0.4444444444444444,0.5,,0.09090909090909091,0.48853514826440314,0.48853514826440314,0.0,0.6666666666666666,0.0,0.47524800268620104,0.995049504950495,0.9527926642034115,0.0,1.0,1.0,0.8055877855604862,0.8479839827049631,0.9335831073189205,1,1.0,1,1.0,1,0.9999999842744957,1,0.974043264967258,1,0.48932592673001996,1,0.72,1,0,0.13610513733803786
552,0.4,0.6666666666666667,0.5,,0.07272727272727272,0.4939483962848531,0.4939483962848531,0.0,0.6666666666666666,1.0,0.588461094700688,0.9983498349834984,0.9995203532391594,0.009900990099009901,1.0,1.0,0.6708249290326922,0.6715881431297305,0.6722134186206901,0,0.4,0,0.0,0,0.0010385918800668785,1,0.5082765617700673,1,0.49105026466281376,0,0.14,0,4,0.7432724302811753
553,0.5,0.6666666666666667,0.5,,0.07272727272727272,0.49394980805603517,0.49394980805603517,0.0,0.6666666666666666,0.5,0.4791698082940743,0.9966996699669967,0.9993472534798751,0.0016501650165016502,0.9966996699669967,1.0,0.6705440702806822,0.6717970228992057,0.6724360743495728,0,0.2,0,0.0,1,0.9993311390955973,1,0.5223811739587481,1,0.5,1,0.54,0,2,0.5397146144909424
554,0.2,0.37037037037037035,0.5,,0.10909090909090909,0.5049025008755156,0.5049025008755156,0.0,0.6666666666666666,0.0,0.38699883391483625,0.9900990099009901,0.9883141850183177,0.0,0.9900990099009901,1.0,0.7264805323927419,0.7435271700172715,0.7533267489677536,1,0.8,1,1.0,1,0.6788620498651745,1,0.5922123486146905,1,0.5,1,0.8,0,0,0.27148760025335583
555,0.5,0.7407407407407407,0.5,,0.16363636363636364,0.49393840252928234,0.49393840252928234,0.0,0.6666666666666666,0.5,0.475439163499789,0.9966996699669967,0.9995417127789803,0.0,0.9983498349834984,1.0,0.668646195137472,0.6697986103534506,0.6702883424908739,1,0.6,1,1.0,1,0.9963878394612055,1,0.5186179608971683,1,0.5,1,0.77,0,0,0.26916569994027106
556,0.4,0.5555555555555556,0.5,,0.12727272727272726,0.4939408450516831,0.4939408450516831,0.0,0.6666666666666666,0.0,0.427238580803429,0.995049504950495,0.9995649336686268,0.0016501650165016502,0.9966996699669967,1.0,0.6695957239802297,0.6702772889992097,0.670781319816708,1,0.8,1,1.0,1,0.9963377201341506,1,0.5104159080335819,1,0.5,1,0.52,0,0,0.27887439530537783
557,0.5,0.6296296296296297,0.5,,0.6,0.5060767609197587,0.5060767609197587,0.0,0.6666666666666666,0.25,0.38000027148875126,0.995049504950495,0.999969052651041,0.0016501650165016502,0.995049504950495,1.0,0.6668094703047152,0.6668352634698901,0.6668773654876152,1,0.6,1,1.0,0,0.0005825106843491473,0,0.49336158670096353,0,0.5052702300640615,1,0.58,1,3,0.47013094542510425
558,0.4,0.5185185185185186,0.5,,0.45454545454545453,0.5060754654945172,0.5060754654945172,0.0,0.6666666666666666,0.3333333333333333,0.5158595142768807,0.9983498349834984,0.9999581716725866,0.00825082508250825,0.995049504950495,1.0,0.6670771216585245,0.6671194237320541,0.6671648853267599,0,0.4,1,1.0,1,0.9984462873849445,0,0.49749487639969403,0,0.5129399419409691,1,0.8,1,3,0.29851981571239883
559,0.5,0.4444444444444444,0.5,,0.09090909090909091,0.48858700138868283,0.48858700138868283,0.0,0.6666666666666666,0.0,0.42635113492711296,0.9933993399339934,0.9748139242497028,0.0,1.0,1.0,0.7627185303191796,0.7886772698253501,0.8386760933096935,0,0.2,0,0.0,0,0.2749643192145344,1,0.8451551216767326,1,0.4826137112139384,1,0.54,1,3,0.6095444746491323
560,0.6,0.5555555555555556,0.5,,0.9636363636363636,0.5060774724104681,0.5060774724104681,0.0,0.6666666666666666,0.3333333333333333,0.5325383166476655,0.9983498349834984,0.9999983326539525,0.00825082508250825,0.9966996699669967,1.0,0.6666769919125647,0.6666785747247692,0.6666813470538167,0,0.4,0,0.0,0,2.2110957937229662e-05,0,0.490062017905533,0,0.48656029635963155,0,0.15,1,6,0.7455592624628165
561,0.5,1.0,0.5,,0.6909090909090909,0.4939229145780295,0.4939229145780295,0.0,0.6666666666666666,1.0,0.5003531411127162,0.9983498349834984,0.9999870338771952,0.0,1.0,1.0,0.666736725205572,0.6667626972816727,0.66677641002615,0,0.4,0,0.0,1,0.9994184614031139,1,0.5071082782861744,1,0.49472365014617864,1,0.57,0,2,0.504791601694089
562,0.4,0.0,0.5,,0.5454545454545454,0.49392406400223354,0.49392406400223354,0.0,0.6666666666666666,0.6666666666666666,0.5388200710346926,0.9983498349834984,0.9999588636080732,0.0033003300330033004,0.9983498349834984,1.0,0.6669443934358755,0.6670186681319394,0.6670614065306631,0,0.4,0,0.0,1,0.9999777764849012,1,0.5103107758459368,1,0.5133994244418816,1,0.53,0,2,0.50771867053788
563,0.4,0.2962962962962963,0.5,,0.8363636363636363,0.4939226390794076,0.4939226390794076,0.0,0.6666666666666666,0.0,0.43585843611839903,0.9933993399339934,0.999991200818179,0.0,1.0,1.0,0.6666842561597219,0.6667039307144286,0.666712490053733,0,0.4,0,0.0,0,0.0016192068221760128,1,0.5035028683874982,1,0.4866594819021961,1,0.57,0,3,0.6730364071480217
564,0.6,0.7777777777777778,0.5,,0.5454545454545454,0.4939232232338131,0.4939232232338131,0.0,0.6666666666666666,1.0,0.5273245317996715,0.9983498349834984,0.9999623162175474,0.0,1.0,1.0,0.6667655998575024,0.6668313668579503,0.6668634124716558,0,0.2,1,1.0,1,0.9967142004011931,1,0.5061803934356683,1,0.5,0,0.21,0,2,0.4311842343605231
565,0.7,0.7037037037037037,0.5,,0.10909090909090909,0.5060569594370008,0.5060569594370008,0.0,0.6666666666666666,1.0,0.5238990232871666,0.9983498349834984,0.9994584981357645,0.0,1.0,1.0,0.6700322170236581,0.6707141696943328,0.6720953432923812,0,0.2,0,0.0,0,2.3971644235419424e-05,0,0.49837959798350456,0,0.4870431591542528,0,0.38,1,6,0.7390922118696679
566,0.5,0.5555555555555556,0.5,,0.8363636363636363,0.4939226032387545,0.4939226032387545,0.0,0.6666666666666666,1.0,0.5194018843711382,0.9983498349834984,0.9999954279522245,0.0,1.0,1.0,0.6666851094028132,0.6666955880687279,0.6667001370471197,0,0.4,0,0.0,0,0.001620516649227121,1,0.5034365922819567,1,0.48665167752890587,0,0.34,0,4,0.7113818689233185
567,0.7,0.0,0.5,,0.5454545454545454,0.4939236201674666,0.4939236201674666,0.0,0.6666666666666666,0.5,0.5577126830972634,0.9983498349834984,0.9999669466816276,0.0,0.9983498349834984,1.0,0.6668448967548096,0.6669202724202404,0.666965707545995,0,0.4,1,1.0,1,0.9999778099713686,1,0.5103887302705176,1,0.5134144238336422,0,0.38,0,2,0.3660365059874119
568,0.4,0.40740740740740744,0.5,,0.14545454545454545,0.48863326382881245,0.48863326382881245,0.0,0.6666666666666666,0.0,0.4183765082217752,0.995049504950495,0.9847234899145265,0.0,0.9900990099009901,1.0,0.7740306608219737,0.7872658435355556,0.8039926844197304,0,0.4,0,0.0,0,0.27942862018724896,1,0.6579203462800934,1,0.48260976048486276,1,0.67,1,3,0.5850068788412992
569,0.5,0.40740740740740744,0.5,,0.14545454545454545,0.48864077435804554,0.48864077435804554,0.0,0.6666666666666666,0.0,0.45730549566426093,0.9933993399339934,0.9795444639329671,0.0,1.0,1.0,0.7696422899815976,0.7866300677155575,0.8215707626589731,1,0.8,1,1.0,1,0.9991827678754636,1,0.6837935356974192,1,0.5540721476092616,1,0.73,1,0,0.20549192480297584
570,0.8,0.8888888888888888,0.5,,0.16363636363636364,0.49399266511387174,0.49399266511387174,0.0,0.6666666666666666,1.0,0.5860132495180281,0.9983498349834984,0.9987067347167949,0.01155115511551155,1.0,1.0,0.6747914593076085,0.677427849725871,0.679205576002615,0,0.4,0,0.0,1,0.9974612639824585,1,0.5351219859983083,1,0.49393759357920786,0,0.1,0,3,0.5789131927400042
571,0.5,0.8888888888888888,0.5,,0.23636363636363636,0.5056795341029238,0.5056795341029238,0.0,0.6666666666666666,0.5,0.4635893035750809,0.9966996699669967,0.9961777928508995,0.0016501650165016502,0.9983498349834984,1.0,0.6918853416685158,0.6950124433369957,0.7009474672683289,1,0.6,0,0.0,0,0.01058507293597614,1,0.5743032964876165,1,0.5417552781890012,0,0.49,1,3,0.6305593920645678
572,0.2,0.40740740740740744,0.5,,0.14545454545454545,0.48863587436452205,0.48863587436452205,0.0,0.6666666666666666,0.0,0.49019953946140593,0.995049504950495,0.9788101906484287,0.0,1.0,1.0,0.7669248607206118,0.7856369995194945,0.834040093878241,1,1.0,1,1.0,1,0.9990346517380551,1,0.8457695540593877,1,0.5583398809692304,1,0.87,1,0,0.12114265220555442
573,0.3,0.7037037037037037,0.5,,0.6363636363636364,0.5060769594477651,0.5060769594477651,0.0,0.6666666666666666,1.0,0.5179942385683209,0.9983498349834984,0.9999788514174803,0.0,1.0,1.0,0.6667738952342622,0.6667945080982737,0.6668606924349535,1,0.6,0,0.0,0,0.0032817354450057974,0,0.49434535253373435,0,0.5,0,0.48,1,5,0.6537288186702099
574,0.5,0.7777777777777778,0.5,,0.6545454545454545,0.4939229893731939,0.4939229893731939,0.0,0.6666666666666666,0.5,0.45248436354114474,0.9966996699669967,0.9999867994259338,0.0,1.0,1.0,0.6667590039401147,0.66678035840717,0.6667938634531609,0,0.2,0,0.0,1,0.9994182397744398,1,0.507092282322809,1,0.49472504638204373,0,0.17,0,3,0.6047940719201179
575,0.4,0.6296296296296297,0.5,,0.6,0.5060768261861098,0.5060768261861098,0.0,0.6666666666666666,1.0,0.5026887942382037,0.9983498349834984,0.9999693712922224,0.0,1.0,1.0,0.666796138397312,0.6668213591442597,0.6668838962091125,0,0.4,1,1.0,0,0.0005823153504214281,0,0.49352792053701894,0,0.5052710385983541,0,0.45,1,5,0.5251031209190342
576,0.7,0.6666666666666667,0.5,,0.9818181818181818,0.4939224770127937,0.4939224770127937,0.0,0.6666666666666666,0.25,0.45775101917028427,0.9966996699669967,0.9999993995220589,0.0016501650165016502,0.9933993399339934,0.96,0.6666662039715645,0.6666672237828872,0.6666677654580374,1,0.6,1,1.0,0,0.0016251257811468124,1,0.5033450293681062,1,0.48662462644134785,1,0.57,0,1,0.4730675364015665
577,0.6,0.8148148148148149,0.5,,0.12727272727272726,0.5060605828632743,0.5060605828632743,0.0,0.6666666666666666,0.5,0.5466085173481348,0.9983498349834984,0.9995569019402573,0.0033003300330033004,0.9983498349834984,1.0,0.6696190999202558,0.6700405619825518,0.6712094111783127,0,0.2,1,1.0,1,0.9988167542192051,1,0.5070572579601759,0,0.5102419699780313,0,0.42,1,3,0.3939806696404312
578,0.4,0.2962962962962963,0.5,,0.18181818181818182,0.48853510604450323,0.48853510604450323,0.0,0.6666666666666666,0.0,0.4860747692745754,0.995049504950495,0.915819406418293,0.0,1.0,0.98,0.6546304065788014,0.8174849554703602,0.9173111972627896,1,0.8,1,1.0,1,1.0,1,0.9921316058969412,1,0.4931118382165144,1,0.78,1,0,0.15579275931442405
579,0.5,0.7037037037037037,0.5,,0.2,0.4939368010921892,0.4939368010921892,0.0,0.6666666666666666,0.0,0.4803398935245825,0.995049504950495,0.9995182499202593,0.0016501650165016502,0.9983498349834984,1.0,0.6683790163815775,0.66957925818822,0.6700972613142746,1,0.6,0,0.0,1,0.9999766447588488,1,0.5211839127088502,1,0.5131961388699495,1,0.5,0,1,0.47760721727705857
580,0.5,0.40740740740740744,0.5,,0.2545454545454545,0.49393012747031995,0.49393012747031995,0.0,0.6666666666666666,0.5,0.4672517341961284,0.9966996699669967,0.9998232752905187,0.0,0.9983498349834984,1.0,0.6680159813069394,0.6682816534457885,0.668516950749316,1,0.6,1,1.0,1,0.999396473716676,1,0.5072594195434803,1,0.4948324657765944,1,0.57,0,0,0.3047519401605415
581,0.6,0.6666666666666667,0.5,,0.2,0.5114648939550716,0.5114648939550716,0.0,0.6666666666666666,0.6,0.5345128628842197,0.9983498349834984,0.966143397889087,0.0049504950495049506,0.995049504950495,1.0,0.8902337095738302,0.9398748078481883,0.9802972480972734,0,0.4,0,0.0,0,1.6419760019361673e-14,1,0.751955761835448,0,0.47469615218711686,0,0.44,0,5,0.6555580143295698
582,0.5,0.7407407407407407,0.5,,0.7636363636363637,0.506077337290558,0.506077337290558,0.0,0.6666666666666666,0.0,0.4924619381169342,0.995049504950495,0.9999918280427181,0.0,0.9983498349834984,1.0,0.6667019853733086,0.6667087777926138,0.6667310378089751,1,0.6,1,1.0,0,0.0005807984218699314,0,0.49318275464538297,0,0.5052800797599476,1,0.71,1,3,0.44849272786213323
583,0.6,0.8888888888888888,0.5,,0.4909090909090909,0.5060751894995835,0.5060751894995835,0.0,0.6666666666666666,0.0,0.46419312838044224,0.9966996699669967,0.9999090573893924,0.0,1.0,1.0,0.6670888564051077,0.6671945107268096,0.667392821093564,0,0.4,1,1.0,1,0.9984570706708517,0,0.4972504820812524,0,0.5128662479109666,0,0.3,1,4,0.3819043665561549
584,0.5,0.5555555555555556,0.5,,0.8363636363636363,0.49392260323912196,0.49392260323912196,0.0,0.6666666666666666,0.3333333333333333,0.4869376929882502,0.9966996699669967,0.9999973046274094,0.0049504950495049506,0.995049504950495,1.0,0.6666926472718777,0.6666953384084535,0.6666988541115509,1,0.8,0,0.0,1,0.9994193739639875,1,0.5070357750304249,1,0.4947187075391618,1,0.51,0,1,0.44813769057773767
585,0.5,0.5925925925925926,0.5,,0.8363636363636363,0.5060774320962901,0.5060774320962901,0.0,0.6666666666666666,0.0,0.4571004938932264,0.9933993399339934,0.9999947024173944,0.0,1.0,1.0,0.6666831923444005,0.6666883674488396,0.6666980773103126,1,0.6,1,1.0,0,0.001262179634040229,0,0.4880794651681095,0,0.47844009462039677,1,0.54,1,3,0.4820363767629089
586,0.7,0.8518518518518519,0.5,,1.0,0.5060775247800156,0.5060775247800156,0.0,0.6666666666666666,0.8,0.5381217529596778,0.9983498349834984,0.9999995337833686,0.006600660066006601,0.9983498349834984,0.92,0.6666663816474584,0.6666668193931627,0.6666676488699487,0,0.2,0,0.0,0,0.0005802512817317177,0,0.4929795800713687,0,0.505283424519529,0,0.33,1,6,0.745192790687895
587,0.5,0.5925925925925926,0.5,,0.4727272727272727,0.5060745439737879,0.5060745439737879,0.0,0.6666666666666666,0.3333333333333333,0.49368052693665176,0.9966996699669967,0.9999406395972763,0.0016501650165016502,0.9933993399339934,1.0,0.6672605845246917,0.667317946781253,0.6673875551203631,1,0.6,0,0.0,1,0.9984762094791986,0,0.4971265953952655,0,0.5127536154134672,1,0.64,1,3,0.45860726328534474
588,0.5,0.2962962962962963,0.5,,0.8363636363636363,0.49392264846456346,0.49392264846456346,0.0,0.6666666666666666,0.0,0.497004466950142,0.9966996699669967,0.9999930209435771,0.0,1.0,1.0,0.6666908136426304,0.6667058318629363,0.6667129458240019,0,0.4,0,0.0,1,0.9987365059362522,1,0.5119898105664937,1,0.5215125458718882,0,0.34,0,3,0.5379601896042276
589,0.5,0.6296296296296297,0.5,,0.41818181818181815,0.49392589024487055,0.49392589024487055,0.0,0.6666666666666666,0.0,0.4368759202235888,0.9933993399339934,0.9998851497696175,0.0,0.995049504950495,1.0,0.6672516594696916,0.6674120239496772,0.667518118380522,1,0.8,1,1.0,1,0.9986827482257086,1,0.5131203621816123,1,0.5196143207846041,1,0.77,0,0,0.23309709480134588
590,0.3,0.2962962962962963,0.5,,0.18181818181818182,0.48853510604450323,0.48853510604450323,0.0,0.6666666666666666,0.0,0.4482378881639917,0.995049504950495,0.9300600255997797,0.0,0.9983498349834984,1.0,0.8589252906162469,0.9647593220870069,0.9994300060363961,1,0.6,1,1.0,1,1.0,1,0.9591042182139836,1,0.4944264160560925,1,0.57,1,0,0.22941156095498716
591,0.2,0.11111111111111116,0.5,,0.07272727272727272,0.5059892526682247,0.5059892526682247,0.0,0.6666666666666666,0.5,0.4678682058677416,0.9966996699669967,0.9981319939749036,0.0,0.995049504950495,1.0,0.6777466872344986,0.6792334165638398,0.6808617044013111,1,1.0,1,1.0,1,0.9993888720260314,1,0.5297031316938857,0,0.5,1,0.91,1,1,0.17681799938001375
592,0.7,0.7037037037037037,0.5,,0.3090909090909091,0.49392871635701396,0.49392871635701396,0.0,0.6666666666666666,0.8,0.6264127110627675,0.9983498349834984,0.9998947601740169,0.006600660066006601,0.9983498349834984,1.0,0.6678325144253683,0.6679945620101344,0.6681596237282208,0,0.4,0,0.0,1,0.9965975955118757,1,0.5078487257670437,1,0.5,0,0.38,0,3,0.5359256131201802
593,0.2,0.11111111111111116,0.5,,0.07272727272727272,0.5059851353971446,0.5059851353971446,0.0,0.6666666666666666,0.3333333333333333,0.426118984422167,0.9917491749174917,0.9981846639011044,0.0016501650165016502,0.9900990099009901,1.0,0.6785659072603482,0.6796111354261357,0.6818922612345252,1,0.8,1,1.0,0,0.0009198658126328918,1,0.5094070812311724,0,0.5,1,0.87,1,2,0.3866121754926991
594,0.6,0.7037037037037037,0.5,,0.9454545454545454,0.506077493175358,0.506077493175358,0.0,0.6666666666666666,1.0,0.5491286052024691,0.9983498349834984,0.9999988784036341,0.009900990099009901,1.0,1.0,0.6666729565606735,0.6666739598042375,0.6666760215679647,0,0.4,1,1.0,0,0.0012611616471329995,0,0.48802234737347877,0,0.4784008358866587,0,0.39,1,5,0.5403859425154549
595,0.4,0.40740740740740744,0.5,,0.18181818181818182,0.49413634479968327,0.49413634479968327,0.0,0.6666666666666666,0.0,0.4711642938538345,0.995049504950495,0.9957850893592823,0.0,1.0,1.0,0.6800221759599946,0.6877914766847146,0.6917068591370127,1,0.6,0,0.0,1,0.994277628045511,1,0.5681142442658871,0,0.47192058377396373,1,0.68,0,2,0.4476145906524397
596,0.7,0.5925925925925926,0.5,,0.5818181818181818,0.4939232360868111,0.4939232360868111,0.0,0.6666666666666666,0.0,0.4532977785772919,0.9966996699669967,0.9999615549611528,0.0,1.0,1.0,0.6667630223914216,0.6668368591955287,0.6668721638546229,0,0.4,1,1.0,1,0.9967140554398857,1,0.5068289572095637,1,0.5,0,0.43,0,2,0.36107616455842506
597,0.5,0.7037037037037037,0.5,,0.6909090909090909,0.49392275737319524,0.49392275737319524,0.0,0.6666666666666666,1.0,0.5405387151307839,0.9983498349834984,0.9999852708575099,0.0,1.0,1.0,0.6666963784854161,0.6667299772956009,0.6667444634773925,0,0.2,1,1.0,1,0.9999778726503509,1,0.5102179099871095,1,0.5134353283478469,0,0.44,0,2,0.3893948148357821
598,0.5,0.9259259259259259,0.5,,1.0,0.49392248080349477,0.49392248080349477,0.0,0.6666666666666666,0.3333333333333333,0.43457623939442847,0.995049504950495,0.9999993863956358,0.0016501650165016502,0.9966996699669967,1.0,0.666667322814363,0.6666680760386978,0.6666686106846333,1,0.6,0,0.0,1,0.9987392696882459,1,0.5119925068376733,1,0.5216152149610929,0,0.39,0,2,0.49627550141883137
599,0.4,0.8888888888888888,0.5,,0.16363636363636364,0.5059994999017008,0.5059994999017008,0.0,0.6666666666666666,0.2,0.45291482218178836,0.9933993399339934,0.9983053277182405,0.0016501650165016502,0.9933993399339934,1.0,0.6769242428838247,0.6782183038563854,0.6804819105071716,1,0.8,1,1.0,0,0.0049581745273775835,1,0.517011816597119,0,0.5,1,0.7,1,2,0.41300500147925057
600,0.4,0.7037037037037037,0.5,,0.6363636363636364,0.5060769232710385,0.5060769232710385,0.0,0.6666666666666666,0.0,0.4883336844803602,0.9966996699669967,0.9999827114885605,0.0,0.9983498349834984,1.0,0.6667844689002388,0.666803579418517,0.6668426912875443,0,0.4,1,1.0,1,0.9983967236956047,0,0.49695839343137516,0,0.5132428463064875,0,0.4,1,4,0.36523367276108876
601,0.5,0.962962962962963,0.5,,0.12727272727272726,0.4939763309343572,0.4939763309343572,0.0,0.6666666666666666,0.3333333333333333,0.4918527238684588,0.9966996699669967,0.9988580643369772,0.006600660066006601,0.995049504950495,1.0,0.673192884220124,0.6754153950870446,0.6767529197641903,0,0.4,1,1.0,1,0.9955641371848221,1,0.531344351140411,1,0.5,1,0.55,0,1,0.3371819186124613
602,0.2,0.2962962962962963,0.5,,0.8363636363636363,0.4939226264830179,0.4939226264830179,0.0,0.6666666666666666,0.0,0.49440196902537914,0.9966996699669967,0.9999952083444976,0.0,1.0,1.0,0.6666914016101653,0.666700472171113,0.6667048288711669,1,0.8,1,1.0,1,0.9999778819620064,1,0.5100782909825717,1,0.5134377885105648,1,0.67,0,0,0.2510843397574761
603,0.7,0.7037037037037037,0.5,,0.9636363636363636,0.49392255055266365,0.49392255055266365,0.0,0.6666666666666666,0.6666666666666666,0.5855507719988402,0.9983498349834984,0.999998673807377,0.00825082508250825,0.9983498349834984,1.0,0.6666816053734284,0.6666836367873512,0.6666854506500678,1,0.6,1,1.0,1,0.99672853635508,1,0.5062720029921806,1,0.5,0,0.3,0,1,0.3494999101087899
604,0.5,0.6666666666666667,0.5,,0.9818181818181818,0.4939224761069573,0.4939224761069573,0.0,0.6666666666666666,0.0,0.49572899449031016,0.995049504950495,0.9999992186010698,0.0,1.0,0.88,0.6666657377568986,0.6666670556944232,0.6666676751271561,0,0.4,1,1.0,1,0.9967301090595126,1,0.5062701764062442,1,0.5,0,0.43,0,2,0.3611666190890406
605,0.6,0.0,0.5,,0.5454545454545454,0.49392358815911686,0.49392358815911686,0.0,0.6666666666666666,0.0,0.4513849878744307,0.995049504950495,0.9999540130870846,0.0,1.0,1.0,0.6667962354312145,0.6669075955378158,0.6669562215948958,1,0.6,0,0.0,1,0.9994164539617406,1,0.5067509580058475,1,0.4947346767411452,0,0.49,0,2,0.4848496518818778
606,0.6,0.6296296296296297,0.5,,0.6181818181818182,0.5060770165424311,0.5060770165424311,0.0,0.6666666666666666,1.0,0.5069635764488595,0.9983498349834984,0.9999880696396806,0.0016501650165016502,1.0,1.0,0.6667657258392017,0.6667794316655964,0.66680057395434,1,0.6,1,1.0,1,0.9983930368419532,0,0.49679015580097274,0,0.5132667068080476,0,0.47,1,3,0.3202583500915045
607,0.4,0.4814814814814815,0.5,,0.5272727272727272,0.49392342291000624,0.49392342291000624,0.0,0.6666666666666666,0.0,0.46850291607949845,0.9933993399339934,0.9999565793380141,0.0,1.0,1.0,0.6667691165246807,0.6668785511225016,0.6669194647051198,1,0.8,1,1.0,1,0.9999778232197409,1,0.5110545136831419,1,0.5134149773882994,1,0.67,0,0,0.2509254476181363
608,0.2,0.4814814814814815,0.5,,0.5272727272727272,0.49392338932727764,0.49392338932727764,0.0,0.6666666666666666,0.0,0.4990418113386961,0.995049504950495,0.9999617478625468,0.0,0.9983498349834984,1.0,0.6667801895186745,0.6668695130157674,0.6669070687733256,1,0.8,1,1.0,1,0.998724332939707,1,0.5128024388010164,1,0.5210715996219147,1,0.84,0,0,0.22123360477289367
609,0.7,0.7777777777777778,0.5,,0.5272727272727272,0.5060765374026149,0.5060765374026149,0.0,0.6666666666666666,1.0,0.6272818985131603,0.9983498349834984,0.9999782559836617,0.0049504950495049506,1.0,1.0,0.6668610253653287,0.6668865948002043,0.6669262626127169,0,0.2,0,0.0,1,0.9984099316395882,0,0.4970673424330381,0,0.5131624884067889,0,0.25,1,5,0.5902267062534308
610,0.2,0.11111111111111116,0.5,,0.07272727272727272,0.5059838201341009,0.5059838201341009,0.0,0.6666666666666666,0.0,0.41989651931760885,0.995049504950495,0.9981369536204631,0.0,0.9900990099009901,1.0,0.678168149413887,0.6798157269306544,0.6821823003354687,1,1.0,1,1.0,0,0.0052958498657635225,1,0.5181575159862158,0,0.5,1,0.92,1,2,0.3427577723580034
611,0.7,0.6666666666666667,0.5,,0.12727272727272726,0.4940834844127058,0.4940834844127058,0.0,0.6666666666666666,0.0,0.4945496890839818,0.9966996699669967,0.9972464594349196,0.0,1.0,1.0,0.6773113692655488,0.6849070208687814,0.688011383524168,0,0.4,1,1.0,1,0.9932312230837606,1,0.5586454232125071,1,0.5,0,0.44,0,2,0.3513538922839554
612,0.4,0.40740740740740744,0.5,,0.2545454545454545,0.49393004016253617,0.49393004016253617,0.0,0.6666666666666666,0.25,0.48260688903138316,0.9966996699669967,0.999854413681533,0.0049504950495049506,0.9933993399339934,1.0,0.6679974432348085,0.6682727079484448,0.66844315298951,1,0.8,1,1.0,1,0.9986128860819222,1,0.5136224635023922,1,0.5173044777974364,1,0.77,0,0,0.23341002876970818
613,0.6,0.4444444444444444,0.5,,0.21818181818181817,0.4959472462939205,0.4959472462939205,0.0,0.6666666666666666,0.5,0.45472939424624026,0.9966996699669967,0.9923607321141787,0.006600660066006601,0.9983498349834984,1.0,0.7006385874907647,0.7157753704740161,0.7231349595708194,0,0.4,0,0.0,1,0.9988558293284092,1,0.605774844626452,1,0.5094651242513817,1,0.53,0,2,0.4926507002989595
614,0.6,0.7037037037037037,0.5,,0.2,0.493937326710405,0.493937326710405,0.0,0.6666666666666666,0.6,0.5720783358298989,0.9983498349834984,0.999677191340038,0.0049504950495049506,0.9983498349834984,1.0,0.6691793256936535,0.669655566245897,0.6700316092976805,1,0.6,0,0.0,1,0.9984886921450751,1,0.5118785794300922,1,0.5136200172406684,1,0.54,0,1,0.47266878519736066
615,0.3,0.5555555555555556,0.5,,0.4909090909090909,0.5060764439929205,0.5060764439929205,0.0,0.6666666666666666,0.5,0.4324541141198056,0.9966996699669967,0.9999730763234764,0.0,0.995049504950495,1.0,0.6668798659989398,0.666908778160235,0.6669477438696436,1,0.8,0,0.0,1,0.9984133890664518,0,0.49720662111219294,0,0.5131405633983874,1,0.61,1,3,0.43020657107049465
616,0.6,0.7037037037037037,0.5,,0.6909090909090909,0.49392287841362825,0.49392287841362825,0.0,0.6666666666666666,0.0,0.4960354104522424,0.9966996699669967,0.9999834160529362,0.0,1.0,1.0,0.6667219868798832,0.6667571693673797,0.6667717047588806,1,0.6,1,1.0,1,0.9987326959483993,1,0.512197993051718,1,0.5213748955876819,0,0.42,0,1,0.3246157359020335
617,0.4,0.33333333333333337,0.5,,0.10909090909090909,0.5060400018299177,0.5060400018299177,0.0,0.6666666666666666,0.0,0.4125028313583913,0.9900990099009901,0.9989759659408449,0.0,0.9983498349834984,1.0,0.6725325116434387,0.6733309984546296,0.6747028729347204,1,0.8,1,1.0,0,0.0007053662154088608,1,0.5123952524239318,0,0.5,1,0.61,1,2,0.4294832302267766
618,0.3,0.2962962962962963,0.5,,0.18181818181818182,0.48853510604450323,0.48853510604450323,0.0,0.6666666666666666,0.0,0.48402522812589766,0.9966996699669967,0.9224099327376428,0.0,1.0,1.0,0.6752531187724671,0.8456556705791687,0.9245800695163818,1,0.6,1,1.0,1,1.0,1,0.9979196297194693,1,0.5103111564958115,1,0.74,1,0,0.19196153563078644
619,0.6,0.5925925925925926,0.5,,0.2727272727272727,0.5060685078502863,0.5060685078502863,0.0,0.6666666666666666,1.0,0.5417223625388435,0.9983498349834984,0.999718369121033,0.0033003300330033004,1.0,1.0,0.6683392709254582,0.6685585807445787,0.6690448779314017,0,0.4,0,0.0,0,0.0034612197684583852,0,0.49967372688063666,0,0.5,1,0.71,1,5,0.647810842225151
620,0.3,0.33333333333333337,0.5,,0.10909090909090909,0.5060433208602588,0.5060433208602588,0.0,0.6666666666666666,0.0,0.3879063666005429,0.9917491749174917,0.9989069296033052,0.0,0.9983498349834984,1.0,0.6719286728579108,0.67293372398157,0.6746441769195133,1,0.6,0,0.0,0,2.554772932147907e-05,1,0.5055095459291682,0,0.48726064856065204,1,0.58,1,3,0.6378673762968097
621,0.5,0.8148148148148149,0.5,,0.6363636363636364,0.5060770297849464,0.5060770297849464,0.0,0.6666666666666666,1.0,0.5068465929219415,0.9983498349834984,0.9999793415120607,0.0,1.0,1.0,0.6667580985787442,0.6667801688553923,0.666828126535885,0,0.4,0,0.0,1,0.9983929340936062,0,0.49743574146135533,0,0.5132640117208874,1,0.53,1,4,0.5101512187873585
622,0.6,0.6666666666666667,0.5,,0.8363636363636363,0.4939225741605813,0.4939225741605813,0.0,0.6666666666666666,0.5,0.48877029098011526,0.9966996699669967,0.999997077629204,0.00825082508250825,0.995049504950495,1.0,0.6666834653466176,0.6666889088432655,0.6666924692139505,0,0.2,1,1.0,0,0.001621596559881829,1,0.5033712451024286,1,0.4866454357606183,0,0.44,0,3,0.5613936204295118
623,0.5,0.6666666666666667,0.5,,0.8363636363636363,0.4939225617082217,0.4939225617082217,0.0,0.6666666666666666,0.6,0.5941374024987394,0.9983498349834984,0.9999983476364137,0.006600660066006601,0.9966996699669967,1.0,0.6666827061370536,0.6666861495817785,0.6666888584984082,0,0.4,1,1.0,1,0.99997788662295,1,0.5100018156606014,1,0.5134391383022133,0,0.46,0,2,0.3527635265690393
624,0.5,0.8518518518518519,0.5,,1.0,0.5060775220525229,0.5060775220525229,0.0,0.6666666666666666,1.0,0.5282171018546307,0.9983498349834984,0.99999918582105,0.0,1.0,0.99,0.6666665389274672,0.6666673894572144,0.666669037343811,0,0.4,0,0.0,0,0.0012606824898172006,0,0.4880285353665937,0,0.4783830373795031,0,0.36,1,6,0.7120546241273478
625,0.5,0.7407407407407407,0.5,,0.38181818181818183,0.506073542197635,0.506073542197635,0.0,0.6666666666666666,0.3333333333333333,0.4727413997036404,0.9966996699669967,0.9999076992979895,0.0016501650165016502,0.9966996699669967,1.0,0.6674175380454592,0.6675309911025689,0.6677303292184453,1,0.6,0,0.0,1,0.9985071507780946,0,0.4994154046965584,0,0.5125402572766722,1,0.55,1,3,0.47325619787477924
626,0.6,0.6666666666666667,0.5,,0.9818181818181818,0.4939224774687815,0.4939224774687815,0.0,0.6666666666666666,0.5,0.40884909459854624,0.995049504950495,0.9999992670690931,0.0033003300330033004,0.9966996699669967,0.97,0.6666663789181368,0.666667310175053,0.6666679767644854,1,0.6,1,1.0,1,0.9967300806411074,1,0.506265543306341,1,0.5,0,0.49,0,1,0.31783406267542524
627,0.4,0.5185185185185186,0.5,,0.32727272727272727,0.5060734861324545,0.5060734861324545,0.0,0.6666666666666666,0.0,0.496666983089873,0.9966996699669967,0.9998859405306069,0.0,1.0,1.0,0.667404025339273,0.6675432286839319,0.6678883869451754,1,0.6,0,0.0,0,0.0005922900228191005,0,0.49525254787665013,0,0.5052163440127496,0,0.35,1,5,0.6748231363479635
628,0.7,0.5925925925925926,0.5,,0.8909090909090909,0.49392249688692613,0.49392249688692613,0.0,0.6666666666666666,1.0,0.5321242800019879,0.9983498349834984,0.999999167538573,0.0049504950495049506,1.0,1.0,0.6666703293477069,0.6666715784487812,0.6666722859179602,0,0.4,1,1.0,1,0.9999778911514087,1,0.509974973314304,1,0.5134407370031058,0,0.36,0,2,0.369434399755197
629,0.5,0.9259259259259259,0.5,,1.0,0.4939224805376565,0.4939224805376565,0.0,0.6666666666666666,0.0,0.45256768863392305,0.9966996699669967,0.999999305786122,0.0016501650165016502,0.9983498349834984,1.0,0.6666669133084613,0.666668001886308,0.6666685524995241,0,0.2,0,0.0,1,0.9994197328363326,1,0.5070439863111413,1,0.4947166406152262,0,0.38,0,3,0.5698032733728833
630,0.4,0.7407407407407407,0.5,,0.6909090909090909,0.506077217477018,0.506077217477018,0.0,0.6666666666666666,0.0,0.39038687379417214,0.9933993399339934,0.9999866076303768,0.0,0.9983498349834984,1.0,0.6667259228411355,0.6667348084751268,0.6667596347974721,1,0.6,1,1.0,0,0.0005811530427443781,0,0.4930497571304281,0,0.5052781776768223,0,0.48,1,4,0.48684848535833425
631,0.5,0.8148148148148149,0.5,,0.21818181818181817,0.49393405941343305,0.49393405941343305,0.0,0.6666666666666666,0.0,0.48749496436678275,0.995049504950495,0.9995508636337503,0.0016501650165016502,1.0,1.0,0.6682620541403549,0.6690674153417483,0.6694609585565819,0,0.4,0,0.0,0,0.0012921784402720974,1,0.5117818613321296,1,0.4888474186944798,0,0.42,0,4,0.696346423588853
632,0.5,0.6666666666666667,0.5,,0.2,0.5114648939539682,0.5114648939539682,0.0,0.6666666666666666,0.0,0.4217719756761096,0.9966996699669967,0.9475489228876776,0.0,0.9983498349834984,1.0,0.8416516851258122,0.9326134494730848,0.9914776371301457,1,0.6,1,1.0,0,4.355881483815595e-16,1,0.9361053918416729,1,0.5,1,0.66,0,1,0.3839824346930544
633,0.5,0.8888888888888888,0.5,,0.4909090909090909,0.5060753838801164,0.5060753838801164,0.0,0.6666666666666666,0.0,0.44303531496478477,0.9917491749174917,0.9999110477853708,0.0,1.0,1.0,0.6670758246534962,0.6671529039371465,0.6672923399167193,1,0.6,1,1.0,0,0.0033147811385525108,0,0.49635048087079975,0,0.5,1,0.62,1,3,0.46338912299844126
634,0.5,0.5925925925925926,0.5,,0.2727272727272727,0.5060673856567611,0.5060673856567611,0.0,0.6666666666666666,0.0,0.4397624565649413,0.995049504950495,0.9996116201682576,0.0,0.9983498349834984,1.0,0.6684538885891045,0.6687847847727886,0.6695940720245667,0,0.4,0,0.0,0,0.0014317110073574354,0,0.49679546841778116,0,0.4840872547096222,0,0.49,1,6,0.6879475943108733
635,0.6,0.4444444444444444,0.5,,0.21818181818181817,0.4983402110157231,0.4983402110157231,0.0,0.6666666666666666,1.0,0.5123768550627313,0.9983498349834984,0.9879368390279616,0.0,1.0,1.0,0.7067016818209508,0.7273742070778728,0.7398762834827824,1,0.8,1,1.0,1,0.8865177141073839,1,0.8050020554012666,1,0.5,1,0.56,0,0,0.24141337174855815
636,0.2,0.5185185185185186,0.5,,0.32727272727272727,0.506072275854931,0.506072275854931,0.0,0.6666666666666666,0.0,0.4833468998558673,0.9966996699669967,0.9997987011674865,0.0,1.0,1.0,0.6675920817055263,0.6678068698022841,0.6682177803552092,1,0.8,0,0.0,0,2.2516355611736282e-05,0,0.49125723063043925,0,0.48668110496400097,0,0.48,1,5,0.623673191341658
637,0.5,0.5555555555555556,0.5,,0.03636363636363636,0.4939520439312488,0.4939520439312488,0.0,0.6666666666666666,0.5,0.6563900352816165,0.9983498349834984,0.9995074276077269,0.006600660066006601,0.9966996699669967,1.0,0.671333422890777,0.6721439960774882,0.67292822635163,1,0.6,0,0.0,1,0.9960969895027114,1,0.5110211456475879,1,0.5,1,0.52,0,1,0.47881364414161676
638,0.7,0.5555555555555556,0.5,,0.03636363636363636,0.49396705556894693,0.49396705556894693,0.0,0.6666666666666666,0.5,0.5194154395866021,0.9983498349834984,0.998711744074691,0.0,0.9983498349834984,1.0,0.6715102575007791,0.6741424751161418,0.6755380439330931,1,0.6,1,1.0,1,0.9992679915698615,1,0.5243724299555688,1,0.5,1,0.56,0,0,0.3027265964124283
639,0.6,0.5925925925925926,0.5,,0.38181818181818183,0.49392625991790884,0.49392625991790884,0.0,0.6666666666666666,0.0,0.49588482459655203,0.9966996699669967,0.9998727067070526,0.0,1.0,1.0,0.6672044430008538,0.6674693749999517,0.6675770733541335,0,0.4,1,1.0,1,0.9966490440944579,1,0.5091716197244145,1,0.5,1,0.57,0,1,0.3373632226968547
640,0.8,0.7407407407407407,0.5,,0.10909090909090909,0.4939659358601507,0.4939659358601507,0.0,0.6666666666666666,1.0,0.552444500234547,0.9983498349834984,0.9990812748928954,0.006600660066006601,1.0,1.0,0.6721093823741432,0.6741734469326057,0.6751082422603107,0,0.2,0,0.0,0,0.0008490878285286357,1,0.5105440425300469,1,0.4931095413164213,0,0.25,0,4,0.7575828880541672
641,0.7,0.8888888888888888,0.5,,0.23636363636363636,0.5057838671913579,0.5057838671913579,0.0,0.6666666666666666,0.0,0.43971017039395965,0.9966996699669967,0.9968340682734651,0.0,1.0,1.0,0.6884551066804349,0.6914611396428109,0.6978298858516154,0,0.4,1,1.0,0,0.00965278970448723,1,0.5948431139619067,0,0.5,1,0.55,1,3,0.4909173493889344
642,0.2,0.4444444444444444,0.5,,0.09090909090909091,0.4885394449575552,0.4885394449575552,0.0,0.6666666666666666,1.0,0.523170826904978,0.9983498349834984,0.9787769916501337,0.0,1.0,1.0,0.7865809476292658,0.8121757928957307,0.8673876732799808,1,0.8,1,1.0,1,0.9999777989266392,1,0.8275973628208959,1,0.5686357925870076,1,0.65,1,0,0.19229817427757612
643,0.3,0.5555555555555556,0.5,,0.4909090909090909,0.5060764086947409,0.5060764086947409,0.0,0.6666666666666666,1.0,0.5151672280199094,0.9983498349834984,0.9999628687677604,0.0,1.0,1.0,0.6668736053486379,0.6669132596825272,0.6670061235825492,1,0.8,1,1.0,0,0.0032934991993619996,0,0.4944043401809068,0,0.5,1,0.66,1,3,0.42371702676995515
644,0.5,0.6666666666666667,0.5,,0.2,0.5114648938258892,0.5114648938258892,0.0,0.6666666666666666,0.5,0.5516474532238604,0.9983498349834984,0.9668869417620374,0.0016501650165016502,0.9966996699669967,1.0,0.8194221170126901,0.8944133953571983,0.9363644779261431,0,0.4,1,1.0,0,6.168669860110408e-09,1,0.7340808832703447,0,0.4901195696290022,1,0.52,0,3,0.4759665901553306
645,0.6,0.7037037037037037,0.5,,0.6181818181818182,0.49392294988615204,0.49392294988615204,0.0,0.6666666666666666,0.0,0.4552478201215667,0.9933993399339934,0.999981381049436,0.0,0.9983498349834984,1.0,0.6667280495531139,0.6667726485542417,0.6667928689901689,1,0.6,0,0.0,1,0.9987315280863124,1,0.5121321121719465,1,0.5213329170138563,1,0.5,0,1,0.47796724045464745
646,0.3,0.5185185185185186,0.5,,0.45454545454545453,0.5060756123177492,0.5060756123177492,0.0,0.6666666666666666,0.5,0.3285061589832253,0.995049504950495,0.999934661947045,0.0033003300330033004,0.9917491749174917,1.0,0.6670440277634371,0.6670882834505092,0.6671768995858796,1,0.8,1,1.0,0,0.0005858612348732255,0,0.49279151886601075,0,0.5052523634777595,1,0.86,1,3,0.3902283760702261
647,0.5,0.9259259259259259,0.5,,0.23636363636363636,0.5042095757592587,0.5042095757592587,0.0,0.6666666666666666,0.42857142857142855,0.47528772816820464,0.9966996699669967,0.9924867639885603,0.0049504950495049506,0.995049504950495,1.0,0.7100090238321904,0.7145188943895012,0.7306239676659588,1,0.8,0,0.0,0,0.013666221645927411,1,0.5808911369226357,0,0.5,0,0.38,1,4,0.6209071069052394
648,0.6,0.4814814814814815,0.5,,0.5272727272727272,0.49392354544114303,0.49392354544114303,0.0,0.6666666666666666,1.0,0.5119711286552879,0.9983498349834984,0.9999630529243203,0.0,1.0,1.0,0.6668185698419307,0.6669034440789753,0.6669437440944662,1,0.6,0,0.0,1,0.999977814603692,1,0.5108864799863357,1,0.5134169425717702,0,0.37,0,2,0.5009531271397003
649,0.5,0.7777777777777778,0.5,,0.2,0.49769534454291176,0.49769534454291176,0.0,0.6666666666666666,0.0,0.4848621973018754,0.9966996699669967,0.9866076668668977,0.0,1.0,1.0,0.7212091723309759,0.736205184017351,0.7788506284142152,0,0.4,0,0.0,0,0.2538940677691176,1,0.5560282840239035,0,0.5,1,0.53,1,4,0.6266796080344965
650,0.7,0.8148148148148149,0.5,,0.12727272727272726,0.5114246900967393,0.5114246900967393,0.0,0.6666666666666666,0.3333333333333333,0.4779265995434089,0.9966996699669967,0.9892846360510544,0.0033003300330033004,0.9966996699669967,1.0,0.7709327417830516,0.7951384915633232,0.8139121409591775,0,0.4,1,1.0,0,0.00011807726760645208,1,0.6299701224559326,0,0.4396537315949958,0,0.4,0,4,0.5217096781135775
651,0.4,0.5555555555555556,0.5,,0.8363636363636363,0.49392258751310514,0.49392258751310514,0.0,0.6666666666666666,1.0,0.5003826213233691,0.9983498349834984,0.9999950937953195,0.0016501650165016502,1.0,1.0,0.6666823969522087,0.6666919596158423,0.6666969350158608,0,0.4,0,0.0,1,0.9999778846783086,1,0.5100730086128512,1,0.5134387475158991,1,0.57,0,2,0.5010850598654901
652,0.4,0.11111111111111116,0.5,,0.07272727272727272,0.5059429109119128,0.5059429109119128,0.0,0.6666666666666666,0.0,0.481192823219728,0.9966996699669967,0.9972293493058293,0.0,0.9983498349834984,1.0,0.6809500550325124,0.6830578081723641,0.6894298663511912,1,0.8,1,1.0,0,4.176837273145194e-05,1,0.518696592021754,0,0.487673922871448,1,0.69,1,2,0.4172646194556777
653,0.4,0.6666666666666667,0.5,,0.12727272727272726,0.5083945896935187,0.5083945896935187,0.0,0.6666666666666666,0.5,0.5668827402749635,0.9983498349834984,0.989048172181732,0.0,1.0,1.0,0.7377958714564142,0.7548008099353852,0.7658576129403345,0,0.4,0,0.0,0,0.019154678699047387,1,0.6052144133025523,1,0.5,1,0.57,0,3,0.6509384846664001
654,0.7,0.8148148148148149,0.5,,0.12727272727272726,0.5113979049315147,0.5113979049315147,0.0,0.6666666666666666,0.0,0.4873458535608518,0.995049504950495,0.9819899425603444,0.0,1.0,1.0,0.7498975202387577,0.7907580962972923,0.823057689477377,1,0.6,1,1.0,0,0.0011391496601157983,1,0.8076422353947629,0,0.5061644491433379,1,0.5,0,2,0.43084236096696393
655,0.7,0.6666666666666667,0.5,,0.12727272727272726,0.5105171182434023,0.5105171182434023,0.0,0.6666666666666666,1.0,0.5105007399791726,0.9983498349834984,0.9869093235178921,0.0033003300330033004,1.0,1.0,0.7424531565085916,0.7668579386101969,0.7830849041556419,0,0.2,1,1.0,0,0.1010702048890167,1,0.7077301636292113,1,0.5,0,0.46,0,3,0.5051999385802954
656,0.4,0.6666666666666667,0.5,,0.12727272727272726,0.4941053244123199,0.4941053244123199,0.0,0.6666666666666666,0.5,0.49751391254436983,0.9966996699669967,0.9975860929498095,0.0,0.9966996699669967,1.0,0.6814792384472965,0.6862561675941659,0.6895634913234319,1,0.6,1,1.0,1,0.9986854408222012,1,0.529194841075741,1,0.5,1,0.52,0,0,0.3086866196836763
657,0.4,0.7037037037037037,0.5,,0.21818181818181817,0.48853532370679587,0.48853532370679587,0.0,0.6666666666666666,0.6666666666666666,0.4672851936908674,0.9966996699669967,0.9766440600704566,0.0016501650165016502,0.995049504950495,1.0,0.8105121623542568,0.8364586177031167,0.8755691032444942,1,0.6,1,1.0,1,0.9999995258227715,1,0.6966245916112457,1,0.5599549493479902,1,0.56,1,0,0.2639034888696653
658,0.4,0.5555555555555556,0.5,,0.9636363636363636,0.4939224839957026,0.4939224839957026,0.0,0.6666666666666666,0.5,0.5583277960327203,0.9983498349834984,0.9999991986601233,0.0,0.9983498349834984,0.99,0.6666666252515966,0.6666686295152742,0.6666694058287106,0,0.2,0,0.0,1,0.9987392185934125,1,0.512002760259535,1,0.5216137915420935,0,0.48,0,3,0.5479407049341598
659,0.4,0.11111111111111116,0.5,,0.07272727272727272,0.5059146440428776,0.5059146440428776,0.0,0.6666666666666666,0.0,0.453975326052273,0.9966996699669967,0.9976344684338142,0.0,1.0,1.0,0.6819679262218209,0.6849520898344175,0.6896424535172075,1,1.0,1,1.0,1,0.9995341176790867,1,0.5442452679996183,0,0.5,1,0.73,1,1,0.20437010238688258
660,0.5,0.2962962962962963,0.5,,0.18181818181818182,0.48853510604450323,0.48853510604450323,0.0,0.6666666666666666,0.5,0.4550755586242131,0.9933993399339934,0.9382909385479786,0.0016501650165016502,0.9966996699669967,1.0,0.7099376407903717,0.8389430756522067,0.9069067526900036,0,0.4,1,1.0,0,9.352276813572626e-54,1,0.9020334383262797,0,0.5,0,0.36,1,4,0.4729944269456201
661,0.3,0.11111111111111116,0.5,,0.18181818181818182,0.5060322690053198,0.5060322690053198,0.0,0.6666666666666666,1.0,0.5164232173035694,0.9983498349834984,0.9989971773881494,0.0,0.9966996699669967,1.0,0.6734370933892747,0.6744804038041454,0.6759659664564789,1,0.8,1,1.0,0,0.0020595991146346196,1,0.5037822893445079,0,0.5,1,0.74,1,2,0.40902635192347614
662,0.3,0.40740740740740744,0.5,,0.14545454545454545,0.48895909730782816,0.48895909730782816,0.0,0.6666666666666666,0.0,0.3141651769836584,0.9884488448844885,0.9841727108625942,0.0,0.9900990099009901,1.0,0.7593607967079129,0.7737115436096967,0.7889208795039127,1,0.8,1,1.0,1,0.9421787893450255,1,0.5695864681930877,0,0.5,1,0.74,1,1,0.24137245707698118
663,0.4,0.5185185185185186,0.5,,0.32727272727272727,0.5060722045861246,0.5060722045861246,0.0,0.6666666666666666,0.25,0.38244119770043516,0.9966996699669967,0.9999121857037798,0.0033003300330033004,0.995049504950495,1.0,0.6677084407335738,0.6678100906395208,0.6679196437776016,1,0.6,1,1.0,0,0.0005961863854134867,0,0.493633441290375,0,0.5051996531573658,1,0.8,1,3,0.4334284531944742
664,0.4,0.5555555555555556,0.5,,0.12727272727272726,0.49394006396735524,0.49394006396735524,0.0,0.6666666666666666,0.0,0.4806842036095128,0.9966996699669967,0.9995565682597886,0.0,0.9983498349834984,1.0,0.6689769795384757,0.6701599061618809,0.6706381643393245,1,0.6,1,1.0,1,0.9999763114201128,1,0.5168755039225278,1,0.5131094723192501,0,0.39,0,1,0.3300064520563516
665,0.9,1.0,0.5,,0.16363636363636364,0.5112440099865664,0.5112440099865664,0.0,0.6666666666666666,1.0,0.5859351762735819,0.9983498349834984,0.9892040220113115,0.01485148514851485,1.0,1.0,0.759134837167833,0.7801643760541545,0.793560336052939,0,0.0,0,0.0,0,0.003989312592412778,1,0.5262557833358805,0,0.44937743386389417,0,0.14,0,5,0.8133962450346354
666,0.4,0.33333333333333337,0.5,,0.10909090909090909,0.5060380179692275,0.5060380179692275,0.0,0.6666666666666666,0.5714285714285714,0.4397440917788943,0.9966996699669967,0.9993703317462022,0.006600660066006601,0.9900990099009901,1.0,0.6729670694063883,0.6736314350385286,0.674854303958346,1,0.6,1,1.0,1,0.9991167412228243,1,0.5032431402242351,0,0.5072896214825381,1,0.7,1,1,0.28172508284506703
667,0.6,0.5925925925925926,0.5,,0.8909090909090909,0.49392249939098276,0.49392249939098276,0.0,0.6666666666666666,0.5,0.5770955689176,0.9983498349834984,0.999999350616644,0.0016501650165016502,0.9966996699669967,1.0,0.6666711702573862,0.6666721835589587,0.666672921373611,1,0.6,0,0.0,0,0.0016243184010969038,1,0.5033390950806629,1,0.4866294257901378,0,0.48,0,3,0.6547345267880171
668,0.4,0.4444444444444444,0.5,,0.2545454545454545,0.5060657479708836,0.5060657479708836,0.0,0.6666666666666666,0.0,0.46108766208467156,0.9966996699669967,0.999466255566637,0.0,0.9983498349834984,1.0,0.668594614406264,0.6691105778529101,0.6705652706980687,1,0.8,1,1.0,0,2.3118755019022205e-05,0,0.49322607489095566,0,0.4868083454504643,1,0.59,1,3,0.4383237434839269
669,0.6,0.6666666666666667,0.5,,0.2,0.5114648939502934,0.5114648939502934,0.0,0.6666666666666666,0.0,0.49770795783127364,0.9966996699669967,0.9361127721292102,0.0,1.0,1.0,0.7904951640906481,0.915734537041655,0.9965976017817783,1,0.6,1,1.0,0,6.666762039550203e-15,1,0.6869139394363366,0,0.5,1,0.62,0,2,0.43218101009394283
670,0.2,0.5185185185185186,0.5,,0.8909090909090909,0.5060775093683434,0.5060775093683434,0.0,0.6666666666666666,0.0,0.456599043376927,0.9933993399339934,0.9999984907175901,0.0,1.0,1.0,0.6666690130676844,0.6666702467006159,0.6666733756687242,1,0.6,0,0.0,0,2.2108350253039312e-05,0,0.49005087364439504,0,0.48655920681864073,1,0.65,1,4,0.6288946351977853
671,0.5,0.33333333333333337,0.5,,0.10909090909090909,0.5060444030623765,0.5060444030623765,0.0,0.6666666666666666,0.4,0.42441820707032385,0.9966996699669967,0.9994447294310981,0.00825082508250825,0.9917491749174917,1.0,0.6720395661170736,0.6727066404701891,0.6737690220977102,0,0.4,1,1.0,0,0.0006892387088607458,1,0.5002837169264808,0,0.5,1,0.52,1,3,0.5131711740607765
672,0.3,0.37037037037037035,0.5,,0.10909090909090909,0.5046229900060487,0.5046229900060487,0.0,0.6666666666666666,0.0,0.4409897208857694,0.9917491749174917,0.9898952305461701,0.0,0.9900990099009901,1.0,0.726448498413891,0.7431765171994806,0.7541128726787024,1,0.8,1,1.0,1,0.7018978621834852,1,0.596370934334612,1,0.5,1,0.71,0,0,0.2819552005803172
673,0.5,0.6296296296296297,0.5,,0.41818181818181815,0.49392572800926204,0.49392572800926204,0.0,0.6666666666666666,0.0,0.47215778954564436,0.9933993399339934,0.9998578879538095,0.0,1.0,1.0,0.6670346240431306,0.667360934095523,0.6675181692855071,0,0.4,0,0.0,0,0.0015166435757357295,1,0.5056019259052553,1,0.48727759572439183,1,0.52,0,3,0.6809339724657695
674,0.4,0.6666666666666667,0.5,,0.8363636363636363,0.49392255489693504,0.49392255489693504,0.0,0.6666666666666666,0.0,0.4980871226653707,0.9966996699669967,0.9999966841134141,0.0,1.0,1.0,0.6666753787875348,0.6666848788913231,0.6666886383340915,0,0.4,1,1.0,0,0.001622278502802328,1,0.5033179031969639,1,0.4866417533910471,0,0.48,0,3,0.5214030108181977
675,0.4,0.37037037037037035,0.5,,0.10909090909090909,0.5063610335674822,0.5063610335674822,0.0,0.6666666666666666,0.0,0.480262783378952,0.9966996699669967,0.9845550826558217,0.0,1.0,1.0,0.7124671218392835,0.7476379281395927,0.7648193347228083,1,0.8,1,1.0,1,0.8138753466269651,1,0.7203292557820655,1,0.4876149382997607,1,0.7,0,0,0.2463634098818681
676,0.4,0.6296296296296297,0.5,,0.7818181818181819,0.5060774007425328,0.5060774007425328,0.0,0.6666666666666666,1.0,0.5303143419343801,0.9983498349834984,0.9999943603945611,0.0,1.0,1.0,0.6666883853385798,0.666694461040119,0.6667067816444928,0,0.4,1,1.0,0,2.2116293824760447e-05,0,0.49014430416683835,0,0.48656287838292284,1,0.58,1,4,0.507211783526069
677,0.8,0.5555555555555556,0.5,,0.14545454545454545,0.5058583340550726,0.5058583340550726,0.0,0.6666666666666666,1.0,0.5863699085460023,0.9983498349834984,0.9976547046109191,0.00825082508250825,1.0,1.0,0.685288921940661,0.6881517314056174,0.691490085922226,0,0.2,0,0.0,0,0.0014844491040217633,1,0.5535567451335384,0,0.5,0,0.26,1,5,0.74749313429374
678,0.4,0.2962962962962963,0.5,,0.18181818181818182,0.48853510604450323,0.48853510604450323,0.0,0.6666666666666666,0.4,0.4731249850417103,0.9966996699669967,0.9602029853397974,0.0033003300330033004,0.9917491749174917,1.0,0.8350030342457734,0.8948070906408241,0.9511164545209838,1,0.6,0,0.0,1,1.0,1,0.7333686909041738,1,0.5641587346377168,1,0.6,1,1,0.4170787624096849
679,0.4,0.7037037037037037,0.5,,0.2545454545454545,0.4942758388803614,0.4942758388803614,0.0,0.6666666666666666,0.5,0.5664098684312993,0.9983498349834984,0.9975067080817471,0.0033003300330033004,0.9966996699669967,1.0,0.6903471309253785,0.6937287699697727,0.6972441830064458,0,0.2,0,0.0,1,0.9890581717866619,1,0.5390462179144613,1,0.5,0,0.33,0,3,0.5736492683831462
680,0.5,0.40740740740740744,0.5,,0.2545454545454545,0.4939292284894574,0.4939292284894574,0.0,0.6666666666666666,1.0,0.5185409533272652,0.9983498349834984,0.9997060970974164,0.0,1.0,1.0,0.6675752438850591,0.66807898045174,0.668380612247846,0,0.4,1,1.0,1,0.9999773320114163,1,0.5176351389922849,1,0.5133249933550771,1,0.74,0,1,0.30484375594020363
681,0.4,0.7037037037037037,0.5,,0.9090909090909091,0.49392249167887714,0.49392249167887714,0.0,0.6666666666666666,0.0,0.49817682382802286,0.9966996699669967,0.9999986827040003,0.0,1.0,1.0,0.6666681223436169,0.6666705513215829,0.6666718716132517,1,0.6,0,0.0,1,0.9987390897311388,1,0.5120285179206256,1,0.5216087017595844,1,0.54,0,1,0.4712706150981085
682,0.4,0.6666666666666667,0.5,,0.12727272727272726,0.4941223254686645,0.4941223254686645,0.0,0.6666666666666666,0.0,0.39576856095811075,0.9933993399339934,0.9965761526421283,0.0,0.9983498349834984,1.0,0.6803119011045278,0.6872146182657939,0.6906948608936914,1,0.6,1,1.0,1,0.9999448567842771,1,0.5684689990678429,1,0.5127400946010312,1,0.77,0,0,0.2581410082578083
683,0.4,0.5185185185185186,0.5,,0.8909090909090909,0.5060775045296071,0.5060775045296071,0.0,0.6666666666666666,0.0,0.4816123300850116,0.9966996699669967,0.9999986439674775,0.0,1.0,1.0,0.6666703369398355,0.666671331487144,0.6666738749757983,1,0.6,1,1.0,0,0.0005803107350006263,0,0.49298760854301793,0,0.5052830670090134,1,0.73,1,3,0.44519150228549464
684,0.4,0.7407407407407407,0.5,,0.6909090909090909,0.5060772163826391,0.5060772163826391,0.0,0.6666666666666666,0.6666666666666666,0.4308758801516869,0.9966996699669967,0.9999908038251198,0.0033003300330033004,0.9966996699669967,1.0,0.6667282016955965,0.6667360080823477,0.6667449001895521,1,0.8,0,0.0,0,0.0005811467112954147,0,0.49298037148070223,0,0.5052781760917031,0,0.44,1,5,0.6268600509527165
685,0.7,0.962962962962963,0.5,,0.23636363636363636,0.4967813721666394,0.4967813721666394,0.0,0.6666666666666666,0.5,0.5250106696559234,0.9983498349834984,0.9940125226167023,0.0165016501650165,0.9966996699669967,1.0,0.7321313571671131,0.7394869661466135,0.7476834650066718,0,0.2,0,0.0,0,0.2963886906499422,1,0.5906530667893823,0,0.5,0,0.35,1,5,0.6771597070934459
686,0.3,0.4444444444444444,0.5,,0.9454545454545454,0.4939225245551815,0.4939225245551815,0.0,0.6666666666666666,0.0,0.3812188372725963,0.9917491749174917,0.9999975042978471,0.0,0.9966996699669967,1.0,0.6666731923575364,0.6666778474437406,0.6666802338287587,1,0.8,0,0.0,1,0.9967290838324195,1,0.5063133153973678,1,0.5,1,0.61,0,1,0.43115960012836874
687,0.3,0.40740740740740744,0.5,,0.18181818181818182,0.4942610930483874,0.4942610930483874,0.0,0.6666666666666666,0.0,0.4481719960908178,0.9966996699669967,0.995994232775443,0.0,1.0,1.0,0.6864187501861991,0.6932270976450647,0.6973226725879734,0,0.4,0,0.0,1,0.9893794270798371,1,0.5791830803286349,1,0.5,0,0.42,0,3,0.5185729154319214
688,0.6,0.7037037037037037,0.5,,0.9090909090909091,0.49392249420433376,0.49392249420433376,0.0,0.6666666666666666,0.75,0.5392308664828681,0.9983498349834984,0.9999989356835243,0.0033003300330033004,0.9983498349834984,1.0,0.6666690691126549,0.6666710794913453,0.6666718191013953,0,0.2,0,0.0,1,0.9994196938243949,1,0.5070597663915598,1,0.4947168593442752,0,0.29,0,3,0.5848006134066284
689,0.5,0.5925925925925926,0.5,,0.8363636363636363,0.5060774156035075,0.5060774156035075,0.0,0.6666666666666666,0.5,0.4348940319650807,0.9917491749174917,0.9999950549224699,0.0033003300330033004,1.0,1.0,0.6666875199384575,0.666691116540812,0.6666966017436781,1,0.6,0,0.0,0,0.0012624454647500892,0,0.4881030363235308,0,0.4784472942549659,0,0.31,1,5,0.6870312039927922
690,0.2,0.33333333333333337,0.5,,0.10909090909090909,0.5060405580372993,0.5060405580372993,0.0,0.6666666666666666,0.0,0.47914982745383905,0.9966996699669967,0.9987530769301164,0.0,1.0,1.0,0.6719071819370457,0.6732141644956219,0.6753553746750862,1,0.6,0,0.0,0,0.0007040679486807622,0,0.4915278197946026,0,0.5,0,0.47,1,5,0.6562946853761196
691,0.3,0.5185185185185186,0.5,,0.8909090909090909,0.5060775024591526,0.5060775024591526,0.0,0.6666666666666666,0.0,0.4913404922835962,0.9966996699669967,0.9999985939947195,0.0,1.0,1.0,0.6666707490324794,0.6666718323961269,0.6666757140421172,1,0.6,1,1.0,0,0.003270343874517019,0,0.4937715099225659,0,0.5,1,0.52,1,3,0.4804930243671529
692,0.3,0.5555555555555556,0.5,,0.4909090909090909,0.5060763750259321,0.5060763750259321,0.0,0.6666666666666666,0.5,0.45862087506873706,0.995049504950495,0.9999688716395569,0.0033003300330033004,0.9933993399339934,1.0,0.6668945058933705,0.6669215830568456,0.666946731133088,1,1.0,1,1.0,1,0.9984155622265292,0,0.4969282230834796,0,0.5131295876507631,1,0.69,1,2,0.21692110450653812
693,0.6,0.7407407407407407,0.5,,0.23636363636363636,0.4950641871679856,0.4950641871679856,0.0,0.6666666666666666,0.5,0.5337460980003923,0.9983498349834984,0.9950107452587322,0.0033003300330033004,0.9983498349834984,1.0,0.6992843095620372,0.70835076137504,0.7153792603028654,1,0.6,1,1.0,0,0.0004331301339977015,1,0.5520961899005696,1,0.5,1,0.52,0,1,0.47124511332757213
694,0.5,0.2962962962962963,0.5,,0.18181818181818182,0.48853510604450323,0.48853510604450323,0.0,0.6666666666666666,0.0,0.42525677335551704,0.9933993399339934,0.9340855637444727,0.0,0.9983498349834984,1.0,0.7631668522152758,0.8868441397192695,0.9594610179916961,1,0.6,1,1.0,1,1.0,1,0.8902522965160344,1,0.5125970690295182,1,0.78,1,0,0.20285843907574108
695,0.5,0.7407407407407407,0.5,,0.16363636363636364,0.5060635231630373,0.5060635231630373,0.0,0.6666666666666666,0.0,0.41655470639242254,0.9933993399339934,0.9994447132207166,0.0,0.9983498349834984,1.0,0.668905442983019,0.6695213903741996,0.6706035094653555,1,0.6,1,1.0,0,0.000623254465627736,1,0.5027291060734885,0,0.5050742084757011,1,0.63,1,2,0.46026223849753045
696,0.2,0.7407407407407407,0.5,,0.32727272727272727,0.49392690810950113,0.49392690810950113,0.0,0.6666666666666666,0.0,0.485425191742359,0.995049504950495,0.9998396309923459,0.0,1.0,1.0,0.667305597131553,0.667634249856457,0.6677939210035224,1,0.8,1,1.0,1,0.999977554578465,1,0.5129737301770128,1,0.5133493975598957,1,0.65,0,0,0.253949886280771
697,0.6,0.7407407407407407,0.5,,0.16363636363636364,0.506063123408804,0.506063123408804,0.0,0.6666666666666666,1.0,0.5156722703976161,0.9983498349834984,0.9994953517782188,0.0,1.0,1.0,0.6690117170084996,0.669615118934384,0.6706444330713405,0,0.4,1,1.0,0,0.0035750758267612958,1,0.5003621181084458,0,0.5,0,0.34,1,4,0.5426771343441321
698,0.5,0.5555555555555556,0.5,,0.9818181818181818,0.49392251348132776,0.49392251348132776,0.0,0.6666666666666666,0.0,0.47021594853158577,0.995049504950495,0.9999976058918127,0.0,0.9983498349834984,1.0,0.6666719495998495,0.6666755418873427,0.6666776071887087,1,0.8,1,1.0,1,0.998738726093095,1,0.51201109800879,1,0.5215951992343565,1,0.72,0,0,0.24127582944395976
699,0.4,0.7037037037037037,0.5,,0.2545454545454545,0.49422073027713154,0.49422073027713154,0.0,0.6666666666666666,0.0,0.49318415731086973,0.9933993399339934,0.9960355547645997,0.0,0.9983498349834984,1.0,0.684882043505999,0.6916176677811928,0.6947749384562744,1,0.6,1,1.0,0,0.00038824057196345504,1,0.5250050949294575,1,0.5,1,0.74,0,1,0.4391011107497631
700,0.4,1.0,0.5,,0.23636363636363636,0.4939336872310137,0.4939336872310137,0.0,0.6666666666666666,0.3333333333333333,0.45844761107839604,0.9966996699669967,0.999725080385346,0.0049504950495049506,0.995049504950495,1.0,0.6686301223096385,0.6689846717675679,0.6691832101361675,0,0.4,1,1.0,1,0.996491266137855,1,0.5059558187692752,1,0.5,1,0.57,0,1,0.33792548584881166
701,0.3,0.4444444444444444,0.5,,0.09090909090909091,0.48854731621254266,0.48854731621254266,0.0,0.6666666666666666,0.0,0.45021954905408657,0.995049504950495,0.9843354991831277,0.0,0.9966996699669967,1.0,0.7839932132099557,0.8042440416227755,0.8286959972643738,1,0.8,0,0.0,1,0.9999216221031905,1,0.7781694642496212,1,0.5669033298210782,1,0.76,1,1,0.34916759730435176
702,0.5,1.0,0.5,,0.5454545454545454,0.4939235498961081,0.4939235498961081,0.0,0.6666666666666666,0.0,0.4835825327574005,0.9966996699669967,0.999954688999255,0.0,1.0,1.0,0.6668009546866902,0.6668966699118707,0.6669463981282083,1,0.6,0,0.0,1,0.9987216467168637,1,0.5126737859917693,1,0.5210021541916919,1,0.54,0,1,0.47126706884994585
703,0.5,0.7037037037037037,0.5,,0.6909090909090909,0.4939227453251711,0.4939227453251711,0.0,0.6666666666666666,0.0,0.4939562909236256,0.9966996699669967,0.9999891896159009,0.0,0.9983498349834984,1.0,0.6666969440772914,0.6667256725513091,0.6667352333257018,0,0.2,0,0.0,1,0.9967243836589251,1,0.5064532094943335,1,0.5,0,0.4,0,3,0.5661370678077902
704,0.3,0.4444444444444444,0.5,,0.21818181818181817,0.4967383460661361,0.4967383460661361,0.0,0.6666666666666666,0.0,0.4365528663916737,0.995049504950495,0.9865514890799596,0.0,1.0,1.0,0.6991182127812016,0.7206163384366232,0.7383850439528318,1,0.8,1,1.0,1,0.9307809376827251,1,0.7919269060574603,1,0.5,1,0.75,0,0,0.204548692709969
705,0.7,0.9259259259259259,0.5,,0.12727272727272726,0.48853510604450323,0.48853510604450323,0.0,0.6666666666666666,1.0,0.6171266774469021,0.9983498349834984,0.9391115792703879,0.0049504950495049506,1.0,0.66,0.5690817007286627,0.6640498326345745,0.7121347635465122,0,0.4,0,0.0,0,6.914844068808707e-126,1,0.9988890734047731,0,0.5106342505322757,0,0.43,1,5,0.6100794460104919
706,0.6,0.7037037037037037,0.5,,0.9454545454545454,0.5060774916889063,0.5060774916889063,0.0,0.6666666666666666,1.0,0.5533843690036706,0.9983498349834984,0.9999985749105114,0.0,1.0,1.0,0.6666729475308713,0.6666742216188081,0.666676784760519,0,0.4,1,1.0,0,0.003270569722772819,0,0.4937794046405111,0,0.5,0,0.17,1,5,0.5721583376061194
707,0.2,0.40740740740740744,0.5,,0.14545454545454545,0.48877962238951245,0.48877962238951245,0.0,0.6666666666666666,0.0,0.44370434992019014,0.9933993399339934,0.9845564262371155,0.0,0.9917491749174917,1.0,0.7588557899779528,0.7780289959578002,0.8123996698325451,1,0.6,0,0.0,1,0.9908125979319278,1,0.7968294133699868,1,0.5,1,0.71,1,1,0.40039299811634754
708,0.6,0.7037037037037037,0.5,,0.2545454545454545,0.494359238400096,0.494359238400096,0.0,0.6666666666666666,0.0,0.4755320836643233,0.9966996699669967,0.9942898027093763,0.0,1.0,1.0,0.6843606538137299,0.6961429796274732,0.7016902610449974,0,0.4,0,0.0,1,0.988286724377523,1,0.6135960847103936,0,0.4576667353704185,1,0.68,0,3,0.47674174259027746
709,0.7,0.7037037037037037,0.5,,0.2545454545454545,0.4944105544649475,0.4944105544649475,0.0,0.6666666666666666,1.0,0.5229411874071052,0.9983498349834984,0.9952513739699526,0.0016501650165016502,1.0,1.0,0.6889855076875653,0.6975025341480646,0.7015075790844212,0,0.2,0,0.0,0,0.00036752609070447276,1,0.5120670387334845,1,0.5,0,0.3,0,4,0.7479275725293018
710,0.6,0.6296296296296297,0.5,,0.09090909090909091,0.49695500997340436,0.49695500997340436,0.0,0.6666666666666666,0.0,0.47678127883747456,0.9966996699669967,0.9927442342368549,0.0,1.0,1.0,0.7307717062738234,0.739021813109291,0.7516582480225434,0,0.4,0,0.0,0,0.0446843171110298,1,0.6394460948490664,0,0.507861603085628,0,0.44,1,5,0.6613346641590458
711,0.6,0.6666666666666667,0.5,,0.2,0.5114648907998662,0.5114648907998662,0.0,0.6666666666666666,0.5,0.4833598580649521,0.9966996699669967,0.968909556748436,0.0,1.0,1.0,0.8184179188738735,0.8719241280291677,0.9056814166692237,0,0.4,0,0.0,0,7.413754625054522e-14,1,0.7119979176900755,0,0.4575301912342578,0,0.44,0,5,0.6650786485125988
712,0.4,0.4444444444444444,0.5,,0.21818181818181817,0.4975069083126683,0.4975069083126683,0.0,0.6666666666666666,1.0,0.512853066357519,0.9983498349834984,0.9858846551367726,0.0,1.0,1.0,0.6984065942298349,0.7235208120202934,0.7353399249732532,1,0.6,0,0.0,1,0.9963724336272244,1,0.7973193949124724,1,0.5068214642689325,0,0.41,0,2,0.44824778453189507
713,0.5,0.7407407407407407,0.5,,0.38181818181818183,0.5060743595453232,0.5060743595453232,0.0,0.6666666666666666,0.0,0.43511080686915526,0.9966996699669967,0.9999032637866238,0.0,0.9966996699669967,1.0,0.6672804713956034,0.6673736597181018,0.6675458752191986,1,0.8,1,1.0,0,0.0033362256697092047,0,0.4954190959305212,0,0.5,1,0.68,1,3,0.42020744639996155
714,0.4,0.7407407407407407,0.5,,0.6909090909090909,0.5060772215409792,0.5060772215409792,0.0,0.6666666666666666,0.3333333333333333,0.38526995888319626,0.995049504950495,0.9999888911225333,0.0,0.9966996699669967,1.0,0.6667263157933581,0.6667343935502071,0.6667428855662942,1,0.6,1,1.0,0,0.003276290797444719,0,0.49392405345808993,0,0.5,1,0.82,1,3,0.4304666092907442
715,0.5,0.4444444444444444,0.5,,0.9454545454545454,0.49392251903188433,0.49392251903188433,0.0,0.6666666666666666,0.3333333333333333,0.4898504318742819,0.9966996699669967,0.9999984507938848,0.0033003300330033004,0.9966996699669967,1.0,0.6666739353082513,0.6666767155590914,0.6666782973149145,0,0.4,1,1.0,0,0.0016235920372465718,1,0.5033304303216946,1,0.4866338359829972,1,0.5,0,2,0.5180686902763436
716,0.5,0.7037037037037037,0.5,,0.2727272727272727,0.50607091058305,0.50607091058305,0.0,0.6666666666666666,0.6666666666666666,0.5000815482863701,0.9983498349834984,0.999800145076503,0.0049504950495049506,0.9983498349834984,1.0,0.6678906491429626,0.6680757095462847,0.6685956918564255,1,0.6,0,0.0,1,0.998582860272307,1,0.502179776287201,0,0.512021705016473,0,0.45,1,3,0.4895359430706697
717,0.4,0.5555555555555556,0.5,,0.12727272727272726,0.493939996095223,0.493939996095223,0.0,0.6666666666666666,0.0,0.41662850209059277,0.9900990099009901,0.9994698924850572,0.0,0.9966996699669967,1.0,0.6690943295192924,0.6701104186874722,0.6707014535336407,1,0.8,1,1.0,1,0.9984429872248083,1,0.5136492605370071,1,0.5124323427781563,1,0.68,0,0,0.24924590157667137
718,0.8,0.4444444444444444,0.5,,0.9454545454545454,0.49392253075243353,0.49392253075243353,0.0,0.6666666666666666,0.5,0.5630276138376376,0.9983498349834984,0.9999983996054015,0.0016501650165016502,0.9983498349834984,1.0,0.6666745760999155,0.6666793603443542,0.6666816812165801,0,0.2,1,1.0,1,0.9967289588097887,1,0.5062731099718252,1,0.5,0,0.44,0,2,0.3928329885363977
719,0.4,0.4444444444444444,0.5,,0.9454545454545454,0.493922524665104,0.493922524665104,0.0,0.6666666666666666,0.0,0.42839626366054306,0.9917491749174917,0.9999979484625245,0.0,0.9966996699669967,1.0,0.6666749757983872,0.6666778956503474,0.6666797438172982,1,0.8,0,0.0,1,0.9994196040369452,1,0.5070616666213323,1,0.4947173655637933,1,0.66,0,1,0.4231335606296548
720,0.3,0.2962962962962963,0.5,,0.4727272727272727,0.49392508088576215,0.49392508088576215,0.0,0.6666666666666666,0.0,0.49166048862155676,0.9966996699669967,0.9999117529617809,0.0,1.0,1.0,0.6670221053591845,0.6672342318762307,0.667345022285495,1,0.8,0,0.0,1,0.9986963718938104,1,0.5152097972977874,1,0.5201005886543029,1,0.54,0,1,0.4376655403590165
721,0.6,0.8148148148148149,0.5,,0.6363636363636364,0.5060771408493019,0.5060771408493019,0.0,0.6666666666666666,0.0,0.4981822042011429,0.9966996699669967,0.9999893356997662,0.0033003300330033004,1.0,1.0,0.6667400987990789,0.666752450366339,0.6667766755013124,0,0.4,0,0.0,1,0.9983886666609577,0,0.4964895289395251,0,0.5132939789881207,0,0.26,1,5,0.5553046375685662
722,0.4,0.6296296296296297,0.5,,0.9818181818181818,0.5060775209991171,0.5060775209991171,0.0,0.6666666666666666,0.0,0.49522005490366305,0.995049504950495,0.9999990114766408,0.0,1.0,1.0,0.6666668903148136,0.6666676853216663,0.6666698653988861,1,0.6,0,0.0,0,2.210749376019251e-05,0,0.49005171633877737,0,0.48655886529183523,0,0.47,1,5,0.6588945518126046
723,0.6,0.5925925925925926,0.5,,0.8909090909090909,0.493922507004094,0.493922507004094,0.0,0.6666666666666666,0.0,0.48489187909669984,0.9966996699669967,0.9999982378847982,0.0,1.0,1.0,0.6666701198775118,0.6666740105115035,0.6666759046275935,1,0.6,0,0.0,1,0.998738835475621,1,0.5120077476746557,1,0.5215993335708001,1,0.63,0,1,0.45627568054648726
724,0.5,0.5555555555555556,0.5,,0.03636363636363636,0.49395118568904794,0.49395118568904794,0.0,0.6666666666666666,0.0,0.46545888028063864,0.995049504950495,0.9987591498331738,0.0,1.0,1.0,0.6694362802671217,0.6719576128232118,0.6730203282786019,1,0.8,1,1.0,0,0.0010037441617196925,1,0.5429150852094903,1,0.49120079552152984,1,0.75,0,1,0.4024800625178767
725,0.6,0.7407407407407407,0.5,,0.10909090909090909,0.49396195155767364,0.49396195155767364,0.0,0.6666666666666666,1.0,0.5341326853222719,0.9983498349834984,0.9987562145890502,0.0,1.0,1.0,0.6706173462502273,0.6736172572841109,0.6750003245677713,1,0.6,0,0.0,1,0.9992858730459117,1,0.5167803769649071,1,0.5,0,0.41,0,2,0.4956556249981968
726,0.6,0.6666666666666667,0.5,,0.12727272727272726,0.5104173373729559,0.5104173373729559,0.0,0.6666666666666666,1.0,0.5703877336919133,0.9983498349834984,0.9848467858104203,0.0,1.0,1.0,0.7377387402617346,0.7642905770830555,0.7795225199048618,0,0.2,1,1.0,0,0.10530883161907267,0,0.3802644198084819,0,0.46280728819342387,0,0.3,0,5,0.591936576729837
727,0.5,0.962962962962963,0.5,,0.09090909090909091,0.4893509039231192,0.4893509039231192,0.0,0.6666666666666666,0.0,0.48195176782646787,0.9966996699669967,0.9828188643586766,0.0,1.0,1.0,0.7529437877414278,0.7680419975912386,0.8053336618425927,0,0.4,0,0.0,1,0.9483962762606134,1,0.7873828383880069,0,0.5,0,0.21,1,4,0.5257034808918966
728,0.9,0.5555555555555556,0.5,,0.03636363636363636,0.49395768064643275,0.49395768064643275,0.0,0.6666666666666666,1.0,0.6106754930396523,0.9983498349834984,0.9993373750674504,0.013201320132013201,1.0,1.0,0.6718064742692988,0.6729298001675454,0.6738345486198771,0,0.2,0,0.0,1,0.9999742060512851,1,0.525611132443168,1,0.5129598045273691,0,0.21,0,3,0.5919091428296963
729,0.4,0.11111111111111116,0.5,,0.18181818181818182,0.5060293350124179,0.5060293350124179,0.0,0.6666666666666666,0.0,0.45120763334040204,0.995049504950495,0.9983558071039125,0.0,1.0,1.0,0.6730791592813206,0.6748682013058617,0.6782387231342569,0,0.4,0,0.0,0,2.7411178885659126e-05,1,0.5110239591945744,0,0.4874649543661168,1,0.59,1,4,0.668580612543404
730,0.6,0.6296296296296297,0.5,,0.09090909090909091,0.492335509280721,0.492335509280721,0.0,0.6666666666666666,0.0,0.4990667231955782,0.9966996699669967,0.9862423035853772,0.0,1.0,1.0,0.7375545355749219,0.7497699681775656,0.780712731906814,1,0.6,1,1.0,1,0.5735505139030204,1,0.781975835838386,0,0.5,0,0.39,1,2,0.3590789417097656
731,0.7,0.5925925925925926,0.5,,0.4727272727272727,0.5060749731183607,0.5060749731183607,0.0,0.6666666666666666,0.0,0.48003571091520236,0.9966996699669967,0.9998942872692359,0.0,1.0,1.0,0.6671321424305569,0.6672328033876217,0.6675061876518145,0,0.2,0,0.0,0,0.0005876437695822283,0,0.49488015087447773,0,0.5052397931777042,0,0.35,1,6,0.7415487353630392
732,0.6,0.6296296296296297,0.5,,0.9454545454545454,0.5060775174069829,0.5060775174069829,0.0,0.6666666666666666,0.0,0.4728263789669003,0.995049504950495,0.9999990103567667,0.0,1.0,1.0,0.6666677865911502,0.6666685761702017,0.666670252909609,1,0.6,1,1.0,0,0.0032700286470731905,0,0.4937653674800337,0,0.5,1,0.64,1,3,0.46049410064548213
733,0.5,0.6296296296296297,0.5,,0.9818181818181818,0.506077519381071,0.506077519381071,0.0,0.6666666666666666,0.0,0.4562852313580936,0.9966996699669967,0.9999991971814935,0.0,1.0,1.0,0.6666672832714956,0.6666680005404519,0.6666695061007392,0,0.4,1,1.0,0,2.2107603994396158e-05,0,0.4900422732145542,0,0.48655881904137893,1,0.55,1,4,0.5122294666900122
734,0.4,0.6296296296296297,0.5,,0.6181818181818182,0.5060769629884329,0.5060769629884329,0.0,0.6666666666666666,1.0,0.5322472713830498,0.9983498349834984,0.999980026502752,0.0,1.0,1.0,0.6667741463866234,0.666791532791277,0.6668431239515068,1,0.6,1,1.0,1,0.9983949773032476,0,0.49620541675206475,0,0.5132574903394337,0,0.49,1,3,0.31702368593420893
735,0.6,0.7407407407407407,0.5,,0.34545454545454546,0.506073124457582,0.506073124457582,0.0,0.6666666666666666,0.0,0.48374224407556254,0.9966996699669967,0.999894324469543,0.0033003300330033004,1.0,1.0,0.6675092526587939,0.6676172646169359,0.6677965174910501,0,0.4,1,1.0,0,0.003363232116492572,0,0.4959547784263302,0,0.5,1,0.54,1,4,0.5101136649095295
736,0.5,0.7407407407407407,0.5,,0.16363636363636364,0.4939389961118281,0.4939389961118281,0.0,0.6666666666666666,0.0,0.4838056890953476,0.995049504950495,0.9992747496414862,0.0,1.0,1.0,0.668702541487178,0.6699691640545388,0.6705978457976952,1,0.8,0,0.0,1,0.9999764311051673,1,0.5200222712438216,1,0.5131759245596367,0,0.46,0,2,0.4511375621818957
737,0.5,1.0,0.5,,0.16363636363636364,0.4916560772110914,0.4916560772110914,0.0,0.6666666666666666,1.0,0.502865005907565,0.9983498349834984,0.9824344716629442,0.0,1.0,1.0,0.7353612605900882,0.7523153086536454,0.7930898849050985,0,0.2,0,0.0,1,0.6738172998443205,1,0.8059085437731259,0,0.5,0,0.18,1,4,0.6067123593970922
738,0.5,0.962962962962963,0.5,,0.2909090909090909,0.5060708766038877,0.5060708766038877,0.0,0.6666666666666666,0.0,0.47724058961562377,0.995049504950495,0.9997127051237047,0.0,1.0,1.0,0.6677996034434346,0.6680848834690787,0.6686702701449175,0,0.2,1,1.0,0,0.0013719284705477096,0,0.49806849195397823,0,0.4822548357687835,0,0.46,1,5,0.559717457301115
739,0.6,0.6296296296296297,0.5,,0.9818181818181818,0.5060775180383008,0.5060775180383008,0.0,0.6666666666666666,0.6666666666666666,0.4312604474121102,0.9966996699669967,0.9999994332749147,0.0049504950495049506,0.9966996699669967,1.0,0.6666679977887982,0.6666683269632228,0.666668844945146,0,0.4,0,0.0,0,0.0005802706983418887,0,0.49297401101982286,0,0.5052833221091403,1,0.63,1,5,0.6618603993621159
740,0.5,0.4444444444444444,0.5,,0.21818181818181817,0.4963218949510144,0.4963218949510144,0.0,0.6666666666666666,0.3333333333333333,0.42478684320539273,0.995049504950495,0.9930966750150712,0.0016501650165016502,0.9966996699669967,1.0,0.7087543712519228,0.717994703139577,0.7238045140192856,1,0.6,0,0.0,0,0.0006368307224243616,1,0.5813630439081003,1,0.5,1,0.57,0,2,0.6246666875615792
741,0.3,0.0,0.5,,0.5454545454545454,0.49392396864077637,0.49392396864077637,0.0,0.6666666666666666,0.3333333333333333,0.5669107958974038,0.9983498349834984,0.9999572549239427,0.0016501650165016502,0.9900990099009901,1.0,0.6669015109533346,0.6669972340309519,0.6670472585259968,0,0.4,1,1.0,1,0.9987146556393541,1,0.5122752278375504,1,0.5207286298317492,1,0.78,0,1,0.2980469144485577
742,0.6,0.7407407407407407,0.5,,0.6909090909090909,0.5060771946736453,0.5060771946736453,0.0,0.6666666666666666,1.0,0.5116127932194692,0.9983498349834984,0.999988697836841,0.0,1.0,1.0,0.6667297806077349,0.6667405994314706,0.6667631184239653,0,0.4,1,1.0,0,0.0012661066956781558,0,0.48831669346929707,0,0.4785823443566614,1,0.54,1,4,0.515305809246394
743,0.5,0.5555555555555556,0.5,,0.14545454545454545,0.5058895481804749,0.5058895481804749,0.0,0.6666666666666666,0.0,0.4687292807987963,0.9933993399339934,0.9965719583912591,0.0,1.0,1.0,0.6831220639996561,0.686443137470483,0.6931089672870907,1,0.6,1,1.0,1,0.9995576264257285,1,0.5740656057001148,0,0.5,1,0.65,1,1,0.27939612797902613
744,0.5,0.5925925925925926,0.5,,0.5818181818181818,0.4939231221450062,0.4939231221450062,0.0,0.6666666666666666,0.0,0.48508408723926544,0.9966996699669967,0.9999708680618071,0.0,0.9983498349834984,1.0,0.66674141950034,0.6668107779062159,0.6668366373709377,0,0.4,1,1.0,1,0.998728713486089,1,0.5130271661137058,1,0.5212331730991272,0,0.45,0,2,0.35283515788351294
745,0.5,0.8148148148148149,0.5,,0.8545454545454545,0.5060774479711498,0.5060774479711498,0.0,0.6666666666666666,0.5,0.5972795081182132,0.9983498349834984,0.9999986903860414,0.0049504950495049506,0.9966996699669967,1.0,0.6666821138782586,0.6666839430842684,0.6666856779562849,1,0.6,0,0.0,0,2.2112687832156576e-05,0,0.4900447077029965,0,0.48656080885904873,1,0.51,1,4,0.6522287284583539
746,0.5,0.7407407407407407,0.5,,0.32727272727272727,0.4939272409073181,0.4939272409073181,0.0,0.6666666666666666,0.7142857142857143,0.49799200690544776,0.9966996699669967,0.9998952528473829,0.013201320132013201,0.9933993399339934,1.0,0.6675871230541864,0.667692638460287,0.667782943375344,1,0.8,1,1.0,1,0.9986600412205386,1,0.513121371035237,1,0.5188551949013689,1,0.67,0,0,0.24989389880714252
747,0.6,0.5925925925925926,0.5,,0.2727272727272727,0.506069549790054,0.506069549790054,0.0,0.6666666666666666,0.0,0.47977919157317206,0.9966996699669967,0.9998085830647517,0.0,0.9983498349834984,1.0,0.668152322613741,0.6683467118467763,0.6686129080749394,1,0.6,0,0.0,0,0.0013939666744286286,0,0.4898741205408973,0,0.48290740120695236,0,0.45,1,5,0.6626374185962869
748,0.2,0.7777777777777778,0.5,,0.509090909090909,0.5060756588551302,0.5060756588551302,0.0,0.6666666666666666,0.0,0.4818195025661639,0.9917491749174917,0.9999373854185666,0.0,0.9983498349834984,1.0,0.6670076806748407,0.6670767754730446,0.6671885789518137,1,1.0,0,0.0,0,2.2246714707258464e-05,0,0.49151311586354723,0,0.48661692884482455,1,0.74,1,4,0.5469746180961534
749,0.4,0.5925925925925926,0.5,,0.18181818181818182,0.5046895056721488,0.5046895056721488,0.0,0.6666666666666666,0.4,0.5089352188161904,0.9983498349834984,0.9964208631177225,0.006600660066006601,0.9867986798679867,1.0,0.7063447370323005,0.7106351988526327,0.7171963811383155,1,0.8,0,0.0,1,0.9995455842746027,1,0.5404239842486289,0,0.5,1,0.59,1,2,0.4283384052461281
750,0.4,0.7037037037037037,0.5,,0.9090909090909091,0.49392249175769076,0.49392249175769076,0.0,0.6666666666666666,0.5,0.5066507318522533,0.9983498349834984,0.9999987266081684,0.0,0.9983498349834984,1.0,0.666667453425964,0.6666706222785695,0.6666719602275983,1,0.8,0,0.0,1,0.9999778916286697,1,0.5099926499458466,1,0.5134409705764195,1,0.51,0,1,0.4444314146415107
751,0.3,0.6296296296296297,0.5,,0.09090909090909091,0.4965686053293673,0.4965686053293673,0.0,0.6666666666666666,1.0,0.50971032574916,0.9983498349834984,0.9855345418883142,0.0,1.0,1.0,0.7252728361482245,0.7391790471503568,0.7787712929409824,0,0.4,1,1.0,0,0.050726629291311554,1,0.7521802522081895,0,0.5089426476118001,1,0.62,1,3,0.4446917451481165
752,0.5,0.8148148148148149,0.5,,0.7272727272727273,0.4939226657497069,0.4939226657497069,0.0,0.6666666666666666,1.0,0.5207242205005416,0.9983498349834984,0.9999897620255154,0.0,1.0,1.0,0.6666850696343808,0.6667091164510953,0.6667180860327732,0,0.4,0,0.0,1,0.999977878991705,1,0.5101670461234185,1,0.5134377523173212,0,0.43,0,3,0.5244028870945925
753,0.6,0.5925925925925926,0.5,,0.8363636363636363,0.5060774217640371,0.5060774217640371,0.0,0.6666666666666666,0.25,0.5000141319542153,0.9983498349834984,0.9999971141584928,0.0049504950495049506,0.9933993399339934,1.0,0.6666869323190815,0.6666897625484455,0.6666946167748501,0,0.4,1,1.0,0,0.0032720517674985914,0,0.493761668043542,0,0.5,1,0.54,1,4,0.5104943800314932
754,0.3,0.11111111111111116,0.5,,0.18181818181818182,0.506010838891761,0.506010838891761,0.0,0.6666666666666666,0.25,0.4993955886038265,0.9966996699669967,0.998619042458951,0.0033003300330033004,0.9900990099009901,1.0,0.6758008691414378,0.6770196934488288,0.6786386653203962,1,0.6,1,1.0,0,0.004709943414100989,1,0.517252007244649,0,0.5,1,0.7,1,2,0.4463396748902083
755,0.3,0.5555555555555556,0.5,,0.12727272727272726,0.49394066906954215,0.49394066906954215,0.0,0.6666666666666666,0.0,0.3771085841160946,0.9917491749174917,0.9994640210544492,0.0,0.9966996699669967,1.0,0.6694608443206698,0.6702232568202635,0.6708390664193111,1,0.8,1,1.0,0,0.0011630145449486198,1,0.508853408810727,1,0.48987138526849583,1,0.65,0,1,0.4250186985626381
756,0.6,0.8148148148148149,0.5,,0.21818181818181817,0.4939332049185893,0.4939332049185893,0.0,0.6666666666666666,1.0,0.5285665627724895,0.9983498349834984,0.9996357107979715,0.0,0.9983498349834984,1.0,0.6680910468248284,0.6689130690480347,0.6693057928494812,1,0.6,0,0.0,0,0.0013106043252256235,1,0.5108706350981311,1,0.4887039485167368,0,0.36,0,3,0.6731858020099843
757,0.4,0.6666666666666667,0.5,,0.9818181818181818,0.4939224762150214,0.4939224762150214,0.0,0.6666666666666666,1.0,0.5066826427261122,0.9983498349834984,0.9999991759872279,0.0,1.0,0.86,0.66666487325243,0.6666669214353175,0.6666678060227423,0,0.4,0,0.0,1,0.9967300997048134,1,0.5062734734205754,1,0.5,0,0.3,0,3,0.549499404479102
758,0.4,0.40740740740740744,0.5,,0.18181818181818182,0.4942324405619234,0.4942324405619234,0.0,0.6666666666666666,0.0,0.44087326876925326,0.9933993399339934,0.9940657589188925,0.0,1.0,1.0,0.6795983494197398,0.6921671734734065,0.6981898184759108,1,0.8,1,1.0,0,0.0003903874947034711,1,0.6040285505777283,1,0.5,1,0.82,0,1,0.3792635103212614
759,0.6,0.4444444444444444,0.5,,0.9454545454545454,0.49392252777919676,0.49392252777919676,0.0,0.6666666666666666,0.0,0.4934533930019577,0.995049504950495,0.999997472358599,0.0,1.0,1.0,0.6666728383129165,0.6666787337434426,0.6666816461061449,1,0.6,1,1.0,1,0.9967290224465536,1,0.5063063071452765,1,0.5,1,0.61,0,0,0.29782744506802816
760,0.6,0.5925925925925926,0.5,,0.8363636363636363,0.5060774228134086,0.5060774228134086,0.0,0.6666666666666666,0.0,0.4957262006278125,0.9966996699669967,0.9999970642329891,0.0033003300330033004,0.995049504950495,1.0,0.6666866092162815,0.6666897807589113,0.6666955515630406,1,0.6,0,0.0,1,0.9983785332826115,0,0.4967049257869207,0,0.5133535511054298,1,0.63,1,3,0.46026049830417304
761,0.4,1.0,0.5,,0.9818181818181818,0.4939225237864293,0.4939225237864293,0.0,0.6666666666666666,0.0,0.47694122946547035,0.9966996699669967,0.9999977777023096,0.0,1.0,1.0,0.6666725956227675,0.6666778411499763,0.6666802338287587,1,0.6,0,0.0,0,0.0016234158578984415,1,0.5032854918609084,1,0.48663517186002797,1,0.53,0,2,0.6464093200701941
762,0.6,0.7037037037037037,0.5,,0.9090909090909091,0.4939224953829806,0.4939224953829806,0.0,0.6666666666666666,1.0,0.5231817914446755,0.9983498349834984,0.9999986872684681,0.0,1.0,1.0,0.6666688935099795,0.6666714307279539,0.6666728957648841,1,0.6,0,0.0,1,0.9987390276460578,1,0.5119974508683831,1,0.5216061690858722,1,0.58,0,1,0.46460955873328114
763,0.5,0.5925925925925926,0.5,,0.18181818181818182,0.5040778870442639,0.5040778870442639,0.0,0.6666666666666666,0.0,0.4178762163108486,0.995049504950495,0.990508355272092,0.0,0.9966996699669967,1.0,0.7059236284680802,0.7151458081558998,0.7386100578142212,1,0.6,0,0.0,0,0.0010933103578644751,1,0.6108355875299564,0,0.49114682211422445,1,0.69,1,3,0.6011540466663259
764,0.5,0.7037037037037037,0.5,,0.9090909090909091,0.4939224900033665,0.4939224900033665,0.0,0.6666666666666666,0.5,0.49209764482030294,0.9966996699669967,0.9999987186363477,0.0,0.9983498349834984,1.0,0.6666677445140934,0.6666701203028639,0.6666712898431125,0,0.4,1,1.0,0,0.0016246502208185495,1,0.5033671779260152,1,0.48662733987833495,0,0.41,0,3,0.5330634719958052
765,0.3,0.5925925925925926,0.5,,0.6727272727272727,0.4939228273086145,0.4939228273086145,0.0,0.6666666666666666,0.0,0.4902267323257471,0.9966996699669967,0.9999848639417238,0.0,1.0,1.0,0.6667073050201624,0.66674510555214,0.666760665486295,1,0.6,1,1.0,1,0.9967226719127834,1,0.5066605632663791,1,0.5,1,0.67,0,0,0.287769460803473
766,0.5,0.7777777777777778,0.5,,0.509090909090909,0.5060757904704953,0.5060757904704953,0.0,0.6666666666666666,0.0,0.48908705494321814,0.9966996699669967,0.9999643447857788,0.0016501650165016502,0.995049504950495,1.0,0.6670024834405819,0.6670498050550645,0.6671144677350072,1,0.6,1,1.0,0,0.0012894028849481309,0,0.4892264299072048,0,0.4794204541276922,1,0.56,1,3,0.4783439521800258
767,0.5,0.5185185185185186,0.5,,0.8909090909090909,0.5060775041035495,0.5060775041035495,0.0,0.6666666666666666,0.3333333333333333,0.5243472374286988,0.9983498349834984,0.999999109015497,0.0016501650165016502,0.995049504950495,1.0,0.6666707296314003,0.6666715235215651,0.6666728955467368,1,0.6,1,1.0,0,0.0012609800225696802,0,0.4880267384595825,0,0.4783941956471757,1,0.65,1,3,0.4637196809784454
768,0.3,0.6296296296296297,0.5,,0.9818181818181818,0.506077520873881,0.506077520873881,0.0,0.6666666666666666,0.0,0.44554488179384555,0.9966996699669967,0.9999991734050898,0.0,0.9966996699669967,1.0,0.6666670257744848,0.6666676736008448,0.6666689031548881,1,0.8,0,0.0,1,0.9983749478410238,0,0.4966795290536991,0,0.5133748765176728,1,0.72,1,3,0.41192844109793414
769,0.5,0.2962962962962963,0.5,,0.4727272727272727,0.49392481100843666,0.49392481100843666,0.0,0.6666666666666666,0.6666666666666666,0.5669030782151772,0.9983498349834984,0.9999273617795,0.0033003300330033004,1.0,1.0,0.6670494327723846,0.6671777521453572,0.6672423258610773,0,0.4,0,0.0,1,0.9987005833883847,1,0.5120648160532022,1,0.5202369177362688,1,0.62,0,2,0.49149961380369067
770,0.6,0.8148148148148149,0.5,,0.21818181818181817,0.4939320948117052,0.4939320948117052,0.0,0.6666666666666666,1.0,0.5175741682972903,0.9983498349834984,0.9997951380172291,0.0016501650165016502,1.0,1.0,0.6681801412132666,0.6686392023866847,0.6689435731666398,0,0.4,1,1.0,1,0.9999770759727803,1,0.5171930814195607,1,0.5132484317050691,0,0.46,0,2,0.35159690181709835
771,0.6,0.5925925925925926,0.5,,0.6727272727272727,0.4939228743244545,0.4939228743244545,0.0,0.6666666666666666,0.2,0.4756901813298956,0.995049504950495,0.9999893619291624,0.0049504950495049506,0.9933993399339934,1.0,0.6667445317751238,0.6667553141089015,0.6667653876096372,1,0.6,1,1.0,1,0.9994185815466126,1,0.5070933694986428,1,0.49472316569621283,1,0.57,0,0,0.3047941472097553
772,0.7,0.8888888888888888,0.5,,0.18181818181818182,0.5114648939554968,0.5114648939554968,0.0,0.6666666666666666,0.0,0.44823342588358916,0.995049504950495,0.9379377056714346,0.0,1.0,1.0,0.8425198511226798,0.910891248944911,0.9988786725472484,1,0.6,1,1.0,0,9.185202873081683e-27,1,0.9533607871485705,0,0.4398359110638459,1,0.54,0,2,0.4111338836312638
773,0.6,1.0,0.5,,0.21818181818181817,0.5114648853268873,0.5114648853268873,0.0,0.6666666666666666,0.0,0.46794178202692904,0.9966996699669967,0.97441335306924,0.0033003300330033004,0.9966996699669967,1.0,0.8005140158217885,0.8630229031383648,0.9035354563824622,0,0.4,0,0.0,0,6.515247589565659e-09,1,0.6683810488004267,0,0.45427543865418185,0,0.27,0,5,0.7012239176716906
774,0.4,0.6296296296296297,0.5,,0.6,0.5060768302205781,0.5060768302205781,0.0,0.6666666666666666,0.5,0.4806969226881793,0.9966996699669967,0.9999779025189371,0.0016501650165016502,0.9983498349834984,1.0,0.6668010316839813,0.6668211423773974,0.6668552457412842,1,0.6,1,1.0,0,0.0005822656188869247,0,0.49340552816079347,0,0.5052713911360712,0,0.36,1,4,0.5067901358473748
775,0.6,0.2962962962962963,0.5,,0.8363636363636363,0.49392261888401556,0.49392261888401556,0.0,0.6666666666666666,0.5,0.4456783766288621,0.9966996699669967,0.9999958119843853,0.0033003300330033004,0.995049504950495,1.0,0.6666957675948233,0.6666988299195876,0.6667020245889032,1,0.8,1,1.0,1,0.9967270930416116,1,0.5062905278793004,1,0.5,1,0.57,0,0,0.2711637298465147
776,0.6,0.5185185185185186,0.5,,0.8909090909090909,0.5060774989743742,0.5060774989743742,0.0,0.6666666666666666,0.0,0.4886366292351896,0.995049504950495,0.9999978630904623,0.0,1.0,1.0,0.6666711634274797,0.6666728033911711,0.6666760923117564,0,0.4,0,0.0,1,0.9983757616275244,0,0.4967506744551504,0,0.5133697125314527,0,0.46,1,5,0.5219173085643121
777,0.6,1.0,0.5,,0.9454545454545454,0.49392248769012326,0.49392248769012326,0.0,0.6666666666666666,0.0,0.45475908877886884,0.9966996699669967,0.9999986995296704,0.0,1.0,0.99,0.6666663839547241,0.666669666967964,0.6666708133499326,0,0.2,1,1.0,0,0.0016247305821827302,1,0.5033693093306947,1,0.48662692001293684,0,0.38,0,3,0.571396506679031
778,0.4,0.40740740740740744,0.5,,0.18181818181818182,0.4941689367543387,0.4941689367543387,0.0,0.6666666666666666,0.3333333333333333,0.4563801672483526,0.9933993399339934,0.996922696000497,0.0,0.9933993399339934,1.0,0.6862563735303665,0.6895502124095776,0.6923175279475053,1,0.6,1,1.0,0,0.0004057024516907405,1,0.5458048223399985,1,0.5,1,0.73,0,1,0.43729824586805177
779,0.5,0.8148148148148149,0.5,,0.21818181818181817,0.49393211906158163,0.49393211906158163,0.0,0.6666666666666666,0.5,0.5207879073198731,0.9983498349834984,0.9997168720185786,0.0,1.0,1.0,0.6681029653128872,0.6686925751606932,0.6690238426625507,1,0.6,0,0.0,1,0.9965252446689545,1,0.5051402400945377,1,0.5,0,0.41,0,2,0.4980557525394179
780,0.6,0.7777777777777778,0.5,,0.7090909090909091,0.5060773328417074,0.5060773328417074,0.0,0.6666666666666666,0.25,0.4750359815570334,0.9966996699669967,0.9999942702227785,0.0016501650165016502,0.9966996699669967,1.0,0.6667044752242384,0.6667096731725214,0.6667180050468089,0,0.4,1,1.0,0,0.0012638129154127805,0,0.48812674638223397,0,0.4784976897141503,1,0.7,1,4,0.4886852918313672
781,0.8,0.7037037037037037,0.5,,0.2,0.4939353538163689,0.4939353538163689,0.0,0.6666666666666666,1.0,0.508532162883059,0.9983498349834984,0.9995394962335555,0.0,1.0,1.0,0.6683006720865305,0.6693013698778367,0.6697741764007501,0,0.4,0,0.0,0,0.0012634445839405529,1,0.5152381933756527,1,0.48903423479419217,0,0.19,0,4,0.7340773545410357
782,0.5,0.8148148148148149,0.5,,0.2,0.49476128441192013,0.49476128441192013,0.0,0.6666666666666666,0.5,0.5547780256738395,0.9983498349834984,0.9952973421725679,0.0016501650165016502,0.9983498349834984,1.0,0.6976887048366941,0.7044128770887085,0.7090316897315319,1,0.6,1,1.0,1,0.9784187275143432,1,0.5499225237243082,1,0.5,1,0.53,0,0,0.3069431247935581
783,0.4,0.8888888888888888,0.5,,0.2727272727272727,0.49393142359068276,0.49393142359068276,0.0,0.6666666666666666,1.0,0.5333099407862317,0.9983498349834984,0.99966794097867,0.0,1.0,1.0,0.6676373487639506,0.6685488175484546,0.6689060375393467,1,0.6,0,0.0,0,0.0013552145999328104,1,0.5031656663362731,1,0.48842465813778957,0,0.49,0,3,0.652842410154334
784,0.6,0.6296296296296297,0.5,,0.16363636363636364,0.5114648939554968,0.5114648939554968,0.0,0.6666666666666666,0.6666666666666666,0.5193769885928246,0.9983498349834984,0.9559230229763642,0.0049504950495049506,0.9966996699669967,1.0,0.9130328174590052,0.9786479652466626,0.9999945743320253,0,0.2,1,1.0,1,1.0,1,0.8015625732186328,1,0.5065311149665854,0,0.43,0,2,0.34365105196913026
785,0.6,0.5555555555555556,0.5,,0.03636363636363636,0.49395489761730893,0.49395489761730893,0.0,0.6666666666666666,0.0,0.4945445599607661,0.9966996699669967,0.9986817060969837,0.0,1.0,1.0,0.6702216517353657,0.6725259394547659,0.674034428124342,0,0.2,1,1.0,1,0.9960334532343785,1,0.5596473014621264,1,0.5,0,0.43,0,2,0.3857198742172492
786,0.6,0.4814814814814815,0.5,,0.5272727272727272,0.49392355167336977,0.49392355167336977,0.0,0.6666666666666666,1.0,0.5718250267182765,0.9983498349834984,0.9999786667618306,0.01155115511551155,0.9983498349834984,1.0,0.6668767271619458,0.6669052375718365,0.6669312662666167,0,0.4,0,0.0,1,0.9999778147134257,1,0.5102131840478618,1,0.5134143956512528,0,0.29,0,3,0.5477324342645766
787,0.5,1.0,0.5,,0.32727272727272727,0.4939280852852148,0.4939280852852148,0.0,0.6666666666666666,1.0,0.5046108138304336,0.9983498349834984,0.9997480873080185,0.0,1.0,1.0,0.6672584297134386,0.667880757774259,0.6681897881575164,0,0.4,0,0.0,1,0.9966114821265483,1,0.514190989603807,1,0.5,0,0.39,0,3,0.5331995880449407
788,0.7,0.8148148148148149,0.5,,0.12727272727272726,0.5060599190171482,0.5060599190171482,0.0,0.6666666666666666,1.0,0.516080016410102,0.9983498349834984,0.9995255497021834,0.0,1.0,1.0,0.669713875440644,0.6701936801718251,0.6714782621074453,0,0.0,0,0.0,0,0.000635269764165012,1,0.5039478228947434,0,0.5050363959016146,0,0.2,1,5,0.7983967519065795
789,0.3,0.4444444444444444,0.5,,0.09090909090909091,0.4885466913478913,0.4885466913478913,0.0,0.6666666666666666,0.0,0.45568263734063474,0.9917491749174917,0.9811424407344292,0.0,1.0,1.0,0.7804373722390013,0.8044656873870839,0.8360878406026875,1,0.8,1,1.0,1,0.99992554743365,1,0.5462181256256559,1,0.5626123544228476,1,0.69,1,0,0.23354066208630775
790,0.6,1.0,0.5,,0.10909090909090909,0.4939463858796813,0.4939463858796813,0.0,0.6666666666666666,0.3333333333333333,0.6244289984774543,0.9983498349834984,0.9995311123484242,0.0049504950495049506,0.9966996699669967,1.0,0.670400098766703,0.6712478497265048,0.6718970152836655,0,0.0,0,0.0,0,0.0010666479194544238,1,0.5177485807316234,1,0.4907262345399371,0,0.03,0,4,0.8267430894681642
791,0.4,0.11111111111111116,0.5,,0.18181818181818182,0.5060173975263328,0.5060173975263328,0.0,0.6666666666666666,0.0,0.40219615996106683,0.9933993399339934,0.997808242979278,0.0,0.9966996699669967,1.0,0.6747233352684916,0.6762400158327649,0.6789761071051894,1,0.6,1,1.0,0,0.004571986718188134,1,0.5433084750710512,0,0.5,1,0.69,1,2,0.4436865897017934
792,0.5,0.6666666666666667,0.5,,0.8363636363636363,0.49392257549874585,0.49392257549874585,0.0,0.6666666666666666,0.0,0.49367252604276735,0.9966996699669967,0.999996508582123,0.0016501650165016502,0.9983498349834984,1.0,0.666682824078124,0.666689190107564,0.6666938342507457,0,0.2,1,1.0,0,0.0016215450910956896,1,0.5034211384098959,1,0.4866455989201334,0,0.44,0,3,0.5613852862631459
793,0.3,0.4444444444444444,0.5,,0.09090909090909091,0.4885523904737179,0.4885523904737179,0.0,0.6666666666666666,0.0,0.4635024179767169,0.995049504950495,0.9804374422118398,0.0,1.0,1.0,0.7721763628787913,0.8004352078782275,0.8579693354149803,1,0.6,1,1.0,1,0.9979410899162378,1,0.8558996615299318,1,0.5107892269742906,1,0.72,1,0,0.21922833692992338
794,0.3,0.7037037037037037,0.5,,0.6909090909090909,0.49392270854989806,0.49392270854989806,0.0,0.6666666666666666,0.0,0.4664629966682816,0.9933993399339934,0.9999920198796269,0.0,0.9983498349834984,1.0,0.6667051180203294,0.6667182728643658,0.666724026513024,1,0.6,0,0.0,1,0.999419059796283,1,0.5072232649759633,1,0.4947203098831206,0,0.47,0,2,0.4881062275574388
795,0.6,0.5925925925925926,0.5,,0.18181818181818182,0.5048894375903419,0.5048894375903419,0.0,0.6666666666666666,0.5,0.4498279821031056,0.995049504950495,0.9950756249037739,0.00825082508250825,0.9917491749174917,1.0,0.7035259961742673,0.708659871754481,0.716297036812844,0,0.4,1,1.0,1,0.9995760655640897,1,0.5987844379389353,0,0.5,1,0.75,1,2,0.2919399160828292
796,0.5,0.5555555555555556,0.5,,0.4909090909090909,0.5060763090998375,0.5060763090998375,0.0,0.6666666666666666,1.0,0.5320089990313049,0.9983498349834984,0.9999490987154557,0.0,1.0,1.0,0.6668897301019653,0.6669462839237217,0.6671011326383158,0,0.2,1,1.0,0,2.2188678135293828e-05,0,0.491155237116826,0,0.486596579443158,0,0.35,1,5,0.5787043324603134
797,0.3,0.4444444444444444,0.5,,0.09090909090909091,0.48853566183576236,0.48853566183576236,0.0,0.6666666666666666,0.5,0.5195930076386794,0.9983498349834984,0.9718146861992624,0.0,0.9983498349834984,1.0,0.8002596188665906,0.8294136409939328,0.8944873037067222,1,0.6,1,1.0,1,0.9999487998468257,1,0.8587876461504073,1,0.5143521628878378,1,0.83,1,0,0.19948523185248812
798,0.3,0.962962962962963,0.5,,0.12727272727272726,0.4885503505897837,0.4885503505897837,0.0,0.6666666666666666,0.25,0.5157240275334753,0.9983498349834984,0.9879867154404938,0.0016501650165016502,0.9966996699669967,1.0,0.7862436806966245,0.8029569047421051,0.823598492393618,1,0.8,1,1.0,1,0.9998721540696475,1,0.6491555766766736,1,0.49101027179424567,1,0.83,1,0,0.2049936662432389
799,0.3,0.0,0.5,,0.5454545454545454,0.4939239343543814,0.4939239343543814,0.0,0.6666666666666666,0.0,0.49635791356620396,0.9966996699669967,0.9999432269876648,0.0,0.9917491749174917,1.0,0.6668837458830136,0.6669884395640056,0.6670334914244508,1,0.6,1,1.0,1,0.9987151009121022,1,0.5117197380609053,1,0.520746045038599,1,0.88,0,0,0.2481365193313989
800,0.4,0.4444444444444444,0.5,,0.9454545454545454,0.4939225198802253,0.4939225198802253,0.0,0.6666666666666666,0.0,0.4575283630249074,0.9966996699669967,0.9999977872572042,0.0,1.0,1.0,0.6666718020447882,0.6666764988934293,0.6666786188408413,0,0.2,1,1.0,0,0.001623603172799235,1,0.5033742730106737,1,0.48663346813603053,1,0.62,0,2,0.5313947759467494
801,0.5,0.6666666666666667,0.5,,0.2,0.5114648938408776,0.5114648938408776,0.0,0.6666666666666666,1.0,0.5331395507375043,0.9983498349834984,0.9552123383941238,0.0,1.0,1.0,0.8037200829855402,0.8962679643347202,0.9423252544907798,0,0.4,0,0.0,0,4.642037964993285e-09,1,0.7214852479332288,0,0.4892857404181681,0,0.43,0,5,0.6598715011677609
802,0.3,0.4444444444444444,0.5,,0.2545454545454545,0.5060638002304887,0.5060638002304887,0.0,0.6666666666666666,1.0,0.505412559937102,0.9983498349834984,0.9994677416361613,0.0,1.0,1.0,0.6688863784327765,0.6694422360275264,0.6706846619984405,1,0.6,1,1.0,0,2.3291457840540607e-05,0,0.4907156274594972,0,0.4868137164504047,1,0.59,1,3,0.472074560772043
803,0.4,0.6666666666666667,0.5,,0.07272727272727272,0.493950300949632,0.493950300949632,0.0,0.6666666666666666,1.0,0.5293595044208683,0.9983498349834984,0.9992940023909119,0.0,1.0,1.0,0.6703010574310738,0.6719082998925273,0.6727339053878849,1,0.8,0,0.0,1,0.9961354954577337,1,0.5108520569462054,1,0.5,1,0.58,0,1,0.43550207459934354
804,0.6,1.0,0.5,,0.6545454545454545,0.5060769807003029,0.5060769807003029,0.0,0.6666666666666666,1.0,0.509736467405155,0.9983498349834984,0.9999815895499626,0.0033003300330033004,1.0,1.0,0.666775150774788,0.6667879182827164,0.6668218257422356,0,0.4,0,0.0,0,2.2146226785084995e-05,0,0.4903647663425664,0,0.48657512049178686,0,0.46,1,6,0.693839661156477
805,0.7,1.0,0.5,,0.8363636363636363,0.5060773520523787,0.5060773520523787,0.0,0.6666666666666666,1.0,0.6331179977766923,0.9983498349834984,0.9999960874851086,0.006600660066006601,1.0,1.0,0.6667008885570449,0.6667051439536974,0.6667134267148295,0,0.2,0,0.0,0,0.0032735301637121738,0,0.4937389909904104,0,0.5,0,0.2,1,6,0.7671645798076463
806,0.6,0.8888888888888888,0.5,,0.12727272727272726,0.492532967439707,0.492532967439707,0.0,0.6666666666666666,0.8,0.5710467268957506,0.9983498349834984,0.9917786390513114,0.01155115511551155,0.9966996699669967,1.0,0.7392482914001614,0.7503307035294011,0.7691822206664845,1,0.6,1,1.0,1,0.8502616272413667,1,0.6668296324927818,1,0.5637295647956916,0,0.33,1,1,0.33152986257836004
807,0.4,0.5555555555555556,0.5,,0.9636363636363636,0.4939224852830446,0.4939224852830446,0.0,0.6666666666666666,0.0,0.4920088086639458,0.995049504950495,0.9999989483754307,0.0,1.0,0.99,0.6666665026979968,0.6666688593807154,0.6666697815741807,1,0.6,1,1.0,0,0.0016248525543896995,1,0.5033529198951201,1,0.48662620452407346,0,0.48,0,2,0.48806600383773613
808,0.6,0.7407407407407407,0.5,,0.6909090909090909,0.5060772390228099,0.5060772390228099,0.0,0.6666666666666666,0.0,0.3878616866838681,0.9966996699669967,0.9999891354135025,0.0,0.9983498349834984,1.0,0.6667232283321011,0.6667306177573018,0.6667425634224124,1,0.6,1,1.0,0,0.0012653710285380944,0,0.4881822355194947,0,0.4785539131745125,1,0.52,1,3,0.4853330800462424
809,0.2,0.4444444444444444,0.5,,0.9454545454545454,0.4939225222382121,0.4939225222382121,0.0,0.6666666666666666,0.0,0.4536473446957172,0.995049504950495,0.9999971923511745,0.0,0.9983498349834984,1.0,0.6666713749998878,0.6666773243486229,0.6666802327676682,1,1.0,1,1.0,1,0.9999778895035828,1,0.5100413633389422,1,0.5134405075430434,1,0.85,0,0,0.1877567066024053
810,0.5,0.5555555555555556,0.5,,0.03636363636363636,0.4939508656109888,0.4939508656109888,0.0,0.6666666666666666,0.0,0.490026911341797,0.995049504950495,0.9989556332890239,0.0,1.0,1.0,0.6696558510619386,0.6720025334189154,0.6731569107691757,0,0.4,1,1.0,1,0.9982515363074101,1,0.5109335123268417,1,0.507274388622357,0,0.41,0,2,0.36225676045723176
811,0.4,0.5555555555555556,0.5,,0.03636363636363636,0.4939502258396955,0.4939502258396955,0.0,0.6666666666666666,1.0,0.5010692709135843,0.9983498349834984,0.9992072232722878,0.0,1.0,1.0,0.6700423504974486,0.6717961992031374,0.6728291363444439,1,0.6,0,0.0,1,0.9961343847854057,1,0.5212090307258923,1,0.5,1,0.63,0,1,0.45877609741478365
812,0.5,0.4814814814814815,0.5,,0.18181818181818182,0.48853510604450323,0.48853510604450323,0.0,0.6666666666666666,0.0,0.4654052878369316,0.9966996699669967,0.9210632064764368,0.0,1.0,1.0,0.8386297885456814,0.9478268455800974,0.9987137475936587,1,0.8,0,0.0,0,2.2481459243363333e-21,1,0.9549816539070695,1,0.4928788921037056,1,0.51,1,2,0.5403565756648707
813,0.4,0.7407407407407407,0.5,,0.38181818181818183,0.506073674742191,0.506073674742191,0.0,0.6666666666666666,0.3333333333333333,0.4705995430827761,0.9966996699669967,0.9999069081611386,0.0049504950495049506,0.9933993399339934,1.0,0.6674045146140716,0.6675041379519439,0.667629470504061,1,0.8,1,1.0,0,2.2400882065899653e-05,0,0.4914251894338556,0,0.4866661324203273,1,0.67,1,3,0.42531437954395857
814,0.7,0.9259259259259259,0.5,,0.12727272727272726,0.48853510604450323,0.48853510604450323,0.0,0.6666666666666666,1.0,0.587619230060291,0.9983498349834984,0.9270882742480762,0.0033003300330033004,1.0,0.82,0.5564686398087876,0.6911723778581578,0.7823567408474934,0,0.4,0,0.0,0,7.600049366750805e-109,1,0.9993813203577293,0,0.5078665837993233,0,0.42,1,5,0.6121253493071579
815,0.6,0.7407407407407407,0.5,,0.34545454545454546,0.5060727997690511,0.5060727997690511,0.0,0.6666666666666666,0.0,0.44146715787686175,0.9966996699669967,0.9998270334928611,0.0,1.0,1.0,0.66754688907444,0.6676830601448546,0.6680678050476766,0,0.2,1,1.0,0,0.0005945384840283335,0,0.49807051747929937,0,0.5052022861508648,1,0.59,1,4,0.534355442980968
816,0.6,0.8148148148148149,0.5,,0.8545454545454545,0.5060774444090557,0.5060774444090557,0.0,0.6666666666666666,0.5,0.39192513241384186,0.9966996699669967,0.9999977509494582,0.0016501650165016502,0.9966996699669967,1.0,0.6666828799888234,0.6666847781793821,0.6666878283445626,1,0.6,0,0.0,1,0.9983777175117734,0,0.49671017911766546,0,0.5133582469421885,1,0.64,1,3,0.4585923094047287
817,0.7,0.7407407407407407,0.5,,0.38181818181818183,0.5060742679542437,0.5060742679542437,0.0,0.6666666666666666,0.3333333333333333,0.44593054042326896,0.9966996699669967,0.999907415108613,0.00825082508250825,0.9966996699669967,1.0,0.6672675164092279,0.6673916697797831,0.6675729105989271,0,0.2,1,1.0,0,0.000589806265034987,0,0.49401779904896026,0,0.5052289255626539,0,0.48,1,5,0.5533605781872253
818,0.4,0.7037037037037037,0.5,,0.9636363636363636,0.4939225407161175,0.4939225407161175,0.0,0.6666666666666666,0.0,0.37572140755304995,0.9966996699669967,0.9999974418026981,0.0,0.9966996699669967,1.0,0.6666765209208341,0.6666814419401021,0.6666836606408516,1,0.6,1,1.0,1,0.9987382759828568,1,0.5119740942889561,1,0.5215788198436804,1,0.64,0,0,0.28795146831408447
819,0.7,0.8518518518518519,0.5,,1.0,0.5060775222450096,0.5060775222450096,0.0,0.6666666666666666,1.0,0.5324429292631738,0.9983498349834984,0.9999990578191857,0.0,1.0,0.99,0.6666666275993729,0.6666674286505994,0.6666697830270378,0,0.4,0,0.0,0,2.2107457051757457e-05,0,0.49003522704481745,0,0.4865586466260663,0,0.25,1,6,0.7288973364786775
820,0.5,1.0,0.5,,0.07272727272727272,0.4939496091141822,0.4939496091141822,0.0,0.6666666666666666,1.0,0.5567756436529192,0.9983498349834984,0.9993334690545235,0.0,1.0,1.0,0.6701185127970104,0.6716813822802676,0.6724337784021857,0,0.4,1,1.0,1,0.9999752028143297,1,0.5179357726660274,1,0.512994721678557,0,0.48,0,2,0.34818238380684774
821,0.4,0.5925925925925926,0.5,,0.18181818181818182,0.5047066781232445,0.5047066781232445,0.0,0.6666666666666666,0.0,0.4192677943621794,0.9933993399339934,0.9950941679690465,0.0,0.9884488448844885,1.0,0.7056170205994928,0.7105006684952581,0.7165325836410361,1,0.8,1,1.0,0,0.009108652875628613,1,0.5621117756841939,0,0.5,1,0.71,1,2,0.40312992857336294
822,0.5,0.9259259259259259,0.5,,0.8545454545454545,0.49392258867146943,0.49392258867146943,0.0,0.6666666666666666,1.0,0.5349711410842217,0.9983498349834984,0.9999949923123974,0.0016501650165016502,1.0,1.0,0.6666816914879459,0.6666914834761138,0.6666962604940397,0,0.2,1,1.0,0,0.001621164726997412,1,0.5033399204341015,1,0.48664803624283975,1,0.55,0,2,0.5430651464326768
823,0.4,0.6296296296296297,0.5,,0.07272727272727272,0.5060537575119877,0.5060537575119877,0.0,0.6666666666666666,0.0,0.3558483191830354,0.995049504950495,0.9993534530267523,0.0,0.9983498349834984,1.0,0.6706645995517,0.6712145512024611,0.6720296020250925,1,0.8,1,1.0,1,0.9989301050930744,1,0.5064404160799525,0,0.5092371243418549,1,0.89,1,1,0.21589872574751967
824,0.6,0.8888888888888888,0.5,,0.23636363636363636,0.5058035811057396,0.5058035811057396,0.0,0.6666666666666666,0.0,0.4405480086152401,0.9966996699669967,0.9963499694028228,0.0,1.0,1.0,0.6872889243218503,0.6906573157624996,0.6967885316711662,1,0.6,0,0.0,0,0.007231685063841418,1,0.5778520201729237,1,0.534495170564109,0,0.46,1,3,0.6367368540331877
825,0.4,0.37037037037037035,0.5,,0.10909090909090909,0.5067901850522237,0.5067901850522237,0.0,0.6666666666666666,0.0,0.47558989100589466,0.9933993399339934,0.985698131629571,0.0,0.9966996699669967,1.0,0.7210618316059032,0.7488128058958288,0.7669634111965121,1,0.6,1,1.0,0,0.19114005072150986,1,0.6351661908304806,0,0.4378456585114895,1,0.73,0,2,0.4009746833227533
826,0.6,0.6296296296296297,0.5,,0.9454545454545454,0.5060775133487492,0.5060775133487492,0.0,0.6666666666666666,0.0,0.47744760860197644,0.995049504950495,0.9999986480264331,0.0,1.0,1.0,0.6666683107665332,0.6666694889840139,0.6666716036133594,1,0.6,0,0.0,0,2.210794433908316e-05,0,0.4900506835062232,0,0.48655916805322974,0,0.41,1,5,0.6688946734160346
827,0.5,0.7777777777777778,0.5,,0.5454545454545454,0.49392332918830095,0.49392332918830095,0.0,0.6666666666666666,0.0,0.48276252155931487,0.9966996699669967,0.9999731558728674,0.0,1.0,1.0,0.6668039937318176,0.6668570476407513,0.6668870212993255,0,0.4,0,0.0,1,0.9999778308973687,1,0.5100494858725271,1,0.5134159156965927,1,0.53,0,2,0.5077594612555851
828,0.4,0.5185185185185186,0.5,,0.8909090909090909,0.5060775074791185,0.5060775074791185,0.0,0.6666666666666666,0.0,0.4480080540303337,0.995049504950495,0.9999986189694752,0.0,0.9966996699669967,1.0,0.6666694610755216,0.6666706113609159,0.6666734405942911,1,0.8,1,1.0,0,2.210847976108896e-05,0,0.4900495661688137,0,0.486559312311261,1,0.75,1,3,0.41222816884002733
829,0.2,0.11111111111111116,0.5,,0.07272727272727272,0.5059679268912984,0.5059679268912984,0.0,0.6666666666666666,0.0,0.40678097047054207,0.9884488448844885,0.9962474004029721,0.0,0.9966996699669967,1.0,0.6778385592724369,0.6810615924187635,0.6860425227470959,1,0.8,1,1.0,0,3.729519084832905e-05,1,0.52949228742408,0,0.4877190911375419,1,0.89,1,2,0.382125221041255
830,0.6,0.8518518518518519,0.5,,0.21818181818181817,0.5014400762256424,0.5014400762256424,0.0,0.6666666666666666,1.0,0.5233840757392857,0.9983498349834984,0.9892901085897795,0.0,1.0,1.0,0.7042416617154623,0.7343849870731907,0.7482194680972374,0,0.4,0,0.0,1,0.5625597278544844,0,0.3206676454254147,0,0.43365474669398846,0,0.26,0,5,0.6705196466710188
831,0.6,0.5555555555555556,0.5,,0.12727272727272726,0.49394253897697005,0.49394253897697005,0.0,0.6666666666666666,0.5,0.4647699613818771,0.9966996699669967,0.9995765883387484,0.0016501650165016502,0.9966996699669967,1.0,0.6699683110301835,0.6705887565765366,0.6710191591966715,0,0.4,0,0.0,0,0.0011277044428115838,1,0.5118431365285022,1,0.4901849652482633,0,0.22,0,4,0.7294740322967372
832,0.4,0.7037037037037037,0.5,,0.21818181818181817,0.4885351115159988,0.4885351115159988,0.0,0.6666666666666666,0.0,0.4934456116106869,0.9966996699669967,0.9609801622302324,0.0,1.0,1.0,0.8221629219208029,0.8609214100058951,0.989258691640895,1,0.6,1,1.0,1,0.9999999999991189,1,0.9174308584084451,1,0.553427624379662,1,0.73,1,0,0.19985691953546214
833,0.4,0.33333333333333337,0.5,,0.10909090909090909,0.5060378730394914,0.5060378730394914,0.0,0.6666666666666666,0.3333333333333333,0.4401244018850029,0.9966996699669967,0.9993712910767095,0.0016501650165016502,0.9933993399339934,1.0,0.6729974985885729,0.6736404514329546,0.6748412681598577,1,0.6,1,1.0,0,0.00412214774567092,1,0.5029785221101586,0,0.5,1,0.67,1,2,0.4538165550240284
834,0.5,0.5925925925925926,0.5,,0.5818181818181818,0.4939230995342151,0.4939230995342151,0.0,0.6666666666666666,0.3333333333333333,0.4960034842184906,0.9966996699669967,0.9999867658529633,0.009900990099009901,0.9933993399339934,1.0,0.6667877394722936,0.666805734399191,0.6668209392611445,0,0.4,0,0.0,1,0.9987290384162142,1,0.5120766361475164,1,0.5212439038740312,0,0.48,0,3,0.5146584035937063
835,0.4,0.6296296296296297,0.5,,0.6181818181818182,0.50607713702093,0.50607713702093,0.0,0.6666666666666666,0.0,0.45766869988623105,0.995049504950495,0.9999831907658971,0.0,1.0,1.0,0.6667357810853352,0.6667533644293638,0.6667908183459412,1,0.6,0,0.0,0,2.21351465866134e-05,0,0.4905007503039074,0,0.48657222072060935,0,0.48,1,5,0.6571508156381494
836,0.6,0.4444444444444444,0.5,,0.2545454545454545,0.5060664190172672,0.5060664190172672,0.0,0.6666666666666666,1.0,0.5027260841905599,0.9983498349834984,0.9996408277961548,0.0,1.0,1.0,0.668571649494262,0.6689793717163955,0.6696000426833522,0,0.2,1,1.0,1,0.9986965786804799,1,0.5060401413338798,0,0.5111771774536377,0,0.41,1,3,0.3956810170886671
837,0.6,0.5925925925925926,0.5,,0.38181818181818183,0.493926216628644,0.493926216628644,0.0,0.6666666666666666,1.0,0.5458001379154853,0.9983498349834984,0.9998787541306199,0.0,1.0,1.0,0.6671951640843046,0.6674758354000957,0.6676416365816509,0,0.4,1,1.0,0,0.0015005799280696718,1,0.5068826184730104,1,0.48739453157796836,1,0.63,0,2,0.4957037116701587
838,0.6,0.5925925925925926,0.5,,0.38181818181818183,0.4939264719205766,0.4939264719205766,0.0,0.6666666666666666,0.5,0.558823602550627,0.9983498349834984,0.9999065273251577,0.0049504950495049506,0.9983498349834984,1.0,0.6673968128117593,0.6675367505436371,0.667627329429172,0,0.2,1,1.0,1,0.9999775887227167,1,0.5108474028967616,1,0.5133409663048552,0,0.26,0,2,0.41930567367927785
839,0.7,0.7407407407407407,0.5,,0.10909090909090909,0.493963335746336,0.493963335746336,0.0,0.6666666666666666,1.0,0.5619804874636597,0.9983498349834984,0.9993629982575352,0.006600660066006601,1.0,1.0,0.6728637234984659,0.6737851434790246,0.6743388798225998,1,0.6,0,0.0,1,0.9980228584432922,1,0.5119532611153792,1,0.5,0,0.33,0,2,0.5100039800735547
840,0.7,0.5555555555555556,0.5,,0.12727272727272726,0.5114648939554968,0.5114648939554968,0.0,0.6666666666666666,1.0,0.5673551471705489,0.9983498349834984,0.9070634967565167,0.0,1.0,1.0,0.6895099826941816,0.7879558109749044,0.9691927748714431,0,0.2,1,1.0,0,6.777408283221686e-58,1,0.9949369469812822,0,0.5,0,0.42,0,4,0.4808438421697864
841,0.4,0.5555555555555556,0.5,,0.9818181818181818,0.4939225049829197,0.4939225049829197,0.0,0.6666666666666666,0.0,0.4993976515762204,0.9966996699669967,0.9999976625213127,0.0,1.0,1.0,0.6666685865145533,0.6666730761377195,0.6666749600847839,1,0.8,0,0.0,1,0.9994196596813398,1,0.5070707610808469,1,0.4947170039990123,1,0.73,0,1,0.4114654292064668
842,0.4,0.5185185185185186,0.5,,0.8909090909090909,0.5060775077012183,0.5060775077012183,0.0,0.6666666666666666,0.0,0.4409920928218408,0.9917491749174917,0.9999986333534365,0.0,0.9966996699669967,1.0,0.6666695834775787,0.6666705792714377,0.6666731691075254,1,0.8,1,1.0,1,0.9983754195583922,0,0.4967057383605076,0,0.5133719723508741,1,0.81,1,2,0.23025781162170433
843,0.5,0.5185185185185186,0.5,,0.45454545454545453,0.5060755305029202,0.5060755305029202,0.0,0.6666666666666666,0.0,0.4592434252157864,0.9933993399339934,0.9999237674462131,0.0,1.0,1.0,0.6670528069736233,0.667105315325027,0.6672396744634205,1,0.8,1,1.0,0,2.2254158641075747e-05,0,0.49109318206356894,0,0.48661665862552983,1,0.68,1,3,0.4237113175253767
844,0.4,0.8888888888888888,0.5,,0.18181818181818182,0.48853510604450323,0.48853510604450323,0.0,0.6666666666666666,0.3333333333333333,0.47962229469380957,0.9966996699669967,0.9493375392919718,0.0016501650165016502,0.995049504950495,1.0,0.8944750762863953,0.9692978515007283,0.9998965911631569,0,0.4,1,1.0,1,1.0,1,0.8266393660063124,1,0.5484207233415038,1,0.52,1,1,0.2841566517753641
845,0.1,0.0,0.5,,0.5454545454545454,0.4939238985278165,0.4939238985278165,0.0,0.6666666666666666,0.0,0.43077974458411983,0.9851485148514851,0.9999255471794676,0.0,0.9917491749174917,1.0,0.666828635162083,0.6669760633480055,0.6670292233911292,1,1.0,1,1.0,0,0.001575678517262111,1,0.5050517109763577,1,0.4869206552850956,1,0.9,0,1,0.35107532587021406
846,0.6,0.7037037037037037,0.5,,0.9454545454545454,0.5060774920293509,0.5060774920293509,0.0,0.6666666666666666,0.5,0.5001818018041535,0.9983498349834984,0.9999986349689447,0.0,0.9983498349834984,1.0,0.6666731734281123,0.6666743586155331,0.6666766926608698,0,0.4,0,0.0,0,0.003270556859633956,0,0.49377404818645915,0,0.5,0,0.4,1,6,0.7004925658256511
847,0.4,0.4444444444444444,0.5,,0.2545454545454545,0.5060657250152665,0.5060657250152665,0.0,0.6666666666666666,0.0,0.45850879197243455,0.9966996699669967,0.9996022138767531,0.0,0.9983498349834984,1.0,0.6687349575902127,0.6690909666196405,0.6699041508021896,0,0.4,0,0.0,0,0.0014587769193921125,0,0.49194885651461573,0,0.48492989814946535,1,0.61,1,5,0.6686104114027545
848,0.4,0.6296296296296297,0.5,,0.6181818181818182,0.5060770396206685,0.5060770396206685,0.0,0.6666666666666666,0.5,0.5546102990429714,0.9983498349834984,0.9999836210952967,0.0,0.9983498349834984,1.0,0.6667559989860616,0.6667751667842586,0.6668242714833704,1,0.8,1,1.0,0,0.0005816583234000447,0,0.4930040239986128,0,0.5052754417898239,1,0.63,1,3,0.42852314598136054
849,0.3,0.5925925925925926,0.5,,0.6727272727272727,0.4939228218439624,0.4939228218439624,0.0,0.6666666666666666,0.0,0.46958097878459115,0.995049504950495,0.999987470952801,0.0,0.995049504950495,1.0,0.6667244626300761,0.6667433036873956,0.6667554096284937,1,0.6,1,1.0,0,0.0016127536591828166,1,0.5036461525837328,1,0.4866970750694887,1,0.59,0,1,0.4696740031145993
850,0.5,0.7037037037037037,0.5,,0.6181818181818182,0.4939229677002457,0.4939229677002457,0.0,0.6666666666666666,0.5,0.4849608219678748,0.9966996699669967,0.9999805810140625,0.0,0.9983498349834984,1.0,0.666729231021139,0.6667751827736254,0.666793869886575,1,0.6,1,1.0,0,0.001607660321370926,1,0.5034419505373753,1,0.48672894126302035,1,0.59,0,1,0.46970357464637236
851,0.7,1.0,0.5,,0.6181818181818182,0.49392318035629057,0.49392318035629057,0.0,0.6666666666666666,0.3333333333333333,0.467033191989476,0.995049504950495,0.9999758900930578,0.0049504950495049506,0.9983498349834984,1.0,0.6667994339436877,0.666823374558271,0.6668483396902376,0,0.4,1,1.0,1,0.9987277366157012,1,0.5123954492169104,1,0.521198052528248,0,0.31,0,2,0.3762797936065234
852,0.3,0.5555555555555556,0.5,,0.9636363636363636,0.5060774688492975,0.5060774688492975,0.0,0.6666666666666666,0.5,0.46729248479735197,0.995049504950495,0.9999984582439984,0.0016501650165016502,0.9933993399339934,1.0,0.6666777374300636,0.6666794749649034,0.6666820334722048,1,0.6,0,0.0,0,0.0005804125181873861,0,0.49299557239487374,0,0.5052824638441655,1,0.6,1,4,0.6335235918737956
853,0.3,0.11111111111111116,0.5,,0.07272727272727272,0.5059193552920163,0.5059193552920163,0.0,0.6666666666666666,1.0,0.528806817603412,0.9983498349834984,0.9972563410395243,0.0,1.0,1.0,0.6816352439874311,0.6847946273127904,0.693079350038505,1,0.6,1,1.0,0,0.0012048648856570223,1,0.5030978511401717,0,0.5,1,0.53,1,2,0.4776162139956952
854,0.5,0.4814814814814815,0.5,,0.18181818181818182,0.4885351060445112,0.4885351060445112,0.0,0.6666666666666666,1.0,0.5087809466885065,0.9983498349834984,0.9508040255640038,0.0,1.0,1.0,0.9087111565840214,0.9641993176070832,0.9996774619165827,1,0.8,1,1.0,0,9.102540672507713e-21,1,0.8913264872875516,0,0.5,1,0.6,1,2,0.3681122521187413
855,0.4,0.7407407407407407,0.5,,0.16363636363636364,0.4939397295157262,0.4939397295157262,0.0,0.6666666666666666,0.3333333333333333,0.43042713914150765,0.995049504950495,0.9995550795492273,0.0033003300330033004,0.9917491749174917,1.0,0.6693137621752302,0.670072141038924,0.6704770415179583,1,0.8,0,0.0,1,0.9963607545972666,1,0.5082209624641628,1,0.5,1,0.5,0,1,0.4492363804897618
856,0.3,0.5925925925925926,0.5,,0.8909090909090909,0.4939225011202537,0.4939225011202537,0.0,0.6666666666666666,1.0,0.5317192400256573,0.9983498349834984,0.9999981762685658,0.0,1.0,1.0,0.6666691063623983,0.6666726617863847,0.6666745167811876,1,0.6,0,0.0,0,0.0016242469258970456,1,0.5033783746514008,1,0.486629932372795,1,0.8,0,2,0.6013945743416511
857,0.2,0.11111111111111116,0.5,,0.07272727272727272,0.5059858083192188,0.5059858083192188,0.0,0.6666666666666666,0.0,0.46037804716882835,0.9917491749174917,0.9979616157166409,0.0,0.9966996699669967,1.0,0.6776603420259324,0.6795823416068779,0.6837476453114137,1,0.8,1,1.0,0,0.005263071177637324,1,0.5203357859608866,0,0.5,1,0.94,1,2,0.37240019047691264
858,0.5,0.7037037037037037,0.5,,0.3090909090909091,0.49392832301527223,0.49392832301527223,0.0,0.6666666666666666,1.0,0.5104084601084325,0.9983498349834984,0.999820347947242,0.0033003300330033004,1.0,1.0,0.6676743971302554,0.667925258754112,0.6680958409300826,0,0.4,1,1.0,1,0.9999774455262512,1,0.507598242713073,1,0.5132776612999421,0,0.45,0,2,0.35485777507678895
859,0.8,0.8148148148148149,0.5,,0.07272727272727272,0.4939992708824308,0.4939992708824308,0.0,0.6666666666666666,1.0,0.5906318874846743,0.9983498349834984,0.998487800841423,0.006600660066006601,1.0,1.0,0.6747633713440919,0.6781243889670651,0.679471606332954,0,0.0,0,0.0,1,0.997336285859323,1,0.5284665185212937,1,0.4919826169095476,0,0.22,0,3,0.6270357631183059
860,0.5,0.37037037037037035,0.5,,0.10909090909090909,0.5070158045547486,0.5070158045547486,0.0,0.6666666666666666,0.6666666666666666,0.6045560227189509,0.9983498349834984,0.9916677796726089,0.013201320132013201,0.9966996699669967,1.0,0.7345234484202606,0.7495587242646033,0.7617528630015559,0,0.4,1,1.0,0,0.4738770948193168,1,0.6178320903466286,1,0.5,1,0.69,0,2,0.38638180247234255
861,0.5,0.5925925925925926,0.5,,0.23636363636363636,0.5053456770706272,0.5053456770706272,0.0,0.6666666666666666,0.25,0.5022630908744596,0.9983498349834984,0.9950150433138587,0.0049504950495049506,0.9966996699669967,1.0,0.6985535602420914,0.702623401317576,0.7073110062056328,0,0.4,0,0.0,0,0.019215458014030795,1,0.518367410424994,0,0.5,0,0.43,1,5,0.688736188593496
862,0.3,0.4444444444444444,0.5,,0.9454545454545454,0.4939225251869579,0.4939225251869579,0.0,0.6666666666666666,0.3333333333333333,0.4686287981632845,0.9966996699669967,0.9999983115478874,0.0033003300330033004,0.9917491749174917,1.0,0.666674703024053,0.6666780339253549,0.6666798655232536,1,1.0,1,1.0,1,0.9999778892365668,1,0.5100066269589334,1,0.5134401418086829,1,0.96,0,0,0.16942922366596946
863,0.5,0.0,0.5,,0.5454545454545454,0.4939236756009393,0.4939236756009393,0.0,0.6666666666666666,0.5,0.5364343174661053,0.9983498349834984,0.9999600963169372,0.0,0.9983498349834984,1.0,0.6668637037478675,0.6669301265353863,0.666964017948891,0,0.4,1,1.0,1,0.9967046140404617,1,0.5070932908668375,1,0.5,1,0.66,0,1,0.32270034918211676
864,0.6,1.0,0.5,,0.38181818181818183,0.5060725930836769,0.5060725930836769,0.0,0.6666666666666666,0.0,0.4789869469853566,0.9966996699669967,0.9998186594610426,0.0,1.0,1.0,0.6675561233632352,0.6677259094106376,0.6680346780795025,1,0.6,0,0.0,0,0.0013430872511917657,0,0.4928531951460235,0,0.4812375826659848,0,0.5,1,5,0.6540943558228001
865,0.5,0.7407407407407407,0.5,,0.16363636363636364,0.49393917515696173,0.49393917515696173,0.0,0.6666666666666666,0.0,0.41448284349127085,0.995049504950495,0.9995251518528976,0.0033003300330033004,0.9933993399339934,1.0,0.6693831379501278,0.6699570758421223,0.6703790776186306,1,0.6,1,1.0,1,0.9993671288154519,1,0.512108079244503,1,0.49493961215044724,1,0.83,0,0,0.260597529964933
866,0.4,0.40740740740740744,0.5,,0.18181818181818182,0.4941676420364043,0.4941676420364043,0.0,0.6666666666666666,0.0,0.46384644466659175,0.9933993399339934,0.9958505402032025,0.0,1.0,1.0,0.6804733034456906,0.689438213605211,0.6939394231046863,1,0.6,1,1.0,1,0.9983887137612423,1,0.5652858626703624,1,0.5,1,0.64,0,0,0.2827209039280659
867,0.6,0.5925925925925926,0.5,,0.2727272727272727,0.5060695563455104,0.5060695563455104,0.0,0.6666666666666666,0.0,0.4646261902839366,0.995049504950495,0.9997887941147743,0.0,1.0,1.0,0.6681353116482563,0.6683533938126671,0.6687123237404298,1,0.6,1,1.0,1,0.9986197355698643,1,0.5015342619730399,0,0.5117640905908775,0,0.35,1,2,0.33968031864436976
868,0.4,0.6296296296296297,0.5,,0.16363636363636364,0.5114648939553924,0.5114648939553924,0.0,0.6666666666666666,0.0,0.4748915145092769,0.9933993399339934,0.9118194072204385,0.0,0.9983498349834984,1.0,0.7960060512654223,0.9520862666771671,0.9984841201957555,0,0.4,1,1.0,0,1.4143147968631395e-12,1,0.9977110408146991,0,0.493205175990758,1,0.57,0,3,0.42318063053218813
869,0.5,0.9259259259259259,0.5,,0.7090909090909091,0.5060771272674536,0.5060771272674536,0.0,0.6666666666666666,0.0,0.4530320844971859,0.9966996699669967,0.9999886355994781,0.0016501650165016502,0.9966996699669967,1.0,0.6667430520105992,0.6667553832953744,0.6667830661218318,0,0.4,0,0.0,0,2.2135886761877453e-05,0,0.4902136501653341,0,0.48657039485994713,0,0.34,1,6,0.7138656365146594
870,0.4,0.6666666666666667,0.5,,0.07272727272727272,0.4939490668995452,0.4939490668995452,0.0,0.6666666666666666,1.0,0.5254043282306684,0.9983498349834984,0.9991604542954079,0.0,1.0,1.0,0.67011045114968,0.6716698282763541,0.6727424585110138,0,0.2,1,1.0,0,0.0010291169157413686,1,0.5306301802230781,1,0.49103019976479545,0,0.45,0,3,0.5545517505160642
871,0.8,0.9259259259259259,0.5,,1.0,0.5060775161525819,0.5060775161525819,0.0,0.6666666666666666,0.5,0.4528216043543798,0.9966996699669967,0.9999993008023482,0.006600660066006601,0.9966996699669967,1.0,0.6666683696980199,0.6666687550018553,0.6666693892306719,0,0.2,0,0.0,0,2.210785294967125e-05,0,0.4900333235147959,0,0.48655893994587096,0,0.12,1,6,0.7838976047810639
872,0.5,0.5925925925925926,0.5,,0.4727272727272727,0.506074476414399,0.506074476414399,0.0,0.6666666666666666,0.0,0.37816520409138366,0.9933993399339934,0.9998929609611527,0.0,0.9983498349834984,1.0,0.6672586794227967,0.6673389823188463,0.6675012960858595,1,0.6,0,0.0,0,0.0005891399309833362,0,0.49464078135518924,0,0.5052321155996752,1,0.65,1,4,0.6249229938523588
873,0.7,0.7407407407407407,0.5,,0.10909090909090909,0.49395951599604326,0.49395951599604326,0.0,0.6666666666666666,1.0,0.507251936854062,0.9983498349834984,0.9989923542848747,0.0,1.0,1.0,0.671541798838526,0.6732824996877398,0.6742301005687763,0,0.2,0,0.0,1,0.9980930194061364,1,0.5287599255960866,1,0.5,0,0.17,0,3,0.6005245091662961
874,0.7,0.5555555555555556,0.5,,0.9636363636363636,0.506077460508157,0.506077460508157,0.0,0.6666666666666666,1.0,0.5555355085259732,0.9983498349834984,0.9999978521678367,0.009900990099009901,1.0,1.0,0.666679002134449,0.6666813538615376,0.666685081829357,0,0.2,1,1.0,1,0.9983771587840091,0,0.496706666915796,0,0.5133615742325891,0,0.35,1,4,0.40692576667793434
875,0.4,0.6296296296296297,0.5,,0.07272727272727272,0.5060458275222656,0.5060458275222656,0.0,0.6666666666666666,1.0,0.5143553450356999,0.9983498349834984,0.9991356209531648,0.0,1.0,1.0,0.6717247979668012,0.6724558247442909,0.6739107219508195,0,0.2,0,0.0,0,2.5288500589133336e-05,0,0.4947891727889709,0,0.4870357756876317,0,0.32,1,6,0.7496916271704681
876,0.6,0.6296296296296297,0.5,,0.6181818181818182,0.5060770276912687,0.5060770276912687,0.0,0.6666666666666666,0.5,0.4881691268315014,0.9966996699669967,0.999985554643163,0.0,1.0,1.0,0.6667644496827483,0.6667769601701673,0.6667981234997141,0,0.4,1,1.0,0,0.0032803795123185074,0,0.49382516764706513,0,0.5,1,0.53,1,4,0.5121490754734361
877,0.3,0.11111111111111116,0.5,,0.07272727272727272,0.5059587559405958,0.5059587559405958,0.0,0.6666666666666666,0.3333333333333333,0.49549172406082154,0.9966996699669967,0.9976187771243183,0.0033003300330033004,0.995049504950495,1.0,0.6801689370661912,0.6818626217332038,0.6845045327924569,1,0.8,1,1.0,0,0.003535760336500963,1,0.5458085949155692,0,0.5168827589009738,1,0.84,1,2,0.3822954809744926
878,0.5,0.0,0.5,,0.5454545454545454,0.49392372038670485,0.49392372038670485,0.0,0.6666666666666666,0.3333333333333333,0.4531640835584678,0.9966996699669967,0.9999598675544016,0.0016501650165016502,0.995049504950495,1.0,0.6668862282975153,0.6669432464442027,0.6669835245989217,1,0.6,1,1.0,0,0.0015810091197313444,1,0.5038029154828501,1,0.48688870840493265,1,0.74,0,1,0.444621227832081
879,0.4,0.7037037037037037,0.5,,0.6181818181818182,0.4939229369014806,0.4939229369014806,0.0,0.6666666666666666,1.0,0.5179303074997598,0.9983498349834984,0.9999801223720739,0.0,1.0,1.0,0.6667223352698881,0.6667680660633353,0.6667906281694432,0,0.4,0,0.0,1,0.9967203982099776,1,0.5065888085408354,1,0.5,1,0.5,0,2,0.5161151322081978
880,0.4,0.2962962962962963,0.5,,0.18181818181818182,0.48853510604450323,0.48853510604450323,0.0,0.6666666666666666,0.0,0.45823996429389746,0.9933993399339934,0.9390868695426804,0.0016501650165016502,0.9917491749174917,1.0,0.7264550775563685,0.8480052130098208,0.9181856898250036,0,0.4,1,1.0,0,5.0878193035346187e-51,1,0.9878222895109856,1,0.4932782101706981,1,0.53,1,2,0.43148325005305266
881,0.5,0.7037037037037037,0.5,,0.2,0.4939364257857489,0.4939364257857489,0.0,0.6666666666666666,0.5,0.5188487881320532,0.9983498349834984,0.9995999562686937,0.0033003300330033004,0.9983498349834984,1.0,0.6685556817094944,0.6694817003533962,0.669900205406353,1,0.6,0,0.0,1,0.9993762969226193,1,0.5092034819162679,1,0.4949097703116704,0,0.48,0,2,0.48608507514157373
882,0.2,0.7037037037037037,0.5,,0.2727272727272727,0.5060724270997818,0.5060724270997818,0.0,0.6666666666666666,0.5,0.49260158279121224,0.9966996699669967,0.9998266838408786,0.0,0.9983498349834984,1.0,0.6675881522214117,0.6677899937427796,0.668255870166677,1,0.8,1,1.0,0,0.0013456357540584767,0,0.49184369752787627,0,0.48142856534911027,1,0.62,1,3,0.43423035022815915
883,0.7,0.8888888888888888,0.5,,0.12727272727272726,0.49164451855321145,0.49164451855321145,0.0,0.6666666666666666,0.75,0.5136794719909201,0.9983498349834984,0.9899035780871593,0.006600660066006601,0.9983498349834984,1.0,0.7435043115442443,0.7536001047083682,0.7680020826776102,0,0.4,0,0.0,1,0.66244907650074,1,0.5634359102089271,0,0.5,0,0.13,1,4,0.6240191688817223
884,0.6,0.6296296296296297,0.5,,0.9818181818181818,0.5060775176501036,0.5060775176501036,0.0,0.6666666666666666,0.25,0.3983176538483968,0.9966996699669967,0.9999993508628868,0.0016501650165016502,0.9966996699669967,1.0,0.6666679558899292,0.6666684192891332,0.6666693859202365,0,0.2,0,0.0,0,2.2107740407339484e-05,0,0.49003304114431473,0,0.48655889467950153,0,0.32,1,6,0.7505643260726294
885,0.7,0.8148148148148149,0.5,,0.12727272727272726,0.5114310736396297,0.5114310736396297,0.0,0.6666666666666666,0.75,0.4992497188376164,0.9966996699669967,0.9901386473007059,0.006600660066006601,0.9966996699669967,1.0,0.7700783224911888,0.7961624616671772,0.8137139241762624,0,0.2,0,0.0,0,0.0002656427145937103,0,0.49037915388718867,0,0.4369318104065457,0,0.35,0,6,0.7537372321652787
886,0.4,0.2962962962962963,0.5,,0.8363636363636363,0.4939226238440517,0.4939226238440517,0.0,0.6666666666666666,0.0,0.49398098348807207,0.995049504950495,0.9999952409106365,0.0,0.9966996699669967,1.0,0.6666937985423399,0.6666998398507681,0.6667038408536011,1,0.8,1,1.0,1,0.999419313868442,1,0.5070679660060733,1,0.49471905836681174,0,0.48,0,1,0.2864656102931121
887,0.7,0.8888888888888888,0.5,,0.18181818181818182,0.5114648939554968,0.5114648939554968,0.0,0.6666666666666666,1.0,0.5399710894208611,0.9983498349834984,0.9479332866018098,0.0033003300330033004,1.0,1.0,0.9083578605187316,0.9589576234353362,0.999936773219992,0,0.4,0,0.0,0,7.660238553750521e-37,1,0.8802002313121401,0,0.45341476087361715,0,0.31,0,5,0.6593975013023738
888,0.5,0.2962962962962963,0.5,,0.4727272727272727,0.49392447109153004,0.49392447109153004,0.0,0.6666666666666666,0.0,0.43861629735764696,0.9933993399339934,0.9999242887037983,0.0,0.9983498349834984,1.0,0.6669837115548605,0.6671098632415904,0.6672014427320535,1,0.6,1,1.0,1,0.9994139339837718,1,0.5073527186122283,1,0.4947491754143735,1,0.52,0,0,0.31308069533160443
889,0.6,0.5925925925925926,0.5,,0.8909090909090909,0.49392249617149253,0.49392249617149253,0.0,0.6666666666666666,1.0,0.5258943813917908,0.9983498349834984,0.9999985162686935,0.0,1.0,1.0,0.6666670071924146,0.6666716351046632,0.6666730604556417,0,0.4,1,1.0,1,0.9987390111748727,1,0.5119892986628383,1,0.5216056570462461,0,0.41,0,2,0.35961100551934055
890,0.6,0.6296296296296297,0.5,,0.9818181818181818,0.5060775250140302,0.5060775250140302,0.0,0.6666666666666666,1.0,0.5384176457559872,0.9983498349834984,0.9999995164141147,0.0,1.0,0.87,0.6666661982898413,0.666666781634246,0.6666677439912819,0,0.4,1,1.0,0,2.2107221318089245e-05,0,0.49004025662366446,0,0.4865587355951029,0,0.47,1,5,0.5255631500933191
891,0.6,0.6296296296296297,0.5,,0.7818181818181819,0.5060773808423675,0.5060773808423675,0.0,0.6666666666666666,1.0,0.5213117115036057,0.9983498349834984,0.9999935769339577,0.0,1.0,1.0,0.6666930581838739,0.6666998148497569,0.6667177392723246,0,0.2,1,1.0,1,0.9983801228293021,0,0.4967454262816264,0,0.5133435591506224,1,0.52,1,3,0.37858848195640815
892,0.7,0.962962962962963,0.5,,0.2,0.48853510604450323,0.48853510604450323,0.0,0.6666666666666666,0.75,0.5360307274965079,0.9983498349834984,0.9224941319184056,0.0033003300330033004,0.9983498349834984,1.0,0.6899737698129014,0.788240572877339,0.8570790058109385,0,0.2,0,0.0,0,2.5716511087871518e-68,1,0.9584861576795183,0,0.5112928867680452,0,0.12,1,5,0.7017034925920727
893,0.7,0.8148148148148149,0.5,,0.07272727272727272,0.4940054325743791,0.4940054325743791,0.0,0.6666666666666666,0.0,0.48819765109682844,0.9966996699669967,0.9974922109573062,0.0,1.0,1.0,0.6722354595717628,0.678748218999887,0.6814414596047822,0,0.2,0,0.0,1,0.9972116598756143,1,0.5282700097928208,1,0.49060732049802563,0,0.21,0,3,0.5956518349722566
894,0.5,0.8148148148148149,0.5,,0.6363636363636364,0.506077101673727,0.506077101673727,0.0,0.6666666666666666,0.0,0.4901048009047333,0.9966996699669967,0.9999839283656464,0.0,1.0,1.0,0.666748705588156,0.6667625788777213,0.6667856376942289,1,0.6,0,0.0,0,0.000581469346026568,0,0.4933787935493219,0,0.5052758566050392,0,0.39,1,5,0.6684606467499354
895,0.5,0.4444444444444444,0.5,,0.9454545454545454,0.49392251725834113,0.49392251725834113,0.0,0.6666666666666666,0.0,0.43192626811603285,0.995049504950495,0.9999976585441173,0.0,1.0,1.0,0.6666720106130777,0.6666760909570151,0.6666785586824587,1,0.8,1,1.0,1,0.999977889654385,1,0.5100628087692065,1,0.5134406948622278,1,0.79,0,0,0.23108643445236332
896,0.2,0.4444444444444444,0.5,,0.09090909090909091,0.4885437932261819,0.4885437932261819,0.0,0.6666666666666666,0.75,0.5033032733265623,0.9983498349834984,0.9867183261755742,0.0049504950495049506,0.9966996699669967,1.0,0.7885190204669958,0.8069870054804137,0.8479554761505539,1,0.8,1,1.0,0,0.010499642349331104,1,0.6579759401097884,1,0.47612055202340603,1,0.66,1,1,0.3992339775862457
897,0.4,0.8148148148148149,0.5,,0.2,0.4948818769890111,0.4948818769890111,0.0,0.6666666666666666,0.3333333333333333,0.4846481265987318,0.995049504950495,0.9939565406537513,0.0016501650165016502,1.0,1.0,0.6967699090566282,0.7061147737162546,0.7112919692106761,1,0.6,1,1.0,1,0.970414314282342,1,0.5142579942225975,0,0.4460761578476326,1,0.58,0,1,0.31487525560790475
898,0.5,0.5925925925925926,0.5,,0.8909090909090909,0.49392250013789085,0.49392250013789085,0.0,0.6666666666666666,1.0,0.5148385443069408,0.9983498349834984,0.9999982738716642,0.0016501650165016502,1.0,1.0,0.6666688990084599,0.6666725074156239,0.6666740278266527,0,0.2,1,1.0,1,0.9994196785544609,1,0.5070612445084056,1,0.49471695564363105,1,0.65,0,1,0.35813368688225045
899,0.3,0.4814814814814815,0.5,,0.18181818181818182,0.48853510604450323,0.48853510604450323,0.0,0.6666666666666666,0.0,0.4776488405035032,0.9966996699669967,0.9281352935474282,0.0,1.0,1.0,0.8694663063068633,0.9601254675125085,0.9990252493284886,0,0.4,1,1.0,1,1.0,1,0.9492866738063712,1,0.5289442966361835,1,0.54,1,1,0.26362817159290763
900,0.4,0.5555555555555556,0.5,,0.8363636363636363,0.4939225954325135,0.4939225954325135,0.0,0.6666666666666666,0.6666666666666666,0.4589297064456386,0.995049504950495,0.9999961480494471,0.0049504950495049506,0.9966996699669967,1.0,0.6666892239661676,0.6666934084231397,0.6666974648117036,1,0.6,1,1.0,1,0.9994193961643187,1,0.5070968021142663,1,0.49471853266178484,1,0.65,0,0,0.29146087817660504
901,0.3,0.11111111111111116,0.5,,0.07272727272727272,0.5060040190120622,0.5060040190120622,0.0,0.6666666666666666,0.0,0.4448175988809422,0.9917491749174917,0.9978998845636562,0.0,0.9966996699669967,1.0,0.675605426660432,0.6778982286230609,0.6818855176860312,1,0.6,1,1.0,0,3.1212184311000854e-05,1,0.54548870714127,0,0.48755679937495905,1,0.72,1,2,0.44115388021657653
902,0.6,0.5185185185185186,0.5,,0.32727272727272727,0.5060726351929978,0.5060726351929978,0.0,0.6666666666666666,1.0,0.5061669421397779,0.9983498349834984,0.9998659898792006,0.0016501650165016502,1.0,1.0,0.6675493997425194,0.6677260219142996,0.6680741392556717,0,0.4,1,1.0,0,0.0013422130418249926,0,0.48982874128582193,0,0.4812518489376241,0,0.5,1,5,0.5212628661224548
903,0.5,0.37037037037037035,0.5,,0.10909090909090909,0.5026489769070558,0.5026489769070558,0.0,0.6666666666666666,0.6666666666666666,0.5537259610310712,0.9983498349834984,0.9938710933009184,0.0033003300330033004,0.9966996699669967,1.0,0.7293529472500123,0.7384272239120877,0.747235387103141,1,0.6,1,1.0,1,0.8166488334200595,1,0.5845401420474856,1,0.5,1,0.55,0,0,0.3248018374220759
904,0.4,0.40740740740740744,0.5,,0.14545454545454545,0.4885914785444915,0.4885914785444915,0.0,0.6666666666666666,0.0,0.45987294791089295,0.9933993399339934,0.9779271421198851,0.0,1.0,1.0,0.7696162314950697,0.7903368956572965,0.8403323605553298,1,0.6,0,0.0,1,0.9923749588902591,1,0.8529086634463507,1,0.5089017348872212,1,0.63,1,1,0.4026357737960282
905,0.5,1.0,0.5,,0.4727272727272727,0.5060753662189106,0.5060753662189106,0.0,0.6666666666666666,0.0,0.48693985531089745,0.9966996699669967,0.9999447889140202,0.0,0.9983498349834984,1.0,0.6670832850208032,0.6671465557542041,0.6672574197070377,0,0.4,0,0.0,0,0.0005865464167425559,0,0.49364311302121044,0,0.5052469271363995,0,0.39,1,6,0.7017539022376078
906,0.7,0.962962962962963,0.5,,0.6181818181818182,0.5060766984608267,0.5060766984608267,0.0,0.6666666666666666,1.0,0.5143553585201446,0.9983498349834984,0.9999710857853993,0.0016501650165016502,1.0,1.0,0.6668204520834081,0.666849277257806,0.6669079250076881,0,0.2,0,0.0,0,0.0005826750049421484,0,0.49262304426345993,0,0.5052702690897627,0,0.5,1,6,0.7169206686069725
907,0.5,0.962962962962963,0.5,,0.9818181818181818,0.49392255562276755,0.49392255562276755,0.0,0.6666666666666666,0.3333333333333333,0.4962696435908941,0.9966996699669967,0.9999970591438598,0.0016501650165016502,0.9983498349834984,1.0,0.6666786282960583,0.6666849813298519,0.6666873230112439,0,0.2,1,1.0,1,0.9987380285336621,1,0.5120063489368439,1,0.5215696905746412,1,0.59,0,1,0.36294765532580886
908,0.8,0.4814814814814815,0.5,,0.5272727272727272,0.49392360298940985,0.49392360298940985,0.0,0.6666666666666666,1.0,0.5822547133915905,0.9983498349834984,0.9999684775981863,0.0033003300330033004,1.0,1.0,0.6668657822381386,0.6669180851069761,0.6669554991999391,0,0.0,0,0.0,1,0.998720670214322,1,0.5127226041797961,1,0.5209436654611322,0,0.44,0,3,0.587935510024125
909,0.5,0.8148148148148149,0.5,,0.8545454545454545,0.5060774428859859,0.5060774428859859,0.0,0.6666666666666666,0.5,0.3576475190576055,0.9966996699669967,0.9999973964629622,0.0049504950495049506,0.995049504950495,1.0,0.6666829025861578,0.6666850842792026,0.6666896455224264,0,0.4,1,1.0,0,0.0032716050368129033,0,0.4937586006229347,0,0.5,1,0.7,1,4,0.48382829905670877
910,0.7,0.7037037037037037,0.5,,0.2545454545454545,0.4943411818881982,0.4943411818881982,0.0,0.6666666666666666,0.3333333333333333,0.5603283855421446,0.9983498349834984,0.9962389571573796,0.006600660066006601,0.9966996699669967,1.0,0.6865621363290281,0.6957169563491534,0.7003404186692682,0,0.0,1,1.0,1,0.9888098330654549,1,0.5469248662510322,0,0.4576177763149258,0,0.31,0,3,0.4494412540614312
911,0.3,0.2962962962962963,0.5,,0.18181818181818182,0.48853510604450323,0.48853510604450323,0.0,0.6666666666666666,0.0,0.4813670866616393,0.995049504950495,0.9212650601518249,0.0,1.0,1.0,0.7292304948622516,0.8750118819560729,0.9738776864623314,1,1.0,1,1.0,1,1.0,1,0.9941692038422927,1,0.4903735501997234,1,0.81,1,0,0.11757620765966392
912,0.4,0.962962962962963,0.5,,0.2,0.5047157395817446,0.5047157395817446,0.0,0.6666666666666666,0.0,0.4728350423051696,0.9884488448844885,0.9917346179233234,0.0,1.0,1.0,0.7016958166880229,0.7101514520921858,0.7271773074783071,1,1.0,0,0.0,0,0.0005666607701664433,1,0.6843052156304028,0,0.4912336910755596,1,0.63,1,3,0.5323157387539785
913,0.3,0.8518518518518519,0.5,,0.21818181818181817,0.5033483982752278,0.5033483982752278,0.0,0.6666666666666666,0.0,0.4696562754651966,0.9966996699669967,0.992801591893473,0.0,0.9933993399339934,1.0,0.7252733451681458,0.7399301192805702,0.7501504516074949,1,0.6,1,1.0,0,0.003569813019104694,1,0.5819727390395966,1,0.5,1,0.68,0,1,0.4390762413235497
914,0.6,0.4444444444444444,0.5,,0.2545454545454545,0.5060650444971917,0.5060650444971917,0.0,0.6666666666666666,0.25,0.40543302830270267,0.9933993399339934,0.9995793674667427,0.0016501650165016502,0.995049504950495,1.0,0.6688675251919192,0.6692413613297248,0.6698098193183272,1,0.6,1,1.0,0,0.0035363920344787065,0,0.49918790271191626,0,0.5,1,0.58,1,3,0.4695459508756008
915,0.5,0.7407407407407407,0.5,,0.7636363636363637,0.5060773133591272,0.5060773133591272,0.0,0.6666666666666666,1.0,0.5570810383910137,0.9983498349834984,0.9999927527986221,0.0016501650165016502,1.0,1.0,0.6667066851732066,0.6667139610990865,0.6667320773691376,0,0.2,1,1.0,1,0.9983824159668389,0,0.49683774576246353,0,0.5133295232827649,0,0.45,1,4,0.39024171916465544
916,0.2,0.8518518518518519,0.5,,0.21818181818181817,0.5047804992092085,0.5047804992092085,0.0,0.6666666666666666,0.0,0.4521845412967136,0.9933993399339934,0.9833703341460116,0.0,1.0,1.0,0.7056404658617758,0.7427412891355911,0.7587252746777293,1,0.8,0,0.0,1,0.6257267629119712,1,0.6104583271058084,1,0.5,1,0.63,0,1,0.47230248499703675
917,0.8,0.7037037037037037,0.5,,0.9454545454545454,0.5060774972790719,0.5060774972790719,0.0,0.6666666666666666,1.0,0.5527038395452482,0.9983498349834984,0.9999984937333521,0.009900990099009901,1.0,1.0,0.6666719597130583,0.666672969134975,0.666674478967557,0,0.2,1,1.0,1,0.9983758069746128,0,0.4966711642438538,0,0.5133698144199133,0,0.23,1,4,0.42693053572693673
918,0.3,0.5185185185185186,0.5,,0.8909090909090909,0.506077503197996,0.506077503197996,0.0,0.6666666666666666,0.0,0.47835643324025834,0.9966996699669967,0.9999989103578145,0.0,1.0,1.0,0.6666706813434071,0.6666717271920285,0.6666742421465267,1,0.6,1,1.0,0,2.210868778918729e-05,0,0.4900445062589396,0,0.48655940374239853,1,0.61,1,3,0.4688956635518121
919,0.6,0.7037037037037037,0.5,,0.2545454545454545,0.4943186986195993,0.4943186986195993,0.0,0.6666666666666666,1.0,0.5030025242960379,0.9983498349834984,0.9954691783330442,0.0,1.0,1.0,0.6851128519012756,0.6950696197429841,0.699966274396314,1,0.6,0,0.0,1,0.989387035475948,1,0.5015997484291808,0,0.4593238005508121,0,0.39,0,3,0.50994823592401
920,0.6,0.6666666666666667,0.5,,0.2,0.5114648913777844,0.5114648913777844,0.0,0.6666666666666666,0.0,0.457989573253602,0.995049504950495,0.9494226923728624,0.0,1.0,1.0,0.7548987884131669,0.871343673612877,0.9408715104627859,0,0.4,1,1.0,0,1.4489698635854982e-07,1,0.6964037082634813,0,0.48908840565425316,1,0.57,0,3,0.4740846235308799
921,0.6,0.7037037037037037,0.5,,0.2,0.4939345634191048,0.4939345634191048,0.0,0.6666666666666666,0.5,0.45062310914612025,0.9966996699669967,0.9995953386546216,0.0033003300330033004,0.9966996699669967,1.0,0.6683713425288319,0.6691024964943405,0.6694673787501373,0,0.4,1,1.0,1,0.9993819832280038,1,0.5166248837404844,1,0.4948845143013361,1,0.62,0,1,0.32818476978836264
922,0.4,0.6296296296296297,0.5,,0.9454545454545454,0.5060775118418365,0.5060775118418365,0.0,0.6666666666666666,0.3333333333333333,0.5355988180808053,0.9983498349834984,0.9999993623311828,0.0033003300330033004,0.9933993399339934,1.0,0.6666691640794914,0.6666697323960368,0.666670646428335,1,0.6,0,0.0,0,0.001260853147950635,0,0.488035426506334,0,0.4783893900693819,1,0.55,1,4,0.6470523883793888
923,0.4,0.6296296296296297,0.5,,0.6181818181818182,0.5060770970198678,0.5060770970198678,0.0,0.6666666666666666,0.0,0.425653262078452,0.9933993399339934,0.9999833264147948,0.0,1.0,1.0,0.666746978357345,0.6667629063959086,0.6667959535491866,1,0.8,1,1.0,0,0.0032789177551777807,0,0.49430463196663293,0,0.5,1,0.75,1,3,0.4087360750463649
924,0.3,0.8148148148148149,0.5,,0.7272727272727273,0.4939226956488716,0.4939226956488716,0.0,0.6666666666666666,1.0,0.5266446672164313,0.9983498349834984,0.9999923587459925,0.0,1.0,1.0,0.6666959165842014,0.6667162645810017,0.6667247751101246,1,0.8,0,0.0,1,0.9994191147322501,1,0.5072240725816208,1,0.4947201006931051,0,0.44,0,2,0.4597727853321706
925,0.6,0.7777777777777778,0.5,,0.509090909090909,0.5060758145689386,0.5060758145689386,0.0,0.6666666666666666,0.0,0.45575220043265574,0.9966996699669967,0.9999535644613988,0.0,1.0,1.0,0.6669834215772515,0.6670458396206231,0.6671537723371668,1,0.6,1,1.0,0,0.0005852251837134616,0,0.49366747182949444,0,0.5052543266694779,1,0.66,1,3,0.45674882938621897
926,0.5,1.0,0.5,,0.23636363636363636,0.49793127409131444,0.49793127409131444,0.0,0.6666666666666666,1.0,0.5544150947528264,0.9983498349834984,0.9917532350741942,0.0016501650165016502,1.0,1.0,0.7094326016428937,0.7251402484942513,0.7326009083152626,0,0.2,0,0.0,1,0.8104873346765245,1,0.5925668744757763,0,0.43668175137963855,0,0.34,0,4,0.6033773399113436
927,0.4,0.6296296296296297,0.5,,0.09090909090909091,0.4996831726525345,0.4996831726525345,0.0,0.6666666666666666,0.0,0.4807053739139976,0.9933993399339934,0.9862333501476738,0.0,1.0,1.0,0.7201958047675128,0.7320681901057715,0.7614433468158479,1,0.6,1,1.0,0,0.17596413197198635,1,0.6784908153549947,0,0.5,1,0.61,1,2,0.4059241754455032
928,0.6,0.7037037037037037,0.5,,0.6909090909090909,0.4939227644306643,0.4939227644306643,0.0,0.6666666666666666,1.0,0.5345883723867206,0.9983498349834984,0.9999889531243059,0.0016501650165016502,1.0,1.0,0.6667117927006484,0.6667306435418933,0.6667408275681072,0,0.2,0,0.0,1,0.9967239739173395,1,0.5062622091213176,1,0.5,0,0.21,0,3,0.5978356361602237
929,0.5,0.6666666666666667,0.5,,0.8363636363636363,0.49392257398300154,0.49392257398300154,0.0,0.6666666666666666,0.0,0.47034299008944913,0.9966996699669967,0.999995254479836,0.0,1.0,1.0,0.6666797970175355,0.6666886582950532,0.6666931297149277,1,0.6,0,0.0,1,0.9999778853958983,1,0.5100527183264344,1,0.5134392677326864,1,0.52,0,1,0.4760883547574968
930,0.7,0.9259259259259259,0.5,,0.21818181818181817,0.5114636667202609,0.5114636667202609,0.0,0.6666666666666666,0.6666666666666666,0.5833384196056794,0.9983498349834984,0.9825580298813139,0.0033003300330033004,0.9983498349834984,1.0,0.7921569294047627,0.8253812669585952,0.8505653855698283,0,0.4,0,0.0,0,0.00011449496089408697,1,0.6246037694899389,0,0.4869676877222249,0,0.19,0,5,0.7163856746378237
931,0.4,0.8148148148148149,0.5,,0.8545454545454545,0.5060774494364064,0.5060774494364064,0.0,0.6666666666666666,0.0,0.46490904467635374,0.9966996699669967,0.9999977644907421,0.0,1.0,1.0,0.6666808520742258,0.6666836169733972,0.6666870443312749,0,0.4,0,0.0,1,0.9983775402991922,0,0.4967323536192594,0,0.5133593977046021,1,0.53,1,4,0.5102551180628243
932,0.7,0.962962962962963,0.5,,0.2727272727272727,0.5060672472160318,0.5060672472160318,0.0,0.6666666666666666,1.0,0.5355440803115072,0.9983498349834984,0.9997606783208749,0.0016501650165016502,0.9983498349834984,1.0,0.6685762633509336,0.668831054176518,0.6692810932393886,0,0.4,0,0.0,1,0.9986790034223709,1,0.502095872016094,0,0.5113256104533316,0,0.47,1,4,0.5196499190180339
933,0.3,0.4444444444444444,0.5,,0.9454545454545454,0.49392252535907377,0.49392252535907377,0.0,0.6666666666666666,0.3333333333333333,0.4883975413933225,0.9966996699669967,0.9999982439165006,0.0,0.995049504950495,1.0,0.6666743498586453,0.666677824273952,0.6666796997856272,0,0.4,1,1.0,1,0.9987385374050364,1,0.5120089295785294,1,0.5215889967651076,1,0.54,0,1,0.33794392270855445
934,0.5,0.6296296296296297,0.5,,0.9818181818181818,0.5060775224391834,0.5060775224391834,0.0,0.6666666666666666,0.6666666666666666,0.5210060602062465,0.9983498349834984,0.9999994070285394,0.006600660066006601,0.9983498349834984,1.0,0.6666669343102783,0.6666673622272269,0.666668348401235,0,0.2,0,0.0,0,0.0005802572040643861,0,0.4929746172638181,0,0.5052833882315338,0,0.28,1,6,0.7535269562167639
935,0.5,0.7407407407407407,0.5,,0.32727272727272727,0.493927310766503,0.493927310766503,0.0,0.6666666666666666,0.3333333333333333,0.45375305701468593,0.995049504950495,0.9998640625022523,0.0016501650165016502,0.995049504950495,1.0,0.6675295138074189,0.6677094390934925,0.6678763348905431,1,0.8,0,0.0,0,0.001466813392253617,1,0.5052736313554337,1,0.48761096191109293,1,0.53,0,2,0.6126080988902032
936,0.8,0.7407407407407407,0.5,,0.34545454545454546,0.5060731575847655,0.5060731575847655,0.0,0.6666666666666666,0.6,0.517210731816006,0.9983498349834984,0.9999075705916546,0.01155115511551155,0.9966996699669967,1.0,0.6675222857530129,0.6676149505128296,0.6677404573248086,0,0.2,1,1.0,0,0.0005931762343030737,0,0.4937823712755335,0,0.5052127597817755,0,0.3,1,5,0.5834019487847313
937,0.5,0.7037037037037037,0.5,,0.21818181818181817,0.48853510636591035,0.48853510636591035,0.0,0.6666666666666666,0.75,0.49213718107307114,0.9966996699669967,0.9724016833373771,0.006600660066006601,0.9983498349834984,1.0,0.8528602223909609,0.8853103342100134,0.9380488373261516,0,0.4,0,0.0,1,0.9999999842124795,1,0.7258855243400528,1,0.5112734952423946,0,0.4,1,3,0.49380683270084547
938,0.3,0.0,0.5,,0.5454545454545454,0.49392408699765433,0.49392408699765433,0.0,0.6666666666666666,1.0,0.5065532752826212,0.9983498349834984,0.9999426474103854,0.0,1.0,1.0,0.6669088721388537,0.6670187827932774,0.6670648997556536,1,0.8,0,0.0,1,0.9966958110357687,1,0.5063763786994049,1,0.5,1,0.75,0,1,0.40782130171080444
939,0.4,0.5555555555555556,0.5,,0.9636363636363636,0.5060774496660301,0.5060774496660301,0.0,0.6666666666666666,0.0,0.4980279118341555,0.9966996699669967,0.9999972913593234,0.0,0.9983498349834984,1.0,0.6666811218796261,0.6666836322803158,0.6666896121685367,1,0.6,1,1.0,0,0.000580467600747707,0,0.4930589600636495,0,0.5052820897381547,1,0.62,1,3,0.46351308043290806
940,0.4,0.7037037037037037,0.5,,0.6363636363636364,0.506076935120555,0.506076935120555,0.0,0.6666666666666666,1.0,0.5211355294213943,0.9983498349834984,0.9999777037137945,0.0,1.0,1.0,0.6667770129868885,0.6667971941745867,0.6668647938624324,0,0.4,1,1.0,1,0.9983958815756456,0,0.4962696105559866,0,0.5132520016897633,0,0.44,1,4,0.3586804176964341
941,0.7,0.8148148148148149,0.5,,0.12727272727272726,0.5112666307808995,0.5112666307808995,0.0,0.6666666666666666,1.0,0.5360234460091545,0.9983498349834984,0.982321216181454,0.0,1.0,1.0,0.7451193431494336,0.7822281361247585,0.8050638884110826,0,0.4,0,0.0,0,0.006165399900250369,1,0.8706209049062762,0,0.5,1,0.58,0,4,0.6072022825322456
942,0.4,0.8888888888888888,0.5,,0.9818181818181818,0.5060774463907529,0.5060774463907529,0.0,0.6666666666666666,1.0,0.5063919416190605,0.9983498349834984,0.9999962081543219,0.0,1.0,1.0,0.6666808317683888,0.6666840000207551,0.666690889515061,1,0.8,0,0.0,0,0.0012619230805301725,0,0.4880612034869218,0,0.4784282008853731,1,0.54,1,4,0.6153747787578625
943,0.5,0.5925925925925926,0.5,,0.4727272727272727,0.5060746843224995,0.5060746843224995,0.0,0.6666666666666666,1.0,0.5528252610985934,0.9983498349834984,0.9999319034305589,0.0016501650165016502,1.0,1.0,0.6672065894519311,0.6672879105949516,0.6674437446467718,1,0.8,0,0.0,0,0.0033300240289213523,0,0.49470392571119876,0,0.5,0,0.44,1,5,0.6269943417099799
944,0.2,0.0,0.5,,0.5454545454545454,0.4939238221231168,0.4939238221231168,0.0,0.6666666666666666,0.25,0.3791684421784275,0.9933993399339934,0.999943761182894,0.0016501650165016502,0.9884488448844885,1.0,0.666930924637963,0.6669637759992433,0.6669972312135574,1,0.8,1,1.0,1,0.9967016622572478,1,0.5066092766052503,1,0.5,1,0.92,0,0,0.21278151018958358
945,0.3,0.962962962962963,0.5,,0.43636363636363634,0.49392575152550133,0.49392575152550133,0.0,0.6666666666666666,0.0,0.4639273163466092,0.9966996699669967,0.999890397929026,0.0,0.9966996699669967,1.0,0.667182280262204,0.667385837640277,0.6674962615017647,1,0.6,0,0.0,1,0.9966607018604146,1,0.5066567142610006,1,0.5,0,0.43,0,2,0.49444709731309744
946,0.5,0.5555555555555556,0.5,,0.14545454545454545,0.505895094914236,0.505895094914236,0.0,0.6666666666666666,0.5,0.49037722854603294,0.9966996699669967,0.997296594632406,0.0,0.9983498349834984,1.0,0.6834890330438306,0.6861582601961047,0.691124275511418,1,0.6,1,1.0,0,0.0013128072710674977,1,0.5605890714959367,0,0.5,1,0.7,1,2,0.4396830202054992
947,0.6,0.9259259259259259,0.5,,0.8545454545454545,0.5060774064967752,0.5060774064967752,0.0,0.6666666666666666,1.0,0.5082303744251653,0.9983498349834984,0.999994832307391,0.0,1.0,1.0,0.6666888917844785,0.666693426862727,0.6667038015379677,0,0.4,0,0.0,0,0.000580589186795611,0,0.4931130194558254,0,0.5052813141326251,0,0.5,1,6,0.683504179537459
948,0.4,0.33333333333333337,0.5,,0.10909090909090909,0.5060383661946419,0.5060383661946419,0.0,0.6666666666666666,0.0,0.46979145613983375,0.9933993399339934,0.9988141195421395,0.0,0.9983498349834984,1.0,0.6723177051094954,0.673605468237841,0.6767894181111592,1,0.6,1,1.0,1,0.9991120588605605,1,0.537087565241975,0,0.5071934801157516,1,0.67,1,1,0.28110114929695207
949,0.6,0.0,0.5,,0.5454545454545454,0.49392419351525974,0.49392419351525974,0.0,0.6666666666666666,0.0,0.49956822345883534,0.9966996699669967,0.9999382183123354,0.0,1.0,1.0,0.6669464435294808,0.6670453145400954,0.667115521575311,0,0.4,0,0.0,1,0.9987110102257795,1,0.5150731139753284,1,0.5206088008701217,0,0.34,0,3,0.5376011791547952
950,0.5,0.8888888888888888,0.5,,0.509090909090909,0.4939242172526179,0.4939242172526179,0.0,0.6666666666666666,1.0,0.5140026236788617,0.9983498349834984,0.9999360508223856,0.0,1.0,1.0,0.6669527816819834,0.6670491227331015,0.6671185473803959,0,0.4,0,0.0,0,0.0015643664701874718,1,0.5049663404185223,1,0.4869862576785709,0,0.46,0,4,0.6910805059054532
951,0.6,0.6296296296296297,0.5,,0.07272727272727272,0.5060483687642017,0.5060483687642017,0.0,0.6666666666666666,0.6,0.35781850273065796,0.995049504950495,0.9995137020330144,0.006600660066006601,0.995049504950495,1.0,0.6715063059813949,0.6721043825324682,0.6725559425191365,0,0.4,1,1.0,0,0.0038947123348510144,0,0.4979608205930693,0,0.5,0,0.48,1,5,0.5196907445120134
952,0.2,0.4814814814814815,0.5,,0.18181818181818182,0.4885351196300032,0.4885351196300032,0.0,0.6666666666666666,0.0,0.4104929145839157,0.9933993399339934,0.9548656321921548,0.0,0.9983498349834984,1.0,0.8101951404137918,0.8576847878687336,0.979985349523674,1,0.6,1,1.0,1,0.9999990275577954,1,0.8126996522762588,1,0.5136317615898867,1,0.8,1,0,0.21227825976267656
953,0.5,0.5555555555555556,0.5,,0.03636363636363636,0.4939525997841906,0.4939525997841906,0.0,0.6666666666666666,1.0,0.5241903952832212,0.9983498349834984,0.9987963466542608,0.0,1.0,1.0,0.6691470883465634,0.6721191401321045,0.6733888696833489,0,0.4,0,0.0,1,0.9999748440935539,1,0.5287011875007939,1,0.5129501922593949,0,0.38,0,3,0.5297289626910429
954,0.4,1.0,0.5,,0.2,0.5060639255930682,0.5060639255930682,0.0,0.6666666666666666,0.0,0.47591469109009554,0.995049504950495,0.999545433460957,0.0,0.9983498349834984,1.0,0.669046471320085,0.6694321086020137,0.6703286844873817,1,0.6,0,0.0,0,0.0014905554239857733,0,0.49808879159625913,0,0.4858548525890743,1,0.79,1,4,0.6040943000651136
955,0.4,0.7037037037037037,0.5,,0.10909090909090909,0.5060536789662925,0.5060536789662925,0.0,0.6666666666666666,0.0,0.41582495356719285,0.995049504950495,0.9994982024505658,0.0,0.995049504950495,1.0,0.6706852584012482,0.6712346601852097,0.6719121983581722,0,0.4,1,1.0,0,2.436458757822364e-05,0,0.49996139978616416,0,0.48702889514023295,0,0.5,1,5,0.5188308900810041
956,0.2,0.40740740740740744,0.5,,0.14545454545454545,0.4887589825971441,0.4887589825971441,0.0,0.6666666666666666,0.0,0.46111770223091497,0.995049504950495,0.9797349953133185,0.0,1.0,1.0,0.7611118929723827,0.7793678179330406,0.815005745362572,1,0.8,1,1.0,1,0.9970097891002246,1,0.8648946509106512,1,0.5653626757145529,1,0.67,1,0,0.18378881404576186
957,0.7,0.7777777777777778,0.5,,0.7090909090909091,0.5060772857398874,0.5060772857398874,0.0,0.6666666666666666,1.0,0.5259378755574755,0.9983498349834984,0.9999916405755624,0.0016501650165016502,1.0,1.0,0.666712360367983,0.6667216000091046,0.6667426719892758,0,0.2,0,0.0,1,0.998383623370484,0,0.4967546430353672,0,0.5133225092250138,0,0.38,1,5,0.5685898707281891
958,0.5,0.37037037037037035,0.5,,0.10909090909090909,0.5064852746612135,0.5064852746612135,0.0,0.6666666666666666,1.0,0.5003262454587283,0.9983498349834984,0.9841831508453004,0.0,1.0,1.0,0.7127756828526051,0.7473792844443535,0.7652706204462915,1,0.8,0,0.0,1,0.8153998872622558,1,0.7722423820688245,1,0.4856113702720891,1,0.61,0,1,0.4194577267328051
959,0.5,0.6296296296296297,0.5,,0.6,0.5060767558945041,0.5060767558945041,0.0,0.6666666666666666,0.5,0.49121313259250976,0.9966996699669967,0.9999671273177665,0.0016501650165016502,1.0,1.0,0.6668066899173383,0.666838042412868,0.6668823107594714,1,0.6,1,1.0,0,0.0032862398983420547,0,0.4937646869564364,0,0.5,1,0.68,1,3,0.45382484552420355
960,0.4,0.11111111111111116,0.5,,0.07272727272727272,0.5060046503969442,0.5060046503969442,0.0,0.6666666666666666,0.0,0.44389977193780017,0.9933993399339934,0.9980037335320351,0.0,0.9966996699669967,1.0,0.6760971992757926,0.6777682182835154,0.6829494362302411,1,0.8,1,1.0,0,0.0008401643027835129,1,0.535162959617437,0,0.5,1,0.77,1,2,0.39899947934662994
961,0.6,0.40740740740740744,0.5,,0.2545454545454545,0.4939290699754557,0.4939290699754557,0.0,0.6666666666666666,0.0,0.49325559716735945,0.995049504950495,0.9996769228307573,0.0,1.0,1.0,0.6674836305517601,0.6680364102500558,0.6683255651174601,0,0.4,1,1.0,0,0.0014209419151465447,1,0.5107937492579021,1,0.48791691027299666,1,0.59,0,2,0.5016447330923257
962,0.5,1.0,0.5,,0.16363636363636364,0.5114648939554968,0.5114648939554968,0.0,0.6666666666666666,0.0,0.4852125051260253,0.9966996699669967,0.9289772546783007,0.0,0.995049504950495,1.0,0.7763847519452024,0.8544998247930051,0.9940680815993584,0,0.4,0,0.0,0,5.773028898324741e-59,1,0.9061556698279578,0,0.46062493854857167,0,0.45,0,5,0.6305365652705783
963,0.4,0.8888888888888888,0.5,,0.18181818181818182,0.48853510604450323,0.48853510604450323,0.0,0.6666666666666666,0.6666666666666666,0.4960553932055529,0.9966996699669967,0.9561846598725048,0.0049504950495049506,0.9983498349834984,1.0,0.9324588582256619,0.9790675367758622,0.9988200928884128,1,0.6,1,1.0,1,1.0,1,0.69131103603379,1,0.5378748142514502,0,0.5,1,1,0.27846902495245995
964,0.6,0.8888888888888888,0.5,,0.12727272727272726,0.4919808249876878,0.4919808249876878,0.0,0.6666666666666666,1.0,0.5201862076435351,0.9983498349834984,0.9900451671043813,0.0016501650165016502,1.0,1.0,0.7433091996274643,0.7523980353909501,0.7671471079375378,1,0.6,0,0.0,1,0.9862128242984606,1,0.6686238932563441,0,0.5,0,0.32,1,3,0.48752721374086594
965,0.4,0.7777777777777778,0.5,,0.509090909090909,0.5060757647264487,0.5060757647264487,0.0,0.6666666666666666,0.2857142857142857,0.48620731380869264,0.995049504950495,0.9999639309339581,0.0033003300330033004,0.9900990099009901,1.0,0.6670174509583587,0.6670559695290912,0.6671105190636599,1,0.8,1,1.0,1,0.9984363319486552,0,0.4975956165506512,0,0.5129984695648123,1,0.74,1,2,0.2418282636559801
966,0.4,0.2962962962962963,0.5,,0.18181818181818182,0.48853510604450323,0.48853510604450323,0.0,0.6666666666666666,1.0,0.5309492456504707,0.9983498349834984,0.9530461428870323,0.0,1.0,1.0,0.8346396189008423,0.9187250644127264,0.9770566657454496,1,0.6,1,1.0,1,1.0,0,0.4136229852627107,1,0.4920702788682845,1,0.61,1,1,0.31405112264483404
967,0.3,0.40740740740740744,0.5,,0.14545454545454545,0.4888911232905795,0.4888911232905795,0.0,0.6666666666666666,0.16666666666666666,0.35189736490486845,0.9900990099009901,0.9866055103193401,0.0016501650165016502,0.9900990099009901,1.0,0.7635674647695614,0.775193788152287,0.7885645391123547,1,0.6,1,1.0,1,0.9844599852967861,1,0.6096325520209096,1,0.5,1,0.64,1,0,0.2776512437803841
968,0.7,0.8148148148148149,0.5,,0.12727272727272726,0.5060579305115345,0.5060579305115345,0.0,0.6666666666666666,1.0,0.5089236566531021,0.9983498349834984,0.9995110277209333,0.0,1.0,1.0,0.6698803620747016,0.6705032236537106,0.6713231232275185,0,0.4,0,0.0,0,0.0006426527884936626,1,0.5017988102059083,0,0.5050113651219857,0,0.2,1,5,0.7320911953139354
969,0.4,0.7407407407407407,0.5,,0.16363636363636364,0.4939406044043859,0.4939406044043859,0.0,0.6666666666666666,0.5,0.5232060327948016,0.9983498349834984,0.999641553502722,0.0049504950495049506,0.9900990099009901,1.0,0.6697883765626848,0.6702575168063496,0.6706572489859518,0,0.4,0,0.0,1,0.9984318139203621,1,0.5171953189061871,1,0.5120315777573627,0,0.48,0,3,0.5153902149026814
970,0.6,0.6296296296296297,0.5,,0.6,0.5060768612300736,0.5060768612300736,0.0,0.6666666666666666,1.0,0.5259129473994484,0.9983498349834984,0.999977949966085,0.0,1.0,1.0,0.666794889706017,0.6668182217538743,0.66686570210134,1,0.6,0,0.0,1,0.9983990494506475,0,0.4970859455734164,0,0.5132287538031224,0,0.42,1,4,0.49521437519546896
971,0.4,0.5925925925925926,0.5,,0.23636363636363636,0.5055144101925075,0.5055144101925075,0.0,0.6666666666666666,0.25,0.49015586507062614,0.9966996699669967,0.9948493881164401,0.0016501650165016502,0.9966996699669967,1.0,0.6951717089602841,0.6993250090024603,0.7032817432180519,0,0.4,1,1.0,0,0.015506732925429052,1,0.5383268584441142,0,0.5,0,0.41,1,4,0.5226944014384094
972,0.5,0.5555555555555556,0.5,,0.12727272727272726,0.4939424186425396,0.4939424186425396,0.0,0.6666666666666666,0.0,0.4175304769663575,0.995049504950495,0.9993922348024907,0.0,1.0,1.0,0.6695541069905447,0.6705880724608635,0.6712361833485158,1,0.8,0,0.0,1,0.9993570029286141,1,0.5202060584666482,1,0.49496787647475365,1,0.57,0,1,0.4359115103549974
973,0.7,0.6296296296296297,0.5,,0.41818181818181815,0.4939256277610313,0.4939256277610313,0.0,0.6666666666666666,1.0,0.5036748138025225,0.9983498349834984,0.9998517004736294,0.0,1.0,1.0,0.6670591090094575,0.6673525073765673,0.6675017493689449,0,0.2,1,1.0,1,0.9999776554935523,1,0.5136323264226663,1,0.5133756591548724,1,0.53,0,1,0.37383572648815155
974,0.5,0.5555555555555556,0.5,,0.9636363636363636,0.4939224841330311,0.4939224841330311,0.0,0.6666666666666666,1.0,0.5097838052091686,0.9983498349834984,0.9999992919506925,0.0016501650165016502,0.9983498349834984,1.0,0.6666674175282754,0.6666688734663313,0.6666695268867304,1,0.6,0,0.0,1,0.996729939657399,1,0.5062557397446291,1,0.5,1,0.57,0,1,0.4711690534329954
975,0.3,0.2962962962962963,0.5,,0.8363636363636363,0.4939226364981597,0.4939226364981597,0.0,0.6666666666666666,0.3333333333333333,0.4487903264351899,0.9933993399339934,0.99999367376922,0.0016501650165016502,0.9983498349834984,1.0,0.6666936891237193,0.6667023687025799,0.6667075055698318,1,0.8,1,1.0,1,0.9967267111834234,1,0.5062934821197842,1,0.5,1,0.84,0,0,0.22616330111613214
976,0.5,0.8888888888888888,0.5,,0.4909090909090909,0.5060752197843378,0.5060752197843378,0.0,0.6666666666666666,0.5,0.5234383994024718,0.9983498349834984,0.9999282705240888,0.0033003300330033004,0.9966996699669967,1.0,0.6671144556776624,0.6671799676744874,0.6672903929445172,1,0.6,0,0.0,0,0.0033184290087771248,0,0.49449585717249583,0,0.5,0,0.24,1,5,0.6936976189697879
977,0.2,0.33333333333333337,0.5,,0.10909090909090909,0.5060420018829934,0.5060420018829934,0.0,0.6666666666666666,0.0,0.4902714369085702,0.9966996699669967,0.9990405374145539,0.0,0.9983498349834984,1.0,0.6719418609092115,0.673019987583058,0.6744372320308761,1,1.0,1,1.0,0,2.5768244541142003e-05,1,0.5096726937482209,0,0.4871368623720448,1,0.61,1,2,0.39886077927253216
978,0.6,0.5185185185185186,0.5,,0.45454545454545453,0.506075240603249,0.506075240603249,0.0,0.6666666666666666,1.0,0.5299298497911428,0.9983498349834984,0.9999174981208216,0.0,1.0,1.0,0.6670907093933591,0.6671709859337227,0.667317430420414,0,0.4,0,0.0,0,2.227655558973243e-05,0,0.4921649377640256,0,0.48663394419704087,0,0.35,1,6,0.711863140247224
979,0.3,0.4444444444444444,0.5,,0.2545454545454545,0.5060657477608037,0.5060657477608037,0.0,0.6666666666666666,0.5,0.48997057209895034,0.9966996699669967,0.9995246459293883,0.0,0.9983498349834984,1.0,0.6686963578592297,0.6691033520909206,0.6700899799186448,1,0.6,0,0.0,0,0.0035198486356322516,0,0.49357021071680635,0,0.5,0,0.37,1,5,0.6721516567745935
980,0.5,0.5555555555555556,0.5,,0.12727272727272726,0.5114648939554968,0.5114648939554968,0.0,0.6666666666666666,0.0,0.4255131136642649,0.995049504950495,0.8944505056278146,0.0,1.0,0.88,0.6163217433068051,0.706953316103385,0.964811270836903,1,0.6,1,1.0,1,1.0,1,0.9967534669953632,1,0.48763006074153353,1,0.72,0,0,0.19926941204385062
981,0.1,0.0,0.5,,0.5454545454545454,0.49392384389690014,0.49392384389690014,0.0,0.6666666666666666,0.0,0.40662902806221624,0.9900990099009901,0.9999382056135451,0.0,0.9867986798679867,1.0,0.6668831682732663,0.6669641139163959,0.6669945447694892,1,1.0,1,1.0,1,0.9994156885055512,1,0.5075781618805879,1,0.4947386129374652,1,0.9,0,0,0.18304458944606594
982,0.3,0.4444444444444444,0.5,,0.21818181818181817,0.4968418572397356,0.4968418572397356,0.0,0.6666666666666666,0.0,0.49077048583616223,0.9966996699669967,0.9930661728699246,0.0,0.9983498349834984,1.0,0.7086679737040469,0.7206476318248314,0.7281469020254288,1,0.6,1,1.0,1,0.8741040209215645,1,0.5657273175033037,0,0.43828375291535665,1,0.61,0,1,0.3186474847766293
983,0.4,0.7037037037037037,0.5,,0.21818181818181817,0.48853656652967314,0.48853656652967314,0.0,0.6666666666666666,1.0,0.5229231927537579,0.9983498349834984,0.9678715817396352,0.0,1.0,1.0,0.7892669771410424,0.8201245049672699,0.9067558697790534,1,0.6,1,1.0,1,0.99983457879977,1,0.8283890997210923,1,0.512869906294377,1,0.79,1,0,0.21148440253079348
984,0.4,0.33333333333333337,0.5,,0.10909090909090909,0.5060442999191292,0.5060442999191292,0.0,0.6666666666666666,0.0,0.4023757465390747,0.9966996699669967,0.999391851471639,0.0,0.9933993399339934,1.0,0.6720055255913163,0.6727300248397894,0.6738525922837806,0,0.4,0,0.0,0,0.0006895469108660768,1,0.5015747215881419,0,0.5,1,0.56,1,4,0.6729559552501654
985,0.2,0.33333333333333337,0.5,,0.10909090909090909,0.5060426476164871,0.5060426476164871,0.0,0.6666666666666666,0.2,0.45468299716932015,0.995049504950495,0.9993457542732139,0.0016501650165016502,0.9884488448844885,1.0,0.6722950047809702,0.6729476183447858,0.6741529482572763,1,1.0,1,1.0,0,2.5702294742516888e-05,1,0.5040311473984929,0,0.4872122130865714,1,0.82,1,2,0.36478848953669896
986,0.7,0.7407407407407407,0.5,,0.10909090909090909,0.4939613895632281,0.4939613895632281,0.0,0.6666666666666666,1.0,0.550684404340354,0.9983498349834984,0.9993021952632408,0.0016501650165016502,1.0,1.0,0.6717149083979831,0.673547146611956,0.6746532274363908,0,0.4,0,0.0,0,0.0008897253780081763,1,0.5113038681937578,1,0.4926099730609947,0,0.28,0,4,0.7191994055612065
987,0.5,0.5185185185185186,0.5,,0.8909090909090909,0.5060775041274785,0.5060775041274785,0.0,0.6666666666666666,1.0,0.5212434316214076,0.9983498349834984,0.9999984330494769,0.0,1.0,1.0,0.6666700183546815,0.6666713721646902,0.6666750008114322,1,0.6,1,1.0,0,2.2108700785380676e-05,0,0.49003095500788957,0,0.48655918103349705,1,0.59,1,3,0.47223129254297136
988,0.4,0.5925925925925926,0.5,,0.18181818181818182,0.5047423607749897,0.5047423607749897,0.0,0.6666666666666666,0.0,0.4415270074597154,0.9900990099009901,0.9930059802035829,0.0,0.9966996699669967,1.0,0.7028412641626308,0.7099031943439498,0.7241721333433817,1,1.0,1,1.0,0,0.0005513486998705264,1,0.6747761817873764,0,0.4915605515532759,1,0.74,1,2,0.34885198632657966
989,0.6,0.8888888888888888,0.5,,0.18181818181818182,0.5114648939554968,0.5114648939554968,0.0,0.6666666666666666,0.75,0.47910231652244284,0.9966996699669967,0.9526899146397727,0.0049504950495049506,0.9983498349834984,1.0,0.8718603106326128,0.9279628293355262,0.9973589171963332,0,0.4,0,0.0,0,3.39021804532638e-21,1,0.6158741330057729,0,0.4868862287297267,0,0.31,0,5,0.6978732730440834
990,0.6,0.4814814814814815,0.5,,0.5272727272727272,0.49392348727750157,0.49392348727750157,0.0,0.6666666666666666,0.6666666666666666,0.5040830980785486,0.9983498349834984,0.999971997663713,0.0033003300330033004,0.9983498349834984,1.0,0.6668389574713608,0.6668925715703818,0.6669149307069328,1,0.6,1,1.0,1,0.9967087326911434,1,0.506494664105805,1,0.5,0,0.43,0,1,0.32779943386717525
991,0.3,0.37037037037037035,0.5,,0.10909090909090909,0.5047897437858323,0.5047897437858323,0.0,0.6666666666666666,0.0,0.45796212059258967,0.9884488448844885,0.9812591320188658,0.0,1.0,1.0,0.7102333546797261,0.7440264925291201,0.7631800435403988,1,1.0,1,1.0,0,0.3065094037507177,1,0.6110876625052994,0,0.43800664390663213,1,0.67,0,2,0.329066048306225
992,0.6,0.2962962962962963,0.5,,0.4727272727272727,0.49392455798998847,0.49392455798998847,0.0,0.6666666666666666,0.0,0.4252839901858315,0.995049504950495,0.9999528453076141,0.0016501650165016502,0.995049504950495,1.0,0.6670432504236936,0.6671254846616305,0.6671740132782576,0,0.2,0,0.0,1,0.9999777401518365,1,0.5104655073000639,1,0.5133888286129111,0,0.46,0,3,0.5526946539891981
993,0.7,0.7037037037037037,0.5,,0.2,0.49393566406755796,0.49393566406755796,0.0,0.6666666666666666,0.6666666666666666,0.4884892399336589,0.9966996699669967,0.9995803021258054,0.00825082508250825,0.9983498349834984,1.0,0.6686776147948901,0.6693440812263444,0.6696698898521148,0,0.4,1,1.0,1,0.9985178095791247,1,0.515731121741092,1,0.5144539332960857,0,0.27,0,2,0.3835495225639496
994,0.2,0.5185185185185186,0.5,,0.45454545454545453,0.5060756125919389,0.5060756125919389,0.0,0.6666666666666666,0.0,0.35267950213829213,0.9933993399339934,0.9999413313122079,0.0,0.9900990099009901,1.0,0.6670514176339247,0.6670881079006938,0.667124584217759,1,1.0,1,1.0,0,0.00129233764066555,0,0.48845110610582065,0,0.4795181291066004,1,0.91,1,3,0.35345640452448557
995,0.3,0.0,0.5,,0.5454545454545454,0.4939237990423686,0.4939237990423686,0.0,0.6666666666666666,0.0,0.35214467044241793,0.9917491749174917,0.9999368102724698,0.0,0.9966996699669967,1.0,0.6668938887667163,0.6669586988287421,0.6670025431268275,1,0.6,1,1.0,1,0.9994158591739303,1,0.5081919536587441,1,0.49473743997003417,1,0.91,0,0,0.24794245786621527
996,0.3,0.6296296296296297,0.5,,0.41818181818181815,0.49392585243711107,0.49392585243711107,0.0,0.6666666666666666,0.0,0.4802890452348899,0.995049504950495,0.9998726903692825,0.0,1.0,1.0,0.6671462229397961,0.6674062804649534,0.6675229792669389,1,0.6,0,0.0,1,0.9999776379824618,1,0.5124901522681844,1,0.5133621794853329,1,0.63,0,1,0.4573616717106702
997,0.3,0.40740740740740744,0.5,,0.18181818181818182,0.49415465392159996,0.49415465392159996,0.0,0.6666666666666666,0.3333333333333333,0.47465469953835815,0.9966996699669967,0.9972385864670794,0.0033003300330033004,0.9917491749174917,1.0,0.6842372926230509,0.6888133165343703,0.6921431324466153,1,0.8,1,1.0,1,0.9938282696266877,1,0.5235268082545081,0,0.4694789177152663,1,0.58,0,1,0.27219433406725635
998,0.5,1.0,0.5,,0.21818181818181817,0.4885358513648693,0.4885358513648693,0.0,0.6666666666666666,0.6666666666666666,0.5284731431839453,0.9983498349834984,0.9827501381115844,0.0033003300330033004,0.9983498349834984,1.0,0.8071708179287013,0.8287347080457275,0.8534432234173466,0,0.4,0,0.0,1,0.999998007574727,1,0.5224495656494603,1,0.5609290724037856,0,0.43,1,3,0.5144372257286711
999,0.3,0.11111111111111116,0.5,,0.18181818181818182,0.5060327390369468,0.5060327390369468,0.0,0.6666666666666666,0.6666666666666666,0.5366597405418183,0.9983498349834984,0.9990926750345244,0.0033003300330033004,0.9966996699669967,1.0,0.6734466294408492,0.674318739247822,0.6758817413853763,1,0.8,1,1.0,0,0.002048915532651159,1,0.5013787374389794,0,0.5,1,0.58,1,2,0.43609539117139484
1000,0.3,0.5185185185185186,0.5,,0.32727272727272727,0.5060722693351312,0.5060722693351312,0.0,0.6666666666666666,0.0,0.3661916072735122,0.9966996699669967,0.9999058783573814,0.0,0.9966996699669967,1.0,0.6676873561919233,0.6677978388301953,0.6679073191152319,1,0.8,1,1.0,0,0.0013483282910841088,0,0.4899160454171238,0,0.48143191070031016,1,0.76,1,3,0.41121728593191376
1001,0.4,0.11111111111111116,0.5,,0.18181818181818182,0.5060008635232653,0.5060008635232653,0.0,0.6666666666666666,0.0,0.42288850478240125,0.995049504950495,0.9977399241205948,0.0,0.9983498349834984,1.0,0.675875216044967,0.6780317305944071,0.68269208148623,1,0.6,1,1.0,0,0.0008558686098917918,1,0.5239596782320265,0,0.5,1,0.67,1,2,0.450864075526347
1002,0.6,0.0,0.5,,0.5454545454545454,0.49392419399010645,0.49392419399010645,0.0,0.6666666666666666,0.5,0.5227405219128118,0.9983498349834984,0.9999370103770675,0.0,0.9983498349834984,1.0,0.6668932269523882,0.6670477514255899,0.6671151431483481,0,0.4,0,0.0,1,0.9994147299577113,1,0.5078379273029198,1,0.49474559849176625,0,0.31,0,3,0.5480002907079338
1003,0.5,0.6296296296296297,0.5,,0.41818181818181815,0.4939257300175218,0.4939257300175218,0.0,0.6666666666666666,0.0,0.4796086493432571,0.9966996699669967,0.9998788174805467,0.0,1.0,1.0,0.667227368298675,0.6673713411132529,0.667462715998509,0,0.4,0,0.0,0,0.0015157040249668343,1,0.5028378444466474,1,0.4873059851878039,0,0.45,0,4,0.693056744390097
1004,0.4,0.5555555555555556,0.5,,0.4909090909090909,0.5060763304411027,0.5060763304411027,0.0,0.6666666666666666,0.0,0.4764767095435031,0.9933993399339934,0.9999555301852028,0.0,1.0,1.0,0.6668914181450304,0.6669306076803002,0.6670087706176725,1,0.6,1,1.0,1,0.9984170432446237,0,0.4962414063774645,0,0.5131246667253375,0,0.5,1,3,0.31536948060876246
1005,0.8,0.9259259259259259,0.5,,0.23636363636363636,0.5031518355092937,0.5031518355092937,0.0,0.6666666666666666,0.6666666666666666,0.5018162471111223,0.9983498349834984,0.9939382177862045,0.01155115511551155,0.9983498349834984,1.0,0.7130182683942935,0.7205385910883753,0.7313452610063689,0,0.2,0,0.0,0,0.002283503579149662,1,0.5825990573484158,0,0.4943428309043352,0,0.19,1,5,0.7551291013613499
1006,0.6,0.7407407407407407,0.5,,0.23636363636363636,0.4950607959752049,0.4950607959752049,0.0,0.6666666666666666,0.0,0.4730651997448695,0.9966996699669967,0.9924376279500035,0.0,1.0,1.0,0.6907124012073036,0.708278137312654,0.718238514233864,1,0.6,0,0.0,1,0.9716462378219004,1,0.5909615967312474,1,0.5,1,0.61,0,1,0.45456536090780875
1007,0.5,0.7407407407407407,0.5,,0.34545454545454546,0.5060736979707481,0.5060736979707481,0.0,0.6666666666666666,0.0,0.49894970141717665,0.9966996699669967,0.9998744814951297,0.0,1.0,1.0,0.6674029910518356,0.6675154129732569,0.6678391149533892,1,0.8,0,0.0,0,0.00335020800652901,0,0.4943989945903745,0,0.5,1,0.7,1,4,0.5837084662338494
1008,0.8,1.0,0.5,,0.16363636363636364,0.5060597094082679,0.5060597094082679,0.0,0.6666666666666666,1.0,0.5884451691469323,0.9983498349834984,0.9996461032575878,0.009900990099009901,1.0,1.0,0.6697961093949651,0.670215069058302,0.6708964293343532,0,0.0,1,1.0,0,0.0006360613756074484,0,0.4968411745638815,0,0.5050357691877179,0,0.18,1,5,0.6362478324787988
1009,0.4,0.33333333333333337,0.5,,0.10909090909090909,0.5060384804898019,0.5060384804898019,0.0,0.6666666666666666,0.0,0.4742269293891931,0.9933993399339934,0.9988351799070878,0.0,0.9983498349834984,1.0,0.6725694975894438,0.6735515710442431,0.6763176432662689,1,0.6,1,1.0,0,0.0007101436287663817,1,0.5340071444958093,0,0.5,1,0.65,1,2,0.452547118645904
1010,0.3,0.5555555555555556,0.5,,0.4909090909090909,0.5060764019552308,0.5060764019552308,0.0,0.6666666666666666,0.0,0.4610721988319536,0.9884488448844885,0.9999647897189203,0.0,0.9983498349834984,1.0,0.6668825569463046,0.6669169091046163,0.6669760958626209,1,1.0,1,1.0,0,0.0032936891448772845,0,0.49437867853826106,0,0.5,1,0.72,1,3,0.38038793871947696
1011,0.4,0.7407407407407407,0.5,,0.38181818181818183,0.5060745285713567,0.5060745285713567,0.0,0.6666666666666666,0.0,0.47389760655398117,0.9933993399339934,0.9998623628791964,0.0,1.0,1.0,0.6672328058709385,0.667340426191463,0.6676031885548068,1,0.8,1,1.0,0,2.2320256402453007e-05,0,0.49166936672771533,0,0.48664662163015493,1,0.63,1,3,0.4319436152309546
1012,0.6,0.9259259259259259,0.5,,0.12727272727272726,0.48853510604450323,0.48853510604450323,0.0,0.6666666666666666,1.0,0.5342048604398497,0.9983498349834984,0.9042340212910311,0.0,1.0,0.85,0.5237759704429279,0.6987083325486994,0.7888538884081163,0,0.4,0,0.0,1,1.0,1,0.9999990268280132,0,0.5,0,0.37,1,4,0.4550001621953311
1013,0.6,0.5555555555555556,0.5,,0.12727272727272726,0.5114648939554968,0.5114648939554968,0.0,0.6666666666666666,1.0,0.5799039489260505,0.9983498349834984,0.9107239487424591,0.0016501650165016502,1.0,1.0,0.6797096291647545,0.7866802735500978,0.9831002041186768,0,0.2,0,0.0,0,8.33767923699026e-58,1,0.997877477292763,0,0.5,0,0.43,0,5,0.6453537537845395
1014,0.6,0.5555555555555556,0.5,,0.14545454545454545,0.5058497415150621,0.5058497415150621,0.0,0.6666666666666666,0.0,0.4648018388721744,0.9966996699669967,0.9961166428025775,0.0,0.9983498349834984,1.0,0.6841280426469006,0.6885308699378981,0.6969125442084813,0,0.4,1,1.0,0,6.134897342992741e-05,1,0.5897194031984508,0,0.48802607688511374,1,0.62,1,3,0.48369886182383415
1015,0.7,0.40740740740740744,0.5,,0.2545454545454545,0.49392896484412274,0.49392896484412274,0.0,0.6666666666666666,0.75,0.5692275732307164,0.9983498349834984,0.9998664416772345,0.0049504950495049506,0.9983498349834984,1.0,0.6677472856452176,0.6680561879532867,0.6682252970585228,0,0.2,1,1.0,1,0.9994003418994994,1,0.5085938118001017,1,0.4948154144688111,1,0.52,0,1,0.3795317386385979
1016,0.4,0.7407407407407407,0.5,,0.32727272727272727,0.4939272379801707,0.4939272379801707,0.0,0.6666666666666666,0.0,0.444395331301044,0.9933993399339934,0.9998621642145834,0.0,0.995049504950495,1.0,0.6675191596683475,0.6676957426261677,0.6678244910220396,1,0.8,1,1.0,0,0.0014688403131370167,1,0.5050556555462875,1,0.4875978270106935,1,0.69,0,1,0.4193129461883137
1017,0.4,0.4444444444444444,0.5,,0.21818181818181817,0.49640724991463114,0.49640724991463114,0.0,0.6666666666666666,0.3333333333333333,0.44113171308276533,0.9966996699669967,0.9935328733441307,0.0,0.995049504950495,1.0,0.7090518162039698,0.7185915926141717,0.7262279478049789,1,0.6,1,1.0,1,0.9983233297460871,1,0.6160521803500232,1,0.5083851132334134,1,0.69,0,0,0.2645398961117461
1018,0.6,0.5925925925925926,0.5,,0.23636363636363636,0.5056681952738995,0.5056681952738995,0.0,0.6666666666666666,0.0,0.4689727292454371,0.995049504950495,0.9955606413354156,0.0,1.0,1.0,0.6914458019688574,0.6955260965255602,0.7022677444114828,0,0.4,0,0.0,0,0.00010929614648148515,0,0.46927454782350314,0,0.4868781950553225,1,0.51,1,5,0.6889563268291155
1019,0.5,0.8888888888888888,0.5,,0.2727272727272727,0.4939320853779562,0.4939320853779562,0.0,0.6666666666666666,1.0,0.5192571845430247,0.9983498349834984,0.999777268198136,0.0016501650165016502,1.0,1.0,0.6682875039472249,0.6686716998895698,0.6690003812202122,0,0.4,0,0.0,1,0.9999771039062185,1,0.5121015419839199,1,0.5132357282315825,0,0.3,0,3,0.5457809376463798
1020,0.5,0.7777777777777778,0.5,,0.6545454545454545,0.49392302702036117,0.49392302702036117,0.0,0.6666666666666666,0.0,0.494824298958208,0.995049504950495,0.9999791812598373,0.0,0.9983498349834984,1.0,0.6667556888433387,0.6667872690948368,0.6668050850083829,0,0.4,0,0.0,1,0.9987302491303389,1,0.5121549526909039,1,0.5212939770347165,0,0.44,0,3,0.5213034701906734
1021,0.3,0.40740740740740744,0.5,,0.18181818181818182,0.4942213898729324,0.4942213898729324,0.0,0.6666666666666666,0.0,0.3962158065105361,0.995049504950495,0.9951125127635759,0.0,0.9966996699669967,1.0,0.6831105808197999,0.6917367582258265,0.6963911790386266,0,0.4,1,1.0,1,0.9921302884032628,1,0.5768322330109603,0,0.4643253670331866,1,0.69,0,2,0.3127853519254318
1022,0.6,0.7037037037037037,0.5,,0.9454545454545454,0.5060774944612807,0.5060774944612807,0.0,0.6666666666666666,1.0,0.510056609007769,0.9983498349834984,0.9999980112864675,0.0,1.0,1.0,0.6666717136966701,0.6666735697649807,0.6666781273700686,0,0.4,1,1.0,0,0.0005803397926490078,0,0.49300243487681905,0,0.5052829421761696,0,0.44,1,5,0.5268557138590604
1023,0.6,0.5185185185185186,0.5,,0.32727272727272727,0.5060727050820508,0.5060727050820508,0.0,0.6666666666666666,1.0,0.5106375706117854,0.9983498349834984,0.9998610316590745,0.0,1.0,1.0,0.6675180251915872,0.6677082762729146,0.6680433292535216,1,0.6,1,1.0,1,0.9985321232103631,0,0.499614319572708,0,0.5123675829812114,1,0.6,1,2,0.29824766237261946
1024,0.5,0.6296296296296297,0.5,,0.07272727272727272,0.5060514710810076,0.5060514710810076,0.0,0.6666666666666666,0.0,0.4609906369678136,0.9933993399339934,0.9992695942933191,0.0,1.0,1.0,0.670886729866254,0.6715846025561408,0.6732148532568366,0,0.4,1,1.0,0,2.4618457185177754e-05,1,0.5033629570267726,0,0.4871233453788962,1,0.54,1,3,0.5115815131895243
1025,0.4,0.2962962962962963,0.5,,0.18181818181818182,0.48853510604450323,0.48853510604450323,0.0,0.6666666666666666,0.5,0.5164527876488451,0.9983498349834984,0.948234658308235,0.0033003300330033004,0.9966996699669967,1.0,0.9053386254936735,0.9581051360215043,0.9988261613066681,1,0.6,1,1.0,0,2.5191169747308055e-30,1,0.9099998096523264,1,0.47633637045789157,1,0.72,1,1,0.3822773033149637
1026,0.6,0.8888888888888888,0.5,,0.2727272727272727,0.49393244358734356,0.49393244358734356,0.0,0.6666666666666666,0.5,0.517824094045148,0.9983498349834984,0.9997134534821507,0.0,1.0,1.0,0.6682030618018824,0.6687484998992588,0.66907150813016,1,0.6,0,0.0,1,0.9993894116103463,1,0.5126644384443,1,0.49486418600169285,0,0.43,0,2,0.49384699399061016
1027,0.4,0.5925925925925926,0.5,,0.38181818181818183,0.4939269909728107,0.4939269909728107,0.0,0.6666666666666666,0.0,0.41615900051328825,0.9933993399339934,0.9998738113245998,0.0,0.995049504950495,1.0,0.6674012282173157,0.6676267343113829,0.6677461300986269,1,0.6,0,0.0,1,0.9966337306351881,1,0.5072649987143514,1,0.5,1,0.63,0,1,0.46101687844174344
1028,0.7,1.0,0.5,,0.8,0.5060773505598709,0.5060773505598709,0.0,0.6666666666666666,1.0,0.529504555654015,0.9983498349834984,0.9999939993685258,0.0033003300330033004,1.0,1.0,0.6666997309464129,0.6667060119581002,0.6667171951450588,0,0.2,0,0.0,0,0.0032735704176388098,0,0.49385617984826247,0,0.5,0,0.23,1,6,0.7621450416223498
1029,0.7,0.4444444444444444,0.5,,0.21818181818181817,0.500375536615272,0.500375536615272,0.0,0.6666666666666666,1.0,0.5319586992209445,0.9983498349834984,0.9914388267953359,0.0016501650165016502,1.0,1.0,0.7176189579361741,0.7328621252063712,0.7441471768310147,0,0.2,0,0.0,1,0.6293600652616276,1,0.6934698317625435,0,0.43786808061576393,0,0.27,0,4,0.6282170037266774
1030,0.4,0.5555555555555556,0.5,,0.9818181818181818,0.49392250848951547,0.49392250848951547,0.0,0.6666666666666666,0.5,0.47557033998352427,0.9966996699669967,0.9999987160582157,0.0049504950495049506,0.995049504950495,1.0,0.6666732623676374,0.6666742068879371,0.666674869770898,1,0.6,1,1.0,1,0.9967294210081754,1,0.5062630635876273,1,0.5,1,0.69,0,0,0.28450125256736614
1031,0.7,0.7407407407407407,0.5,,0.7636363636363637,0.5060773258084813,0.5060773258084813,0.0,0.6666666666666666,0.0,0.495288490210656,0.9966996699669967,0.9999920141835337,0.0,1.0,1.0,0.6667034490723485,0.6667108880330632,0.6667234602896084,0,0.4,0,0.0,1,0.9983819701163815,0,0.4967060922592082,0,0.5133337216732962,0,0.47,1,5,0.5202630359918523
1032,0.4,1.0,0.5,,0.3090909090909091,0.5060712209475551,0.5060712209475551,0.0,0.6666666666666666,1.0,0.5175679909413589,0.9983498349834984,0.9998195110677575,0.0,1.0,1.0,0.6678520772682085,0.6680240270215033,0.6684281892768921,1,0.6,1,1.0,0,0.0013663415301966768,0,0.4919677404095037,0,0.48205882990286986,0,0.44,1,4,0.497434514692905
1033,0.3,0.5925925925925926,0.5,,0.4727272727272727,0.5060745883781341,0.5060745883781341,0.0,0.6666666666666666,0.3333333333333333,0.51004391759218,0.9983498349834984,0.9999444022052725,0.0016501650165016502,0.995049504950495,1.0,0.6672423292095567,0.6673070940206749,0.6674242690394048,1,0.8,1,1.0,0,0.0013093019920780125,0,0.4888193397398638,0,0.4801147875451096,1,0.87,1,3,0.3932927617871581
1034,0.5,0.8888888888888888,0.5,,0.9818181818181818,0.5060774440911167,0.5060774440911167,0.0,0.6666666666666666,0.0,0.4257306360414862,0.995049504950495,0.9999967865590146,0.0,1.0,1.0,0.6666816087946943,0.6666848678842903,0.6666903671182078,1,0.6,1,1.0,0,0.003271577982042641,0,0.49381758890423655,0,0.5,1,0.7,1,3,0.4504851388522867
1035,0.6,0.11111111111111116,0.5,,0.18181818181818182,0.5060245790903877,0.5060245790903877,0.0,0.6666666666666666,0.5,0.4736352694190047,0.9966996699669967,0.9988725872852015,0.00825082508250825,0.9933993399339934,1.0,0.6743320449082892,0.6753773916507494,0.6762342724751739,1,0.6,1,1.0,0,0.0007626688612456335,1,0.5057427550714518,0,0.5,1,0.54,1,2,0.4755824293445504
1036,0.6,0.7777777777777778,0.5,,0.7090909090909091,0.5060772718857203,0.5060772718857203,0.0,0.6666666666666666,0.5,0.48770348115471396,0.9966996699669967,0.9999897960978723,0.0,0.9983498349834984,1.0,0.6667155438814942,0.6667227707653717,0.6667355356186246,0,0.2,0,0.0,0,0.001264804772423141,0,0.4881715776986548,0,0.47853340445898795,0,0.28,1,6,0.7586717021783224
1037,0.5,0.5555555555555556,0.5,,0.4909090909090909,0.5060763354116171,0.5060763354116171,0.0,0.6666666666666666,0.5,0.4511100769449813,0.995049504950495,0.9999670074706032,0.0033003300330033004,0.9933993399339934,1.0,0.6669018782970539,0.6669302385257901,0.6669774155650344,1,0.6,0,0.0,0,2.2193751966075632e-05,0,0.49022939535818244,0,0.486592793651715,1,0.53,1,4,0.6488592695396893
1038,0.5,0.4444444444444444,0.5,,0.2545454545454545,0.5060640592074803,0.5060640592074803,0.0,0.6666666666666666,0.0,0.4847635002322501,0.995049504950495,0.9995719478089652,0.0016501650165016502,0.9983498349834984,1.0,0.6690864089739371,0.6694476934047217,0.6701863033572998,0,0.4,0,0.0,0,0.0006216820195013785,1,0.5004624138765082,0,0.5050829373251703,1,0.55,1,4,0.6739721611298033
1039,0.7,0.6296296296296297,0.5,,0.9454545454545454,0.5060775082982117,0.5060775082982117,0.0,0.6666666666666666,0.6666666666666666,0.4895502115572068,0.9966996699669967,0.9999990258442362,0.00825082508250825,0.9983498349834984,1.0,0.6666696113792865,0.6666706426159004,0.6666725134418958,0,0.2,1,1.0,0,0.0032702161915128558,0,0.4937604058276768,0,0.5,1,0.55,1,4,0.5421615629968017
1040,0.6,0.7037037037037037,0.5,,0.2,0.49393615442468297,0.49393615442468297,0.0,0.6666666666666666,1.0,0.5351977718988639,0.9983498349834984,0.9995221148030077,0.0,1.0,1.0,0.6684102276365643,0.6694635678775324,0.6699561354947935,0,0.2,0,0.0,0,0.0012470730484691421,1,0.5130845709958929,1,0.48921128588205315,0,0.37,0,4,0.7377428450122641
1041,0.3,0.5925925925925926,0.5,,0.38181818181818183,0.49392698592893003,0.49392698592893003,0.0,0.6666666666666666,0.3333333333333333,0.45666215895901585,0.995049504950495,0.999892978721058,0.0016501650165016502,0.995049504950495,1.0,0.6675128268226805,0.6676379948157536,0.6677680872407655,1,0.6,0,0.0,1,0.9999775418016446,1,0.5105876719769742,1,0.5133358319118464,1,0.62,0,1,0.4593498257182559
1042,0.6,0.962962962962963,0.5,,0.12727272727272726,0.5060552131550837,0.5060552131550837,0.0,0.6666666666666666,1.0,0.5578956459979325,0.9983498349834984,0.9994099749956966,0.0033003300330033004,1.0,1.0,0.6702040293929853,0.6709879586737735,0.6724037262008395,0,0.4,0,0.0,0,0.0016426017848390946,0,0.49405106418178624,0,0.4899798191068809,0,0.43,1,6,0.697387752487749
1043,0.5,0.5555555555555556,0.5,,0.9636363636363636,0.4939224824794989,0.4939224824794989,0.0,0.6666666666666666,1.0,0.5545706483440067,0.9983498349834984,0.9999993262102181,0.0,1.0,1.0,0.6666672429094586,0.666668430104669,0.6666690840522708,0,0.4,0,0.0,0,0.0016249287403007936,1,0.5033431635470571,1,0.4866257842525142,0,0.45,0,4,0.6930676872433547
1044,0.5,0.6296296296296297,0.5,,0.6181818181818182,0.506077116132247,0.506077116132247,0.0,0.6666666666666666,0.0,0.49882300046292083,0.9966996699669967,0.999985323667355,0.0,0.9983498349834984,1.0,0.6667422682873932,0.6667582492121081,0.6667944736831986,1,0.8,0,0.0,0,0.0005814330094463924,0,0.49347111812543837,0,0.5052760564622425,1,0.58,1,4,0.6034452320671455
1045,0.6,0.5925925925925926,0.5,,0.2727272727272727,0.5060679385145086,0.5060679385145086,0.0,0.6666666666666666,0.0,0.45531475407806266,0.995049504950495,0.9996563709171776,0.0,1.0,1.0,0.6683225534434348,0.668669338192767,0.6693469087324895,0,0.4,1,1.0,0,0.0034736736467220627,1,0.5007915098568814,0,0.5,1,0.61,1,3,0.49762246941606614
1046,0.5,0.2962962962962963,0.5,,0.4727272727272727,0.49392468353055685,0.49392468353055685,0.0,0.6666666666666666,0.0,0.44120572721843176,0.9966996699669967,0.9999089605146948,0.0,1.0,1.0,0.6669720392652567,0.6671549096224665,0.6672324316883911,1,0.6,0,0.0,0,0.0015486682563110028,1,0.505021732780658,1,0.4870908159826951,1,0.8,0,2,0.601056463830056
1047,0.3,0.5555555555555556,0.5,,0.9636363636363636,0.5060774670188886,0.5060774670188886,0.0,0.6666666666666666,0.0,0.39845373638821646,0.9933993399339934,0.999998394815104,0.0,0.9966996699669967,1.0,0.6666785947772488,0.6666797863353533,0.6666827385314301,1,0.8,1,1.0,1,0.998376906402546,0,0.49672154255431694,0,0.513363051682173,1,0.8,1,2,0.2319230832268273
1048,0.6,0.6666666666666667,0.5,,0.12727272727272726,0.49405539421852196,0.49405539421852196,0.0,0.6666666666666666,0.0,0.464837129450544,0.9966996699669967,0.9976441742877475,0.0,0.9983498349834984,1.0,0.6779634184679296,0.6830292069611584,0.6862703106067745,0,0.4,0,0.0,1,0.9938437058268215,1,0.5591989850804728,1,0.5,0,0.2,0,3,0.5578262181821176
1049,0.8,0.962962962962963,0.5,,0.5636363636363636,0.4939242931916148,0.4939242931916148,0.0,0.6666666666666666,1.0,0.526757415143434,0.9983498349834984,0.999943627847977,0.006600660066006601,1.0,1.0,0.6669351474117428,0.6670653701030207,0.6671125418683855,0,0.2,0,0.0,1,0.9987091871390454,1,0.5124680870976694,1,0.5205416840309114,0,0.26,0,3,0.5847135069553957
1050,0.4,0.7037037037037037,0.5,,0.10909090909090909,0.5060522089941193,0.5060522089941193,0.0,0.6666666666666666,0.0,0.4168371618045854,0.995049504950495,0.9993983695312639,0.0,0.995049504950495,1.0,0.6710029312038294,0.6714669290357524,0.6720611577502218,1,0.6,0,0.0,0,2.453730300299942e-05,0,0.4959465469689592,0,0.4870327370203788,1,0.53,1,4,0.6478326964512766
1051,0.7,0.7037037037037037,0.5,,0.9636363636363636,0.493922548395072,0.493922548395072,0.0,0.6666666666666666,0.0,0.4563511194940494,0.9966996699669967,0.999997767873731,0.0,1.0,1.0,0.6666780578531512,0.6666831886771449,0.6666854679840534,0,0.4,1,1.0,1,0.9994195351229879,1,0.5070632453261312,1,0.4947177590026064,1,0.61,0,1,0.3314665767580457
1052,0.7,0.9259259259259259,0.5,,0.7090909090909091,0.5060771598954508,0.5060771598954508,0.0,0.6666666666666666,0.75,0.5853716424149602,0.9983498349834984,0.9999933596305806,0.00825082508250825,0.9983498349834984,1.0,0.6667400952367799,0.6667484861928432,0.6667621771366123,0,0.4,0,0.0,0,2.2133353217007156e-05,0,0.490154403042488,0,0.4865688520018655,0,0.21,1,6,0.7355424352670716
1053,0.4,0.5555555555555556,0.5,,0.8363636363636363,0.493922591850277,0.493922591850277,0.0,0.6666666666666666,0.0,0.4605613322069847,0.9966996699669967,0.9999943209651658,0.0,1.0,1.0,0.666678433477809,0.6666933471682807,0.6666989175365816,1,0.6,0,0.0,0,0.0016209088754875142,1,0.5033885789712522,1,0.48664963307672277,0,0.45,0,3,0.6597234798460896
1054,0.5,0.7407407407407407,0.5,,0.16363636363636364,0.4939362886702223,0.4939362886702223,0.0,0.6666666666666666,0.0,0.45292603502370443,0.9966996699669967,0.9994472007301,0.0,0.9983498349834984,1.0,0.6684124123225819,0.6695060729305262,0.6700931625024412,1,0.6,1,1.0,1,0.9985053925526388,1,0.5264367597160411,1,0.5140694134852447,1,0.68,0,0,0.2801647390410126
1055,0.4,0.40740740740740744,0.5,,0.14545454545454545,0.4890114223048414,0.4890114223048414,0.0,0.6666666666666666,0.0,0.3457833582037958,0.9884488448844885,0.9818123297319348,0.0,0.9966996699669967,1.0,0.7584086822499915,0.7725894890601808,0.8095073388484905,1,0.6,0,0.0,1,0.9749555622851136,1,0.6462969304643212,1,0.5,1,0.54,1,1,0.45645791787509415
1056,0.4,0.40740740740740744,0.5,,0.2545454545454545,0.49392994456805195,0.49392994456805195,0.0,0.6666666666666666,0.0,0.4579461137794262,0.9933993399339934,0.9997966091036159,0.0,0.9966996699669967,1.0,0.6679277697326517,0.6682444581854127,0.6684129086683769,1,0.8,0,0.0,1,0.9965710713172982,1,0.5073291160412104,1,0.5,1,0.67,0,1,0.4210166354402486
1057,0.6,1.0,0.5,,0.8545454545454545,0.49392258529371447,0.49392258529371447,0.0,0.6666666666666666,1.0,0.508611090940464,0.9983498349834984,0.9999944684141063,0.0,1.0,1.0,0.6666835239522317,0.6666915737282377,0.6666984578040022,0,0.2,0,0.0,1,0.9967278084097912,1,0.5063370873031773,1,0.5,1,0.55,0,2,0.5411558507145051
1058,0.4,0.5555555555555556,0.5,,0.9818181818181818,0.49392251094532436,0.49392251094532436,0.0,0.6666666666666666,0.0,0.49305428965303066,0.995049504950495,0.9999981198461378,0.0,0.9966996699669967,1.0,0.6666704819602902,0.666674498595572,0.6666762068082097,1,0.6,1,1.0,1,0.9994196433010324,1,0.5070352852174234,1,0.4947171340034407,1,0.57,0,0,0.30480465624635045
1059,0.8,0.7407407407407407,0.5,,0.16363636363636364,0.5060597389349915,0.5060597389349915,0.0,0.6666666666666666,1.0,0.5090455688073905,0.9983498349834984,0.9993408934482019,0.0,1.0,1.0,0.6695373558561997,0.6702078169320174,0.6718817617678015,0,0.2,1,1.0,1,0.9988315256469212,1,0.5147727433342142,0,0.5100520370979408,0,0.31,1,3,0.41105728232015404
1060,0.4,0.5185185185185186,0.5,,0.32727272727272727,0.5060719824294385,0.5060719824294385,0.0,0.6666666666666666,0.5,0.47890150580554014,0.9966996699669967,0.9998736466563545,0.0033003300330033004,0.9933993399339934,1.0,0.6677111790373239,0.667873144713029,0.6680806581839147,1,0.8,0,0.0,0,2.252857626377327e-05,0,0.4916868028917477,0,0.4867059110456961,1,0.65,1,4,0.5952641262477154
1061,0.5,0.6666666666666667,0.5,,0.12727272727272726,0.49406653386945654,0.49406653386945654,0.0,0.6666666666666666,0.3333333333333333,0.5103841975326979,0.9983498349834984,0.9978801694963871,0.006600660066006601,0.9966996699669967,1.0,0.679656961635977,0.6838196772396072,0.6860517791988511,0,0.4,0,0.0,1,0.9988604865872867,1,0.529225508105442,1,0.5,1,0.5,0,2,0.511985667551212
1062,0.7,0.8888888888888888,0.5,,0.16363636363636364,0.49398685782536544,0.49398685782536544,0.0,0.6666666666666666,0.0,0.4982523548894635,0.995049504950495,0.997505387953238,0.0,1.0,1.0,0.6725011288707343,0.6767563629327921,0.6789529433666528,0,0.4,0,0.0,1,0.9975786283545394,1,0.5705188566002657,1,0.5,0,0.42,0,3,0.5186504191741992
1063,0.4,0.5185185185185186,0.5,,0.45454545454545453,0.5060754415997017,0.5060754415997017,0.0,0.6666666666666666,0.0,0.45285897016760557,0.9966996699669967,0.9999328641339088,0.0,0.9983498349834984,1.0,0.6670620498878258,0.667135099812091,0.6673110059327284,1,0.6,1,1.0,1,0.9984481707491967,0,0.49807184414863126,0,0.5129221485296511,1,0.78,1,2,0.26842630609542006
1064,0.5,0.6296296296296297,0.5,,0.9454545454545454,0.5060775111482743,0.5060775111482743,0.0,0.6666666666666666,0.0,0.4677129639138933,0.995049504950495,0.9999991399059177,0.0016501650165016502,0.9966996699669967,1.0,0.6666691268045355,0.6666698862582274,0.6666713196346894,1,0.8,1,1.0,0,0.003270162495755355,0,0.49374879500155716,0,0.5,1,0.62,1,3,0.43049684041711456
1065,0.5,0.5185185185185186,0.5,,0.8909090909090909,0.506077506527999,0.506077506527999,0.0,0.6666666666666666,0.3333333333333333,0.4752968323017893,0.995049504950495,0.9999988098050883,0.0,0.9966996699669967,1.0,0.6666700471504171,0.6666708490911171,0.6666726279462272,1,0.6,0,0.0,0,0.0032702614978650586,0,0.49375320412935536,0,0.5,1,0.66,1,4,0.6238294223954632
1066,0.4,0.7037037037037037,0.5,,0.2727272727272727,0.5060725366338223,0.5060725366338223,0.0,0.6666666666666666,0.0,0.4642243005685971,0.995049504950495,0.9998058142636804,0.0,0.9983498349834984,1.0,0.6675610316863887,0.6677655017906764,0.6681877845683543,1,0.8,1,1.0,0,0.0013437661074696633,0,0.492334113394593,0,0.4813594751275674,1,0.61,1,3,0.4358271075617284
1067,0.5,0.2962962962962963,0.5,,0.8363636363636363,0.493922646242692,0.493922646242692,0.0,0.6666666666666666,0.5,0.5458124496043736,0.9983498349834984,0.9999960379547522,0.0033003300330033004,0.9917491749174917,1.0,0.6666986400830316,0.6667046692037724,0.6667083548401087,1,0.6,1,1.0,1,0.9994192486259766,1,0.5070493906799773,1,0.4947194103579084,0,0.47,0,1,0.32146865838935623
1068,0.5,0.0,0.5,,0.5454545454545454,0.49392420694621675,0.49392420694621675,0.0,0.6666666666666666,0.0,0.4608851387406593,0.995049504950495,0.9999409954434831,0.0,1.0,1.0,0.6669019160869719,0.6670416314197882,0.6670956471214639,0,0.4,1,1.0,1,0.9966931167560714,1,0.5062985874081667,1,0.5,1,0.56,0,1,0.33950138263929364
1069,0.5,0.6666666666666667,0.5,,0.12727272727272726,0.5073682864792736,0.5073682864792736,0.0,0.6666666666666666,0.5,0.48712096689954576,0.9966996699669967,0.9862400120467223,0.0,0.9983498349834984,1.0,0.7240987665902543,0.7501086617294916,0.7673241961811672,1,0.8,0,0.0,0,0.010132389464514573,1,0.6479096475204316,1,0.5,1,0.63,0,2,0.5686596605025089
1070,0.6,1.0,0.5,,0.6909090909090909,0.5060771432497577,0.5060771432497577,0.0,0.6666666666666666,1.0,0.5218441363640753,0.9983498349834984,0.99999140993185,0.0033003300330033004,1.0,1.0,0.6667423097621085,0.6667516698671182,0.6667596607085384,0,0.2,0,0.0,0,0.003277937740366261,0,0.4938197550719564,0,0.5,0,0.28,1,6,0.7538170511979462
1071,0.5,0.5185185185185186,0.5,,0.32727272727272727,0.5060716291924496,0.5060716291924496,0.0,0.6666666666666666,0.0,0.4669832590511127,0.995049504950495,0.9997908377900668,0.0,1.0,1.0,0.6677021933333949,0.6679300721776913,0.6683805287677115,0,0.4,0,0.0,0,2.256994460428993e-05,0,0.49212911330916675,0,0.48672561803346787,1,0.64,1,5,0.6635204497854601
1072,0.7,0.6296296296296297,0.5,,0.7818181818181819,0.5060773972732049,0.5060773972732049,0.0,0.6666666666666666,0.0,0.4675487583413307,0.9966996699669967,0.9999957672923718,0.0,1.0,1.0,0.6666910810556521,0.6666960892404249,0.6667078818304933,0,0.4,0,0.0,0,0.0012627509615329867,0,0.4880880688512644,0,0.47846092652170996,0,0.39,1,6,0.7070313756109154
1073,0.5,0.8888888888888888,0.5,,0.9818181818181818,0.4939225361371724,0.4939225361371724,0.0,0.6666666666666666,0.0,0.4626787126348675,0.9966996699669967,0.9999963978362653,0.0,1.0,1.0,0.6666741714330391,0.6666804978485118,0.6666835722040947,0,0.2,1,1.0,1,0.9987383572652989,1,0.5120459220809411,1,0.5215819490920331,0,0.48,0,2,0.38127229526028783
1074,0.3,0.5185185185185186,0.5,,0.45454545454545453,0.5060757971516638,0.5060757971516638,0.0,0.6666666666666666,0.0,0.4757848405321734,0.9933993399339934,0.999931240018606,0.0,0.9983498349834984,1.0,0.666989364221049,0.6670591675487908,0.6672532959028028,1,0.8,1,1.0,0,0.0005852533865143427,0,0.49382563776244653,0,0.5052530744540258,1,0.74,1,3,0.4100560057328355
1075,0.3,0.11111111111111116,0.5,,0.07272727272727272,0.5059981984514794,0.5059981984514794,0.0,0.6666666666666666,0.0,0.47296044341524,0.9933993399339934,0.9979519553727927,0.0,0.9983498349834984,1.0,0.6761322207473192,0.6784396342727993,0.6827899544280892,1,0.8,1,1.0,1,0.9993584452788168,1,0.5286976481678876,0,0.5,1,0.77,1,1,0.23365731775888265
1076,0.3,0.2962962962962963,0.5,,0.18181818181818182,0.48853510604450323,0.48853510604450323,0.0,0.6666666666666666,0.0,0.4441755536805774,0.9933993399339934,0.9286121733832234,0.0,0.9983498349834984,1.0,0.7496855357216867,0.8725656753327685,0.9459503744920195,1,0.6,1,1.0,0,2.4498145277202684e-45,1,0.9889810292605631,1,0.4835931532882393,1,0.68,1,1,0.37457096957519953
1077,0.3,0.962962962962963,0.5,,0.2,0.504590518763498,0.504590518763498,0.0,0.6666666666666666,0.0,0.43762543297611034,0.9917491749174917,0.9937970595128776,0.0,0.9933993399339934,1.0,0.7039614356379512,0.7113644050099031,0.7212983761984413,1,0.8,0,0.0,0,0.036132961294070474,1,0.6712227527385102,0,0.5,1,0.63,1,3,0.5604407143279033
1078,0.4,0.4444444444444444,0.5,,0.21818181818181817,0.498111299600557,0.498111299600557,0.0,0.6666666666666666,0.0,0.48102247531852005,0.9966996699669967,0.9887283794644032,0.0,1.0,1.0,0.695030495963094,0.7266192347056968,0.7389810682586362,1,0.6,1,1.0,1,0.7872318776217209,1,0.7703490120364541,0,0.43997987596719873,1,0.57,0,1,0.30540653906243775
1079,0.6,0.6666666666666667,0.5,,0.9818181818181818,0.49392248152080453,0.49392248152080453,0.0,0.6666666666666666,0.5,0.4510801363550784,0.9966996699669967,0.9999994261006464,0.0016501650165016502,0.9983498349834984,1.0,0.6666672308665879,0.6666682072094474,0.6666686950194072,1,0.6,0,0.0,1,0.9994197303250273,1,0.5070530078412607,1,0.49471665002354365,1,0.56,0,1,0.4731351019683613
1080,0.4,0.4444444444444444,0.5,,0.21818181818181817,0.4976735140961186,0.4976735140961186,0.0,0.6666666666666666,0.3333333333333333,0.5307055982860684,0.9983498349834984,0.9920723091894436,0.0049504950495049506,0.9966996699669967,1.0,0.7136434940891041,0.7243727634653239,0.7331867125515771,1,0.6,1,1.0,1,0.9960991940213482,1,0.5865218529927256,1,0.5057947527690275,1,0.68,0,0,0.27193070003614983
1081,0.3,0.2962962962962963,0.5,,0.4727272727272727,0.49392503945971855,0.49392503945971855,0.0,0.6666666666666666,0.0,0.4758691167260435,0.9966996699669967,0.9999427409785088,0.0,1.0,1.0,0.6671250813498032,0.667221163739642,0.6672909387697764,1,0.8,1,1.0,1,0.9999776964935677,1,0.5110694318683053,1,0.5133791282367616,1,0.76,0,0,0.23592895723356078
1082,0.5,0.6666666666666667,0.5,,0.8363636363636363,0.4939225645508939,0.4939225645508939,0.0,0.6666666666666666,1.0,0.5310189404976392,0.9983498349834984,0.9999956436793938,0.0,1.0,1.0,0.666676811370647,0.6666869601722114,0.6666917047242444,0,0.2,1,1.0,1,0.9999778864385966,1,0.5100282011264473,1,0.5134391057004927,0,0.44,0,2,0.38942580112241054
1083,0.4,0.2962962962962963,0.5,,0.8363636363636363,0.49392263810931125,0.49392263810931125,0.0,0.6666666666666666,0.3333333333333333,0.4638323327732101,0.995049504950495,0.9999949712630635,0.0033003300330033004,0.995049504950495,1.0,0.6666956640036471,0.6667033797282241,0.6667086608822249,1,0.6,1,1.0,0,0.0016192800425835789,1,0.5032947365517337,1,0.48665958550636673,1,0.59,0,1,0.4697377329832193
1084,0.5,1.0,0.5,,0.8181818181818182,0.5060773904509237,0.5060773904509237,0.0,0.6666666666666666,0.0,0.4698918368173316,0.995049504950495,0.9999947981491754,0.0,0.9983498349834984,1.0,0.6666921702447575,0.6666968770391212,0.6667079332400229,1,0.6,0,0.0,0,0.0012628681816059277,0,0.4881679559784307,0,0.47846326050375765,1,0.62,1,4,0.6353509858893676
1085,0.6,0.7407407407407407,0.5,,0.6909090909090909,0.5060772779028384,0.5060772779028384,0.0,0.6666666666666666,0.5,0.5279453954971381,0.9983498349834984,0.9999913143422838,0.0016501650165016502,0.9983498349834984,1.0,0.6667122730649983,0.6667215261138385,0.6667405901869047,0,0.2,0,0.0,0,0.0012647104973625514,0,0.488166981699889,0,0.4785294904822623,0,0.29,1,6,0.7570064695534143
1086,0.4,0.5555555555555556,0.5,,0.9818181818181818,0.49392251651691366,0.49392251651691366,0.0,0.6666666666666666,0.0,0.48520838427167134,0.9966996699669967,0.9999974894314574,0.0,1.0,1.0,0.66667036914314,0.6666761787869383,0.666678907216544,0,0.4,0,0.0,0,0.0016236827727545348,1,0.5033941277331158,1,0.4866330986752746,1,0.55,0,3,0.6763915151364759
1087,0.2,0.4814814814814815,0.5,,0.5272727272727272,0.4939233870239731,0.4939233870239731,0.0,0.6666666666666666,0.0,0.4575086571291992,0.9966996699669967,0.9999674897427033,0.0,0.9983498349834984,1.0,0.6668126225804797,0.6668686561968394,0.6669068361368952,1,0.8,1,1.0,1,0.9967109167131663,1,0.506949141735818,1,0.5,1,0.55,0,0,0.27438999025850264
1088,0.6,0.6296296296296297,0.5,,0.41818181818181815,0.49392598528310105,0.49392598528310105,0.0,0.6666666666666666,0.0,0.4267444584539316,0.995049504950495,0.9998814297626707,0.0,0.9966996699669967,1.0,0.667238787420707,0.6674332169214564,0.6675349436590867,0,0.4,1,1.0,1,0.9999776315093917,1,0.5108147327098072,1,0.5133561762566127,1,0.5,0,1,0.3459752432540314
1089,0.8,0.962962962962963,0.5,,0.18181818181818182,0.49396964896674767,0.49396964896674767,0.0,0.6666666666666666,0.8,0.5416179335497621,0.9983498349834984,0.9989966246308147,0.00825082508250825,0.9983498349834984,1.0,0.6723215818949665,0.6746825704812308,0.6759310479538102,0,0.4,0,0.0,1,0.9979047520461738,1,0.5144620949472016,1,0.5,0,0.28,0,3,0.5512721921677708
1090,0.5,0.5555555555555556,0.5,,0.12727272727272726,0.5114648939554968,0.5114648939554968,0.0,0.6666666666666666,0.0,0.45876350145132216,0.9933993399339934,0.9090161231725601,0.0,0.9966996699669967,1.0,0.7492452332220705,0.8284899389922267,0.990801009892148,1,0.6,1,1.0,0,4.535450770788998e-37,1,0.9985807061305311,0,0.47051215665401475,1,0.71,0,2,0.370151189535909
1091,0.7,0.8148148148148149,0.5,,0.9818181818181818,0.5060774793674842,0.5060774793674842,0.0,0.6666666666666666,0.0,0.48989943797136115,0.9966996699669967,0.9999976043318284,0.0,1.0,1.0,0.6666748671968402,0.6666771787849294,0.6666837690882823,0,0.4,0,0.0,0,0.0012613864743134236,0,0.4880846494797876,0,0.47840954548403775,0,0.26,1,6,0.7287074030936436
1092,0.3,0.5925925925925926,0.5,,0.6727272727272727,0.4939228177805466,0.4939228177805466,0.0,0.6666666666666666,0.0,0.4899012705601885,0.995049504950495,0.9999845061323599,0.0,1.0,1.0,0.6667108087681171,0.6667432547054889,0.66675877722013,1,0.6,0,0.0,0,0.0016127679550485355,1,0.5037477393057626,1,0.48669671000286535,1,0.61,0,2,0.6329904637893873
1093,0.5,0.37037037037037035,0.5,,0.10909090909090909,0.5072028275308158,0.5072028275308158,0.0,0.6666666666666666,0.0,0.48270040666952907,0.9966996699669967,0.9860498846618664,0.0,0.9983498349834984,1.0,0.721544067094559,0.7504224238836773,0.7669998664024832,1,0.8,1,1.0,0,0.011597351059419704,1,0.7294246293442233,1,0.5,1,0.68,0,1,0.37982966993272615
1094,0.5,0.962962962962963,0.5,,0.2909090909090909,0.5060707654502323,0.5060707654502323,0.0,0.6666666666666666,1.0,0.5156080583090727,0.9983498349834984,0.9997544617408076,0.0,0.9983498349834984,1.0,0.6678566714225534,0.6681069835049677,0.6686589885136179,0,0.2,0,0.0,0,0.0013738029249409007,0,0.49476272340522226,0,0.48229340224040573,0,0.35,1,6,0.7452616785715718
1095,0.6,1.0,0.5,,0.2,0.48853510606733885,0.48853510606733885,0.0,0.6666666666666666,0.6666666666666666,0.5621257392156691,0.9983498349834984,0.9646382502879388,0.0049504950495049506,0.9983498349834984,1.0,0.8688176048023013,0.9064072558460604,0.9654632852626231,0,0.4,0,0.0,1,0.9999999999999432,1,0.6647043014646306,1,0.5,0,0.22,1,3,0.535882616422571
1096,0.5,0.7037037037037037,0.5,,0.3090909090909091,0.49392825682787544,0.49392825682787544,0.0,0.6666666666666666,0.0,0.49784932979899565,0.9966996699669967,0.9996983771000588,0.0,1.0,1.0,0.66731928475055,0.6679125889798481,0.6682406581000118,0,0.4,0,0.0,1,0.9994023114652529,1,0.5147823537779277,1,0.49479997796046343,1,0.61,0,2,0.49683589279939266
1097,0.5,0.5925925925925926,0.5,,0.38181818181818183,0.4939265930433503,0.4939265930433503,0.0,0.6666666666666666,0.0,0.48047727963198006,0.995049504950495,0.9998112526515982,0.0,1.0,1.0,0.6672097048020776,0.6675590222646445,0.6677406995211174,1,0.6,1,1.0,0,0.0014880432647755128,1,0.5064712286085511,1,0.4874647338178638,1,0.52,0,1,0.48076266571813486
1098,0.6,1.0,0.5,,0.2545454545454545,0.4939335779688677,0.4939335779688677,0.0,0.6666666666666666,0.6666666666666666,0.541833750208176,0.9983498349834984,0.9998032239620634,0.0016501650165016502,0.9966996699669967,1.0,0.668484320924396,0.6689420204480865,0.6692460653751439,0,0.4,1,1.0,1,0.9993855895530908,1,0.5077049387608173,1,0.49487734561517416,0,0.4,0,2,0.3663386876784863
1099,0.4,0.37037037037037035,0.5,,0.10909090909090909,0.506844839353645,0.506844839353645,0.0,0.6666666666666666,0.5,0.5023293435862626,0.9983498349834984,0.9855203177711724,0.0,0.9966996699669967,1.0,0.7224279390465176,0.7493337938608359,0.7648457654798193,0,0.2,1,1.0,0,0.47837373280457013,1,0.6716778980484523,1,0.5,1,0.68,0,2,0.41165806152449624
1100,0.4,0.7407407407407407,0.5,,0.32727272727272727,0.49392713290773693,0.49392713290773693,0.0,0.6666666666666666,0.3333333333333333,0.4377387099087834,0.995049504950495,0.9998665374292776,0.0016501650165016502,0.9933993399339934,1.0,0.6674543193998763,0.6676740454348166,0.6677986629179418,1,0.6,1,1.0,1,0.9994058831300777,1,0.50847615373826,1,0.49479006511393586,1,0.72,0,0,0.2795546496696212
1101,0.5,0.7407407407407407,0.5,,0.34545454545454546,0.506072743649635,0.506072743649635,0.0,0.6666666666666666,0.5,0.5552838486751717,0.9983498349834984,0.9998899984679185,0.0,0.9983498349834984,1.0,0.6675504304047223,0.6677049803439361,0.6679911716805436,0,0.4,0,0.0,0,0.001340432096173411,0,0.4932723601428193,0,0.48120479762804175,0,0.45,1,6,0.6956970683554943
1102,0.4,0.5555555555555556,0.5,,0.12727272727272726,0.4939420348649112,0.4939420348649112,0.0,0.6666666666666666,0.0,0.46747862495642656,0.9966996699669967,0.9995870584848354,0.0,0.9983498349834984,1.0,0.6696852641185662,0.6705137408504039,0.6710820246451356,1,0.8,1,1.0,1,0.9984066047578211,1,0.5194908950614083,1,0.5113682694430951,1,0.8,0,0,0.228455705122946
1103,0.6,0.4814814814814815,0.5,,0.18181818181818182,0.48853510604450323,0.48853510604450323,0.0,0.6666666666666666,0.0,0.4329109138221864,0.995049504950495,0.9426560097836854,0.0,0.995049504950495,1.0,0.9003511458613732,0.9770774123936998,0.9988674338653678,1,0.8,1,1.0,1,1.0,1,0.8289506816535437,1,0.5111233361121472,1,0.59,1,0,0.2116543303723849
1104,0.5,0.6296296296296297,0.5,,0.7818181818181819,0.506077381845737,0.506077381845737,0.0,0.6666666666666666,0.0,0.4532062401584259,0.995049504950495,0.9999926381891249,0.0,1.0,1.0,0.6666916459441788,0.6666986302392088,0.6667176932581674,1,0.6,1,1.0,0,0.003272908263562568,0,0.4938729090095684,0,0.5,1,0.68,1,3,0.45380903045447807
1105,0.3,0.40740740740740744,0.5,,0.2545454545454545,0.49392982228370275,0.49392982228370275,0.0,0.6666666666666666,0.0,0.4082404480448393,0.9917491749174917,0.9997753559463364,0.0,0.9917491749174917,1.0,0.6679788113252536,0.6682201157353549,0.668431180867095,1,0.8,1,1.0,1,0.9993974057194547,1,0.506949188704684,1,0.49482853229532703,1,0.7,0,0,0.24980414554675567
1106,0.5,0.7037037037037037,0.5,,0.6363636363636364,0.5060768790245531,0.5060768790245531,0.0,0.6666666666666666,0.6666666666666666,0.4364199315231656,0.9966996699669967,0.9999862714027967,0.00825082508250825,0.9966996699669967,1.0,0.6667970078435652,0.6668111040377785,0.6668372780368049,0,0.4,1,1.0,0,0.0012713369098118566,0,0.48815561091189263,0,0.47877254533006736,1,0.53,1,4,0.5169667511413714
1107,0.5,0.7777777777777778,0.5,,0.09090909090909091,0.5114648939499965,0.5114648939499965,0.0,0.6666666666666666,0.0,0.448873658960676,0.995049504950495,0.9226226243357116,0.0,1.0,1.0,0.7759638553330164,0.9225864217388401,0.9985088180263205,1,0.6,1,1.0,0,1.423836263099769e-10,1,0.9488145921547815,0,0.4939571342046879,1,0.71,0,2,0.3745380455830245
1108,0.7,0.8888888888888888,0.5,,0.12727272727272726,0.4918397290459595,0.4918397290459595,0.0,0.6666666666666666,0.0,0.44965523844386057,0.995049504950495,0.986980072460618,0.0,1.0,1.0,0.7404463836043281,0.7524064586707911,0.7715599306204375,0,0.4,0,0.0,1,0.6386077966490512,1,0.755147210831135,0,0.5,0,0.33,1,4,0.5627074987533023
1109,0.6,0.4814814814814815,0.5,,0.18181818181818182,0.48853510621194285,0.48853510621194285,0.0,0.6666666666666666,1.0,0.5010481376754956,0.9983498349834984,0.9657864502868625,0.0,1.0,1.0,0.8450958646016229,0.8911411302851339,0.9890571506855887,1,0.6,1,1.0,0,5.1475671244336016e-11,1,0.9265120227224242,0,0.4934678290178492,0,0.41,1,3,0.42833669136804176
1110,0.9,0.8148148148148149,0.5,,0.07272727272727272,0.49400745458297024,0.49400745458297024,0.0,0.6666666666666666,1.0,0.5237496936440025,0.9983498349834984,0.9981255327073569,0.006600660066006601,1.0,1.0,0.6756014997099051,0.6788274320964263,0.6805444302772407,0,0.2,0,0.0,0,0.0006239456278947837,1,0.5468454800837408,1,0.5,0,0.17,0,4,0.7637550957147274
1111,0.6,0.5555555555555556,0.5,,0.8363636363636363,0.49392257265622663,0.49392257265622663,0.0,0.6666666666666666,0.0,0.4418000026642853,0.995049504950495,0.9999947239220583,0.0,1.0,1.0,0.6666791035796482,0.6666886012430026,0.6666937330153593,0,0.2,0,0.0,0,0.001621634194362866,1,0.5034288931013934,1,0.486644879573947,0,0.46,0,4,0.7247174321883828
1112,0.3,0.5555555555555556,0.5,,0.8363636363636363,0.4939225888012839,0.4939225888012839,0.0,0.6666666666666666,0.5,0.5405340032620958,0.9983498349834984,0.9999958742537037,0.0,0.9983498349834984,1.0,0.6666847074839137,0.6666922162853419,0.6666965748859786,0,0.4,0,0.0,0,0.0016210605322511877,1,0.503370531032693,1,0.4866485850840751,0,0.4,0,4,0.7013933038918301
1113,0.6,0.6296296296296297,0.5,,0.16363636363636364,0.5114648939554486,0.5114648939554486,0.0,0.6666666666666666,1.0,0.501247489414453,0.9983498349834984,0.9215816607505385,0.0,1.0,1.0,0.8093256651438748,0.95813424831533,0.999070298116825,0,0.4,1,1.0,0,4.1053276048433087e-19,1,0.7193807266736251,1,0.5,1,0.5,0,2,0.48010321222106256
1114,0.6,0.962962962962963,0.5,,0.16363636363636364,0.4940878771330872,0.4940878771330872,0.0,0.6666666666666666,0.5,0.5626870439412999,0.9983498349834984,0.9980607386287508,0.0,0.9983498349834984,1.0,0.6811548638026891,0.6852287148470689,0.6875554535559265,0,0.4,0,0.0,1,0.9999521805982212,1,0.5424844340868791,1,0.5128037984946261,0,0.36,0,3,0.5307932644700457
1115,0.3,0.7037037037037037,0.5,,0.9636363636363636,0.49392254095143895,0.49392254095143895,0.0,0.6666666666666666,0.5,0.4144775891474206,0.9966996699669967,0.9999978249758111,0.0033003300330033004,0.9966996699669967,1.0,0.666678836070944,0.6666815351673732,0.6666833241181032,1,0.6,0,0.0,1,0.9999778881977905,1,0.5099455646845871,1,0.5134392658653275,0,0.4,0,2,0.4961062135420492
1116,0.4,0.4814814814814815,0.5,,0.18181818181818182,0.48853510604450323,0.48853510604450323,0.0,0.6666666666666666,0.0,0.4651698135476786,0.9933993399339934,0.9081583988217838,0.0,1.0,1.0,0.811737171018675,0.9540340177777371,0.9999524504733238,1,0.8,1,1.0,0,1.9272615613700406e-26,1,0.9983001277978392,1,0.4798026940941217,1,0.65,1,1,0.3453161963513399
1117,0.6,0.7037037037037037,0.5,,0.6181818181818182,0.49392289461574457,0.49392289461574457,0.0,0.6666666666666666,0.5,0.44902831371845064,0.9966996699669967,0.999987755236161,0.006600660066006601,0.9983498349834984,1.0,0.6667394884859535,0.6667592343158284,0.6667713135389113,0,0.4,1,1.0,1,0.9987324460821554,1,0.5120956414658698,1,0.5213700552542885,1,0.57,0,1,0.33296697619961446
1118,0.6,0.5925925925925926,0.5,,0.23636363636363636,0.5053933513104102,0.5053933513104102,0.0,0.6666666666666666,0.0,0.49152584406149447,0.9966996699669967,0.993777635393643,0.0,1.0,1.0,0.6958606671193561,0.7018201730702781,0.7173433230331607,0,0.4,1,1.0,0,0.018150538993225614,1,0.5099166168302025,0,0.5,0,0.42,1,4,0.5253221406960953
1119,0.3,0.962962962962963,0.5,,0.12727272727272726,0.48854114474271204,0.48854114474271204,0.0,0.6666666666666666,0.0,0.4535857380952629,0.9966996699669967,0.9719204871451246,0.0,1.0,1.0,0.7799750839267422,0.8082467113768952,0.8878044771487411,1,0.6,1,1.0,1,0.9999732173153949,1,0.8384304417016879,1,0.5626358054436936,0,0.47,1,1,0.25482675592320403
1120,0.2,0.11111111111111116,0.5,,0.18181818181818182,0.50601469219839,0.50601469219839,0.0,0.6666666666666666,0.0,0.4315216084707255,0.9933993399339934,0.9978634807369797,0.0,0.9983498349834984,1.0,0.6745124986151063,0.6765335507047783,0.6800332272753727,1,0.6,1,1.0,0,0.004628880048320585,1,0.5307079696270689,0,0.5,1,0.67,1,2,0.44911052505410176
1121,0.2,0.4444444444444444,0.5,,0.21818181818181817,0.49628173428857436,0.49628173428857436,0.0,0.6666666666666666,0.0,0.4318333432926571,0.995049504950495,0.9860080091435279,0.0,1.0,1.0,0.6911716162460836,0.7181982230978103,0.7308894765374828,1,0.8,1,1.0,1,0.9805338485116016,1,0.7475524006102483,1,0.4945121179902259,1,0.78,0,0,0.19956693881465393
1122,0.5,0.962962962962963,0.5,,0.5636363636363636,0.49392418955211503,0.49392418955211503,0.0,0.6666666666666666,0.5,0.5079786634885428,0.9983498349834984,0.9999691901236181,0.01155115511551155,0.995049504950495,1.0,0.6670067566858391,0.6670429166582992,0.667074382277389,0,0.2,1,1.0,1,0.9999777666370545,1,0.5104015253801171,1,0.5133966852991346,1,0.5,0,1,0.37937067044728234
1123,0.5,0.11111111111111116,0.5,,0.18181818181818182,0.5060196601737311,0.5060196601737311,0.0,0.6666666666666666,0.0,0.4549580112704129,0.9933993399339934,0.9979352440483816,0.0,1.0,1.0,0.674236181216894,0.6759555084374084,0.6789336458973201,1,0.6,1,1.0,0,0.0022970844575451255,1,0.5422031395586802,0,0.5,1,0.66,1,2,0.44924996266396244
1124,0.7,0.6296296296296297,0.5,,0.16363636363636364,0.5114648939554968,0.5114648939554968,0.0,0.6666666666666666,1.0,0.5155550140643962,0.9983498349834984,0.9441537590968836,0.0,1.0,1.0,0.8985846404126736,0.9568164704963367,0.9991513775279497,0,0.4,0,0.0,1,1.0,1,0.7770436864765298,0,0.5229758490025752,0,0.4,0,4,0.4833300774201492
1125,0.5,0.5185185185185186,0.5,,0.8909090909090909,0.506077505439257,0.506077505439257,0.0,0.6666666666666666,0.6,0.529480882412718,0.9983498349834984,0.9999991110929506,0.0049504950495049506,0.9966996699669967,1.0,0.6666704881422356,0.6666711866617703,0.6666722992741497,1,0.8,1,1.0,0,2.2108572190369148e-05,0,0.4900421230943482,0,0.48655929908720896,1,0.66,1,3,0.4272294115410421
1126,0.4,0.5925925925925926,0.5,,0.6727272727272727,0.49392290088875845,0.49392290088875845,0.0,0.6666666666666666,1.0,0.5139786918020164,0.9983498349834984,0.9999812046745113,0.0,1.0,1.0,0.6667281936900487,0.6667618400097878,0.6667802163802046,1,0.8,1,1.0,1,0.9999778621683438,1,0.5103018984730036,1,0.5134318391504883,1,0.57,0,0,0.2677147333680273
1127,0.5,0.6666666666666667,0.5,,0.9818181818181818,0.49392247789031707,0.49392247789031707,0.0,0.6666666666666666,1.0,0.5110879284247698,0.9983498349834984,0.9999989082395284,0.0,1.0,0.88,0.6666656128333628,0.6666674408094796,0.6666684839005073,1,0.8,0,0.0,1,0.9987393184312976,1,0.5120066544363955,1,0.5216170090501099,1,0.51,0,1,0.44293950301369955
1128,0.6,0.7037037037037037,0.5,,0.6181818181818182,0.493922962934517,0.493922962934517,0.0,0.6666666666666666,0.0,0.475330977358306,0.995049504950495,0.9999822512519505,0.0,0.9983498349834984,1.0,0.6667326609181375,0.6667760923321621,0.6667937108407014,1,0.8,0,0.0,1,0.9967198091250227,1,0.5064552778518074,1,0.5,0,0.44,0,2,0.459470818837195
1129,0.4,0.40740740740740744,0.5,,0.18181818181818182,0.49410152088870696,0.49410152088870696,0.0,0.6666666666666666,0.0,0.49589251000191814,0.9966996699669967,0.9957406128676427,0.0,1.0,1.0,0.6763594720169672,0.6860663871116158,0.6911611208842796,0,0.4,1,1.0,0,0.00045252577865697815,1,0.6045197025018421,1,0.5,0,0.49,0,3,0.5008379619532501
1130,0.5,0.5555555555555556,0.5,,0.03636363636363636,0.49397675161593924,0.49397675161593924,0.0,0.6666666666666666,0.0,0.4748008568483495,0.995049504950495,0.9984919048645071,0.0,0.9983498349834984,1.0,0.6715670872984348,0.6753768001329153,0.6771538562923348,1,0.6,0,0.0,1,0.9955491497061658,1,0.5264576340428992,1,0.5,1,0.64,0,1,0.4563322027084892
1131,0.3,0.11111111111111116,0.5,,0.18181818181818182,0.5060300017471897,0.5060300017471897,0.0,0.6666666666666666,0.0,0.49456675763441804,0.9966996699669967,0.9985189910634287,0.0,1.0,1.0,0.6734284001263653,0.6746739609310248,0.6770708710786554,1,0.8,1,1.0,1,0.9991820802857683,0,0.48968430271229485,0,0.506644613889419,1,0.52,1,2,0.2807481671854196
1132,0.8,0.8148148148148149,0.5,,0.07272727272727272,0.49404073889621114,0.49404073889621114,0.0,0.6666666666666666,0.5,0.5901011421858675,0.9983498349834984,0.9975881212647647,0.006600660066006601,0.9983498349834984,1.0,0.6770415766204726,0.6817651294648001,0.6837805515245563,0,0.0,0,0.0,1,0.9941555988733125,1,0.5215577393159072,1,0.5,0,0.14,0,3,0.64071444363513
1133,0.4,0.37037037037037035,0.5,,0.10909090909090909,0.5041910583313756,0.5041910583313756,0.0,0.6666666666666666,0.25,0.45308963001459435,0.995049504950495,0.9920546775017244,0.0016501650165016502,0.9884488448844885,1.0,0.7299228235522791,0.7417400839927127,0.7511161293961525,1,0.8,1,1.0,1,0.9295739170381584,1,0.5220957599561031,1,0.4910255598237898,1,0.94,0,0,0.21955079386365794
1134,0.5,0.9259259259259259,0.5,,1.0,0.49392248198992694,0.49392248198992694,0.0,0.6666666666666666,1.0,0.5433011012988982,0.9983498349834984,0.9999993907791536,0.0033003300330033004,1.0,1.0,0.666667514803933,0.6666683676451487,0.6666690558123852,1,0.6,1,1.0,1,0.9967299844017554,1,0.5062685239600087,1,0.5,0,0.44,0,1,0.3261669152730393
1135,0.6,0.6296296296296297,0.5,,0.7818181818181819,0.5060773882969128,0.5060773882969128,0.0,0.6666666666666666,0.6666666666666666,0.5608383787424196,0.9983498349834984,0.9999971194994633,0.0049504950495049506,1.0,1.0,0.6666936919041847,0.6666972528519868,0.6667014056668084,0,0.4,1,1.0,0,0.0005806492365748973,0,0.4929654944590712,0,0.5052811694213336,0,0.44,1,5,0.5268621144805035
1136,0.2,0.0,0.5,,0.5454545454545454,0.493923886161276,0.493923886161276,0.0,0.6666666666666666,0.0,0.46270880573236917,0.9884488448844885,0.9999357529905334,0.0,0.995049504950495,1.0,0.6668476693549091,0.666980937892054,0.6670372667314993,1,1.0,1,1.0,1,0.9967002723062593,1,0.5067148163082571,1,0.5,1,0.84,0,0,0.19276415189758056
1137,0.7,0.5925925925925926,0.5,,0.4727272727272727,0.5060748629423196,0.5060748629423196,0.0,0.6666666666666666,0.0,0.48640153491330285,0.9966996699669967,0.9999339969735588,0.0,0.9983498349834984,1.0,0.6671734940345325,0.6672484632178155,0.667363309809751,0,0.2,1,1.0,0,2.230639843323544e-05,0,0.49132129521198137,0,0.4866375060448667,0,0.42,1,5,0.5670031487241198
1138,0.3,0.5925925925925926,0.5,,0.6727272727272727,0.49392281803736793,0.49392281803736793,0.0,0.6666666666666666,0.3333333333333333,0.49072388695137803,0.995049504950495,0.9999884886751398,0.0,0.9966996699669967,1.0,0.6667301590186554,0.6667430414608658,0.6667519675121405,1,0.8,0,0.0,1,0.9987336843433998,1,0.5120298081124854,1,0.5214124326645948,1,0.61,0,1,0.42630401247992
1139,0.6,0.8888888888888888,0.5,,0.4909090909090909,0.5060748437549578,0.5060748437549578,0.0,0.6666666666666666,0.0,0.49105724336881096,0.9966996699669967,0.999892781560932,0.0,1.0,1.0,0.667148342357945,0.6672657299707551,0.6675044633038327,0,0.2,1,1.0,1,0.9984678288512044,1,0.5007264071706952,0,0.5127967176685824,0,0.38,1,3,0.40133484105158634
1140,0.5,0.7037037037037037,0.5,,0.9454545454545454,0.5060774930922418,0.5060774930922418,0.0,0.6666666666666666,1.0,0.5013981767831948,0.9983498349834984,0.9999981851273001,0.0,1.0,1.0,0.6666719532398199,0.6666739290735783,0.6666783823534627,0,0.4,0,0.0,1,0.9983759575632554,0,0.4967134823457471,0,0.5133687026374486,0,0.28,1,5,0.5519236429089249
1141,0.4,0.7037037037037037,0.5,,0.3090909090909091,0.4939272797927705,0.4939272797927705,0.0,0.6666666666666666,0.0,0.4666632336364599,0.995049504950495,0.9997624941698952,0.0,1.0,1.0,0.667153026499464,0.6676945593043438,0.6679430970503446,1,0.6,0,0.0,0,0.0014681274343728624,1,0.5082776383666262,1,0.48758329239094345,1,0.52,0,2,0.6471118236346762
1142,0.5,0.6296296296296297,0.5,,0.07272727272727272,0.5060466253190037,0.5060466253190037,0.0,0.6666666666666666,1.0,0.5010422474480392,0.9983498349834984,0.9988307326737501,0.0,1.0,1.0,0.6713655844072889,0.6723661782480959,0.6748511711332934,1,0.6,1,1.0,0,0.000680429841632116,1,0.5115615898986506,0,0.5,1,0.55,1,2,0.47295966337661943
1143,0.5,0.7037037037037037,0.5,,0.9636363636363636,0.4939225535255811,0.4939225535255811,0.0,0.6666666666666666,1.0,0.5366418698798654,0.9983498349834984,0.9999970613371649,0.0,1.0,1.0,0.6666778507277593,0.6666844139099333,0.6666876788952562,0,0.4,0,0.0,1,0.9967284711296287,1,0.5063052387736081,1,0.5,0,0.4,0,3,0.5328277150161271
1144,0.4,0.2962962962962963,0.5,,0.8363636363636363,0.4939226665720684,0.4939226665720684,0.0,0.6666666666666666,1.0,0.5605891949589201,0.9983498349834984,0.9999955911643104,0.0049504950495049506,1.0,1.0,0.6666993037824058,0.666709653174854,0.6667158517454286,1,0.6,0,0.0,1,0.9994191961808685,1,0.50714752802808,1,0.49471967265913297,0,0.38,0,2,0.5031189338553197
1145,0.5,0.7777777777777778,0.5,,0.2,0.5011957593951215,0.5011957593951215,0.0,0.6666666666666666,0.0,0.47026229685380383,0.9933993399339934,0.988250240494931,0.0,0.9983498349834984,1.0,0.7153458125580388,0.7273282308996103,0.7489564868255097,1,0.8,1,1.0,0,0.24090075100996333,1,0.7147526118806299,1,0.5658431928384267,1,0.77,1,1,0.3180839073784968
1146,0.4,0.4444444444444444,0.5,,0.21818181818181817,0.49805387272285273,0.49805387272285273,0.0,0.6666666666666666,1.0,0.5039815733432026,0.9983498349834984,0.9911474369302767,0.0,1.0,1.0,0.7048776101781731,0.7258961707285084,0.736252047658931,1,0.6,1,1.0,0,0.0011240306198952042,1,0.7249160366433403,1,0.5,1,0.68,0,1,0.41565998878946064
1147,0.6,0.40740740740740744,0.5,,0.2545454545454545,0.4939312039858381,0.4939312039858381,0.0,0.6666666666666666,0.0,0.4194611790445839,0.9966996699669967,0.9996910478606844,0.0,0.9983498349834984,1.0,0.6679956225740592,0.6685030859276695,0.6687889825152254,0,0.4,1,1.0,1,0.9965443923488843,1,0.5102952717539916,1,0.5,1,0.5,0,1,0.3488600559828541
1148,0.5,0.5185185185185186,0.5,,0.8909090909090909,0.5060775044276364,0.5060775044276364,0.0,0.6666666666666666,0.0,0.42636947851024665,0.9933993399339934,0.9999986785666118,0.0,0.9983498349834984,1.0,0.6666706151618698,0.6666715527788023,0.6666738571777839,1,0.6,1,1.0,0,0.0012609767586825023,0,0.488046736165277,0,0.47839436813935354,1,0.68,1,3,0.45871631982278116
1149,0.4,0.8888888888888888,0.5,,0.9818181818181818,0.5060774511047739,0.5060774511047739,0.0,0.6666666666666666,0.0,0.4907194255843971,0.9966996699669967,0.9999960420149074,0.0,1.0,1.0,0.6666798465432823,0.6666835319425805,0.6666911835682059,1,0.8,1,1.0,1,0.9983775008088329,0,0.49679976186200536,0,0.5133591510703204,0,0.46,1,3,0.2885772643764736
1150,0.4,0.7407407407407407,0.5,,0.34545454545454546,0.5060727641142432,0.5060727641142432,0.0,0.6666666666666666,0.0,0.47108296610336287,0.9966996699669967,0.9998347977615701,0.0,1.0,1.0,0.6675475299302848,0.6676972381331788,0.6680126445403962,0,0.4,0,0.0,0,0.001340152503163111,0,0.4927429544925963,0,0.4811892908986231,0,0.48,1,6,0.6907879336842695
1151,0.6,0.6666666666666667,0.5,,0.8363636363636363,0.49392255474617563,0.49392255474617563,0.0,0.6666666666666666,0.6666666666666666,0.5392629067195229,0.9983498349834984,0.9999977768534858,0.0049504950495049506,0.9983498349834984,1.0,0.66668039245826,0.6666842451114933,0.6666868074927705,0,0.4,0,0.0,1,0.9999778868894686,1,0.5100166434751661,1,0.513439298055995,0,0.43,0,3,0.5244276952632283
1152,0.4,0.7037037037037037,0.5,,0.2727272727272727,0.50607118092307,0.50607118092307,0.0,0.6666666666666666,0.0,0.4583221610304402,0.9966996699669967,0.9998171808894496,0.0,1.0,1.0,0.6678343149071729,0.6680366430639535,0.6684634712030607,1,0.6,1,1.0,0,0.0005991404977448966,0,0.497781078778739,0,0.5051817770731106,0,0.45,1,4,0.49107300060840087
1153,0.4,0.37037037037037035,0.5,,0.10909090909090909,0.508058570221287,0.508058570221287,0.0,0.6666666666666666,0.5,0.5079056881794968,0.9983498349834984,0.9875677071636731,0.0,0.9983498349834984,1.0,0.7264289541253649,0.753078440037413,0.7695189932629525,1,0.6,1,1.0,0,0.37394858037409845,1,0.689723647009244,1,0.5,1,0.81,0,1,0.3377212954361096
1154,0.4,0.40740740740740744,0.5,,0.14545454545454545,0.4890990730615906,0.4890990730615906,0.0,0.6666666666666666,0.0,0.4886137322992883,0.9966996699669967,0.9812044261713584,0.0,1.0,1.0,0.7459193431503458,0.7690946500049592,0.8194173401695636,1,0.6,1,1.0,1,0.9233015668671843,1,0.7697015539935139,0,0.5,0,0.28,1,2,0.32116614652321696
1155,0.6,0.8518518518518519,0.5,,1.0,0.5060775246648004,0.5060775246648004,0.0,0.6666666666666666,1.0,0.5257821348128304,0.9983498349834984,0.999999510093755,0.0016501650165016502,1.0,0.92,0.6666665462064689,0.6666669120941122,0.6666678211246221,0,0.4,0,0.0,0,0.0005802507826771816,0,0.49297658913712117,0,0.5052834204626382,0,0.4,1,6,0.7001932899362606
1156,0.4,0.5555555555555556,0.5,,0.12727272727272726,0.49393956217951374,0.49393956217951374,0.0,0.6666666666666666,0.0,0.45840153555905994,0.995049504950495,0.999360921741623,0.0,1.0,1.0,0.6686129666369431,0.67010014574192,0.6707645500512642,1,0.6,0,0.0,1,0.9999763718074554,1,0.5247734472628333,1,0.5131636137119652,0,0.4,0,2,0.49368109453629105
1157,0.3,0.8888888888888888,0.5,,0.16363636363636364,0.5059947452691133,0.5059947452691133,0.0,0.6666666666666666,0.0,0.4600076603517531,0.9966996699669967,0.9980935603893593,0.0,0.9983498349834984,1.0,0.6767024045798525,0.6786605153768138,0.6814544276677409,1,0.8,1,1.0,0,0.002788805083857042,1,0.5075462002419164,0,0.5092284970688471,1,0.82,1,2,0.39340608293422985
1158,0.6,0.5555555555555556,0.5,,0.4909090909090909,0.5060762981079794,0.5060762981079794,0.0,0.6666666666666666,0.0,0.48390897210198913,0.9966996699669967,0.9999668828050716,0.0049504950495049506,0.9983498349834984,1.0,0.6669081449215191,0.6669368524605881,0.6669803825171902,0,0.4,1,1.0,0,0.001280881289645653,0,0.4883900470246286,0,0.4791137267018229,0,0.35,1,5,0.5468692241639839
1159,0.3,0.33333333333333337,0.5,,0.10909090909090909,0.5060430794047143,0.5060430794047143,0.0,0.6666666666666666,0.0,0.4687195447647601,0.9917491749174917,0.9989409586303597,0.0,1.0,1.0,0.6717120840696744,0.6729040157972419,0.6753025531349613,1,0.8,1,1.0,1,0.9990642173773744,1,0.5342526791641071,0,0.5077449378554166,1,0.68,1,1,0.2464896942671837
1160,0.2,0.4444444444444444,0.5,,0.09090909090909091,0.4885404742865306,0.4885404742865306,0.0,0.6666666666666666,0.0,0.49052006272608406,0.9966996699669967,0.971131170783887,0.0,1.0,1.0,0.7836722592326534,0.8107524959360061,0.8782757953441883,1,0.8,1,1.0,0,0.0036882978889392513,1,0.9327478326151295,1,0.47674701623726357,1,0.6,1,1,0.36446947554311127
1161,0.6,0.6296296296296297,0.5,,0.07272727272727272,0.5060483552694016,0.5060483552694016,0.0,0.6666666666666666,0.0,0.31732608933680306,0.9966996699669967,0.9994170495206197,0.0,0.995049504950495,1.0,0.6715933994866611,0.6721215794529516,0.672786046170801,1,0.6,1,1.0,0,2.4968207901988345e-05,1,0.5026021726607409,0,0.4871575437525091,0,0.45,1,3,0.4933692192298079
1162,0.3,0.33333333333333337,0.5,,0.10909090909090909,0.506038959242095,0.506038959242095,0.0,0.6666666666666666,0.0,0.43842902555288665,0.995049504950495,0.9985559094906796,0.0,1.0,1.0,0.6722124667858014,0.6735946148729829,0.676797168312246,0,0.4,0,0.0,0,0.0007087453353197222,1,0.5295155466477504,0,0.5,1,0.6,1,4,0.6616292846694882
1163,0.5,0.11111111111111116,0.5,,0.07272727272727272,0.5059300705931187,0.5059300705931187,0.0,0.6666666666666666,0.0,0.4605959749087366,0.995049504950495,0.9978323508566564,0.0016501650165016502,0.995049504950495,1.0,0.681873961265657,0.6839933295752944,0.6888164861610947,0,0.4,1,1.0,0,0.004166178724142521,0,0.4999218912426105,0,0.5212779496410784,1,0.55,1,4,0.5041056633986949
1164,0.4,0.4814814814814815,0.5,,0.18181818181818182,0.4885351106892123,0.4885351106892123,0.0,0.6666666666666666,0.0,0.46724760479578487,0.995049504950495,0.9636636574622004,0.0,0.9983498349834984,1.0,0.8265875918358151,0.8666028598951254,0.9708550688536627,1,0.6,0,0.0,1,0.9999999999996589,1,0.735187554087438,1,0.5510473373582145,1,0.67,1,1,0.40729418475911483
1165,0.6,0.6296296296296297,0.5,,0.16363636363636364,0.5114648939554888,0.5114648939554888,0.0,0.6666666666666666,0.6666666666666666,0.5177138199442266,0.9983498349834984,0.9643709657417522,0.0033003300330033004,0.9966996699669967,1.0,0.9034195397669443,0.9685060411747234,0.997956414999942,0,0.2,0,0.0,1,1.0,1,0.9172365664364411,1,0.5,0,0.39,0,3,0.49879390559392645
1166,0.6,0.6296296296296297,0.5,,0.09090909090909091,0.49279051936795215,0.49279051936795215,0.0,0.6666666666666666,1.0,0.512124956450767,0.9983498349834984,0.9838735617299346,0.0,1.0,1.0,0.7356418559494058,0.7497563434301001,0.7833868821987883,1,0.6,1,1.0,1,0.8363769447129968,1,0.7613078920673056,1,0.5648313845268682,0,0.48,1,1,0.2929139631154717
1167,0.3,0.11111111111111116,0.5,,0.18181818181818182,0.5059994610958403,0.5059994610958403,0.0,0.6666666666666666,0.0,0.46983975471412365,0.995049504950495,0.9976685004114484,0.0,1.0,1.0,0.6758402794252345,0.678262610283689,0.6831007275258216,1,0.8,1,1.0,0,3.188383678801379e-05,1,0.5460549886309014,0,0.48776933374858705,1,0.72,1,2,0.4076906322972872
1168,0.5,0.6296296296296297,0.5,,0.07272727272727272,0.5060502702033223,0.5060502702033223,0.0,0.6666666666666666,0.875,0.5094837623434108,0.9983498349834984,0.9994356266587793,0.01155115511551155,0.9966996699669967,1.0,0.671365728082738,0.6717698566633018,0.6723012634713101,0,0.4,1,1.0,0,0.003854593573322153,0,0.498688936626159,0,0.5,0,0.38,1,5,0.5362427449667533
1169,0.5,0.7037037037037037,0.5,,0.2,0.4939343810161906,0.4939343810161906,0.0,0.6666666666666666,0.0,0.483254103379383,0.9933993399339934,0.9994685202699641,0.0,1.0,1.0,0.6679027459064126,0.6690963544517001,0.6696177887130546,1,0.6,1,1.0,1,0.9985380971563736,1,0.5139240137138549,1,0.5150722593274877,0,0.45,0,1,0.3204109383003807
1170,0.8,0.7777777777777778,0.5,,0.509090909090909,0.5060759554738763,0.5060759554738763,0.0,0.6666666666666666,1.0,0.540550190413255,0.9983498349834984,0.9999593780852928,0.0033003300330033004,1.0,1.0,0.6669744238178333,0.6670210834749969,0.6671086502096402,0,0.2,0,0.0,0,0.0033027685630246098,0,0.49465125488425854,0,0.5,0,0.15,1,6,0.7753409960921195
1171,0.7,0.6666666666666667,0.5,,0.9818181818181818,0.4939224783840338,0.4939224783840338,0.0,0.6666666666666666,0.6666666666666666,0.4202106221937747,0.995049504950495,0.9999992364590861,0.00825082508250825,0.9983498349834984,0.99,0.6666665040773291,0.6666675128850643,0.6666680810403095,1,0.6,1,1.0,1,0.9999778925210633,1,0.5099812449749987,1,0.5134413182244988,1,0.63,0,0,0.29109992404657314
1172,0.4,0.2962962962962963,0.5,,0.4727272727272727,0.4939250399510172,0.4939250399510172,0.0,0.6666666666666666,1.0,0.5297495742593408,0.9983498349834984,0.9999279756505425,0.0,1.0,1.0,0.6670121483405502,0.6672323436927641,0.6673241532029132,1,0.8,1,1.0,1,0.9986967954574322,1,0.5134676166449923,1,0.520098189710786,0,0.43,0,1,0.2896228996977982
1173,0.7,0.7407407407407407,0.5,,0.34545454545454546,0.5060728918105113,0.5060728918105113,0.0,0.6666666666666666,1.0,0.5415397878658311,0.9983498349834984,0.9998426881276541,0.0,0.9983498349834984,1.0,0.667529339272754,0.6676924691801627,0.6681797766251412,0,0.2,0,0.0,0,2.2449777059877745e-05,0,0.4933307056531271,0,0.48669042163032794,0,0.49,1,6,0.7216594038232476
1174,0.6,0.7777777777777778,0.5,,0.09090909090909091,0.5114596701908581,0.5114596701908581,0.0,0.6666666666666666,1.0,0.5050242423201912,0.9983498349834984,0.9655639162956761,0.0,1.0,1.0,0.7469914146860118,0.8135799189983524,0.8494800484964588,0,0.2,1,1.0,1,0.9986360346525096,1,0.9192360100847626,0,0.5183599041813356,0,0.49,0,3,0.3122946751802319
1175,0.4,0.5555555555555556,0.5,,0.8363636363636363,0.49392259849198217,0.49392259849198217,0.0,0.6666666666666666,0.0,0.37766031904397024,0.9933993399339934,0.9999957845189741,0.0,0.995049504950495,1.0,0.6666909309265072,0.6666942306899755,0.6666979734287489,1,0.6,1,1.0,0,0.0016207301870852376,1,0.5033980147597689,1,0.48665054220271553,1,0.64,0,1,0.4613884521417383
1176,0.5,0.2962962962962963,0.5,,0.4727272727272727,0.4939245894724783,0.4939245894724783,0.0,0.6666666666666666,0.25,0.4326311288912791,0.995049504950495,0.9999558311371591,0.0033003300330033004,0.9917491749174917,1.0,0.667059440633915,0.6671316202170493,0.6671888336649408,0,0.4,1,1.0,1,0.9966853445010044,1,0.5064375854223605,1,0.5,1,0.62,0,1,0.32947951167943923
1177,0.4,0.4444444444444444,0.5,,0.09090909090909091,0.4885986326905173,0.4885986326905173,0.0,0.6666666666666666,0.4,0.46119852117899496,0.9966996699669967,0.9870869232081848,0.0049504950495049506,0.9933993399339934,1.0,0.7764336350747082,0.7901019320848565,0.8049897143419519,0,0.2,0,0.0,0,0.2110469185564309,1,0.6170202916413052,1,0.4814836046054846,1,0.56,1,3,0.6550748641994633
1178,0.6,0.7037037037037037,0.5,,0.6363636363636364,0.5060768844609607,0.5060768844609607,0.0,0.6666666666666666,0.0,0.419630813465543,0.9966996699669967,0.9999852968202069,0.0,0.9966996699669967,1.0,0.6667933069682908,0.6668102749062598,0.6668396951268263,0,0.4,0,0.0,0,0.0032834320032401154,0,0.4940846306859432,0,0.5,0,0.47,1,6,0.6887719895518027
1179,0.6,0.5555555555555556,0.5,,0.9818181818181818,0.49392251277010724,0.49392251277010724,0.0,0.6666666666666666,0.3333333333333333,0.47300271850327325,0.995049504950495,0.9999977144778976,0.0,0.9983498349834984,1.0,0.6666706813434071,0.6666752959262139,0.666677063068472,0,0.4,0,0.0,1,0.9999778901270703,1,0.5100026437674773,1,0.5134404494337363,1,0.55,0,2,0.5044298361119528
1180,0.5,0.7407407407407407,0.5,,0.16363636363636364,0.5060621116267245,0.5060621116267245,0.0,0.6666666666666666,0.75,0.4976558143586096,0.9966996699669967,0.9996811729970486,0.0049504950495049506,0.9983498349834984,1.0,0.6694544387690253,0.669767429117052,0.6702738392491205,0,0.4,1,1.0,0,2.3463815303321135e-05,0,0.4933270659267767,0,0.48691042409859997,1,0.51,1,4,0.5182898410265533
1181,0.6,0.5555555555555556,0.5,,0.12727272727272726,0.5114648939554968,0.5114648939554968,0.0,0.6666666666666666,0.6666666666666666,0.5173481030665985,0.9983498349834984,0.9340456388666486,0.0033003300330033004,0.9933993399339934,1.0,0.7593408635527837,0.8256268785670658,0.934747369826069,0,0.4,1,1.0,0,1.0666349842040757e-66,1,0.8497945911141469,0,0.46542444235471025,1,0.5,0,3,0.4641301610885239
1182,0.5,0.6666666666666667,0.5,,0.12727272727272726,0.5088970835121914,0.5088970835121914,0.0,0.6666666666666666,0.0,0.46853558124042305,0.9966996699669967,0.9823473317193505,0.0,1.0,1.0,0.72097166591713,0.7565563573058236,0.7760205172124108,1,0.6,1,1.0,0,0.07528908977044563,1,0.7764241306667649,0,0.441139701012153,1,0.6,0,2,0.41785784642510604
1183,0.3,0.0,0.5,,0.5454545454545454,0.49392404645019194,0.49392404645019194,0.0,0.6666666666666666,1.0,0.503120890259689,0.9983498349834984,0.9999409178642702,0.0,1.0,1.0,0.6669035541375806,0.6670126543569639,0.6670684522281363,0,0.4,1,1.0,1,0.9994150684253713,1,0.5081721909721322,1,0.49474130463981947,1,0.67,0,1,0.3212785726604461
1184,0.3,0.4814814814814815,0.5,,0.5272727272727272,0.49392341314380617,0.49392341314380617,0.0,0.6666666666666666,0.0,0.40270031145387863,0.9933993399339934,0.9999722795244901,0.0,0.995049504950495,1.0,0.6668490789856875,0.66687441857289,0.6668978311110391,1,0.8,1,1.0,0,0.0015918270526331505,1,0.5035793194137783,1,0.4868232321628969,1,0.93,0,1,0.379667603561782
1185,0.6,0.7777777777777778,0.5,,0.09090909090909091,0.5114648806359197,0.5114648806359197,0.0,0.6666666666666666,1.0,0.5219656555073942,0.9983498349834984,0.9621878231331015,0.0,1.0,1.0,0.7593750924462384,0.8614629073713728,0.9128002363974371,1,0.6,0,0.0,0,1.2419228783603115e-09,1,0.9038374031505716,0,0.5058287180931538,0,0.46,0,4,0.5883889795857253
1186,0.5,0.5925925925925926,0.5,,0.8363636363636363,0.5060774441185548,0.5060774441185548,0.0,0.6666666666666666,0.0,0.49112901728536984,0.995049504950495,0.9999955327645643,0.0,1.0,1.0,0.6666806909542546,0.6666851847542283,0.6666951918806868,1,0.6,1,1.0,1,0.9983777620155142,0,0.4967220709092049,0,0.5133576862337774,1,0.53,1,2,0.31025708014025055
1187,0.5,0.5555555555555556,0.5,,0.9636363636363636,0.49392248648422,0.49392248648422,0.0,0.6666666666666666,0.3333333333333333,0.4682447385310945,0.9966996699669967,0.9999989510120976,0.0,0.9983498349834984,1.0,0.6666680249106475,0.6666693692691458,0.666670325703262,0,0.4,1,1.0,0,0.0016247783985741276,1,0.5033623741786113,1,0.48662663626772024,0,0.46,0,3,0.5247310351925158
1188,0.2,0.11111111111111116,0.5,,0.18181818181818182,0.5059961364978407,0.5059961364978407,0.0,0.6666666666666666,1.0,0.5046590037030152,0.9983498349834984,0.9977588492058928,0.0,1.0,1.0,0.6762409548049355,0.6785785719694307,0.6837274494675779,1,0.8,1,1.0,0,0.0027624704585763396,1,0.5217264100569143,0,0.5092312659368071,1,0.83,1,2,0.3893799755912838
1189,0.5,0.6296296296296297,0.5,,0.6,0.5060768430499276,0.5060768430499276,0.0,0.6666666666666666,0.0,0.4244279495410186,0.9933993399339934,0.9999722612776557,0.0,0.9983498349834984,1.0,0.6667951056088421,0.6668185523081802,0.6668779199205199,1,0.6,1,1.0,0,0.0005822348645606129,0,0.4936081066280814,0,0.5052714099236998,0,0.38,1,4,0.5034230414306098
1190,0.3,0.5555555555555556,0.5,,0.9636363636363636,0.4939224852141598,0.4939224852141598,0.0,0.6666666666666666,0.0,0.39671978296352906,0.9966996699669967,0.999999102689589,0.0016501650165016502,0.995049504950495,1.0,0.6666679168188652,0.6666690738467501,0.6666696586167533,1,1.0,1,1.0,1,0.9999778920650185,1,0.5099862390628633,1,0.5134411239051534,1,0.82,0,0,0.1927657908278274
1191,0.5,0.7037037037037037,0.5,,0.6363636363636364,0.5060769566353381,0.5060769566353381,0.0,0.6666666666666666,0.5,0.49306447562668676,0.9966996699669967,0.9999838370448962,0.0016501650165016502,0.9983498349834984,1.0,0.6667748745573773,0.6667936827223084,0.6668185518702886,0,0.4,0,0.0,0,0.0032818529580778866,0,0.4940690113336819,0,0.5,0,0.28,1,6,0.7204415226180401
1192,0.5,0.962962962962963,0.5,,0.2,0.49469556420513716,0.49469556420513716,0.0,0.6666666666666666,1.0,0.5006375165638758,0.9983498349834984,0.992633530856375,0.0,1.0,1.0,0.6831442173690707,0.7034056375234367,0.7119208772513386,1,0.6,1,1.0,1,0.9772743109606531,1,0.7216388447700234,0,0.4500420914654418,1,0.71,0,1,0.25684079213398026
1193,0.5,0.8888888888888888,0.5,,0.18181818181818182,0.48853510604450323,0.48853510604450323,0.0,0.6666666666666666,1.0,0.5107735630990624,0.9983498349834984,0.9506053888876999,0.0016501650165016502,0.9983498349834984,1.0,0.8758903327170562,0.9707882559957466,0.9999146145762963,0,0.4,0,0.0,1,1.0,1,0.8794256612745491,1,0.5481362937192045,0,0.38,1,3,0.4654063408343744
1194,0.3,0.0,0.5,,0.5454545454545454,0.49392404893828157,0.49392404893828157,0.0,0.6666666666666666,1.0,0.5328721284345446,0.9983498349834984,0.9999443782361113,0.0,1.0,1.0,0.6668633394582357,0.6670094752788884,0.6670746689135528,1,0.8,1,1.0,0,0.0015705055483122422,1,0.5041664028256574,1,0.4869507547970506,1,0.82,0,1,0.39788538947149676
1195,0.7,0.5925925925925926,0.5,,0.4727272727272727,0.5060741050747732,0.5060741050747732,0.0,0.6666666666666666,0.0,0.4838463794808555,0.995049504950495,0.9998529730860439,0.0,1.0,1.0,0.6672713999892607,0.6674160301731226,0.6676534453458172,0,0.2,0,0.0,1,0.998490640832029,0,0.49607777514269563,0,0.512667975952235,0,0.42,1,5,0.5621272680121734
1196,0.4,0.8148148148148149,0.5,,0.6363636363636364,0.5060770428430663,0.5060770428430663,0.0,0.6666666666666666,0.0,0.48167419177325,0.9966996699669967,0.9999780526111537,0.0,1.0,1.0,0.6667533412691347,0.6667759461191167,0.6668236614915124,1,0.6,1,1.0,0,0.001268567775761078,0,0.4882233137598267,0,0.47867561268153536,0,0.49,1,4,0.4903054176304794
1197,0.5,0.8148148148148149,0.5,,0.8545454545454545,0.506077433477613,0.506077433477613,0.0,0.6666666666666666,1.0,0.5139866526115211,0.9983498349834984,0.9999966348669577,0.0,1.0,1.0,0.6666838134598506,0.666687351623439,0.6666934739849496,0,0.4,0,0.0,0,0.0012621403176429835,0,0.4880238773002651,0,0.4784367075596753,0,0.28,1,6,0.7253795458037361
1198,0.4,0.7037037037037037,0.5,,0.9090909090909091,0.4939224924942278,0.4939224924942278,0.0,0.6666666666666666,0.0,0.4953810725702019,0.995049504950495,0.9999987316664678,0.0,0.9983498349834984,1.0,0.6666676616026292,0.6666706825781329,0.6666718334853184,0,0.4,0,0.0,1,0.9994196982069362,1,0.5070581608635614,1,0.4947168345838438,0,0.44,0,3,0.5264675510576098
1199,0.7,0.7037037037037037,0.5,,0.10909090909090909,0.5060588320531576,0.5060588320531576,0.0,0.6666666666666666,0.0,0.46696193648894424,0.9966996699669967,0.9993279388517219,0.0,1.0,1.0,0.6696731394598414,0.6703285183177603,0.6722101214277446,0,0.4,1,1.0,0,0.0015789306373428583,0,0.49297300751109724,0,0.4880998945208108,0,0.49,1,5,0.5212246945551249
1200,0.4,0.5925925925925926,0.5,,0.18181818181818182,0.5043512865601039,0.5043512865601039,0.0,0.6666666666666666,0.0,0.441865903869635,0.9917491749174917,0.990049341952606,0.0,0.9983498349834984,1.0,0.704142913841949,0.7138493909398992,0.7325711377295501,1,0.8,1,1.0,0,0.041797806651434406,0,0.3555688895963181,0,0.5,0,0.47,1,4,0.4721055506253746
1201,0.6,0.5925925925925926,0.5,,0.2727272727272727,0.5060680744100698,0.5060680744100698,0.0,0.6666666666666666,0.5555555555555556,0.5813284510553183,0.9983498349834984,0.9998303811620898,0.006600660066006601,0.9933993399339934,1.0,0.6684132527310974,0.6686423594058876,0.6688630738234758,0,0.2,0,0.0,0,0.0014189947718400023,0,0.4902790737942626,0,0.48370953533876127,0,0.38,1,6,0.7407653993491894
1202,0.7,0.7037037037037037,0.5,,0.9090909090909091,0.4939224921735186,0.4939224921735186,0.0,0.6666666666666666,0.75,0.5579463475300426,0.9983498349834984,0.9999990135119939,0.009900990099009901,0.9966996699669967,1.0,0.6666689115115514,0.6666705998081192,0.666671514392322,0,0.2,0,0.0,1,0.9994196987118248,1,0.5070387473301146,1,0.49471683927288074,0,0.28,0,3,0.5864707857808633
1203,0.2,0.11111111111111116,0.5,,0.07272727272727272,0.5059801620812384,0.5059801620812384,0.0,0.6666666666666666,0.0,0.4332456436756631,0.9917491749174917,0.9977719663600825,0.0,0.9900990099009901,1.0,0.6785549897794286,0.6800811236329176,0.6836256837370043,1,1.0,1,1.0,0,3.5082599812601694e-05,1,0.5100214731771564,0,0.4875861184976845,1,0.84,1,2,0.36039288762089117
1204,0.5,0.2962962962962963,0.5,,0.8363636363636363,0.49392266559230646,0.49392266559230646,0.0,0.6666666666666666,0.0,0.4937959562578571,0.9966996699669967,0.9999948840941765,0.0049504950495049506,0.9983498349834984,1.0,0.6667016935880484,0.6667089769827289,0.6667133601113929,1,0.6,1,1.0,1,0.9994191913077431,1,0.5070757582167413,1,0.49471975276620705,0,0.42,0,1,0.32979754961821806
1205,0.5,0.9259259259259259,0.5,,0.7090909090909091,0.49392279969164,0.49392279969164,0.0,0.6666666666666666,1.0,0.5785703419917745,0.9983498349834984,0.9999906873274316,0.006600660066006601,0.9983498349834984,1.0,0.6667280038797843,0.6667389348642999,0.666748569001748,0,0.4,1,1.0,1,0.9994187945152732,1,0.507234982072617,1,0.49472182797047254,1,0.61,0,1,0.33143739924027293
1206,0.7,0.5555555555555556,0.5,,0.03636363636363636,0.49396999001872177,0.49396999001872177,0.0,0.6666666666666666,0.0,0.4943713239342872,0.9966996699669967,0.9984330982018241,0.0,1.0,1.0,0.6710172531612631,0.6745204740923915,0.6757321909485156,0,0.4,1,1.0,1,0.9999725221691702,1,0.5179006225888875,1,0.5128057170976784,1,0.58,0,1,0.33155352302404406
1207,0.7,0.7777777777777778,0.5,,0.7090909090909091,0.5060772999621089,0.5060772999621089,0.0,0.6666666666666666,1.0,0.5655583460238408,0.9983498349834984,0.9999939735756768,0.0,1.0,1.0,0.6667104866118883,0.6667171119397967,0.6667288651199913,0,0.2,0,0.0,0,0.003274613002074175,0,0.4939026466571024,0,0.5,0,0.37,1,6,0.7388037900568039
1208,0.5,0.7777777777777778,0.5,,0.5454545454545454,0.49392334378293423,0.49392334378293423,0.0,0.6666666666666666,0.4444444444444444,0.45461051772286054,0.9966996699669967,0.9999806908715702,0.00825082508250825,0.9933993399339934,1.0,0.6668412915857884,0.6668587357518834,0.666876915235077,1,0.6,1,1.0,0,0.001594352741270882,1,0.5035279997587876,1,0.4868093682025099,1,0.67,0,1,0.4563447132162386
1209,0.5,0.5925925925925926,0.5,,0.18181818181818182,0.5047360155903655,0.5047360155903655,0.0,0.6666666666666666,0.0,0.4453346872365421,0.9966996699669967,0.9932159140764191,0.0,1.0,1.0,0.7040868596857628,0.7098688181793869,0.7231958103536832,1,0.8,1,1.0,0,0.008783317118188212,1,0.6274889202920649,0,0.5,1,0.6,1,2,0.4106212937649578
1210,0.6,0.6296296296296297,0.5,,0.6,0.5060769133683449,0.5060769133683449,0.0,0.6666666666666666,0.0,0.39847020546501755,0.9966996699669967,0.9999786672931944,0.0,1.0,1.0,0.6667856421888609,0.6668021967416408,0.6668350361313632,0,0.2,0,0.0,0,0.0005820475812693744,0,0.493249751678423,0,0.5052728835739185,1,0.59,1,5,0.7018158861943982
1211,0.6,0.8148148148148149,0.5,,0.2,0.49458909518273386,0.49458909518273386,0.0,0.6666666666666666,0.0,0.40828698180565604,0.9966996699669967,0.9934046687989866,0.0,0.9983498349834984,1.0,0.6887294341131799,0.7015825511297326,0.7089381676769863,0,0.2,0,0.0,1,0.9960094682780104,1,0.6384075417343633,1,0.4949388696400433,1,0.51,0,2,0.5267740200579305
