,feature_kDN,feature_DS,feature_DCP,feature_TD_P,feature_TD_U,feature_CL,feature_CLD,feature_MV,feature_CB,feature_N1,feature_N2,feature_LSC,feature_LSR,feature_Harmfulness,feature_Usefulness,feature_F1,feature_F2,feature_F3,feature_F4,algo_knn,proba_knn,algo_tree,proba_tree,algo_nb,proba_nb,algo_logreg,proba_logreg,algo_svm_rbf,proba_svm_rbf,algo_rf,proba_rf,class,n_wrong,ih
0,0.3,0.823076923076923,0.2753623188405797,0.6666666666666666,0.5384615384615384,0.39020161147115706,0.39020161147115706,0.46399999999999997,0.7673611111111112,0.5,0.4421586351976412,0.9888059701492538,0.8245904923280436,0.0,0.9925373134328358,1.0,0.6666666666666666,0.8582453591076836,0.9629629629629631,1,0.8,1,1.0,1,0.7198374575536984,1,0.7094459284042581,1,0.7406915760716077,1,0.76,tested_positive,0,0.21167083966173939
1,0.0,0.7846153846153846,0.3988439306358381,1.0,0.6153846153846154,0.11709782837920113,0.11709782837920113,0.0,0.5659722222222222,0.0,0.36687577296649665,0.908,0.8125016865956098,0.0,0.96,1.0,0.6666666666666666,0.8345047561794885,0.9836065573770493,1,1.0,1,1.0,1,0.9786682241457477,1,0.9500917202847338,1,0.9025598314563795,1,0.87,tested_negative,0,0.04978003735218983
2,0.3,0.9230769230769231,0.6842105263157895,0.6666666666666666,0.5384615384615384,0.3228147691970402,0.3228147691970402,0.46399999999999997,0.7673611111111112,0.0,0.47878909363087874,0.9813432835820896,0.7983464228899558,0.0,0.9925373134328358,1.0,0.6666666666666666,0.7971627287626653,0.9421487603305786,1,0.6,1,1.0,1,0.7929204894276907,1,0.7608788555272086,1,0.8372240266269262,1,0.61,tested_positive,0,0.2331627714030291
3,0.0,0.0,0.08487084870848705,0.6666666666666666,0.46153846153846156,0.11329034998768805,0.11329034998768805,0.0,0.5659722222222222,0.0,0.23903549395097057,0.79,0.8081889835486733,0.0,0.908,1.0,0.6666666666666666,0.8183630661251659,0.9904926534140017,1,1.0,1,1.0,1,0.9874103176095071,1,0.9544853707383438,1,0.9148507178193106,1,0.97,tested_negative,0,0.02887559897213976
4,0.4,0.9538461538461538,0.2753623188405797,0.6666666666666666,0.6153846153846154,0.24536682532901644,0.24536682532901644,0.46399999999999997,0.7673611111111112,0.0,0.4701871271997664,0.9850746268656716,0.6742083429619239,0.0,0.996268656716418,1.0,0.6666666666666666,0.7939441710757731,0.9230769230769231,1,0.6,0,0.0,1,0.9999965227489074,1,0.9351015311686774,1,0.6435549614493089,1,0.77,tested_positive,1,0.3418911641055177
5,0.3,0.7076923076923076,0.04878048780487809,1.0,0.3076923076923077,0.1388457981075597,0.1388457981075597,0.0,0.5659722222222222,0.25,0.34741731888497396,0.996,0.9185402944371973,0.0037313432835820895,0.99,1.0,0.6666666666666666,0.8021921547177571,0.9494614747307375,1,0.6,1,1.0,1,0.9404879682007232,1,0.8480569482262835,1,0.8227445979397982,1,0.93,tested_negative,0,0.14311841427219918
6,1.0,0.9923076923076923,0.915129151291513,0.6666666666666666,0.5384615384615384,0.8790482166928495,0.8790482166928495,0.46399999999999997,0.7673611111111112,1.0,0.6526467172473644,0.996268656716418,0.8931816490442335,0.04,1.0,1.0,0.6999843823207871,0.8378960485876081,0.9677419354838711,0,0.0,0,0.0,0,0.029960345850376664,0,0.0671467538625036,0,0.0765938538145837,0,0.09,tested_positive,6,0.956049841078756
7,0.6,0.9384615384615385,0.3988439306358381,1.0,0.6153846153846154,0.6387013471861489,0.6387013471861489,0.0,0.5659722222222222,1.0,0.5661607628346703,0.998,0.8910299964402396,0.007462686567164179,1.0,1.0,0.6666666666666666,0.7538269599687734,0.9227166276346606,1,0.6,0,0.0,0,0.13029951307279622,0,0.2892840072508249,0,0.2801774378046586,0,0.37,tested_negative,5,0.7217065069786202
8,0.2,0.9153846153846154,0.2753623188405797,0.6666666666666666,0.6153846153846154,0.24532409902728425,0.24532409902728425,0.46399999999999997,0.7673611111111112,0.0,0.4821839472789601,0.9888059701492538,0.7138673613724603,0.0,0.996268656716418,1.0,0.6666666666666666,0.8046376474875837,0.9687235841081995,1,0.6,0,0.0,1,0.999178630150096,1,0.5550523248785258,1,0.6874320405384751,1,0.63,tested_positive,1,0.4213895007388172
9,0.8,0.9923076923076923,0.9512195121951219,1.0,0.3076923076923077,0.8807861037515272,0.8807861037515272,0.46399999999999997,0.7673611111111112,0.0,0.49954104790621345,0.9925373134328358,0.8221038243005105,0.002,1.0,1.0,0.6666666666666666,0.7589698675297998,0.896551724137931,0,0.4,1,1.0,0,0.006714835374700264,0,0.0350757095112073,0,0.21740098468404537,0,0.2,tested_positive,5,0.6901347450716746
10,0.2,0.9384615384615385,0.3988439306358381,1.0,0.6153846153846154,0.20230378588080722,0.20230378588080722,0.0,0.5659722222222222,0.3333333333333333,0.4220432459558284,0.984,0.8580852956438081,0.0037313432835820895,0.994,1.0,0.6666666666666666,0.7742903933761256,0.9448441247002397,1,0.8,1,1.0,1,0.8493833402220411,1,0.7829732292236514,1,0.7691653092800603,1,0.8,tested_negative,0,0.16641302021237447
11,0.4,0.6461538461538461,0.2753623188405797,0.6666666666666666,0.46153846153846156,0.2740596166084488,0.2740596166084488,0.46399999999999997,0.7673611111111112,1.0,0.6057510663493477,0.996268656716418,0.8752763918598423,0.004,0.996268656716418,1.0,0.6666666666666666,0.77121593506754,0.8702290076335878,1,0.6,0,0.0,1,0.9194850815221791,1,0.8923043545781396,1,0.9007896062738203,1,0.77,tested_positive,1,0.31957015960431023
12,0.5,0.9,0.3157894736842105,0.6666666666666666,0.46153846153846156,0.7461934415020062,0.7461934415020062,0.0,0.5659722222222222,0.0,0.496178510683276,0.996,0.8025237769129098,0.0,1.0,1.0,0.6666666666666666,0.809048179981384,0.9736618521665252,0,0.4,1,1.0,0,0.012727905195436229,0,0.16440641035290493,1,0.5,1,0.66,tested_negative,3,0.5438109474086097
13,0.1,1.0,0.2753623188405797,0.6666666666666666,0.38461538461538464,0.24529676565182656,0.24529676565182656,0.46399999999999997,0.7673611111111112,0.0,0.3950366276300128,0.9664179104477612,0.58925572654983,0.0,0.996268656716418,0.875,0.6108374384236452,0.7952938706624438,0.9753191489361701,1,0.8,0,0.0,1,0.999995446016057,0,0.45918333925283866,1,0.5232164036067185,1,0.59,tested_positive,2,0.43793413518739766
14,0.3,0.9230769230769231,0.6842105263157895,0.6666666666666666,0.5384615384615384,0.36918820347926096,0.36918820347926096,0.46399999999999997,0.7673611111111112,1.0,0.5838651473418863,0.996268656716418,0.8756007280116718,0.002,1.0,1.0,0.7448015122873346,0.8494219943102259,0.9526184538653368,0,0.4,1,1.0,1,0.7523047173103986,1,0.6594406132185211,1,0.6609194901176915,1,0.7,tested_positive,1,0.3045558632255648
15,0.7,0.9923076923076923,0.6011560693641618,1.0,0.7692307692307693,0.6178045401919612,0.6178045401919612,0.46399999999999997,0.7673611111111112,1.0,0.7475817255965944,0.996268656716418,0.9624499088817665,0.006,1.0,1.0,0.6666666666666666,0.8090098531434236,0.9924433249370277,0,0.4,0,0.0,1,0.5735327052443289,0,0.4616209870160076,0,0.39103307802863924,0,0.25,tested_positive,5,0.6539688716185041
16,0.6,0.9461538461538461,0.6011560693641618,1.0,0.6153846153846154,0.4373419697290448,0.4373419697290448,0.46399999999999997,0.7673611111111112,0.0,0.4856727721065969,0.9888059701492538,0.881972699267544,0.002,0.996268656716418,1.0,0.6666666666666666,0.7898142562193182,0.9099307159353348,0,0.4,0,0.0,1,0.5150603619032036,0,0.36171668675224977,0,0.35313854162483116,1,0.55,tested_positive,4,0.6366807349532859
17,0.6,0.9538461538461538,0.6011560693641618,1.0,0.9230769230769231,0.8338314862223,0.8338314862223,0.46399999999999997,0.7673611111111112,0.3333333333333333,0.5127089502461633,0.996268656716418,0.9117185309239269,0.002,0.9925373134328358,1.0,0.6666666666666666,0.8227257506558137,0.9836909871244636,1,0.6,0,0.0,0,0.10807730371029965,0,0.21380410629992477,0,0.2110548734145499,0,0.29,tested_positive,5,0.7628439527625376
18,0.1,0.9384615384615385,0.3988439306358381,1.0,0.6153846153846154,0.25259106856472324,0.25259106856472324,0.0,0.5659722222222222,0.5,0.5178126523434506,0.998,0.8013681892879578,0.0037313432835820895,1.0,1.0,0.6860554109903565,0.7963319833605513,0.977667493796526,1,0.8,1,1.0,1,0.7462526755453807,1,0.6256923370966359,1,0.5208464389250178,1,0.7,tested_negative,0,0.2678680914054943
19,0.8,0.9461538461538461,0.6011560693641618,1.0,0.6153846153846154,0.8217214773793619,0.8217214773793619,0.46399999999999997,0.7673611111111112,0.5,0.5373686841676891,0.996268656716418,0.8872678392566007,0.016,0.9925373134328358,1.0,0.7027027027027026,0.8387165130785595,1.0,0,0.2,0,0.0,0,0.10471163823775181,0,0.22143369721363632,0,0.23946299320026232,0,0.34,tested_positive,6,0.8157319452247249
20,0.6,0.9,0.08487084870848705,0.6666666666666666,0.6153846153846154,0.5524901739595721,0.5524901739595721,0.0,0.5659722222222222,0.6666666666666666,0.5257177750579877,0.998,0.8575716948368106,0.007462686567164179,0.998,1.0,0.725925925925926,0.8158242956644595,0.8775055679287306,0,0.4,1,1.0,0,0.45920431547434465,1,0.5980564792001112,1,0.5729837804431884,1,0.59,tested_negative,2,0.39662590414705934
21,0.2,0.9538461538461538,0.3988439306358381,1.0,0.6923076923076923,0.353390652655984,0.353390652655984,0.0,0.5659722222222222,0.0,0.36607280095505323,0.982,0.846296968052279,0.0,0.992,1.0,0.6666666666666666,0.8222949505417665,0.9974683544303797,0,0.4,1,1.0,1,0.6550903247291731,1,0.6498742762041039,1,0.7056999175860137,1,0.64,tested_negative,1,0.32488924691345167
22,0.1,0.6461538461538461,0.2753623188405797,0.6666666666666666,0.46153846153846156,0.2516071672840692,0.2516071672840692,0.46399999999999997,0.7673611111111112,0.5,0.2615864003629701,0.9850746268656716,0.7945461436972615,0.002,0.9925373134328358,1.0,0.6666666666666666,0.7801382257286148,0.9629629629629631,1,0.8,1,1.0,1,0.984947979794382,1,0.9363895399082385,1,0.9566956290203185,1,0.75,tested_positive,0,0.09532780854617684
23,0.6,0.9538461538461538,0.6011560693641618,1.0,0.9230769230769231,0.7232776032888829,0.7232776032888829,0.46399999999999997,0.7673611111111112,0.0,0.4830613901520354,0.9888059701492538,0.8067792864162782,0.0,0.996268656716418,1.0,0.6666666666666666,0.8264521407970845,0.9939288811795316,0,0.4,1,1.0,0,0.18933533154902743,0,0.2674059517907493,0,0.21123965278999265,1,0.55,tested_positive,4,0.5636698439783718
24,0.5,0.9846153846153847,0.2753623188405797,0.6666666666666666,0.8461538461538461,0.2689917473425665,0.2689917473425665,0.46399999999999997,0.7673611111111112,0.0,0.45969350052934244,0.9888059701492538,0.8434845742550199,0.002,0.9888059701492538,1.0,0.7012987012987012,0.8139365589034959,0.9523809523809523,0,0.2,0,0.0,1,0.9234395656419283,1,0.7015120134006573,1,0.6170755739647588,1,0.62,tested_positive,2,0.4896621411654426
25,0.6,0.9923076923076923,0.6011560693641618,1.0,0.9230769230769231,0.5201038577089339,0.5201038577089339,0.46399999999999997,0.7673611111111112,0.6666666666666666,0.5723391556867197,0.996268656716418,0.9232548010409488,0.006,0.996268656716418,1.0,0.6907073509015257,0.8516620138771658,0.9589958158995816,0,0.4,0,0.0,0,0.4623701624497731,0,0.4472380822540653,0,0.3335236529988752,0,0.34,tested_positive,6,0.6694780170495478
26,0.3,0.9923076923076923,0.2753623188405797,0.6666666666666666,0.9230769230769231,0.3996202983942748,0.3996202983942748,0.46399999999999997,0.7673611111111112,0.0,0.46876934771219425,0.9850746268656716,0.8797654230319522,0.002,0.9850746268656716,1.0,0.6666666666666666,0.8064156362511836,0.9629629629629631,0,0.4,1,1.0,1,0.6277627698118314,1,0.7241385619360635,1,0.7863546397605439,1,0.63,tested_positive,1,0.30529067141526023
27,0.0,0.0,0.08487084870848705,0.6666666666666666,0.46153846153846156,0.11344875960585299,0.11344875960585299,0.0,0.5659722222222222,0.0,0.35923762883644217,0.9359999999999999,0.8459192882791673,0.0,0.914,1.0,0.6758620689655173,0.8162169441782803,0.9924433249370277,1,1.0,1,1.0,1,0.987325969065497,1,0.9540902753255835,1,0.9551552727240932,1,0.97,tested_negative,0,0.022238080480804445
28,0.6,0.9,0.3157894736842105,0.6666666666666666,0.46153846153846156,0.6981555772060065,0.6981555772060065,0.0,0.5659722222222222,0.0,0.42832586384711,0.996,0.7962975743063303,0.0,0.998,1.0,0.6666666666666666,0.786068557403383,0.8988235294117648,1,0.6,0,0.0,0,0.153219238431107,0,0.45122072080708653,1,0.623361686327498,1,0.58,tested_negative,3,0.5986997257390514
29,0.5,0.9769230769230769,0.3988439306358381,1.0,0.7692307692307693,0.261548048607287,0.261548048607287,0.0,0.5659722222222222,0.0,0.4435439447467685,0.996,0.919820507207065,0.0037313432835820895,0.996,1.0,0.6666666666666666,0.8011928635486864,0.9141531322505799,0,0.4,0,0.0,1,0.7743653128993007,1,0.7261434967749809,1,0.6586525302465049,0,0.46,tested_negative,3,0.4968064433465357
30,0.4,0.8923076923076922,0.3988439306358381,1.0,0.8461538461538461,0.3312676671049405,0.3312676671049405,0.0,0.5659722222222222,0.5,0.6502718211495093,0.998,0.8968506353079189,0.0037313432835820895,0.998,1.0,0.6666666666666666,0.8429429872749654,0.9493975903614458,0,0.2,1,1.0,1,0.7524428411511828,1,0.576771442068748,1,0.6714645286975081,0,0.49,tested_negative,2,0.38488686468042677
31,0.5,0.6461538461538461,0.2753623188405797,0.6666666666666666,0.46153846153846156,0.33172018544856496,0.33172018544856496,0.46399999999999997,0.7673611111111112,0.0,0.38775338044997965,0.9813432835820896,0.8061525361612841,0.002,0.9925373134328358,1.0,0.7368421052631579,0.8408293007095893,0.9510373443983402,0,0.4,1,1.0,1,0.6861329025226945,1,0.5224520718657103,1,0.5619487927572726,1,0.72,tested_positive,1,0.3515777054757204
32,0.0,0.0,0.08487084870848705,0.6666666666666666,0.46153846153846156,0.1113023556831132,0.1113023556831132,0.0,0.5659722222222222,0.0,0.4097618374809401,0.97,0.8751198965666838,0.0,0.906,1.0,0.6758620689655173,0.8132131120800961,0.9913043478260869,1,1.0,1,1.0,1,0.9890453877180804,1,0.9484842620849694,1,0.933408334920025,1,0.95,tested_negative,0,0.02984366921282089
33,0.3,0.0,0.08487084870848705,0.6666666666666666,0.46153846153846156,0.11970581164993255,0.11970581164993255,0.0,0.5659722222222222,0.0,0.3967547316013357,0.992,0.8698031021734496,0.0,0.996,1.0,0.6666666666666666,0.7901162253269634,0.9680589680589681,1,1.0,1,1.0,1,0.976489942431403,1,0.9618959242905649,1,0.9183628620887891,1,0.96,tested_negative,0,0.030541878531540445
34,0.7,0.9538461538461538,0.3988439306358381,1.0,1.0,0.4707623782331676,0.4707623782331676,0.0,0.5659722222222222,1.0,0.5878054490328686,0.998,0.882890800733445,0.011194029850746268,0.994,1.0,0.6666666666666666,0.8638522801195712,0.98989898989899,0,0.4,1,1.0,1,0.5269296406918992,1,0.5488360876815446,0,0.42671169301809914,0,0.26,tested_negative,3,0.47292042976807636
35,0.3,0.7076923076923076,0.04878048780487809,1.0,0.3076923076923077,0.2161309510204077,0.2161309510204077,0.0,0.5659722222222222,0.0,0.37639474108399085,0.99,0.7521653666871463,0.0,0.996,1.0,0.7967479674796748,0.8965443605687808,0.977667493796526,1,0.8,1,1.0,1,0.854379184917937,1,0.855481907725582,1,0.8061515516859596,1,0.69,tested_negative,0,0.16566455927842016
36,0.6,0.9769230769230769,0.7246376811594203,0.6666666666666666,0.8461538461538461,0.6213859931776468,0.6213859931776468,0.0,0.5659722222222222,0.3333333333333333,0.4779061849232257,0.996,0.8771799752362651,0.0,1.0,1.0,0.6666666666666666,0.7820005835265561,0.9264349232012934,0,0.2,0,0.0,0,0.34073944874627426,0,0.37401427463064674,0,0.27399731035937974,0,0.32,tested_negative,6,0.7485414943772832
37,0.5,0.9076923076923077,0.6011560693641618,1.0,0.46153846153846156,0.548244144998249,0.548244144998249,0.46399999999999997,0.7673611111111112,0.5,0.5601331692379565,0.996268656716418,0.853458667486864,0.006,0.9925373134328358,1.0,0.6666666666666666,0.8707808776224528,0.98989898989899,0,0.2,1,1.0,1,0.5356808987313123,0,0.43980915637175355,0,0.3938816999863797,1,0.52,tested_positive,3,0.4851047074850924
38,1.0,0.9615384615384616,0.915129151291513,0.6666666666666666,0.7692307692307693,0.8434204439784528,0.8434204439784528,0.46399999999999997,0.7673611111111112,1.0,0.6041001257303691,0.996268656716418,0.8791030648303464,0.014,1.0,1.0,0.6666666666666666,0.8071408469742488,0.9586374695863747,0,0.0,0,0.0,0,0.07492712561532043,0,0.16825980696179008,0,0.1241434202868955,0,0.06,tested_positive,6,0.9287782745226657
39,0.4,0.9461538461538461,0.6011560693641618,1.0,0.6923076923076923,0.26347289382270755,0.26347289382270755,0.46399999999999997,0.7673611111111112,1.0,0.5671423517524502,0.996268656716418,0.7842472226846826,0.0,1.0,1.0,0.7792207792207793,0.8600696331018929,0.9403341288782816,1,1.0,0,0.0,1,0.9835704304738153,1,0.6030629554314353,1,0.6674190325438711,1,0.65,tested_positive,1,0.3493245969251463
40,0.6,0.9923076923076923,0.7246376811594203,0.6666666666666666,0.6923076923076923,0.5763283339320413,0.5763283339320413,0.0,0.5659722222222222,0.75,0.5416252693162515,0.998,0.8770476810975232,0.014925373134328358,0.998,1.0,0.7050495516753185,0.8008411713430647,0.9421487603305786,0,0.2,0,0.0,0,0.30689092115904154,0,0.23307497095224172,0,0.16430571791353038,0,0.09,tested_negative,6,0.8342880649958644
41,0.7,0.9846153846153847,0.7246376811594203,0.6666666666666666,0.6153846153846154,0.5683620300561276,0.5683620300561276,0.0,0.5659722222222222,0.5,0.5827266621416016,0.998,0.8989171620407019,0.018656716417910446,0.998,1.0,0.6666666666666666,0.8067587538528631,0.9629629629629631,0,0.2,0,0.0,0,0.3890100273533389,0,0.30600839592011897,0,0.1701900150275962,0,0.24,tested_negative,6,0.7824652602831577
42,0.4,0.7076923076923076,0.04878048780487809,1.0,0.3076923076923077,0.17991298372565057,0.17991298372565057,0.0,0.5659722222222222,0.0,0.4422362561903538,0.99,0.8083176299148289,0.0,1.0,1.0,0.6666666666666666,0.8432409381263748,0.9633251833740831,1,0.8,1,1.0,1,0.8804535826106712,1,0.8792748911637699,1,0.9065938707794247,1,0.84,tested_negative,0,0.11561294257435561
43,0.1,0.9461538461538461,0.2753623188405797,0.6666666666666666,0.5384615384615384,0.24635652271664787,0.24635652271664787,0.46399999999999997,0.7673611111111112,0.0,0.42922736151621566,0.9664179104477612,0.6981479036123499,0.0,1.0,1.0,0.6826347305389222,0.8072549359749845,0.9090909090909091,1,1.0,0,0.0,1,0.9945349846752992,1,0.9057092022297633,1,0.8421859482078871,1,0.77,tested_positive,1,0.24792831081450828
44,0.8,1.0,0.3157894736842105,0.6666666666666666,0.6923076923076923,0.5036023854267355,0.5036023854267355,0.0,0.5659722222222222,1.0,0.6924417026411697,0.998,0.9417834394466257,0.011194029850746268,1.0,1.0,0.6666666666666666,0.8239269318320743,0.9786507258753201,0,0.2,0,0.0,0,0.4807590112681445,0,0.35634018549629476,0,0.25083652500369963,0,0.19,tested_negative,6,0.7536773797053101
45,0.2,0.6461538461538461,0.2753623188405797,0.6666666666666666,0.46153846153846156,0.24563839959302158,0.24563839959302158,0.46399999999999997,0.7673611111111112,0.0,0.405700443612967,0.9925373134328358,0.7511298406201611,0.0,0.9888059701492538,1.0,0.6666666666666666,0.7648984867213188,0.9268292682926829,1,0.6,1,1.0,1,0.9968181677919168,1,0.935805826712324,1,0.7378922668541417,1,0.84,tested_positive,0,0.1482472897736029
46,0.3,0.9846153846153847,0.3157894736842105,0.6666666666666666,0.6153846153846154,0.23539290374300692,0.23539290374300692,0.0,0.5659722222222222,0.0,0.4808295735391649,0.996,0.8690361327422941,0.0,0.998,1.0,0.6666666666666666,0.7924756161890907,0.9913043478260869,1,0.6,1,1.0,1,0.81374597927996,1,0.5847563297680609,0,0.4670882613689008,1,0.51,tested_negative,1,0.33740157159717976
47,0.0,0.0,0.08487084870848705,0.6666666666666666,0.46153846153846156,0.11417109763571975,0.11417109763571975,0.0,0.5659722222222222,0.0,0.35472997026688136,0.92,0.8132301587625648,0.0,0.942,1.0,0.6666666666666666,0.8230377904651996,0.9887834339948232,1,1.0,1,1.0,1,0.9851478951763541,1,0.9574493863960021,1,0.9167833200568498,1,0.95,tested_negative,0,0.03176989972846567
48,0.8,0.9538461538461538,0.6011560693641618,1.0,0.6923076923076923,0.7670070764562046,0.7670070764562046,0.46399999999999997,0.7673611111111112,1.0,0.5504743437994124,0.996268656716418,0.8761252686038838,0.008,1.0,1.0,0.6666666666666666,0.8551126568924072,0.977667493796526,0,0.0,1,1.0,0,0.21295050494657441,0,0.40847761127370985,0,0.23793519392652346,1,0.54,tested_positive,4,0.600106114975532
49,0.2,0.0,0.08487084870848705,0.6666666666666666,0.46153846153846156,0.11069771243870696,0.11069771243870696,0.0,0.5659722222222222,0.0,0.35106199317582587,0.996,0.9139187062551342,0.0,0.99,1.0,0.6666666666666666,0.7506746224568291,0.9680589680589681,1,0.8,1,1.0,1,0.9460400736450699,1,0.9393842243201072,1,0.7367089342829297,1,0.82,tested_negative,0,0.12631112795864885
50,0.0,0.0,0.08487084870848705,0.6666666666666666,0.46153846153846156,0.11118988998190682,0.11118988998190682,0.0,0.5659722222222222,0.0,0.3865695310195586,0.94,0.8345956019223402,0.0,0.952,1.0,0.6758620689655173,0.7857329652236212,0.977667493796526,1,1.0,1,1.0,1,0.9926493985066414,1,0.9657026599440564,1,0.9297256278517835,1,0.99,tested_negative,0,0.020320385616253156
51,0.0,0.0,0.08487084870848705,0.6666666666666666,0.46153846153846156,0.1158160778696311,0.1158160778696311,0.0,0.5659722222222222,0.0,0.3552215448802334,0.968,0.8589811580211171,0.0,0.938,1.0,0.6888888888888889,0.8163774575723879,0.9874686716791982,1,1.0,1,1.0,1,0.982946606495819,1,0.913872339301879,1,0.9226015606743683,1,0.98,tested_negative,0,0.03342991558798902
52,0.1,0.7076923076923076,0.04878048780487809,1.0,0.3076923076923077,0.11750722370804445,0.11750722370804445,0.0,0.5659722222222222,0.0,0.4224446193117074,0.982,0.8595147251655046,0.0,0.976,1.0,0.6806953339432753,0.8418547488660819,0.9493975903614458,1,0.8,1,1.0,1,0.9829380189853487,1,0.9350063892293042,1,0.8729988330451979,1,0.96,tested_negative,0,0.07484279312335806
53,0.1,0.9461538461538461,0.2753623188405797,0.6666666666666666,0.5384615384615384,0.24796212606625978,0.24796212606625978,0.46399999999999997,0.7673611111111112,0.0,0.38625127283383476,0.9738805970149254,0.7757055703172725,0.0,0.9776119402985075,1.0,0.7176684881602914,0.8382664713887846,0.9375,1,0.8,1,1.0,1,0.9951378089074067,1,0.8319539775875539,1,0.8144112354985057,1,0.86,tested_positive,0,0.11641616300108881
54,0.8,0.9923076923076923,0.7246376811594203,0.6666666666666666,0.5384615384615384,0.7453908796886309,0.7453908796886309,0.0,0.5659722222222222,1.0,0.5780757934790572,0.998,0.8700352480935315,0.018656716417910446,1.0,1.0,0.7927565392354124,0.8919228624269185,0.9629629629629631,0,0.4,0,0.0,0,0.014177378310466046,0,0.26547900278739633,0,0.19404051258875044,0,0.19,tested_negative,6,0.8227171843855645
55,0.0,0.0,0.08487084870848705,0.6666666666666666,0.46153846153846156,0.10890022270998012,0.10890022270998012,0.0,0.5659722222222222,0.0,0.24672442443431686,0.83,0.8022041123364835,0.0,0.954,1.0,0.6666666666666666,0.777976083034848,0.9421487603305786,1,1.0,1,1.0,1,0.9942731400543261,1,0.9760617700008357,1,0.9188785753342472,1,0.98,tested_negative,0,0.021797752435098516
56,0.2,0.9153846153846154,0.2753623188405797,0.6666666666666666,0.6153846153846154,0.24802632235428967,0.24802632235428967,0.46399999999999997,0.7673611111111112,0.5,0.4754629444990299,0.9925373134328358,0.795727201829766,0.0,0.9925373134328358,1.0,0.6900175131348512,0.8539488141141481,0.9629629629629631,1,0.8,1,1.0,1,0.9920850635681998,1,0.8797236953353281,1,0.8839603406622513,1,0.83,tested_positive,0,0.10237181673903673
57,0.5,0.9692307692307692,0.3988439306358381,1.0,0.6153846153846154,0.6138181775446504,0.6138181775446504,0.0,0.5659722222222222,0.0,0.4760308051818736,0.994,0.8038505930578701,0.0,0.998,1.0,0.6666666666666666,0.7854434481196186,0.9924433249370277,1,0.8,1,1.0,0,0.30362506837350245,1,0.6039828645324505,1,0.5409984710452633,1,0.6,tested_negative,1,0.3585655993414639
58,0.6,0.9846153846153847,0.7246376811594203,0.6666666666666666,0.6153846153846154,0.7521766196362696,0.7521766196362696,0.0,0.5659722222222222,1.0,0.5424447511253555,0.998,0.7652869637445271,0.0037313432835820895,1.0,1.0,0.6666666666666666,0.7776646357042377,0.9702970297029702,0,0.0,0,0.0,0,0.007878519942960639,0,0.12515944421282188,0,0.33792484462780614,0,0.23,tested_negative,6,0.8831728652027352
59,0.1,0.676923076923077,0.08487084870848705,0.6666666666666666,0.5384615384615384,0.17538342405409746,0.17538342405409746,0.0,0.5659722222222222,0.0,0.37815633360422274,0.984,0.8579958161291464,0.0,0.988,1.0,0.6666666666666666,0.795306237268192,0.9680589680589681,1,1.0,1,1.0,1,0.8953570819255383,1,0.8321072109901244,1,0.8599950695452612,1,0.81,tested_negative,0,0.1004234395898459
60,0.1,0.0,0.08487084870848705,0.6666666666666666,0.46153846153846156,0.10676145751417776,0.10676145751417776,0.0,0.5659722222222222,0.0,0.15975323230776717,0.98,0.8066773132526701,0.0,0.994,1.0,0.6666666666666666,0.7150098635625071,0.9314420803782505,1,0.8,1,1.0,1,0.9997499124974509,1,0.9916840353315496,1,0.8399065804395838,1,0.99,tested_negative,0,0.06310991195523596
61,0.5,0.9846153846153847,0.2753623188405797,0.6666666666666666,0.6923076923076923,0.587353728971477,0.587353728971477,0.46399999999999997,0.7673611111111112,0.0,0.45254044776795666,0.9888059701492538,0.9088022220863091,0.002,0.9850746268656716,1.0,0.6666666666666666,0.8104048803422311,0.9309504467912266,1,0.6,0,0.0,0,0.3483357515264019,1,0.511902436217358,1,0.5253758722094785,1,0.51,tested_positive,2,0.5840643233411269
62,0.1,0.7076923076923076,0.04878048780487809,1.0,0.3076923076923077,0.12135449557296418,0.12135449557296418,0.0,0.5659722222222222,0.0,0.4351369266016786,0.994,0.8053064257085005,0.0,1.0,1.0,0.6666666666666666,0.8164715289335873,0.957983193277311,1,1.0,1,1.0,1,0.9799606984686803,1,0.9822819466229339,1,0.8436888233750568,1,0.95,tested_negative,0,0.040678088588888106
63,0.2,1.0,0.3157894736842105,0.6666666666666666,0.7692307692307693,0.20027468172167973,0.20027468172167973,0.0,0.5659722222222222,1.0,0.5880017776357307,0.998,0.8893994005443079,0.0037313432835820895,0.992,1.0,0.6950354609929077,0.8379208331608669,0.9913043478260869,1,0.8,1,1.0,1,0.8488248972390985,1,0.6589195687294829,1,0.6213229625995313,1,0.7,tested_negative,0,0.22848876190531453
64,0.3,0.9538461538461538,0.6011560693641618,1.0,0.6923076923076923,0.7449947698931516,0.7449947698931516,0.46399999999999997,0.7673611111111112,0.25,0.44410468209980913,0.9850746268656716,0.9116809284042469,0.004,0.9888059701492538,1.0,0.6666666666666666,0.8397700999874246,0.9629629629629631,1,1.0,1,1.0,0,0.16995317759866138,0,0.3267685626583003,0,0.3187937107328106,1,0.65,tested_positive,3,0.4224140915017046
65,0.1,0.7846153846153846,0.3988439306358381,1.0,0.6153846153846154,0.13653241636308866,0.13653241636308866,0.0,0.5659722222222222,0.25,0.3985866759440836,0.986,0.858511333175221,0.0,0.98,1.0,0.6666666666666666,0.8564384285515905,0.9974683544303797,1,1.0,0,0.0,1,0.9532057004333827,1,0.88313921556501,1,0.9223033041251442,1,0.86,tested_negative,1,0.23022529664607727
66,0.6,0.9769230769230769,0.6011560693641618,1.0,0.6923076923076923,0.7458757504186823,0.7458757504186823,0.46399999999999997,0.7673611111111112,1.0,0.530200672610974,0.996268656716418,0.8104642275315965,0.0,1.0,1.0,0.6666666666666666,0.8421230954652205,1.0,0,0.4,1,1.0,0,0.23842560108822317,0,0.21308790354612125,0,0.4269853479608323,0,0.45,tested_positive,5,0.5452501912341372
67,0.7,0.9923076923076923,0.3988439306358381,1.0,0.6923076923076923,0.5053821913623819,0.5053821913623819,0.0,0.5659722222222222,0.0,0.4938141184849989,0.996,0.8071679970228297,0.0,1.0,1.0,0.6666666666666666,0.7882974883665741,0.9493975903614458,0,0.2,1,1.0,0,0.4403973187834776,0,0.4364187098162833,0,0.3363992298579137,1,0.56,tested_negative,4,0.5044641235903875
68,0.0,0.0,0.08487084870848705,0.6666666666666666,0.46153846153846156,0.10958236202569605,0.10958236202569605,0.0,0.5659722222222222,0.0,0.34365140647659675,0.92,0.8506259072529874,0.0,0.91,1.0,0.6901669758812615,0.7961760175731923,0.9825436408977556,1,1.0,1,1.0,1,0.9905241912086319,1,0.9644261156246471,1,0.9147165778162559,1,1.0,tested_negative,0,0.02172218589174424
69,0.4,0.9769230769230769,0.3157894736842105,0.6666666666666666,0.5384615384615384,0.24973748324326284,0.24973748324326284,0.0,0.5659722222222222,0.0,0.4630840903168605,0.996,0.831858289547561,0.0,0.996,1.0,0.6873178960282166,0.8176020925558284,0.995655951346655,0,0.4,1,1.0,1,0.7939147189326985,1,0.6867547433561908,1,0.7751534964954255,1,0.61,tested_negative,1,0.28902950686928086
70,0.9,0.9615384615384616,0.915129151291513,0.6666666666666666,0.7692307692307693,0.8395466431745209,0.8395466431745209,0.46399999999999997,0.7673611111111112,1.0,0.6960156402357316,0.996268656716418,0.9260934651731723,0.028,1.0,1.0,0.7251461988304094,0.8474968923608764,0.9924433249370277,0,0.0,0,0.0,0,0.09056779883224317,0,0.2073606738188108,0,0.14457303640520178,0,0.12,tested_positive,6,0.906249748490624
71,0.4,0.9076923076923077,0.3157894736842105,0.6666666666666666,0.3076923076923077,0.24237097019836928,0.24237097019836928,0.0,0.5659722222222222,1.0,0.6151233789433803,0.998,0.9010829713308515,0.0037313432835820895,1.0,1.0,0.7153284671532846,0.8506922211508423,0.9991281604184831,0,0.4,1,1.0,1,0.826985462330007,1,0.6261442670989666,1,0.6709106222839326,0,0.45,tested_negative,2,0.33765994138118227
72,0.6,0.9076923076923077,0.6011560693641618,1.0,0.46153846153846156,0.26642080499529475,0.26642080499529475,0.46399999999999997,0.7673611111111112,0.0,0.4698540227828498,0.9850746268656716,0.8006879414159425,0.0,1.0,1.0,0.6666666666666666,0.770427474887404,0.9333333333333333,0,0.4,1,1.0,1,0.9535311257990859,1,0.8634350119422907,1,0.5938070647646722,1,0.51,tested_positive,1,0.27987113291565846
73,0.0,0.8846153846153846,0.7246376811594203,0.6666666666666666,0.6923076923076923,0.37998628917383304,0.37998628917383304,0.0,0.5659722222222222,0.0,0.43388998579754,0.978,0.7901035942041555,0.0,0.996,1.0,0.6853146853146853,0.8148559158498047,0.8988235294117646,1,0.8,0,0.0,1,0.5164702859663144,1,0.7098316336593808,1,0.840895634937072,1,0.63,tested_negative,1,0.4171337409062055
74,0.0,0.8846153846153846,0.08487084870848705,0.6666666666666666,0.6923076923076923,0.11760304827036894,0.11760304827036894,0.0,0.5659722222222222,0.0,0.32148275211432653,0.95,0.8532282085088314,0.0,0.946,1.0,0.6666666666666666,0.8121844334525931,1.0,1,1.0,1,1.0,1,0.9788493241385713,1,0.9427250861332217,1,0.9169742288781739,1,0.95,tested_negative,0,0.035241893475005504
75,0.0,0.0,0.08487084870848705,0.6666666666666666,0.46153846153846156,0.11182325250508562,0.11182325250508562,0.0,0.5659722222222222,0.0,0.27840037654133243,0.874,0.7398142491189708,0.0,0.994,1.0,0.6666666666666666,0.7635652495860298,0.9355102040816328,1,1.0,1,1.0,1,0.9931041097492258,1,0.9982782664948079,1,0.7739989425354141,1,0.98,tested_negative,0,0.04243644687009207
76,0.4,0.7846153846153846,0.3988439306358381,1.0,0.6153846153846154,0.16587051906755979,0.16587051906755979,0.0,0.5659722222222222,0.0,0.3310052539471168,0.994,0.8657761189797826,0.0,0.994,1.0,0.6666666666666666,0.8210667490728383,0.9629629629629631,1,0.8,1,1.0,1,0.858370075115242,1,0.8966277184523944,1,0.8618130668500263,1,0.88,tested_negative,0,0.11719818993038944
77,0.2,0.8846153846153846,0.08487084870848705,0.6666666666666666,0.6923076923076923,0.15984789784592301,0.15984789784592301,0.0,0.5659722222222222,0.25,0.4429866992847563,0.994,0.8708989890892949,0.0037313432835820895,0.98,1.0,0.6666666666666666,0.8373884360626406,0.9825436408977556,1,0.8,1,1.0,1,0.9329097259414264,1,0.8020963196694485,1,0.8451115438818212,1,0.89,tested_negative,0,0.12164706841788409
78,0.3,0.9307692307692308,0.2753623188405797,0.6666666666666666,0.38461538461538464,0.4682989049084125,0.4682989049084125,0.46399999999999997,0.7673611111111112,0.3333333333333333,0.2323659209576111,0.9776119402985075,0.8526508809775942,0.0,0.9888059701492538,1.0,0.6666666666666666,0.7178381896614047,0.85838779956427,1,0.8,1,1.0,1,0.5788722968488567,1,0.6995460003804296,1,0.8017441670737564,1,0.76,tested_positive,0,0.22663958928282613
79,0.0,0.0,0.08487084870848705,0.6666666666666666,0.46153846153846156,0.11785850605290071,0.11785850605290071,0.0,0.5659722222222222,0.0,0.3410536370659494,0.96,0.8680612204463735,0.0,0.906,1.0,0.6666666666666666,0.8128562254052287,0.9401148482362592,1,1.0,1,1.0,1,0.9759390478183839,1,0.8932491969014894,1,0.890148229700109,1,1.0,tested_negative,0,0.040110587596669744
80,0.0,0.0,0.08487084870848705,0.6666666666666666,0.46153846153846156,0.11563808757304073,0.11563808757304073,0.0,0.5659722222222222,0.0,0.38788608783145784,0.968,0.8441983697880187,0.0,0.98,1.0,0.6666666666666666,0.7896877478604974,0.9314420803782505,1,1.0,1,1.0,1,0.9810869993724479,1,0.893765819845169,1,0.8202801161964745,1,0.94,tested_negative,0,0.06081117743098474
81,0.0,0.0,0.08487084870848705,0.6666666666666666,0.46153846153846156,0.10665333694768042,0.10665333694768042,0.0,0.5659722222222222,0.0,0.12015675715273288,0.978,0.7927954203538062,0.0,0.994,1.0,0.6666666666666666,0.7055289018380397,0.8893905191873589,1,1.0,1,1.0,1,0.9903366537832045,1,0.9924595186914137,1,0.8216914187733687,1,0.99,tested_negative,0,0.034252068125335544
82,0.4,0.7846153846153846,0.3988439306358381,1.0,0.6153846153846154,0.18606017471512226,0.18606017471512226,0.0,0.5659722222222222,0.5,0.43122200581167436,0.996,0.8251770543166042,0.0037313432835820895,0.994,1.0,0.7119617224880382,0.8807166187620519,0.9887834339948232,1,0.6,0,0.0,1,0.8310209881269879,1,0.8267250239227684,1,0.6428505476043227,1,0.58,tested_negative,1,0.41990057339098685
83,0.0,0.0,0.08487084870848705,0.6666666666666666,0.46153846153846156,0.11334020696441238,0.11334020696441238,0.0,0.5659722222222222,0.0,0.28346909459840863,0.9339999999999999,0.8518150277488641,0.0,0.9299999999999999,1.0,0.6666666666666666,0.8163006397101998,0.9874686716791982,1,1.0,1,1.0,1,0.9879779252509583,1,0.9518948700612548,1,0.8361541160957313,1,0.99,tested_negative,0,0.038995514765342576
84,0.6,0.9692307692307692,0.2753623188405797,0.6666666666666666,0.46153846153846156,0.36094946703552877,0.36094946703552877,0.46399999999999997,0.7673611111111112,0.0,0.44433620077674896,0.9925373134328358,0.8189338641684649,0.0,1.0,1.0,0.6666666666666666,0.7555926332856999,0.896551724137931,1,0.8,1,1.0,1,0.7535475667063793,1,0.7200277295514604,1,0.6877778830760476,1,0.65,tested_positive,0,0.2314411367776854
85,0.4,0.9,0.08487084870848705,0.6666666666666666,0.6153846153846154,0.16734499984828954,0.16734499984828954,0.0,0.5659722222222222,0.4,0.40826604378394327,0.988,0.8467682497359658,0.0037313432835820895,0.988,1.0,0.725925925925926,0.8464074182165049,0.9836065573770493,1,0.6,1,1.0,1,0.8890916381362586,1,0.796868857180457,1,0.7641322005480958,1,0.68,tested_negative,0,0.21165121735586478
86,0.5,0.9538461538461538,0.3988439306358381,1.0,0.7692307692307693,0.7131562674210722,0.7131562674210722,0.0,0.5659722222222222,0.0,0.47723814542723364,0.994,0.8205354143521562,0.0,0.998,1.0,0.6666666666666666,0.8059664935305001,0.98989898989899,1,0.8,0,0.0,0,0.10648096690407276,0,0.46835434040476487,1,0.5733659858210383,1,0.6,tested_negative,3,0.5752997844783541
87,0.0,0.676923076923077,0.08487084870848705,0.6666666666666666,0.5384615384615384,0.1400534554982098,0.1400534554982098,0.0,0.5659722222222222,0.0,0.31694235937682247,0.97,0.8401923459701746,0.0,0.958,1.0,0.7119617224880382,0.8209982921196751,0.9924433249370277,1,1.0,1,1.0,1,0.9549396222784394,1,0.8252513119578788,1,0.8821322549973029,1,0.95,tested_negative,0,0.06461280179439644
88,0.4,0.9846153846153847,0.2753623188405797,0.6666666666666666,0.8461538461538461,0.2563208288251253,0.2563208288251253,0.46399999999999997,0.7673611111111112,0.5,0.5111919992194263,0.996268656716418,0.832192074738152,0.0,0.9925373134328358,0.875,0.6046511627906977,0.8190537409749674,0.9677419354838711,1,0.8,0,0.0,1,0.9756534564340771,1,0.7886979367198739,1,0.5965748147408386,0,0.41,tested_positive,2,0.404845632017535
89,0.0,0.0,0.08487084870848705,0.6666666666666666,0.46153846153846156,0.11693992472189507,0.11693992472189507,0.0,0.5659722222222222,0.0,0.3335783568920091,0.924,0.859758560814138,0.0,0.898,1.0,0.6666666666666666,0.8032804386338577,0.9638351555929353,1,1.0,1,1.0,1,0.9826696300219215,1,0.9239708778974012,1,0.9104796374695097,1,0.98,tested_negative,0,0.0338133091018612
90,0.0,0.0,0.08487084870848705,0.6666666666666666,0.46153846153846156,0.10813497263411365,0.10813497263411365,0.0,0.5659722222222222,0.0,0.28624515218704105,0.918,0.8280505931687685,0.0,0.962,1.0,0.6666666666666666,0.7698668715241996,0.9827586206896551,1,1.0,1,1.0,1,0.9957845264333295,1,0.9811479951197776,1,0.9286070129775281,1,1.0,tested_negative,0,0.01574341091156084
91,0.3,0.9538461538461538,0.3988439306358381,1.0,1.0,0.2419296430550837,0.2419296430550837,0.0,0.5659722222222222,0.25,0.4631375784217039,0.996,0.8208676948507694,0.0,0.99,1.0,0.7453849991684683,0.8314717183140632,0.9447650453421269,1,0.6,1,1.0,1,0.8013344188914489,1,0.7413305195988033,1,0.6917300983044158,1,0.56,tested_negative,0,0.2676008272008886
92,0.1,0.7846153846153846,0.3988439306358381,1.0,0.6153846153846154,0.35439887157844563,0.35439887157844563,0.0,0.5659722222222222,0.0,0.4264835853770196,0.986,0.8026677403751514,0.0,0.996,1.0,0.696629213483146,0.8345271603271844,0.9629629629629631,1,0.8,1,1.0,1,0.7168225024555285,1,0.6602482155439359,1,0.7375562520552893,1,0.74,tested_negative,0,0.2242288383242078
93,0.8,1.0,0.6842105263157895,0.6666666666666666,0.6153846153846154,0.7619916746015316,0.7619916746015316,0.46399999999999997,0.7673611111111112,1.0,0.6273535874015892,0.996268656716418,0.9169436001999363,0.012,1.0,1.0,0.6666666666666666,0.7878844104665224,0.9219629927594529,0,0.2,0,0.0,0,0.185559087579648,0,0.3146438067189899,0,0.19730315052007452,0,0.11,tested_positive,6,0.8320823258635479
94,0.1,0.9,0.3157894736842105,0.6666666666666666,0.46153846153846156,0.17263106601318412,0.17263106601318412,0.0,0.5659722222222222,0.0,0.4772794248655484,0.99,0.8227750393465152,0.0,0.994,1.0,0.6666666666666666,0.7948015865526256,0.9355102040816328,1,0.8,1,1.0,1,0.8818645368254487,1,0.7218384613355087,1,0.7562262518197395,1,0.84,tested_negative,0,0.1666784583365506
95,0.2,0.9769230769230769,0.7246376811594203,0.6666666666666666,0.8461538461538461,0.5893023307256882,0.5893023307256882,0.0,0.5659722222222222,0.3333333333333333,0.4399044579514587,0.982,0.7872114163310754,0.014925373134328358,0.998,1.0,0.7015182344654876,0.8707427208738412,0.9629629629629631,1,0.8,0,0.0,0,0.36115449105535646,0,0.48044771323342583,0,0.41113486736234695,0,0.39,tested_negative,5,0.5928771547248117
96,0.1,0.8846153846153846,0.08487084870848705,0.6666666666666666,0.6923076923076923,0.12019093946517745,0.12019093946517745,0.0,0.5659722222222222,0.0,0.41882327434634525,0.982,0.885929567816706,0.0,0.926,1.0,0.6666666666666666,0.828060297959219,0.9680589680589681,1,1.0,1,1.0,1,0.973431994687086,1,0.9094585791834167,1,0.8607964614651762,1,0.94,tested_negative,0,0.05271882744405365
97,0.0,0.0,0.08487084870848705,0.6666666666666666,0.46153846153846156,0.10831034696037345,0.10831034696037345,0.0,0.5659722222222222,0.0,0.3285494192293502,0.914,0.8205942599076187,0.0,0.956,1.0,0.6758620689655173,0.7903169225728709,0.9268292682926829,1,1.0,1,1.0,1,0.9956450139671731,1,0.9823786743879624,1,0.9364239851062012,1,0.99,tested_negative,0,0.01592538775644392
98,0.1,0.0,0.08487084870848705,0.6666666666666666,0.46153846153846156,0.12694088311095164,0.12694088311095164,0.0,0.5659722222222222,0.0,0.4203808747895842,0.99,0.8458026624484729,0.0,0.998,1.0,0.6853146853146853,0.8742550731662055,1.0,1,0.8,1,1.0,1,0.9591779685480208,1,0.8596440027186371,1,0.8844213761772654,1,0.91,tested_negative,0,0.09779277542601283
99,0.6,0.9461538461538461,0.6011560693641618,1.0,0.6153846153846154,0.3832521627806681,0.3832521627806681,0.46399999999999997,0.7673611111111112,0.0,0.4447324400101851,0.9925373134328358,0.853887454807718,0.0,0.996268656716418,1.0,0.7027027027027026,0.7703696107883029,0.8934240362811791,0,0.4,0,0.0,1,0.5778245801335875,0,0.43449106024445244,0,0.348293286150875,1,0.52,tested_positive,4,0.6198985122451808
100,0.3,0.6461538461538461,0.2753623188405797,0.6666666666666666,0.46153846153846156,0.281469031071201,0.281469031071201,0.46399999999999997,0.7673611111111112,0.5,0.45236287617174564,0.9776119402985075,0.720858964870284,0.002,1.0,1.0,0.6666666666666666,0.7888587052483501,0.9940119760479044,1,0.6,1,1.0,1,0.9504713052661373,1,0.8626600064277129,1,0.7799777912446177,1,0.79,tested_positive,0,0.16948181617692193
101,0.1,0.9769230769230769,0.3157894736842105,0.6666666666666666,0.3076923076923077,0.16808993475138734,0.16808993475138734,0.0,0.5659722222222222,0.0,0.47169363423048827,0.994,0.889661122638365,0.0,0.984,1.0,0.6666666666666666,0.7648057561456326,0.9743589743589742,1,0.8,0,0.0,1,0.90947329490351,1,0.753154065481213,1,0.7805585314011775,1,0.75,tested_negative,1,0.3344690180356832
102,0.1,0.0,0.08487084870848705,0.6666666666666666,0.46153846153846156,0.12687673322124993,0.12687673322124993,0.0,0.5659722222222222,0.0,0.2566062733828869,0.992,0.8728180840406004,0.0,0.994,1.0,0.6666666666666666,0.7374160728501977,0.9030732860520094,1,1.0,1,1.0,1,0.9704622175994098,1,0.938889631050097,1,0.8981414189804946,1,0.86,tested_negative,0,0.05541778872833303
103,0.0,0.0,0.08487084870848705,0.6666666666666666,0.46153846153846156,0.11183383068733921,0.11183383068733921,0.0,0.5659722222222222,0.0,0.31867880932137216,0.862,0.8353537437380655,0.0,0.9,1.0,0.6914498141263941,0.7997297199397239,0.9654591406908172,1,1.0,1,1.0,1,0.987894241196162,1,0.9655847350104181,1,0.8969259371669076,1,0.98,tested_negative,0,0.028265847771085206
104,0.2,0.9461538461538461,0.08487084870848705,0.6666666666666666,0.5384615384615384,0.18480409476100923,0.18480409476100923,0.0,0.5659722222222222,0.0,0.4426735504829975,0.988,0.8018565609148484,0.0,0.996,1.0,0.6666666666666666,0.800179031179737,0.9358669833729216,1,0.8,1,1.0,1,0.8368233423282369,1,0.7031606347539516,1,0.7438831784816747,1,0.71,tested_negative,0,0.2010221407393561
105,0.1,0.8692307692307693,0.08487084870848705,0.6666666666666666,0.5384615384615384,0.17688222397288667,0.17688222397288667,0.0,0.5659722222222222,0.0,0.30700869413048115,0.982,0.827358921122204,0.0,0.984,1.0,0.6666666666666666,0.8548546949288259,0.9991281604184831,1,1.0,1,1.0,1,0.8912753230188246,1,0.7602473017630813,1,0.8032551442681239,1,0.94,tested_negative,0,0.10087037182499492
106,0.0,0.0,0.08487084870848705,0.6666666666666666,0.46153846153846156,0.14193900046765717,0.14193900046765717,0.0,0.5659722222222222,0.0,0.4100457518507711,0.946,0.7812756507637904,0.0,1.0,0.875,0.6368715083798883,0.7473859711354907,0.9874686716791982,1,1.0,1,1.0,1,0.9089829351309555,1,0.9808291812848463,1,0.785375571072874,1,0.92,tested_negative,0,0.06746871875188731
107,0.5,0.9076923076923077,0.3157894736842105,0.6666666666666666,0.3076923076923077,0.3113351338986241,0.3113351338986241,0.0,0.5659722222222222,0.0,0.36288464004197807,0.996,0.8140918111185391,0.0,0.996,1.0,0.7086166007905139,0.8648244152096916,0.9913043478260869,1,0.6,1,1.0,1,0.7479757516004334,1,0.5644141602467523,1,0.5227193730391415,1,0.65,tested_negative,0,0.3191484525189455
108,0.1,0.8846153846153846,0.08487084870848705,0.6666666666666666,0.6923076923076923,0.12450669511977663,0.12450669511977663,0.0,0.5659722222222222,0.5,0.4709915653483717,0.994,0.891946484067075,0.0037313432835820895,0.964,1.0,0.6775956284153005,0.8378118865512976,0.9913043478260869,1,0.8,1,1.0,1,0.9763284880990744,1,0.9017881385198796,1,0.8544117314322035,1,0.86,tested_negative,0,0.10124527365814029
109,1.0,1.0,0.915129151291513,0.6666666666666666,0.6153846153846154,0.866154275463366,0.866154275463366,0.46399999999999997,0.7673611111111112,1.0,0.6625835006972698,0.996268656716418,0.8906028863937495,0.028,1.0,1.0,0.6666666666666666,0.7907898615584912,0.9825436408977556,0,0.0,0,0.0,0,0.047276369161704045,0,0.10028817720002627,0,0.09286991790541475,0,0.03,tested_positive,6,0.9549275892888092
110,0.5,0.9692307692307692,0.2753623188405797,0.6666666666666666,0.6923076923076923,0.47489548366795686,0.47489548366795686,0.46399999999999997,0.7673611111111112,0.5,0.5155978035123123,0.996268656716418,0.8598045656541685,0.0,0.9925373134328358,1.0,0.6894323950161513,0.8028476352697878,0.9523809523809523,0,0.4,0,0.0,1,0.5364185619399622,1,0.5336234313948339,0,0.48599638799175243,1,0.57,tested_positive,3,0.578993603112242
111,0.4,1.0,0.2753623188405797,0.6666666666666666,0.5384615384615384,0.24584591668743117,0.24584591668743117,0.46399999999999997,0.7673611111111112,0.0,0.4967125382510488,0.9925373134328358,0.8090339573527001,0.0,0.9850746268656716,1.0,0.7710304489936349,0.8878526384879369,0.98989898989899,1,1.0,1,1.0,1,0.9997157658628247,1,0.7478080080403878,1,0.839326350681643,1,0.74,tested_positive,0,0.11219164590252406
112,0.0,0.676923076923077,0.08487084870848705,0.6666666666666666,0.5384615384615384,0.11994350251433428,0.11994350251433428,0.0,0.5659722222222222,0.0,0.3563968199235621,0.968,0.8651538700646053,0.0,0.948,1.0,0.6853146853146853,0.8089408886203651,0.957393483709273,1,1.0,0,0.0,1,0.982312974815925,1,0.9524808540387765,1,0.8818581203568996,1,0.94,tested_negative,1,0.20722467513139975
113,0.1,0.8846153846153846,0.08487084870848705,0.6666666666666666,0.6923076923076923,0.12364886949898013,0.12364886949898013,0.0,0.5659722222222222,0.0,0.45473006843931674,0.992,0.8833906923833134,0.0,0.99,1.0,0.6666666666666666,0.7974841927997459,0.957983193277311,1,0.8,1,1.0,1,0.9770632762740499,1,0.9096404989878619,1,0.8735249742709845,1,0.86,tested_negative,0,0.09662854174451718
114,0.7,0.6461538461538461,0.2753623188405797,0.6666666666666666,0.46153846153846156,0.33852410289861856,0.33852410289861856,0.46399999999999997,0.7673611111111112,1.0,0.5793225292729614,0.996268656716418,0.8498353843163565,0.002,1.0,1.0,0.7620889748549323,0.8865704060968121,0.9743589743589745,0,0.4,1,1.0,1,0.7320858267768984,1,0.7358912507382601,1,0.7895790636309252,1,0.74,tested_positive,1,0.2670739764756527
115,0.6,0.823076923076923,0.2753623188405797,0.6666666666666666,0.5384615384615384,0.4381793761198951,0.4381793761198951,0.46399999999999997,0.7673611111111112,0.0,0.4414775357844496,0.9888059701492538,0.8600081311230173,0.0,0.996268656716418,1.0,0.6666666666666666,0.7787404818562056,0.957393483709273,0,0.2,1,1.0,1,0.5183343559388572,1,0.5109935254134271,1,0.518302869600838,0,0.5,tested_positive,2,0.4587282081744797
116,0.5,0.9923076923076923,0.6011560693641618,1.0,0.9230769230769231,0.7562543169029455,0.7562543169029455,0.46399999999999997,0.7673611111111112,0.6,0.5182629402165604,0.996268656716418,0.9186850120907989,0.01,0.9925373134328358,1.0,0.6666666666666666,0.8076605469518732,0.9146049481245011,1,0.8,1,1.0,0,0.20222729135681197,0,0.37599313312889104,1,0.5474304524359475,1,0.58,tested_positive,2,0.41572485384639146
117,0.2,0.9461538461538461,0.08487084870848705,0.6666666666666666,0.5384615384615384,0.13792945280218671,0.13792945280218671,0.0,0.5659722222222222,0.0,0.3295140458616628,0.984,0.7942255095698254,0.0,0.998,1.0,0.6666666666666666,0.8110185673244055,0.9268292682926829,1,1.0,0,0.0,1,0.9587606470604255,1,0.8703438734463457,1,0.7335292136780468,1,0.77,tested_negative,1,0.2778943776358638
118,0.0,0.0,0.08487084870848705,0.6666666666666666,0.46153846153846156,0.11888876329383435,0.11888876329383435,0.0,0.5659722222222222,0.0,0.3655329928765987,0.962,0.8483489520550136,0.0,0.946,1.0,0.6666666666666666,0.8476444864729379,0.9924433249370277,1,1.0,1,1.0,1,0.9741934883788544,1,0.8715008203516077,1,0.8900813232829964,1,0.96,tested_negative,0,0.05070406133109018
119,0.0,0.0,0.08487084870848705,0.6666666666666666,0.46153846153846156,0.11270008304086376,0.11270008304086376,0.0,0.5659722222222222,0.0,0.3813472420092976,0.948,0.8363904779898339,0.0,0.952,1.0,0.6666666666666666,0.8082858980962083,0.9974683544303797,1,1.0,1,1.0,1,0.9886371916426722,1,0.9488092480764256,1,0.89926305810117,1,0.99,tested_negative,0,0.02888175036328866
120,0.6,0.6461538461538461,0.2753623188405797,0.6666666666666666,0.46153846153846156,0.2777464648962329,0.2777464648962329,0.46399999999999997,0.7673611111111112,0.0,0.4729469784660365,0.9925373134328358,0.8064703286151967,0.0,0.996268656716418,1.0,0.6666666666666666,0.7435041439283973,0.8571428571428571,1,0.6,1,1.0,1,0.9045111415522522,1,0.9021411176123418,1,0.7317858328512159,1,0.79,tested_positive,0,0.17859365133069816
121,0.4,0.8846153846153846,0.08487084870848705,0.6666666666666666,0.6923076923076923,0.17718583710189784,0.17718583710189784,0.0,0.5659722222222222,0.6666666666666666,0.5288285044974999,0.998,0.8674722627145717,0.007462686567164179,0.996,1.0,0.6666666666666666,0.8363782091451082,0.9629629629629631,1,0.8,1,1.0,1,0.8889699815529095,1,0.7099017218619823,1,0.8382940327582364,1,0.79,tested_negative,0,0.1621390439711453
122,0.0,0.676923076923077,0.08487084870848705,0.6666666666666666,0.5384615384615384,0.13661848633887175,0.13661848633887175,0.0,0.5659722222222222,0.0,0.4214684714139122,0.97,0.8560126712279235,0.0,0.956,1.0,0.6853146853146853,0.8307054326568976,1.0,1,1.0,1,1.0,1,0.9490001183360384,1,0.8444485945765303,1,0.9200703134640551,1,0.91,tested_negative,0,0.06274682893722938
123,0.4,0.9,0.3157894736842105,0.6666666666666666,0.46153846153846156,0.3330065261821856,0.3330065261821856,0.0,0.5659722222222222,0.0,0.42761392305418433,0.992,0.8929168665091791,0.0,0.99,1.0,0.6666666666666666,0.7809921683129847,0.9687235841081995,1,0.8,0,0.0,1,0.7403768070819482,1,0.6251833038098333,1,0.8174620895768155,1,0.85,tested_negative,1,0.36116296658856717
124,0.9,0.9923076923076923,0.915129151291513,0.6666666666666666,0.8461538461538461,0.865198457023823,0.865198457023823,0.46399999999999997,0.7673611111111112,1.0,0.684384558696318,0.996268656716418,0.9315988029934948,0.026,1.0,1.0,0.6666666666666666,0.7631805996533513,0.9314420803782505,0,0.0,0,0.0,0,0.05164203335683581,0,0.13316330203154966,0,0.16017026643001506,0,0.2,tested_positive,6,0.9091707330302665
125,0.9,0.9846153846153847,0.915129151291513,0.6666666666666666,0.3076923076923077,0.7107503214146446,0.7107503214146446,0.46399999999999997,0.7673611111111112,1.0,0.5783953260220366,0.996268656716418,0.8183266146465266,0.002,1.0,1.0,0.6849970113568439,0.7730742446643419,0.9493975903614458,0,0.2,0,0.0,0,0.1533604563916404,1,0.5304308849130712,0,0.3340872599125941,0,0.2,tested_positive,5,0.7636868997971157
126,0.3,0.8923076923076922,0.3988439306358381,1.0,0.8461538461538461,0.2748918780826388,0.2748918780826388,0.0,0.5659722222222222,1.0,0.5006229322882894,0.998,0.8360065494809077,0.0,0.996,1.0,0.7476230191826523,0.8317099644796835,1.0,1,0.8,0,0.0,1,0.7736563783115306,1,0.5547600342899324,1,0.7011046415027513,1,0.71,tested_negative,1,0.41007982431596435
127,0.2,0.676923076923077,0.08487084870848705,0.6666666666666666,0.5384615384615384,0.14709243405441885,0.14709243405441885,0.0,0.5659722222222222,0.0,0.4029101630484616,0.986,0.8615245550221777,0.0,0.97,1.0,0.6853146853146853,0.8192631872295084,0.9913043478260869,1,0.8,1,1.0,1,0.932324679714003,1,0.8025315927497219,1,0.8179077529979435,1,0.84,tested_negative,0,0.13453932908972188
128,0.5,0.9461538461538461,0.6011560693641618,1.0,0.6153846153846154,0.7558352795698668,0.7558352795698668,0.46399999999999997,0.7673611111111112,0.0,0.42344016404508245,0.9888059701492538,0.8132828637744363,0.0,0.9888059701492538,1.0,0.7027027027027026,0.8275522810817604,0.9141531322505799,1,0.6,1,1.0,0,0.16418479011313897,0,0.18646500917698916,0,0.20756316463491076,0,0.36,tested_positive,4,0.5802978393458269
129,0.6,0.9769230769230769,0.6011560693641618,1.0,0.6923076923076923,0.7733612921518456,0.7733612921518456,0.46399999999999997,0.7673611111111112,1.0,0.5308763087617137,0.996268656716418,0.8341699767169755,0.006,0.996268656716418,1.0,0.6666666666666666,0.7923920687482024,0.9870801033591732,0,0.4,0,0.0,0,0.20368727702163159,0,0.21971049885460528,0,0.32145531420951895,0,0.2,tested_positive,6,0.7758578183190407
130,0.5,0.9538461538461538,0.6842105263157895,0.6666666666666666,0.6923076923076923,0.4174488663164654,0.4174488663164654,0.46399999999999997,0.7673611111111112,1.0,0.5064438156204623,0.996268656716418,0.8858612693091857,0.002,0.9925373134328358,1.0,0.725594949004371,0.8175722335079337,0.9820051413881749,1,0.6,1,1.0,1,0.5644366961585481,1,0.6183022068917491,1,0.72435021599476,1,0.73,tested_positive,0,0.2938184801591571
131,0.6,0.9076923076923077,0.6011560693641618,1.0,0.46153846153846156,0.37999749623013823,0.37999749623013823,0.46399999999999997,0.7673611111111112,0.0,0.3757333736891536,0.9850746268656716,0.7945498988840984,0.0,1.0,1.0,0.6666666666666666,0.8422495502382892,0.9913043478260869,1,0.6,0,0.0,1,0.6702747230897957,1,0.6676219988102153,1,0.6445354544584775,1,0.52,tested_positive,1,0.4829279706069186
132,0.4,0.6461538461538461,0.2753623188405797,0.6666666666666666,0.46153846153846156,0.33149874822159986,0.33149874822159986,0.46399999999999997,0.7673611111111112,0.0,0.4904527750651847,0.9888059701492538,0.8263637304377833,0.002,0.9776119402985075,1.0,0.7244221755293357,0.8232185078169163,0.9421487603305786,1,1.0,1,1.0,1,0.7930077413448001,1,0.6722685334728519,1,0.7563076846571913,1,0.82,tested_positive,0,0.15973600675419275
133,0.2,0.7846153846153846,0.3988439306358381,1.0,0.6153846153846154,0.26791580507552526,0.26791580507552526,0.0,0.5659722222222222,0.0,0.47455656411771985,0.992,0.8461555373833991,0.0,0.99,1.0,0.6666666666666666,0.8545142104431774,0.9836065573770493,1,0.8,1,1.0,1,0.8207323972343128,1,0.7595961919131908,1,0.7903814253658126,1,0.66,tested_negative,0,0.19488166424778053
134,0.1,0.0,0.08487084870848705,0.6666666666666666,0.46153846153846156,0.11330758929091334,0.11330758929091334,0.0,0.5659722222222222,0.5,0.3992654574320339,0.994,0.9077719450420885,0.0037313432835820895,0.94,1.0,0.697282099343955,0.8146722278122043,0.9874686716791982,1,0.8,1,1.0,1,0.990319576825924,1,0.9521261299473481,1,0.9293776133621182,1,0.97,tested_negative,0,0.059696113310768184
135,0.2,0.9384615384615385,0.3988439306358381,1.0,0.6153846153846154,0.18687748580758856,0.18687748580758856,0.0,0.5659722222222222,0.0,0.45882044675777434,0.99,0.8348951604740923,0.0037313432835820895,0.99,1.0,0.6666666666666666,0.8217425076074407,0.9743589743589742,1,0.8,1,1.0,1,0.8786433508367631,1,0.754181648832734,1,0.7788012209353644,1,0.59,tested_negative,0,0.19972896323252298
136,0.1,0.0,0.08487084870848705,0.6666666666666666,0.46153846153846156,0.12261144584216876,0.12261144584216876,0.0,0.5659722222222222,0.0,0.463421859473512,0.994,0.8903944005341834,0.0,0.948,1.0,0.6666666666666666,0.8260390578206968,0.9924433249370277,1,0.6,1,1.0,1,0.9659863067220553,1,0.8956462186919225,1,0.9028817176772501,1,0.94,tested_negative,0,0.1159142928181286
137,0.1,0.0,0.08487084870848705,0.6666666666666666,0.46153846153846156,0.11730710726842686,0.11730710726842686,0.0,0.5659722222222222,0.0,0.3811255935271065,0.986,0.883524384029188,0.0,0.9299999999999999,1.0,0.6666666666666666,0.8383272741219499,0.9991281604184831,1,1.0,1,1.0,1,0.9776746800449093,1,0.9305364533590637,1,0.9209113722220651,1,0.92,tested_negative,0,0.041812915728993705
138,0.4,0.8846153846153846,0.7246376811594203,0.6666666666666666,0.6923076923076923,0.20791616459324136,0.20791616459324136,0.0,0.5659722222222222,0.5,0.6577614367043554,0.998,0.9457808222804961,0.0037313432835820895,0.992,1.0,0.6666666666666666,0.7774354388315027,0.957393483709273,0,0.4,0,0.0,1,0.8524808710361519,1,0.7641310075103505,1,0.5831444195381442,0,0.37,tested_negative,3,0.5050406169858923
139,0.1,0.676923076923077,0.08487084870848705,0.6666666666666666,0.5384615384615384,0.4573302767173195,0.4573302767173195,0.0,0.5659722222222222,1.0,0.5060196951741418,0.998,0.8167764583794455,0.0,1.0,1.0,0.6810515119282783,0.8705694019724504,0.9836065573770493,1,0.8,1,1.0,0,0.44035796219639667,1,0.8287025802656829,1,0.7843883193085593,1,0.75,tested_negative,1,0.23275852303822686
140,0.5,0.9,0.3157894736842105,0.6666666666666666,0.46153846153846156,0.1721283208094726,0.1721283208094726,0.0,0.5659722222222222,0.6666666666666666,0.5421328220007129,0.998,0.9184622231925677,0.0037313432835820895,0.996,1.0,0.6666666666666666,0.782622848543796,0.8835774865073246,0,0.4,1,1.0,1,0.886704306297161,1,0.7928504136329974,1,0.6243358908034944,1,0.58,tested_negative,1,0.2860182315443912
141,0.3,0.8923076923076922,0.3988439306358381,1.0,0.8461538461538461,0.246417536640952,0.246417536640952,0.0,0.5659722222222222,0.5,0.37124157107621036,0.988,0.840957365663507,0.007462686567164179,0.992,1.0,0.6666666666666666,0.8453911336426143,1.0,1,0.8,0,0.0,1,0.7897108498820097,1,0.6450177513618751,1,0.7071670034988999,1,0.6,tested_negative,1,0.40968406587620254
142,0.0,0.9846153846153847,0.08487084870848705,0.6666666666666666,0.6153846153846154,0.12715405460037277,0.12715405460037277,0.0,0.5659722222222222,0.0,0.38451280127111387,0.94,0.8400573835509249,0.0,0.9319999999999999,1.0,0.6758620689655173,0.828427727619831,0.957983193277311,1,1.0,0,0.0,1,0.9645981039073711,1,0.8207653761979428,1,0.8626951929778601,1,0.93,tested_negative,1,0.23699022115280444
143,0.6,0.9538461538461538,0.6011560693641618,1.0,0.6923076923076923,0.6254037901336371,0.6254037901336371,0.46399999999999997,0.7673611111111112,0.75,0.6319809794158691,0.996268656716418,0.9614813176445819,0.01,0.996268656716418,1.0,0.6666666666666666,0.8224020323261545,0.953995157384988,0,0.2,0,0.0,0,0.29531916596257457,0,0.37131072624220307,0,0.2607984817905588,0,0.38,tested_positive,6,0.7487619376674439
144,0.5,0.9692307692307692,0.7246376811594203,0.6666666666666666,0.8461538461538461,0.5700436756026445,0.5700436756026445,0.0,0.5659722222222222,0.5,0.5870360935930712,0.998,0.892346780254155,0.007462686567164179,0.996,1.0,0.6853146853146853,0.846261983762394,0.9836065573770493,0,0.4,1,1.0,0,0.41721815945887386,1,0.5626621694404017,1,0.7004961512918477,1,0.55,tested_negative,2,0.39493725330147944
145,0.0,0.0,0.08487084870848705,0.6666666666666666,0.46153846153846156,0.105967007393305,0.105967007393305,0.0,0.5659722222222222,0.0,0.39203134660299865,0.91,0.7426442216035659,0.0,0.998,1.0,0.6666666666666666,0.7733962627290205,0.9825436408977556,1,1.0,1,1.0,1,0.996457104408979,1,0.9918023055299664,1,0.6399261900419372,1,1.0,tested_negative,0,0.0619690666698528
146,0.3,0.9846153846153847,0.3988439306358381,1.0,0.6923076923076923,0.23781473599926684,0.23781473599926684,0.0,0.5659722222222222,0.0,0.3798975814251656,0.992,0.8141888216439315,0.0,0.998,1.0,0.6666666666666666,0.8219527052475524,0.9324654190398699,1,0.8,1,1.0,1,0.8715889287852352,1,0.951328601092489,1,0.856294195422134,1,0.78,tested_negative,0,0.12346471245002366
147,0.5,0.9692307692307692,0.3988439306358381,1.0,0.6153846153846154,0.5306392200332851,0.5306392200332851,0.0,0.5659722222222222,0.0,0.48184893327332445,0.994,0.7524863105056999,0.0037313432835820895,0.994,1.0,0.7428571428571428,0.8771952592889335,0.9687235841081995,0,0.4,0,0.0,0,0.2392412972062175,1,0.6547330252566341,0,0.46268278463611967,0,0.47,tested_negative,5,0.6288904821501715
148,0.5,0.9846153846153847,0.7246376811594203,0.6666666666666666,0.9230769230769231,0.560199552034426,0.560199552034426,0.0,0.5659722222222222,0.25,0.4216350023515828,0.994,0.9058543746294956,0.011194029850746268,0.992,1.0,0.6666666666666666,0.7755741964512004,0.9190056134723334,1,0.6,0,0.0,0,0.3625564518279244,0,0.3025833202255742,0,0.3423377910428133,0,0.39,tested_negative,5,0.6670870728172813
149,0.0,0.0,0.08487084870848705,0.6666666666666666,0.46153846153846156,0.11322644953484284,0.11322644953484284,0.0,0.5659722222222222,0.0,0.30019926267300234,0.88,0.8351602752453666,0.0,0.92,0.875,0.6660722246990638,0.8008291591820293,0.9769820971867009,1,1.0,1,1.0,1,0.9886270361332085,1,0.9540947453232624,1,0.9118737913791689,1,0.98,tested_negative,0,0.027567404527393258
150,0.2,0.8846153846153846,0.7246376811594203,0.6666666666666666,0.6923076923076923,0.44544166594319834,0.44544166594319834,0.0,0.5659722222222222,0.5,0.5186300822888563,0.998,0.8777813467951184,0.0037313432835820895,0.992,1.0,0.6950354609929077,0.7845000252557162,0.8702290076335878,1,0.8,1,1.0,1,0.543354328373608,1,0.6318876332821506,1,0.6530826087025355,1,0.6,tested_negative,0,0.2952792382736177
151,0.3,0.7076923076923076,0.04878048780487809,1.0,0.3076923076923077,0.13132814550244798,0.13132814550244798,0.0,0.5659722222222222,0.0,0.4745948389288751,0.992,0.8809799411014924,0.0,0.988,1.0,0.6666666666666666,0.8153729164132293,0.9344262295081968,1,1.0,1,1.0,1,0.969943917775573,1,0.8823321338298009,1,0.841988072090102,1,0.87,tested_negative,0,0.07262264605075408
152,0.2,0.823076923076923,0.2753623188405797,0.6666666666666666,0.5384615384615384,0.2536167652361082,0.2536167652361082,0.46399999999999997,0.7673611111111112,0.3333333333333333,0.45735503600314964,0.9888059701492538,0.8025254105992086,0.002,0.9776119402985075,1.0,0.7740667976424362,0.8733584883183801,0.9913735899137358,1,0.6,1,1.0,1,0.9750215150673437,1,0.8552272568325251,1,0.9278330755178105,1,0.79,tested_positive,0,0.14198635876372012
153,0.4,0.8846153846153846,0.7246376811594203,0.6666666666666666,0.6923076923076923,0.7529861689777869,0.7529861689777869,0.0,0.5659722222222222,0.3333333333333333,0.40735499247171225,0.996,0.835447196172248,0.0037313432835820895,0.996,1.0,0.6853146853146853,0.7914497547991836,0.868144690781797,0,0.4,1,1.0,0,0.0008504980684521205,0,0.3873596020497636,0,0.350004159726896,1,0.59,tested_negative,4,0.545297623359148
154,0.3,0.9153846153846154,0.2753623188405797,0.6666666666666666,0.6153846153846154,0.25186497427661214,0.25186497427661214,0.46399999999999997,0.7673611111111112,0.0,0.4238405772355853,0.9813432835820896,0.805207171828856,0.0,0.9925373134328358,1.0,0.6666666666666666,0.7673066952289282,0.9514563106796117,1,0.8,1,1.0,1,0.9797760418073559,1,0.9568829238922952,1,0.9152959386891197,1,0.7,tested_positive,0,0.10800751593520486
155,0.4,0.9692307692307692,0.2753623188405797,0.6666666666666666,0.46153846153846156,0.28847660392640884,0.28847660392640884,0.46399999999999997,0.7673611111111112,1.0,0.5690239468280855,0.996268656716418,0.8275096990849014,0.0,1.0,1.0,0.6666666666666666,0.7874031879246528,0.9629629629629631,1,0.8,1,1.0,1,0.8775627950410989,1,0.8891117915936654,1,0.844581024277211,1,0.66,tested_positive,0,0.15479073151467082
156,0.1,0.0,0.08487084870848705,0.6666666666666666,0.46153846153846156,0.11560236964522785,0.11560236964522785,0.0,0.5659722222222222,0.0,0.29692702411559924,0.988,0.8831008195500976,0.0,0.942,1.0,0.6666666666666666,0.8279681289659439,0.9974683544303797,1,0.8,1,1.0,1,0.9840541555216985,1,0.9174185487791416,1,0.9414763521800472,1,1.0,tested_negative,0,0.05950849058651875
157,0.0,0.8692307692307693,0.08487084870848705,0.6666666666666666,0.5384615384615384,0.13288083878433699,0.13288083878433699,0.0,0.5659722222222222,0.0,0.3824501254506323,0.956,0.8212277030979703,0.0,0.962,1.0,0.6853146853146853,0.8445489850557901,0.9913043478260869,1,1.0,1,1.0,1,0.9580932456335717,1,0.8761760629332817,1,0.914164708281067,1,0.97,tested_negative,0,0.04692766385868008
158,0.0,0.0,0.08487084870848705,0.6666666666666666,0.46153846153846156,0.11417417697784171,0.11417417697784171,0.0,0.5659722222222222,0.0,0.31807585604042043,0.882,0.841718707207578,0.0,0.9,1.0,0.6758620689655173,0.8091382151381705,0.9939288811795316,1,1.0,1,1.0,1,0.9862069468077888,1,0.9491157569761397,1,0.9311257240812318,1,0.98,tested_negative,0,0.025591928689139842
159,0.1,0.9461538461538461,0.2753623188405797,0.6666666666666666,0.5384615384615384,0.245500194222665,0.245500194222665,0.46399999999999997,0.7673611111111112,0.0,0.49476025949281366,0.9850746268656716,0.7536835928148489,0.0,1.0,0.875,0.5531914893617021,0.8029113368180355,0.9702970297029704,1,0.8,0,0.0,1,0.9993448898912942,1,0.96711457799178,1,0.8258443686204089,1,0.8,tested_positive,1,0.26794936058275276
160,0.4,0.9769230769230769,0.3157894736842105,0.6666666666666666,0.5384615384615384,0.44021506049098835,0.44021506049098835,0.0,0.5659722222222222,0.5,0.4914886583344982,0.996,0.8251841900740495,0.0,0.998,1.0,0.6666666666666666,0.8103273982891888,0.9820051413881749,1,0.8,1,1.0,1,0.5338439701355029,1,0.5266254060507164,0,0.46868541527651025,0,0.4,tested_negative,2,0.37847420142287846
161,0.2,0.8923076923076922,0.3988439306358381,1.0,0.8461538461538461,0.35168784663572317,0.35168784663572317,0.0,0.5659722222222222,0.6666666666666666,0.48235307367664904,0.996,0.8259908569014595,0.0037313432835820895,0.99,1.0,0.6904945308889231,0.8699170609048029,0.98989898989899,1,1.0,1,1.0,1,0.690287159318177,1,0.683365346022692,1,0.8536977317689131,1,0.86,tested_negative,0,0.15210829381503632
162,0.2,0.676923076923077,0.08487084870848705,0.6666666666666666,0.5384615384615384,0.4585291162759144,0.4585291162759144,0.0,0.5659722222222222,0.0,0.42232129848991595,0.994,0.8301976464639413,0.0,0.998,1.0,0.6666666666666666,0.8067292640577258,0.9375,1,0.6,1,1.0,0,0.4484741878183612,1,0.7923999971127715,1,0.7178249312260839,1,0.66,tested_negative,1,0.29688348064046377
163,0.0,0.0,0.08487084870848705,0.6666666666666666,0.46153846153846156,0.11760883131500666,0.11760883131500666,0.0,0.5659722222222222,0.0,0.24766154462315448,0.938,0.865100517786146,0.0,0.89,1.0,0.6666666666666666,0.826944164575966,0.9924433249370277,1,1.0,1,1.0,1,0.9826379234666317,1,0.8994580302456044,1,0.8655298914996751,1,0.96,tested_negative,0,0.04872902579801475
164,0.8,0.823076923076923,0.2753623188405797,0.6666666666666666,0.5384615384615384,0.7300200231205376,0.7300200231205376,0.46399999999999997,0.7673611111111112,1.0,0.7753749412563549,0.996268656716418,0.93886581823124,0.004,1.0,1.0,0.6666666666666666,0.7759548363962704,0.9510373443983402,1,0.6,0,0.0,0,0.21842775172782092,0,0.2907773594226916,0,0.3667505975709327,0,0.47,tested_positive,5,0.6756740485464259
165,0.9,0.9461538461538461,0.6011560693641618,1.0,0.6923076923076923,0.7503659465238885,0.7503659465238885,0.46399999999999997,0.7673611111111112,0.6666666666666666,0.5763339000461744,0.996268656716418,0.8546370917272563,0.006,0.996268656716418,1.0,0.775,0.8913168646438885,0.9786507258753201,0,0.0,0,0.0,0,0.20175601602172288,0,0.24493920498692126,0,0.2438955997855915,0,0.38,tested_positive,6,0.821568196534294
166,0.3,0.9692307692307692,0.7246376811594203,0.6666666666666666,0.8461538461538461,0.21363805158353122,0.21363805158353122,0.0,0.5659722222222222,0.0,0.4796057706518071,0.994,0.8430285011210044,0.0,0.998,1.0,0.6666666666666666,0.8022850407983627,0.937040065412919,1,0.6,1,1.0,1,0.8448575311574734,1,0.5504004971101926,1,0.7034437403214145,1,0.53,tested_negative,0,0.29521637190181993
167,0.6,0.9692307692307692,0.3988439306358381,1.0,0.6153846153846154,0.19726740313536606,0.19726740313536606,0.0,0.5659722222222222,0.5,0.5034002822035373,0.998,0.8882764610943854,0.0037313432835820895,0.998,1.0,0.6666666666666666,0.8246233967575564,0.9836909871244636,0,0.4,0,0.0,1,0.8366502248521899,1,0.6528740060812983,1,0.5264343971851405,0,0.43,tested_negative,3,0.5256735619802286
168,0.4,0.9846153846153847,0.3988439306358381,1.0,0.7692307692307693,0.14951916365743512,0.14951916365743512,0.0,0.5659722222222222,0.2,0.3772169027557659,0.994,0.9026407190173426,0.0037313432835820895,0.988,1.0,0.6666666666666666,0.8113156876806458,0.9463253509496284,1,0.6,1,1.0,1,0.9247406333170402,1,0.7618111286168836,1,0.7436230305792826,1,0.68,tested_negative,0,0.21497086791446574
169,0.1,0.9769230769230769,0.3988439306358381,1.0,0.7692307692307693,0.14355958255859258,0.14355958255859258,0.0,0.5659722222222222,0.0,0.4686556723151727,0.986,0.8256474987522746,0.0,0.988,1.0,0.7167630057803469,0.8114960534042712,0.9956559513466552,1,1.0,1,1.0,1,0.9366267151273515,1,0.8641319738456764,1,0.9001690658748881,1,0.81,tested_negative,0,0.08151204085868058
170,0.8,1.0,0.6011560693641618,1.0,0.7692307692307693,0.8285828756292211,0.8285828756292211,0.46399999999999997,0.7673611111111112,0.5,0.4763063954959934,0.9925373134328358,0.8964075034921654,0.006,1.0,1.0,0.6666666666666666,0.8232314651734702,0.9825436408977556,0,0.4,0,0.0,0,0.11381473804054311,0,0.16716791670078252,0,0.15925817422942004,0,0.16,tested_positive,6,0.8332931951715424
171,0.8,0.9923076923076923,0.2753623188405797,0.6666666666666666,0.6923076923076923,0.6624740024045725,0.6624740024045725,0.46399999999999997,0.7673611111111112,1.0,0.5620408004240376,0.996268656716418,0.8726012853234404,0.006,1.0,1.0,0.7480916030534351,0.8464336646528718,0.9629629629629631,0,0.2,1,1.0,0,0.28400177260406356,1,0.5304560963232894,0,0.4511027231483528,0,0.41,tested_positive,4,0.5207399013207157
172,0.1,0.8692307692307693,0.08487084870848705,0.6666666666666666,0.5384615384615384,0.210102557359379,0.210102557359379,0.0,0.5659722222222222,0.0,0.4523793754946486,0.992,0.8049966291094934,0.0,0.998,1.0,0.6666666666666666,0.8068170517319042,0.995655951346655,1,0.8,1,1.0,1,0.8334620419780103,1,0.7674245318156083,1,0.7511933498158112,1,0.88,tested_negative,0,0.16132001273176177
173,0.2,0.9461538461538461,0.08487084870848705,0.6666666666666666,0.5384615384615384,0.16335012923272507,0.16335012923272507,0.0,0.5659722222222222,0.0,0.4006402284460616,0.984,0.8296488524566852,0.0,0.996,1.0,0.6853146853146853,0.8006294783560016,0.9743589743589742,1,0.8,1,1.0,1,0.9046800837882258,1,0.7975717871971092,1,0.8924056403411249,1,0.69,tested_negative,0,0.15255708144559
174,0.0,0.7846153846153846,0.3988439306358381,1.0,0.6153846153846154,0.11929825204872535,0.11929825204872535,0.0,0.5659722222222222,0.0,0.39822844782466316,0.95,0.8174225919095357,0.0,0.97,1.0,0.7012252591894439,0.8369018443567289,0.9820051413881749,1,1.0,1,1.0,1,0.9783370639547473,1,0.9502544758094348,1,0.8924618041955434,1,0.85,tested_negative,0,0.05482444267337916
175,0.3,0.6461538461538461,0.2753623188405797,0.6666666666666666,0.46153846153846156,0.26191436574298455,0.26191436574298455,0.46399999999999997,0.7673611111111112,0.0,0.46722696653734197,0.9850746268656716,0.7548552457097261,0.0,0.9925373134328358,1.0,0.70990990990991,0.8338000955081941,0.9339853300733495,1,0.6,1,1.0,1,0.9563429905552941,1,0.8742238869128739,1,0.9280292603631183,1,0.78,tested_positive,0,0.1435673103614522
176,0.4,0.7846153846153846,0.3988439306358381,1.0,0.6153846153846154,0.16444440715264896,0.16444440715264896,0.0,0.5659722222222222,0.5,0.4388069205559074,0.996,0.9114402312021352,0.0037313432835820895,0.996,1.0,0.6666666666666666,0.8372371110430666,0.9629629629629631,1,0.6,1,1.0,1,0.927552898140162,1,0.8913673675315908,1,0.8773076051289339,1,0.82,tested_negative,0,0.1472953548665522
177,0.6,0.9769230769230769,0.2753623188405797,0.6666666666666666,0.5384615384615384,0.33979561510371226,0.33979561510371226,0.46399999999999997,0.7673611111111112,1.0,0.5634296664215619,0.996268656716418,0.8199046471149343,0.0,1.0,0.875,0.5984334203655353,0.7236118769550663,0.8659340659340659,1,0.8,1,1.0,1,0.7812433161340786,1,0.8216381870079249,1,0.683686833257187,1,0.61,tested_positive,0,0.21723861060013483
178,0.8,0.9846153846153847,0.7246376811594203,0.6666666666666666,0.9230769230769231,0.5892564904424143,0.5892564904424143,0.0,0.5659722222222222,0.0,0.47381037056584807,0.996,0.8880274398377052,0.011194029850746268,1.0,1.0,0.6666666666666666,0.7907367945833176,0.9702970297029704,0,0.0,0,0.0,0,0.33638242083262665,0,0.21654836435911906,0,0.10091417403283506,0,0.26,tested_negative,6,0.8476925067959031
179,0.6,0.823076923076923,0.2753623188405797,0.6666666666666666,0.5384615384615384,0.4375727125934119,0.4375727125934119,0.46399999999999997,0.7673611111111112,1.0,0.6392679206981965,0.996268656716418,0.8969526477095943,0.004,0.996268656716418,1.0,0.6666666666666666,0.8136050560703616,0.8987367154601963,0,0.2,0,0.0,1,0.6071116618612958,1,0.6875078577387221,1,0.7783047115211619,1,0.61,tested_positive,2,0.5195126281464701
180,0.2,0.7076923076923076,0.04878048780487809,1.0,0.3076923076923077,0.12339712805091818,0.12339712805091818,0.0,0.5659722222222222,0.5,0.4757292885878933,0.996,0.9023508144846258,0.0,0.996,0.875,0.6658743128807012,0.8045348665696215,0.9629629629629631,1,0.6,1,1.0,1,0.965489274471675,1,0.9476908205663099,1,0.8601261353570877,1,0.89,tested_negative,0,0.12278229493415471
181,0.2,0.9769230769230769,0.08487084870848705,0.6666666666666666,0.6923076923076923,0.16524132347998666,0.16524132347998666,0.0,0.5659722222222222,0.5,0.4882653602997038,0.996,0.8835931655888445,0.0,0.988,1.0,0.6666666666666666,0.8104951949491903,0.9421487603305786,1,0.8,1,1.0,1,0.9090683446824567,1,0.7214077214238541,1,0.791680967786502,1,0.77,tested_negative,0,0.16797382768453117
182,0.0,0.0,0.08487084870848705,0.6666666666666666,0.46153846153846156,0.11323879130902925,0.11323879130902925,0.0,0.5659722222222222,0.0,0.2763069804625855,0.842,0.7335023641635103,0.0,0.996,1.0,0.6666666666666666,0.7673887357575635,0.9836909871244636,1,1.0,1,1.0,1,0.9839466361844574,1,0.9981405245020335,1,0.7319969226482703,1,0.97,tested_negative,0,0.05265265277753983
183,0.1,0.0,0.08487084870848705,0.6666666666666666,0.46153846153846156,0.11656080019352855,0.11656080019352855,0.0,0.5659722222222222,0.0,0.4196355256037103,0.99,0.874816164169369,0.0,0.982,1.0,0.6666666666666666,0.8110839405597544,0.9743589743589742,1,0.8,1,1.0,1,0.985387046470297,1,0.9520462354382698,1,0.8700168304004238,1,0.93,tested_negative,0,0.07709164794850165
184,0.5,0.9,0.3157894736842105,0.6666666666666666,0.46153846153846156,0.25048471578932774,0.25048471578932774,0.0,0.5659722222222222,0.5,0.47855035089759124,0.996,0.897515147012659,0.0,0.996,1.0,0.6666666666666666,0.8056272005721439,0.9820051413881749,0,0.4,1,1.0,1,0.7833696236012112,1,0.6716962943331337,1,0.5447273195930745,1,0.65,tested_negative,1,0.3250344604120968
185,0.2,0.6461538461538461,0.2753623188405797,0.6666666666666666,0.46153846153846156,0.25390212168254256,0.25390212168254256,0.46399999999999997,0.7673611111111112,0.0,0.3873417275588724,0.9776119402985075,0.7265024237388651,0.0,0.996268656716418,1.0,0.6666666666666666,0.8518833279236226,0.9677419354838711,1,1.0,1,1.0,1,0.9781882656158364,1,0.9422084114309466,1,0.9680410402645756,1,0.95,tested_positive,0,0.02692704711477356
186,0.3,0.9461538461538461,0.2753623188405797,0.6666666666666666,0.5384615384615384,0.24537723263324507,0.24537723263324507,0.46399999999999997,0.7673611111111112,0.0,0.4366623801638977,0.9850746268656716,0.7560849540483251,0.0,0.9813432835820896,1.0,0.704830053667263,0.8522740619859173,0.9753191489361701,1,0.8,0,0.0,1,0.9989679225673458,1,0.8242338308419245,1,0.8807869248211453,1,0.73,tested_positive,1,0.29433522029493064
187,0.5,0.823076923076923,0.2753623188405797,0.6666666666666666,0.5384615384615384,0.33457727885774924,0.33457727885774924,0.46399999999999997,0.7673611111111112,0.0,0.39843122416160304,0.9888059701492538,0.7835232068957669,0.0,0.996268656716418,1.0,0.7027027027027026,0.818742455847359,0.9521988527724666,1,0.6,1,1.0,1,0.7112394709017674,0,0.30098192236917587,0,0.4599929845925186,1,0.69,tested_positive,2,0.3729642703560897
188,0.6,0.9076923076923077,0.6011560693641618,1.0,0.46153846153846156,0.7375071469773691,0.7375071469773691,0.46399999999999997,0.7673611111111112,1.0,0.5410147680480176,0.996268656716418,0.8266515603987131,0.002,1.0,1.0,0.7425149700598803,0.858944604163633,0.9870801033591732,0,0.4,1,1.0,0,0.20966196346237254,0,0.2318978255499659,0,0.2337102644516887,1,0.53,tested_positive,4,0.5657883244226622
189,0.6,0.9923076923076923,0.2753623188405797,0.6666666666666666,0.6923076923076923,0.6911068889881036,0.6911068889881036,0.46399999999999997,0.7673611111111112,1.0,0.6509461059732085,0.996268656716418,0.895156790813315,0.004,1.0,1.0,0.7050359712230216,0.8301412577745686,0.9510373443983402,0,0.4,0,0.0,0,0.2723199104356799,0,0.3560337047643606,0,0.24702156504531952,0,0.38,tested_positive,6,0.7241041366257734
190,0.0,0.0,0.08487084870848705,0.6666666666666666,0.46153846153846156,0.11445971023085622,0.11445971023085622,0.0,0.5659722222222222,0.0,0.3561137843980883,0.974,0.8794256451333766,0.0,0.964,1.0,0.6666666666666666,0.7835307433179463,0.957983193277311,1,1.0,1,1.0,1,0.9859107998877591,1,0.9264144758964558,1,0.9360416513580438,1,0.93,tested_negative,0,0.03693884547629034
191,0.6,0.9538461538461538,0.3988439306358381,1.0,1.0,0.5165124838710424,0.5165124838710424,0.0,0.5659722222222222,0.75,0.5063205259600576,0.998,0.8538435826099654,0.007462686567164179,0.996,1.0,0.7279843444227007,0.8400266180966345,0.9279352226720647,1,0.6,1,1.0,0,0.4688014462278472,1,0.5113597458671657,1,0.6080750937577787,1,0.61,tested_negative,1,0.3669606190245347
192,0.3,0.6461538461538461,0.2753623188405797,0.6666666666666666,0.46153846153846156,0.46674810270775513,0.46674810270775513,0.46399999999999997,0.7673611111111112,0.5,0.6929796205945185,0.996268656716418,0.9398040244501584,0.002,0.9925373134328358,1.0,0.6666666666666666,0.8158682038869258,0.9703640982218459,0,0.4,1,1.0,1,0.5189703214272473,1,0.7001186245464618,1,0.8045341543110608,1,0.66,tested_positive,1,0.3193961499525383
193,0.5,0.9538461538461538,0.2753623188405797,0.6666666666666666,0.6153846153846154,0.2514493699060143,0.2514493699060143,0.46399999999999997,0.7673611111111112,0.5,0.4733672840475921,0.9925373134328358,0.7749653519769355,0.0,0.996268656716418,1.0,0.6666666666666666,0.7467369363866236,0.8990825688073394,1,0.6,0,0.0,1,0.9563513852573877,1,0.9724590354896636,1,0.6177070033694804,1,0.68,tested_positive,1,0.362247095980578
194,0.2,0.7076923076923076,0.04878048780487809,1.0,0.3076923076923077,0.14523772369579735,0.14523772369579735,0.0,0.5659722222222222,0.0,0.4638502378356083,0.994,0.8411054430422709,0.0,0.998,1.0,0.6666666666666666,0.8599493450874441,0.9827586206896551,1,0.6,1,1.0,1,0.9183228018372516,1,0.8746436368177294,1,0.833822775900199,1,0.9,tested_negative,0,0.14553513090746995
195,0.5,0.6461538461538461,0.2753623188405797,0.6666666666666666,0.46153846153846156,0.3185878962748574,0.3185878962748574,0.46399999999999997,0.7673611111111112,1.0,0.5151635003727996,0.996268656716418,0.833800822883497,0.004,0.9925373134328358,1.0,0.7336716320183336,0.8078933978441649,0.896551724137931,1,0.6,1,1.0,1,0.8215629404487141,1,0.6889518844514024,1,0.7365734846427908,1,0.65,tested_positive,0,0.2504852817428488
196,0.0,0.0,0.08487084870848705,0.6666666666666666,0.46153846153846156,0.11340941541362914,0.11340941541362914,0.0,0.5659722222222222,0.0,0.287855785776845,0.9359999999999999,0.86292707913102,0.0,0.9339999999999999,1.0,0.6666666666666666,0.7848003699507874,0.9913043478260869,1,1.0,1,1.0,1,0.9866687910707305,1,0.9379299139895406,1,0.9012824072403599,1,0.99,tested_negative,0,0.03068648128322815
197,1.0,1.0,0.915129151291513,0.6666666666666666,0.5384615384615384,0.8823378890895377,0.8823378890895377,0.46399999999999997,0.7673611111111112,1.0,0.6718724124948113,0.996268656716418,0.8998250018629167,0.076,1.0,1.0,0.6853146853146853,0.8228817592463306,0.9586374695863747,0,0.0,0,0.0,0,0.02352482119528658,0,0.11035121446024879,0,0.08330974707541418,0,0.0,tested_positive,6,0.9638023695448418
198,0.6,0.9615384615384616,0.915129151291513,0.6666666666666666,0.7692307692307693,0.7182768442931301,0.7182768442931301,0.46399999999999997,0.7673611111111112,0.0,0.4281902237884968,0.9925373134328358,0.8217091363125495,0.002,0.996268656716418,1.0,0.7153284671532846,0.846469392784046,0.9493975903614458,0,0.4,1,1.0,0,0.20635397559238847,0,0.3173364561266376,0,0.2051410072048912,0,0.32,tested_positive,5,0.5918614268460138
199,0.7,0.9307692307692308,0.2753623188405797,0.6666666666666666,0.38461538461538464,0.3968707778005506,0.3968707778005506,0.46399999999999997,0.7673611111111112,1.0,0.6234976621589827,0.996268656716418,0.892713096602565,0.01,0.996268656716418,1.0,0.6791938172450371,0.8608088896480242,0.9743589743589742,0,0.4,0,0.0,1,0.63171746222512,0,0.34852784619467064,0,0.31537889717581596,0,0.39,tested_positive,5,0.6523959657340657
200,0.0,0.9,0.08487084870848705,0.6666666666666666,0.6153846153846154,0.15357848326718226,0.15357848326718226,0.0,0.5659722222222222,0.0,0.45353384993694024,0.97,0.8103906883070379,0.0,0.994,1.0,0.6666666666666666,0.8006369382993717,0.9606035205364626,1,1.0,1,1.0,1,0.9354897647636287,1,0.8486353863201782,1,0.8681821568487132,1,0.61,tested_negative,0,0.12294878201124648
201,0.2,0.8846153846153846,0.7246376811594203,0.6666666666666666,0.6923076923076923,0.2848434387014067,0.2848434387014067,0.0,0.5659722222222222,0.5,0.523392295874184,0.998,0.904186997410434,0.007462686567164179,1.0,1.0,0.6666666666666666,0.7446035015622983,0.8334545454545454,1,0.6,1,1.0,1,0.7766309066343119,1,0.5867405474207912,1,0.5,1,0.62,tested_negative,0,0.3194380909908161
202,0.3,0.9692307692307692,0.3988439306358381,1.0,0.6153846153846154,0.14334499298636338,0.14334499298636338,0.0,0.5659722222222222,0.5,0.4733564896322253,0.996,0.8481747013925033,0.0037313432835820895,0.986,1.0,0.6666666666666666,0.8323929482366187,0.9769820971867009,1,1.0,0,0.0,1,0.9359464466932221,1,0.8530366909146356,1,0.7732306445519518,1,0.76,tested_negative,1,0.2796310363066984
203,0.0,0.0,0.08487084870848705,0.6666666666666666,0.46153846153846156,0.11120756914703234,0.11120756914703234,0.0,0.5659722222222222,0.0,0.29503537082402875,0.9,0.8285367065231817,0.0,0.924,1.0,0.6940298507462687,0.805003159946848,0.9974683544303797,1,1.0,1,1.0,1,0.9926199836535916,1,0.9612712101683372,1,0.9241229576237449,1,1.0,tested_negative,0,0.02033097475905432
204,0.2,0.8923076923076922,0.3988439306358381,1.0,0.8461538461538461,0.4254717848897369,0.4254717848897369,0.0,0.5659722222222222,0.0,0.47329544882476715,0.994,0.8161145467203256,0.0,0.996,1.0,0.7170052791553351,0.8767204091003518,0.977667493796526,1,1.0,0,0.0,1,0.5459288543971033,1,0.6757509917507878,1,0.6283975830644446,1,0.57,tested_negative,1,0.4299870951312774
205,0.2,0.0,0.08487084870848705,0.6666666666666666,0.46153846153846156,0.12733723325032087,0.12733723325032087,0.0,0.5659722222222222,0.0,0.4131884425677983,0.986,0.8458773986954699,0.0,0.99,1.0,0.6666666666666666,0.8426194334351595,0.9677419354838711,1,1.0,1,1.0,1,0.9679146358459237,1,0.8774983493704348,1,0.9151085665086914,1,0.93,tested_negative,0,0.05157974137915833
206,0.1,0.9461538461538461,0.2753623188405797,0.6666666666666666,0.5384615384615384,0.24612229307051015,0.24612229307051015,0.46399999999999997,0.7673611111111112,0.0,0.37448723424725017,0.9738805970149254,0.7595192967477067,0.0,0.9813432835820896,1.0,0.66893039049236,0.8450187955792863,0.9836065573770493,1,0.8,1,1.0,1,0.9936209795776726,1,0.9405992763901532,1,0.9118123564853378,1,0.88,tested_positive,0,0.0789945645911394
207,0.6,0.9153846153846154,0.2753623188405797,0.6666666666666666,0.6153846153846154,0.29393709311441407,0.29393709311441407,0.46399999999999997,0.7673611111111112,0.0,0.4751170679528949,0.9888059701492538,0.8271296182030609,0.0,1.0,1.0,0.6666666666666666,0.765010289440715,0.896551724137931,1,0.6,0,0.0,1,0.8489078936797351,1,0.6759702876486314,1,0.7588410724305714,1,0.53,tested_positive,1,0.43104679104017707
208,0.0,0.676923076923077,0.08487084870848705,0.6666666666666666,0.5384615384615384,0.12068705159317483,0.12068705159317483,0.0,0.5659722222222222,0.0,0.39881624019076356,0.956,0.8734917358462473,0.0,0.914,1.0,0.6666666666666666,0.8262374710362023,0.9874686716791982,1,1.0,1,1.0,1,0.980048333304262,1,0.911071026485503,1,0.8998525590086779,1,0.96,tested_negative,0,0.04150468020025955
209,0.3,0.6461538461538461,0.2753623188405797,0.6666666666666666,0.46153846153846156,0.2670673406655606,0.2670673406655606,0.46399999999999997,0.7673611111111112,0.3333333333333333,0.46405561308948184,0.9850746268656716,0.797399393651359,0.002,0.9850746268656716,1.0,0.6666666666666666,0.8276451621329841,0.9629629629629631,1,0.6,1,1.0,1,0.9531035916678879,1,0.8789761831775613,1,0.9418152417182206,1,0.87,tested_positive,0,0.12601749723938827
210,0.0,0.0,0.08487084870848705,0.6666666666666666,0.46153846153846156,0.11346939249661114,0.11346939249661114,0.0,0.5659722222222222,0.0,0.37617295380148563,0.908,0.8486690217145618,0.0,0.896,1.0,0.6666666666666666,0.8228333807942525,0.9836909871244636,1,1.0,1,1.0,1,0.9846436761128522,1,0.9477828484080552,1,0.9163341239121685,1,0.98,tested_negative,0,0.028539891927820804
211,0.4,0.9846153846153847,0.7246376811594203,0.6666666666666666,0.6153846153846154,0.5495742035496868,0.5495742035496868,0.0,0.5659722222222222,1.0,0.6771729995551699,0.998,0.9281933189704944,0.011194029850746268,1.0,1.0,0.6666666666666666,0.734846727752361,0.8028169014084507,0,0.4,1,1.0,0,0.372685553122769,0,0.40603016291356064,0,0.442004772588778,0,0.27,tested_negative,5,0.5182132518958154
212,0.9,1.0,0.7246376811594203,0.6666666666666666,0.6923076923076923,0.7389292593889244,0.7389292593889244,0.0,0.5659722222222222,1.0,0.5715128918042394,0.998,0.8206052088207699,0.007462686567164179,1.0,1.0,0.6666666666666666,0.8048227641527426,0.9836065573770493,0,0.4,0,0.0,0,0.044567352357361166,0,0.1593765706990372,0,0.19083405400107042,0,0.15,tested_negative,6,0.8425370038237552
213,0.7,0.9923076923076923,0.2753623188405797,0.6666666666666666,0.6153846153846154,0.6943455324319662,0.6943455324319662,0.46399999999999997,0.7673611111111112,0.0,0.49145143768827526,0.9888059701492538,0.8383864119557848,0.002,0.996268656716418,1.0,0.6666666666666666,0.7951025397229295,0.9375,0,0.0,0,0.0,0,0.2728880210869949,1,0.5266023381276882,0,0.42975967845719387,0,0.43,tested_positive,5,0.7234583270546872
214,0.6,0.9538461538461538,0.6011560693641618,1.0,0.9230769230769231,0.545895401378983,0.545895401378983,0.46399999999999997,0.7673611111111112,0.6666666666666666,0.5600408551229868,0.996268656716418,0.8683211685186758,0.008,0.9925373134328358,1.0,0.7026179651983069,0.850628755157433,0.9677419354838711,0,0.2,0,0.0,0,0.442376684610372,0,0.3089121919238857,0,0.24538324543991963,0,0.39,tested_positive,6,0.735554646337637
215,0.2,0.9538461538461538,0.2753623188405797,0.6666666666666666,0.6153846153846154,0.24807894115994034,0.24807894115994034,0.46399999999999997,0.7673611111111112,0.0,0.4922968214305188,0.9925373134328358,0.7786005325813188,0.0,0.9888059701492538,1.0,0.7027027027027026,0.82947951884017,0.8976377952755904,1,0.8,1,1.0,1,0.9897997229246616,1,0.9008908658173614,1,0.8677148516962249,1,0.71,tested_positive,0,0.12193242659362535
216,0.9,0.9615384615384616,0.915129151291513,0.6666666666666666,0.7692307692307693,0.7923392439226933,0.7923392439226933,0.46399999999999997,0.7673611111111112,0.5,0.4548408273987884,0.9925373134328358,0.8293258972828945,0.004,0.996268656716418,1.0,0.7050359712230216,0.8450391211613412,0.957983193277311,0,0.2,1,1.0,0,0.15002704197450137,0,0.292871364465756,0,0.16461597088418395,0,0.19,tested_positive,5,0.6670809371125932
217,0.1,0.9538461538461538,0.3988439306358381,1.0,1.0,0.23021675632729222,0.23021675632729222,0.0,0.5659722222222222,0.3333333333333333,0.5493361065780218,0.998,0.8638782107085827,0.0037313432835820895,0.994,1.0,0.7469879518072289,0.8768741018499551,1.0,1,0.6,1,1.0,1,0.8233068437331899,1,0.668626092414248,1,0.7017606219458578,0,0.36,tested_negative,1,0.3077177403177841
218,0.8,0.9846153846153847,0.6011560693641618,1.0,0.6153846153846154,0.7358855649165323,0.7358855649165323,0.46399999999999997,0.7673611111111112,1.0,0.5196280343940465,0.996268656716418,0.8061732149124321,0.004,1.0,1.0,0.6666666666666666,0.8778408948982429,0.9939288811795316,0,0.2,0,0.0,0,0.13728407421928002,0,0.13147057249091673,0,0.26413431039850127,0,0.22,tested_positive,6,0.841185173815217
219,0.5,0.9538461538461538,0.6011560693641618,1.0,0.6923076923076923,0.7614800256894888,0.7614800256894888,0.46399999999999997,0.7673611111111112,0.0,0.37982907352681383,0.9813432835820896,0.875939338900155,0.0,0.996268656716418,1.0,0.6666666666666666,0.8217012459881795,0.9358669833729216,1,0.6,1,1.0,0,0.2251403739826244,0,0.39710103329501895,0,0.41962911450271806,0,0.41,tested_positive,4,0.4913549130366064
220,0.5,0.6461538461538461,0.2753623188405797,0.6666666666666666,0.46153846153846156,0.24586674239704154,0.24586674239704154,0.46399999999999997,0.7673611111111112,1.0,0.5148700007188647,0.996268656716418,0.7855935072198226,0.0,1.0,1.0,0.6666666666666666,0.841271513516393,0.9836065573770493,0,0.2,1,1.0,1,0.9914714227482022,1,0.659493841426834,0,0.40685816739133823,1,0.69,tested_positive,2,0.342029428072271
221,0.6,0.9692307692307692,0.2753623188405797,0.6666666666666666,0.6923076923076923,0.32628563587142057,0.32628563587142057,0.46399999999999997,0.7673611111111112,0.0,0.3871767586181659,0.9850746268656716,0.7727572199097745,0.0,0.996268656716418,1.0,0.6666666666666666,0.7654030446054286,0.9510373443983402,0,0.4,1,1.0,1,0.7167907598259889,1,0.6344446939017321,1,0.5353032082171157,1,0.54,tested_positive,1,0.36224355634252725
222,0.5,0.7076923076923076,0.04878048780487809,1.0,0.3076923076923077,0.4192967270456789,0.4192967270456789,0.0,0.5659722222222222,0.5,0.6850474627485532,0.998,0.9545811995532484,0.007462686567164179,0.998,1.0,0.6666666666666666,0.794456727929931,0.9629629629629631,0,0.4,1,1.0,1,0.7027284963991539,1,0.6223901066317568,1,0.5510657988470572,1,0.73,tested_negative,1,0.33230259968700526
223,0.6,0.9076923076923077,0.3157894736842105,0.6666666666666666,0.3076923076923077,0.6504866575002609,0.6504866575002609,0.0,0.5659722222222222,0.0,0.4942000521758091,0.996,0.8281738552859907,0.0037313432835820895,0.998,1.0,0.7596899224806202,0.8850732635315024,0.9973890339425586,0,0.2,1,1.0,0,0.22680019208528163,0,0.3927133798396516,0,0.4229877179696377,0,0.44,tested_negative,5,0.5529164516842382
224,0.1,0.0,0.08487084870848705,0.6666666666666666,0.46153846153846156,0.11668354503328204,0.11668354503328204,0.0,0.5659722222222222,0.0,0.36022277473823416,0.988,0.8975467925533961,0.0,0.922,1.0,0.7018867924528301,0.8204122074924436,0.9924433249370277,1,0.8,0,0.0,1,0.9807746886622217,1,0.921962274516249,1,0.9013377205546805,1,0.94,tested_negative,1,0.24265421937780796
225,0.1,0.8846153846153846,0.08487084870848705,0.6666666666666666,0.6923076923076923,0.121335840223881,0.121335840223881,0.0,0.5659722222222222,0.5,0.3963235212078735,0.992,0.8897209848588651,0.0,0.954,1.0,0.6692548902493654,0.7977206125833497,0.9523809523809523,1,1.0,1,1.0,1,0.9738935030954409,1,0.9341218337412676,1,0.9166117098796264,1,0.94,tested_negative,0,0.03922882554727758
226,0.2,0.8846153846153846,0.08487084870848705,0.6666666666666666,0.6923076923076923,0.13496751750317793,0.13496751750317793,0.0,0.5659722222222222,0.3333333333333333,0.38157333210679856,0.996,0.9408779047260565,0.0037313432835820895,0.984,1.0,0.6666666666666666,0.767450405781519,0.9874686716791982,1,1.0,1,1.0,1,0.9474607231408538,1,0.889629387003689,1,0.8323843216084722,1,0.9,tested_negative,0,0.07175426137449747
227,0.7,0.6461538461538461,0.2753623188405797,0.6666666666666666,0.46153846153846156,0.4558308998110756,0.4558308998110756,0.46399999999999997,0.7673611111111112,1.0,0.5239600210238236,0.996268656716418,0.778077771346248,0.0,0.996268656716418,1.0,0.6666666666666666,0.8021733616491072,0.957983193277311,0,0.2,1,1.0,1,0.5119033338108587,1,0.7659227025122577,1,0.6953675936636454,1,0.67,tested_positive,1,0.35946772833553975
228,0.9,0.9923076923076923,0.7246376811594203,0.6666666666666666,0.38461538461538464,0.7547032377468904,0.7547032377468904,0.0,0.5659722222222222,1.0,0.620386936461053,0.998,0.7858993914469458,0.0037313432835820895,1.0,1.0,0.6666666666666666,0.7817979214848021,0.8976377952755904,0,0.0,0,0.0,0,5.968403150986078e-15,0,0.020159992354518708,0,0.371184532505666,0,0.18,tested_negative,6,0.9047759125233016
229,0.2,0.676923076923077,0.08487084870848705,0.6666666666666666,0.5384615384615384,0.20262089155476581,0.20262089155476581,0.0,0.5659722222222222,1.0,0.5051684365147344,0.998,0.8546969432913096,0.0,0.996,1.0,0.6666666666666666,0.7792808338460259,0.9836065573770493,1,0.8,1,1.0,1,0.8617711638197566,1,0.7239835937328657,1,0.7880004257713727,1,0.77,tested_negative,0,0.1760408027793341
230,0.5,0.9923076923076923,0.2753623188405797,0.6666666666666666,0.6153846153846154,0.566583808667917,0.566583808667917,0.46399999999999997,0.7673611111111112,0.0,0.43859864328611387,0.9888059701492538,0.8434161109389389,0.0,0.996268656716418,1.0,0.6666666666666666,0.7565025777677707,0.8387096774193549,1,0.6,0,0.0,0,0.3928744279103561,1,0.6717696065783886,0,0.45639198423183175,0,0.46,tested_positive,4,0.5698273302132373
231,0.6,0.9692307692307692,0.2753623188405797,0.6666666666666666,0.46153846153846156,0.25561497191360105,0.25561497191360105,0.46399999999999997,0.7673611111111112,1.0,0.5157465678468742,0.996268656716418,0.7555750208249525,0.0,1.0,1.0,0.6978047641289117,0.8735584772881898,0.9973190348525469,0,0.4,0,0.0,1,0.9860164076810986,1,0.7184756314239583,1,0.6650638684070945,1,0.63,tested_positive,2,0.4334073487479747
232,0.0,0.0,0.08487084870848705,0.6666666666666666,0.46153846153846156,0.11302274831189374,0.11302274831189374,0.0,0.5659722222222222,0.0,0.34666970413631015,0.896,0.8143332622410078,0.0,0.95,1.0,0.6758620689655173,0.80766644112669,0.9463253509496284,1,1.0,1,1.0,1,0.9867245777009206,1,0.9688548272436942,1,0.9057217979129951,1,0.98,tested_negative,0,0.02644979952373172
233,0.4,0.8923076923076922,0.3988439306358381,1.0,0.8461538461538461,0.18670197359496132,0.18670197359496132,0.0,0.5659722222222222,0.3333333333333333,0.38613730562271276,0.994,0.9029448111278996,0.007462686567164179,0.994,1.0,0.6666666666666666,0.7949032288512882,0.9119999999999999,0,0.4,1,1.0,1,0.8966883821469197,1,0.6424802295746915,1,0.602727201370608,1,0.69,tested_negative,1,0.2946840311512968
234,0.0,0.0,0.08487084870848705,0.6666666666666666,0.46153846153846156,0.11458096775780402,0.11458096775780402,0.0,0.5659722222222222,0.0,0.4309294828109881,0.978,0.8730807693958588,0.0,0.938,1.0,0.6853146853146853,0.8286215634554419,0.9820051413881749,1,1.0,1,1.0,1,0.988834194347124,1,0.9602205468045308,1,0.8807432416942709,1,0.95,tested_negative,0,0.036700336192345695
235,0.4,0.6461538461538461,0.2753623188405797,0.6666666666666666,0.46153846153846156,0.36104748622205407,0.36104748622205407,0.46399999999999997,0.7673611111111112,0.0,0.3271821615610534,0.9813432835820896,0.8066878405701381,0.0,0.9888059701492538,1.0,0.6666666666666666,0.7561967179247757,0.8837209302325582,1,0.8,1,1.0,1,0.7366395155501517,1,0.8711665217318635,1,0.8622056573412111,1,0.87,tested_positive,0,0.14333138422946223
236,0.2,0.9461538461538461,0.2753623188405797,0.6666666666666666,0.5384615384615384,0.2552534812345123,0.2552534812345123,0.46399999999999997,0.7673611111111112,0.3333333333333333,0.5184432033380062,0.996268656716418,0.8365096176608987,0.0,0.9776119402985075,1.0,0.704830053667263,0.8400548634864518,0.9629629629629631,1,1.0,1,1.0,1,0.9719062251926377,1,0.8658190499961861,1,0.9658925379589327,1,0.96,tested_positive,0,0.03939703114204063
237,0.3,0.6461538461538461,0.2753623188405797,0.6666666666666666,0.46153846153846156,0.30344093332089683,0.30344093332089683,0.46399999999999997,0.7673611111111112,0.0,0.44572828004043974,0.9888059701492538,0.8089827287134943,0.0,0.9925373134328358,1.0,0.6666666666666666,0.7568757652247244,0.9523809523809523,1,0.8,1,1.0,1,0.8316246691552917,1,0.8305311117912503,1,0.8666477033316942,1,0.78,tested_positive,0,0.14853275262029397
238,0.1,0.6461538461538461,0.2753623188405797,0.6666666666666666,0.46153846153846156,0.29988152593022266,0.29988152593022266,0.46399999999999997,0.7673611111111112,0.0,0.42645798161245907,0.9626865671641791,0.7063805841781261,0.0,0.996268656716418,1.0,0.6666666666666666,0.8171996297877296,0.9638351555929353,1,1.0,0,0.0,1,0.8542091761524333,1,0.803857109245406,1,0.9157760650034299,1,0.83,tested_positive,1,0.2660262749331218
239,0.1,0.0,0.08487084870848705,0.6666666666666666,0.46153846153846156,0.1134794721132023,0.1134794721132023,0.0,0.5659722222222222,0.0,0.3510240315561196,0.984,0.8509082378817371,0.0,0.978,1.0,0.6666666666666666,0.7732107297319845,0.9728395061728394,1,1.0,1,1.0,1,0.9882624648226247,1,0.9557247976288139,1,0.9100260427234991,1,0.98,tested_negative,0,0.02766444913751054
240,0.0,0.0,0.08487084870848705,0.6666666666666666,0.46153846153846156,0.11410844331497305,0.11410844331497305,0.0,0.5659722222222222,0.0,0.2855742789674355,0.904,0.8533273163399638,0.0,0.898,1.0,0.6666666666666666,0.8161305531030342,0.9904926534140017,1,1.0,1,1.0,1,0.983983279549698,1,0.9377103550390659,1,0.8837947758728408,1,1.0,tested_negative,0,0.032418598256399256
241,0.0,0.676923076923077,0.08487084870848705,0.6666666666666666,0.5384615384615384,0.1285705818307077,0.1285705818307077,0.0,0.5659722222222222,0.0,0.3513622035995193,0.96,0.8173725528587297,0.0,0.982,1.0,0.6758620689655173,0.8426346009144958,0.9677419354838711,1,1.0,1,1.0,1,0.9512449150834389,1,0.8689378078219925,1,0.8879500906880389,1,0.96,tested_negative,0,0.0553111977344215
242,0.8,1.0,0.6842105263157895,0.6666666666666666,0.7692307692307693,0.8526603100253505,0.8526603100253505,0.46399999999999997,0.7673611111111112,1.0,0.6277718987371468,0.996268656716418,0.9236923056109506,0.014,1.0,1.0,0.6666666666666666,0.7857156466693531,0.9743589743589745,0,0.2,0,0.0,0,0.06423387482938271,0,0.2834496225410113,0,0.17232874348169275,0,0.19,tested_positive,6,0.8483312931913188
243,0.7,0.9461538461538461,0.6011560693641618,1.0,0.6923076923076923,0.4132122673068489,0.4132122673068489,0.46399999999999997,0.7673611111111112,1.0,0.6019467257436656,0.996268656716418,0.8237758584956283,0.002,1.0,1.0,0.7914893617021277,0.901065642431699,0.9736618521665252,0,0.2,0,0.0,1,0.6853529782142151,0,0.4985839975498838,0,0.49409680906992165,0,0.38,tested_positive,5,0.6236610358609966
244,0.3,0.8846153846153846,0.7246376811594203,0.6666666666666666,0.6923076923076923,0.4764146461694192,0.4764146461694192,0.0,0.5659722222222222,0.5,0.4390100987250215,0.992,0.836098105007886,0.011194029850746268,0.994,1.0,0.7181541419644288,0.8073916160347586,0.9230769230769231,1,0.8,1,1.0,1,0.5128617461242966,1,0.5015395139657606,0,0.4816656234310231,0,0.38,tested_negative,2,0.38732218607981994
245,0.3,0.9461538461538461,0.2753623188405797,0.6666666666666666,0.5384615384615384,0.24793025297629456,0.24793025297629456,0.46399999999999997,0.7673611111111112,0.0,0.42637611063600267,0.9776119402985075,0.7407596343761845,0.0,0.9925373134328358,1.0,0.6666666666666666,0.8392312250927296,0.9979959919839679,1,0.8,1,1.0,1,0.985667538097457,1,0.9161997255089132,1,0.8524210905310863,1,0.79,tested_positive,0,0.1092852743104239
246,0.5,0.9538461538461538,0.3988439306358381,1.0,1.0,0.4379492615503424,0.4379492615503424,0.0,0.5659722222222222,0.5,0.6189727609980575,0.998,0.9596279330441838,0.018656716417910446,0.998,1.0,0.6666666666666666,0.8127618938847081,0.957393483709273,0,0.4,0,0.0,1,0.5311009992059588,1,0.5015363838425022,1,0.5129291665788753,0,0.19,tested_negative,3,0.6440722417287772
247,0.5,0.9923076923076923,0.7246376811594203,0.6666666666666666,0.38461538461538464,0.7546998457668058,0.7546998457668058,0.0,0.5659722222222222,1.0,0.5376952600486598,0.998,0.8161051561398953,0.0,1.0,1.0,0.6666666666666666,0.7480010601068351,0.9523809523809523,0,0.4,1,1.0,0,3.54694180469372e-07,0,0.18675676145147957,0,0.3145456370334781,0,0.35,tested_negative,5,0.6247828744701436
248,0.4,0.8923076923076922,0.3988439306358381,1.0,0.8461538461538461,0.7380671735962784,0.7380671735962784,0.0,0.5659722222222222,1.0,0.5415433579221476,0.998,0.8297205806310277,0.0,1.0,1.0,0.7074980268350434,0.8684238698656876,0.9612403100775194,0,0.4,1,1.0,0,0.02127652645752489,1,0.5847718144240093,0,0.3167670375528206,0,0.38,tested_negative,4,0.5495307702609409
249,0.0,0.0,0.08487084870848705,0.6666666666666666,0.46153846153846156,0.12775861571526115,0.12775861571526115,0.0,0.5659722222222222,0.0,0.3302204872550477,0.976,0.8624093386762828,0.0,0.958,1.0,0.6666666666666666,0.7862958109394388,0.9753191489361701,1,1.0,1,1.0,1,0.9640323032323079,1,0.9069663941970691,1,0.9293459909608807,1,0.91,tested_negative,0,0.048275885268290186
250,0.7,0.9846153846153847,0.3988439306358381,1.0,0.7692307692307693,0.2977712758046478,0.2977712758046478,0.0,0.5659722222222222,1.0,0.5779758457406539,0.998,0.9242690278430542,0.0,1.0,1.0,0.6666666666666666,0.8392705672157156,0.9633251833740831,0,0.4,0,0.0,1,0.6899424620941204,1,0.5887523231000895,1,0.6714956138784091,0,0.41,tested_negative,3,0.5399682668212302
251,0.2,0.9,0.3157894736842105,0.6666666666666666,0.46153846153846156,0.15382381866183492,0.15382381866183492,0.0,0.5659722222222222,0.0,0.4240741765334928,0.992,0.8868280797211647,0.0,0.986,1.0,0.6666666666666666,0.7716611965904392,0.9887834339948232,1,1.0,1,1.0,1,0.9211409503698945,1,0.8102244184840307,1,0.8675269749848993,1,0.72,tested_negative,0,0.11351794269352922
252,0.0,0.0,0.08487084870848705,0.6666666666666666,0.46153846153846156,0.11235613252795162,0.11235613252795162,0.0,0.5659722222222222,0.0,0.3029856275573042,0.886,0.8289237385570295,0.0,0.9299999999999999,1.0,0.6950354609929077,0.7938124181519334,0.9586374695863747,1,1.0,1,1.0,1,0.9862646452748093,1,0.9627733648211767,1,0.9081459615015673,1,0.96,tested_negative,0,0.030469338067074414
253,0.1,0.8846153846153846,0.08487084870848705,0.6666666666666666,0.6923076923076923,0.12604051348419365,0.12604051348419365,0.0,0.5659722222222222,0.0,0.4384581050470221,0.986,0.8762823369618666,0.0,0.97,1.0,0.6666666666666666,0.8056639276084294,0.9677419354838711,1,1.0,1,1.0,1,0.9654533720841113,1,0.918909175069679,1,0.8648716149078397,1,0.84,tested_negative,0,0.06846097298972842
254,0.4,1.0,0.6011560693641618,1.0,0.6923076923076923,0.31420575438911735,0.31420575438911735,0.46399999999999997,0.7673611111111112,0.0,0.4985113771709708,0.9925373134328358,0.7416692320329117,0.0,1.0,1.0,0.7027027027027026,0.882390472103752,0.9820051413881749,1,0.6,0,0.0,1,0.8834652038609739,0,0.346022854781677,0,0.4205826536546916,0,0.32,tested_positive,4,0.5716548812837763
255,0.9,0.9615384615384616,0.915129151291513,0.6666666666666666,0.7692307692307693,0.8579121865921006,0.8579121865921006,0.46399999999999997,0.7673611111111112,0.5,0.5851396736571524,0.996268656716418,0.9299858827014427,0.022,1.0,1.0,0.6666666666666666,0.8155270220657833,0.9421487603305786,0,0.4,1,1.0,0,0.05599903896238497,0,0.20616527649121935,0,0.12807962718691615,0,0.24,tested_positive,5,0.6616260095599131
256,0.3,0.9846153846153847,0.3988439306358381,1.0,0.7692307692307693,0.16013893866029183,0.16013893866029183,0.0,0.5659722222222222,0.5,0.43898590286329886,0.996,0.8125378692846996,0.0037313432835820895,0.996,1.0,0.6666666666666666,0.8456900670491585,0.9913043478260869,1,0.8,0,0.0,1,0.9285501991895606,1,0.7674912981291943,1,0.7015210784817519,1,0.63,tested_negative,1,0.3620729040332489
257,0.1,0.0,0.08487084870848705,0.6666666666666666,0.46153846153846156,0.12603629714719133,0.12603629714719133,0.0,0.5659722222222222,0.0,0.3984619426554925,0.986,0.8966693840279362,0.0,0.9299999999999999,1.0,0.6666666666666666,0.8128200767856493,0.9991281604184831,1,1.0,1,1.0,1,0.9683107460243486,1,0.8756143810530823,1,0.89926381814103,1,0.89,tested_negative,0,0.06113517579692329
258,0.4,0.9769230769230769,0.3157894736842105,0.6666666666666666,0.3076923076923077,0.7458165402369,0.7458165402369,0.0,0.5659722222222222,0.0,0.4853660587764822,0.994,0.7461952334681641,0.0037313432835820895,0.998,1.0,0.6758147512864494,0.8223292022906361,0.995983935742972,1,0.6,1,1.0,0,0.009146500720479291,0,0.25463357514187235,0,0.23276920564025902,0,0.46,tested_negative,4,0.5739084530828982
259,0.1,0.823076923076923,0.2753623188405797,0.6666666666666666,0.5384615384615384,0.24736177556373218,0.24736177556373218,0.46399999999999997,0.7673611111111112,0.0,0.3842022926024664,0.9776119402985075,0.753105507164673,0.0,0.9925373134328358,1.0,0.7428571428571428,0.8598120399385032,0.9677419354838711,1,0.8,0,0.0,1,0.9889473092665116,1,0.8777586597584445,1,0.8337184407232475,1,0.86,tested_positive,1,0.2732625983752994
260,0.8,0.9923076923076923,0.7246376811594203,0.6666666666666666,0.46153846153846156,0.6829933194453,0.6829933194453,0.0,0.5659722222222222,1.0,0.6157761291769277,0.998,0.8781795984548124,0.014925373134328358,1.0,1.0,0.6804835924006908,0.8022969898800167,0.9622166246851386,0,0.2,1,1.0,0,0.1887767083709311,0,0.29720035793971944,0,0.11037057740918586,0,0.14,tested_negative,5,0.6772753927133606
261,0.4,0.9307692307692308,0.2753623188405797,0.6666666666666666,0.38461538461538464,0.43994610584995464,0.43994610584995464,0.46399999999999997,0.7673611111111112,0.0,0.4308216424969865,0.9813432835820896,0.8326445972512736,0.004,0.9850746268656716,1.0,0.6666666666666666,0.7683605113392629,0.9769820971867007,1,0.8,1,1.0,1,0.5130447785604,1,0.6249884516901161,1,0.7651763281928888,1,0.62,tested_positive,0,0.27946507359276584
262,0.1,0.9,0.08487084870848705,0.6666666666666666,0.6153846153846154,0.13650738132833184,0.13650738132833184,0.0,0.5659722222222222,0.0,0.3789940901778581,0.982,0.8326135538824759,0.0,0.986,1.0,0.6666666666666666,0.847665598620272,0.9825436408977556,1,1.0,0,0.0,1,0.9496738533603788,1,0.8354504476842612,1,0.8466852186068146,1,0.85,tested_negative,1,0.2530317467247576
263,0.4,0.9692307692307692,0.7246376811594203,0.6666666666666666,0.6153846153846154,0.42332809496017043,0.42332809496017043,0.0,0.5659722222222222,0.3333333333333333,0.593936434112174,0.998,0.9166977560716504,0.0037313432835820895,0.996,1.0,0.6666666666666666,0.783856333316648,0.9385749385749387,1,0.8,1,1.0,1,0.6550790409445968,1,0.5134503022853726,1,0.6189115108631935,0,0.48,tested_negative,1,0.322093190984473
264,0.7,0.9538461538461538,0.6011560693641618,1.0,0.6923076923076923,0.8144504636114358,0.8144504636114358,0.46399999999999997,0.7673611111111112,0.0,0.47469952381766345,0.9888059701492538,0.9039437916945694,0.0,0.996268656716418,1.0,0.6666666666666666,0.8103647816726782,0.957983193277311,0,0.4,1,1.0,0,0.13623712823524245,0,0.30380899617712986,0,0.3920026148999999,1,0.68,tested_positive,4,0.514658543447938
265,0.6,1.0,0.3988439306358381,1.0,0.6923076923076923,0.30544001650448893,0.30544001650448893,0.0,0.5659722222222222,1.0,0.5192411335857837,0.998,0.8361810404162926,0.014925373134328358,1.0,1.0,0.7092469018112488,0.8853161681094577,0.9874686716791982,0,0.2,0,0.0,1,0.6310364689199583,1,0.647677556449527,0,0.37861224432003937,0,0.47,tested_negative,4,0.6121122883850794
266,0.2,0.9307692307692308,0.2753623188405797,0.6666666666666666,0.38461538461538464,0.3603526604271877,0.3603526604271877,0.46399999999999997,0.7673611111111112,0.3333333333333333,0.41690781978175884,0.9813432835820896,0.8469264974958717,0.002,0.9850746268656716,1.0,0.6666666666666666,0.7471779064546447,0.8905225511623286,1,0.8,1,1.0,1,0.8273091613082829,1,0.7149315773906775,1,0.7225536477862187,1,0.79,tested_positive,0,0.19086760225247013
267,0.5,0.9692307692307692,0.7246376811594203,0.6666666666666666,0.8461538461538461,0.507828828814723,0.507828828814723,0.0,0.5659722222222222,0.0,0.43502450282401606,0.996,0.7751411560209779,0.007462686567164179,1.0,1.0,0.6666666666666666,0.8173366561532879,0.9542261017670853,1,0.6,0,0.0,0,0.4243420899268862,0,0.3458986067672457,0,0.2749518644530435,0,0.37,tested_negative,5,0.6641345731421373
268,0.0,0.0,0.08487084870848705,0.6666666666666666,0.46153846153846156,0.11393602338403952,0.11393602338403952,0.0,0.5659722222222222,0.0,0.2691613963469289,0.962,0.8564666849399609,0.0,0.97,0.875,0.6646893074299273,0.7766928284374086,0.9825436408977556,1,1.0,1,1.0,1,0.9802857223302542,1,0.9383058149950548,1,0.8700470814731684,1,0.98,tested_negative,0,0.0385602302002539
269,0.4,0.9538461538461538,0.6842105263157895,0.6666666666666666,0.6923076923076923,0.5543784829004007,0.5543784829004007,0.46399999999999997,0.7673611111111112,0.3333333333333333,0.4899248342807311,0.9925373134328358,0.8764722128044726,0.0,0.9850746268656716,1.0,0.6666666666666666,0.7454987356039785,0.9803250641573996,1,0.6,0,0.0,0,0.25072192540548577,0,0.4390959838491727,1,0.561894558896968,0,0.4,tested_positive,4,0.6247145886413956
270,0.3,0.9076923076923077,0.6011560693641618,1.0,0.46153846153846156,0.28151694641295466,0.28151694641295466,0.46399999999999997,0.7673611111111112,0.0,0.34349704384097013,0.9738805970149254,0.7743628022465181,0.0,0.996268656716418,1.0,0.6666666666666666,0.8427969150627673,0.9874686716791982,1,0.6,1,1.0,1,0.9288058021209271,1,0.8082507095579033,1,0.8214040460123898,1,0.64,tested_positive,0,0.20025657371813
271,0.0,0.0,0.08487084870848705,0.6666666666666666,0.46153846153846156,0.11628622378322284,0.11628622378322284,0.0,0.5659722222222222,0.0,0.32362789783843005,0.938,0.8373377727926545,0.0,0.946,1.0,0.6666666666666666,0.8261294915639841,0.9677419354838711,1,1.0,1,1.0,1,0.9834714786930802,1,0.919772775350627,1,0.9036361842498354,1,0.93,tested_negative,0,0.04385326028440961
272,0.5,0.7076923076923076,0.04878048780487809,1.0,0.3076923076923077,0.14502052830373469,0.14502052830373469,0.0,0.5659722222222222,0.0,0.4122279457638479,0.99,0.878466802768098,0.0,0.996,1.0,0.6666666666666666,0.7962135124010252,0.9102462271644164,1,0.8,1,1.0,1,0.9330514601395964,1,0.8493927269596327,1,0.7045732810343277,1,0.79,tested_negative,0,0.15383042197774044
273,0.0,0.676923076923077,0.08487084870848705,0.6666666666666666,0.5384615384615384,0.12894847243867869,0.12894847243867869,0.0,0.5659722222222222,0.0,0.3978678456525927,0.97,0.8055344443766385,0.0,0.992,1.0,0.6666666666666666,0.7753308593360624,0.9264349232012934,1,1.0,1,1.0,1,0.9644229727110688,1,0.9590324769161369,1,0.8608017789697331,1,0.9,tested_negative,0,0.05262379523384342
274,0.3,0.9923076923076923,0.3988439306358381,1.0,0.9230769230769231,0.6524031912777286,0.6524031912777286,0.0,0.5659722222222222,1.0,0.541347288515416,0.998,0.8880040525590093,0.0,0.998,1.0,0.6666666666666666,0.7945226622132762,0.9633251833740831,1,0.8,1,1.0,0,0.28929543851619743,1,0.5093447413123033,1,0.7363066660726539,1,0.59,tested_negative,1,0.3458421923498075
275,0.2,0.9,0.08487084870848705,0.6666666666666666,0.6153846153846154,0.2401854958823828,0.2401854958823828,0.0,0.5659722222222222,0.5,0.48323836736500136,0.996,0.8472891851613423,0.0,0.996,1.0,0.7025495750708215,0.8011450367530485,0.9924433249370277,1,1.0,1,1.0,1,0.8307265255565327,1,0.7460169330945339,1,0.8453593786876774,1,0.87,tested_negative,0,0.11798286044354256
276,0.9,0.9538461538461538,0.6011560693641618,1.0,0.6923076923076923,0.8590299449579846,0.8590299449579846,0.46399999999999997,0.7673611111111112,1.0,0.660988249826924,0.996268656716418,0.9293120125262366,0.006,0.996268656716418,1.0,0.6666666666666666,0.8623713034587659,0.9743589743589742,0,0.0,0,0.0,0,0.049801698312014565,0,0.16983281831267277,0,0.13219434257634377,0,0.11,tested_positive,6,0.9230285234664948
277,0.1,0.0,0.08487084870848705,0.6666666666666666,0.46153846153846156,0.12016797262161816,0.12016797262161816,0.0,0.5659722222222222,0.0,0.37745430225886434,0.986,0.8788178056611462,0.0,0.9319999999999999,1.0,0.6666666666666666,0.8299996026182225,0.9853826311263972,1,1.0,1,1.0,1,0.974243476241148,1,0.9234097541737842,1,0.9231041006528685,1,0.98,tested_negative,0,0.0332071114886997
278,0.4,0.7076923076923076,0.04878048780487809,1.0,0.3076923076923077,0.24226162314506516,0.24226162314506516,0.0,0.5659722222222222,0.0,0.38802611982541646,0.994,0.8560916512225824,0.0,0.998,1.0,0.6666666666666666,0.8254972348675464,0.9385749385749387,0,0.4,1,1.0,1,0.7665092149186287,1,0.7119452974259464,1,0.7382671356197295,1,0.78,tested_negative,1,0.2672130586726159
279,0.1,0.8692307692307693,0.08487084870848705,0.6666666666666666,0.5384615384615384,0.20360308854662668,0.20360308854662668,0.0,0.5659722222222222,0.0,0.34003280596799235,0.99,0.8006772776522569,0.0,0.992,1.0,0.6758620689655173,0.8482230554335575,0.957983193277311,1,1.0,1,1.0,1,0.8837046766902125,1,0.8965012940786955,1,0.886839579334459,1,0.97,tested_negative,0,0.06049240831610547
280,0.9,0.9923076923076923,0.2753623188405797,0.6666666666666666,0.8461538461538461,0.7027060674494892,0.7027060674494892,0.46399999999999997,0.7673611111111112,1.0,0.5896101761009996,0.996268656716418,0.8857631825866499,0.002,0.9925373134328358,1.0,0.6666666666666666,0.7525649157608533,0.8976377952755904,0,0.4,0,0.0,0,0.259176238252629,0,0.4818866669254255,0,0.487585315341082,0,0.5,tested_positive,6,0.6452252965801439
281,0.6,0.9769230769230769,0.7246376811594203,0.6666666666666666,0.8461538461538461,0.5848064904638977,0.5848064904638977,0.0,0.5659722222222222,1.0,0.6476996300220352,0.998,0.9128124251428986,0.014925373134328358,0.998,1.0,0.7070515854235683,0.8381008782922462,0.9677419354838711,0,0.4,0,0.0,0,0.31763065583722594,0,0.42283436663139506,0,0.4090710570813755,0,0.42,tested_negative,6,0.6717439867416672
282,0.3,0.9692307692307692,0.7246376811594203,0.6666666666666666,0.6153846153846154,0.42493944401406125,0.42493944401406125,0.0,0.5659722222222222,0.0,0.4679479858512361,0.996,0.8053690761147675,0.0,0.998,1.0,0.7030588235294118,0.8335178756619792,0.9629629629629631,1,0.8,0,0.0,1,0.5659143779892578,1,0.6092348564580106,1,0.5570288894420569,0,0.32,tested_negative,2,0.5246369793517791
283,0.4,0.9153846153846154,0.2753623188405797,0.6666666666666666,0.6153846153846154,0.3634503867088881,0.3634503867088881,0.46399999999999997,0.7673611111111112,0.3333333333333333,0.5113193630124173,0.996268656716418,0.9213101778805045,0.0,0.9850746268656716,1.0,0.6666666666666666,0.8094510085271984,0.9703640982218459,1,0.8,1,1.0,1,0.7047108697043449,1,0.6406701419625295,1,0.7381475772354914,1,0.69,tested_positive,0,0.23774523518293889
284,0.6,0.9538461538461538,0.6011560693641618,1.0,0.9230769230769231,0.8403759594745618,0.8403759594745618,0.46399999999999997,0.7673611111111112,1.0,0.6074021803820981,0.996268656716418,0.9146601339562589,0.004,0.996268656716418,1.0,0.6666666666666666,0.8024491532746233,0.9720101781170483,0,0.2,0,0.0,0,0.10016753598308734,0,0.11949899805157152,0,0.21952989068771137,0,0.15,tested_positive,6,0.8684672625462716
285,0.7,0.9076923076923077,0.3157894736842105,0.6666666666666666,0.3076923076923077,0.455740133751282,0.455740133751282,0.0,0.5659722222222222,0.3333333333333333,0.5601109608109424,0.998,0.8720201505305067,0.014925373134328358,0.994,1.0,0.7584097859327217,0.8779636607499932,0.9629629629629631,0,0.2,1,1.0,1,0.5844160776387416,1,0.5485374233085079,0,0.4375385638613798,1,0.55,tested_negative,2,0.44658465586522844
286,0.6,0.9923076923076923,0.7246376811594203,0.6666666666666666,0.5384615384615384,0.7545443092565924,0.7545443092565924,0.0,0.5659722222222222,0.0,0.48479818096878,0.996,0.8121694657845591,0.0,1.0,1.0,0.777120315581854,0.8195955742534887,0.896551724137931,1,0.6,0,0.0,0,5.663519950113822e-05,0,0.34830050290162884,0,0.18564181063481655,0,0.16,tested_negative,5,0.784333508544009
287,0.4,0.9461538461538461,0.6011560693641618,1.0,0.6923076923076923,0.4304097040271144,0.4304097040271144,0.46399999999999997,0.7673611111111112,0.5,0.5336582573338804,0.996268656716418,0.9018081900343569,0.008,0.9925373134328358,1.0,0.7027027027027026,0.8092206703405247,0.9057471264367817,0,0.4,0,0.0,1,0.7013679615373177,0,0.4493537856569416,0,0.24921449088309017,1,0.51,tested_positive,4,0.6150106269871085
288,0.0,0.0,0.08487084870848705,0.6666666666666666,0.46153846153846156,0.11207880157201433,0.11207880157201433,0.0,0.5659722222222222,0.0,0.33182188234299337,0.968,0.8481856207227534,0.0,0.944,1.0,0.697282099343955,0.8315268178586366,0.9913043478260869,1,1.0,1,1.0,1,0.9895315600179946,1,0.9427906214385354,1,0.9337693042398433,1,0.99,tested_negative,0,0.023984752383937824
289,0.2,0.8923076923076922,0.3988439306358381,1.0,0.8461538461538461,0.22546755029530108,0.22546755029530108,0.0,0.5659722222222222,0.0,0.4181281329822961,0.996,0.8654541359529293,0.0,0.988,1.0,0.703279460222815,0.8319815673699109,0.953995157384988,1,1.0,1,1.0,1,0.8158104532409107,1,0.7242603290987151,1,0.8326882522507919,1,0.76,tested_negative,0,0.14454016090159705
290,0.1,0.676923076923077,0.08487084870848705,0.6666666666666666,0.5384615384615384,0.12627943808246544,0.12627943808246544,0.0,0.5659722222222222,1.0,0.53294600902696,0.998,0.898904096181268,0.0,0.988,1.0,0.6666666666666666,0.7897057428134814,0.9836065573770493,1,0.8,0,0.0,1,0.9572315944829396,1,0.9336048644802326,1,0.8900405165245003,1,0.79,tested_negative,1,0.27152050408538786
291,0.8,0.9923076923076923,0.915129151291513,0.6666666666666666,0.8461538461538461,0.8316948605586236,0.8316948605586236,0.46399999999999997,0.7673611111111112,1.0,0.5794674559375614,0.996268656716418,0.9081820468817835,0.004,1.0,1.0,0.6666666666666666,0.8391009642905326,1.0,0,0.4,0,0.0,0,0.09824444362390296,0,0.254837308106487,0,0.1715057700206705,0,0.15,tested_positive,6,0.8209020797081565
292,0.5,0.9538461538461538,0.2753623188405797,0.6666666666666666,0.6153846153846154,0.3107508589137994,0.3107508589137994,0.46399999999999997,0.7673611111111112,0.0,0.4865483716442274,0.9925373134328358,0.821477542468446,0.002,0.9925373134328358,1.0,0.7428571428571428,0.838790737914163,0.9931309550188344,1,0.6,1,1.0,1,0.7936914258219924,1,0.6343426046601971,1,0.5628487686879299,1,0.61,tested_positive,0,0.29985286680498013
293,0.7,0.9307692307692308,0.2753623188405797,0.6666666666666666,0.38461538461538464,0.581104175818214,0.581104175818214,0.46399999999999997,0.7673611111111112,1.0,0.5577339874747342,0.996268656716418,0.8749533860925822,0.006,0.996268656716418,1.0,0.6950354609929077,0.8024947017464624,0.9268292682926829,0,0.4,1,1.0,0,0.4107273805669615,0,0.48140601917064635,0,0.34443073852745637,0,0.29,tested_positive,5,0.512239310289156
294,0.4,0.9769230769230769,0.3157894736842105,0.6666666666666666,0.38461538461538464,0.3976054202385355,0.3976054202385355,0.0,0.5659722222222222,0.0,0.4400364317003159,0.994,0.8092369525901913,0.0,1.0,1.0,0.6666666666666666,0.751567715965044,0.9421487603305786,0,0.4,0,0.0,1,0.5763348194043049,0,0.4839008996949409,1,0.5576158851301593,1,0.5,tested_negative,3,0.5803580659617658
295,0.5,1.0,0.7246376811594203,0.6666666666666666,0.6923076923076923,0.5364817752861292,0.5364817752861292,0.0,0.5659722222222222,1.0,0.5722588047618744,0.998,0.8678899117650565,0.0,1.0,1.0,0.7368421052631579,0.8604842004153421,0.9836065573770493,0,0.4,0,0.0,0,0.4098699400402749,0,0.28631117965734054,0,0.1510553883798101,0,0.41,tested_negative,6,0.7237939153204291
296,0.5,0.9538461538461538,0.6842105263157895,0.6666666666666666,0.6923076923076923,0.35134265300271317,0.35134265300271317,0.46399999999999997,0.7673611111111112,1.0,0.5121042880410915,0.996268656716418,0.8352088103385987,0.004,1.0,1.0,0.72,0.8461969839818236,0.9887834339948232,1,0.6,0,0.0,1,0.5380265006633195,0,0.19876644886187567,0,0.27816646486390484,0,0.29,tested_positive,4,0.6825067642684833
297,0.2,0.0,0.08487084870848705,0.6666666666666666,0.46153846153846156,0.22485428211993053,0.22485428211993053,0.0,0.5659722222222222,0.25,0.36117059239635074,0.984,0.8220571308233522,0.0037313432835820895,0.986,1.0,0.6666666666666666,0.8234387697588693,0.9836065573770493,1,0.8,1,1.0,1,0.8541292626520014,1,0.8647743204989579,1,0.8165479999863241,1,0.87,tested_negative,0,0.13242473614378614
298,0.4,1.0,0.6011560693641618,1.0,0.7692307692307693,0.28456279993377676,0.28456279993377676,0.46399999999999997,0.7673611111111112,1.0,0.557157863408593,0.996268656716418,0.8594706183630707,0.0,1.0,0.875,0.6341463414634146,0.8497789978676727,0.9924433249370277,1,0.8,1,1.0,1,0.917202190682745,1,0.5411532837213834,1,0.513163008697056,1,0.6,tested_positive,0,0.2714135861498027
299,0.2,0.7076923076923076,0.04878048780487809,1.0,0.3076923076923077,0.35882687316918793,0.35882687316918793,0.0,0.5659722222222222,0.0,0.31630802738247576,0.984,0.8128497750379347,0.0,0.986,1.0,0.6666666666666666,0.8280014699903732,0.9358669833729216,1,0.8,1,1.0,1,0.5804187737323768,1,0.6393670196930998,1,0.7426403475295378,1,0.77,tested_negative,0,0.24459564317416416
300,0.1,0.6461538461538461,0.2753623188405797,0.6666666666666666,0.46153846153846156,0.2830263016742349,0.2830263016742349,0.46399999999999997,0.7673611111111112,0.0,0.3755845143652444,0.9850746268656716,0.8198529142529463,0.0,0.9888059701492538,1.0,0.6666666666666666,0.7458654881678812,0.9401148482362592,1,0.8,1,1.0,1,0.917346153850023,1,0.8757563578334067,1,0.8597831435182794,1,0.77,tested_positive,0,0.1295190574663817
301,0.8,0.9307692307692308,0.2753623188405797,0.6666666666666666,0.38461538461538464,0.7542333460100554,0.7542333460100554,0.46399999999999997,0.7673611111111112,1.0,0.5939142888197066,0.996268656716418,0.8860276524117732,0.006,0.996268656716418,1.0,0.7050359712230216,0.8317014221543857,0.9913043478260869,0,0.4,1,1.0,0,0.1814212803034762,0,0.3909722439701845,0,0.3358423306444782,0,0.39,tested_positive,5,0.5502940241803103
302,0.1,0.9846153846153847,0.3988439306358381,1.0,0.6923076923076923,0.17215054440077093,0.17215054440077093,0.0,0.5659722222222222,0.0,0.46360216878765514,0.994,0.8372096843488261,0.0,0.99,1.0,0.680431152269622,0.8186408930313481,0.9016018306636155,1,1.0,0,0.0,1,0.9317062766000394,1,0.9278929952802171,1,0.9019855332580037,1,0.78,tested_negative,1,0.24306919914362324
303,0.7,0.9846153846153847,0.915129151291513,0.6666666666666666,0.3076923076923077,0.5961416189715283,0.5961416189715283,0.46399999999999997,0.7673611111111112,0.5,0.5056191684738381,0.996268656716418,0.8697694066841194,0.002,0.996268656716418,1.0,0.6666666666666666,0.7523905031455571,0.9227166276346606,1,0.8,0,0.0,0,0.3276620903535911,1,0.634396660194056,0,0.4467467623848475,0,0.3,tested_positive,4,0.5818657478445843
304,0.1,1.0,0.3157894736842105,0.6666666666666666,0.5384615384615384,0.19694167366141635,0.19694167366141635,0.0,0.5659722222222222,0.0,0.3483776590483856,0.986,0.831798683834782,0.0,0.996,1.0,0.6666666666666666,0.7745794881796444,0.8822170900692841,1,1.0,0,0.0,1,0.8586766668405121,1,0.7359148507061334,1,0.5974995793743463,1,0.57,tested_negative,1,0.3729848171798348
305,0.0,0.8923076923076922,0.3988439306358381,1.0,0.8461538461538461,0.22792679515537506,0.22792679515537506,0.0,0.5659722222222222,0.0,0.30230224814127327,0.974,0.8236273171149098,0.0,0.986,1.0,0.6928427886844952,0.8015369711362677,0.9016018306636155,1,1.0,1,1.0,1,0.8541913014588361,1,0.7273831376482096,1,0.8166450143565998,1,0.92,tested_negative,0,0.11363009108939248
306,0.6,0.9230769230769231,0.6842105263157895,0.6666666666666666,0.5384615384615384,0.32853300668021834,0.32853300668021834,0.46399999999999997,0.7673611111111112,0.5,0.5080699310950848,0.996268656716418,0.8479831986537376,0.002,0.996268656716418,1.0,0.7174643829037938,0.8432878980223798,0.9702970297029704,1,0.6,0,0.0,1,0.7869399276516652,1,0.6752814479865656,1,0.6424247233756918,1,0.51,tested_positive,1,0.46422565016434625
307,0.0,0.9076923076923077,0.3157894736842105,0.6666666666666666,0.3076923076923077,0.137281941399364,0.137281941399364,0.0,0.5659722222222222,0.0,0.27754408403103337,0.9299999999999999,0.7848700220033833,0.0,0.974,1.0,0.6666666666666666,0.7818395132834023,0.937040065412919,1,1.0,1,1.0,1,0.9458172949883613,1,0.8718855764092334,1,0.8735183019455754,1,0.91,tested_negative,0,0.06646313777613833
308,0.9,0.9923076923076923,0.2753623188405797,0.6666666666666666,0.5384615384615384,0.4232701849506766,0.4232701849506766,0.46399999999999997,0.7673611111111112,1.0,0.5452659522221108,0.996268656716418,0.8136045632688663,0.004,1.0,1.0,0.6666666666666666,0.835852662731537,0.9687235841081995,0,0.2,1,1.0,1,0.5065994897684607,0,0.31730057155289154,0,0.28376662279903525,0,0.45,tested_positive,4,0.5403888859799353
309,0.6,0.9461538461538461,0.6011560693641618,1.0,0.6923076923076923,0.643398656417992,0.643398656417992,0.46399999999999997,0.7673611111111112,1.0,0.505967129384159,0.996268656716418,0.8712245659724741,0.004,0.9888059701492538,1.0,0.7428571428571428,0.8607222438963389,0.9677419354838711,0,0.4,1,1.0,0,0.26825687261509895,0,0.2979998963835109,0,0.27003689420704013,0,0.49,tested_positive,5,0.5456177227990584
310,0.2,0.7076923076923076,0.04878048780487809,1.0,0.3076923076923077,0.1347584848667147,0.1347584848667147,0.0,0.5659722222222222,0.0,0.3944524472053148,0.992,0.8363296340500832,0.0,0.994,1.0,0.6666666666666666,0.882498296357284,1.0,1,1.0,1,1.0,1,0.941834697608912,1,0.9139654813891115,1,0.8940005441618596,1,0.8,tested_negative,0,0.07503321280668629
311,0.2,0.9,0.08487084870848705,0.6666666666666666,0.6153846153846154,0.18388205952442815,0.18388205952442815,0.0,0.5659722222222222,0.0,0.4689436134707272,0.996,0.8871790522813712,0.0,0.99,1.0,0.6666666666666666,0.8121841549231451,0.9633251833740831,1,0.6,1,1.0,1,0.8681477049780376,1,0.7736551365418768,1,0.8200517116617702,1,0.74,tested_negative,0,0.19969090780305254
312,0.7,0.9230769230769231,0.6842105263157895,0.6666666666666666,0.5384615384615384,0.7717393883059696,0.7717393883059696,0.46399999999999997,0.7673611111111112,0.3333333333333333,0.45344591743467433,0.9850746268656716,0.8285042586936548,0.012,0.9925373134328358,1.0,0.725925925925926,0.7969793848452595,0.9654591406908172,1,0.6,0,0.0,0,0.17199498001061894,0,0.3207027556629957,0,0.2656128697795334,0,0.17,tested_positive,5,0.7452815657578087
313,0.1,0.0,0.08487084870848705,0.6666666666666666,0.46153846153846156,0.13871805208671517,0.13871805208671517,0.0,0.5659722222222222,0.0,0.4944671464218868,0.994,0.865553451034309,0.0,0.99,1.0,0.7050359712230216,0.8271516855671583,0.9853826311263972,1,1.0,1,1.0,1,0.9531742492358917,1,0.7870896213156648,1,0.8240654062465019,1,0.76,tested_negative,0,0.1126117872003235
314,0.4,0.9076923076923077,0.6011560693641618,1.0,0.46153846153846156,0.3950846066277742,0.3950846066277742,0.46399999999999997,0.7673611111111112,0.5,0.49284571320547077,0.9925373134328358,0.8001372013877167,0.0,0.996268656716418,1.0,0.6666666666666666,0.8998499182567863,0.9836065573770493,1,0.6,1,1.0,1,0.5970961034337682,1,0.5059095653645674,1,0.7394878118109556,1,0.68,tested_positive,0,0.3129177532317847
315,0.0,0.676923076923077,0.08487084870848705,0.6666666666666666,0.5384615384615384,0.1402916096122908,0.1402916096122908,0.0,0.5659722222222222,0.0,0.33459930176340447,0.968,0.8500788526707541,0.0,0.95,1.0,0.7149465624501515,0.8180604814739046,0.9358669833729216,1,1.0,1,1.0,1,0.9439525133359262,1,0.8149222618261561,1,0.8685958760440885,1,0.9,tested_negative,0,0.07875489146563819
316,0.0,0.7076923076923076,0.04878048780487809,1.0,0.3076923076923077,0.11287874646337892,0.11287874646337892,0.0,0.5659722222222222,0.0,0.35925153805179477,0.958,0.8152502818343269,0.0,0.976,1.0,0.7072243346007604,0.8014414774637908,0.9974683544303797,1,1.0,1,1.0,1,0.9908422321192135,1,0.9638824874133727,1,0.9241892326187998,1,0.99,tested_negative,0,0.021847674641435666
317,0.5,0.6461538461538461,0.2753623188405797,0.6666666666666666,0.46153846153846156,0.4076185502645173,0.4076185502645173,0.46399999999999997,0.7673611111111112,0.5,0.4678092792319828,0.9925373134328358,0.8423578408342143,0.002,0.9888059701492538,1.0,0.6666666666666666,0.7665536222244039,0.9687235841081995,1,0.6,1,1.0,1,0.6537500551488185,1,0.6682289016775969,1,0.7691813504608843,1,0.76,tested_positive,0,0.25813994878545
318,0.0,0.676923076923077,0.08487084870848705,0.6666666666666666,0.5384615384615384,0.21465460014928306,0.21465460014928306,0.0,0.5659722222222222,0.0,0.41255320827494224,0.978,0.8301586336564875,0.0,0.986,1.0,0.6791938172450371,0.8179684839956223,0.9268292682926829,1,1.0,1,1.0,1,0.8378902905141523,1,0.7334682893702209,1,0.8745605865148534,1,0.86,tested_negative,0,0.11568013893346218
319,0.5,0.9230769230769231,0.6842105263157895,0.6666666666666666,0.5384615384615384,0.27708926373144926,0.27708926373144926,0.46399999999999997,0.7673611111111112,1.0,0.5359627941581857,0.996268656716418,0.8697516197592451,0.004,1.0,1.0,0.6666666666666666,0.773834675018464,0.9629629629629631,0,0.4,1,1.0,1,0.9266425586763871,1,0.8078326011314142,1,0.6943778078284276,1,0.52,tested_positive,1,0.2751911720606285
320,0.3,0.9076923076923077,0.3157894736842105,0.6666666666666666,0.3076923076923077,0.25187255469894354,0.25187255469894354,0.0,0.5659722222222222,0.0,0.48914397455711045,0.996,0.7909019691764546,0.0,1.0,1.0,0.7668092386655261,0.8509624123968589,0.9803250641573996,1,1.0,0,0.0,1,0.7645145623731312,1,0.7012357364743266,1,0.8178682970834737,1,0.67,tested_negative,1,0.3410635673448448
321,1.0,0.9923076923076923,0.915129151291513,0.6666666666666666,0.8461538461538461,0.8625152221024818,0.8625152221024818,0.46399999999999997,0.7673611111111112,1.0,0.6562188109021712,0.996268656716418,0.9002430459821903,0.048,1.0,1.0,0.6666666666666666,0.8257154020259894,1.0,0,0.0,0,0.0,0,0.05268288730612321,0,0.16461613647730414,0,0.08856397355674787,0,0.13,tested_positive,6,0.9273561671099708
322,0.9,0.9461538461538461,0.6011560693641618,1.0,0.6153846153846154,0.853085724481083,0.853085724481083,0.46399999999999997,0.7673611111111112,1.0,0.5589662236008526,0.996268656716418,0.8508232985986659,0.012,1.0,1.0,0.6666666666666666,0.8113829386199507,0.9786507258753201,0,0.2,1,1.0,0,0.057359196503406436,0,0.14667767699035247,0,0.25617520834308233,0,0.31,tested_positive,5,0.6716313196938598
323,0.5,0.9230769230769231,0.6842105263157895,0.6666666666666666,0.5384615384615384,0.2626322556595848,0.2626322556595848,0.46399999999999997,0.7673611111111112,1.0,0.513646022438008,0.996268656716418,0.7903495416062363,0.0,1.0,1.0,0.6666666666666666,0.8262461437552058,0.9687235841081995,1,0.6,0,0.0,1,0.946347853064851,1,0.7401151138133205,1,0.6700740084000515,0,0.48,tested_positive,2,0.4272438374536295
324,0.1,1.0,0.08487084870848705,0.6666666666666666,0.8461538461538461,0.14099445695863333,0.14099445695863333,0.0,0.5659722222222222,1.0,0.5662012028385105,0.998,0.910933181780917,0.0037313432835820895,0.982,1.0,0.6666666666666666,0.8015826275969716,0.9677419354838711,1,0.6,1,1.0,1,0.9445304481616879,1,0.8220314710387755,1,0.8779980475244138,1,0.87,tested_negative,0,0.147573338879187
325,0.3,0.9769230769230769,0.3157894736842105,0.6666666666666666,0.3076923076923077,0.2365236643678682,0.2365236643678682,0.0,0.5659722222222222,0.0,0.4538271409839669,0.99,0.8355023348619316,0.0037313432835820895,0.99,1.0,0.6736810461445963,0.7912517675966465,0.9494614747307375,1,0.6,1,1.0,1,0.827499900210309,1,0.7578002034403003,1,0.6829473449145057,1,0.69,tested_negative,0,0.24029209190581413
326,0.5,0.9461538461538461,0.6011560693641618,1.0,0.6923076923076923,0.7466584741614732,0.7466584741614732,0.46399999999999997,0.7673611111111112,0.5,0.4691500797645801,0.9888059701492538,0.8612138042601587,0.002,0.996268656716418,1.0,0.7027027027027026,0.8440279428852968,0.9677419354838711,0,0.4,0,0.0,0,0.20251915774326212,0,0.3342340397797228,0,0.28801429317839017,0,0.45,tested_positive,6,0.7208720848831041
327,0.7,0.9923076923076923,0.7246376811594203,0.6666666666666666,0.6923076923076923,0.733982875947001,0.733982875947001,0.0,0.5659722222222222,1.0,0.5541387277998798,0.998,0.8817395065041391,0.0037313432835820895,1.0,1.0,0.6666666666666666,0.7711752286943139,0.8988235294117646,0,0.2,0,0.0,0,0.04988943041791776,0,0.12054299861356543,0,0.09047562517592594,0,0.19,tested_negative,6,0.8915153242987651
328,1.0,0.9846153846153847,0.915129151291513,0.6666666666666666,0.3076923076923077,0.8018583975884672,0.8018583975884672,0.46399999999999997,0.7673611111111112,1.0,0.5845110401895832,0.996268656716418,0.8494238356339463,0.008,1.0,1.0,0.6744920993227992,0.788905893702764,0.9825436408977556,0,0.0,0,0.0,0,0.13492781972581455,0,0.1820895693644228,0,0.17619425151979903,0,0.13,tested_positive,6,0.8961313932316606
329,0.1,0.9538461538461538,0.3988439306358381,1.0,0.7692307692307693,0.17714731563932262,0.17714731563932262,0.0,0.5659722222222222,0.0,0.4717418607343449,0.988,0.8337049733313493,0.0,0.99,1.0,0.6734785875281744,0.8744766227585148,0.9680589680589681,1,0.8,0,0.0,1,0.8880415559712066,1,0.8159207216816237,1,0.8616277555260725,1,0.67,tested_negative,1,0.32740166113684965
330,0.4,0.7076923076923076,0.04878048780487809,1.0,0.3076923076923077,0.6761451491565458,0.6761451491565458,0.0,0.5659722222222222,1.0,0.5517842584867759,0.998,0.8542184838401028,0.0037313432835820895,0.998,1.0,0.6666666666666666,0.8746120659272282,0.98989898989899,0,0.2,1,1.0,0,0.0578406209208662,0,0.4654077314543206,0,0.30120752008512414,1,0.69,tested_negative,4,0.5475906879232815
331,0.0,0.676923076923077,0.08487084870848705,0.6666666666666666,0.5384615384615384,0.11860792517934804,0.11860792517934804,0.0,0.5659722222222222,0.0,0.36184782754881306,0.9339999999999999,0.8446692926223617,0.0,0.9299999999999999,1.0,0.6825034262220192,0.8138236592516779,0.9913043478260869,1,1.0,1,1.0,1,0.9827451678049411,1,0.9256953893296822,1,0.8723772178632667,1,0.95,tested_negative,0,0.04486370416701824
332,0.2,0.9153846153846154,0.2753623188405797,0.6666666666666666,0.6153846153846154,0.255070590709883,0.255070590709883,0.46399999999999997,0.7673611111111112,1.0,0.5585538048096379,0.996268656716418,0.8676003276654133,0.002,0.9925373134328358,1.0,0.6666666666666666,0.7287294776493277,0.9158878504672897,1,0.8,1,1.0,1,0.9681287224847569,1,0.9429171593860762,1,0.8014170877954097,1,0.76,tested_positive,0,0.12125617172229297
333,0.2,0.7076923076923076,0.04878048780487809,1.0,0.3076923076923077,0.3982936461055617,0.3982936461055617,0.0,0.5659722222222222,1.0,0.5085673511790909,0.998,0.8720553105157722,0.0,0.998,1.0,0.6666666666666666,0.7996636190991729,0.9702970297029702,1,0.6,1,1.0,1,0.5653953748755943,1,0.7692327577836034,1,0.8076048244854145,1,0.9,tested_negative,0,0.2262945071425646
334,0.0,0.0,0.08487084870848705,0.6666666666666666,0.46153846153846156,0.11096766935173596,0.11096766935173596,0.0,0.5659722222222222,0.0,0.29952960610569324,0.858,0.845365206534788,0.0,0.868,1.0,0.6758620689655173,0.8122601409537539,0.9825436408977556,1,1.0,1,1.0,1,0.9911136761809616,1,0.9558166311954516,1,0.9369794508382303,1,1.0,tested_negative,0,0.019348373630892812
335,0.5,1.0,0.7246376811594203,0.6666666666666666,0.6923076923076923,0.7173590208616892,0.7173590208616892,0.0,0.5659722222222222,0.5,0.42520399349359195,0.996,0.8744222115594289,0.007462686567164179,0.998,1.0,0.6666666666666666,0.7654654370671742,0.8641114982578397,1,0.6,0,0.0,0,0.06890723045021478,0,0.2706410528062144,0,0.2178000784343878,0,0.24,tested_negative,5,0.7671086063848639
336,0.8,0.9923076923076923,0.3988439306358381,1.0,0.6923076923076923,0.6214353139808834,0.6214353139808834,0.0,0.5659722222222222,0.5,0.5517831618978728,0.998,0.8623458967890089,0.007462686567164179,0.998,1.0,0.6666666666666666,0.7948524592642612,0.9702970297029702,1,0.6,1,1.0,0,0.4380179677991532,1,0.5014975465025173,1,0.5120775247985417,0,0.34,tested_negative,2,0.43473449348329807
337,0.5,0.9538461538461538,0.6011560693641618,1.0,0.9230769230769231,0.7871774518031757,0.7871774518031757,0.46399999999999997,0.7673611111111112,0.75,0.4090115966273392,0.9925373134328358,0.9140581067750605,0.006,0.9925373134328358,1.0,0.6666666666666666,0.8323532110257112,0.9702970297029702,1,0.6,1,1.0,0,0.13115235826965677,0,0.26566623234037406,0,0.2675065392945457,1,0.53,tested_positive,3,0.5342791450159039
338,0.2,0.823076923076923,0.2753623188405797,0.6666666666666666,0.5384615384615384,0.281567882474937,0.281567882474937,0.46399999999999997,0.7673611111111112,0.25,0.48976080314532433,0.9925373134328358,0.8091656616302081,0.0,0.9738805970149254,1.0,0.7864271457085827,0.8474268024669243,0.9375,1,0.6,1,1.0,1,0.8641370441115934,1,0.7472392239323227,1,0.8490880256025511,1,0.86,tested_positive,0,0.1799226177255887
339,0.3,0.6461538461538461,0.2753623188405797,0.6666666666666666,0.46153846153846156,0.271680060729512,0.271680060729512,0.46399999999999997,0.7673611111111112,0.0,0.2980129861460127,0.9776119402985075,0.8239058761650077,0.0,0.9850746268656716,1.0,0.6666666666666666,0.7859591392674863,0.9629629629629631,1,0.8,1,1.0,1,0.9305765165138752,1,0.8858189195971482,1,0.9430208454763146,1,0.76,tested_positive,0,0.11343061973544366
340,0.1,0.9692307692307692,0.3157894736842105,0.6666666666666666,0.6923076923076923,0.13218380755447445,0.13218380755447445,0.0,0.5659722222222222,0.25,0.43370986186792515,0.986,0.8562793758385434,0.0037313432835820895,0.952,1.0,0.6758620689655173,0.7950403095484019,0.9542048293089092,1,1.0,1,1.0,1,0.9560101030638157,1,0.848458236105147,1,0.9154771703209504,1,0.97,tested_negative,0,0.05167574841834777
341,0.0,0.7076923076923076,0.04878048780487809,1.0,0.3076923076923077,0.1289982641244226,0.1289982641244226,0.0,0.5659722222222222,0.0,0.362680097252309,0.978,0.8111106026278823,0.0,0.982,1.0,0.7027027027027026,0.8421638071806172,0.9825436408977556,1,1.0,1,1.0,1,0.9590602902607908,1,0.911030270216663,1,0.874678958854436,1,0.95,tested_negative,0,0.05087174677801842
342,0.0,0.8846153846153846,0.08487084870848705,0.6666666666666666,0.6923076923076923,0.12206763696811973,0.12206763696811973,0.0,0.5659722222222222,0.0,0.3292941323231168,0.976,0.7756639231362623,0.0,0.996,1.0,0.6666666666666666,0.7779966710792254,0.9447650453421269,1,1.0,1,1.0,1,0.9628647508498731,1,0.9965884832506521,1,0.6697227687410449,1,0.84,tested_negative,0,0.08847066619307176
343,0.3,0.8923076923076922,0.3988439306358381,1.0,0.8461538461538461,0.2398652089211275,0.2398652089211275,0.0,0.5659722222222222,0.2,0.4457674779633948,0.996,0.9163423902519877,0.0,0.992,1.0,0.6666666666666666,0.791381014883538,0.9044988161010259,1,0.6,0,0.0,1,0.8032824429019361,1,0.6843944446240078,1,0.6374040299808338,1,0.56,tested_negative,1,0.4524865137488704
344,0.2,0.9538461538461538,0.3988439306358381,1.0,0.6923076923076923,0.3753379738321936,0.3753379738321936,0.0,0.5659722222222222,0.0,0.3504176038153686,0.982,0.830873492781113,0.0,0.99,1.0,0.6666666666666666,0.8171862251292734,0.9825436408977556,1,0.6,0,0.0,1,0.6270548410439962,1,0.5658887000833206,1,0.6998879683910646,1,0.72,tested_negative,1,0.4645280817469365
345,0.5,0.8923076923076922,0.3988439306358381,1.0,0.8461538461538461,0.6081290715633247,0.6081290715633247,0.0,0.5659722222222222,0.5,0.49018176482215936,0.994,0.8347441822471298,0.014925373134328358,1.0,1.0,0.7227866473149492,0.8396104742178083,0.9333333333333333,1,0.6,1,1.0,0,0.3366799469374118,0,0.42796870833087897,0,0.3641381829603542,0,0.46,tested_negative,4,0.4685355269618925
346,0.0,0.9923076923076923,0.3157894736842105,0.6666666666666666,0.5384615384615384,0.17513269716530877,0.17513269716530877,0.0,0.5659722222222222,0.0,0.36893623939099707,0.952,0.7806316597648943,0.0,0.984,1.0,0.6758620689655173,0.810764359192781,0.9991281604184831,1,1.0,0,0.0,1,0.8965683083135039,1,0.6493674093068977,1,0.71603016997541,1,0.77,tested_negative,1,0.3280056854006981
347,0.4,0.0,0.08487084870848705,0.6666666666666666,0.46153846153846156,0.17833561460628167,0.17833561460628167,0.0,0.5659722222222222,0.5,0.37536328942737796,0.996,0.9076869619705837,0.007462686567164179,0.99,1.0,0.6666666666666666,0.7495048713192882,0.9184149184149184,0,0.4,1,1.0,1,0.9253322469191132,1,0.8048304233341205,1,0.6052830469391761,1,0.85,tested_negative,1,0.2357590471345984
348,0.0,0.0,0.08487084870848705,0.6666666666666666,0.46153846153846156,0.11254841080661482,0.11254841080661482,0.0,0.5659722222222222,0.0,0.36727018153811486,0.972,0.868066025330162,0.0,0.922,1.0,0.7068285759343952,0.8272235419313604,0.9974683544303797,1,1.0,1,1.0,1,0.9903529466428127,1,0.9456098146963643,1,0.9281501573369687,1,0.97,tested_negative,0,0.027647846887309147
349,0.9,0.9923076923076923,0.6011560693641618,1.0,0.38461538461538464,0.782956613680438,0.782956613680438,0.46399999999999997,0.7673611111111112,0.5,0.44450688418876205,0.9925373134328358,0.7880786360007438,0.0,0.996268656716418,1.0,0.6666666666666666,0.803336314044496,0.9677419354838711,0,0.2,1,1.0,0,0.19216919214431044,0,0.012331795583000427,0,0.41316221245926843,0,0.29,tested_positive,5,0.6487227999689034
350,0.1,0.7846153846153846,0.3988439306358381,1.0,0.6153846153846154,0.1671341049718693,0.1671341049718693,0.0,0.5659722222222222,0.0,0.44652245792597944,0.994,0.8741085621775514,0.0,0.998,1.0,0.6666666666666666,0.7783311001212212,0.9680589680589681,1,1.0,0,0.0,1,0.8854287402444653,1,0.7483351801841278,1,0.8186198111868285,1,0.81,tested_negative,1,0.28960271139742977
351,0.1,0.8846153846153846,0.7246376811594203,0.6666666666666666,0.6923076923076923,0.23302409668170843,0.23302409668170843,0.0,0.5659722222222222,0.0,0.48929880116372404,0.994,0.8950528977257414,0.0037313432835820895,0.992,1.0,0.6666666666666666,0.7793768936076542,0.957393483709273,1,0.8,1,1.0,1,0.8008449695198684,1,0.6712476827529121,1,0.6675551521691168,1,0.58,tested_negative,0,0.24672536592635053
352,0.2,0.9923076923076923,0.3988439306358381,1.0,0.7692307692307693,0.1474787050493448,0.1474787050493448,0.0,0.5659722222222222,0.0,0.42004957598754367,0.994,0.8225750157053138,0.0,0.996,1.0,0.6666666666666666,0.8350138705231742,0.98989898989899,1,0.8,1,1.0,1,0.9068347159463409,1,0.9428921758549452,1,0.8342867481435253,1,0.7,tested_negative,0,0.13599772667586463
353,0.0,0.0,0.08487084870848705,0.6666666666666666,0.46153846153846156,0.11526844240377343,0.11526844240377343,0.0,0.5659722222222222,0.0,0.41082607610350463,0.966,0.8816122197079695,0.0,0.902,1.0,0.6933830382106243,0.8166580097202177,0.9753191489361701,1,1.0,1,1.0,1,0.9860432611824745,1,0.9397107731982584,1,0.9112438839967485,1,0.97,tested_negative,0,0.03216701360375318
354,0.3,0.9846153846153847,0.08487084870848705,0.6666666666666666,0.6923076923076923,0.14834104978973517,0.14834104978973517,0.0,0.5659722222222222,0.5,0.5683366676230849,0.998,0.9063154525326442,0.0037313432835820895,0.996,1.0,0.6666666666666666,0.771167810615287,0.9586374695863747,1,0.8,0,0.0,1,0.9322626818762234,1,0.7676258525562643,1,0.8652872761412728,1,0.69,tested_negative,1,0.32413736490437317
355,0.4,0.9461538461538461,0.2753623188405797,0.6666666666666666,0.5384615384615384,0.2938811200584994,0.2938811200584994,0.46399999999999997,0.7673611111111112,0.0,0.46277632545457825,0.9850746268656716,0.9084927657069878,0.0,0.9888059701492538,1.0,0.6666666666666666,0.790196133512706,0.9703640982218459,1,0.6,0,0.0,1,0.8537532115570292,1,0.7398727009899669,1,0.7414641430384711,1,0.75,tested_positive,1,0.3858183240690888
356,0.5,1.0,0.915129151291513,0.6666666666666666,0.6923076923076923,0.5953250728270587,0.5953250728270587,0.46399999999999997,0.7673611111111112,1.0,0.6276128718778913,0.996268656716418,0.9122847690224022,0.002,0.996268656716418,1.0,0.7027027027027026,0.8412619153562552,0.9421487603305786,1,0.8,0,0.0,0,0.38291684358518924,0,0.39400065832218817,0,0.39948514554143977,1,0.53,tested_positive,4,0.5822662254251971
357,0.4,0.823076923076923,0.2753623188405797,0.6666666666666666,0.5384615384615384,0.25081524412677714,0.25081524412677714,0.46399999999999997,0.7673611111111112,0.0,0.4011495787962128,0.9888059701492538,0.6906705217959275,0.0,0.996268656716418,1.0,0.6666666666666666,0.8062634052978085,1.0,1,0.6,0,0.0,1,0.9759912893469446,1,0.9111215900135539,1,0.6609873405437395,1,0.66,tested_positive,1,0.3653166300159604
358,0.3,0.9538461538461538,0.3988439306358381,1.0,0.6923076923076923,0.5895966202345025,0.5895966202345025,0.0,0.5659722222222222,0.5,0.5580129316962626,0.998,0.8863297193283182,0.0037313432835820895,0.996,1.0,0.7005649717514125,0.83213961116567,0.9514563106796117,0,0.4,1,1.0,0,0.3493494312460787,1,0.6196970321960228,1,0.671679315177999,1,0.69,tested_negative,2,0.3782123702299832
359,0.2,0.6461538461538461,0.2753623188405797,0.6666666666666666,0.46153846153846156,0.25054269794315454,0.25054269794315454,0.46399999999999997,0.7673611111111112,0.0,0.39695073660179614,0.9776119402985075,0.7934842552041157,0.0,0.9850746268656716,1.0,0.66893039049236,0.8117573824635486,0.9090909090909091,1,1.0,1,1.0,1,0.9795824132661959,1,0.8326431059589326,1,0.9101933723247206,1,0.84,tested_positive,0,0.07293018474169177
360,0.3,0.6461538461538461,0.2753623188405797,0.6666666666666666,0.46153846153846156,0.25274542432617897,0.25274542432617897,0.46399999999999997,0.7673611111111112,0.0,0.47475715003771735,0.9813432835820896,0.7660078587992989,0.0,0.996268656716418,1.0,0.6852173913043479,0.8630193870250584,0.957393483709273,1,1.0,1,1.0,1,0.9873551251738025,1,0.8355530118724009,1,0.9006505979602143,1,0.77,tested_positive,0,0.0844068774989305
361,0.5,0.9769230769230769,0.3157894736842105,0.6666666666666666,0.38461538461538464,0.5749329814499535,0.5749329814499535,0.0,0.5659722222222222,0.3333333333333333,0.3727731385257911,0.994,0.8810815123652015,0.0,0.992,1.0,0.6666666666666666,0.7879818244981542,0.9803250641573996,1,0.6,1,1.0,0,0.34348217202670883,0,0.29139336564774554,0,0.3124178153524815,1,0.56,tested_negative,3,0.48211777449551063
362,0.2,0.8923076923076922,0.3988439306358381,1.0,0.8461538461538461,0.5376254129840348,0.5376254129840348,0.0,0.5659722222222222,0.0,0.48529406052962776,0.996,0.7866918095892307,0.0,1.0,1.0,0.6666666666666666,0.7999785875139939,0.977667493796526,1,0.6,1,1.0,0,0.38300546889079584,1,0.6744909399649576,1,0.755984512135095,1,0.64,tested_negative,1,0.3244198465015252
363,0.5,0.823076923076923,0.2753623188405797,0.6666666666666666,0.5384615384615384,0.38371457197351355,0.38371457197351355,0.46399999999999997,0.7673611111111112,0.5,0.527007486283078,0.996268656716418,0.8967083879726463,0.004,0.9925373134328358,1.0,0.6666666666666666,0.7669424154218972,0.85331347728965,1,0.6,1,1.0,1,0.728215676435225,1,0.8139262928360443,1,0.7510003406151705,1,0.72,tested_positive,0,0.23114294835226
364,0.5,0.8846153846153846,0.7246376811594203,0.6666666666666666,0.6923076923076923,0.6155037365569047,0.6155037365569047,0.0,0.5659722222222222,1.0,0.5457853158663359,0.998,0.865969860643361,0.007462686567164179,0.996,1.0,0.7312775330396475,0.8413861272958747,0.9230769230769229,1,0.6,1,1.0,0,0.4171692355320266,1,0.5688112880663436,1,0.5474262531042005,0,0.45,tested_negative,2,0.4027655372162382
365,0.1,0.7846153846153846,0.3988439306358381,1.0,0.6153846153846154,0.1578336618408338,0.1578336618408338,0.0,0.5659722222222222,0.0,0.4658102905952022,0.99,0.8267516604237626,0.0,0.992,1.0,0.7202323330106486,0.8737725593363601,0.9974683544303797,1,0.8,1,1.0,1,0.9212816633216643,1,0.763997589839269,1,0.8251114520874677,1,0.76,tested_negative,0,0.15493488245859988
366,0.8,1.0,0.6011560693641618,1.0,1.0,0.8295838964636547,0.8295838964636547,0.46399999999999997,0.7673611111111112,1.0,0.5388232794783121,0.996268656716418,0.9152995094410623,0.008,1.0,1.0,0.6666666666666666,0.8153438068873999,0.9820051413881749,0,0.2,0,0.0,0,0.0851947862200222,0,0.24307700335678387,0,0.26193708512395514,0,0.36,tested_positive,6,0.8082985208832064
367,0.0,0.0,0.08487084870848705,0.6666666666666666,0.46153846153846156,0.10992642773898609,0.10992642773898609,0.0,0.5659722222222222,0.0,0.20757756349186585,0.844,0.8284888866540769,0.0,0.914,1.0,0.6666666666666666,0.7918265471512362,0.9874686716791982,1,1.0,1,1.0,1,0.9900673583260063,1,0.9590733117369651,1,0.8986739590517587,1,0.99,tested_negative,0,0.027030895147544864
368,0.0,0.0,0.08487084870848705,0.6666666666666666,0.46153846153846156,0.11436376436587592,0.11436376436587592,0.0,0.5659722222222222,0.0,0.33073412500162436,0.89,0.8013693651044048,0.0,0.964,1.0,0.6758620689655173,0.7989956887709248,0.9803250641573996,1,1.0,1,1.0,1,0.9814222234432488,1,0.9587017054749702,1,0.9153176430936343,1,0.91,tested_negative,0,0.03909307133135764
369,0.5,0.9846153846153847,0.2753623188405797,0.6666666666666666,0.6923076923076923,0.5792610708947252,0.5792610708947252,0.46399999999999997,0.7673611111111112,0.0,0.39840497116472906,0.9850746268656716,0.7600325841122094,0.0,0.996268656716418,1.0,0.6969367127973877,0.8274992370264657,0.98989898989899,1,0.6,0,0.0,0,0.3568782179586642,0,0.2003272271403417,0,0.28137580362937703,0,0.45,tested_positive,5,0.6852364585452695
370,0.3,0.6461538461538461,0.2753623188405797,0.6666666666666666,0.46153846153846156,0.24529738740232288,0.24529738740232288,0.46399999999999997,0.7673611111111112,0.5,0.49942412521114876,0.9925373134328358,0.7657303753146576,0.002,0.996268656716418,1.0,0.7050359712230216,0.782301817999317,0.8888888888888888,1,0.6,0,0.0,1,0.9999969380287208,1,0.9080842259632207,0,0.44684757375452344,1,0.73,tested_positive,2,0.38584521037558916
371,0.1,0.8692307692307693,0.08487084870848705,0.6666666666666666,0.5384615384615384,0.1542982188195111,0.1542982188195111,0.0,0.5659722222222222,0.0,0.4620058544831124,0.996,0.711752581484344,0.0,0.998,1.0,0.6666666666666666,0.7853712689960871,0.9421487603305786,1,0.8,0,0.0,0,0.23214541631264143,1,0.9407542948601256,1,0.54382844160654,1,0.73,tested_negative,2,0.4588786412034488
372,0.1,0.9461538461538461,0.08487084870848705,0.6666666666666666,0.5384615384615384,0.12153938560303645,0.12153938560303645,0.0,0.5659722222222222,0.0,0.4481649168016436,0.986,0.8848035509199392,0.0,0.966,1.0,0.6666666666666666,0.8073089002371954,0.9421487603305786,1,1.0,1,1.0,1,0.9662188713841549,1,0.9006534556178051,1,0.8973217386638205,1,0.86,tested_negative,0,0.06263432238903655
373,0.0,0.676923076923077,0.08487084870848705,0.6666666666666666,0.5384615384615384,0.14725793826841893,0.14725793826841893,0.0,0.5659722222222222,0.0,0.3621314194493398,0.964,0.8333242466558216,0.0,0.968,1.0,0.6949914715459762,0.8236284181757035,0.9913043478260869,1,1.0,1,1.0,1,0.9318823754012391,1,0.8269130116275656,1,0.8366351578796563,1,0.82,tested_negative,0,0.0974282425152565
374,0.6,0.9769230769230769,0.08487084870848705,0.6666666666666666,0.6923076923076923,0.3683310989350047,0.3683310989350047,0.0,0.5659722222222222,1.0,0.630956888021094,0.998,0.904481964602367,0.007462686567164179,1.0,1.0,0.7368421052631579,0.8330223158190274,0.957983193277311,0,0.2,0,0.0,1,0.6421985073297606,1,0.565099522724057,1,0.5903721321560716,0,0.35,tested_negative,3,0.608721639631685
375,0.0,0.823076923076923,0.2753623188405797,0.6666666666666666,0.5384615384615384,0.2468981703888713,0.2468981703888713,0.46399999999999997,0.7673611111111112,0.0,0.42333441071575606,0.9589552238805971,0.7113938121890337,0.0,0.996268656716418,1.0,0.7027027027027026,0.8149589213658437,0.9405815423514539,1,1.0,1,1.0,1,0.9913822724830523,1,0.7978145413473148,1,0.7725386153126338,1,0.63,tested_positive,0,0.13471076180949992
376,0.0,0.0,0.08487084870848705,0.6666666666666666,0.46153846153846156,0.11388580576335205,0.11388580576335205,0.0,0.5659722222222222,0.0,0.3961510213656665,0.96,0.8570723593807074,0.0,0.9319999999999999,1.0,0.6666666666666666,0.791949593529536,0.9974683544303797,1,1.0,1,1.0,1,0.9835881355977708,1,0.9626892917091152,1,0.8876602517250388,1,0.99,tested_negative,0,0.0293437201613459
377,0.2,0.9461538461538461,0.08487084870848705,0.6666666666666666,0.5384615384615384,0.13244536892226844,0.13244536892226844,0.0,0.5659722222222222,0.3333333333333333,0.4293211797573875,0.996,0.9045200863409021,0.0,0.98,1.0,0.6758620689655173,0.8175328006182566,0.9743589743589742,1,0.8,0,0.0,1,0.9541762776706093,1,0.8698592557265458,1,0.9181697002261088,1,0.86,tested_negative,1,0.26629912772945596
378,0.6,0.9692307692307692,0.2753623188405797,0.6666666666666666,0.46153846153846156,0.4066628043106256,0.4066628043106256,0.46399999999999997,0.7673611111111112,0.0,0.37907336928485047,0.9888059701492538,0.8136796951478799,0.0,0.9925373134328358,1.0,0.6666666666666666,0.7545237890473404,0.8636363636363636,1,0.6,1,1.0,1,0.6134281954495353,1,0.8364872795251492,1,0.7810117565829217,1,0.65,tested_positive,0,0.25317879474039895
379,0.6,0.9846153846153847,0.3988439306358381,1.0,0.5384615384615384,0.49545079164689065,0.49545079164689065,0.0,0.5659722222222222,0.0,0.48336380740866636,0.996,0.8179874292079332,0.0037313432835820895,0.996,1.0,0.6666666666666666,0.8111790039350034,0.9728395061728394,0,0.4,1,1.0,1,0.5635460832216272,1,0.7735661585064905,1,0.5676063865556891,1,0.69,tested_negative,1,0.3342135619526989
380,0.3,0.8692307692307693,0.08487084870848705,0.6666666666666666,0.5384615384615384,0.15041756553715213,0.15041756553715213,0.0,0.5659722222222222,0.3333333333333333,0.4972290050734538,0.996,0.8814214661687327,0.0,0.974,1.0,0.6950354609929077,0.8470056272708013,1.0,1,0.8,1,1.0,1,0.9286561858898842,1,0.8270904227174657,1,0.8453165681712711,1,0.86,tested_negative,0,0.12315613720356311
381,0.0,0.0,0.08487084870848705,0.6666666666666666,0.46153846153846156,0.11042383592834115,0.11042383592834115,0.0,0.5659722222222222,0.0,0.22680904420679238,0.922,0.8419160752213484,0.0,0.938,1.0,0.6666666666666666,0.7922272262746248,0.9680589680589681,1,1.0,1,1.0,1,0.9920598493973606,1,0.9600571373642345,1,0.9144061505913192,1,0.99,tested_negative,0,0.023912810441180876
382,0.0,0.8692307692307693,0.08487084870848705,0.6666666666666666,0.5384615384615384,0.14959532172082268,0.14959532172082268,0.0,0.5659722222222222,0.0,0.3258528645449248,0.976,0.7931667141783934,0.0,0.994,1.0,0.6666666666666666,0.8329046216775101,0.9743589743589742,1,1.0,1,1.0,1,0.9372670836667774,1,0.8814019427593867,1,0.9097431307683812,1,0.94,tested_negative,0,0.05526464046757573
383,0.0,0.8692307692307693,0.08487084870848705,0.6666666666666666,0.5384615384615384,0.16640171140362892,0.16640171140362892,0.0,0.5659722222222222,0.0,0.38774703184483106,0.972,0.7878607552244155,0.0,0.99,1.0,0.7027027027027026,0.8471709311604477,0.9741360573788307,1,1.0,1,1.0,1,0.917680957927778,1,0.9091262974564881,1,0.8828480111611402,1,0.99,tested_negative,0,0.050057455575765686
384,0.1,0.0,0.08487084870848705,0.6666666666666666,0.46153846153846156,0.1264806306159567,0.1264806306159567,0.0,0.5659722222222222,0.3333333333333333,0.48884566048187716,0.994,0.8759593231039218,0.0,0.944,1.0,0.694130401115069,0.8073790700367471,0.9294403892944039,1,0.8,1,1.0,1,0.9609481919009033,1,0.893888259434595,1,0.8359858022303672,1,0.87,tested_negative,0,0.10652962440568903
385,0.0,0.0,0.08487084870848705,0.6666666666666666,0.46153846153846156,0.11592551869477363,0.11592551869477363,0.0,0.5659722222222222,0.0,0.3959950924821092,0.9319999999999999,0.8432630483506494,0.0,0.9319999999999999,1.0,0.6907073509015257,0.7932430335664169,0.9743589743589745,1,1.0,1,1.0,1,0.9763102359808917,1,0.9003653319221935,1,0.8866735317841709,1,0.99,tested_negative,0,0.04110848338545736
386,0.9,0.9769230769230769,0.6011560693641618,1.0,0.6923076923076923,0.7713332372580907,0.7713332372580907,0.46399999999999997,0.7673611111111112,1.0,0.5732668858390881,0.996268656716418,0.8510294783081109,0.008,1.0,1.0,0.6666666666666666,0.8628103642201875,0.9836065573770493,0,0.2,0,0.0,0,0.16543507842539623,0,0.31811315150198183,0,0.3112304728798692,0,0.43,tested_positive,6,0.7625368828654588
387,0.9,1.0,0.6011560693641618,1.0,0.8461538461538461,0.43264627715917814,0.43264627715917814,0.46399999999999997,0.7673611111111112,1.0,0.5510681531161469,0.996268656716418,0.8168709292037037,0.006,1.0,1.0,0.6666666666666666,0.8313488002375651,0.98989898989899,0,0.0,0,0.0,1,0.6048188590583252,0,0.43122975537880104,0,0.21230627515147057,0,0.26,tested_positive,5,0.7486075184019005
388,0.6,0.823076923076923,0.2753623188405797,0.6666666666666666,0.5384615384615384,0.3068421770606722,0.3068421770606722,0.46399999999999997,0.7673611111111112,0.5,0.45808110445446504,0.9888059701492538,0.7898039334310064,0.002,0.9850746268656716,1.0,0.7476230191826523,0.8563762042826082,0.9447650453421269,0,0.4,1,1.0,1,0.892621712602809,1,0.5172304577192778,1,0.5088633643321651,1,0.61,tested_positive,1,0.3452140775576248
389,0.3,1.0,0.08487084870848705,0.6666666666666666,0.6923076923076923,0.17353016974458635,0.17353016974458635,0.0,0.5659722222222222,1.0,0.6858208859681283,0.998,0.9232885674195,0.0037313432835820895,0.992,1.0,0.7188405797101449,0.8613481607619988,0.9924433249370277,1,0.8,0,0.0,1,0.8606893425583487,1,0.7610165582161175,1,0.667101274647799,1,0.62,tested_negative,1,0.38186547076295574
390,0.6,0.9923076923076923,0.3988439306358381,1.0,0.6923076923076923,0.1927536856624803,0.1927536856624803,0.0,0.5659722222222222,1.0,0.5613260232461978,0.998,0.8533933535034046,0.007462686567164179,0.998,1.0,0.7027027027027026,0.8797511112892772,0.9924433249370277,0,0.0,0,0.0,1,0.8713676451146267,1,0.8830113176001555,1,0.6876663561987425,1,0.54,tested_negative,2,0.5029924468477458
391,0.4,0.6461538461538461,0.2753623188405797,0.6666666666666666,0.46153846153846156,0.3630539542120219,0.3630539542120219,0.46399999999999997,0.7673611111111112,0.3333333333333333,0.3613730703287805,0.9888059701492538,0.8419329706082255,0.0,0.9925373134328358,1.0,0.6666666666666666,0.7561411522718278,0.896551724137931,1,0.8,1,1.0,1,0.6843880591351373,1,0.8485180689934759,1,0.8828680117005543,1,0.76,tested_positive,0,0.17070431002847208
392,0.0,0.9076923076923077,0.3157894736842105,0.6666666666666666,0.3076923076923077,0.5068822242106725,0.5068822242106725,0.0,0.5659722222222222,0.0,0.3522233420366835,0.968,0.7209437854869851,0.0,0.99,1.0,0.6666666666666666,0.819682121385935,0.9453621346886911,1,0.6,1,1.0,0,0.24240379409947466,1,0.875637232009107,1,0.7466063002006893,1,0.94,tested_negative,1,0.26589211228178833
393,0.2,0.7076923076923076,0.04878048780487809,1.0,0.3076923076923077,0.13333417341493659,0.13333417341493659,0.0,0.5659722222222222,0.0,0.40332458190127174,0.99,0.8240497735720562,0.0,0.992,1.0,0.7230320699708455,0.8291343489705247,0.9184149184149184,1,0.8,1,1.0,1,0.9553284831827876,1,0.8641220820469564,1,0.8783559871869596,1,0.9,tested_negative,0,0.10036557459721607
394,0.5,0.6461538461538461,0.2753623188405797,0.6666666666666666,0.46153846153846156,0.45107623283086906,0.45107623283086906,0.46399999999999997,0.7673611111111112,0.0,0.4874665594026264,0.9925373134328358,0.836654608711528,0.0,0.9925373134328358,1.0,0.6666666666666666,0.7917376748481357,0.9309504467912266,0,0.4,1,1.0,1,0.5586746747512225,1,0.642581249578702,1,0.7403570139305056,1,0.75,tested_positive,1,0.3180645102899283
395,0.3,0.8692307692307693,0.08487084870848705,0.6666666666666666,0.5384615384615384,0.7207531926180157,0.7207531926180157,0.0,0.5659722222222222,0.5,0.5194873382478687,0.998,0.8150025913909993,0.0037313432835820895,0.998,1.0,0.7050359712230216,0.8676920897260051,0.9913043478260869,1,0.6,1,1.0,0,0.01355338781545179,1,0.5029783764786693,0,0.36513907907410853,1,0.64,tested_negative,2,0.47972152610529506
396,0.1,0.7076923076923076,0.04878048780487809,1.0,0.3076923076923077,0.17721368371637303,0.17721368371637303,0.0,0.5659722222222222,0.0,0.3415803162255664,0.98,0.7182145859947686,0.0,0.996,1.0,0.7432567432567433,0.8950292358321771,0.9913043478260869,1,1.0,1,1.0,1,0.8653024809131293,1,0.8455128148971034,1,0.7977530997111505,1,0.84,tested_negative,0,0.1085719340797695
397,0.8,1.0,0.2753623188405797,0.6666666666666666,0.9230769230769231,0.8195272514752163,0.8195272514752163,0.46399999999999997,0.7673611111111112,1.0,0.7796436322527678,0.996268656716418,0.9550137719404428,0.01,1.0,1.0,0.6666666666666666,0.7813247793701252,0.9268292682926829,0,0.2,0,0.0,0,0.11409152987526001,0,0.22585085363021054,0,0.15652144305947602,0,0.19,tested_positive,6,0.8522560289058423
398,0.0,0.0,0.08487084870848705,0.6666666666666666,0.46153846153846156,0.11065926743385046,0.11065926743385046,0.0,0.5659722222222222,0.0,0.34202283586290994,0.922,0.8263952456387043,0.0,0.97,1.0,0.6666666666666666,0.7828016621332399,0.9227166276346606,1,1.0,1,1.0,1,0.9916822887819225,1,0.9684869855294739,1,0.8912424916820614,1,0.97,tested_negative,0,0.02976470566775713
399,0.4,1.0,0.2753623188405797,0.6666666666666666,0.6923076923076923,0.3143692728665487,0.3143692728665487,0.46399999999999997,0.7673611111111112,1.0,0.5483722765092967,0.996268656716418,0.8729887656231263,0.002,1.0,1.0,0.6666666666666666,0.7895937493797304,0.9836065573770493,1,0.6,0,0.0,1,0.802567264765989,1,0.8250079013434886,1,0.7390176865695974,1,0.66,tested_positive,1,0.3955678578868208
400,0.9,1.0,0.6011560693641618,1.0,0.6923076923076923,0.866155851567684,0.866155851567684,0.46399999999999997,0.7673611111111112,0.6666666666666666,0.5045609415301521,0.996268656716418,0.9149258126092739,0.02,0.996268656716418,1.0,0.6666666666666666,0.8118274643101919,0.9825436408977556,0,0.2,0,0.0,0,0.04685608116543589,0,0.12779708309445229,0,0.16003393592185144,0,0.09,tested_positive,6,0.8958854833030434
401,0.5,0.9692307692307692,0.3157894736842105,0.6666666666666666,0.6923076923076923,0.28901175154796244,0.28901175154796244,0.0,0.5659722222222222,1.0,0.6651360864901106,0.998,0.9298787916410147,0.0037313432835820895,0.998,1.0,0.6666666666666666,0.8179822281685358,0.9661016949152541,0,0.2,0,0.0,1,0.7373447329896408,1,0.5988270870834076,0,0.46572016495344326,1,0.55,tested_negative,3,0.5746846691622514
402,0.8,0.9846153846153847,0.2753623188405797,0.6666666666666666,0.8461538461538461,0.5845637733277376,0.5845637733277376,0.46399999999999997,0.7673611111111112,1.0,0.5900530316879538,0.996268656716418,0.8671025704716009,0.012,1.0,1.0,0.7083926031294452,0.8182638950072864,0.9002356637863316,0,0.2,1,1.0,0,0.42750471739971746,0,0.46095567706271995,0,0.45660117488097557,0,0.33,tested_positive,5,0.5208230717760978
403,0.2,0.7846153846153846,0.3988439306358381,1.0,0.6153846153846154,0.19414621712997115,0.19414621712997115,0.0,0.5659722222222222,0.0,0.42097964044191294,0.988,0.839295503492733,0.0,0.99,1.0,0.6666666666666666,0.8349593807419059,0.9510373443983402,1,0.8,1,1.0,1,0.8657208897094049,1,0.8888732350731963,1,0.8476772590831816,1,0.9,tested_negative,0,0.11628810268903622
404,0.3,0.9153846153846154,0.2753623188405797,0.6666666666666666,0.6153846153846154,0.3973124471312508,0.3973124471312508,0.46399999999999997,0.7673611111111112,0.3333333333333333,0.5157753231065874,0.996268656716418,0.8806247322616843,0.0,0.996268656716418,1.0,0.6666666666666666,0.8042755251260317,0.9421487603305786,1,0.6,1,1.0,1,0.6408622302218984,1,0.7235376418875911,1,0.8266543166629794,1,0.78,tested_positive,0,0.23815763520458855
405,0.4,0.9769230769230769,0.08487084870848705,0.6666666666666666,0.6923076923076923,0.2923006711489904,0.2923006711489904,0.0,0.5659722222222222,0.5,0.5249995049933356,0.998,0.8594619151965319,0.007462686567164179,1.0,1.0,0.7153284671532846,0.8249190836613238,0.9677419354838711,0,0.4,1,1.0,1,0.7743337651966721,1,0.5196076856363272,1,0.5548766509857648,1,0.56,tested_negative,1,0.365196983030206
406,0.5,0.9538461538461538,0.6011560693641618,1.0,0.9230769230769231,0.8164382403182796,0.8164382403182796,0.46399999999999997,0.7673611111111112,0.0,0.3994767158381728,0.9925373134328358,0.9114226083723049,0.002,0.9925373134328358,1.0,0.6666666666666666,0.8366464592309977,0.995655951346655,1,0.6,1,1.0,0,0.09220048991498586,0,0.20827452724480525,0,0.24481857098603169,0,0.47,tested_positive,4,0.5641177353090294
407,0.0,0.0,0.08487084870848705,0.6666666666666666,0.46153846153846156,0.11252603250830806,0.11252603250830806,0.0,0.5659722222222222,0.0,0.3938580586676699,0.964,0.8751472240391583,0.0,0.954,1.0,0.6666666666666666,0.7831087710392513,0.9874686716791982,1,1.0,1,1.0,1,0.9888373470755323,1,0.9534685534449984,1,0.910296729080442,1,0.95,tested_negative,0,0.03289956173317121
408,0.3,0.9230769230769231,0.6842105263157895,0.6666666666666666,0.5384615384615384,0.24889398506001836,0.24889398506001836,0.46399999999999997,0.7673611111111112,0.0,0.4146709429131742,0.9850746268656716,0.7448731260872996,0.0,0.9925373134328358,1.0,0.6666666666666666,0.8245149922897462,0.9922514943546602,1,0.8,1,1.0,1,0.9947548850989009,1,0.9438979003527901,1,0.8012742273498656,1,0.54,tested_positive,0,0.15334549786640717
409,0.5,0.6461538461538461,0.2753623188405797,0.6666666666666666,0.46153846153846156,0.2453293570709898,0.2453293570709898,0.46399999999999997,0.7673611111111112,1.0,0.5616769524509978,0.996268656716418,0.8506754725375104,0.002,1.0,1.0,0.7027027027027026,0.7804723412754025,0.9119999999999999,0,0.4,1,1.0,1,0.9985035855702689,1,0.676191335123752,0,0.29261874855855025,1,0.63,tested_positive,2,0.33378105512457157
410,0.3,0.9,0.08487084870848705,0.6666666666666666,0.6153846153846154,0.2681490560136697,0.2681490560136697,0.0,0.5659722222222222,0.0,0.41307459111557154,0.984,0.7855491585799176,0.0,0.998,1.0,0.6666666666666666,0.8364944717271227,0.9825436408977556,0,0.4,1,1.0,1,0.7649507820958777,1,0.7076228518049485,1,0.5462887114814705,1,0.58,tested_negative,1,0.3335229424362839
411,0.2,0.9,0.08487084870848705,0.6666666666666666,0.6153846153846154,0.17416552066379232,0.17416552066379232,0.0,0.5659722222222222,0.25,0.33343436953303374,0.996,0.8943269022280359,0.007462686567164179,0.978,1.0,0.7027027027027026,0.8368362745799995,1.0,1,1.0,0,0.0,1,0.9081940572113154,1,0.8349329614177978,1,0.870833889967807,1,0.77,tested_negative,1,0.26933984856717996
412,0.3,0.9846153846153847,0.7246376811594203,0.6666666666666666,0.6153846153846154,0.7204352709268177,0.7204352709268177,0.0,0.5659722222222222,0.0,0.40766345922533187,0.996,0.7998207283024734,0.0037313432835820895,0.998,1.0,0.6758620689655173,0.8215074116506142,0.9441752685906889,0,0.4,1,1.0,0,0.10956935761638115,0,0.3849383458922343,0,0.42049805427544457,1,0.53,tested_negative,4,0.5258323737026567
413,0.1,0.9,0.3157894736842105,0.6666666666666666,0.46153846153846156,0.14488685934878998,0.14488685934878998,0.0,0.5659722222222222,0.0,0.4422791003265215,0.986,0.852868734678967,0.0,0.958,1.0,0.6666666666666666,0.7879541623736247,0.9589958158995816,1,0.8,1,1.0,1,0.9377425522230467,1,0.793212975731773,1,0.8810305245765859,1,0.94,tested_negative,0,0.10800232457809911
414,0.6,0.9307692307692308,0.2753623188405797,0.6666666666666666,0.38461538461538464,0.7462398400737456,0.7462398400737456,0.46399999999999997,0.7673611111111112,0.5,0.5510557263529686,0.996268656716418,0.8793960436375898,0.012,0.9925373134328358,1.0,0.6666666666666666,0.8152890643071646,0.9743589743589742,0,0.2,0,0.0,0,0.2004871138193355,0,0.3709814287714486,0,0.3039041416968266,0,0.41,tested_positive,6,0.7524378859520648
415,0.5,0.9692307692307692,0.2753623188405797,0.6666666666666666,0.6923076923076923,0.24722048614981162,0.24722048614981162,0.46399999999999997,0.7673611111111112,1.0,0.5336265831568334,0.996268656716418,0.8228314584977966,0.0,1.0,1.0,0.6758620689655173,0.8027855185238495,0.9523809523809523,1,0.8,1,1.0,1,0.9991374934434035,1,0.6482745916586782,1,0.7216948800044845,1,0.78,tested_positive,0,0.17514883914890556
416,0.0,0.8692307692307693,0.08487084870848705,0.6666666666666666,0.5384615384615384,0.14599769077792724,0.14599769077792724,0.0,0.5659722222222222,0.0,0.4097844576254097,0.972,0.8100751442044627,0.0,0.98,1.0,0.6666666666666666,0.8432941957231769,0.9924433249370277,1,1.0,1,1.0,1,0.8989650787746984,1,0.8621810158493151,1,0.7941413714962722,1,0.96,tested_negative,0,0.08078542231328578
417,0.7,0.823076923076923,0.2753623188405797,0.6666666666666666,0.5384615384615384,0.4984963129426736,0.4984963129426736,0.46399999999999997,0.7673611111111112,1.0,0.5285675437111264,0.996268656716418,0.8198881466435772,0.002,1.0,1.0,0.6666666666666666,0.8231350351608502,0.9677419354838711,1,0.6,1,1.0,1,0.5369635179594143,1,0.6872499963459923,1,0.841509133361934,1,0.59,tested_positive,0,0.29071289205544326
418,0.0,0.0,0.08487084870848705,0.6666666666666666,0.46153846153846156,0.11032865059244967,0.11032865059244967,0.0,0.5659722222222222,0.0,0.2973856712544872,0.9339999999999999,0.8094085330334193,0.0,0.974,1.0,0.6666666666666666,0.7799889002059187,0.9270588235294118,1,1.0,1,1.0,1,0.9903885835118015,1,0.9717923664018813,1,0.89452541313426,1,0.96,tested_negative,0,0.03054893949200954
419,0.9,1.0,0.6842105263157895,0.6666666666666666,0.5384615384615384,0.850483930972666,0.850483930972666,0.46399999999999997,0.7673611111111112,1.0,0.5553838368313744,0.996268656716418,0.8724110374886281,0.018,1.0,1.0,0.6937006655316514,0.8394480387821467,0.9836065573770493,0,0.2,0,0.0,0,0.06799486417216587,0,0.16173940015673413,0,0.09404183369755109,0,0.06,tested_positive,6,0.9027039836622581
420,0.4,0.9,0.08487084870848705,0.6666666666666666,0.6153846153846154,0.3868432801638766,0.3868432801638766,0.0,0.5659722222222222,0.5,0.5768521436750702,0.998,0.8961531237462516,0.014925373134328358,0.996,1.0,0.7027027027027026,0.7847462639243237,0.9057471264367817,1,0.6,1,1.0,1,0.6250056298561092,1,0.6493297486228395,1,0.7548867639155152,1,0.66,tested_negative,0,0.285129642934256
421,0.0,0.0,0.08487084870848705,0.6666666666666666,0.46153846153846156,0.11416359800474463,0.11416359800474463,0.0,0.5659722222222222,0.0,0.37490496404751905,0.948,0.8586803448556923,0.0,0.904,1.0,0.6666666666666666,0.8224426197131195,0.977667493796526,1,1.0,1,1.0,1,0.9843810080387679,1,0.9336551081222103,1,0.9266821734879498,1,1.0,tested_negative,0,0.025880285058512142
422,0.1,0.676923076923077,0.08487084870848705,0.6666666666666666,0.5384615384615384,0.16963963695539308,0.16963963695539308,0.0,0.5659722222222222,0.5,0.524424190266662,0.998,0.9083285226794741,0.0,0.992,1.0,0.6666666666666666,0.7938075049921974,0.9825436408977556,1,1.0,1,1.0,1,0.9198909684217238,1,0.8007632727099698,1,0.825797474950098,1,0.75,tested_negative,0,0.11725804731970124
423,0.1,0.0,0.08487084870848705,0.6666666666666666,0.46153846153846156,0.12703590742320814,0.12703590742320814,0.0,0.5659722222222222,0.0,0.2974880526385719,0.992,0.8910807892039699,0.0,0.928,1.0,0.6666666666666666,0.8159017804053876,0.9638351555929353,1,1.0,1,1.0,1,0.96480871749867,1,0.8191678948731764,1,0.8903031291541138,1,0.86,tested_negative,0,0.0776200430790066
424,0.3,0.9538461538461538,0.2753623188405797,0.6666666666666666,0.6153846153846154,0.2838348287962579,0.2838348287962579,0.46399999999999997,0.7673611111111112,0.0,0.47156881580751686,0.9888059701492538,0.7804939714570289,0.0,0.9925373134328358,1.0,0.763933867393898,0.8402360743484034,0.9677419354838711,1,0.6,0,0.0,1,0.8584520179388223,1,0.7968861264866963,1,0.7472649585640166,1,0.76,tested_positive,1,0.37289948283507746
425,0.3,0.9692307692307692,0.2753623188405797,0.6666666666666666,0.6923076923076923,0.2578957358882946,0.2578957358882946,0.46399999999999997,0.7673611111111112,0.0,0.46664679290131006,0.9888059701492538,0.8179779140102368,0.0,0.9813432835820896,1.0,0.6973451327433627,0.8105998216186774,0.8867699642431466,1,1.0,1,1.0,1,0.9433104918342422,1,0.7125443761623818,1,0.795849264019073,1,0.76,tested_positive,0,0.13138264466405059
426,0.1,0.0,0.08487084870848705,0.6666666666666666,0.46153846153846156,0.10730128333625855,0.10730128333625855,0.0,0.5659722222222222,0.0,0.2744591027022526,0.982,0.8368244105874333,0.0,0.992,1.0,0.6666666666666666,0.7147218379340818,0.977667493796526,1,1.0,1,1.0,1,0.9807643595053558,1,0.9832362776758031,1,0.8206014585998497,1,0.93,tested_negative,0,0.04756631736983197
427,0.3,0.6461538461538461,0.2753623188405797,0.6666666666666666,0.46153846153846156,0.3085963962906827,0.3085963962906827,0.46399999999999997,0.7673611111111112,0.0,0.4394437318206237,0.9813432835820896,0.8000000310918091,0.0,0.9888059701492538,1.0,0.7027027027027026,0.8303601792578756,1.0,1,0.8,0,0.0,1,0.8109863065355781,1,0.641533595460374,1,0.8748995315938108,1,0.84,tested_positive,1,0.33876342773503954
428,0.2,0.8846153846153846,0.7246376811594203,0.6666666666666666,0.6923076923076923,0.45434825190092776,0.45434825190092776,0.0,0.5659722222222222,1.0,0.5036606888434169,0.998,0.853533314109018,0.0037313432835820895,0.998,1.0,0.6666666666666666,0.7589651294742052,0.8436830835117773,1,1.0,1,1.0,1,0.5140662552705488,1,0.6368002565629176,1,0.6080903073273545,0,0.49,tested_negative,1,0.2918405301398632
429,0.7,0.9923076923076923,0.6011560693641618,1.0,0.7692307692307693,0.8033264017753958,0.8033264017753958,0.46399999999999997,0.7673611111111112,0.5,0.48177663032954543,0.9925373134328358,0.8638631539275482,0.004,0.9925373134328358,1.0,0.6967200373076325,0.8464688697768548,0.9825436408977556,1,0.6,0,0.0,0,0.14694688700518452,0,0.11767786593311665,0,0.21830635026210155,0,0.38,tested_positive,5,0.7561781494665996
430,0.3,0.0,0.08487084870848705,0.6666666666666666,0.46153846153846156,0.14130449150149604,0.14130449150149604,0.0,0.5659722222222222,0.0,0.3298758903103919,0.99,0.8932311471228327,0.0,0.986,1.0,0.6666666666666666,0.7493900753289947,0.9974683544303797,1,0.6,1,1.0,1,0.9391670356675738,1,0.9229698559156284,1,0.8815255117138108,1,0.98,tested_negative,0,0.11272293278383128
431,0.2,0.7846153846153846,0.3988439306358381,1.0,0.6153846153846154,0.13772443219720198,0.13772443219720198,0.0,0.5659722222222222,0.0,0.4246329267101935,0.99,0.814005346899673,0.0,0.986,1.0,0.7216294859359845,0.8444153144135533,0.9703640982218459,1,0.8,1,1.0,1,0.9479047373146653,1,0.8965307039615499,1,0.8540981540220726,1,0.9,tested_negative,0,0.10024440078361863
432,0.0,0.0,0.08487084870848705,0.6666666666666666,0.46153846153846156,0.11504336237136803,0.11504336237136803,0.0,0.5659722222222222,0.0,0.25832881019297693,0.852,0.8029357994114267,0.0,0.944,1.0,0.6758620689655173,0.7963471716045181,0.9769820971867007,1,1.0,1,1.0,1,0.983626605429471,1,0.9526801831308185,1,0.9214348705529366,1,0.96,tested_negative,0,0.030376390147795695
433,0.1,0.9,0.3157894736842105,0.6666666666666666,0.46153846153846156,0.1610780637144159,0.1610780637144159,0.0,0.5659722222222222,0.0,0.3930221703458323,0.986,0.8680627294925327,0.0,0.988,1.0,0.6666666666666666,0.7686956187349276,0.9494614747307375,1,1.0,1,1.0,1,0.9018115992413118,1,0.7927062543073956,1,0.7914844776844152,1,0.81,tested_negative,0,0.11733294479447964
434,0.1,0.7076923076923076,0.04878048780487809,1.0,0.3076923076923077,0.1674267344976922,0.1674267344976922,0.0,0.5659722222222222,0.0,0.42450850693056974,0.98,0.7695550440464445,0.0,0.994,1.0,0.6666666666666666,0.838910842142532,0.9695003244646334,1,0.8,1,1.0,1,0.8757609797806238,1,0.8752079863515972,1,0.80279681277738,1,0.8,tested_negative,0,0.1410390368483997
435,0.2,0.9307692307692308,0.2753623188405797,0.6666666666666666,0.38461538461538464,0.38858791097283774,0.38858791097283774,0.46399999999999997,0.7673611111111112,0.0,0.22632148116259,0.9813432835820896,0.8433078438106438,0.0,0.9925373134328358,1.0,0.6666666666666666,0.7168108634181536,0.8225469728601252,1,0.8,1,1.0,1,0.6197069528276892,1,0.7295316814325153,1,0.833640574983346,1,0.62,tested_positive,0,0.23285346512607485
436,0.7,1.0,0.7246376811594203,0.6666666666666666,0.8461538461538461,0.7162712652882584,0.7162712652882584,0.0,0.5659722222222222,1.0,0.549520403084466,0.998,0.8545030658768704,0.011194029850746268,1.0,1.0,0.6666666666666666,0.8041357983078736,0.9523809523809523,0,0.2,0,0.0,0,0.11047687705592393,0,0.25895603649973964,0,0.24214600209771495,0,0.32,tested_negative,6,0.8114035140577702
437,0.4,0.9846153846153847,0.3157894736842105,0.6666666666666666,0.6153846153846154,0.2812374268160578,0.2812374268160578,0.0,0.5659722222222222,1.0,0.5297165243815158,0.998,0.892407845171352,0.018656716417910446,1.0,1.0,0.6666666666666666,0.7943273227939786,0.9786507258753201,0,0.4,0,0.0,1,0.7848155249706732,1,0.5162478667593967,0,0.4688774242703117,0,0.44,tested_negative,4,0.5650098639999364
438,0.0,0.0,0.08487084870848705,0.6666666666666666,0.46153846153846156,0.10851113545446989,0.10851113545446989,0.0,0.5659722222222222,0.0,0.268302413773,0.788,0.7982551725616731,0.0,0.928,1.0,0.6666666666666666,0.7813063061929673,0.9924433249370277,1,1.0,1,1.0,1,0.9953114979577455,1,0.9750156456361239,1,0.9231979351538112,1,1.0,tested_negative,0,0.017745820208719842
439,0.5,0.9692307692307692,0.3988439306358381,1.0,0.6153846153846154,0.28778665387991176,0.28778665387991176,0.0,0.5659722222222222,0.0,0.45873903223234336,0.992,0.8297532421390784,0.0,0.998,1.0,0.6666666666666666,0.8139265206652511,0.9629629629629631,1,0.6,0,0.0,1,0.6896261524600191,1,0.5742568886043238,1,0.5841101516977447,1,0.59,tested_negative,1,0.4936678012063188
440,0.3,0.6461538461538461,0.2753623188405797,0.6666666666666666,0.46153846153846156,0.26997139283710025,0.26997139283710025,0.46399999999999997,0.7673611111111112,0.5,0.4333088876998442,0.9925373134328358,0.7872896165429627,0.002,0.996268656716418,1.0,0.6666666666666666,0.7774053907897772,0.9230769230769229,0,0.4,1,1.0,1,0.9023455267741913,1,0.674945548707671,1,0.7813284895387745,1,0.65,tested_positive,1,0.2652300724965605
441,0.0,0.676923076923077,0.08487084870848705,0.6666666666666666,0.5384615384615384,0.11767912861779939,0.11767912861779939,0.0,0.5659722222222222,0.0,0.3384558144158861,0.908,0.843246963209434,0.0,0.918,1.0,0.6758620689655173,0.820842937825558,0.9416598192276089,1,1.0,1,1.0,1,0.9801954130195351,1,0.9255115984824218,1,0.9114624817448297,1,0.98,tested_negative,0,0.03380508445886876
442,0.2,0.676923076923077,0.08487084870848705,0.6666666666666666,0.5384615384615384,0.1530003124420397,0.1530003124420397,0.0,0.5659722222222222,0.5,0.49859816797026224,0.996,0.8661331346375781,0.0037313432835820895,0.976,1.0,0.6950354609929077,0.8389902096041209,0.9523809523809523,1,0.8,1,1.0,1,0.919638590405026,1,0.7528692915615212,1,0.883983411021605,1,0.85,tested_negative,0,0.13225145116864134
443,0.5,0.9076923076923077,0.6011560693641618,1.0,0.46153846153846156,0.6445777614307818,0.6445777614307818,0.46399999999999997,0.7673611111111112,0.3333333333333333,0.5588379276332849,0.996268656716418,0.9167825364235868,0.006,0.996268656716418,1.0,0.6666666666666666,0.8431707487327037,0.9687235841081995,0,0.4,0,0.0,0,0.31441540205917784,0,0.39283815481600365,0,0.36683692777490223,1,0.61,tested_positive,5,0.6526515858916526
444,0.7,0.9923076923076923,0.6011560693641618,1.0,0.7692307692307693,0.8557596785697407,0.8557596785697407,0.46399999999999997,0.7673611111111112,1.0,0.546752541413134,0.996268656716418,0.893754719270711,0.008,1.0,1.0,0.6666666666666666,0.8273156044990639,0.9820051413881749,0,0.4,1,1.0,0,0.06795629622642106,0,0.25147673496348605,0,0.23642199854032422,0,0.26,tested_positive,5,0.6306908283782948
445,0.2,0.6461538461538461,0.2753623188405797,0.6666666666666666,0.46153846153846156,0.24529745990717422,0.24529745990717422,0.46399999999999997,0.7673611111111112,0.0,0.36442570336585334,0.9701492537313433,0.6417610399840257,0.0,1.0,0.625,0.6451612903225806,0.6929583524059139,0.8444444444444446,1,1.0,1,1.0,1,0.9999999894749294,1,0.9940254417962187,1,0.5991981557775524,1,0.85,tested_positive,0,0.09279606882521663
446,0.0,0.0,0.08487084870848705,0.6666666666666666,0.46153846153846156,0.12103073231295358,0.12103073231295358,0.0,0.5659722222222222,0.0,0.2840484379573628,0.968,0.8514645850432384,0.0,0.94,1.0,0.7027027027027026,0.8179725181403122,0.9924433249370277,1,1.0,1,1.0,1,0.970443939111964,1,0.916210522589572,1,0.904139926305014,1,0.98,tested_negative,0,0.03820093533224167
447,0.1,0.676923076923077,0.08487084870848705,0.6666666666666666,0.5384615384615384,0.15819354943713126,0.15819354943713126,0.0,0.5659722222222222,0.0,0.34577963346468144,0.988,0.8545127021269017,0.0,0.99,1.0,0.6666666666666666,0.7901389056616129,0.9825436408977556,1,1.0,1,1.0,1,0.9073997811069564,1,0.8881898376983396,1,0.8858513307881866,1,0.77,tested_negative,0,0.09142650840108624
448,0.8,0.9923076923076923,0.915129151291513,0.6666666666666666,0.8461538461538461,0.8650012369255595,0.8650012369255595,0.46399999999999997,0.7673611111111112,0.75,0.5073802045498261,0.996268656716418,0.9104074914086939,0.034,1.0,1.0,0.6666666666666666,0.8178900257502999,0.9728395061728394,0,0.4,0,0.0,0,0.05010096229643788,0,0.14387395074654763,0,0.14637937494664535,0,0.14,tested_positive,6,0.8532742853350616
449,0.2,0.0,0.08487084870848705,0.6666666666666666,0.46153846153846156,0.1351882312610242,0.1351882312610242,0.0,0.5659722222222222,0.5,0.4840346398779809,0.994,0.8626547662356594,0.0037313432835820895,0.956,1.0,0.6666666666666666,0.796325542893605,0.9687235841081995,1,0.8,1,1.0,1,0.951282235159765,1,0.8553057333089914,1,0.8743076351694686,1,0.9,tested_negative,0,0.10318406606029573
450,0.0,0.0,0.08487084870848705,0.6666666666666666,0.46153846153846156,0.1093376871018219,0.1093376871018219,0.0,0.5659722222222222,0.0,0.3472023709630163,0.918,0.8497932010650794,0.0,0.926,1.0,0.6853146853146853,0.7980312704065241,0.9421487603305786,1,1.0,1,1.0,1,0.9937553123129002,1,0.9759432298415665,1,0.9488622366438612,1,0.98,tested_negative,0,0.016906536866945543
451,0.8,1.0,0.6842105263157895,0.6666666666666666,0.5384615384615384,0.8416433459788377,0.8416433459788377,0.46399999999999997,0.7673611111111112,0.5,0.5135408178048239,0.996268656716418,0.863068590136157,0.014,0.996268656716418,1.0,0.6666666666666666,0.7841094997921487,0.995655951346655,0,0.4,0,0.0,0,0.09104251238631644,0,0.29040275883299826,0,0.2522396830748062,0,0.28,tested_positive,6,0.7810525076176466
452,0.1,0.676923076923077,0.08487084870848705,0.6666666666666666,0.5384615384615384,0.17445852933590322,0.17445852933590322,0.0,0.5659722222222222,0.0,0.43732579420141127,0.98,0.8481509481085471,0.0,0.994,1.0,0.6666666666666666,0.8252715358548556,0.9677419354838711,1,0.8,1,1.0,1,0.8662310136223105,1,0.864020690603258,1,0.8502662942849554,1,0.78,tested_negative,0,0.13991366691491258
453,0.2,0.7076923076923076,0.04878048780487809,1.0,0.3076923076923077,0.4742145067033535,0.4742145067033535,0.0,0.5659722222222222,0.0,0.43447283108057166,0.99,0.7192043373799519,0.0,1.0,0.875,0.6490066225165563,0.7521716825357263,0.9057471264367817,1,1.0,1,1.0,0,0.2963789650987216,1,0.5108777982523174,1,0.7214596023351123,1,0.72,tested_negative,1,0.2918806057189748
454,0.1,0.676923076923077,0.08487084870848705,0.6666666666666666,0.5384615384615384,0.1447368835983971,0.1447368835983971,0.0,0.5659722222222222,0.0,0.4796460551213656,0.992,0.8739417737423443,0.0,0.978,1.0,0.6950354609929077,0.8412399138941921,0.9924433249370277,1,0.8,1,1.0,1,0.9300973947526857,1,0.7720006473209287,1,0.8404991615786376,1,0.92,tested_negative,0,0.12290046605795801
455,0.4,0.9153846153846154,0.2753623188405797,0.6666666666666666,0.6153846153846154,0.25005245205000814,0.25005245205000814,0.46399999999999997,0.7673611111111112,0.0,0.49946191478891466,0.9925373134328358,0.779843528265392,0.0,1.0,0.875,0.6341463414634146,0.8073785053821917,1.0,1,0.6,1,1.0,1,0.9821300720890113,1,0.9148631311339991,1,0.7590386070857214,1,0.53,tested_positive,0,0.2023280316152113
456,0.5,0.9692307692307692,0.3157894736842105,0.6666666666666666,0.6923076923076923,0.3215712095899863,0.3215712095899863,0.0,0.5659722222222222,0.5,0.5157367102349071,0.998,0.8476938696341314,0.0,0.996,1.0,0.6666666666666666,0.7975600030015216,0.9743589743589745,0,0.4,0,0.0,1,0.6442020366983711,1,0.5362323342513823,1,0.5570450213409763,1,0.65,tested_negative,2,0.5354201012848785
457,0.0,0.0,0.08487084870848705,0.6666666666666666,0.46153846153846156,0.12275316868781638,0.12275316868781638,0.0,0.5659722222222222,0.0,0.3635251031624914,0.95,0.8222838528331133,0.0,0.972,1.0,0.6950354609929077,0.8529484077097422,0.973661852166525,1,1.0,1,1.0,1,0.9628437398602833,1,0.9004752170184686,1,0.8931486781515864,1,0.94,tested_negative,0,0.0505887274949437
458,0.0,0.823076923076923,0.2753623188405797,0.6666666666666666,0.5384615384615384,0.2480388402136008,0.2480388402136008,0.46399999999999997,0.7673611111111112,0.0,0.42413113582290174,0.9514925373134329,0.7473448558540113,0.0,0.9888059701492538,1.0,0.7692307692307692,0.8363084606383067,0.9152542372881356,1,1.0,1,1.0,1,0.9925568505025485,1,0.858011571646413,1,0.8907298077495232,1,0.78,tested_positive,0,0.07978362835025254
459,0.3,0.9,0.3157894736842105,0.6666666666666666,0.46153846153846156,0.5618419259823667,0.5618419259823667,0.0,0.5659722222222222,0.0,0.47023435210011066,0.984,0.7128197695196701,0.0,1.0,0.875,0.5798816568047337,0.8121108861175121,0.9542048293089092,1,1.0,0,0.0,0,0.3684532581836118,0,0.33753469795267843,1,0.9120203487350509,1,0.82,tested_negative,3,0.4269986158547765
460,0.5,0.7076923076923076,0.04878048780487809,1.0,0.3076923076923077,0.2989623814325335,0.2989623814325335,0.0,0.5659722222222222,0.0,0.46752079307290906,0.99,0.7976382614563974,0.0,0.996,1.0,0.7018867924528301,0.858024486853429,0.9514563106796117,1,0.8,1,1.0,1,0.694506300339914,1,0.6779324642811062,1,0.7257893074701387,1,0.69,tested_negative,0,0.23529532131814024
461,0.0,0.0,0.08487084870848705,0.6666666666666666,0.46153846153846156,0.10988782724718682,0.10988782724718682,0.0,0.5659722222222222,0.0,0.2870106458439903,0.868,0.8010903996001597,0.0,0.96,1.0,0.6666666666666666,0.7773528625525004,0.957983193277311,1,1.0,1,1.0,1,0.9946006634601704,1,0.9825669990662829,1,0.8841493391205048,1,0.99,tested_negative,0,0.024780499725507
462,0.3,0.7846153846153846,0.3988439306358381,1.0,0.6153846153846154,0.29308100826892347,0.29308100826892347,0.0,0.5659722222222222,0.0,0.4303768375575825,0.99,0.8021016059865643,0.0037313432835820895,0.996,1.0,0.697282099343955,0.8541803203754308,0.8976377952755904,1,0.6,0,0.0,1,0.6505160958472741,1,0.748966889070474,1,0.6176512571416121,1,0.69,tested_negative,1,0.4488109596567733
463,0.0,0.7846153846153846,0.3988439306358381,1.0,0.6153846153846154,0.1352287612868247,0.1352287612868247,0.0,0.5659722222222222,0.0,0.34917006354334956,0.978,0.8339775479074543,0.0,0.982,1.0,0.6666666666666666,0.8616771424312428,1.0,1,1.0,1,1.0,1,0.9421739879424698,1,0.9135455332473648,1,0.8920282309583788,1,0.75,tested_negative,0,0.08370870797529795
464,0.5,0.7076923076923076,0.04878048780487809,1.0,0.3076923076923077,0.5527643203936113,0.5527643203936113,0.0,0.5659722222222222,0.0,0.42345405382620105,0.996,0.8288945259932707,0.0,1.0,1.0,0.6666666666666666,0.8046801787675475,0.9249394673123487,0,0.4,1,1.0,0,0.4283935489999872,1,0.6810523440334799,1,0.6783713620044787,1,0.69,tested_negative,2,0.3536971241603424
465,0.0,0.0,0.08487084870848705,0.6666666666666666,0.46153846153846156,0.11784349974589647,0.11784349974589647,0.0,0.5659722222222222,0.0,0.35599794941072094,0.9359999999999999,0.8206225905956461,0.0,0.96,1.0,0.6666666666666666,0.7957498500533672,0.9913043478260869,1,1.0,1,1.0,1,0.9773305762509779,1,0.8870336752071031,1,0.8757276725752801,1,0.96,tested_negative,0,0.04998467932777306
466,0.0,0.0,0.08487084870848705,0.6666666666666666,0.46153846153846156,0.11112464491221663,0.11112464491221663,0.0,0.5659722222222222,0.0,0.2618803691564743,0.874,0.8117270072943494,0.0,0.962,1.0,0.6666666666666666,0.7898475202633494,0.9853826311263972,1,1.0,1,1.0,1,0.9904647580569744,1,0.9692673129203143,1,0.9165010207741977,1,0.99,tested_negative,0,0.022294484708085593
467,0.3,1.0,0.08487084870848705,0.6666666666666666,0.8461538461538461,0.15082663000349483,0.15082663000349483,0.0,0.5659722222222222,0.6666666666666666,0.529595357204107,0.998,0.9086444748175888,0.007462686567164179,0.988,1.0,0.6666666666666666,0.826200040543263,0.9924433249370277,1,0.6,0,0.0,1,0.925546154214018,1,0.8405161570541053,1,0.8274191396477513,1,0.73,tested_negative,1,0.3460864248473542
468,0.6,0.9923076923076923,0.6011560693641618,1.0,0.7692307692307693,0.4315905415192616,0.4315905415192616,0.46399999999999997,0.7673611111111112,1.0,0.7038987705021721,0.996268656716418,0.9555969004473035,0.004,1.0,1.0,0.6666666666666666,0.7910559625183431,0.9769820971867007,0,0.2,1,1.0,0,0.4535921187446113,1,0.5172772918353302,0,0.2489966091560733,0,0.49,tested_positive,4,0.5150223300439976
469,0.7,0.9846153846153847,0.7246376811594203,0.6666666666666666,0.6153846153846154,0.6757370764463859,0.6757370764463859,0.0,0.5659722222222222,1.0,0.5425588255425686,0.998,0.8547800023299522,0.007462686567164179,1.0,1.0,0.725925925925926,0.8082478157764547,0.9629629629629631,0,0.4,0,0.0,0,0.1935891257646221,0,0.16054977044544738,0,0.179798435405179,0,0.37,tested_negative,6,0.7826771113974585
470,0.5,0.8846153846153846,0.7246376811594203,0.6666666666666666,0.6923076923076923,0.4714211399080558,0.4714211399080558,0.0,0.5659722222222222,0.5,0.5391850772847013,0.998,0.8498699179006094,0.0037313432835820895,0.998,1.0,0.6666666666666666,0.7754270490491675,0.8571428571428571,0,0.4,0,0.0,1,0.5300027722320022,0,0.4047482555574222,0,0.35675339207563384,0,0.48,tested_negative,5,0.638082596689157
471,0.2,1.0,0.7246376811594203,0.6666666666666666,0.9230769230769231,0.18987098321844786,0.18987098321844786,0.0,0.5659722222222222,1.0,0.7628125281162711,0.998,0.9566199220971262,0.0037313432835820895,0.996,1.0,0.6666666666666666,0.7794343728790535,0.9264349232012934,1,0.8,0,0.0,1,0.8791809241837202,1,0.7414043879072653,1,0.7745489903158101,0,0.39,tested_negative,2,0.402477616265534
472,0.1,0.9846153846153847,0.08487084870848705,0.6666666666666666,0.7692307692307693,0.1539241945232479,0.1539241945232479,0.0,0.5659722222222222,0.5,0.5230922715352178,0.998,0.8952328122633262,0.0,0.984,1.0,0.6666666666666666,0.7932585817888597,0.9523809523809523,1,0.8,1,1.0,1,0.9316129029198829,1,0.7544842498426867,1,0.7922823611401875,1,0.7,tested_negative,0,0.1702700810162071
473,0.6,0.9923076923076923,0.3157894736842105,0.6666666666666666,0.5384615384615384,0.4679060701962596,0.4679060701962596,0.0,0.5659722222222222,0.5,0.5462103862949902,0.998,0.9334920540177538,0.011194029850746268,0.994,1.0,0.6666666666666666,0.812275473298922,0.9786507258753201,0,0.4,1,1.0,1,0.5958643429862587,1,0.6060182236795966,1,0.5723938670669334,0,0.48,tested_negative,2,0.39095392771120185
474,0.2,0.0,0.08487084870848705,0.6666666666666666,0.46153846153846156,0.1308742222463921,0.1308742222463921,0.0,0.5659722222222222,0.3333333333333333,0.43938753351840576,0.992,0.9061896034129155,0.0,0.984,1.0,0.6666666666666666,0.8007788949941994,0.995655951346655,1,1.0,1,1.0,1,0.9511592895177038,1,0.8280322000155776,1,0.8267965527697145,1,0.76,tested_negative,0,0.10566865961616745
475,0.7,0.9,0.3157894736842105,0.6666666666666666,0.46153846153846156,0.2918623473467765,0.2918623473467765,0.0,0.5659722222222222,0.0,0.42376904015166594,0.994,0.7954415787385556,0.0,0.998,1.0,0.6666666666666666,0.7985015197709282,0.9769820971867009,0,0.4,1,1.0,1,0.7399956317305141,1,0.7744517230778949,1,0.6794404751222206,1,0.68,tested_negative,1,0.28768536167822845
476,0.8,0.9461538461538461,0.6011560693641618,1.0,0.6923076923076923,0.7216890351958313,0.7216890351958313,0.46399999999999997,0.7673611111111112,1.0,0.5636195921024901,0.996268656716418,0.8550608614355615,0.004,0.996268656716418,1.0,0.7428571428571428,0.8290982054126012,0.9680589680589681,0,0.0,0,0.0,0,0.22088775759543477,0,0.16777598883188297,0,0.14159515725652647,0,0.36,tested_positive,6,0.8516235160526926
477,0.4,0.7076923076923076,0.04878048780487809,1.0,0.3076923076923077,0.15426409364827576,0.15426409364827576,0.0,0.5659722222222222,0.5,0.4697508816616137,0.99,0.828484988583968,0.0037313432835820895,0.998,1.0,0.7395626242544732,0.84417410423686,0.9629629629629631,1,0.8,1,1.0,1,0.932890759984151,1,0.8447815832467613,1,0.8789357886516629,1,0.94,tested_negative,0,0.10056531135290425
478,0.4,0.7076923076923076,0.04878048780487809,1.0,0.3076923076923077,0.29492440782508633,0.29492440782508633,0.0,0.5659722222222222,0.0,0.44091988050942377,0.992,0.8286997101117802,0.0037313432835820895,0.998,1.0,0.6816730038022814,0.8450121704013563,0.9542048293089092,0,0.4,1,1.0,1,0.7223770209616027,1,0.7456476842105608,1,0.7867439127141268,1,0.82,tested_negative,1,0.2542052303522849
479,0.4,0.9,0.3157894736842105,0.6666666666666666,0.46153846153846156,0.3606729109023977,0.3606729109023977,0.0,0.5659722222222222,0.0,0.4911346593231577,0.994,0.8302387295054497,0.0,0.996,1.0,0.6666666666666666,0.8257446182502037,0.9887834339948232,1,0.6,1,1.0,1,0.6450073947353689,1,0.6557778857487766,1,0.78724432242139,1,0.65,tested_negative,0,0.27699506618241065
480,0.5,0.6461538461538461,0.2753623188405797,0.6666666666666666,0.46153846153846156,0.2881551935832827,0.2881551935832827,0.46399999999999997,0.7673611111111112,0.5,0.5376430938169914,0.996268656716418,0.8627878094078122,0.0,0.996268656716418,1.0,0.7216229270648848,0.8545101956928435,1.0,1,0.6,1,1.0,1,0.9485098678514435,1,0.6268083203197125,1,0.7109885460704165,1,0.7,tested_positive,0,0.2356155442930712
481,0.2,0.9384615384615385,0.3988439306358381,1.0,0.6153846153846154,0.2109754646956914,0.2109754646956914,0.0,0.5659722222222222,0.0,0.48356793229362316,0.994,0.8544704502187942,0.0,0.996,1.0,0.6666666666666666,0.7798711266930424,0.8974158183241973,1,0.8,0,0.0,1,0.8306915810190499,1,0.7724720422046571,1,0.8085914221898614,1,0.73,tested_negative,1,0.3430408257644053
482,0.0,0.0,0.08487084870848705,0.6666666666666666,0.46153846153846156,0.11770133067207722,0.11770133067207722,0.0,0.5659722222222222,0.0,0.39595988606325205,0.964,0.8472801295883069,0.0,0.954,1.0,0.697282099343955,0.8475800524617603,0.9913043478260869,1,1.0,1,1.0,1,0.9763617912965001,1,0.917224587676643,1,0.8873545424096932,1,0.93,tested_negative,0,0.04817651310286075
483,0.1,0.676923076923077,0.08487084870848705,0.6666666666666666,0.5384615384615384,0.13463193143240304,0.13463193143240304,0.0,0.5659722222222222,0.5,0.5403655905128206,0.998,0.8990550674054689,0.0037313432835820895,0.986,1.0,0.6666666666666666,0.7989741975476178,0.9836065573770493,1,0.8,1,1.0,1,0.9456454694737049,1,0.9325026693567058,1,0.8794114228329782,1,0.78,tested_negative,0,0.11040673972276849
484,0.2,0.9538461538461538,0.2753623188405797,0.6666666666666666,0.6153846153846154,0.31644643900403713,0.31644643900403713,0.46399999999999997,0.7673611111111112,0.0,0.30770237547262036,0.9701492537313433,0.7939233684087965,0.0,0.9850746268656716,1.0,0.6666666666666666,0.728590574404633,0.8090349075975358,1,0.8,1,1.0,1,0.7670321696720537,1,0.8324950900778012,1,0.8402233405486316,1,0.67,tested_positive,0,0.18170823328358565
485,0.7,0.9769230769230769,0.2753623188405797,0.6666666666666666,0.5384615384615384,0.49115060698448587,0.49115060698448587,0.46399999999999997,0.7673611111111112,0.75,0.5346977366282669,0.996268656716418,0.8774924068520825,0.01,0.996268656716418,1.0,0.6666666666666666,0.7929984806678603,0.9119999999999999,0,0.0,0,0.0,0,0.4419568349574145,0,0.3817064312934008,0,0.2612620554564064,0,0.32,tested_positive,6,0.7658457797154631
486,0.6,0.9692307692307692,0.7246376811594203,0.6666666666666666,0.8461538461538461,0.7480489187861775,0.7480489187861775,0.0,0.5659722222222222,0.6666666666666666,0.3856424629162474,0.996,0.8105596872010649,0.0037313432835820895,0.998,1.0,0.6666666666666666,0.808819720259975,0.957983193277311,1,0.6,1,1.0,0,0.10477578702394426,1,0.6277148167354494,1,0.7595222653144037,0,0.47,tested_negative,2,0.40633118848770045
487,0.9,1.0,0.7246376811594203,0.6666666666666666,0.6923076923076923,0.7531617643067315,0.7531617643067315,0.0,0.5659722222222222,1.0,0.5898892602153348,0.998,0.8139226837500978,0.0,1.0,1.0,0.6666666666666666,0.8270411448289329,0.9783889980353634,0,0.0,0,0.0,0,0.0011360887921660172,0,0.06680621328841185,0,0.2324647660880588,0,0.09,tested_negative,6,0.9349321553052272
488,0.0,0.0,0.08487084870848705,0.6666666666666666,0.46153846153846156,0.11920594122737793,0.11920594122737793,0.0,0.5659722222222222,0.0,0.45534661791276465,0.976,0.868608146396339,0.0,0.944,1.0,0.6666666666666666,0.8256219470774716,0.9974683544303797,1,1.0,1,1.0,1,0.9800677393551113,1,0.9196749891604634,1,0.8788054342572539,1,0.97,tested_negative,0,0.04190863953786195
489,0.4,0.9769230769230769,0.3157894736842105,0.6666666666666666,0.38461538461538464,0.7447530259096398,0.7447530259096398,0.0,0.5659722222222222,0.0,0.47336257532741455,0.996,0.8442743125355874,0.0,1.0,1.0,0.6666666666666666,0.7701366992841457,0.9573934837092732,0,0.4,0,0.0,0,0.05126916829418252,0,0.10445608696539832,0,0.2751396956874083,0,0.38,tested_negative,6,0.7981891748421684
490,0.1,0.9461538461538461,0.08487084870848705,0.6666666666666666,0.5384615384615384,0.13208783530441437,0.13208783530441437,0.0,0.5659722222222222,0.25,0.47211346204137083,0.994,0.8940024624515146,0.0037313432835820895,0.964,1.0,0.6950354609929077,0.8307135574796778,0.9677419354838711,1,1.0,1,1.0,1,0.9601204608609553,1,0.8757212841189823,1,0.9057103958922235,1,0.92,tested_negative,0,0.05640797652130658
491,0.3,0.7846153846153846,0.3988439306358381,1.0,0.6153846153846154,0.1629698927968335,0.1629698927968335,0.0,0.5659722222222222,0.0,0.44487857988653334,0.992,0.8335194972212912,0.0,0.994,1.0,0.6666666666666666,0.8380080268028606,1.0,1,1.0,1,1.0,1,0.9342414700385363,1,0.9233180975850365,1,0.8950129579210063,1,0.85,tested_negative,0,0.06623791240923682
492,0.1,0.9846153846153847,0.3988439306358381,1.0,0.6923076923076923,0.15519439475748942,0.15519439475748942,0.0,0.5659722222222222,0.0,0.42589321335552177,0.984,0.823496441628683,0.0,0.99,1.0,0.6666666666666666,0.8380721454122761,0.9974683544303797,1,0.8,1,1.0,1,0.9089392873165696,1,0.8536189668175106,1,0.8982107920829601,1,0.8,tested_negative,0,0.12320515896382667
493,0.7,0.9461538461538461,0.6011560693641618,1.0,0.6923076923076923,0.5030707915175505,0.5030707915175505,0.46399999999999997,0.7673611111111112,1.0,0.5435562294778427,0.996268656716418,0.8120126902051659,0.0,1.0,1.0,0.7484909456740443,0.8946477353171142,0.995655951346655,0,0.4,1,1.0,1,0.648799813817453,0,0.4864494965774166,1,0.5763608089850393,1,0.59,tested_positive,2,0.38306498010334866
494,0.0,0.0,0.08487084870848705,0.6666666666666666,0.46153846153846156,0.10683002300781108,0.10683002300781108,0.0,0.5659722222222222,0.0,0.13637668493419786,0.978,0.8155863833182019,0.0,0.994,1.0,0.6666666666666666,0.7160913764290552,0.9141531322505799,1,0.8,1,1.0,1,0.999728705768603,1,0.9926993640194675,1,0.840329241341571,1,0.98,tested_negative,0,0.06454044814505977
495,0.4,0.9769230769230769,0.3157894736842105,0.6666666666666666,0.38461538461538464,0.63220768250607,0.63220768250607,0.0,0.5659722222222222,0.5,0.3972429892642456,0.992,0.8706519243698538,0.007462686567164179,0.992,1.0,0.6666666666666666,0.7867835350077984,0.9654591406908172,1,0.6,1,1.0,0,0.23737998447689515,0,0.29595497626785816,1,0.5266681461106084,1,0.59,tested_negative,2,0.4583328155241063
496,0.3,0.7076923076923076,0.04878048780487809,1.0,0.3076923076923077,0.13304742177332207,0.13304742177332207,0.0,0.5659722222222222,0.0,0.34574611999760485,0.994,0.917036811925674,0.0,0.988,1.0,0.6666666666666666,0.8139942898840866,0.9557964970809009,1,0.8,1,1.0,1,0.9452391964055261,1,0.8407841408686205,1,0.8404542396133495,1,0.92,tested_negative,0,0.10892040385208401
497,0.0,0.0,0.08487084870848705,0.6666666666666666,0.46153846153846156,0.11798023269100066,0.11798023269100066,0.0,0.5659722222222222,0.0,0.31202112186302366,0.95,0.8375042142667085,0.0,0.94,1.0,0.7050359712230216,0.81410321878803,0.9753191489361701,1,1.0,1,1.0,1,0.9804958968067586,1,0.9443326608186865,1,0.9161389886753841,1,0.95,tested_negative,0,0.03483874228319506
498,0.5,0.9230769230769231,0.6842105263157895,0.6666666666666666,0.5384615384615384,0.2615452840462691,0.2615452840462691,0.46399999999999997,0.7673611111111112,0.0,0.497362414502865,0.9925373134328358,0.7667722806782896,0.0,1.0,1.0,0.6712095400340715,0.8389448398420922,0.9629629629629631,0,0.4,1,1.0,1,0.9602405029730716,1,0.8279148485109866,1,0.6431416439675868,1,0.57,tested_positive,1,0.2664505007580592
499,0.5,0.9846153846153847,0.3157894736842105,0.6666666666666666,0.6153846153846154,0.6621493394721912,0.6621493394721912,0.0,0.5659722222222222,0.6666666666666666,0.5525913130675243,0.998,0.8589204339131388,0.011194029850746268,0.998,1.0,0.7801980198019802,0.8896652061827888,0.9887834339948232,1,0.6,0,0.0,0,0.2959151681640665,0,0.39456672889490474,0,0.19840514340449728,0,0.4,tested_negative,5,0.6851854932560886
500,0.0,0.0,0.08487084870848705,0.6666666666666666,0.46153846153846156,0.12280293749566273,0.12280293749566273,0.0,0.5659722222222222,0.0,0.371538611930168,0.926,0.8121519859107013,0.0,0.968,1.0,0.6666666666666666,0.7892399802176236,0.9432098765432099,1,1.0,1,1.0,1,0.9722994484636004,1,0.9172183577467387,1,0.9346420575694153,1,0.88,tested_negative,0,0.04930668937004101
501,0.2,0.8846153846153846,0.08487084870848705,0.6666666666666666,0.6923076923076923,0.13624091735725197,0.13624091735725197,0.0,0.5659722222222222,0.0,0.41987221726860613,0.99,0.8654155761383979,0.0,0.986,1.0,0.6666666666666666,0.818576919095597,0.9677419354838711,1,1.0,1,1.0,1,0.9386504678535323,1,0.8704192523684235,1,0.8933706866898659,1,0.92,tested_negative,0,0.06292659884802976
502,0.8,0.9923076923076923,0.6011560693641618,1.0,0.38461538461538464,0.6584789335462204,0.6584789335462204,0.46399999999999997,0.7673611111111112,0.0,0.4302221239674191,0.9925373134328358,0.7807744971031045,0.0,0.996268656716418,1.0,0.6666666666666666,0.8299252146314083,0.9629629629629631,0,0.2,1,1.0,0,0.2133542105012047,0,0.01854523712557598,0,0.34725985118602826,0,0.31,tested_positive,5,0.6518067835311985
503,0.2,0.7846153846153846,0.3988439306358381,1.0,0.6153846153846154,0.2509768996455183,0.2509768996455183,0.0,0.5659722222222222,0.3333333333333333,0.4567311926425883,0.996,0.8401994908869505,0.0,0.992,1.0,0.7174541947926711,0.8988271826204414,0.977667493796526,1,0.6,0,0.0,1,0.8288960571856002,1,0.737177120822748,1,0.6619160742153188,1,0.67,tested_negative,1,0.4170017912960554
504,0.1,0.7846153846153846,0.3988439306358381,1.0,0.6153846153846154,0.1967743743859014,0.1967743743859014,0.0,0.5659722222222222,0.0,0.3108961212632816,0.98,0.8142396271595911,0.0,0.986,1.0,0.6666666666666666,0.8277188939153322,0.9874686716791982,1,1.0,1,1.0,1,0.8700404793190404,1,0.8148929753688305,1,0.8527210919316197,1,0.88,tested_negative,0,0.09705757556341821
505,0.3,0.7846153846153846,0.3988439306358381,1.0,0.6153846153846154,0.2669149915476685,0.2669149915476685,0.0,0.5659722222222222,0.0,0.4306748849822327,0.996,0.8875484661281743,0.0,0.994,1.0,0.6666666666666666,0.7912819508860864,0.9249394673123487,1,0.6,1,1.0,1,0.6910633897414935,1,0.8163595249300608,1,0.8406531451336658,1,0.79,tested_negative,0,0.21032065669913003
506,0.4,0.6461538461538461,0.2753623188405797,0.6666666666666666,0.46153846153846156,0.3205649982126507,0.3205649982126507,0.46399999999999997,0.7673611111111112,0.0,0.4229127469707863,0.9776119402985075,0.7645731753236875,0.0,0.996268656716418,1.0,0.6666666666666666,0.7787425893219975,0.9375,1,0.8,1,1.0,1,0.7528356016904871,1,0.6308038378082687,1,0.8220267659679352,1,0.72,tested_positive,0,0.21238896575555144
507,0.1,0.9076923076923077,0.3157894736842105,0.6666666666666666,0.3076923076923077,0.17125847996262977,0.17125847996262977,0.0,0.5659722222222222,0.0,0.3244232052541154,0.988,0.842803052974781,0.0,0.972,1.0,0.6666666666666666,0.8374606641672947,0.9991281604184831,1,1.0,1,1.0,1,0.8898737297529755,1,0.7575355840893679,1,0.8251593743763435,1,0.85,tested_negative,0,0.11290521863021896
508,0.1,0.8692307692307693,0.08487084870848705,0.6666666666666666,0.5384615384615384,0.13457966963704626,0.13457966963704626,0.0,0.5659722222222222,0.0,0.4123775761953622,0.986,0.827632037532187,0.0,0.988,1.0,0.6666666666666666,0.8459335705892038,0.9703640982218459,1,0.8,1,1.0,1,0.9641076914973237,1,0.8973881903944478,1,0.8771646782544638,1,0.89,tested_negative,0,0.09522323997562754
509,0.1,0.7076923076923076,0.04878048780487809,1.0,0.3076923076923077,0.33967831841234863,0.33967831841234863,0.0,0.5659722222222222,0.0,0.36243795628051423,0.984,0.8585766784162059,0.0,0.984,1.0,0.6666666666666666,0.7973777417590676,0.9401148482362592,1,1.0,1,1.0,1,0.6124609502867706,1,0.6481976938703864,1,0.8957722553676837,1,0.93,tested_negative,0,0.15226151674585997
510,0.8,1.0,0.6011560693641618,1.0,0.6153846153846154,0.5735516654600339,0.5735516654600339,0.46399999999999997,0.7673611111111112,1.0,0.5979370703161964,0.996268656716418,0.8954301110306668,0.008,1.0,1.0,0.6666666666666666,0.8563634327478765,0.98989898989899,0,0.0,0,0.0,0,0.3517598355367607,0,0.194043293946099,0,0.10235735996977492,0,0.16,tested_positive,6,0.8653065850912276
511,0.0,0.9076923076923077,0.3157894736842105,0.6666666666666666,0.3076923076923077,0.14557490319721333,0.14557490319721333,0.0,0.5659722222222222,0.0,0.28429883817833246,0.958,0.7880252192410113,0.0,0.984,1.0,0.6666666666666666,0.7940561593848351,0.957983193277311,1,1.0,1,1.0,1,0.9267367888944844,1,0.8707246584159957,1,0.8416397576605379,1,0.89,tested_negative,0,0.07848313250483041
512,0.2,0.7076923076923076,0.04878048780487809,1.0,0.3076923076923077,0.21103455313255626,0.21103455313255626,0.0,0.5659722222222222,0.0,0.3330992003123612,0.984,0.8418141181766762,0.0,0.988,1.0,0.6666666666666666,0.8077119931225196,0.9633251833740831,1,1.0,1,1.0,1,0.8262591332332263,1,0.8237644334178298,1,0.9314925238419532,1,0.96,tested_negative,0,0.0764139849178318
513,0.1,0.0,0.08487084870848705,0.6666666666666666,0.46153846153846156,0.11562057373432877,0.11562057373432877,0.0,0.5659722222222222,0.0,0.40867112299729014,0.986,0.8919787379393656,0.0,0.952,1.0,0.6666666666666666,0.8020784817510777,0.9769820971867009,1,1.0,1,1.0,1,0.9804395919719586,1,0.9214470355950037,1,0.9054777911866697,1,0.93,tested_negative,0,0.04377259687439483
514,0.0,0.0,0.08487084870848705,0.6666666666666666,0.46153846153846156,0.11541596282434263,0.11541596282434263,0.0,0.5659722222222222,0.0,0.3437357322523199,0.954,0.851745148196096,0.0,0.924,1.0,0.6800182066454256,0.8314527223324754,0.9974683544303797,1,1.0,1,1.0,1,0.9841356274313983,1,0.9324495916118236,1,0.9317585499852864,1,0.99,tested_negative,0,0.026942705161915215
515,0.5,0.9692307692307692,0.2753623188405797,0.6666666666666666,0.6923076923076923,0.6216621189938591,0.6216621189938591,0.46399999999999997,0.7673611111111112,0.3333333333333333,0.35170909475515155,0.9888059701492538,0.8604924175214073,0.0,0.9925373134328358,1.0,0.7043847241867044,0.8000456518940284,0.9510373443983402,0,0.4,0,0.0,0,0.3608221896585778,0,0.4869165945668449,1,0.5257180859030242,1,0.53,tested_positive,4,0.6160905216452588
516,0.3,0.823076923076923,0.2753623188405797,0.6666666666666666,0.5384615384615384,0.2849486607317535,0.2849486607317535,0.46399999999999997,0.7673611111111112,0.0,0.4497024799951497,0.9925373134328358,0.8099069987902555,0.0,0.9813432835820896,1.0,0.7823343848580441,0.853714374088351,0.9720101781170483,1,0.6,1,1.0,1,0.904633857755433,1,0.6729897582994023,1,0.6382587699480946,1,0.82,tested_positive,0,0.22735293566617842
517,0.7,0.8923076923076922,0.3988439306358381,1.0,0.8461538461538461,0.4980913344742821,0.4980913344742821,0.0,0.5659722222222222,0.0,0.4436582542981312,0.994,0.8967846321794378,0.0,0.992,1.0,0.6666666666666666,0.8064206802441161,0.9629629629629631,0,0.4,1,1.0,0,0.4665368081881481,0,0.4227940372785651,0,0.3235382476505219,1,0.59,tested_negative,4,0.4661884844804608
518,0.2,0.7846153846153846,0.3988439306358381,1.0,0.6153846153846154,0.48267215314082623,0.48267215314082623,0.0,0.5659722222222222,1.0,0.5113092096855325,0.998,0.8804458059481204,0.0,1.0,1.0,0.6666666666666666,0.8007040569008955,0.9743589743589742,1,0.6,1,1.0,0,0.4419577864368714,1,0.7202475707158337,1,0.7447142408488693,1,0.66,tested_negative,1,0.30551340033307095
519,0.5,0.9076923076923077,0.3157894736842105,0.6666666666666666,0.3076923076923077,0.6175173917885048,0.6175173917885048,0.0,0.5659722222222222,1.0,0.5612433263615073,0.998,0.7559445369502581,0.0,1.0,1.0,0.7228915662650602,0.8357304506679986,0.9629629629629631,0,0.2,1,1.0,0,0.3930280493370012,1,0.8197589836979415,0,0.3789379047362172,1,0.62,tested_negative,3,0.43137917703814
520,0.1,0.0,0.08487084870848705,0.6666666666666666,0.46153846153846156,0.11161736030807812,0.11161736030807812,0.0,0.5659722222222222,0.0,0.42542927380931117,0.982,0.8474891946681642,0.0,0.958,1.0,0.6868965517241379,0.8143487174131897,0.9677419354838711,1,1.0,1,1.0,1,0.9877305061272466,1,0.9802990749256772,1,0.889012364620353,1,0.98,tested_negative,0,0.027159675721120435
521,0.5,0.676923076923077,0.08487084870848705,0.6666666666666666,0.5384615384615384,0.1903138815602874,0.1903138815602874,0.0,0.5659722222222222,0.3333333333333333,0.5330466256585958,0.998,0.8706721625709832,0.0,0.99,1.0,0.7126729209731277,0.8208462491073634,0.9523809523809523,1,0.8,1,1.0,1,0.8826732323106955,1,0.7785814311572016,1,0.8492525459681038,1,0.74,tested_negative,0,0.1582487984273332
522,0.1,0.0,0.08487084870848705,0.6666666666666666,0.46153846153846156,0.11142761784958999,0.11142761784958999,0.0,0.5659722222222222,0.3333333333333333,0.35626817403008637,0.996,0.913974201508531,0.0037313432835820895,0.99,1.0,0.6666666666666666,0.7449168520425677,0.9629629629629631,1,1.0,1,1.0,1,0.9979315457791843,1,0.9641081076243265,1,0.8092637283986635,1,0.91,tested_negative,0,0.053116103032970874
523,0.4,0.823076923076923,0.2753623188405797,0.6666666666666666,0.5384615384615384,0.4257230052832145,0.4257230052832145,0.46399999999999997,0.7673611111111112,0.0,0.4351654276003051,0.9888059701492538,0.8666783263751971,0.0,0.9925373134328358,1.0,0.6666666666666666,0.8293113891071746,0.98989898989899,0,0.4,1,1.0,1,0.6940096895457564,1,0.7033218886348541,1,0.7186142617758358,1,0.63,tested_positive,1,0.3090090266739257
524,0.3,0.9846153846153847,0.08487084870848705,0.6666666666666666,0.7692307692307693,0.14821271317537477,0.14821271317537477,0.0,0.5659722222222222,0.5,0.5697203081455607,0.998,0.9445048923142039,0.0037313432835820895,0.986,1.0,0.6666666666666666,0.7899275961144959,0.9913043478260869,1,0.6,0,0.0,1,0.9402176709552722,1,0.7490170318931005,1,0.716880684264611,1,0.61,tested_negative,1,0.397314102147836
525,0.0,0.0,0.08487084870848705,0.6666666666666666,0.46153846153846156,0.10995304017485807,0.10995304017485807,0.0,0.5659722222222222,0.0,0.4212440540705461,0.978,0.8745157091474285,0.0,0.922,1.0,0.6666666666666666,0.8140750722108481,0.9743589743589742,1,1.0,1,1.0,1,0.9922968194460722,1,0.9547964607679228,1,0.8643017691213644,1,0.98,tested_negative,0,0.034767491777439985
526,0.0,0.0,0.08487084870848705,0.6666666666666666,0.46153846153846156,0.10856716194318994,0.10856716194318994,0.0,0.5659722222222222,0.0,0.26614592927591807,0.852,0.8178951794623667,0.0,0.904,1.0,0.6666666666666666,0.8032049727853278,0.9924433249370277,1,1.0,1,1.0,1,0.9956561530613601,1,0.9739809115569944,1,0.9408804615422333,1,1.0,tested_negative,0,0.01491374563990211
527,0.1,0.0,0.08487084870848705,0.6666666666666666,0.46153846153846156,0.12486792698063076,0.12486792698063076,0.0,0.5659722222222222,0.0,0.3729976100819161,0.98,0.8466923775780841,0.0,0.962,1.0,0.6704562453253553,0.8048153731615506,0.9606035205364628,1,1.0,1,1.0,1,0.9641471412167479,1,0.8962741743750432,1,0.8897086390765401,1,0.96,tested_negative,0,0.04831167422194482
528,0.2,0.0,0.08487084870848705,0.6666666666666666,0.46153846153846156,0.15657544297136894,0.15657544297136894,0.0,0.5659722222222222,0.3333333333333333,0.4704056279974256,0.994,0.8721227180135601,0.0037313432835820895,0.982,1.0,0.6666666666666666,0.8363334818320468,0.9836065573770493,1,0.8,1,1.0,1,0.9273938500063763,1,0.867588329085541,1,0.8413995313262951,1,0.81,tested_negative,0,0.12560304826363122
529,0.1,0.7076923076923076,0.04878048780487809,1.0,0.3076923076923077,0.13051731024316626,0.13051731024316626,0.0,0.5659722222222222,0.0,0.41630609687788045,0.98,0.8450469572732506,0.0,0.988,1.0,0.6666666666666666,0.7979711264121621,0.9403341288782816,1,1.0,1,1.0,1,0.9585922667681431,1,0.876030782159501,1,0.8350826914521016,1,0.87,tested_negative,0,0.07671570993670906
530,0.0,0.8692307692307693,0.08487084870848705,0.6666666666666666,0.5384615384615384,0.14868512605647655,0.14868512605647655,0.0,0.5659722222222222,0.0,0.3998814703531939,0.97,0.8366241459780457,0.0,0.97,1.0,0.6758620689655173,0.8321152963939424,0.9803250641573996,1,1.0,1,1.0,1,0.9345872318519471,1,0.7632930791257839,1,0.8566887631668934,1,0.89,tested_negative,0,0.092571820975896
531,0.2,0.9846153846153847,0.08487084870848705,0.6666666666666666,0.6923076923076923,0.2024280445954485,0.2024280445954485,0.0,0.5659722222222222,1.0,0.5708731645558283,0.998,0.9003995004266463,0.0,1.0,1.0,0.6666666666666666,0.7620739785878244,0.9586374695863747,1,0.6,1,1.0,1,0.8366052951659105,1,0.6456315439473459,1,0.6922441537895653,1,0.59,tested_negative,0,0.2725865011828631
532,0.2,0.9846153846153847,0.3988439306358381,1.0,0.5384615384615384,0.30709301371208353,0.30709301371208353,0.0,0.5659722222222222,0.0,0.3996650303555638,0.992,0.8029865344969688,0.0,0.992,1.0,0.7027027027027026,0.8077018935740135,0.9403341288782816,1,0.8,1,1.0,1,0.7325496871490508,1,0.7733439128578625,1,0.8062242323128522,1,0.78,tested_negative,0,0.18464702794670573
533,0.4,0.7846153846153846,0.3988439306358381,1.0,0.6153846153846154,0.29335469112799073,0.29335469112799073,0.0,0.5659722222222222,0.3333333333333333,0.5995176397894583,0.998,0.9612650361373917,0.0037313432835820895,0.996,1.0,0.6666666666666666,0.8047892794464906,0.9803250641573996,0,0.4,1,1.0,1,0.814088179062386,1,0.7479548766080213,1,0.6285005562217532,1,0.72,tested_negative,1,0.28157606468464
534,0.2,0.9461538461538461,0.08487084870848705,0.6666666666666666,0.5384615384615384,0.21453130291197708,0.21453130291197708,0.0,0.5659722222222222,0.5,0.45946027308338944,0.994,0.8313541446677106,0.0037313432835820895,0.994,1.0,0.6950354609929077,0.8623573527235575,1.0,1,0.8,1,1.0,1,0.8754225832157543,1,0.8786297596582409,1,0.8719286800697347,1,0.76,tested_negative,0,0.13566982950937845
535,0.5,0.9307692307692308,0.2753623188405797,0.6666666666666666,0.38461538461538464,0.5904989411006998,0.5904989411006998,0.46399999999999997,0.7673611111111112,1.0,0.5352793485638734,0.996268656716418,0.894105689327258,0.002,0.9925373134328358,1.0,0.6666666666666666,0.7527040287099166,0.9309504467912266,1,0.8,0,0.0,0,0.4112159575651181,1,0.5070260216704073,1,0.5717972205546028,1,0.54,tested_positive,2,0.5283268000349786
536,0.6,0.9538461538461538,0.3988439306358381,1.0,0.7692307692307693,0.1671165880941733,0.1671165880941733,0.0,0.5659722222222222,0.0,0.3615627120510495,0.996,0.888296243668456,0.0037313432835820895,0.998,1.0,0.6666666666666666,0.8007709505248303,0.98989898989899,0,0.2,0,0.0,1,0.8896380045445196,1,0.8873309097007793,1,0.5695503460661305,1,0.77,tested_negative,2,0.4472467899480951
537,0.2,0.7076923076923076,0.04878048780487809,1.0,0.3076923076923077,0.13005610115505128,0.13005610115505128,0.0,0.5659722222222222,1.0,0.5239801134578492,0.998,0.8377642827761267,0.0,0.998,1.0,0.6666666666666666,0.7765981798633131,0.9743589743589742,1,0.8,1,1.0,1,0.9409948210657011,1,0.9684383453269327,1,0.7622186560743629,1,0.78,tested_negative,0,0.12472469625550042
538,0.2,0.9,0.08487084870848705,0.6666666666666666,0.6153846153846154,0.3936242805361837,0.3936242805361837,0.0,0.5659722222222222,0.0,0.45132384218563026,0.992,0.8364148094240166,0.0037313432835820895,0.996,1.0,0.6666666666666666,0.8129678386497308,0.8955223880597015,1,0.8,0,0.0,1,0.5615012595717038,1,0.6847589776609923,1,0.6257147254162229,1,0.61,tested_negative,1,0.4530041728918469
539,0.3,0.823076923076923,0.2753623188405797,0.6666666666666666,0.5384615384615384,0.3662180255547445,0.3662180255547445,0.46399999999999997,0.7673611111111112,0.5,0.4832269825052833,0.9925373134328358,0.8343485933737096,0.0,0.9888059701492538,1.0,0.759493670886076,0.8150680541613543,0.9030828128148296,0,0.4,1,1.0,1,0.7419947945405729,0,0.4475243676953117,0,0.4059760157961354,1,0.67,tested_positive,3,0.3890841369946634
540,0.5,0.9076923076923077,0.6011560693641618,1.0,0.46153846153846156,0.3984885920665392,0.3984885920665392,0.46399999999999997,0.7673611111111112,1.0,0.5297084678789852,0.996268656716418,0.8311021046199313,0.002,1.0,1.0,0.8036578805809576,0.879907274168765,0.9924433249370277,0,0.4,0,0.0,1,0.5986153607790764,0,0.40948139474373096,0,0.3845880056882752,0,0.48,tested_positive,5,0.6212192064648197
541,0.8,0.9923076923076923,0.2753623188405797,0.6666666666666666,0.8461538461538461,0.7624477230754326,0.7624477230754326,0.46399999999999997,0.7673611111111112,1.0,0.6754271786528977,0.996268656716418,0.9259705317102439,0.01,1.0,1.0,0.725925925925926,0.8381269766295447,0.9385749385749387,0,0.0,0,0.0,0,0.18598926711590855,0,0.3083267971222914,0,0.17498625363161463,0,0.25,tested_positive,6,0.8467829470216975
542,0.4,0.9846153846153847,0.6011560693641618,1.0,0.6153846153846154,0.3992981972702402,0.3992981972702402,0.46399999999999997,0.7673611111111112,0.0,0.4838410151727738,0.9925373134328358,0.8187073046838469,0.002,0.996268656716418,1.0,0.6666666666666666,0.8453500430070722,0.9677419354838711,0,0.4,1,1.0,1,0.7685454745787587,0,0.4849733698729399,0,0.38661351993678106,0,0.41,tested_positive,4,0.42497793926858674
543,0.1,0.676923076923077,0.08487084870848705,0.6666666666666666,0.5384615384615384,0.14523926739095916,0.14523926739095916,0.0,0.5659722222222222,1.0,0.5056669251958821,0.998,0.8338923482860708,0.0,0.996,1.0,0.6810515119282783,0.7962438744144538,0.9314420803782505,1,0.8,1,1.0,1,0.9342555233692337,1,0.8867706040502004,1,0.9156344366050638,1,0.86,tested_negative,0,0.10055657266258367
544,0.0,0.7846153846153846,0.3988439306358381,1.0,0.6153846153846154,0.12653487941516373,0.12653487941516373,0.0,0.5659722222222222,0.0,0.4321391094478845,0.978,0.8498427864584093,0.0,0.958,1.0,0.7027027027027026,0.8268660579998671,0.9836065573770493,1,1.0,1,1.0,1,0.9648680297131346,1,0.9338647433546295,1,0.8730947821180438,1,0.95,tested_negative,0,0.046362074135698594
545,0.0,0.6461538461538461,0.2753623188405797,0.6666666666666666,0.46153846153846156,0.25148722977206717,0.25148722977206717,0.46399999999999997,0.7673611111111112,0.0,0.4215817413517937,0.9477611940298507,0.7294552382715147,0.0,0.9850746268656716,1.0,0.6924428822495606,0.8278243973032231,0.9230769230769231,1,1.0,1,1.0,1,0.9832435871435731,1,0.8514536554592292,1,0.9051878194442243,1,0.93,tested_positive,0,0.05501915632549548
546,0.3,0.9692307692307692,0.2753623188405797,0.6666666666666666,0.6923076923076923,0.24707971875956825,0.24707971875956825,0.46399999999999997,0.7673611111111112,0.5,0.44144739104031405,0.9850746268656716,0.7851137508563858,0.002,0.9888059701492538,1.0,0.6900175131348512,0.8503336681293451,0.9523809523809523,1,0.6,1,1.0,1,0.995249085088219,1,0.9680328411767918,1,0.9063268347883462,1,0.91,tested_positive,0,0.10339853982444047
547,0.4,1.0,0.7246376811594203,0.6666666666666666,0.8461538461538461,0.2233707329757073,0.2233707329757073,0.0,0.5659722222222222,0.0,0.46225555869371426,0.992,0.8444920758669707,0.0,0.99,1.0,0.6812585499316005,0.8259820583723242,0.9279352226720647,1,0.8,0,0.0,1,0.8069625211547302,1,0.6689633054802504,1,0.8159243780714073,1,0.53,tested_negative,1,0.39635829921560195
548,0.8,0.9846153846153847,0.7246376811594203,0.6666666666666666,0.6153846153846154,0.6401096876513109,0.6401096876513109,0.0,0.5659722222222222,1.0,0.5787462787734936,0.998,0.8081904005197732,0.011194029850746268,1.0,1.0,0.7027027027027026,0.7967209061857097,0.9324654190398699,1,0.6,0,0.0,0,0.24061506774415772,0,0.38449697231540136,0,0.17456669925615464,0,0.17,tested_negative,5,0.7383868767807145
549,0.7,0.9769230769230769,0.3157894736842105,0.6666666666666666,0.5384615384615384,0.7356310634649901,0.7356310634649901,0.0,0.5659722222222222,1.0,0.5090271404298771,0.998,0.787136305913887,0.0037313432835820895,1.0,1.0,0.6666666666666666,0.8144461626071826,0.9973890339425586,0,0.0,0,0.0,0,0.04262993531786671,0,0.21209762107951569,0,0.1426173885006136,0,0.44,tested_negative,6,0.8604425091836674
550,0.1,0.0,0.08487084870848705,0.6666666666666666,0.46153846153846156,0.12137950241435036,0.12137950241435036,0.0,0.5659722222222222,0.0,0.41865131072670414,0.98,0.88409592725073,0.0,0.924,1.0,0.6666666666666666,0.8111219927468324,0.9786507258753201,1,1.0,1,1.0,1,0.9740479506566246,1,0.8908452101838406,1,0.909504468111462,1,0.92,tested_negative,0,0.050933728508012144
551,0.0,0.9461538461538461,0.08487084870848705,0.6666666666666666,0.5384615384615384,0.12809529630562966,0.12809529630562966,0.0,0.5659722222222222,0.0,0.4076021385779297,0.976,0.8415520153393493,0.0,0.974,1.0,0.7050359712230216,0.8504116830538716,1.0,1,1.0,1,1.0,1,0.9651377968826134,1,0.9091177320108395,1,0.9086261740678853,1,0.87,tested_negative,0,0.057853049506443543
552,0.3,0.9769230769230769,0.3988439306358381,1.0,0.7692307692307693,0.2906570400742745,0.2906570400742745,0.0,0.5659722222222222,0.0,0.3809842144687938,0.988,0.8604572477484383,0.0,0.992,1.0,0.6666666666666666,0.7999683033361725,0.9853826311263972,1,0.8,1,1.0,1,0.7711953843047789,1,0.7367337531226963,1,0.8545039731719878,1,0.66,tested_negative,0,0.19626114823342278
553,0.0,0.0,0.08487084870848705,0.6666666666666666,0.46153846153846156,0.11575319687223395,0.11575319687223395,0.0,0.5659722222222222,0.0,0.34057640505104414,0.888,0.8509557056691484,0.0,0.886,1.0,0.6853146853146853,0.8271730444956055,0.9786507258753201,1,1.0,1,1.0,1,0.9815254155245048,1,0.9298190711950463,1,0.9006767464494283,1,0.99,tested_negative,0,0.0329964611385033
554,0.0,0.676923076923077,0.08487084870848705,0.6666666666666666,0.5384615384615384,0.13315673388879246,0.13315673388879246,0.0,0.5659722222222222,0.0,0.39286595417002645,0.964,0.8334591442280863,0.0,0.974,1.0,0.7027027027027026,0.8223061000147288,0.9421487603305786,1,1.0,1,1.0,1,0.9642070124897182,1,0.8963456544734123,1,0.9078570918812235,1,0.94,tested_negative,0,0.048598373525940985
555,0.2,0.7076923076923076,0.04878048780487809,1.0,0.3076923076923077,0.3135310357579202,0.3135310357579202,0.0,0.5659722222222222,0.0,0.4062619121741109,0.99,0.7857946017090809,0.0,0.996,1.0,0.6814657138513,0.875706822798922,0.9629629629629631,1,0.8,1,1.0,1,0.7253222533625472,1,0.7763222711032731,1,0.7053005191439199,1,0.68,tested_negative,0,0.21884249273171008
556,0.1,0.7846153846153846,0.3988439306358381,1.0,0.6153846153846154,0.15835342638829797,0.15835342638829797,0.0,0.5659722222222222,0.5,0.5262587124871135,0.998,0.8788488759911565,0.0037313432835820895,0.986,1.0,0.6666666666666666,0.8035245290890645,0.9924433249370277,1,0.8,1,1.0,1,0.9096635978850112,1,0.8248834347663552,1,0.8771254258045887,1,0.88,tested_negative,0,0.11805459025734077
557,0.1,0.9923076923076923,0.3988439306358381,1.0,0.9230769230769231,0.2926989208132891,0.2926989208132891,0.0,0.5659722222222222,0.0,0.41415685404540004,0.988,0.8851488197367273,0.0,0.984,1.0,0.6666666666666666,0.8139487733198207,0.9853826311263972,1,0.8,0,0.0,1,0.7311744016359112,1,0.6927620526898226,1,0.787517725427418,1,0.65,tested_negative,1,0.38975763670780805
558,0.5,0.9538461538461538,0.3988439306358381,1.0,0.7692307692307693,0.6405821694128425,0.6405821694128425,0.0,0.5659722222222222,0.0,0.4848890681477651,0.994,0.8184510210056505,0.0037313432835820895,0.996,1.0,0.6666666666666666,0.816185963615266,0.977667493796526,1,0.8,0,0.0,0,0.3300881345411586,0,0.3545963050178573,1,0.6092187264931465,1,0.59,tested_negative,3,0.5526828056579729
559,0.3,0.7846153846153846,0.3988439306358381,1.0,0.6153846153846154,0.27117616417932977,0.27117616417932977,0.0,0.5659722222222222,0.25,0.440239277469476,0.996,0.8893868288418578,0.0037313432835820895,0.994,1.0,0.6666666666666666,0.7990845678029971,0.9753191489361701,1,0.6,0,0.0,1,0.6950742238339435,1,0.7762179177870419,1,0.7628126818896798,1,0.53,tested_negative,1,0.43931586274822243
560,0.7,0.9923076923076923,0.6011560693641618,1.0,0.7692307692307693,0.6241497441980255,0.6241497441980255,0.46399999999999997,0.7673611111111112,0.5,0.5173344413039318,0.996268656716418,0.9114727544860126,0.008,1.0,1.0,0.6666666666666666,0.8097318889506917,0.9629629629629631,0,0.2,1,1.0,0,0.3423009489676462,0,0.43851227686666466,0,0.3074218693481239,0,0.38,tested_positive,5,0.5552941508029277
561,0.2,0.6461538461538461,0.2753623188405797,0.6666666666666666,0.46153846153846156,0.2515123744416985,0.2515123744416985,0.46399999999999997,0.7673611111111112,0.0,0.4580282574266391,0.9925373134328358,0.8118661469744691,0.0,0.9925373134328358,0.875,0.6644182124789206,0.803196315423644,0.9677419354838711,1,1.0,1,1.0,1,0.9873935184006083,1,0.8917881497960006,1,0.9259503005243483,1,0.77,tested_positive,0,0.07081133854650723
562,0.0,0.676923076923077,0.08487084870848705,0.6666666666666666,0.5384615384615384,0.13173324879092374,0.13173324879092374,0.0,0.5659722222222222,0.0,0.3452923423244567,0.97,0.8627905333765971,0.0,0.948,1.0,0.6950354609929077,0.8135220908335256,0.9448441247002397,1,1.0,1,1.0,1,0.9550893157146543,1,0.8832884056965901,1,0.8842656757761457,1,0.97,tested_negative,0,0.0512261004687683
563,0.1,0.7846153846153846,0.3988439306358381,1.0,0.6153846153846154,0.13554797565080468,0.13554797565080468,0.0,0.5659722222222222,0.5,0.5047945065437328,0.998,0.8681110485837429,0.0,0.992,1.0,0.7005649717514125,0.8742259457252316,0.9974683544303797,1,0.8,1,1.0,1,0.9586755475457449,1,0.8567835778072678,1,0.8820419617070043,1,0.85,tested_negative,0,0.10874981882333046
564,0.2,0.9846153846153847,0.08487084870848705,0.6666666666666666,0.6923076923076923,0.13206775574816854,0.13206775574816854,0.0,0.5659722222222222,0.0,0.441573361295575,0.992,0.879227869887426,0.0,0.984,1.0,0.6666666666666666,0.7808340867520026,0.9633251833740831,1,0.8,1,1.0,1,0.962458746051288,1,0.9267300765166672,1,0.887699879876986,1,0.87,tested_negative,0,0.09218521625917642
565,0.1,0.8692307692307693,0.08487084870848705,0.6666666666666666,0.5384615384615384,0.1190516882232191,0.1190516882232191,0.0,0.5659722222222222,0.0,0.2940698416392772,0.99,0.8786845830017089,0.0,0.944,1.0,0.6758620689655173,0.8344704435598738,0.9825436408977556,1,0.8,1,1.0,1,0.9756953917818456,1,0.8924250923867674,1,0.911161830825061,1,0.97,tested_negative,0,0.07511961416772106
566,0.1,0.8846153846153846,0.08487084870848705,0.6666666666666666,0.6923076923076923,0.13398919331983894,0.13398919331983894,0.0,0.5659722222222222,0.0,0.44233909847421515,0.986,0.8722922873801469,0.0,0.962,1.0,0.6666666666666666,0.8147470837363516,1.0,1,0.8,1,1.0,1,0.956112630857107,1,0.8386587297973394,1,0.8978450085135288,1,0.96,tested_negative,0,0.09123060513867076
567,0.1,0.9538461538461538,0.3988439306358381,1.0,0.6923076923076923,0.20119308452120976,0.20119308452120976,0.0,0.5659722222222222,0.0,0.4080080361789751,0.99,0.804581993263816,0.0,0.996,0.875,0.6660722246990638,0.9011248089048056,0.98989898989899,1,0.8,0,0.0,1,0.858221850159398,1,0.8298762196022431,1,0.8665018049099154,1,0.72,tested_negative,1,0.3209000208880739
568,0.6,0.9692307692307692,0.7246376811594203,0.6666666666666666,0.6153846153846154,0.4378765009520783,0.4378765009520783,0.0,0.5659722222222222,0.5,0.40470540989217063,0.996,0.8508176239209402,0.007462686567164179,0.996,1.0,0.7202313996464728,0.8457440182646181,0.9836065573770493,0,0.4,0,0.0,1,0.5544907620255535,0,0.4576243107809579,0,0.2947401719200246,0,0.26,tested_negative,5,0.6721907925455772
569,0.8,0.9461538461538461,0.6011560693641618,1.0,0.6153846153846154,0.7939040857095001,0.7939040857095001,0.46399999999999997,0.7673611111111112,0.0,0.4716479707976955,0.9888059701492538,0.8274332149955619,0.004,1.0,1.0,0.6666666666666666,0.8338250827105423,1.0,0,0.2,0,0.0,0,0.1704291011168123,0,0.221965734143542,0,0.24824062962646207,0,0.28,tested_positive,6,0.8132274225188639
570,0.5,0.7846153846153846,0.3988439306358381,1.0,0.6153846153846154,0.133456213589634,0.133456213589634,0.0,0.5659722222222222,0.0,0.4984386917736041,0.996,0.8733036749961856,0.0,0.998,1.0,0.6666666666666666,0.806168474291749,0.937040065412919,0,0.4,1,1.0,1,0.9625729292417273,1,0.9298566070381609,1,0.8543683308641974,1,0.8,tested_negative,1,0.17553368880931908
571,0.1,0.9,0.3157894736842105,0.6666666666666666,0.46153846153846156,0.13320750494779632,0.13320750494779632,0.0,0.5659722222222222,0.0,0.2351993745375085,0.982,0.8506920549951056,0.0,0.99,1.0,0.6666666666666666,0.7448728928114813,0.904498816101026,1,1.0,1,1.0,1,0.9554215946223363,1,0.9071182077822909,1,0.9164201766603127,1,0.93,tested_negative,0,0.04850667015584331
572,0.0,0.0,0.08487084870848705,0.6666666666666666,0.46153846153846156,0.12758368006006515,0.12758368006006515,0.0,0.5659722222222222,0.0,0.4322296633043605,0.974,0.8522571824779298,0.0,0.968,1.0,0.6758620689655173,0.850071778716043,0.9913043478260869,1,1.0,1,1.0,1,0.9614806380915283,1,0.8202139683969358,1,0.8772541259693132,1,0.96,tested_negative,0,0.06350854459037036
573,0.0,0.676923076923077,0.08487084870848705,0.6666666666666666,0.5384615384615384,0.12534592170868275,0.12534592170868275,0.0,0.5659722222222222,0.0,0.28166449004712,0.886,0.8085646599329352,0.0,0.952,1.0,0.6758620689655173,0.8191464345716711,0.9974683544303797,1,1.0,1,1.0,1,0.9721617214940773,1,0.8853806566913507,1,0.9067171590096995,1,0.96,tested_negative,0,0.04595674380081205
574,0.2,0.8846153846153846,0.7246376811594203,0.6666666666666666,0.6923076923076923,0.6609149405051864,0.6609149405051864,0.0,0.5659722222222222,0.0,0.4103982440935615,0.99,0.7895766862325335,0.0,0.996,1.0,0.6853146853146853,0.8498856929514277,1.0,1,0.6,1,1.0,0,0.1298739083640655,1,0.6818630247657935,1,0.5122668485691574,1,0.73,tested_negative,1,0.3909993697168306
575,0.2,0.9846153846153847,0.08487084870848705,0.6666666666666666,0.6153846153846154,0.19880200262650083,0.19880200262650083,0.0,0.5659722222222222,0.0,0.4126634750265461,0.99,0.8171381494217995,0.0,0.996,1.0,0.7027027027027026,0.7871459605952356,0.9057471264367817,1,0.8,0,0.0,1,0.8544959310738107,1,0.6836951615885183,1,0.6982082975146202,1,0.76,tested_negative,1,0.36726676830384175
576,0.2,0.7076923076923076,0.04878048780487809,1.0,0.3076923076923077,0.188769922125823,0.188769922125823,0.0,0.5659722222222222,0.5,0.5154614883790055,0.998,0.8175431398669321,0.0037313432835820895,0.998,1.0,0.7545638945233266,0.8780952580123277,0.9629629629629631,1,0.8,1,1.0,1,0.8499587425506098,1,0.7250189785635084,1,0.7834548537952802,1,0.78,tested_negative,0,0.17692790418176685
577,0.6,0.9923076923076923,0.915129151291513,0.6666666666666666,0.7692307692307693,0.7827168973825872,0.7827168973825872,0.46399999999999997,0.7673611111111112,0.75,0.5525590101214926,0.996268656716418,0.9000270650841887,0.006,0.996268656716418,1.0,0.6666666666666666,0.7623413382081937,0.9099307159353348,0,0.4,0,0.0,0,0.14775814396403586,0,0.3933248653813487,0,0.3338576047165469,0,0.24,tested_positive,6,0.7475098976563448
578,0.4,0.9692307692307692,0.3157894736842105,0.6666666666666666,0.6923076923076923,0.40325204809541404,0.40325204809541404,0.0,0.5659722222222222,0.0,0.4087731625964245,0.996,0.9029745062011145,0.0,0.994,1.0,0.6666666666666666,0.7991412659599566,0.9720101781170483,0,0.4,1,1.0,1,0.6740645137667253,1,0.5867352034793574,1,0.5344943809051337,1,0.58,tested_negative,1,0.3707843169747973
579,0.6,0.9692307692307692,0.2753623188405797,0.6666666666666666,0.6923076923076923,0.2454153852812988,0.2454153852812988,0.46399999999999997,0.7673611111111112,1.0,0.5140797661904044,0.996268656716418,0.6440238024919147,0.0,1.0,0.875,0.46511627906976744,0.733893601947067,0.9044988161010259,1,0.8,1,1.0,1,0.9992422899512641,1,0.9127103940005566,1,0.5131128556557977,1,0.73,tested_positive,0,0.1741557433987303
580,0.6,0.9769230769230769,0.2753623188405797,0.6666666666666666,0.5384615384615384,0.5011284545672687,0.5011284545672687,0.46399999999999997,0.7673611111111112,0.5,0.6476744146108031,0.996268656716418,0.9270239698256831,0.004,0.996268656716418,1.0,0.6666666666666666,0.7365511205225347,0.8098939929328621,0,0.4,0,0.0,1,0.5427214874535978,1,0.5914887477359869,0,0.37584175986478885,0,0.34,tested_positive,4,0.6249913341576043
581,0.1,0.0,0.08487084870848705,0.6666666666666666,0.46153846153846156,0.12987259316972022,0.12987259316972022,0.0,0.5659722222222222,0.3333333333333333,0.5849959574352261,0.998,0.9289178790856538,0.0037313432835820895,0.994,1.0,0.6666666666666666,0.8578410278794919,0.9743589743589742,1,1.0,1,1.0,1,0.965318816506291,1,0.8587502460028515,1,0.884089383619088,1,0.98,tested_negative,0,0.051973592311961525
582,0.1,0.9538461538461538,0.3988439306358381,1.0,1.0,0.5981126196520392,0.5981126196520392,0.0,0.5659722222222222,0.0,0.42179805188823316,0.982,0.8020566056151134,0.0,0.996,1.0,0.6666666666666666,0.7934438036523707,0.9638351555929353,1,1.0,1,1.0,0,0.33099462601693386,1,0.5660787122308253,1,0.8280765887962872,1,0.75,tested_negative,1,0.25414167882599215
583,0.7,0.9538461538461538,0.3988439306358381,1.0,0.7692307692307693,0.31992641230857766,0.31992641230857766,0.0,0.5659722222222222,1.0,0.5071720138705478,0.998,0.8965534872647024,0.0,0.996,1.0,0.6666666666666666,0.8188891056233536,0.9924433249370277,0,0.4,0,0.0,1,0.6436539887026926,1,0.6136071950408848,1,0.767280954488664,1,0.73,tested_negative,2,0.47424297696129314
584,0.4,0.9076923076923077,0.6011560693641618,1.0,0.46153846153846156,0.2454446419838754,0.2454446419838754,0.46399999999999997,0.7673611111111112,0.0,0.4567742689785135,0.9925373134328358,0.7774868424619241,0.0,0.996268656716418,1.0,0.7654320987654322,0.8758554512903094,0.9991281604184831,1,0.8,1,1.0,1,0.9999752910282046,0,0.36927929157808953,1,0.6902920545470241,1,0.53,tested_positive,1,0.2684088938077803
585,0.0,0.0,0.08487084870848705,0.6666666666666666,0.46153846153846156,0.11050188705315644,0.11050188705315644,0.0,0.5659722222222222,0.0,0.2793643652239929,0.914,0.8579033209813538,0.0,0.908,1.0,0.6666666666666666,0.8013670598069675,0.9913043478260869,1,1.0,1,1.0,1,0.9889729641696062,1,0.9481666217835922,1,0.9235234345926124,1,1.0,tested_negative,0,0.02322282990903146
586,0.3,0.9923076923076923,0.2753623188405797,0.6666666666666666,0.5384615384615384,0.4635149677689824,0.4635149677689824,0.46399999999999997,0.7673611111111112,0.0,0.3890830924524984,0.9850746268656716,0.8840910757882583,0.0,0.9925373134328358,1.0,0.6666666666666666,0.8081109708611333,0.9268292682926829,1,0.8,1,1.0,1,0.5152498092802426,1,0.6307097760810265,1,0.6660360288159408,1,0.69,tested_positive,0,0.28300073097046496
587,0.3,0.7076923076923076,0.04878048780487809,1.0,0.3076923076923077,0.12685581100387777,0.12685581100387777,0.0,0.5659722222222222,0.5,0.40134750400206787,0.994,0.9151688497479515,0.0037313432835820895,0.984,1.0,0.6666666666666666,0.8223160180000028,0.977667493796526,1,0.6,1,1.0,1,0.968453310933539,1,0.8886197946615144,1,0.8456383418552442,1,0.91,tested_negative,0,0.1312147587582837
588,0.2,0.9692307692307692,0.2753623188405797,0.6666666666666666,0.6923076923076923,0.2539208183263395,0.2539208183263395,0.46399999999999997,0.7673611111111112,0.0,0.4283207336833682,0.9776119402985075,0.7819361392243258,0.0,0.9925373134328358,1.0,0.7176684881602914,0.8517764089626638,0.9762578958832498,1,0.8,1,1.0,1,0.9713773807329736,1,0.8288208749025788,1,0.8750834438590395,1,0.9,tested_positive,0,0.10411971675090126
589,0.1,0.0,0.08487084870848705,0.6666666666666666,0.46153846153846156,0.12620364627332537,0.12620364627332537,0.0,0.5659722222222222,0.0,0.3553760249482426,0.992,0.8708202991901111,0.0,0.986,1.0,0.6666666666666666,0.7327289837942685,0.8853932584269663,1,0.8,1,1.0,1,0.9615870729063627,1,0.9682352516145055,1,0.9036310088015358,1,0.97,tested_negative,0,0.06609111111293275
590,0.4,0.9076923076923077,0.6011560693641618,1.0,0.46153846153846156,0.26994035049594145,0.26994035049594145,0.46399999999999997,0.7673611111111112,0.0,0.3996518852277363,0.9888059701492538,0.8129986791677872,0.0,0.9925373134328358,1.0,0.6666666666666666,0.8315692873076759,0.98989898989899,1,1.0,1,1.0,1,0.9310519047991406,1,0.8345477994510173,1,0.8457046721333342,1,0.67,tested_positive,0,0.11978260393608464
591,0.1,0.676923076923077,0.08487084870848705,0.6666666666666666,0.5384615384615384,0.24404672592648302,0.24404672592648302,0.0,0.5659722222222222,0.0,0.35150667735491425,0.988,0.8496872514998622,0.0,0.99,1.0,0.6843792945487861,0.7821132911037498,0.9358669833729216,1,1.0,1,1.0,1,0.7986033856215814,1,0.8058330375923036,1,0.8771092128317494,1,0.88,tested_negative,0,0.10640906065906097
592,0.6,0.9923076923076923,0.2753623188405797,0.6666666666666666,0.9230769230769231,0.687032913844609,0.687032913844609,0.46399999999999997,0.7673611111111112,1.0,0.535733216150319,0.996268656716418,0.8985713050715359,0.002,0.996268656716418,1.0,0.6666666666666666,0.8028061376481495,0.9702970297029702,1,0.6,1,1.0,0,0.31548438120576533,0,0.41953888257902155,1,0.6371705520410128,0,0.5,tested_positive,3,0.4213010306957
593,0.1,0.8692307692307693,0.08487084870848705,0.6666666666666666,0.5384615384615384,0.557318047065553,0.557318047065553,0.0,0.5659722222222222,0.0,0.4029105119758537,0.98,0.7399048037779352,0.0,0.996,1.0,0.7050359712230216,0.8465024986808732,0.9973890339425586,1,1.0,1,1.0,0,0.26333417819357124,1,0.7621002025226933,1,0.7647463103410261,1,0.86,tested_negative,1,0.22496988482378477
594,0.4,1.0,0.3988439306358381,1.0,0.6923076923076923,0.5774376163747191,0.5774376163747191,0.0,0.5659722222222222,0.0,0.4974395657020999,0.996,0.807953792464064,0.0,1.0,1.0,0.8,0.8663951751900993,0.9629629629629631,0,0.4,0,0.0,0,0.3760454094947744,1,0.579066886254617,0,0.44767975073127053,0,0.43,tested_negative,5,0.6278679922532231
595,0.8,0.6461538461538461,0.2753623188405797,0.6666666666666666,0.46153846153846156,0.31282001855125086,0.31282001855125086,0.46399999999999997,0.7673611111111112,1.0,0.5087499964383211,0.996268656716418,0.7707090308245177,0.002,1.0,1.0,0.6666666666666666,0.7741771539495842,0.9447650453421269,1,0.8,1,1.0,1,0.7340235201800999,1,0.6191360814435533,1,0.6408780876579226,1,0.58,tested_positive,0,0.27099371845307074
596,0.2,0.9923076923076923,0.3988439306358381,1.0,0.7692307692307693,0.18190878354824203,0.18190878354824203,0.0,0.5659722222222222,1.0,0.5478490084114658,0.998,0.8724689217211232,0.0,1.0,1.0,0.6666666666666666,0.7715509573860183,0.98989898989899,1,0.6,0,0.0,1,0.8617400976601001,1,0.8771834607374633,1,0.6516506374711429,1,0.59,tested_negative,1,0.4032376340218823
597,0.0,0.0,0.08487084870848705,0.6666666666666666,0.46153846153846156,0.12157330275443967,0.12157330275443967,0.0,0.5659722222222222,0.0,0.39394043147495894,0.882,0.7711951097227429,0.0,0.988,1.0,0.6666666666666666,0.7983211683977208,0.9853826311263972,1,1.0,1,1.0,1,0.9781651435662673,1,0.9055905010496674,1,0.8557402650141406,1,0.98,tested_negative,0,0.046750681728320864
598,0.4,0.9153846153846154,0.2753623188405797,0.6666666666666666,0.6153846153846154,0.37509596899879494,0.37509596899879494,0.46399999999999997,0.7673611111111112,0.0,0.47481688687608703,0.9850746268656716,0.7769107051835749,0.0,0.996268656716418,1.0,0.6666666666666666,0.7551580422400861,0.8754774637127578,1,0.8,1,1.0,1,0.6616914679805009,1,0.6686546017048615,1,0.7955152167251701,1,0.79,tested_positive,0,0.21402311893157788
599,0.0,0.0,0.08487084870848705,0.6666666666666666,0.46153846153846156,0.12044824069679949,0.12044824069679949,0.0,0.5659722222222222,0.0,0.34785372391075564,0.906,0.7859568083732977,0.0,0.976,1.0,0.7027027027027026,0.8066440922261651,0.9493975903614458,1,1.0,1,1.0,1,0.9645663833927365,1,0.8938404085348561,1,0.8891944516286491,1,0.96,tested_negative,0,0.04873312607395963
600,0.0,0.0,0.08487084870848705,0.6666666666666666,0.46153846153846156,0.1234560340789419,0.1234560340789419,0.0,0.5659722222222222,0.0,0.30087169712406026,0.96,0.839674456029474,0.0,0.95,1.0,0.6666666666666666,0.7947767160752874,0.9736618521665252,1,1.0,1,1.0,1,0.9673880366761324,1,0.9242274067694773,1,0.8928722606654893,1,0.89,tested_negative,0,0.054252049314816975
601,0.2,0.0,0.08487084870848705,0.6666666666666666,0.46153846153846156,0.19364876342280024,0.19364876342280024,0.0,0.5659722222222222,0.0,0.45014852340791744,0.992,0.8994282349442366,0.0,0.994,1.0,0.6666666666666666,0.7869105537120296,0.9874686716791982,1,0.8,1,1.0,1,0.7042826181946289,1,0.7722714967828277,1,0.7817730214386408,1,0.9,tested_negative,0,0.1736121439306504
602,0.2,0.9384615384615385,0.3988439306358381,1.0,0.6153846153846154,0.1522420605756849,0.1522420605756849,0.0,0.5659722222222222,0.0,0.4575160616893744,0.99,0.8376665923874542,0.0,0.992,1.0,0.6666666666666666,0.8060262726220044,0.9853826311263972,1,0.6,1,1.0,1,0.9265061845104049,1,0.8514100898528225,1,0.8569948134149806,1,0.79,tested_negative,0,0.16251481870363194
603,0.3,0.823076923076923,0.2753623188405797,0.6666666666666666,0.5384615384615384,0.31460225226367844,0.31460225226367844,0.46399999999999997,0.7673611111111112,0.6666666666666666,0.559336268539518,0.996268656716418,0.8662665472352387,0.004,0.9776119402985075,1.0,0.7515151515151516,0.8621960054117945,0.9836065573770493,1,0.6,1,1.0,1,0.8375295634306968,1,0.7944221167327866,1,0.8629348369218539,1,0.72,tested_positive,0,0.19751891381911058
604,0.4,0.9538461538461538,0.6842105263157895,0.6666666666666666,0.6923076923076923,0.27113723992818495,0.27113723992818495,0.46399999999999997,0.7673611111111112,0.0,0.4505661120041885,0.9888059701492538,0.8199415350311876,0.0,1.0,1.0,0.6666666666666666,0.757999452335024,0.9956559513466552,1,0.6,1,1.0,1,0.9402378820189224,1,0.8332279120103973,1,0.732099341690066,1,0.62,tested_positive,0,0.21240581071343556
605,0.4,0.9769230769230769,0.08487084870848705,0.6666666666666666,0.6923076923076923,0.1631432241956854,0.1631432241956854,0.0,0.5659722222222222,1.0,0.6820130189024554,0.998,0.9353733596721723,0.0037313432835820895,1.0,1.0,0.6666666666666666,0.814500609995549,0.9743589743589742,1,0.6,0,0.0,1,0.9052726299572397,1,0.672118862307092,1,0.759440475543246,1,0.52,tested_negative,1,0.423861338698737
606,0.4,0.6461538461538461,0.2753623188405797,0.6666666666666666,0.46153846153846156,0.24743060893767133,0.24743060893767133,0.46399999999999997,0.7673611111111112,0.0,0.4869015632469499,0.9888059701492538,0.8349089153584022,0.002,0.9850746268656716,1.0,0.6758620689655173,0.8097799913211132,0.9783889980353636,1,0.8,1,1.0,1,0.9822181961309823,1,0.8023294405151993,1,0.7028556298160348,1,0.71,tested_positive,0,0.16709945558963069
607,0.0,0.0,0.08487084870848705,0.6666666666666666,0.46153846153846156,0.11007443178137277,0.11007443178137277,0.0,0.5659722222222222,0.0,0.32618833547024695,0.902,0.8302056467478733,0.0,0.922,1.0,0.692093023255814,0.8208042991951369,0.9680589680589681,1,1.0,1,1.0,1,0.9898002228205464,1,0.9622368562886315,1,0.904761504184158,1,0.99,tested_negative,0,0.025533569451110627
608,0.4,0.8846153846153846,0.7246376811594203,0.6666666666666666,0.6923076923076923,0.6653613873701268,0.6653613873701268,0.0,0.5659722222222222,0.3333333333333333,0.4483452326495181,0.994,0.8798371088979057,0.0037313432835820895,0.996,1.0,0.6666666666666666,0.7839867911279857,0.8815165876777252,1,0.6,0,0.0,0,0.21745246451197678,0,0.4926765505375216,0,0.3862316722051109,1,0.58,tested_negative,4,0.6206065521242319
609,0.0,0.0,0.08487084870848705,0.6666666666666666,0.46153846153846156,0.12066229694445563,0.12066229694445563,0.0,0.5659722222222222,0.0,0.3478391071833856,0.904,0.8100539429770471,0.0,0.96,1.0,0.676732598520308,0.8079751788786768,0.957983193277311,1,1.0,1,1.0,1,0.9709932003021334,1,0.9364543640143231,1,0.8733189064005568,1,0.96,tested_negative,0,0.043205588213831025
610,0.0,0.0,0.08487084870848705,0.6666666666666666,0.46153846153846156,0.13364477285090248,0.13364477285090248,0.0,0.5659722222222222,0.0,0.3844946545623924,0.972,0.8377586609304484,0.0,0.978,1.0,0.6950354609929077,0.8423421150114807,0.9743589743589745,1,1.0,1,1.0,1,0.9505756474400094,1,0.8465209011316878,1,0.8987578492986245,1,0.87,tested_negative,0,0.07235760035494643
611,0.3,0.6461538461538461,0.2753623188405797,0.6666666666666666,0.46153846153846156,0.3267498552003083,0.3267498552003083,0.46399999999999997,0.7673611111111112,0.0,0.3753712886947784,0.9813432835820896,0.7877615288009829,0.0,0.9888059701492538,1.0,0.7229357798165138,0.8430621364041075,0.9913043478260869,1,0.8,1,1.0,1,0.81117716359046,1,0.7874069692752919,1,0.9005425785642418,1,0.75,tested_positive,0,0.15847888142833444
612,0.3,0.6461538461538461,0.2753623188405797,0.6666666666666666,0.46153846153846156,0.24780243027569493,0.24780243027569493,0.46399999999999997,0.7673611111111112,1.0,0.5776445047909444,0.996268656716418,0.8597984526308516,0.002,0.9888059701492538,1.0,0.7392120075046905,0.856934977968969,0.9629629629629631,1,1.0,1,1.0,1,0.9959850547982452,1,0.843899054831239,1,0.8484920152264388,1,0.94,tested_positive,0,0.06193731252401291
613,0.3,0.9,0.08487084870848705,0.6666666666666666,0.6153846153846154,0.22539242496934553,0.22539242496934553,0.0,0.5659722222222222,0.5,0.4728784912551566,0.996,0.8265289326536043,0.0037313432835820895,0.998,1.0,0.6666666666666666,0.8651739557998677,0.9680589680589681,0,0.4,1,1.0,1,0.8331460226967718,1,0.6977010541787676,1,0.5450046420365727,0,0.48,tested_negative,2,0.3406913801813146
614,0.3,0.823076923076923,0.2753623188405797,0.6666666666666666,0.5384615384615384,0.2888528228560854,0.2888528228560854,0.46399999999999997,0.7673611111111112,0.0,0.4737960170798142,0.9925373134328358,0.844980429458852,0.0,0.9813432835820896,1.0,0.7428571428571428,0.8405739341895929,0.9375,1,0.6,1,1.0,1,0.8633163227772984,1,0.7615196227774338,1,0.8078804813576216,1,0.76,tested_positive,0,0.20121392884794098
615,0.0,0.0,0.08487084870848705,0.6666666666666666,0.46153846153846156,0.12120051181251112,0.12120051181251112,0.0,0.5659722222222222,0.0,0.37133922482306425,0.968,0.8781451664725405,0.0,0.966,1.0,0.6666666666666666,0.7922419999180034,0.9633251833740831,1,1.0,1,1.0,1,0.9771075459677354,1,0.9145477304132063,1,0.8797047838337778,1,0.96,tested_negative,0,0.044773323297546797
616,0.4,0.9384615384615385,0.3988439306358381,1.0,0.6153846153846154,0.19647097783503376,0.19647097783503376,0.0,0.5659722222222222,0.0,0.482757474317815,0.996,0.8920821543720596,0.0037313432835820895,0.994,1.0,0.6666666666666666,0.7993754204841887,0.9991281604184831,1,0.6,0,0.0,1,0.8892901849300466,1,0.8536840567034828,1,0.8685896044637842,1,0.59,tested_negative,1,0.36640602565044766
617,0.0,0.0,0.08487084870848705,0.6666666666666666,0.46153846153846156,0.1080118747121287,0.1080118747121287,0.0,0.5659722222222222,0.0,0.37617920866662347,0.922,0.840029978825916,0.0,0.942,1.0,0.6757493188010899,0.7848970440123495,0.957983193277311,1,1.0,1,1.0,1,0.9957251411238995,1,0.9838796713683083,1,0.9106600082017768,1,0.98,tested_negative,0,0.021622529884335884
618,0.4,0.9076923076923077,0.6011560693641618,1.0,0.46153846153846156,0.32009304407674755,0.32009304407674755,0.46399999999999997,0.7673611111111112,0.3333333333333333,0.5365374880486531,0.996268656716418,0.8408182831106362,0.004,0.9925373134328358,1.0,0.6666666666666666,0.880852180657207,0.9922077922077922,0,0.4,1,1.0,1,0.8041259803429903,1,0.5563437231412295,1,0.5571921927006143,1,0.68,tested_positive,1,0.3337230173025276
619,0.5,0.9923076923076923,0.915129151291513,0.6666666666666666,0.5384615384615384,0.7229317281316887,0.7229317281316887,0.46399999999999997,0.7673611111111112,0.5,0.5147340928408538,0.996268656716418,0.9076094554656063,0.01,0.9925373134328358,1.0,0.6666666666666666,0.735421302760049,0.9385749385749387,1,0.6,1,1.0,0,0.1263193629157934,0,0.2520517488828254,0,0.4826678452281736,0,0.28,tested_positive,4,0.5431601738288678
620,0.2,0.676923076923077,0.08487084870848705,0.6666666666666666,0.5384615384615384,0.25229207376406215,0.25229207376406215,0.0,0.5659722222222222,0.25,0.4145687145386655,0.986,0.8478918693532096,0.0037313432835820895,0.99,1.0,0.6995473700639925,0.797309817458941,0.9358669833729216,1,1.0,1,1.0,1,0.7953349184210079,1,0.8146049666830026,1,0.846606864503738,1,0.75,tested_negative,0,0.1322422083987086
621,0.3,0.8692307692307693,0.08487084870848705,0.6666666666666666,0.5384615384615384,0.5280183626012362,0.5280183626012362,0.0,0.5659722222222222,0.0,0.4678179443508812,0.992,0.7716934490683435,0.0,0.996,1.0,0.6666666666666666,0.8221718280065025,0.9680589680589681,1,0.6,1,1.0,0,0.11520342030874568,1,0.8162022116806003,1,0.5400307266187672,1,0.85,tested_negative,1,0.34642727356531444
622,0.8,0.9846153846153847,0.7246376811594203,0.6666666666666666,0.6153846153846154,0.753991462598354,0.753991462598354,0.0,0.5659722222222222,1.0,0.5427516087118561,0.998,0.7856883714225246,0.0037313432835820895,1.0,1.0,0.6666666666666666,0.8080969081074523,0.98989898989899,0,0.2,0,0.0,0,0.00196167175947475,0,0.030567712686696336,0,0.17512253241969686,0,0.11,tested_negative,6,0.9137246805223553
623,0.1,0.676923076923077,0.08487084870848705,0.6666666666666666,0.5384615384615384,0.14197178517987918,0.14197178517987918,0.0,0.5659722222222222,0.0,0.36390767632892673,0.98,0.8538553716321916,0.0037313432835820895,0.988,1.0,0.6666666666666666,0.8025969776659374,0.977667493796526,1,1.0,1,1.0,1,0.9405983492519119,1,0.8143167168303572,1,0.8734057742551561,1,0.9,tested_negative,0,0.07861319327709582
624,0.0,0.0,0.08487084870848705,0.6666666666666666,0.46153846153846156,0.12255111173151945,0.12255111173151945,0.0,0.5659722222222222,0.0,0.36994714937930395,0.978,0.8817331892537149,0.0,0.962,1.0,0.6666666666666666,0.7854601019865266,0.9638351555929353,1,1.0,1,1.0,1,0.9669965168916668,1,0.8771815908569198,1,0.8676153507829822,1,0.94,tested_negative,0,0.05803442357807198
625,0.1,0.7846153846153846,0.3988439306358381,1.0,0.6153846153846154,0.19956680811096905,0.19956680811096905,0.0,0.5659722222222222,0.0,0.4791318156251597,0.988,0.8166642056609743,0.0,0.998,1.0,0.7005649717514125,0.8001079333899823,0.9586374695863747,1,1.0,1,1.0,1,0.8427751955500329,1,0.8397493916555604,1,0.8398283755738759,1,0.78,tested_negative,0,0.11627450620342172
626,0.1,0.0,0.08487084870848705,0.6666666666666666,0.46153846153846156,0.12161658945995046,0.12161658945995046,0.0,0.5659722222222222,0.0,0.44528961341854034,0.988,0.8986516842001078,0.0,0.966,1.0,0.6666666666666666,0.7608161175286067,0.9355102040816328,1,1.0,1,1.0,1,0.9738976531748786,1,0.9061907292420177,1,0.8971109826551843,1,0.92,tested_negative,0,0.05046677248798659
627,0.3,0.8846153846153846,0.7246376811594203,0.6666666666666666,0.6923076923076923,0.15869818039856032,0.15869818039856032,0.0,0.5659722222222222,1.0,0.6001255225093247,0.998,0.9297831116234097,0.0,0.99,1.0,0.6666666666666666,0.7546926728827752,0.9385749385749387,1,0.6,0,0.0,1,0.9158717277488,1,0.784143724925612,1,0.7826455553433803,1,0.52,tested_negative,1,0.39955649866370135
628,0.6,0.9846153846153847,0.7246376811594203,0.6666666666666666,0.9230769230769231,0.3311108931727623,0.3311108931727623,0.0,0.5659722222222222,0.8,0.568677971047742,0.998,0.9231566436965702,0.018656716417910446,0.998,1.0,0.6666666666666666,0.8131934797466647,0.98989898989899,0,0.2,0,0.0,1,0.6817311038289616,1,0.5714867016811629,0,0.30400942145237575,0,0.37,tested_negative,4,0.6454621288395832
629,0.0,0.0,0.08487084870848705,0.6666666666666666,0.46153846153846156,0.11292074899004922,0.11292074899004922,0.0,0.5659722222222222,0.0,0.3455247613268443,0.914,0.828762105116295,0.0,0.938,1.0,0.6666666666666666,0.8225977813705955,0.977667493796526,1,1.0,1,1.0,1,0.9851390205628674,1,0.9328129384011367,1,0.8779578734285325,1,0.99,tested_negative,0,0.03568169460124393
630,0.5,0.9076923076923077,0.6011560693641618,1.0,0.46153846153846156,0.7823762091813402,0.7823762091813402,0.46399999999999997,0.7673611111111112,0.5,0.512298186303481,0.996268656716418,0.9013496520021477,0.004,0.9925373134328358,1.0,0.6666666666666666,0.8473408719003694,0.9786507258753201,0,0.4,1,1.0,0,0.16309453359348805,0,0.3464609451128423,0,0.4070332547587947,0,0.41,tested_positive,5,0.5455685444224792
631,0.2,0.676923076923077,0.08487084870848705,0.6666666666666666,0.5384615384615384,0.14252705849268466,0.14252705849268466,0.0,0.5659722222222222,0.0,0.3723280864673212,0.988,0.8673301323547931,0.0,0.984,1.0,0.6666666666666666,0.7970184316914383,0.9825436408977556,1,1.0,0,0.0,1,0.9359423739049574,1,0.8937904279704454,1,0.900815996083729,1,0.81,tested_negative,1,0.24324186700681139
632,0.1,0.0,0.08487084870848705,0.6666666666666666,0.46153846153846156,0.11939718393567622,0.11939718393567622,0.0,0.5659722222222222,0.25,0.42106755033654375,0.982,0.9015733327008723,0.0037313432835820895,0.95,1.0,0.6666666666666666,0.7945730891483328,0.9743589743589742,1,1.0,1,1.0,1,0.9788642316877256,1,0.878976128720154,1,0.8483580095871484,1,0.91,tested_negative,0,0.063966938334162
633,0.0,0.9076923076923077,0.3157894736842105,0.6666666666666666,0.3076923076923077,0.151769469699215,0.151769469699215,0.0,0.5659722222222222,0.0,0.3707939698481997,0.9299999999999999,0.7826355085512253,0.0,0.978,1.0,0.6720647773279352,0.7925251416738592,0.9803250641573996,1,1.0,0,0.0,1,0.9285390313666108,1,0.8979253086915654,1,0.8521486346122812,1,0.87,tested_negative,1,0.24189783755492378
634,0.3,0.7076923076923076,0.04878048780487809,1.0,0.3076923076923077,0.17408085986672328,0.17408085986672328,0.0,0.5659722222222222,0.0,0.2778123388916033,0.99,0.8673498044933965,0.0,0.998,1.0,0.6666666666666666,0.8069780004027849,0.9680589680589681,1,0.6,1,1.0,1,0.9247018319592909,1,0.8777846619105656,1,0.7882220520572716,1,0.9,tested_negative,0,0.15154857567881186
635,0.9,0.9538461538461538,0.6011560693641618,1.0,0.9230769230769231,0.4306863906408672,0.4306863906408672,0.46399999999999997,0.7673611111111112,1.0,0.5297443534813457,0.996268656716418,0.8896626906598415,0.006,0.996268656716418,1.0,0.6666666666666666,0.8040112626993865,0.9728395061728394,0,0.2,1,1.0,1,0.5252071958561206,0,0.3654210303189064,0,0.39097718243229423,0,0.34,tested_positive,4,0.5297324318987799
636,0.8,0.9538461538461538,0.3988439306358381,1.0,0.7692307692307693,0.17279940823669648,0.17279940823669648,0.0,0.5659722222222222,1.0,0.5484995102017993,0.998,0.9192946618154872,0.0037313432835820895,0.998,1.0,0.6666666666666666,0.8377013547043795,0.9973890339425586,0,0.0,0,0.0,1,0.8891593033070925,1,0.8203163257297597,1,0.6402727814098914,1,0.76,tested_negative,2,0.481708598258876
637,0.1,0.9,0.08487084870848705,0.6666666666666666,0.6153846153846154,0.12569415162933162,0.12569415162933162,0.0,0.5659722222222222,0.0,0.3939891792536562,0.984,0.8641793188679929,0.0,0.948,1.0,0.6853146853146853,0.8195173166087656,0.977667493796526,1,0.8,1,1.0,1,0.9565021904217653,1,0.8769439138601266,1,0.8869718740527068,1,0.88,tested_negative,0,0.09993033694423359
638,0.6,0.9846153846153847,0.6011560693641618,1.0,0.6153846153846154,0.6077697657598664,0.6077697657598664,0.46399999999999997,0.7673611111111112,1.0,0.5176301043659336,0.996268656716418,0.834124169480564,0.002,0.996268656716418,1.0,0.7258536585365853,0.8728903009714083,0.9924433249370277,0,0.0,0,0.0,0,0.3285195496482275,0,0.4077851587221523,0,0.3562221875678633,0,0.4,tested_positive,6,0.7512455173436262
639,0.0,0.0,0.08487084870848705,0.6666666666666666,0.46153846153846156,0.11105964544150182,0.11105964544150182,0.0,0.5659722222222222,0.0,0.2485187023155464,0.84,0.794326732966406,0.0,0.948,1.0,0.678988032116346,0.7885081909696634,0.9924433249370277,1,1.0,1,1.0,1,0.9901723978439071,1,0.9706623392679014,1,0.8822571265955051,1,0.97,tested_negative,0,0.031151356048781165
640,0.0,0.8692307692307693,0.08487084870848705,0.6666666666666666,0.5384615384615384,0.1392886394120192,0.1392886394120192,0.0,0.5659722222222222,0.0,0.4319376689922897,0.968,0.8206891035737593,0.0,0.986,1.0,0.6666666666666666,0.8165653874036392,0.9887834339948232,1,1.0,0,0.0,1,0.9371729503955568,1,0.9060822028060929,1,0.8525682318809017,1,0.86,tested_negative,1,0.2406961024862414
641,0.4,0.9692307692307692,0.7246376811594203,0.6666666666666666,0.8461538461538461,0.17646387813718434,0.17646387813718434,0.0,0.5659722222222222,0.0,0.39333625768780434,0.994,0.8952323467577139,0.0,0.998,1.0,0.6666666666666666,0.7821174494351808,0.9102462271644162,1,1.0,1,1.0,1,0.8990613265881725,1,0.6632290224690138,1,0.7211360222131022,1,0.59,tested_negative,0,0.18776227145495195
642,0.6,0.9538461538461538,0.6842105263157895,0.6666666666666666,0.6923076923076923,0.5269756472566072,0.5269756472566072,0.46399999999999997,0.7673611111111112,0.3333333333333333,0.5341539635763884,0.996268656716418,0.9282855097026519,0.002,0.996268656716418,1.0,0.6666666666666666,0.8146418044554505,0.9853826311263972,1,0.6,0,0.0,0,0.4996032612618634,1,0.5401616610844794,1,0.7688863061519663,0,0.44,tested_positive,3,0.5252247952502818
643,0.4,0.7846153846153846,0.3988439306358381,1.0,0.6153846153846154,0.23690559222568008,0.23690559222568008,0.0,0.5659722222222222,0.0,0.3748115212210925,0.996,0.8993389765864163,0.0037313432835820895,0.998,1.0,0.6666666666666666,0.7933759473926545,0.9887834339948232,1,0.6,1,1.0,1,0.7955826627875684,1,0.8026337047983734,1,0.8323877473444881,1,0.88,tested_negative,0,0.18156598084492837
644,0.4,0.8692307692307693,0.08487084870848705,0.6666666666666666,0.5384615384615384,0.14840266641109467,0.14840266641109467,0.0,0.5659722222222222,0.0,0.3911378566143676,0.992,0.8336382375928055,0.0,0.992,1.0,0.725925925925926,0.8691288812401714,1.0,1,0.8,1,1.0,1,0.9310204529721335,1,0.8689702596569528,1,0.8954354369482728,1,0.77,tested_negative,0,0.12242897507044004
645,0.6,0.8846153846153846,0.7246376811594203,0.6666666666666666,0.6923076923076923,0.7489551259495021,0.7489551259495021,0.0,0.5659722222222222,0.6666666666666666,0.4969440240973345,0.996,0.8359896368269714,0.011194029850746268,1.0,1.0,0.6759161514100437,0.812636300967057,0.9230769230769231,0,0.4,0,0.0,0,0.003802037413801926,0,0.3912402446201507,0,0.3369426215652831,0,0.36,tested_negative,6,0.7513358494001273
646,0.5,0.9230769230769231,0.6842105263157895,0.6666666666666666,0.5384615384615384,0.6480758442650763,0.6480758442650763,0.46399999999999997,0.7673611111111112,0.0,0.41920823804247,0.9850746268656716,0.8015724998352931,0.0,0.996268656716418,1.0,0.7027027027027026,0.7951838728654094,0.9160671462829737,1,0.6,0,0.0,0,0.2813397004919368,0,0.3101690863629672,0,0.383676336150148,0,0.48,tested_positive,5,0.6574691461658246
647,0.3,0.6461538461538461,0.2753623188405797,0.6666666666666666,0.46153846153846156,0.344858692471362,0.344858692471362,0.46399999999999997,0.7673611111111112,0.0,0.3949437024072786,0.9738805970149254,0.7828974879870799,0.0,1.0,1.0,0.6666666666666666,0.7864727850599619,0.9421487603305786,1,0.8,0,0.0,1,0.7721207633798829,1,0.7659473657653815,1,0.751191981818544,1,0.8,tested_positive,1,0.351789981506032
648,0.6,0.9923076923076923,0.6842105263157895,0.6666666666666666,0.46153846153846156,0.35877510028579196,0.35877510028579196,0.46399999999999997,0.7673611111111112,0.75,0.5047136199676656,0.996268656716418,0.8631119383024175,0.002,0.996268656716418,1.0,0.7026179651983069,0.8373717582891148,0.9939288811795316,0,0.2,1,1.0,1,0.7322067722802609,0,0.472715575584811,1,0.5209820577207651,1,0.55,tested_positive,2,0.42068259906902716
649,0.0,0.0,0.08487084870848705,0.6666666666666666,0.46153846153846156,0.11678691117984741,0.11678691117984741,0.0,0.5659722222222222,0.0,0.2817770414446469,0.918,0.8399265120595399,0.0,0.9359999999999999,1.0,0.6666666666666666,0.814081294713696,0.9743589743589742,1,1.0,1,1.0,1,0.982607845394099,1,0.93321690192911,1,0.828383557312096,1,0.95,tested_negative,0,0.05096528256078248
650,0.0,0.0,0.08487084870848705,0.6666666666666666,0.46153846153846156,0.11278133656748623,0.11278133656748623,0.0,0.5659722222222222,0.0,0.348279566093994,0.924,0.8494082031699006,0.0,0.916,1.0,0.6853146853146853,0.8276510653418618,0.9743589743589745,1,1.0,1,1.0,1,0.9879960033599441,1,0.9566765018525457,1,0.9280864914291984,1,1.0,tested_negative,0,0.02120683389305189
651,0.2,0.676923076923077,0.08487084870848705,0.6666666666666666,0.5384615384615384,0.15226893288772203,0.15226893288772203,0.0,0.5659722222222222,0.0,0.4664821111223757,0.994,0.8804378335437069,0.0,0.974,1.0,0.7027027027027026,0.827245254450682,0.9743589743589742,1,0.8,1,1.0,1,0.9203385329205231,1,0.7786906225650727,1,0.8058645961890571,1,0.89,tested_negative,0,0.13418437472089118
652,0.3,0.676923076923077,0.08487084870848705,0.6666666666666666,0.5384615384615384,0.22598818804385468,0.22598818804385468,0.0,0.5659722222222222,0.25,0.43831019514738356,0.996,0.8763124613725859,0.0037313432835820895,0.992,1.0,0.704606193994655,0.8229978706218863,0.9131474103585656,1,0.6,1,1.0,1,0.833962970676553,1,0.6843983927811115,1,0.8118089028537476,1,0.72,tested_negative,0,0.2249716222814313
653,0.3,0.0,0.08487084870848705,0.6666666666666666,0.46153846153846156,0.13340436224738728,0.13340436224738728,0.0,0.5659722222222222,0.0,0.43920099973256865,0.996,0.9048571356781901,0.0,0.982,1.0,0.6666666666666666,0.799396600826086,0.9743589743589745,1,0.6,1,1.0,1,0.9579958386211884,1,0.7898174692238663,1,0.7515344094777766,1,0.72,tested_negative,0,0.1967753804461948
654,0.0,0.676923076923077,0.08487084870848705,0.6666666666666666,0.5384615384615384,0.13421484274123163,0.13421484274123163,0.0,0.5659722222222222,0.0,0.37544552497250694,0.938,0.8323459491863139,0.0,0.96,1.0,0.6758620689655173,0.8193656253603132,0.9677419354838711,1,1.0,1,1.0,1,0.96022725123082,1,0.8973872859218012,1,0.9055550652790606,1,0.98,tested_negative,0,0.04280506626138647
655,0.6,0.9307692307692308,0.2753623188405797,0.6666666666666666,0.38461538461538464,0.24640484360743276,0.24640484360743276,0.46399999999999997,0.7673611111111112,1.0,0.5525700958631592,0.996268656716418,0.8138645486790351,0.0,0.996268656716418,1.0,0.698239601183985,0.8125232700263437,0.957983193277311,0,0.4,1,1.0,1,0.9887093410234985,0,0.48849165625017393,0,0.3200977616848554,0,0.38,tested_positive,4,0.40378354017357876
656,0.0,0.0,0.08487084870848705,0.6666666666666666,0.46153846153846156,0.11303648786297571,0.11303648786297571,0.0,0.5659722222222222,0.0,0.296300170324058,0.94,0.8164682341887466,0.0,0.964,1.0,0.6758620689655173,0.8273948734934454,0.9913043478260869,1,1.0,1,1.0,1,0.9837806965990319,1,0.9471108962213324,1,0.824893631840171,1,0.9,tested_negative,0,0.05736912922324411
657,0.9,1.0,0.3988439306358381,1.0,0.6153846153846154,0.6975188268272032,0.6975188268272032,0.0,0.5659722222222222,1.0,0.6114034949434375,0.998,0.8515854968867178,0.011194029850746268,1.0,1.0,0.7027027027027026,0.8452124618139134,0.9796721311475407,0,0.4,0,0.0,0,0.08953747063820967,1,0.5144861544334021,0,0.44059383638538546,0,0.32,tested_negative,5,0.7058970897571671
658,0.5,1.0,0.3988439306358381,1.0,0.7692307692307693,0.7161468206186219,0.7161468206186219,0.0,0.5659722222222222,0.5,0.4730136259719575,0.996,0.8523476225514712,0.0037313432835820895,1.0,1.0,0.6666666666666666,0.7603511440896793,0.8990825688073394,1,0.6,1,1.0,0,0.12181768432227655,0,0.4406532682778259,0,0.45154789233260906,1,0.61,tested_negative,3,0.46266352584454806
659,0.8,1.0,0.915129151291513,0.6666666666666666,0.5384615384615384,0.6730084154387845,0.6730084154387845,0.46399999999999997,0.7673611111111112,1.0,0.5577685824559907,0.996268656716418,0.839214382980454,0.002,1.0,1.0,0.711281070745698,0.8523452707772268,0.9836065573770493,0,0.4,0,0.0,0,0.22058046530224365,0,0.1315809901159689,0,0.1625510361622764,0,0.27,tested_positive,6,0.8025479180699185
660,0.7,0.9769230769230769,0.3157894736842105,0.6666666666666666,0.5384615384615384,0.704561049073678,0.704561049073678,0.0,0.5659722222222222,1.0,0.7157466794482934,0.998,0.944571567317522,0.011194029850746268,1.0,1.0,0.6666666666666666,0.775958888888326,0.9836909871244636,0,0.2,0,0.0,0,0.1416432325243237,0,0.2801280495361139,0,0.34400557033382634,0,0.31,tested_negative,6,0.787370524600956
661,0.2,0.6461538461538461,0.2753623188405797,0.6666666666666666,0.46153846153846156,0.2466817687069367,0.2466817687069367,0.46399999999999997,0.7673611111111112,0.0,0.4325278128347798,0.9888059701492538,0.7777431712175347,0.0,0.9888059701492538,0.875,0.6621848739495798,0.7638584992323207,0.9235524417885844,1,0.8,1,1.0,1,0.9891373634041133,1,0.9403925043389036,1,0.8512537464619597,1,0.77,tested_positive,0,0.10820273096583721
662,0.2,0.9153846153846154,0.2753623188405797,0.6666666666666666,0.6153846153846154,0.2504916860118871,0.2504916860118871,0.46399999999999997,0.7673611111111112,0.0,0.4315362037442224,0.9813432835820896,0.724075226855091,0.0,0.9925373134328358,1.0,0.6822956309940631,0.8083429641362909,0.9514563106796117,1,0.8,1,1.0,1,0.9838479156907508,1,0.6939713396926079,1,0.7517179205823781,1,0.74,tested_positive,0,0.17174380400571054
663,0.2,0.823076923076923,0.2753623188405797,0.6666666666666666,0.5384615384615384,0.28514924667720143,0.28514924667720143,0.46399999999999997,0.7673611111111112,0.5,0.5202141125592243,0.996268656716418,0.8239720473476737,0.0,0.9850746268656716,1.0,0.7545638945233266,0.8225985353390575,0.8990825688073394,1,0.8,1,1.0,1,0.8994025472044643,1,0.7786698579333489,1,0.8825782781404575,1,0.65,tested_positive,0,0.16489155278695478
664,0.9,0.9538461538461538,0.6011560693641618,1.0,0.6923076923076923,0.7320126176202126,0.7320126176202126,0.46399999999999997,0.7673611111111112,1.0,0.6055114489597464,0.996268656716418,0.8740798312117415,0.014,1.0,1.0,0.6666666666666666,0.8642109624739585,0.9743589743589742,0,0.2,0,0.0,0,0.21453666008809558,0,0.3673958165375706,0,0.19540946091772105,0,0.3,tested_positive,6,0.7871096770761021
665,0.0,0.676923076923077,0.08487084870848705,0.6666666666666666,0.5384615384615384,0.1804353859029313,0.1804353859029313,0.0,0.5659722222222222,0.0,0.3184568944423841,0.956,0.820944072561716,0.0,0.976,1.0,0.6932714617169374,0.7897705305167821,0.9358669833729216,1,1.0,1,1.0,1,0.8779095987353317,1,0.8518459648954282,1,0.8810592593902711,1,0.87,tested_negative,0,0.08653086282982825
666,0.7,0.9846153846153847,0.2753623188405797,0.6666666666666666,0.6923076923076923,0.4966765724455162,0.4966765724455162,0.46399999999999997,0.7673611111111112,1.0,0.6545694730296358,0.996268656716418,0.9154036967586046,0.006,1.0,1.0,0.6666666666666666,0.7835935906358779,0.937040065412919,0,0.2,1,1.0,1,0.5622361463702025,1,0.6636821141606549,0,0.22338587321898593,0,0.48,tested_positive,3,0.47844931104169286
667,0.7,1.0,0.6011560693641618,1.0,0.5384615384615384,0.7003790787085937,0.7003790787085937,0.46399999999999997,0.7673611111111112,0.5,0.4370527307700284,0.9925373134328358,0.8686397272092514,0.004,1.0,1.0,0.6666666666666666,0.8502065241817645,0.9803250641573996,0,0.2,1,1.0,0,0.22123291786309368,0,0.25978886458679334,0,0.13916726827598724,0,0.21,tested_positive,5,0.6616351582123543
668,0.3,0.9538461538461538,0.3988439306358381,1.0,0.6923076923076923,0.28818408290838216,0.28818408290838216,0.0,0.5659722222222222,0.0,0.4192936532541135,0.988,0.7901332320566681,0.0,0.996,1.0,0.7421758569299552,0.9144761821095708,0.9974683544303797,1,0.8,1,1.0,1,0.7354093886823395,1,0.7419225191967849,1,0.8171046515647707,1,0.7,tested_negative,0,0.20092724009268403
669,0.6,0.9692307692307692,0.7246376811594203,0.6666666666666666,0.6153846153846154,0.6536226278291659,0.6536226278291659,0.0,0.5659722222222222,1.0,0.5817384745676518,0.998,0.8765924408681992,0.011194029850746268,1.0,1.0,0.6820879622584082,0.8537298978844057,1.0,0,0.4,0,0.0,0,0.23988985905713248,0,0.3434531770959939,0,0.29633938472263743,0,0.2,tested_negative,6,0.7533862631873727
670,0.7,0.9846153846153847,0.7246376811594203,0.6666666666666666,0.6153846153846154,0.7008443562040061,0.7008443562040061,0.0,0.5659722222222222,1.0,0.5646627066187565,0.998,0.8808838464357204,0.029850746268656716,0.998,1.0,0.7476280834914611,0.874227526585815,0.9629629629629631,0,0.4,0,0.0,0,0.13232576118818745,0,0.2271985495104707,0,0.06046073163487683,0,0.08,tested_negative,6,0.8500024929444108
671,0.0,0.0,0.08487084870848705,0.6666666666666666,0.46153846153846156,0.11399281997922406,0.11399281997922406,0.0,0.5659722222222222,0.0,0.30151800775436,0.962,0.8673348293250407,0.0,0.926,1.0,0.6666666666666666,0.8117865774395514,0.9974683544303797,1,0.8,1,1.0,1,0.9858190673011168,1,0.9152209637042631,1,0.8787857770888856,1,0.97,tested_negative,0,0.07502903198428912
672,0.2,0.9538461538461538,0.3988439306358381,1.0,0.6923076923076923,0.456041112986979,0.456041112986979,0.0,0.5659722222222222,0.0,0.456270594992195,0.996,0.7930548500869453,0.0,1.0,1.0,0.697282099343955,0.8147110798688932,0.9702970297029704,1,0.6,1,1.0,0,0.45735290674025675,1,0.8498845886030554,1,0.839077653198028,1,0.7,tested_negative,1,0.2589474752431099
673,0.5,1.0,0.08487084870848705,0.6666666666666666,0.3076923076923077,0.6862854459924306,0.6862854459924306,0.0,0.5659722222222222,0.0,0.48729683747696884,0.996,0.7837291386560745,0.0,1.0,1.0,0.6666666666666666,0.7988073499420779,0.9230769230769231,0,0.4,0,0.0,0,0.1882112305541509,0,0.2500620935591007,0,0.3871441207059039,0,0.48,tested_negative,6,0.7157637591968073
674,0.1,0.9538461538461538,0.3988439306358381,1.0,0.6923076923076923,0.4304901029804714,0.4304901029804714,0.0,0.5659722222222222,0.0,0.35399004440473403,0.988,0.8200068034025917,0.0,0.994,1.0,0.6666666666666666,0.7966724626120383,0.9633251833740831,1,1.0,1,1.0,0,0.42317172018556376,1,0.5762121630749706,1,0.8528115718388939,1,0.72,tested_negative,1,0.2379674241500953
675,0.3,0.6461538461538461,0.2753623188405797,0.6666666666666666,0.46153846153846156,0.28654007994378505,0.28654007994378505,0.46399999999999997,0.7673611111111112,0.0,0.4158119120789221,0.9888059701492538,0.8240886901012667,0.0,0.9888059701492538,1.0,0.6666666666666666,0.7896172343202679,0.9629629629629631,1,0.6,0,0.0,1,0.8721589013915413,1,0.8680427555315173,1,0.8735148066791413,1,0.72,tested_positive,1,0.34438058939963334
676,0.5,0.9230769230769231,0.6842105263157895,0.6666666666666666,0.5384615384615384,0.36918995381225184,0.36918995381225184,0.46399999999999997,0.7673611111111112,0.3333333333333333,0.5662462011371351,0.996268656716418,0.9434711978442532,0.004,0.9925373134328358,1.0,0.6666666666666666,0.7804600158286314,0.937040065412919,1,0.8,0,0.0,1,0.6453268907886819,1,0.5367568726319687,1,0.5112998414851636,0,0.32,tested_positive,2,0.5311027325156976
677,0.1,0.8846153846153846,0.08487084870848705,0.6666666666666666,0.6923076923076923,0.1258431127002272,0.1258431127002272,0.0,0.5659722222222222,0.0,0.4240197779502092,0.994,0.9033475520130587,0.0,0.982,1.0,0.6666666666666666,0.7814408027188638,0.9743589743589742,1,0.8,1,1.0,1,0.9732172671511569,1,0.8979373647148597,1,0.8094267698914074,1,0.89,tested_negative,0,0.10490309970709599
678,0.8,1.0,0.915129151291513,0.6666666666666666,0.6153846153846154,0.8353022798411597,0.8353022798411597,0.46399999999999997,0.7673611111111112,1.0,0.7216450975000173,0.996268656716418,0.9393394790648735,0.004,1.0,1.0,0.6666666666666666,0.7803160743933529,0.957983193277311,0,0.2,0,0.0,0,0.08998494954501066,0,0.3096991149155626,0,0.28774194170869405,0,0.16,tested_positive,6,0.8254289989717888
679,0.1,0.0,0.08487084870848705,0.6666666666666666,0.46153846153846156,0.14264790852196008,0.14264790852196008,0.0,0.5659722222222222,0.0,0.3928423554298087,0.98,0.816693390304605,0.0,0.982,1.0,0.6853146853146853,0.8526750312194644,0.9913043478260869,1,1.0,1,1.0,1,0.9579822183363195,1,0.9306260650217848,1,0.9392701252767656,1,0.97,tested_negative,0,0.033686931894188366
680,0.0,0.0,0.08487084870848705,0.6666666666666666,0.46153846153846156,0.10946728489105328,0.10946728489105328,0.0,0.5659722222222222,0.0,0.41401863205174927,0.948,0.8325344899423295,0.0,0.968,1.0,0.6758620689655173,0.8177213487952228,0.9913043478260869,1,1.0,1,1.0,1,0.992084626590164,1,0.9826568323271301,1,0.9088539415683514,1,1.0,tested_negative,0,0.01940076658572565
681,0.5,0.6461538461538461,0.2753623188405797,0.6666666666666666,0.46153846153846156,0.392336646721096,0.392336646721096,0.46399999999999997,0.7673611111111112,0.0,0.4376479986529962,0.9925373134328358,0.8281110998718436,0.0,0.9888059701492538,1.0,0.6666666666666666,0.753712797337071,0.9090909090909091,1,0.6,1,1.0,1,0.6902840552904111,1,0.8394102970106511,1,0.7004915793102063,1,0.68,tested_positive,0,0.24830234473145518
682,0.1,0.676923076923077,0.08487084870848705,0.6666666666666666,0.5384615384615384,0.16030055679425048,0.16030055679425048,0.0,0.5659722222222222,0.0,0.40232808436094925,0.99,0.8771361015043236,0.0,0.992,1.0,0.6666666666666666,0.7977144355440796,0.9825436408977556,1,1.0,1,1.0,1,0.9116352475980926,1,0.7811266312878897,1,0.8765918539776907,1,0.85,tested_negative,0,0.09677437785605447
683,0.8,0.9923076923076923,0.915129151291513,0.6666666666666666,0.7692307692307693,0.8089060978790834,0.8089060978790834,0.46399999999999997,0.7673611111111112,0.5,0.5946958371728005,0.996268656716418,0.9017060922982854,0.01,0.996268656716418,1.0,0.6666666666666666,0.7901012881526476,0.9401148482362592,0,0.2,0,0.0,0,0.11684969107956464,0,0.28694999829110424,0,0.22032937910129483,0,0.21,tested_positive,6,0.8276451552546727
684,0.4,0.9,0.3157894736842105,0.6666666666666666,0.46153846153846156,0.11999364207236907,0.11999364207236907,0.0,0.5659722222222222,0.0,0.44967300791157216,0.996,0.7881815309797477,0.0,1.0,1.0,0.6666666666666666,0.7537867241739253,0.896551724137931,1,0.6,0,0.0,1,0.8308015487410723,1,0.9071781795354782,1,0.5158938539679513,1,0.66,tested_negative,1,0.41435440295924975
685,0.2,0.8846153846153846,0.7246376811594203,0.6666666666666666,0.6923076923076923,0.2553309768569332,0.2553309768569332,0.0,0.5659722222222222,0.6666666666666666,0.49903062729503445,0.996,0.9239058816028805,0.007462686567164179,0.988,1.0,0.7050359712230216,0.8310817103830925,0.9375,1,0.8,0,0.0,1,0.7390880161739867,1,0.6971149931800411,1,0.7638517151734497,1,0.52,tested_negative,1,0.41332421257875385
686,0.2,0.9692307692307692,0.3157894736842105,0.6666666666666666,0.6923076923076923,0.12567794439386004,0.12567794439386004,0.0,0.5659722222222222,0.5,0.5089981255511622,0.998,0.9310754743634281,0.0037313432835820895,0.978,1.0,0.6666666666666666,0.7784725533832323,0.9421487603305786,1,0.8,1,1.0,1,0.9678189256628135,1,0.8389870438714796,1,0.8682650468459026,1,0.77,tested_negative,0,0.12582149726996728
687,0.0,0.9384615384615385,0.3988439306358381,1.0,0.6153846153846154,0.12417705164911652,0.12417705164911652,0.0,0.5659722222222222,0.0,0.35552125230067444,0.958,0.8374347609855073,0.0,0.962,1.0,0.6666666666666666,0.8178602648401077,0.9939288811795316,1,1.0,1,1.0,1,0.9727630926887973,1,0.8858821065664767,1,0.7747154908200345,1,0.81,tested_negative,0,0.09277321832078178
688,0.0,0.9076923076923077,0.3157894736842105,0.6666666666666666,0.3076923076923077,0.2204776630084344,0.2204776630084344,0.0,0.5659722222222222,0.0,0.4194360624134015,0.978,0.7848820143591643,0.0,0.986,1.0,0.6853146853146853,0.8247378765026405,0.9375,1,1.0,1,1.0,1,0.8568269326535277,1,0.8011857428754735,1,0.7797155360688667,1,0.81,tested_negative,0,0.1253786314003552
689,0.6,0.9692307692307692,0.2753623188405797,0.6666666666666666,0.46153846153846156,0.3228805851772383,0.3228805851772383,0.46399999999999997,0.7673611111111112,0.5,0.5224570399817816,0.996268656716418,0.8233160484575082,0.002,1.0,1.0,0.7027027027027026,0.7994443776294275,0.98989898989899,0,0.4,0,0.0,1,0.7546376154615173,1,0.6146323194043861,1,0.6326787996534535,1,0.65,tested_positive,2,0.49134187758010717
690,0.5,0.7076923076923076,0.04878048780487809,1.0,0.3076923076923077,0.241917339614253,0.241917339614253,0.0,0.5659722222222222,0.5,0.622241097592939,0.998,0.9194193101305514,0.011194029850746268,0.996,1.0,0.6666666666666666,0.8285781607449968,0.9586374695863747,0,0.2,1,1.0,1,0.7609343444762566,1,0.7079459993649038,1,0.5808724582919761,1,0.72,tested_negative,1,0.3383745329778106
691,0.2,0.9153846153846154,0.2753623188405797,0.6666666666666666,0.6153846153846154,0.2479644813356986,0.2479644813356986,0.46399999999999997,0.7673611111111112,0.5,0.5060165661601067,0.996268656716418,0.8392401164239803,0.002,0.996268656716418,1.0,0.6666666666666666,0.7393204490627153,0.9702970297029702,1,0.8,0,0.0,1,0.9927992568043248,1,0.8825997541970694,1,0.6228187005225047,1,0.72,tested_positive,1,0.33029704807935023
692,0.5,0.9,0.08487084870848705,0.6666666666666666,0.6153846153846154,0.27353970834719976,0.27353970834719976,0.0,0.5659722222222222,0.0,0.483139429681122,0.996,0.8380717488598879,0.0,0.998,1.0,0.6853146853146853,0.8299618891495347,0.9677419354838711,0,0.4,1,1.0,1,0.736529167923539,1,0.5475866895395385,1,0.7004285439102808,1,0.77,tested_negative,1,0.3075759331044402
693,0.7,0.823076923076923,0.2753623188405797,0.6666666666666666,0.5384615384615384,0.3952990783673068,0.3952990783673068,0.46399999999999997,0.7673611111111112,1.0,0.537563098308298,0.996268656716418,0.8348484787859424,0.002,1.0,1.0,0.7443946188340806,0.8500389897360203,0.9629629629629631,0,0.4,0,0.0,1,0.6061088506098897,1,0.5956311852134046,1,0.5112572692116611,0,0.49,tested_positive,3,0.5661671158275075
694,0.0,0.0,0.08487084870848705,0.6666666666666666,0.46153846153846156,0.11205095491344363,0.11205095491344363,0.0,0.5659722222222222,0.0,0.35745138197019355,0.95,0.8711154556855653,0.0,0.938,1.0,0.6666666666666666,0.7899370845172228,0.9743589743589742,1,1.0,1,1.0,1,0.9917898537622513,1,0.9611262177755793,1,0.878209635508064,1,1.0,tested_negative,0,0.028145715492350898
695,0.6,0.9923076923076923,0.2753623188405797,0.6666666666666666,0.5384615384615384,0.24791321114230913,0.24791321114230913,0.46399999999999997,0.7673611111111112,0.0,0.4896109200538057,0.9925373134328358,0.7911697025456432,0.0,1.0,1.0,0.6746951678458528,0.867055738578669,0.9703640982218459,1,0.8,0,0.0,1,0.980750656958277,0,0.3046570421806384,1,0.6958509397401758,1,0.54,tested_positive,2,0.4464568935201515
696,0.3,0.9538461538461538,0.6842105263157895,0.6666666666666666,0.6923076923076923,0.5308561840385144,0.5308561840385144,0.46399999999999997,0.7673611111111112,0.6666666666666666,0.37705836236703993,0.9925373134328358,0.8763705164669466,0.0,0.9888059701492538,1.0,0.7043847241867044,0.8056340776061568,0.9786507258753201,1,0.6,0,0.0,0,0.48167357204687733,1,0.5572759516309983,1,0.67333884747823,1,0.8,tested_positive,2,0.4812852714739825
697,0.4,0.0,0.08487084870848705,0.6666666666666666,0.46153846153846156,0.14820796772140532,0.14820796772140532,0.0,0.5659722222222222,0.2,0.4490598927115693,0.994,0.9228828618989028,0.0037313432835820895,0.986,1.0,0.6666666666666666,0.7476489054736503,0.9974683544303797,1,0.6,1,1.0,1,0.9534618860732409,1,0.9002821128976177,1,0.6718622344422841,1,0.97,tested_negative,0,0.150732294431143
698,0.3,0.9,0.08487084870848705,0.6666666666666666,0.6153846153846154,0.2824140107327682,0.2824140107327682,0.0,0.5659722222222222,0.0,0.4428060381819586,0.994,0.8061610617690211,0.0,0.994,1.0,0.7368421052631579,0.8077907082977405,0.9073634204275535,1,0.6,1,1.0,1,0.7583165187552365,1,0.6597560308403909,1,0.7388426033776095,1,0.57,tested_negative,0,0.27884747450446046
699,0.5,1.0,0.08487084870848705,0.6666666666666666,0.7692307692307693,0.36228262467636085,0.36228262467636085,0.0,0.5659722222222222,0.5,0.5172518589436101,0.998,0.839861075260141,0.007462686567164179,0.998,1.0,0.6666666666666666,0.7948298833070181,0.9099307159353348,1,0.6,1,1.0,1,0.6957662456929529,0,0.4118028748349559,0,0.44546046350579155,1,0.59,tested_negative,2,0.3761617359943833
700,0.2,0.676923076923077,0.08487084870848705,0.6666666666666666,0.5384615384615384,0.2383956090032504,0.2383956090032504,0.0,0.5659722222222222,0.0,0.4048485827985757,0.994,0.8912325820109582,0.0,0.99,1.0,0.7153284671532846,0.827060024325484,0.9523809523809523,1,1.0,1,1.0,1,0.8148044484573336,1,0.7341487792382326,1,0.8715801153096429,1,0.9,tested_negative,0,0.11324444283246515
701,0.5,0.9769230769230769,0.6011560693641618,1.0,0.6923076923076923,0.6908066119096068,0.6908066119096068,0.46399999999999997,0.7673611111111112,0.6666666666666666,0.4985639014564113,0.9925373134328358,0.8710983336995954,0.006,0.996268656716418,1.0,0.6666666666666666,0.8789202437441872,0.9836065573770493,0,0.4,1,1.0,0,0.2621552092968808,0,0.3553773281942203,0,0.31807478404525374,0,0.31,tested_positive,5,0.5590654464106075
702,0.2,0.9692307692307692,0.2753623188405797,0.6666666666666666,0.6923076923076923,0.284377530929244,0.284377530929244,0.46399999999999997,0.7673611111111112,0.5,0.46101609793973164,0.9925373134328358,0.799265645777365,0.0,0.996268656716418,1.0,0.6666666666666666,0.8177795632235029,0.9836065573770493,1,0.8,0,0.0,1,0.8346903530971043,1,0.7272651471573257,1,0.8685608462035148,1,0.81,tested_positive,1,0.3265806089236758
703,0.8,0.9769230769230769,0.7246376811594203,0.6666666666666666,0.8461538461538461,0.5870498983469536,0.5870498983469536,0.0,0.5659722222222222,1.0,0.5883969817421425,0.998,0.8822952504139026,0.014925373134328358,0.998,1.0,0.6666666666666666,0.7613048610599348,0.9158878504672897,0,0.0,0,0.0,0,0.21200471063994716,0,0.2952181105040175,0,0.2603225663318356,0,0.12,tested_negative,6,0.8520757687540332
704,0.1,0.0,0.08487084870848705,0.6666666666666666,0.46153846153846156,0.1324080589041876,0.1324080589041876,0.0,0.5659722222222222,0.0,0.371472003355536,0.98,0.8371230645040806,0.0,0.976,1.0,0.6726699684826655,0.8280468533409356,0.9956559513466552,1,1.0,1,1.0,1,0.9570517924318318,1,0.8895557567781402,1,0.9333065472111299,1,0.88,tested_negative,0,0.05668098392981635
705,0.1,0.8846153846153846,0.08487084870848705,0.6666666666666666,0.6923076923076923,0.17478930647201163,0.17478930647201163,0.0,0.5659722222222222,0.0,0.43863702864087983,0.992,0.8331470675253971,0.0,0.994,1.0,0.6666666666666666,0.817967187198644,0.9629629629629631,1,0.8,1,1.0,1,0.8980255916677811,1,0.8419958555340186,1,0.8667994769361457,1,0.82,tested_negative,0,0.1288631793103424
706,0.8,0.9923076923076923,0.9512195121951219,1.0,0.3076923076923077,0.8699566177478273,0.8699566177478273,0.46399999999999997,0.7673611111111112,1.0,0.6913558022561181,0.996268656716418,0.9175781699955983,0.008,1.0,1.0,0.6666666666666666,0.7299737912365043,0.9227166276346606,0,0.0,1,1.0,0,0.008060832788343525,0,0.06274213306249372,0,0.25816608225138166,0,0.2,tested_positive,5,0.7451718253162969
707,0.2,0.9846153846153847,0.08487084870848705,0.6666666666666666,0.6153846153846154,0.4452044819549623,0.4452044819549623,0.0,0.5659722222222222,0.0,0.4669499253656235,0.988,0.7741239810399184,0.0,0.996,1.0,0.6758620689655173,0.8274892948250048,0.9526248399487836,1,0.8,0,0.0,1,0.6353235043467803,1,0.7466462566952992,1,0.8361498476313083,1,0.75,tested_negative,1,0.37198006522110205
708,0.2,0.9153846153846154,0.2753623188405797,0.6666666666666666,0.6153846153846154,0.30299543416041275,0.30299543416041275,0.46399999999999997,0.7673611111111112,0.0,0.4157689329880758,0.9888059701492538,0.8789649746171928,0.0,0.9925373134328358,1.0,0.6666666666666666,0.796013803282679,0.98989898989899,1,0.8,1,1.0,1,0.8736353430841373,1,0.7514533489919802,1,0.8295224261551217,1,0.76,tested_positive,0,0.16423148029479362
709,0.9,0.9615384615384616,0.915129151291513,0.6666666666666666,0.7692307692307693,0.8369513126159841,0.8369513126159841,0.46399999999999997,0.7673611111111112,1.0,0.5882980611497572,0.996268656716418,0.8969857594324065,0.016,1.0,1.0,0.6853146853146853,0.8445352153532723,0.9728395061728394,0,0.0,0,0.0,0,0.08791809469715334,0,0.18062323452793758,0,0.09762708420744512,0,0.07,tested_positive,6,0.9273052644279106
710,0.6,0.9923076923076923,0.7246376811594203,0.6666666666666666,0.46153846153846156,0.7026664442683158,0.7026664442683158,0.0,0.5659722222222222,0.0,0.4742563680396089,0.994,0.7998097299647012,0.0,0.996,1.0,0.6950354609929077,0.8275449137610215,0.9802371541501977,1,0.8,0,0.0,0,0.04958241145832766,1,0.5165318533878585,1,0.5650884083665979,0,0.42,tested_negative,3,0.6081328877978693
711,0.4,0.9538461538461538,0.3988439306358381,1.0,1.0,0.2307169601241228,0.2307169601241228,0.0,0.5659722222222222,1.0,0.5380373524584025,0.998,0.8621553641504291,0.0037313432835820895,0.998,1.0,0.680073126142596,0.8597654987250671,0.9836909871244636,1,0.6,0,0.0,1,0.8114892981442682,1,0.6451767234403192,1,0.5167632084910141,0,0.43,tested_negative,2,0.4994284616540664
712,0.6,0.9538461538461538,0.2753623188405797,0.6666666666666666,0.6153846153846154,0.364507615153182,0.364507615153182,0.46399999999999997,0.7673611111111112,1.0,0.5239992420934532,0.996268656716418,0.8059285385902151,0.002,0.9888059701492538,1.0,0.6666666666666666,0.8275036271056607,0.957983193277311,1,0.6,0,0.0,1,0.702045547215493,1,0.7637266074296268,1,0.7044465784290006,1,0.65,tested_positive,1,0.4299635444876466
713,0.1,0.9076923076923077,0.3157894736842105,0.6666666666666666,0.3076923076923077,0.2334651517229348,0.2334651517229348,0.0,0.5659722222222222,0.0,0.367049340598379,0.98,0.7897279884779269,0.0,0.988,1.0,0.6666666666666666,0.827076731946413,0.9913043478260869,1,1.0,1,1.0,1,0.8399904602847631,1,0.8644249550910352,1,0.8704458415720068,1,0.88,tested_negative,0,0.09085645717536595
714,0.3,0.9384615384615385,0.3988439306358381,1.0,0.6153846153846154,0.1325256173449072,0.1325256173449072,0.0,0.5659722222222222,0.3333333333333333,0.4615391450791627,0.996,0.9151048018997415,0.0037313432835820895,0.988,1.0,0.6666666666666666,0.8020804564291472,0.9853826311263972,1,0.8,1,1.0,1,0.9637063130729235,1,0.9034946475185962,1,0.8570834524498703,1,0.64,tested_negative,0,0.1392859311597684
715,0.2,0.6461538461538461,0.2753623188405797,0.6666666666666666,0.46153846153846156,0.245974356472075,0.245974356472075,0.46399999999999997,0.7673611111111112,0.0,0.4546636817773573,0.9925373134328358,0.7502938494547732,0.0,0.996268656716418,1.0,0.6900175131348512,0.8876898851706536,0.9738219895287958,1,0.8,1,1.0,1,0.9993937539657677,1,0.9168465950325522,1,0.7585676287537108,1,0.81,tested_positive,0,0.11919867037466148
716,0.0,0.6461538461538461,0.2753623188405797,0.6666666666666666,0.46153846153846156,0.27442878882542776,0.27442878882542776,0.46399999999999997,0.7673611111111112,0.0,0.33979946689991436,0.9552238805970149,0.7716082071208409,0.0,0.9888059701492538,1.0,0.725598526703499,0.8274533135163309,0.9175340272217775,1,0.8,1,1.0,1,0.9198170795365543,1,0.7541409826372576,1,0.9217528384065297,1,0.92,tested_positive,0,0.11404818323660981
717,0.2,0.7076923076923076,0.04878048780487809,1.0,0.3076923076923077,0.2693004329691262,0.2693004329691262,0.0,0.5659722222222222,0.0,0.4832007931443566,0.992,0.8375973233169977,0.0037313432835820895,0.992,1.0,0.6666666666666666,0.8336959162366567,0.977667493796526,1,1.0,1,1.0,1,0.7151156754938318,1,0.7620025760910984,1,0.8974809749618332,1,0.87,tested_negative,0,0.1259001289088727
718,0.1,0.676923076923077,0.08487084870848705,0.6666666666666666,0.5384615384615384,0.1957389981231047,0.1957389981231047,0.0,0.5659722222222222,0.0,0.47025636705754914,0.986,0.8532916468423084,0.0,0.992,1.0,0.6950354609929077,0.8175586421788993,0.9743589743589742,1,1.0,1,1.0,1,0.8346391765208714,1,0.7954030933397804,1,0.7834882765795027,1,0.76,tested_negative,0,0.13774490892664104
719,0.9,0.9923076923076923,0.6011560693641618,1.0,0.7692307692307693,0.772098965706427,0.772098965706427,0.46399999999999997,0.7673611111111112,1.0,0.6356994720841969,0.996268656716418,0.8959813797068695,0.006,1.0,1.0,0.6666666666666666,0.8586885176503899,0.9924433249370277,0,0.0,0,0.0,0,0.15276120365637283,0,0.23221041967173256,0,0.13468822696356092,0,0.12,tested_positive,6,0.893390024951389
720,0.1,0.7846153846153846,0.3988439306358381,1.0,0.6153846153846154,0.12932422373209262,0.12932422373209262,0.0,0.5659722222222222,0.0,0.4144140898229154,0.98,0.8180512582117451,0.0,0.996,1.0,0.6666666666666666,0.8236015261802043,0.9887834339948232,1,1.0,1,1.0,1,0.9517845716842979,1,0.9256804370844418,1,0.8913853173025648,1,0.71,tested_negative,0,0.08685827898811593
721,0.0,0.676923076923077,0.08487084870848705,0.6666666666666666,0.5384615384615384,0.19260808198079382,0.19260808198079382,0.0,0.5659722222222222,0.0,0.43001686589738086,0.97,0.8345225243816934,0.0,0.984,1.0,0.6666666666666666,0.814008429020962,0.9270588235294118,1,1.0,1,1.0,1,0.873667509924312,1,0.8011477026251725,1,0.8701736971050797,1,0.87,tested_negative,0,0.09750184839090592
722,0.3,0.9538461538461538,0.6842105263157895,0.6666666666666666,0.6923076923076923,0.6577880822432518,0.6577880822432518,0.46399999999999997,0.7673611111111112,1.0,0.5391874638067018,0.996268656716418,0.8521195108996693,0.004,0.9925373134328358,1.0,0.7027027027027026,0.8489309119950641,0.9887834339948232,1,0.6,0,0.0,0,0.30553221308389245,0,0.3181469073731695,1,0.506835071076714,0,0.41,tested_positive,4,0.6432476347443707
723,0.3,0.8923076923076922,0.3988439306358381,1.0,0.8461538461538461,0.3475928114332576,0.3475928114332576,0.0,0.5659722222222222,0.0,0.40752276820454525,0.996,0.82873815739713,0.0,0.996,1.0,0.7006409254337971,0.852942926804175,1.0,1,0.6,1,1.0,1,0.66004875222932,1,0.597238714182847,1,0.6263813966817524,1,0.63,tested_negative,0,0.31438852281768004
724,0.7,0.9923076923076923,0.3988439306358381,1.0,0.6923076923076923,0.21183879726720867,0.21183879726720867,0.0,0.5659722222222222,0.5,0.3670798973748074,0.996,0.8859081669163914,0.011194029850746268,0.998,1.0,0.6666666666666666,0.7946778263234249,0.98989898989899,0,0.2,0,0.0,1,0.8355337304512519,1,0.8577602091628364,1,0.5972259918038338,1,0.53,tested_negative,2,0.49658001143034625
725,0.3,0.8923076923076922,0.3988439306358381,1.0,0.8461538461538461,0.2775152054684571,0.2775152054684571,0.0,0.5659722222222222,0.0,0.34243711741450533,0.99,0.8304490358526891,0.0,0.994,1.0,0.6666666666666666,0.8186857068997094,0.9358669833729216,1,0.8,0,0.0,1,0.7431897690405109,1,0.6197847258852448,1,0.7318740166358085,1,0.61,tested_negative,1,0.41585858140640597
726,0.2,0.676923076923077,0.08487084870848705,0.6666666666666666,0.5384615384615384,0.19886983481312215,0.19886983481312215,0.0,0.5659722222222222,0.0,0.26985040157324436,0.988,0.8607221417597084,0.0,0.978,1.0,0.7027027027027026,0.8240974082820453,0.9836065573770493,1,1.0,1,1.0,1,0.8630772118351694,1,0.7968648863027006,1,0.8254914545621468,1,0.91,tested_negative,0,0.10076107454999716
727,0.1,0.8846153846153846,0.7246376811594203,0.6666666666666666,0.6923076923076923,0.19924150746904978,0.19924150746904978,0.0,0.5659722222222222,0.0,0.44108984199797663,0.982,0.8241768765834623,0.0037313432835820895,0.994,1.0,0.6666666666666666,0.7824052406474342,0.9385749385749387,1,1.0,0,0.0,1,0.8728291218325823,1,0.7359037669061101,1,0.7572312719222112,1,0.53,tested_negative,1,0.3506726398898494
728,0.3,0.9769230769230769,0.3157894736842105,0.6666666666666666,0.3076923076923077,0.333751742853977,0.333751742853977,0.0,0.5659722222222222,0.0,0.4303996957628149,0.994,0.8437789093142642,0.0,0.998,1.0,0.6666666666666666,0.7356023583563015,0.908802537668517,1,0.8,1,1.0,1,0.686822989157994,1,0.6243229157090924,1,0.6050940970903401,0,0.49,tested_negative,1,0.2989599996737623
729,0.1,0.0,0.08487084870848705,0.6666666666666666,0.46153846153846156,0.11718479989025243,0.11718479989025243,0.0,0.5659722222222222,0.0,0.3795020579074667,0.984,0.8927425211573702,0.0,0.964,1.0,0.6666666666666666,0.7913450106046925,0.9753191489361701,1,1.0,1,1.0,1,0.9756124856397483,1,0.9098287473411515,1,0.8528315812391304,1,0.95,tested_negative,0,0.05195453096332825
730,0.8,0.9923076923076923,0.6842105263157895,0.6666666666666666,0.46153846153846156,0.8242539469311924,0.8242539469311924,0.46399999999999997,0.7673611111111112,1.0,0.5085356621503822,0.996268656716418,0.8411335215619218,0.01,1.0,1.0,0.7167759475451783,0.8287241861963288,0.9956559513466552,1,0.6,0,0.0,0,0.11165251457588345,0,0.2480452092802081,0,0.28498407087985833,0,0.43,tested_positive,5,0.7208863675440084
731,0.6,1.0,0.915129151291513,0.6666666666666666,0.38461538461538464,0.8129600952970832,0.8129600952970832,0.46399999999999997,0.7673611111111112,0.0,0.49777006958641845,0.9925373134328358,0.8646131291510597,0.0,1.0,1.0,0.6666666666666666,0.787825681118784,0.9956559513466552,0,0.4,0,0.0,0,0.11513069547150341,0,0.2161058252663205,0,0.11022125832758123,0,0.36,tested_positive,6,0.7997570368224325
732,0.4,0.6461538461538461,0.2753623188405797,0.6666666666666666,0.46153846153846156,0.29905270844019904,0.29905270844019904,0.46399999999999997,0.7673611111111112,0.0,0.45026203477055304,0.9925373134328358,0.816029268558907,0.0,0.996268656716418,1.0,0.6950354609929077,0.7715281883409072,0.8955223880597015,1,0.6,1,1.0,1,0.8714124158696461,1,0.8342336588097505,1,0.8062687328459971,1,0.81,tested_positive,0,0.17968086541243444
733,0.0,0.0,0.08487084870848705,0.6666666666666666,0.46153846153846156,0.12899960525396348,0.12899960525396348,0.0,0.5659722222222222,0.0,0.40034867195295554,0.974,0.8468978139696464,0.0,0.964,1.0,0.6758620689655173,0.8553983677409437,0.9939288811795316,1,1.0,1,1.0,1,0.9571179570838328,1,0.8750123457207515,1,0.8995876647406476,1,0.94,tested_negative,0,0.054713672075794584
734,0.6,0.7076923076923076,0.04878048780487809,1.0,0.3076923076923077,0.14666747202948027,0.14666747202948027,0.0,0.5659722222222222,0.6666666666666666,0.6032231023515545,0.998,0.9202772846530757,0.007462686567164179,0.996,1.0,0.6666666666666666,0.808164262527649,0.9680589680589681,0,0.4,1,1.0,1,0.958358249406686,1,0.9062899772452322,1,0.8324394112434506,1,0.78,tested_negative,1,0.1871520603507718
735,0.1,0.8846153846153846,0.08487084870848705,0.6666666666666666,0.6923076923076923,0.14185875029424677,0.14185875029424677,0.0,0.5659722222222222,0.0,0.3833352198383114,0.98,0.8405403710296167,0.0,0.98,1.0,0.6666666666666666,0.846177701951038,0.9825436408977556,1,1.0,1,1.0,1,0.9423612085714135,1,0.8161328398779992,1,0.8729803658364101,1,0.85,tested_negative,0,0.08642093095236303
736,0.0,0.0,0.08487084870848705,0.6666666666666666,0.46153846153846156,0.14490594653948008,0.14490594653948008,0.0,0.5659722222222222,0.0,0.32267755891070027,0.956,0.8026949749109482,0.0,0.986,1.0,0.6666666666666666,0.8062168584327176,0.9786507258753201,1,1.0,1,1.0,1,0.9361732486710814,1,0.8668156815084008,1,0.8868979384881917,1,0.94,tested_negative,0,0.06168552188872101
737,0.1,0.7846153846153846,0.3988439306358381,1.0,0.6153846153846154,0.19449239500066662,0.19449239500066662,0.0,0.5659722222222222,0.0,0.41431115325719126,0.986,0.8212878742938172,0.0,0.992,1.0,0.6666666666666666,0.8577097032492503,0.9447650453421269,1,1.0,1,1.0,1,0.8878367927193229,1,0.9031276816630461,1,0.8517053806516053,1,0.82,tested_negative,0,0.08955502416100425
738,0.1,0.676923076923077,0.08487084870848705,0.6666666666666666,0.5384615384615384,0.13667983127285432,0.13667983127285432,0.0,0.5659722222222222,0.0,0.3622205163370742,0.992,0.8589571813744741,0.0,0.982,1.0,0.6666666666666666,0.8259431327293042,0.9974683544303797,1,1.0,1,1.0,1,0.9528269822930031,1,0.8392427003092198,1,0.9089916786584051,1,0.86,tested_negative,0,0.07315643978989517
739,0.6,1.0,0.6011560693641618,1.0,0.6923076923076923,0.8094407999483486,0.8094407999483486,0.46399999999999997,0.7673611111111112,1.0,0.5230263359666214,0.996268656716418,0.860621812950455,0.004,0.996268656716418,1.0,0.6666666666666666,0.7966122443644339,0.9825436408977556,1,0.6,1,1.0,0,0.10803849087777063,0,0.21048006854798698,0,0.29832519823479003,0,0.2,tested_positive,4,0.5971927070565752
740,0.2,0.9076923076923077,0.6011560693641618,1.0,0.46153846153846156,0.27285225027311055,0.27285225027311055,0.46399999999999997,0.7673611111111112,0.0,0.4388241306014653,0.9888059701492538,0.7829417485003862,0.0,0.9850746268656716,1.0,0.7428571428571428,0.842801268694988,0.9514563106796117,1,0.8,1,1.0,1,0.939759323763002,1,0.8009962984183394,1,0.850074631689844,1,0.73,tested_positive,0,0.14652829102146914
741,0.1,0.0,0.08487084870848705,0.6666666666666666,0.46153846153846156,0.13003869085228736,0.13003869085228736,0.0,0.5659722222222222,0.0,0.4234212826913031,0.992,0.8646801920056038,0.0,0.982,1.0,0.7153284671532846,0.8334032022456858,0.9825436408977556,1,1.0,0,0.0,1,0.9662348248164965,1,0.824912008184669,1,0.8561830809651992,1,0.85,tested_negative,1,0.2504450143389393
742,0.0,0.0,0.08487084870848705,0.6666666666666666,0.46153846153846156,0.12017681935291757,0.12017681935291757,0.0,0.5659722222222222,0.0,0.32084169074047286,0.84,0.8203912442156336,0.0,0.906,1.0,0.6758620689655173,0.8234612178329122,0.9973890339425586,1,1.0,1,1.0,1,0.9764961272135927,1,0.9071590771802387,1,0.9286411919348052,1,1.0,tested_negative,0,0.031283933945227216
743,0.3,0.823076923076923,0.2753623188405797,0.6666666666666666,0.5384615384615384,0.32586509299355626,0.32586509299355626,0.46399999999999997,0.7673611111111112,0.0,0.38020529439008,0.9888059701492538,0.8327087545374546,0.0,0.9888059701492538,1.0,0.6666666666666666,0.8127690509860538,0.98989898989899,0,0.2,1,1.0,1,0.8405219904705722,1,0.7096576572281124,1,0.6929474928764899,1,0.66,tested_positive,1,0.3161454765708043
744,1.0,0.9846153846153847,0.7246376811594203,0.6666666666666666,0.6153846153846154,0.7535380553632441,0.7535380553632441,0.0,0.5659722222222222,1.0,0.6130158478863874,0.998,0.8560012736822264,0.018656716417910446,1.0,1.0,0.6666666666666666,0.8236436793842071,0.9848384970336188,0,0.0,1,1.0,0,0.00500964369022548,0,0.0856451408999801,0,0.07786762499474519,0,0.16,tested_negative,5,0.7785795984025082
745,0.7,0.9769230769230769,0.3988439306358381,1.0,0.7692307692307693,0.5751646217551838,0.5751646217551838,0.0,0.5659722222222222,1.0,0.5139276683854739,0.998,0.864742953820047,0.007462686567164179,1.0,1.0,0.7027027027027026,0.864441859504144,0.9924433249370277,0,0.4,1,1.0,0,0.30122668806134284,1,0.6458088980567561,1,0.6304793364001366,0,0.49,tested_negative,3,0.42208084624696074
746,0.6,0.9769230769230769,0.2753623188405797,0.6666666666666666,0.5384615384615384,0.42083492776555564,0.42083492776555564,0.46399999999999997,0.7673611111111112,0.3333333333333333,0.49320891953474555,0.9925373134328358,0.8645874246867158,0.002,0.996268656716418,1.0,0.6666666666666666,0.7447192525957378,0.8450704225352113,1,0.6,1,1.0,1,0.5529851331785034,1,0.6879806786218735,1,0.6600012881665878,1,0.51,tested_positive,0,0.3315054833388392
747,0.3,0.9846153846153847,0.3988439306358381,1.0,0.5384615384615384,0.4025664898997854,0.4025664898997854,0.0,0.5659722222222222,0.0,0.39476707308225323,0.99,0.7681074143918705,0.0,0.996,1.0,0.7025495750708215,0.8174593940306397,0.9521988527724664,1,0.8,1,1.0,1,0.549036416492739,1,0.6208492984503876,1,0.5724597591809683,1,0.64,tested_negative,0,0.30294242097931756
748,0.3,0.6461538461538461,0.2753623188405797,0.6666666666666666,0.46153846153846156,0.2763485099925399,0.2763485099925399,0.46399999999999997,0.7673611111111112,0.3333333333333333,0.46186999811937846,0.9925373134328358,0.8599142427197217,0.0,0.9813432835820896,1.0,0.6900175131348512,0.8156736652323189,0.8976377952755904,1,0.8,1,1.0,1,0.8609399946738717,1,0.8054141212909273,1,0.8901761372810543,1,0.84,tested_positive,0,0.1339116244590245
749,0.5,0.9230769230769231,0.6842105263157895,0.6666666666666666,0.5384615384615384,0.5044929139989284,0.5044929139989284,0.46399999999999997,0.7673611111111112,0.5,0.5661875075852549,0.996268656716418,0.9263320320730487,0.002,1.0,1.0,0.6666666666666666,0.8176065763441456,0.9629629629629631,0,0.4,1,1.0,1,0.5058242257656196,1,0.5997926764289947,1,0.5278748162286776,1,0.57,tested_positive,1,0.3994180469294514
750,0.6,0.9923076923076923,0.2753623188405797,0.6666666666666666,0.5384615384615384,0.5640128541765335,0.5640128541765335,0.46399999999999997,0.7673611111111112,0.0,0.48805509662008617,0.9925373134328358,0.826037330580541,0.0,0.996268656716418,1.0,0.6666666666666666,0.8164168458407445,0.9883131201764057,1,0.8,0,0.0,0,0.3120656321103173,0,0.46552224530565345,0,0.38295676164496295,0,0.44,tested_positive,5,0.5999092268231776
751,0.0,0.676923076923077,0.08487084870848705,0.6666666666666666,0.5384615384615384,0.21707983241505546,0.21707983241505546,0.0,0.5659722222222222,0.0,0.2858286552449937,0.952,0.8129758380508892,0.0,0.984,1.0,0.7027027027027026,0.7893631585589462,0.89749430523918,1,1.0,1,1.0,1,0.8244240573716818,1,0.6929740701854767,1,0.7843964687156009,1,0.97,tested_negative,0,0.12136756728787346
752,0.1,0.0,0.08487084870848705,0.6666666666666666,0.46153846153846156,0.1193652611593895,0.1193652611593895,0.0,0.5659722222222222,0.25,0.42147923802380327,0.992,0.9009058309833993,0.0,0.9299999999999999,1.0,0.6666666666666666,0.8288759815073315,0.957983193277311,1,1.0,1,1.0,1,0.9728457378564597,1,0.8829995601955876,1,0.8716312662224177,1,0.92,tested_negative,0,0.05875390595425589
753,0.8,0.9692307692307692,0.2753623188405797,0.6666666666666666,0.6923076923076923,0.24546775428873757,0.24546775428873757,0.46399999999999997,0.7673611111111112,1.0,0.5101400363310911,0.996268656716418,0.8318360231891075,0.002,1.0,1.0,0.6666666666666666,0.7522640197343581,0.8435374149659863,0,0.2,1,1.0,1,0.9954283190021298,1,0.5653795932199597,0,0.24723503160086477,0,0.43,tested_positive,3,0.4269928426961742
754,0.4,0.823076923076923,0.2753623188405797,0.6666666666666666,0.5384615384615384,0.355975859072283,0.355975859072283,0.46399999999999997,0.7673611111111112,0.5,0.5448116141438215,0.996268656716418,0.8650972073113874,0.002,0.9813432835820896,1.0,0.6666666666666666,0.8536827147721613,0.98989898989899,1,0.8,1,1.0,1,0.7542546949199476,1,0.7488541794272985,1,0.8457706747506565,1,0.74,tested_positive,0,0.18518674181701622
755,0.3,0.823076923076923,0.2753623188405797,0.6666666666666666,0.5384615384615384,0.41196518870616117,0.41196518870616117,0.46399999999999997,0.7673611111111112,0.3333333333333333,0.47661350132858016,0.9888059701492538,0.8414607801780416,0.004,0.9925373134328358,1.0,0.7027027027027026,0.8295193087638408,0.9366771159874608,1,0.6,1,1.0,1,0.6993905201682099,0,0.45308963802946806,1,0.5489614674120823,1,0.61,tested_positive,1,0.34809306239837323
756,0.6,0.9692307692307692,0.7246376811594203,0.6666666666666666,0.6153846153846154,0.5195030910560001,0.5195030910560001,0.0,0.5659722222222222,0.5,0.482476494532713,0.996,0.8367151554527547,0.007462686567164179,0.998,1.0,0.6666666666666666,0.8308860431202348,0.9629629629629631,1,0.6,1,1.0,0,0.4336267973750988,0,0.4805534007965442,0,0.3682830622844409,1,0.58,tested_negative,3,0.4229227899239859
757,0.4,0.9461538461538461,0.6011560693641618,1.0,0.6153846153846154,0.7253236217111345,0.7253236217111345,0.46399999999999997,0.7673611111111112,0.0,0.45472030039177624,0.9850746268656716,0.8359530634238648,0.0,0.996268656716418,1.0,0.6666666666666666,0.7800486352224857,0.8893905191873589,1,0.8,1,1.0,0,0.18843321091376353,0,0.30840908970346315,0,0.3967144479056964,1,0.56,tested_positive,3,0.4577405419128462
758,0.3,0.8846153846153846,0.08487084870848705,0.6666666666666666,0.6923076923076923,0.1448315355706694,0.1448315355706694,0.0,0.5659722222222222,0.3333333333333333,0.3155733238577708,0.996,0.9185730376511427,0.0,0.984,1.0,0.6666666666666666,0.7658817688335359,0.9633251833740831,1,0.8,1,1.0,1,0.9351707801673551,1,0.8218214141574837,1,0.833214334715833,1,0.81,tested_negative,0,0.13329891182655462
759,0.6,1.0,0.2753623188405797,0.6666666666666666,0.6923076923076923,0.2543946041656384,0.2543946041656384,0.46399999999999997,0.7673611111111112,1.0,0.5453137907512242,0.996268656716418,0.868196430333698,0.0,1.0,1.0,0.6666666666666666,0.7561374939200793,0.9629629629629631,0,0.4,1,1.0,1,0.9516344027719774,1,0.8936172810130891,1,0.7860681307797552,1,0.63,tested_positive,1,0.22311336423919637
760,0.0,0.8692307692307693,0.08487084870848705,0.6666666666666666,0.5384615384615384,0.12102980364343385,0.12102980364343385,0.0,0.5659722222222222,0.0,0.3791159441106543,0.9319999999999999,0.8204658738182821,0.0,0.964,1.0,0.6758620689655173,0.8505055184308236,0.9956559513466552,1,1.0,1,1.0,1,0.9747382258664554,1,0.9017869052449822,1,0.9126747754771376,1,0.96,tested_negative,0,0.041800015568570825
761,0.4,0.6461538461538461,0.2753623188405797,0.6666666666666666,0.46153846153846156,0.2627321397433743,0.2627321397433743,0.46399999999999997,0.7673611111111112,0.0,0.4147299468371579,0.9850746268656716,0.7558195720760048,0.0,0.996268656716418,1.0,0.6666666666666666,0.8210856534541104,0.9836065573770493,1,0.8,1,1.0,1,0.9346291400426078,1,0.9306654524182916,1,0.9261073803524259,1,0.91,tested_positive,0,0.08309967119777906
762,0.3,0.7076923076923076,0.04878048780487809,1.0,0.3076923076923077,0.14045042340593872,0.14045042340593872,0.0,0.5659722222222222,0.0,0.2546467326309144,0.988,0.8529079591939083,0.0,0.994,1.0,0.6666666666666666,0.8076742044193543,0.957983193277311,1,1.0,1,1.0,1,0.919525558957588,1,0.889886483142988,1,0.8466190987138675,1,0.93,tested_negative,0,0.06899480986425954
763,0.4,0.9538461538461538,0.3988439306358381,1.0,0.7692307692307693,0.6456022473348899,0.6456022473348899,0.0,0.5659722222222222,0.0,0.4626854486646669,0.99,0.7342064714405665,0.0037313432835820895,1.0,1.0,0.6835443037974682,0.8184912170819074,0.9874686716791982,1,0.8,1,1.0,0,0.26987417761142707,1,0.7196155793941207,1,0.8067467238464606,1,0.58,tested_negative,1,0.3039605865246653
764,0.1,0.9846153846153847,0.08487084870848705,0.6666666666666666,0.7692307692307693,0.17315265449587347,0.17315265449587347,0.0,0.5659722222222222,0.0,0.44859690823841214,0.99,0.8573936054865338,0.0,0.992,1.0,0.6666666666666666,0.8093830785677006,0.9523809523809523,1,0.8,1,1.0,1,0.9005565843149693,1,0.6887244253583935,1,0.7766233632164637,1,0.79,tested_negative,0,0.17401593785169556
765,0.2,0.7076923076923076,0.04878048780487809,1.0,0.3076923076923077,0.14925846411788135,0.14925846411788135,0.0,0.5659722222222222,0.4,0.49502447166835717,0.996,0.862074669877025,0.0037313432835820895,0.992,1.0,0.6993290684974255,0.8415425013900879,0.9589958158995816,1,0.8,1,1.0,1,0.9322726626774603,1,0.8296870715112166,1,0.884009372810274,1,0.78,tested_negative,0,0.1290051488335081
766,0.3,0.9461538461538461,0.6011560693641618,1.0,0.6153846153846154,0.7962538912210997,0.7962538912210997,0.46399999999999997,0.7673611111111112,0.0,0.4480062574495913,0.9850746268656716,0.8357802838547874,0.0,0.996268656716418,1.0,0.6666666666666666,0.8195379255347287,0.9753191489361701,1,1.0,1,1.0,0,0.15495980760369474,0,0.2914586473859809,0,0.4473023205063255,1,0.57,tested_positive,3,0.4227132040839998
767,0.0,0.0,0.08487084870848705,0.6666666666666666,0.46153846153846156,0.11900640294953635,0.11900640294953635,0.0,0.5659722222222222,0.0,0.3546597999908859,0.962,0.869792748733615,0.0,0.91,1.0,0.6666666666666666,0.8242598217726914,0.9836065573770493,1,1.0,1,1.0,1,0.976411176132249,1,0.9252804646727986,1,0.8915524227223474,1,0.97,tested_negative,0,0.03945932274543418
